<?xml version='1.0' encoding='UTF-8'?>
<hotspot_log version='160 1' process='22734' time_ms='1783300873617'>
<vm_version>
<name>
OpenJDK 64-Bit Server VM
</name>
<release>
25.512-b00-fastdebug
</release>
<info>
OpenJDK 64-Bit Server VM (25.512-b00-fastdebug) for bsd-amd64 JRE (1.8.0_512-internal-xiezhaokun_2026_07_04_16_29-b00), built on Jul  4 2026 18:13:54 by &quot;xiezhaokun&quot; with gcc Apple LLVM 16.0.0 (clang-1600.0.26.6)
</info>
</vm_version>
<vm_arguments>
<args>
-Xbatch -XX:CompileThreshold=20 -XX:BackEdgeThreshold=30 -XX:-TieredCompilation -XX:CICompilerCount=1 -XX:+UnlockDiagnosticVMOptions -XX:CompileCommand=quiet -XX:+StressGCM -XX:+StressLCM -XX:+StressReflectiveCode -XX:+TraceDeoptimization -Drepro.iterations=90000 -Drepro.seconds=0 -Drepro.clearCacheEvery=97 -Drepro.deoptAfter=22000 -Drepro.target=osr 
</args>
<command>
repro.ResolvableTypeC2Repro
</command>
<launcher>
SUN_STANDARD
</launcher>
<properties>
java.vm.specification.name=Java Virtual Machine Specification
java.vm.version=25.512-b00-fastdebug
java.vm.name=OpenJDK 64-Bit Server VM
java.vm.info=mixed mode, sharing
java.ext.dirs=/Users/xiezhaokun/Library/Java/Extensions:/Users/xiezhaokun/workspace/jdk8u-dev/build/codex-fastdebug-x86_64/jdk/lib/ext:/Library/Java/Extensions:/Network/Library/Java/Extensions:/System/Library/Java/Extensions:/usr/lib/java
java.endorsed.dirs=/Users/xiezhaokun/workspace/jdk8u-dev/build/codex-fastdebug-x86_64/jdk/lib/endorsed
sun.boot.library.path=/Users/xiezhaokun/workspace/jdk8u-dev/build/codex-fastdebug-x86_64/jdk/lib
java.library.path=/Users/xiezhaokun/Library/Java/Extensions:/Library/Java/Extensions:/Network/Library/Java/Extensions:/System/Library/Java/Extensions:/usr/lib/java:.
java.home=/Users/xiezhaokun/workspace/jdk8u-dev/build/codex-fastdebug-x86_64/jdk
java.class.path=/Users/xiezhaokun/workspace/jdk8u-dev/repro/spring-resolvabletype-c2/target/classes:/Users/xiezhaokun/workspace/jdk8u-dev/repro/spring-resolvabletype-c2/target/dependency/spring-core-5.3.31.jar:/Users/xiezhaokun/workspace/jdk8u-dev/repro/spring-resolvabletype-c2/target/dependency/spring-jcl-5.3.31.jar
sun.boot.class.path=/Users/xiezhaokun/workspace/jdk8u-dev/build/codex-fastdebug-x86_64/jdk/lib/resources.jar:/Users/xiezhaokun/workspace/jdk8u-dev/build/codex-fastdebug-x86_64/jdk/lib/rt.jar:/Users/xiezhaokun/workspace/jdk8u-dev/build/codex-fastdebug-x86_64/jdk/lib/sunrsasign.jar:/Users/xiezhaokun/workspace/jdk8u-dev/build/codex-fastdebug-x86_64/jdk/lib/jsse.jar:/Users/xiezhaokun/workspace/jdk8u-dev/build/codex-fastdebug-x86_64/jdk/lib/jce.jar:/Users/xiezhaokun/workspace/jdk8u-dev/build/codex-fastdebug-x86_64/jdk/lib/charsets.jar:/Users/xiezhaokun/workspace/jdk8u-dev/build/codex-fastdebug-x86_64/jdk/lib/jfr.jar:/Users/xiezhaokun/workspace/jdk8u-dev/build/codex-fastdebug-x86_64/jdk/classes
java.vm.specification.vendor=Oracle Corporation
java.vm.specification.version=1.8
java.vm.vendor=Oracle Corporation
repro.iterations=90000
repro.seconds=0
repro.clearCacheEvery=97
repro.deoptAfter=22000
repro.target=osr
sun.java.command=repro.ResolvableTypeC2Repro
sun.java.launcher=SUN_STANDARD
</properties>
</vm_arguments>
<tty>
<blob name='MethodHandlesAdapterBlob' size='182000'>
<sect index='1' size='182000' free='177710'/>
</blob>
<writer thread='10243'/>
<uncommon_trap thread='10243' reason='uninitialized' action='reinterpret' compile_id='37' compiler='C2' stamp='0.798'>
Uncommon trap occurred in java.io.ObjectStreamField::getClassSignature (@0x00000001154c5178) thread=10243 reason=uninitialized action=reinterpret unloaded_class_index=-1
<jvms bci='123' method='java/io/ObjectStreamField getClassSignature (Ljava/lang/Class;)Ljava/lang/String;' bytes='242' count='10' backedge_count='3' iicount='18'/>
</uncommon_trap>
DEOPT PACKING thread 0x00007fbf1d009000 Compiled frame (sp=0x000000030e00f060 unextended sp=0x000000030e00f060, fp=0x0000000010200031, real_fp=0x000000030e00f130, pc=0x00000001154c5178)
     nmethod    798   37             java.io.ObjectStreamField::getClassSignature (242 bytes)

     Virtual frames (innermost first):
        0 - frame( sp=0x000000030e00f060, unextended_sp=0x000000030e00f060, fp=0x0000000010200031, pc=0x00000001154c5178)
java.io.ObjectStreamField.getClassSignature(ObjectStreamField.java:310) - getstatic @ bci 123 
     Created vframeArray 0x00007fbf1d03ac20
DEOPT UNPACKING thread 0x00007fbf1d009000 vframeArray 0x00007fbf1d03ac20 mode 2
     {method} {0x000000011c3e8eb8} &apos;getClassSignature&apos; &apos;(Ljava/lang/Class;)Ljava/lang/String;&apos; in &apos;java/io/ObjectStreamField&apos; - getstatic @ bci 123 sp = 0x000000030e00f0d0
<uncommon_trap thread='10243' reason='unstable_if' action='reinterpret' compile_id='5' compiler='C2' stamp='0.860'>
Uncommon trap occurred in java.lang.String::equals (@0x000000011547f2b4) thread=10243 reason=unstable_if action=reinterpret unloaded_class_index=-1
<jvms bci='66' method='java/lang/String equals (Ljava/lang/Object;)Z' bytes='81' count='10' backedge_count='10' iicount='251'/>
</uncommon_trap>
DEOPT PACKING thread 0x00007fbf1d009000 Compiled frame (sp=0x000000030e00df20 unextended sp=0x000000030e00df20, fp=0x0000000000000031, real_fp=0x000000030e00df60, pc=0x000000011547f2b4)
     nmethod    860    5             java.lang.String::equals (81 bytes)

     Virtual frames (innermost first):
        0 - frame( sp=0x000000030e00df20, unextended_sp=0x000000030e00df20, fp=0x0000000000000031, pc=0x000000011547f2b4)
java.lang.String.equals(String.java:988) - if_icmpeq @ bci 66 
     Created vframeArray 0x00007fbf1d832420
DEOPT UNPACKING thread 0x00007fbf1d009000 vframeArray 0x00007fbf1d832420 mode 2
     {method} {0x000000011c31a488} &apos;equals&apos; &apos;(Ljava/lang/Object;)Z&apos; in &apos;java/lang/String&apos; - if_icmpeq @ bci 66 sp = 0x000000030e00ded8
<dependency_failed type='abstract_with_unique_concrete_subtype' ctxk='java/nio/ByteBuffer' x='java/nio/HeapByteBuffer' witness='java/nio/DirectByteBuffer' stamp='0.961'/>
<uncommon_trap thread='10243' reason='unstable_if' action='reinterpret' compile_id='26' compiler='C2' stamp='1.299'>
Uncommon trap occurred in java.lang.String::replace (@0x00000001154b5408) thread=10243 reason=unstable_if action=reinterpret unloaded_class_index=-1
<jvms bci='26' method='java/lang/String replace (CC)Ljava/lang/String;' bytes='127' count='10' backedge_count='37' iicount='12'/>
</uncommon_trap>
DEOPT PACKING thread 0x00007fbf1d009000 Compiled frame (sp=0x000000030e010640 unextended sp=0x000000030e010640, fp=0x0000000000000005, real_fp=0x000000030e0106b0, pc=0x00000001154b5408)
     nmethod   1298   26             java.lang.String::replace (127 bytes)

     Virtual frames (innermost first):
        0 - frame( sp=0x000000030e010640, unextended_sp=0x000000030e010640, fp=0x0000000000000005, pc=0x00000001154b5408)
java.lang.String.replace(String.java:2072) - if_icmpge @ bci 26 
     Created vframeArray 0x00007fbf1b849e20
DEOPT UNPACKING thread 0x00007fbf1d009000 vframeArray 0x00007fbf1b849e20 mode 2
     {method} {0x000000011c31c7c8} &apos;replace&apos; &apos;(CC)Ljava/lang/String;&apos; in &apos;java/lang/String&apos; - if_icmpge @ bci 26 sp = 0x000000030e010628
<uncommon_trap thread='10243' reason='loop_limit_check' action='maybe_recompile' compile_id='57' compiler='C2' stamp='1.396'>
Uncommon trap occurred in java.lang.String::equals (@0x00000001154cb380) thread=10243 reason=loop_limit_check action=maybe_recompile unloaded_class_index=-1
<jvms bci='56' method='java/lang/String equals (Ljava/lang/Object;)Z' bytes='81' count='4' backedge_count='20' iicount='254' decompiles='1' unstable_if_traps='1'/>
</uncommon_trap>
DEOPT PACKING thread 0x00007fbf1d009000 Compiled frame (sp=0x000000030e00ff40 unextended sp=0x000000030e00ff40, fp=0x0000000000000000, real_fp=0x000000030e00ff80, pc=0x00000001154cb380)
     nmethod   1395   57             java.lang.String::equals (81 bytes)

     Virtual frames (innermost first):
        0 - frame( sp=0x000000030e00ff40, unextended_sp=0x000000030e00ff40, fp=0x0000000000000000, pc=0x00000001154cb380)
java.lang.String.equals(String.java:988) - aload @ bci 56 
     Created vframeArray 0x00007fbf1b86be20
DEOPT UNPACKING thread 0x00007fbf1d009000 vframeArray 0x00007fbf1b86be20 mode 2
     {method} {0x000000011c31a488} &apos;equals&apos; &apos;(Ljava/lang/Object;)Z&apos; in &apos;java/lang/String&apos; - aload @ bci 56 sp = 0x000000030e00ff08
<uncommon_trap thread='10243' reason='predicate' action='maybe_recompile' compile_id='126' compiler='C2' stamp='1.521'>
Uncommon trap occurred in sun.net.www.ParseUtil::encodePath (@0x00000001154e6dc4) thread=10243 reason=predicate action=maybe_recompile unloaded_class_index=-1
<jvms bci='36' method='sun/net/www/ParseUtil encodePath (Ljava/lang/String;Z)Ljava/lang/String;' bytes='336' count='7' backedge_count='43' iicount='7'/>
</uncommon_trap>
DEOPT PACKING thread 0x00007fbf1d009000 Compiled frame (sp=0x000000030e00f5f0 unextended sp=0x000000030e00f5f0, fp=0x0000000000000000, real_fp=0x000000030e00f650, pc=0x00000001154e6dc4)
     nmethod   1521  126             sun.net.www.ParseUtil::encodePath (336 bytes)

     Virtual frames (innermost first):
        0 - frame( sp=0x000000030e00f5f0, unextended_sp=0x000000030e00f5f0, fp=0x0000000000000000, pc=0x00000001154e6dc4)
sun.net.www.ParseUtil.encodePath(ParseUtil.java:111) - aload @ bci 36 
     Created vframeArray 0x00007fbf1d04fe20
DEOPT UNPACKING thread 0x00007fbf1d009000 vframeArray 0x00007fbf1d04fe20 mode 2
     {method} {0x000000011c4fde80} &apos;encodePath&apos; &apos;(Ljava/lang/String;Z)Ljava/lang/String;&apos; in &apos;sun/net/www/ParseUtil&apos; - aload @ bci 36 sp = 0x000000030e00f5c0
<uncommon_trap thread='10243' reason='class_check' action='maybe_recompile' compile_id='121' compiler='C2' stamp='1.529'>
Uncommon trap occurred in java.util.HashMap::getNode (@0x00000001154e5538) thread=10243 reason=class_check action=maybe_recompile unloaded_class_index=-1
<jvms bci='59' method='java/util/HashMap getNode (ILjava/lang/Object;)Ljava/util/HashMap$Node;' bytes='148' count='10' backedge_count='1' iicount='38'/>
</uncommon_trap>
DEOPT PACKING thread 0x00007fbf1d009000 Compiled frame (sp=0x000000030e00f4a0 unextended sp=0x000000030e00f4a0, fp=0x0000000001494fe6, real_fp=0x000000030e00f4e0, pc=0x00000001154e5538)
     nmethod   1528  121             java.util.HashMap::getNode (148 bytes)

     Virtual frames (innermost first):
        0 - frame( sp=0x000000030e00f4a0, unextended_sp=0x000000030e00f4a0, fp=0x0000000001494fe6, pc=0x00000001154e5538)
java.util.HashMap.getNode(HashMap.java:573) - invokevirtual @ bci 59 
     Created vframeArray 0x00007fbf1d051220
DEOPT UNPACKING thread 0x00007fbf1d009000 vframeArray 0x00007fbf1d051220 mode 2
     {method} {0x000000011c42b060} &apos;getNode&apos; &apos;(ILjava/lang/Object;)Ljava/util/HashMap$Node;&apos; in &apos;java/util/HashMap&apos; - invokevirtual @ bci 59 sp = 0x000000030e00f440
<uncommon_trap thread='10243' reason='class_check' action='maybe_recompile' compile_id='121' compiler='C2' count='1' state='class_check' stamp='1.587'>
Uncommon trap occurred in java.util.HashMap::getNode (@0x00000001154e5538) thread=10243 reason=class_check action=maybe_recompile unloaded_class_index=-1
<jvms bci='59' method='java/util/HashMap getNode (ILjava/lang/Object;)Ljava/util/HashMap$Node;' bytes='148' count='10' backedge_count='1' iicount='38' class_check_traps='1'/>
</uncommon_trap>
DEOPT PACKING thread 0x00007fbf1d009000 Compiled frame (sp=0x000000030e00cbd0 unextended sp=0x000000030e00cbd0, fp=0x0000000001494fe6, real_fp=0x000000030e00cc10, pc=0x00000001154e5538)
     nmethod   1587  121             java.util.HashMap::getNode (148 bytes)

     Virtual frames (innermost first):
        0 - frame( sp=0x000000030e00cbd0, unextended_sp=0x000000030e00cbd0, fp=0x0000000001494fe6, pc=0x00000001154e5538)
java.util.HashMap.getNode(HashMap.java:573) - invokevirtual @ bci 59 
     Created vframeArray 0x00007fbf1c82bc20
DEOPT UNPACKING thread 0x00007fbf1d009000 vframeArray 0x00007fbf1c82bc20 mode 2
     {method} {0x000000011c42b060} &apos;getNode&apos; &apos;(ILjava/lang/Object;)Ljava/util/HashMap$Node;&apos; in &apos;java/util/HashMap&apos; - invokevirtual @ bci 59 sp = 0x000000030e00cb70
<uncommon_trap thread='10243' reason='class_check' action='maybe_recompile' compile_id='121' compiler='C2' count='2' state='class_check' stamp='1.687'>
Uncommon trap occurred in java.util.HashMap::getNode (@0x00000001154e5538) thread=10243 reason=class_check action=maybe_recompile unloaded_class_index=-1
<jvms bci='59' method='java/util/HashMap getNode (ILjava/lang/Object;)Ljava/util/HashMap$Node;' bytes='148' count='10' backedge_count='1' iicount='38' class_check_traps='2'/>
</uncommon_trap>
DEOPT PACKING thread 0x00007fbf1d009000 Compiled frame (sp=0x000000030e00f4a0 unextended sp=0x000000030e00f4a0, fp=0x0000000001494fe6, real_fp=0x000000030e00f4e0, pc=0x00000001154e5538)
     nmethod   1686  121             java.util.HashMap::getNode (148 bytes)

     Virtual frames (innermost first):
        0 - frame( sp=0x000000030e00f4a0, unextended_sp=0x000000030e00f4a0, fp=0x0000000001494fe6, pc=0x00000001154e5538)
java.util.HashMap.getNode(HashMap.java:573) - invokevirtual @ bci 59 
     Created vframeArray 0x00007fbf1b86be20
DEOPT UNPACKING thread 0x00007fbf1d009000 vframeArray 0x00007fbf1b86be20 mode 2
     {method} {0x000000011c42b060} &apos;getNode&apos; &apos;(ILjava/lang/Object;)Ljava/util/HashMap$Node;&apos; in &apos;java/util/HashMap&apos; - invokevirtual @ bci 59 sp = 0x000000030e00f440
<uncommon_trap thread='10243' reason='unstable_if' action='reinterpret' compile_id='161' compiler='C2' stamp='1.698'>
Uncommon trap occurred in java.util.concurrent.ConcurrentHashMap::addCount (@0x0000000115500d8c) thread=10243 reason=unstable_if action=reinterpret unloaded_class_index=-1
<jvms bci='135' method='java/util/concurrent/ConcurrentHashMap addCount (JI)V' bytes='281' count='11' backedge_count='1' iicount='48'/>
</uncommon_trap>
DEOPT PACKING thread 0x00007fbf1d009000 Compiled frame (sp=0x000000030e010370 unextended sp=0x000000030e010370, fp=0x0000000000000000, real_fp=0x000000030e0103b0, pc=0x0000000115500d8c)
     nmethod   1697  161             java.util.concurrent.ConcurrentHashMap::addCount (281 bytes)

     Virtual frames (innermost first):
        0 - frame( sp=0x000000030e010370, unextended_sp=0x000000030e010370, fp=0x0000000000000000, pc=0x0000000115500d8c)
java.util.concurrent.ConcurrentHashMap.addCount(ConcurrentHashMap.java:2275) - iflt @ bci 135 
     Created vframeArray 0x00007fbf1d051220
DEOPT UNPACKING thread 0x00007fbf1d009000 vframeArray 0x00007fbf1d051220 mode 2
     {method} {0x000000011c51ef90} &apos;addCount&apos; &apos;(JI)V&apos; in &apos;java/util/concurrent/ConcurrentHashMap&apos; - iflt @ bci 135 sp = 0x000000030e0102e8
<dependency_failed type='leaf_type' ctxk='java/util/concurrent/ConcurrentHashMap$Node' witness='java/util/concurrent/ConcurrentHashMap$ForwardingNode' stamp='1.698'/>
DEOPT PACKING thread 0x00007fbf1d009000 Deoptimized frame (sp=0x000000030e0103b0 unextended sp=0x000000030e0103b0, fp=0x0000000000000000, real_fp=0x000000030e010480, pc=0x00000001154b6810)
     nmethod   1702   32   !         java.util.concurrent.ConcurrentHashMap::putVal (362 bytes)

     Virtual frames (innermost first):
        0 - frame( sp=0x000000030e0103b0, unextended_sp=0x000000030e0103b0, fp=0x0000000000000000, pc=0x00000001154b6810)
java.util.concurrent.ConcurrentHashMap.putVal(ConcurrentHashMap.java:1070) - invokespecial @ bci 357 
     Created vframeArray 0x00007fbf1b86be20
DEOPT UNPACKING thread 0x00007fbf1d009000 vframeArray 0x00007fbf1b86be20 mode 0
     {method} {0x000000011c51b908} &apos;putVal&apos; &apos;(Ljava/lang/Object;Ljava/lang/Object;Z)Ljava/lang/Object;&apos; in &apos;java/util/concurrent/ConcurrentHashMap&apos; - invokespecial @ bci 357 sp = 0x000000030e0103a8
<uncommon_trap thread='10243' reason='class_check' action='maybe_recompile' compile_id='121' compiler='C2' count='3' state='class_check' stamp='1.803'>
Uncommon trap occurred in java.util.HashMap::getNode (@0x00000001154e5538) thread=10243 reason=class_check action=maybe_recompile unloaded_class_index=-1
<jvms bci='59' method='java/util/HashMap getNode (ILjava/lang/Object;)Ljava/util/HashMap$Node;' bytes='148' count='10' backedge_count='1' iicount='38' class_check_traps='3'/>
</uncommon_trap>
DEOPT PACKING thread 0x00007fbf1d009000 Compiled frame (sp=0x000000030e00f4a0 unextended sp=0x000000030e00f4a0, fp=0x0000000001494fe6, real_fp=0x000000030e00f4e0, pc=0x00000001154e5538)
     nmethod   1802  121             java.util.HashMap::getNode (148 bytes)

     Virtual frames (innermost first):
        0 - frame( sp=0x000000030e00f4a0, unextended_sp=0x000000030e00f4a0, fp=0x0000000001494fe6, pc=0x00000001154e5538)
java.util.HashMap.getNode(HashMap.java:573) - invokevirtual @ bci 59 
     Created vframeArray 0x00007fbf1d051220
DEOPT UNPACKING thread 0x00007fbf1d009000 vframeArray 0x00007fbf1d051220 mode 2
     {method} {0x000000011c42b060} &apos;getNode&apos; &apos;(ILjava/lang/Object;)Ljava/util/HashMap$Node;&apos; in &apos;java/util/HashMap&apos; - invokevirtual @ bci 59 sp = 0x000000030e00f440
<uncommon_trap thread='10243' reason='class_check' action='maybe_recompile' compile_id='187' compiler='C2' stamp='2.344'>
Uncommon trap occurred in sun.misc.URLClassPath::getLoader (@0x0000000115510c80) thread=10243 reason=class_check action=maybe_recompile unloaded_class_index=-1
<jvms bci='94' method='sun/misc/URLClassPath getLoader (I)Lsun/misc/URLClassPath$Loader;' bytes='243' count='10' backedge_count='4' iicount='16'/>
</uncommon_trap>
DEOPT PACKING thread 0x00007fbf1d009000 Compiled frame (sp=0x000000030e00f7d0 unextended sp=0x000000030e00f7d0, fp=0x00000007955c52b0, real_fp=0x000000030e00f850, pc=0x0000000115510c80)
     nmethod   2343  187  s!         sun.misc.URLClassPath::getLoader (243 bytes)

     Virtual frames (innermost first):
        0 - frame( sp=0x000000030e00f7d0, unextended_sp=0x000000030e00f7d0, fp=0x00000007955c52b0, pc=0x0000000115510c80)
sun.misc.URLClassPath.getLoader(URLClassPath.java:533) - invokevirtual @ bci 94 
     Created vframeArray 0x00007fbf1d84dc20
DEOPT UNPACKING thread 0x00007fbf1d009000 vframeArray 0x00007fbf1d84dc20 mode 2
     {method} {0x000000011c54d868} &apos;getLoader&apos; &apos;(I)Lsun/misc/URLClassPath$Loader;&apos; in &apos;sun/misc/URLClassPath&apos; - invokevirtual @ bci 94 sp = 0x000000030e00f7b8
<uncommon_trap thread='10243' reason='class_check' action='maybe_recompile' compile_id='191' compiler='C2' stamp='2.346'>
Uncommon trap occurred in java.net.URL::&lt;init&gt; (@0x0000000115515fc8) thread=10243 reason=class_check action=maybe_recompile unloaded_class_index=-1
<jvms bci='504' method='java/net/URL &lt;init&gt; (Ljava/net/URL;Ljava/lang/String;Ljava/net/URLStreamHandler;)V' bytes='543' count='7' backedge_count='11' iicount='7'/>
</uncommon_trap>
DEOPT PACKING thread 0x00007fbf1d009000 Compiled frame (sp=0x000000030e00f710 unextended sp=0x000000030e00f710, fp=0x00000007955c54d8, real_fp=0x000000030e00f780, pc=0x0000000115515fc8)
     nmethod   2345  191   !         java.net.URL::&lt;init&gt; (543 bytes)

     Virtual frames (innermost first):
        0 - frame( sp=0x000000030e00f710, unextended_sp=0x000000030e00f710, fp=0x00000007955c54d8, pc=0x0000000115515fc8)
java.net.URL.&lt;init&gt;(URL.java:640) - invokevirtual @ bci 504 
     Created vframeArray 0x00007fbf1d84f020
DEOPT UNPACKING thread 0x00007fbf1d009000 vframeArray 0x00007fbf1d84f020 mode 2
     {method} {0x000000011c3bd008} &apos;&lt;init&gt;&apos; &apos;(Ljava/net/URL;Ljava/lang/String;Ljava/net/URLStreamHandler;)V&apos; in &apos;java/net/URL&apos; - invokevirtual @ bci 504 sp = 0x000000030e00f698
<dependency_failed type='abstract_with_unique_concrete_subtype' ctxk='sun/misc/Resource' x='sun/misc/URLClassPath$FileLoader$1' witness='sun/misc/URLClassPath$JarLoader$2' stamp='2.347'/>
<dependency_failed type='abstract_with_unique_concrete_subtype' ctxk='sun/misc/Resource' x='sun/misc/URLClassPath$FileLoader$1' witness='sun/misc/URLClassPath$JarLoader$2' stamp='2.347'/>
<dependency_failed type='abstract_with_unique_concrete_subtype' ctxk='sun/misc/Resource' x='sun/misc/URLClassPath$FileLoader$1' witness='sun/misc/URLClassPath$JarLoader$2' stamp='2.347'/>
<dependency_failed type='abstract_with_unique_concrete_subtype' ctxk='sun/misc/Resource' x='sun/misc/URLClassPath$FileLoader$1' witness='sun/misc/URLClassPath$JarLoader$2' stamp='2.347'/>
<dependency_failed type='abstract_with_unique_concrete_subtype' ctxk='sun/misc/Resource' x='sun/misc/URLClassPath$FileLoader$1' witness='sun/misc/URLClassPath$JarLoader$2' stamp='2.347'/>
<dependency_failed type='abstract_with_unique_concrete_subtype' ctxk='sun/misc/Resource' x='sun/misc/URLClassPath$FileLoader$1' witness='sun/misc/URLClassPath$JarLoader$2' stamp='2.347'/>
<dependency_failed type='abstract_with_unique_concrete_subtype' ctxk='sun/misc/Resource' x='sun/misc/URLClassPath$FileLoader$1' witness='sun/misc/URLClassPath$JarLoader$2' stamp='2.347'/>
<dependency_failed type='abstract_with_unique_concrete_subtype' ctxk='sun/misc/Resource' x='sun/misc/URLClassPath$FileLoader$1' witness='sun/misc/URLClassPath$JarLoader$2' stamp='2.347'/>
<dependency_failed type='abstract_with_unique_concrete_subtype' ctxk='sun/misc/Resource' x='sun/misc/URLClassPath$FileLoader$1' witness='sun/misc/URLClassPath$JarLoader$2' stamp='2.347'/>
<dependency_failed type='abstract_with_unique_concrete_subtype' ctxk='sun/misc/Resource' x='sun/misc/URLClassPath$FileLoader$1' witness='sun/misc/URLClassPath$JarLoader$2' stamp='2.347'/>
<dependency_failed type='abstract_with_unique_concrete_subtype' ctxk='sun/misc/Resource' x='sun/misc/URLClassPath$FileLoader$1' witness='sun/misc/URLClassPath$JarLoader$2' stamp='2.347'/>
<dependency_failed type='abstract_with_unique_concrete_subtype' ctxk='sun/misc/Resource' x='sun/misc/URLClassPath$FileLoader$1' witness='sun/misc/URLClassPath$JarLoader$2' stamp='2.347'/>
<dependency_failed type='abstract_with_unique_concrete_subtype' ctxk='sun/misc/Resource' x='sun/misc/URLClassPath$FileLoader$1' witness='sun/misc/URLClassPath$JarLoader$2' stamp='2.347'/>
SAVED OOP RESULT 0x0000000795648ac0 in thread 0x00007fbf1d009000
DEOPT PACKING thread 0x00007fbf1d009000 Deoptimized frame (sp=0x000000030e00f850 unextended sp=0x000000030e00f850, fp=0x0000000795644060, real_fp=0x000000030e00f890, pc=0x000000011551e4a8)
     nmethod   2348  221   !         sun.misc.URLClassPath$JarLoader::getResource (85 bytes)

     Virtual frames (innermost first):
        0 - frame( sp=0x000000030e00f850, unextended_sp=0x000000030e00f850, fp=0x0000000795644060, pc=0x000000011551e4a8)
sun.misc.URLClassPath$JarLoader.getResource(URLClassPath.java:1070) - invokevirtual @ bci 54 
     Created vframeArray 0x00007fbf1c819e20
DEOPT UNPACKING thread 0x00007fbf1d009000 vframeArray 0x00007fbf1c819e20 mode 0
     {method} {0x000000011c582888} &apos;getResource&apos; &apos;(Ljava/lang/String;Z)Lsun/misc/Resource;&apos; in &apos;sun/misc/URLClassPath$JarLoader&apos; - invokevirtual @ bci 54 sp = 0x000000030e00f818
SAVED OOP RESULT 0x0000000795648ac0 in thread 0x00007fbf1d009000
DEOPT PACKING thread 0x00007fbf1d009000 Deoptimized frame (sp=0x000000030e00f890 unextended sp=0x000000030e00f890, fp=0x0000000000000001, real_fp=0x000000030e00f8e0, pc=0x000000011550a760)
     nmethod   2348  189             sun.misc.URLClassPath::getResource (83 bytes)

     Virtual frames (innermost first):
        0 - frame( sp=0x000000030e00f890, unextended_sp=0x000000030e00f890, fp=0x0000000000000001, pc=0x000000011550a760)
sun.misc.URLClassPath.getResource(URLClassPath.java:250) - invokevirtual @ bci 62 
     Created vframeArray 0x00007fbf1b873c20
DEOPT UNPACKING thread 0x00007fbf1d009000 vframeArray 0x00007fbf1b873c20 mode 0
     {method} {0x000000011c54c9f8} &apos;getResource&apos; &apos;(Ljava/lang/String;Z)Lsun/misc/Resource;&apos; in &apos;sun/misc/URLClassPath&apos; - invokevirtual @ bci 62 sp = 0x000000030e00f858
SAVED OOP RESULT 0x0000000795648ac0 in thread 0x00007fbf1d009000
DEOPT PACKING thread 0x00007fbf1d009000 Deoptimized frame (sp=0x000000030e00f8e0 unextended sp=0x000000030e00f8e0, fp=0x000000030e00f9a0, real_fp=0x000000030e00f910, pc=0x0000000115524e3c)
     nmethod   2348  236   !         java.net.URLClassLoader$1::run (81 bytes)

     Virtual frames (innermost first):
        0 - frame( sp=0x000000030e00f8e0, unextended_sp=0x000000030e00f8e0, fp=0x000000030e00f9a0, pc=0x0000000115524e3c)
java.net.URLClassLoader$1.run(URLClassLoader.java:366) - invokevirtual @ bci 26 
     Created vframeArray 0x00007fbf1c819e20
DEOPT UNPACKING thread 0x00007fbf1d009000 vframeArray 0x00007fbf1c819e20 mode 0
     {method} {0x000000011c57e8a0} &apos;run&apos; &apos;()Ljava/lang/Class;&apos; in &apos;java/net/URLClassLoader$1&apos; - invokevirtual @ bci 26 sp = 0x000000030e00f8a0
<uncommon_trap thread='10243' reason='class_check' action='maybe_recompile' compile_id='152' compiler='C2' stamp='2.497'>
Uncommon trap occurred in java.util.HashMap::putVal (@0x00000001154f653c) thread=10243 reason=class_check action=maybe_recompile unloaded_class_index=-1
<jvms bci='152' method='java/util/HashMap putVal (ILjava/lang/Object;Ljava/lang/Object;ZZ)Ljava/lang/Object;' bytes='300' count='10' backedge_count='1' iicount='20'/>
</uncommon_trap>
DEOPT PACKING thread 0x00007fbf1d009000 Compiled frame (sp=0x000000030e00f2b0 unextended sp=0x000000030e00f2b0, fp=0x00000000f80039e2, real_fp=0x000000030e00f320, pc=0x00000001154f653c)
     nmethod   2497  152             java.util.HashMap::putVal (300 bytes)

     Virtual frames (innermost first):
        0 - frame( sp=0x000000030e00f2b0, unextended_sp=0x000000030e00f2b0, fp=0x00000000f80039e2, pc=0x00000001154f653c)
java.util.HashMap.putVal(HashMap.java:643) - invokevirtual @ bci 152 
     Created vframeArray 0x00007fbf1d051220
DEOPT UNPACKING thread 0x00007fbf1d009000 vframeArray 0x00007fbf1d051220 mode 2
     {method} {0x000000011c42b4d0} &apos;putVal&apos; &apos;(ILjava/lang/Object;Ljava/lang/Object;ZZ)Ljava/lang/Object;&apos; in &apos;java/util/HashMap&apos; - invokevirtual @ bci 152 sp = 0x000000030e00f238
<uncommon_trap thread='10243' reason='null_check' action='make_not_entrant' compile_id='264' compiler='C2' stamp='2.502'>
Uncommon trap occurred in java.lang.ClassLoader::getPackage (@0x000000011553b024) thread=10243 reason=null_check action=make_not_entrant unloaded_class_index=-1
<jvms bci='15' method='java/lang/ClassLoader getPackage (Ljava/lang/String;)Ljava/lang/Package;' bytes='118' count='10' backedge_count='1' iicount='20'/>
</uncommon_trap>
DEOPT PACKING thread 0x00007fbf1d009000 Compiled frame (sp=0x000000030e00f680 unextended sp=0x000000030e00f680, fp=0x00000007955c4f70, real_fp=0x000000030e00f6d0, pc=0x000000011553b024)
     nmethod   2502  264   !         java.lang.ClassLoader::getPackage (118 bytes)

     Virtual frames (innermost first):
        0 - frame( sp=0x000000030e00f680, unextended_sp=0x000000030e00f680, fp=0x00000007955c4f70, pc=0x000000011553b024)
java.lang.ClassLoader.getPackage(ClassLoader.java:1612) - checkcast @ bci 15 
     Created vframeArray 0x00007fbf1c819e20
DEOPT UNPACKING thread 0x00007fbf1d009000 vframeArray 0x00007fbf1c819e20 mode 2
     {method} {0x000000011c330a58} &apos;getPackage&apos; &apos;(Ljava/lang/String;)Ljava/lang/Package;&apos; in &apos;java/lang/ClassLoader&apos; - checkcast @ bci 15 sp = 0x000000030e00f638
<uncommon_trap thread='10243' reason='bimorphic' action='maybe_recompile' compile_id='244' compiler='C2' state='class_check recompiled' stamp='2.503'>
Uncommon trap occurred in java.util.HashMap::getNode (@0x000000011552b268) thread=10243 reason=bimorphic action=maybe_recompile unloaded_class_index=-1
<jvms bci='59' method='java/util/HashMap getNode (ILjava/lang/Object;)Ljava/util/HashMap$Node;' bytes='148' count='11' backedge_count='1' iicount='48' decompiles='1' class_check_traps='4'/>
</uncommon_trap>
DEOPT PACKING thread 0x00007fbf1d009000 Compiled frame (sp=0x000000030e00f4e0 unextended sp=0x000000030e00f4e0, fp=0x00000000f59c21e1, real_fp=0x000000030e00f530, pc=0x000000011552b268)
     nmethod   2503  244             java.util.HashMap::getNode (148 bytes)

     Virtual frames (innermost first):
        0 - frame( sp=0x000000030e00f4e0, unextended_sp=0x000000030e00f4e0, fp=0x00000000f59c21e1, pc=0x000000011552b268)
java.util.HashMap.getNode(HashMap.java:573) - invokevirtual @ bci 59 
     Created vframeArray 0x00007fbf1d84f820
DEOPT UNPACKING thread 0x00007fbf1d009000 vframeArray 0x00007fbf1d84f820 mode 2
     {method} {0x000000011c42b060} &apos;getNode&apos; &apos;(ILjava/lang/Object;)Ljava/util/HashMap$Node;&apos; in &apos;java/util/HashMap&apos; - invokevirtual @ bci 59 sp = 0x000000030e00f490
<uncommon_trap thread='10243' reason='bimorphic' action='maybe_recompile' compile_id='244' compiler='C2' count='1' state='#15' stamp='2.503'>
Uncommon trap occurred in java.util.HashMap::getNode (@0x000000011552b268) thread=10243 reason=bimorphic action=maybe_recompile unloaded_class_index=-1
<jvms bci='59' method='java/util/HashMap getNode (ILjava/lang/Object;)Ljava/util/HashMap$Node;' bytes='148' count='11' backedge_count='1' iicount='48' decompiles='1' class_check_traps='4' bimorphic_traps='1'/>
</uncommon_trap>
DEOPT PACKING thread 0x00007fbf1d009000 Compiled frame (sp=0x000000030e00f4e0 unextended sp=0x000000030e00f4e0, fp=0x000000006499bd24, real_fp=0x000000030e00f530, pc=0x000000011552b268)
     nmethod   2503  244             java.util.HashMap::getNode (148 bytes)

     Virtual frames (innermost first):
        0 - frame( sp=0x000000030e00f4e0, unextended_sp=0x000000030e00f4e0, fp=0x000000006499bd24, pc=0x000000011552b268)
java.util.HashMap.getNode(HashMap.java:573) - invokevirtual @ bci 59 
     Created vframeArray 0x00007fbf1c819e20
DEOPT UNPACKING thread 0x00007fbf1d009000 vframeArray 0x00007fbf1c819e20 mode 2
     {method} {0x000000011c42b060} &apos;getNode&apos; &apos;(ILjava/lang/Object;)Ljava/util/HashMap$Node;&apos; in &apos;java/util/HashMap&apos; - invokevirtual @ bci 59 sp = 0x000000030e00f490
<uncommon_trap thread='10243' reason='null_check' action='make_not_entrant' compile_id='302' compiler='C2' stamp='2.567'>
Uncommon trap occurred in java.security.SecureClassLoader::getProtectionDomain (@0x000000011550f694) thread=10243 reason=null_check action=make_not_entrant unloaded_class_index=-1
<jvms bci='23' method='java/security/SecureClassLoader getProtectionDomain (Ljava/security/CodeSource;)Ljava/security/ProtectionDomain;' bytes='114' count='10' backedge_count='1' iicount='20'/>
</uncommon_trap>
DEOPT PACKING thread 0x00007fbf1d009000 Compiled frame (sp=0x000000030e00f6d0 unextended sp=0x000000030e00f6d0, fp=0x00000007955c4f70, real_fp=0x000000030e00f710, pc=0x000000011550f694)
     nmethod   2566  302   !         java.security.SecureClassLoader::getProtectionDomain (114 bytes)

     Virtual frames (innermost first):
        0 - frame( sp=0x000000030e00f6d0, unextended_sp=0x000000030e00f6d0, fp=0x00000007955c4f70, pc=0x000000011550f694)
java.security.SecureClassLoader.getProtectionDomain(SecureClassLoader.java:204) - checkcast @ bci 23 
     Created vframeArray 0x00007fbf1b873c20
DEOPT UNPACKING thread 0x00007fbf1d009000 vframeArray 0x00007fbf1b873c20 mode 2
     {method} {0x000000011c342898} &apos;getProtectionDomain&apos; &apos;(Ljava/security/CodeSource;)Ljava/security/ProtectionDomain;&apos; in &apos;java/security/SecureClassLoader&apos; - checkcast @ bci 23 sp = 0x000000030e00f678
<uncommon_trap thread='10243' reason='null_check' action='make_not_entrant' compile_id='305' compiler='C2' stamp='2.576'>
Uncommon trap occurred in java.lang.ClassLoader::checkCerts (@0x000000011554b298) thread=10243 reason=null_check action=make_not_entrant unloaded_class_index=-1
<jvms bci='141' method='java/lang/ClassLoader checkCerts (Ljava/lang/String;Ljava/security/CodeSource;)V' bytes='195' count='10' backedge_count='1' iicount='20'/>
</uncommon_trap>
DEOPT PACKING thread 0x00007fbf1d009000 Compiled frame (sp=0x000000030e00f630 unextended sp=0x000000030e00f630, fp=0x00000007955c4f70, real_fp=0x000000030e00f690, pc=0x000000011554b298)
     nmethod   2575  305   !         java.lang.ClassLoader::checkCerts (195 bytes)

     Virtual frames (innermost first):
        0 - frame( sp=0x000000030e00f630, unextended_sp=0x000000030e00f630, fp=0x00000007955c4f70, pc=0x000000011554b298)
java.lang.ClassLoader.checkCerts(ClassLoader.java:888) - checkcast @ bci 141 
     Created vframeArray 0x00007fbf1c819e20
DEOPT UNPACKING thread 0x00007fbf1d009000 vframeArray 0x00007fbf1c819e20 mode 2
     {method} {0x000000011c32ee28} &apos;checkCerts&apos; &apos;(Ljava/lang/String;Ljava/security/CodeSource;)V&apos; in &apos;java/lang/ClassLoader&apos; - checkcast @ bci 141 sp = 0x000000030e00f5f0
<uncommon_trap thread='10243' reason='class_check' action='maybe_recompile' compile_id='191' compiler='C2' count='1' state='class_check' stamp='2.595'>
Uncommon trap occurred in java.net.URL::&lt;init&gt; (@0x0000000115515fc8) thread=10243 reason=class_check action=maybe_recompile unloaded_class_index=-1
<jvms bci='504' method='java/net/URL &lt;init&gt; (Ljava/net/URL;Ljava/lang/String;Ljava/net/URLStreamHandler;)V' bytes='543' count='3' backedge_count='11' iicount='7' class_check_traps='1'/>
</uncommon_trap>
DEOPT PACKING thread 0x00007fbf1d009000 Compiled frame (sp=0x000000030e00f0d0 unextended sp=0x000000030e00f0d0, fp=0x00000007955c54d8, real_fp=0x000000030e00f140, pc=0x0000000115515fc8)
     nmethod   2594  191   !         java.net.URL::&lt;init&gt; (543 bytes)

     Virtual frames (innermost first):
        0 - frame( sp=0x000000030e00f0d0, unextended_sp=0x000000030e00f0d0, fp=0x00000007955c54d8, pc=0x0000000115515fc8)
java.net.URL.&lt;init&gt;(URL.java:640) - invokevirtual @ bci 504 
     Created vframeArray 0x00007fbf1b873c20
DEOPT UNPACKING thread 0x00007fbf1d009000 vframeArray 0x00007fbf1b873c20 mode 2
     {method} {0x000000011c3bd008} &apos;&lt;init&gt;&apos; &apos;(Ljava/net/URL;Ljava/lang/String;Ljava/net/URLStreamHandler;)V&apos; in &apos;java/net/URL&apos; - invokevirtual @ bci 504 sp = 0x000000030e00f058
<uncommon_trap thread='10243' reason='bimorphic' action='maybe_recompile' compile_id='244' compiler='C2' count='2' state='#15' stamp='2.595'>
Uncommon trap occurred in java.util.HashMap::getNode (@0x000000011552b268) thread=10243 reason=bimorphic action=maybe_recompile unloaded_class_index=-1
<jvms bci='59' method='java/util/HashMap getNode (ILjava/lang/Object;)Ljava/util/HashMap$Node;' bytes='148' count='11' backedge_count='1' iicount='48' decompiles='1' class_check_traps='4' bimorphic_traps='2'/>
</uncommon_trap>
DEOPT PACKING thread 0x00007fbf1d009000 Compiled frame (sp=0x000000030e00ef50 unextended sp=0x000000030e00ef50, fp=0x00000000f59c21e1, real_fp=0x000000030e00efa0, pc=0x000000011552b268)
     nmethod   2595  244             java.util.HashMap::getNode (148 bytes)

     Virtual frames (innermost first):
        0 - frame( sp=0x000000030e00ef50, unextended_sp=0x000000030e00ef50, fp=0x00000000f59c21e1, pc=0x000000011552b268)
java.util.HashMap.getNode(HashMap.java:573) - invokevirtual @ bci 59 
     Created vframeArray 0x00007fbf1b874420
DEOPT UNPACKING thread 0x00007fbf1d009000 vframeArray 0x00007fbf1b874420 mode 2
     {method} {0x000000011c42b060} &apos;getNode&apos; &apos;(ILjava/lang/Object;)Ljava/util/HashMap$Node;&apos; in &apos;java/util/HashMap&apos; - invokevirtual @ bci 59 sp = 0x000000030e00ef00
<uncommon_trap thread='10243' reason='bimorphic' action='maybe_recompile' compile_id='244' compiler='C2' count='3' state='#15' stamp='2.596'>
Uncommon trap occurred in java.util.HashMap::getNode (@0x000000011552b268) thread=10243 reason=bimorphic action=maybe_recompile unloaded_class_index=-1
<jvms bci='59' method='java/util/HashMap getNode (ILjava/lang/Object;)Ljava/util/HashMap$Node;' bytes='148' count='11' backedge_count='1' iicount='48' decompiles='1' class_check_traps='4' bimorphic_traps='3'/>
</uncommon_trap>
DEOPT PACKING thread 0x00007fbf1d009000 Compiled frame (sp=0x000000030e00ef50 unextended sp=0x000000030e00ef50, fp=0x000000006499bd24, real_fp=0x000000030e00efa0, pc=0x000000011552b268)
     nmethod   2595  244             java.util.HashMap::getNode (148 bytes)

     Virtual frames (innermost first):
        0 - frame( sp=0x000000030e00ef50, unextended_sp=0x000000030e00ef50, fp=0x000000006499bd24, pc=0x000000011552b268)
java.util.HashMap.getNode(HashMap.java:573) - invokevirtual @ bci 59 
     Created vframeArray 0x00007fbf1b873c20
DEOPT UNPACKING thread 0x00007fbf1d009000 vframeArray 0x00007fbf1b873c20 mode 2
     {method} {0x000000011c42b060} &apos;getNode&apos; &apos;(ILjava/lang/Object;)Ljava/util/HashMap$Node;&apos; in &apos;java/util/HashMap&apos; - invokevirtual @ bci 59 sp = 0x000000030e00ef00
<uncommon_trap thread='10243' reason='class_check' action='maybe_recompile' compile_id='347' compiler='C2' stamp='2.598'>
Uncommon trap occurred in sun.misc.Resource::getBytes (@0x00000001155669bc) thread=10243 reason=class_check action=maybe_recompile unloaded_class_index=-1
<jvms bci='10' method='sun/misc/Resource getBytes ()[B' bytes='242' count='9' backedge_count='15' iicount='9' decompiles='1'/>
</uncommon_trap>
DEOPT PACKING thread 0x00007fbf1d009000 Compiled frame (sp=0x000000030e00f0f0 unextended sp=0x000000030e00f0f0, fp=0x0000000795661968, real_fp=0x000000030e00f180, pc=0x00000001155669bc)
     nmethod   2597  347   !         sun.misc.Resource::getBytes (242 bytes)

     Virtual frames (innermost first):
        0 - frame( sp=0x000000030e00f0f0, unextended_sp=0x000000030e00f0f0, fp=0x0000000795661968, pc=0x00000001155669bc)
sun.misc.Resource.getBytes(Resource.java:100) - invokevirtual @ bci 10 
     Created vframeArray 0x00007fbf1d84dc20
DEOPT UNPACKING thread 0x00007fbf1d009000 vframeArray 0x00007fbf1d84dc20 mode 2
     {method} {0x000000011c5dae50} &apos;getBytes&apos; &apos;()[B&apos; in &apos;sun/misc/Resource&apos; - invokevirtual @ bci 10 sp = 0x000000030e00f0d8
<uncommon_trap thread='10243' reason='uninitialized' action='reinterpret' compile_id='398' compiler='C2' stamp='2.801'>
Uncommon trap occurred in java.lang.invoke.LambdaForm::normalize (@0x000000011557c968) thread=10243 reason=uninitialized action=reinterpret unloaded_class_index=-1
<jvms bci='176' method='java/lang/invoke/LambdaForm normalize ()I' bytes='322' count='6' backedge_count='13' iicount='6'/>
</uncommon_trap>
DEOPT PACKING thread 0x00007fbf1d009000 Compiled frame (sp=0x000000030e00f910 unextended sp=0x000000030e00f910, fp=0x0000000795679340, real_fp=0x000000030e00f990, pc=0x000000011557c968)
     nmethod   2801  398             java.lang.invoke.LambdaForm::normalize (322 bytes)

     Virtual frames (innermost first):
        0 - frame( sp=0x000000030e00f910, unextended_sp=0x000000030e00f910, fp=0x0000000795679340, pc=0x000000011557c968)
java.lang.invoke.LambdaForm.normalize(LambdaForm.java:431) - getstatic @ bci 176 
     Created vframeArray 0x00007fbf1d051020
DEOPT UNPACKING thread 0x00007fbf1d009000 vframeArray 0x00007fbf1d051020 mode 2
     {method} {0x000000011c38ad08} &apos;normalize&apos; &apos;()I&apos; in &apos;java/lang/invoke/LambdaForm&apos; - getstatic @ bci 176 sp = 0x000000030e00f900
<uncommon_trap thread='10243' reason='uninitialized' action='reinterpret' compile_id='402' compiler='C2' stamp='2.802'>
Uncommon trap occurred in java.lang.invoke.LambdaForm::argument (@0x0000000115573ae4) thread=10243 reason=uninitialized action=reinterpret unloaded_class_index=-1
<jvms bci='16' method='java/lang/invoke/LambdaForm argument (ILjava/lang/invoke/LambdaForm$BasicType;)Ljava/lang/invoke/LambdaForm$Name;' bytes='27' count='10' backedge_count='1' iicount='20'/>
</uncommon_trap>
DEOPT PACKING thread 0x00007fbf1d009000 Compiled frame (sp=0x000000030e00f860 unextended sp=0x000000030e00f860, fp=0x0000000000000000, real_fp=0x000000030e00f890, pc=0x0000000115573ae4)
     nmethod   2801  402             java.lang.invoke.LambdaForm::argument (27 bytes)

     Virtual frames (innermost first):
        0 - frame( sp=0x000000030e00f860, unextended_sp=0x000000030e00f860, fp=0x0000000000000000, pc=0x0000000115573ae4)
java.lang.invoke.LambdaForm.argument(LambdaForm.java:1649) - getstatic @ bci 16 
     Created vframeArray 0x00007fbf1d84dc20
DEOPT UNPACKING thread 0x00007fbf1d009000 vframeArray 0x00007fbf1d84dc20 mode 2
     {method} {0x000000011c38ea10} &apos;argument&apos; &apos;(ILjava/lang/invoke/LambdaForm$BasicType;)Ljava/lang/invoke/LambdaForm$Name;&apos; in &apos;java/lang/invoke/LambdaForm&apos; - getstatic @ bci 16 sp = 0x000000030e00f840
<uncommon_trap thread='10243' reason='uninitialized' action='reinterpret' compile_id='431' compiler='C2' count='1' stamp='2.961'>
Uncommon trap occurred in java.lang.invoke.LambdaForm::argument (@0x0000000115584d6c) thread=10243 reason=uninitialized action=reinterpret unloaded_class_index=-1
<jvms bci='16' method='java/lang/invoke/LambdaForm argument (ILjava/lang/invoke/LambdaForm$BasicType;)Ljava/lang/invoke/LambdaForm$Name;' bytes='27' count='10' backedge_count='1' iicount='38' decompiles='1' uninitialized_traps='1'/>
</uncommon_trap>
DEOPT PACKING thread 0x00007fbf1d009000 Compiled frame (sp=0x000000030e00ced0 unextended sp=0x000000030e00ced0, fp=0x0000000000000001, real_fp=0x000000030e00cf00, pc=0x0000000115584d6c)
     nmethod   2960  431             java.lang.invoke.LambdaForm::argument (27 bytes)

     Virtual frames (innermost first):
        0 - frame( sp=0x000000030e00ced0, unextended_sp=0x000000030e00ced0, fp=0x0000000000000001, pc=0x0000000115584d6c)
java.lang.invoke.LambdaForm.argument(LambdaForm.java:1649) - getstatic @ bci 16 
     Created vframeArray 0x00007fbf1d84f820
DEOPT UNPACKING thread 0x00007fbf1d009000 vframeArray 0x00007fbf1d84f820 mode 2
     {method} {0x000000011c38ea10} &apos;argument&apos; &apos;(ILjava/lang/invoke/LambdaForm$BasicType;)Ljava/lang/invoke/LambdaForm$Name;&apos; in &apos;java/lang/invoke/LambdaForm&apos; - getstatic @ bci 16 sp = 0x000000030e00ceb0
<uncommon_trap thread='10243' reason='uninitialized' action='reinterpret' compile_id='430' compiler='C2' count='1' stamp='3.271'>
Uncommon trap occurred in java.lang.invoke.LambdaForm::normalize (@0x0000000115587838) thread=10243 reason=uninitialized action=reinterpret unloaded_class_index=-1
<jvms bci='176' method='java/lang/invoke/LambdaForm normalize ()I' bytes='322' count='6' backedge_count='16' iicount='11' decompiles='1' uninitialized_traps='1'/>
</uncommon_trap>
DEOPT PACKING thread 0x00007fbf1d009000 Compiled frame (sp=0x000000030e00cf60 unextended sp=0x000000030e00cf60, fp=0x0000000795685e80, real_fp=0x000000030e00cff0, pc=0x0000000115587838)
     nmethod   3270  430             java.lang.invoke.LambdaForm::normalize (322 bytes)

     Virtual frames (innermost first):
        0 - frame( sp=0x000000030e00cf60, unextended_sp=0x000000030e00cf60, fp=0x0000000795685e80, pc=0x0000000115587838)
java.lang.invoke.LambdaForm.normalize(LambdaForm.java:431) - getstatic @ bci 176 
     Created vframeArray 0x00007fbf1d068a20
DEOPT UNPACKING thread 0x00007fbf1d009000 vframeArray 0x00007fbf1d068a20 mode 2
     {method} {0x000000011c38ad08} &apos;normalize&apos; &apos;()I&apos; in &apos;java/lang/invoke/LambdaForm&apos; - getstatic @ bci 176 sp = 0x000000030e00cf60
<uncommon_trap thread='10243' reason='uninitialized' action='reinterpret' compile_id='456' compiler='C2' stamp='3.596'>
Uncommon trap occurred in java.lang.invoke.LambdaForm::internArgument (@0x000000011559673c) thread=10243 reason=uninitialized action=reinterpret unloaded_class_index=-1
<jvms bci='0' method='java/lang/invoke/LambdaForm internArgument (Ljava/lang/invoke/LambdaForm$Name;)Ljava/lang/invoke/LambdaForm$Name;' bytes='84' count='10' backedge_count='1' iicount='20'/>
</uncommon_trap>
DEOPT PACKING thread 0x00007fbf1d009000 Compiled frame (sp=0x000000030e00cf40 unextended sp=0x000000030e00cf40, fp=0x00000007956755e0, real_fp=0x000000030e00cf60, pc=0x000000011559673c)
     nmethod   3596  456             java.lang.invoke.LambdaForm::internArgument (84 bytes)

     Virtual frames (innermost first):
        0 - frame( sp=0x000000030e00cf40, unextended_sp=0x000000030e00cf40, fp=0x00000007956755e0, pc=0x000000011559673c)
java.lang.invoke.LambdaForm.internArgument(LambdaForm.java:1652) - getstatic @ bci 0 
     Created vframeArray 0x00007fbf1b877e20
DEOPT UNPACKING thread 0x00007fbf1d009000 vframeArray 0x00007fbf1b877e20 mode 2
     {method} {0x000000011c38eb18} &apos;internArgument&apos; &apos;(Ljava/lang/invoke/LambdaForm$Name;)Ljava/lang/invoke/LambdaForm$Name;&apos; in &apos;java/lang/invoke/LambdaForm&apos; - getstatic @ bci 0 sp = 0x000000030e00cf10
<uncommon_trap thread='10243' reason='uninitialized' action='reinterpret' compile_id='519' compiler='C2' count='2' stamp='3.867'>
Uncommon trap occurred in java.lang.invoke.LambdaForm::argument (@0x00000001155b7084) thread=10243 reason=uninitialized action=reinterpret unloaded_class_index=-1
<jvms bci='16' method='java/lang/invoke/LambdaForm argument (ILjava/lang/invoke/LambdaForm$BasicType;)Ljava/lang/invoke/LambdaForm$Name;' bytes='27' count='10' backedge_count='1' iicount='56' decompiles='2' uninitialized_traps='2'/>
</uncommon_trap>
DEOPT PACKING thread 0x00007fbf1d009000 Compiled frame (sp=0x000000030e00ced0 unextended sp=0x000000030e00ced0, fp=0x0000000000000001, real_fp=0x000000030e00cf00, pc=0x00000001155b7084)
     nmethod   3866  519             java.lang.invoke.LambdaForm::argument (27 bytes)

     Virtual frames (innermost first):
        0 - frame( sp=0x000000030e00ced0, unextended_sp=0x000000030e00ced0, fp=0x0000000000000001, pc=0x00000001155b7084)
java.lang.invoke.LambdaForm.argument(LambdaForm.java:1649) - getstatic @ bci 16 
     Created vframeArray 0x00007fbf1d068a20
DEOPT UNPACKING thread 0x00007fbf1d009000 vframeArray 0x00007fbf1d068a20 mode 2
     {method} {0x000000011c38ea10} &apos;argument&apos; &apos;(ILjava/lang/invoke/LambdaForm$BasicType;)Ljava/lang/invoke/LambdaForm$Name;&apos; in &apos;java/lang/invoke/LambdaForm&apos; - getstatic @ bci 16 sp = 0x000000030e00ceb0
<uncommon_trap thread='10243' reason='loop_limit_check' action='maybe_recompile' compile_id='517' compiler='C2' stamp='4.032'>
Uncommon trap occurred in java.lang.invoke.LambdaForm::shortenSignature (@0x00000001155b64c0) thread=10243 reason=loop_limit_check action=maybe_recompile unloaded_class_index=-1
<jvms bci='97' method='java/lang/invoke/LambdaForm shortenSignature (Ljava/lang/String;)Ljava/lang/String;' bytes='166' count='5' backedge_count='15' iicount='5'/>
</uncommon_trap>
DEOPT PACKING thread 0x00007fbf1d009000 Compiled frame (sp=0x000000030e00ddf0 unextended sp=0x000000030e00ddf0, fp=0x0000000795694590, real_fp=0x000000030e00de50, pc=0x00000001155b64c0)
     nmethod   4032  517             java.lang.invoke.LambdaForm::shortenSignature (166 bytes)

     Virtual frames (innermost first):
        0 - frame( sp=0x000000030e00ddf0, unextended_sp=0x000000030e00ddf0, fp=0x0000000795694590, pc=0x00000001155b64c0)
java.lang.invoke.LambdaForm.shortenSignature(LambdaForm.java:1360) - aload @ bci 97 
     Created vframeArray 0x00007fbf1c843a20
DEOPT UNPACKING thread 0x00007fbf1d009000 vframeArray 0x00007fbf1c843a20 mode 2
     {method} {0x000000011c38e5d8} &apos;shortenSignature&apos; &apos;(Ljava/lang/String;)Ljava/lang/String;&apos; in &apos;java/lang/invoke/LambdaForm&apos; - aload @ bci 97 sp = 0x000000030e00ddb8
<uncommon_trap thread='10243' reason='uninitialized' action='reinterpret' compile_id='518' compiler='C2' count='2' stamp='4.033'>
Uncommon trap occurred in java.lang.invoke.LambdaForm::normalize (@0x00000001155b7d94) thread=10243 reason=uninitialized action=reinterpret unloaded_class_index=-1
<jvms bci='176' method='java/lang/invoke/LambdaForm normalize ()I' bytes='322' count='4' backedge_count='18' iicount='14' decompiles='2' uninitialized_traps='2'/>
</uncommon_trap>
DEOPT PACKING thread 0x00007fbf1d009000 Compiled frame (sp=0x000000030e00dcb0 unextended sp=0x000000030e00dcb0, fp=0x0000000795694698, real_fp=0x000000030e00dd40, pc=0x00000001155b7d94)
     nmethod   4032  518             java.lang.invoke.LambdaForm::normalize (322 bytes)

     Virtual frames (innermost first):
        0 - frame( sp=0x000000030e00dcb0, unextended_sp=0x000000030e00dcb0, fp=0x0000000795694698, pc=0x00000001155b7d94)
java.lang.invoke.LambdaForm.normalize(LambdaForm.java:431) - getstatic @ bci 176 
     Created vframeArray 0x00007fbf1d851a20
DEOPT UNPACKING thread 0x00007fbf1d009000 vframeArray 0x00007fbf1d851a20 mode 2
     {method} {0x000000011c38ad08} &apos;normalize&apos; &apos;()I&apos; in &apos;java/lang/invoke/LambdaForm&apos; - getstatic @ bci 176 sp = 0x000000030e00dcb0
<uncommon_trap thread='10243' reason='class_check' action='maybe_recompile' compile_id='541' compiler='C2' stamp='4.165'>
Uncommon trap occurred in java.lang.invoke.InvokerBytecodeGenerator::emitPushArgument (@0x00000001155c72d4) thread=10243 reason=class_check action=maybe_recompile unloaded_class_index=-1
<jvms bci='6' method='java/lang/invoke/InvokerBytecodeGenerator emitPushArgument (Ljava/lang/Class;Ljava/lang/Object;)V' bytes='120' count='11' backedge_count='1' iicount='21'/>
</uncommon_trap>
DEOPT PACKING thread 0x00007fbf1d009000 Compiled frame (sp=0x000000030e00dbe0 unextended sp=0x000000030e00dbe0, fp=0x0000000795698988, real_fp=0x000000030e00dc30, pc=0x00000001155c72d4)
     nmethod   4164  541             java.lang.invoke.InvokerBytecodeGenerator::emitPushArgument (120 bytes)

     Virtual frames (innermost first):
        0 - frame( sp=0x000000030e00dbe0, unextended_sp=0x000000030e00dbe0, fp=0x0000000795698988, pc=0x00000001155c72d4)
java.lang.invoke.InvokerBytecodeGenerator.emitPushArgument(InvokerBytecodeGenerator.java:1156) - instanceof @ bci 6 
     Created vframeArray 0x00007fbf1c843a20
DEOPT UNPACKING thread 0x00007fbf1d009000 vframeArray 0x00007fbf1c843a20 mode 2
     {method} {0x000000011c6caf10} &apos;emitPushArgument&apos; &apos;(Ljava/lang/Class;Ljava/lang/Object;)V&apos; in &apos;java/lang/invoke/InvokerBytecodeGenerator&apos; - instanceof @ bci 6 sp = 0x000000030e00dbb0
<uncommon_trap thread='10243' reason='uninitialized' action='reinterpret' compile_id='562' compiler='C2' stamp='4.282'>
Uncommon trap occurred in java.lang.invoke.LambdaForm::parameter (@0x00000001155b571c) thread=10243 reason=uninitialized action=reinterpret unloaded_class_index=-1
<jvms bci='0' method='java/lang/invoke/LambdaForm parameter (I)Ljava/lang/invoke/LambdaForm$Name;' bytes='52' count='10' backedge_count='1' iicount='20'/>
</uncommon_trap>
DEOPT PACKING thread 0x00007fbf1d009000 Compiled frame (sp=0x000000030e00f700 unextended sp=0x000000030e00f700, fp=0x00000007956769f8, real_fp=0x000000030e00f730, pc=0x00000001155b571c)
     nmethod   4282  562             java.lang.invoke.LambdaForm::parameter (52 bytes)

     Virtual frames (innermost first):
        0 - frame( sp=0x000000030e00f700, unextended_sp=0x000000030e00f700, fp=0x00000007956769f8, pc=0x00000001155b571c)
java.lang.invoke.LambdaForm.parameter(LambdaForm.java:505) - getstatic @ bci 0 
     Created vframeArray 0x00007fbf1c833420
DEOPT UNPACKING thread 0x00007fbf1d009000 vframeArray 0x00007fbf1c833420 mode 2
     {method} {0x000000011c38b2a0} &apos;parameter&apos; &apos;(I)Ljava/lang/invoke/LambdaForm$Name;&apos; in &apos;java/lang/invoke/LambdaForm&apos; - getstatic @ bci 0 sp = 0x000000030e00f6d8
<uncommon_trap thread='10243' reason='uninitialized' action='reinterpret' compile_id='560' compiler='C2' stamp='4.283'>
Uncommon trap occurred in java.lang.invoke.LambdaForm::compileToBytecode (@0x00000001155d0034) thread=10243 reason=uninitialized action=reinterpret unloaded_class_index=-1
<jvms bci='24' method='java/lang/invoke/LambdaForm compileToBytecode ()Ljava/lang/invoke/MemberName;' bytes='103' count='10' backedge_count='1' iicount='20'/>
</uncommon_trap>
DEOPT PACKING thread 0x00007fbf1d009000 Compiled frame (sp=0x000000030e00f860 unextended sp=0x000000030e00f860, fp=0x00000007956769f8, real_fp=0x000000030e00f890, pc=0x00000001155d0034)
     nmethod   4282  560   !         java.lang.invoke.LambdaForm::compileToBytecode (103 bytes)

     Virtual frames (innermost first):
        0 - frame( sp=0x000000030e00f860, unextended_sp=0x000000030e00f860, fp=0x00000007956769f8, pc=0x00000001155d0034)
java.lang.invoke.LambdaForm.compileToBytecode(LambdaForm.java:652) - getstatic @ bci 24 
     Created vframeArray 0x00007fbf1b877e20
DEOPT UNPACKING thread 0x00007fbf1d009000 vframeArray 0x00007fbf1b877e20 mode 2
     {method} {0x000000011c38bca0} &apos;compileToBytecode&apos; &apos;()Ljava/lang/invoke/MemberName;&apos; in &apos;java/lang/invoke/LambdaForm&apos; - getstatic @ bci 24 sp = 0x000000030e00f830
<uncommon_trap thread='10243' reason='null_check' action='make_not_entrant' compile_id='541' compiler='C2' state='class_check' stamp='4.285'>
Uncommon trap occurred in java.lang.invoke.InvokerBytecodeGenerator::emitPushArgument (@0x00000001155c7320) thread=10243 reason=null_check action=make_not_entrant unloaded_class_index=-1
<jvms bci='6' method='java/lang/invoke/InvokerBytecodeGenerator emitPushArgument (Ljava/lang/Class;Ljava/lang/Object;)V' bytes='120' count='11' backedge_count='1' iicount='21' class_check_traps='1'/>
</uncommon_trap>
DEOPT PACKING thread 0x00007fbf1d009000 Compiled frame (sp=0x000000030e00f5b0 unextended sp=0x000000030e00f5b0, fp=0x000000079569d638, real_fp=0x000000030e00f600, pc=0x00000001155c7320)
     nmethod   4285  541             java.lang.invoke.InvokerBytecodeGenerator::emitPushArgument (120 bytes)

     Virtual frames (innermost first):
        0 - frame( sp=0x000000030e00f5b0, unextended_sp=0x000000030e00f5b0, fp=0x000000079569d638, pc=0x00000001155c7320)
java.lang.invoke.InvokerBytecodeGenerator.emitPushArgument(InvokerBytecodeGenerator.java:1156) - instanceof @ bci 6 
     Created vframeArray 0x00007fbf1d068a20
DEOPT UNPACKING thread 0x00007fbf1d009000 vframeArray 0x00007fbf1d068a20 mode 2
     {method} {0x000000011c6caf10} &apos;emitPushArgument&apos; &apos;(Ljava/lang/Class;Ljava/lang/Object;)V&apos; in &apos;java/lang/invoke/InvokerBytecodeGenerator&apos; - instanceof @ bci 6 sp = 0x000000030e00f580
<uncommon_trap thread='10243' reason='uninitialized' action='reinterpret' compile_id='569' compiler='C2' stamp='4.346'>
Uncommon trap occurred in java.lang.invoke.LambdaForm::signatureArity (@0x00000001155d183c) thread=10243 reason=uninitialized action=reinterpret unloaded_class_index=-1
<jvms bci='0' method='java/lang/invoke/LambdaForm signatureArity (Ljava/lang/String;)I' bytes='28' count='10' backedge_count='1' iicount='20'/>
</uncommon_trap>
DEOPT PACKING thread 0x00007fbf1d009000 Compiled frame (sp=0x000000030e00f760 unextended sp=0x000000030e00f760, fp=0x00000007956a1168, real_fp=0x000000030e00f780, pc=0x00000001155d183c)
     nmethod   4346  569             java.lang.invoke.LambdaForm::signatureArity (28 bytes)

     Virtual frames (innermost first):
        0 - frame( sp=0x000000030e00f760, unextended_sp=0x000000030e00f760, fp=0x00000007956a1168, pc=0x00000001155d183c)
java.lang.invoke.LambdaForm.signatureArity(LambdaForm.java:538) - getstatic @ bci 0 
     Created vframeArray 0x00007fbf1d851a20
DEOPT UNPACKING thread 0x00007fbf1d009000 vframeArray 0x00007fbf1d851a20 mode 2
     {method} {0x000000011c38b760} &apos;signatureArity&apos; &apos;(Ljava/lang/String;)I&apos; in &apos;java/lang/invoke/LambdaForm&apos; - getstatic @ bci 0 sp = 0x000000030e00f728
<uncommon_trap thread='10243' reason='uninitialized' action='reinterpret' compile_id='584' compiler='C2' stamp='4.376'>
Uncommon trap occurred in java.lang.invoke.LambdaForm::prepare (@0x00000001155d7cdc) thread=10243 reason=uninitialized action=reinterpret unloaded_class_index=-1
<jvms bci='0' method='java/lang/invoke/LambdaForm prepare ()V' bytes='43' count='10' backedge_count='1' iicount='20'/>
</uncommon_trap>
DEOPT PACKING thread 0x00007fbf1d009000 Compiled frame (sp=0x000000030e00f900 unextended sp=0x000000030e00f900, fp=0x0000000795679408, real_fp=0x000000030e00f920, pc=0x00000001155d7cdc)
     nmethod   4376  584             java.lang.invoke.LambdaForm::prepare (43 bytes)

     Virtual frames (innermost first):
        0 - frame( sp=0x000000030e00f900, unextended_sp=0x000000030e00f900, fp=0x0000000795679408, pc=0x00000001155d7cdc)
java.lang.invoke.LambdaForm.prepare(LambdaForm.java:634) - getstatic @ bci 0 
     Created vframeArray 0x00007fbf1b877e20
DEOPT UNPACKING thread 0x00007fbf1d009000 vframeArray 0x00007fbf1b877e20 mode 2
     {method} {0x000000011c38bb58} &apos;prepare&apos; &apos;()V&apos; in &apos;java/lang/invoke/LambdaForm&apos; - getstatic @ bci 0 sp = 0x000000030e00f8c0
<uncommon_trap thread='10243' reason='uninitialized' action='reinterpret' compile_id='633' compiler='C2' count='1' stamp='4.575'>
Uncommon trap occurred in java.lang.invoke.LambdaForm::signatureArity (@0x00000001155f39bc) thread=10243 reason=uninitialized action=reinterpret unloaded_class_index=-1
<jvms bci='0' method='java/lang/invoke/LambdaForm signatureArity (Ljava/lang/String;)I' bytes='28' count='10' backedge_count='1' iicount='38' decompiles='1' uninitialized_traps='1'/>
</uncommon_trap>
DEOPT PACKING thread 0x00007fbf1d009000 Compiled frame (sp=0x000000030e00fa10 unextended sp=0x000000030e00fa10, fp=0x00000007956b6c40, real_fp=0x000000030e00fa30, pc=0x00000001155f39bc)
     nmethod   4574  633             java.lang.invoke.LambdaForm::signatureArity (28 bytes)

     Virtual frames (innermost first):
        0 - frame( sp=0x000000030e00fa10, unextended_sp=0x000000030e00fa10, fp=0x00000007956b6c40, pc=0x00000001155f39bc)
java.lang.invoke.LambdaForm.signatureArity(LambdaForm.java:538) - getstatic @ bci 0 
     Created vframeArray 0x00007fbf1b882620
DEOPT UNPACKING thread 0x00007fbf1d009000 vframeArray 0x00007fbf1b882620 mode 2
     {method} {0x000000011c38b760} &apos;signatureArity&apos; &apos;(Ljava/lang/String;)I&apos; in &apos;java/lang/invoke/LambdaForm&apos; - getstatic @ bci 0 sp = 0x000000030e00f9e0
<uncommon_trap thread='10243' reason='uninitialized' action='reinterpret' compile_id='630' compiler='C2' stamp='4.577'>
Uncommon trap occurred in java.lang.invoke.LambdaForm::basicTypeSignature (@0x00000001155f4b30) thread=10243 reason=uninitialized action=reinterpret unloaded_class_index=-1
<jvms bci='76' method='java/lang/invoke/LambdaForm basicTypeSignature (Ljava/lang/invoke/MethodType;)Ljava/lang/String;' bytes='101' count='8' backedge_count='11' iicount='8'/>
</uncommon_trap>
DEOPT PACKING thread 0x00007fbf1d009000 Compiled frame (sp=0x000000030e00fa80 unextended sp=0x000000030e00fa80, fp=0x0000000000000005, real_fp=0x000000030e00fb00, pc=0x00000001155f4b30)
     nmethod   4576  630             java.lang.invoke.LambdaForm::basicTypeSignature (101 bytes)

     Virtual frames (innermost first):
        0 - frame( sp=0x000000030e00fa80, unextended_sp=0x000000030e00fa80, fp=0x0000000000000005, pc=0x00000001155f4b30)
java.lang.invoke.LambdaForm.basicTypeSignature(LambdaForm.java:1340) - getstatic @ bci 76 
     Created vframeArray 0x00007fbf1c843a20
DEOPT UNPACKING thread 0x00007fbf1d009000 vframeArray 0x00007fbf1c843a20 mode 2
     {method} {0x000000011c38e400} &apos;basicTypeSignature&apos; &apos;(Ljava/lang/invoke/MethodType;)Ljava/lang/String;&apos; in &apos;java/lang/invoke/LambdaForm&apos; - getstatic @ bci 76 sp = 0x000000030e00fa90
<uncommon_trap thread='10243' reason='uninitialized' action='reinterpret' compile_id='659' compiler='C2' count='2' stamp='4.727'>
Uncommon trap occurred in java.lang.invoke.LambdaForm::signatureArity (@0x00000001155f9fbc) thread=10243 reason=uninitialized action=reinterpret unloaded_class_index=-1
<jvms bci='0' method='java/lang/invoke/LambdaForm signatureArity (Ljava/lang/String;)I' bytes='28' count='10' backedge_count='1' iicount='56' decompiles='2' uninitialized_traps='2'/>
</uncommon_trap>
DEOPT PACKING thread 0x00007fbf1d009000 Compiled frame (sp=0x000000030e00fad0 unextended sp=0x000000030e00fad0, fp=0x00000007956befe8, real_fp=0x000000030e00faf0, pc=0x00000001155f9fbc)
     nmethod   4727  659             java.lang.invoke.LambdaForm::signatureArity (28 bytes)

     Virtual frames (innermost first):
        0 - frame( sp=0x000000030e00fad0, unextended_sp=0x000000030e00fad0, fp=0x00000007956befe8, pc=0x00000001155f9fbc)
java.lang.invoke.LambdaForm.signatureArity(LambdaForm.java:538) - getstatic @ bci 0 
     Created vframeArray 0x00007fbf1d068a20
DEOPT UNPACKING thread 0x00007fbf1d009000 vframeArray 0x00007fbf1d068a20 mode 2
     {method} {0x000000011c38b760} &apos;signatureArity&apos; &apos;(Ljava/lang/String;)I&apos; in &apos;java/lang/invoke/LambdaForm&apos; - getstatic @ bci 0 sp = 0x000000030e00faa0
<uncommon_trap thread='10243' reason='uninitialized' action='reinterpret' compile_id='663' compiler='C2' count='1' stamp='4.749'>
Uncommon trap occurred in java.lang.invoke.LambdaForm::compileToBytecode (@0x00000001155fc9b4) thread=10243 reason=uninitialized action=reinterpret unloaded_class_index=-1
<jvms bci='24' method='java/lang/invoke/LambdaForm compileToBytecode ()Ljava/lang/invoke/MemberName;' bytes='103' count='11' backedge_count='1' iicount='39' decompiles='1' uninitialized_traps='1'/>
</uncommon_trap>
DEOPT PACKING thread 0x00007fbf1d009000 Compiled frame (sp=0x000000030e010690 unextended sp=0x000000030e010690, fp=0x00000007956c07b8, real_fp=0x000000030e0106c0, pc=0x00000001155fc9b4)
     nmethod   4749  663   !         java.lang.invoke.LambdaForm::compileToBytecode (103 bytes)

     Virtual frames (innermost first):
        0 - frame( sp=0x000000030e010690, unextended_sp=0x000000030e010690, fp=0x00000007956c07b8, pc=0x00000001155fc9b4)
java.lang.invoke.LambdaForm.compileToBytecode(LambdaForm.java:652) - getstatic @ bci 24 
     Created vframeArray 0x00007fbf1c843a20
DEOPT UNPACKING thread 0x00007fbf1d009000 vframeArray 0x00007fbf1c843a20 mode 2
     {method} {0x000000011c38bca0} &apos;compileToBytecode&apos; &apos;()Ljava/lang/invoke/MemberName;&apos; in &apos;java/lang/invoke/LambdaForm&apos; - getstatic @ bci 24 sp = 0x000000030e010660
<uncommon_trap thread='10243' reason='unstable_if' action='reinterpret' compile_id='416' compiler='C2' stamp='4.796'>
Uncommon trap occurred in sun.invoke.util.VerifyAccess::isTypeVisible (@0x000000011557df60) thread=10243 reason=unstable_if action=reinterpret unloaded_class_index=-1
<jvms bci='6' method='java/lang/Class getClassLoader ()Ljava/lang/ClassLoader;' bytes='28' count='10' backedge_count='1' iicount='47'/>
<jvms bci='43' method='sun/invoke/util/VerifyAccess isTypeVisible (Ljava/lang/Class;Ljava/lang/Class;)Z' bytes='118' count='10' backedge_count='1' iicount='20'/>
</uncommon_trap>
DEOPT PACKING thread 0x00007fbf1d009000 Compiled frame (sp=0x000000030e010910 unextended sp=0x000000030e010910, fp=0x00000000f2ab89ee, real_fp=0x000000030e010940, pc=0x000000011557df60)
     nmethod   4796  416             sun.invoke.util.VerifyAccess::isTypeVisible (118 bytes)

     Virtual frames (innermost first):
        0 - frame( sp=0x000000030e010910, unextended_sp=0x000000030e010910, fp=0x00000000f2ab89ee, pc=0x000000011557df60)
java.lang.Class.getClassLoader(Class.java:679) - ifnonnull @ bci 6 
        1 - frame( sp=0x000000030e010910, unextended_sp=0x000000030e010910, fp=0x00000000f2ab89ee, pc=0x000000011557df60)
sun.invoke.util.VerifyAccess.isTypeVisible(VerifyAccess.java:196) - invokevirtual @ bci 43 
     Created vframeArray 0x00007fbf1c835020
DEOPT UNPACKING thread 0x00007fbf1d009000 vframeArray 0x00007fbf1c835020 mode 2
     {method} {0x000000011c68a738} &apos;isTypeVisible&apos; &apos;(Ljava/lang/Class;Ljava/lang/Class;)Z&apos; in &apos;sun/invoke/util/VerifyAccess&apos; - invokevirtual @ bci 43 sp = 0x000000030e0108a8
     {method} {0x000000011c324320} &apos;getClassLoader&apos; &apos;()Ljava/lang/ClassLoader;&apos; in &apos;java/lang/Class&apos; - ifnonnull @ bci 6 sp = 0x000000030e010850
<uncommon_trap thread='10243' reason='unstable_if' action='reinterpret' compile_id='425' compiler='C2' count='1' state='intrinsic recompiled' stamp='4.798'>
Uncommon trap occurred in sun.invoke.util.VerifyAccess::isSamePackage (@0x0000000115580318) thread=10243 reason=unstable_if action=reinterpret unloaded_class_index=-1
<jvms bci='6' method='java/lang/Class getClassLoader ()Ljava/lang/ClassLoader;' bytes='28' count='1' backedge_count='1' iicount='47' unstable_if_traps='1'/>
<jvms bci='40' method='sun/invoke/util/VerifyAccess isSamePackage (Ljava/lang/Class;Ljava/lang/Class;)Z' bytes='114' count='3' backedge_count='26' iicount='3'/>
</uncommon_trap>
DEOPT PACKING thread 0x00007fbf1d009000 Compiled frame (sp=0x000000030e0107e0 unextended sp=0x000000030e0107e0, fp=0x0000000795582920, real_fp=0x000000030e010830, pc=0x0000000115580318)
     nmethod   4797  425             sun.invoke.util.VerifyAccess::isSamePackage (114 bytes)

     Virtual frames (innermost first):
        0 - frame( sp=0x000000030e0107e0, unextended_sp=0x000000030e0107e0, fp=0x0000000795582920, pc=0x0000000115580318)
java.lang.Class.getClassLoader(Class.java:679) - ifnonnull @ bci 6 
        1 - frame( sp=0x000000030e0107e0, unextended_sp=0x000000030e0107e0, fp=0x0000000795582920, pc=0x0000000115580318)
sun.invoke.util.VerifyAccess.isSamePackage(VerifyAccess.java:275) - invokevirtual @ bci 40 
     Created vframeArray 0x00007fbf1d858820
DEOPT UNPACKING thread 0x00007fbf1d009000 vframeArray 0x00007fbf1d858820 mode 2
     {method} {0x000000011c68a9c0} &apos;isSamePackage&apos; &apos;(Ljava/lang/Class;Ljava/lang/Class;)Z&apos; in &apos;sun/invoke/util/VerifyAccess&apos; - invokevirtual @ bci 40 sp = 0x000000030e010790
     {method} {0x000000011c324320} &apos;getClassLoader&apos; &apos;()Ljava/lang/ClassLoader;&apos; in &apos;java/lang/Class&apos; - ifnonnull @ bci 6 sp = 0x000000030e010738
<uncommon_trap thread='10243' reason='unstable_if' action='reinterpret' compile_id='11' compiler='C2' count='2' state='intrinsic recompiled' stamp='4.798'>
Uncommon trap occurred in java.lang.Class::getClassLoader (@0x000000011547e8f4) thread=10243 reason=unstable_if action=reinterpret unloaded_class_index=-1
<jvms bci='6' method='java/lang/Class getClassLoader ()Ljava/lang/ClassLoader;' bytes='28' count='1' backedge_count='1' iicount='47' unstable_if_traps='2'/>
</uncommon_trap>
DEOPT PACKING thread 0x00007fbf1d009000 Compiled frame (sp=0x000000030e010760 unextended sp=0x000000030e010760, fp=0x000000030e0107e8, real_fp=0x000000030e010790, pc=0x000000011547e8f4)
     nmethod   4798   11             java.lang.Class::getClassLoader (28 bytes)

     Virtual frames (innermost first):
        0 - frame( sp=0x000000030e010760, unextended_sp=0x000000030e010760, fp=0x000000030e0107e8, pc=0x000000011547e8f4)
java.lang.Class.getClassLoader(Class.java:679) - ifnonnull @ bci 6 
     Created vframeArray 0x00007fbf1c835020
DEOPT UNPACKING thread 0x00007fbf1d009000 vframeArray 0x00007fbf1c835020 mode 2
     {method} {0x000000011c324320} &apos;getClassLoader&apos; &apos;()Ljava/lang/ClassLoader;&apos; in &apos;java/lang/Class&apos; - ifnonnull @ bci 6 sp = 0x000000030e010728
<uncommon_trap thread='10243' reason='loop_limit_check' action='maybe_recompile' compile_id='671' compiler='C2' stamp='5.081'>
Uncommon trap occurred in java.lang.invoke.LambdaForm$Name::useCount (@0x0000000115605270) thread=10243 reason=loop_limit_check action=maybe_recompile unloaded_class_index=-1
<jvms bci='24' method='java/lang/invoke/LambdaForm$Name useCount (Ljava/lang/invoke/LambdaForm$Name;)I' bytes='42' count='7' backedge_count='17' iicount='7'/>
</uncommon_trap>
DEOPT PACKING thread 0x00007fbf1d009000 Compiled frame (sp=0x000000030e0102f0 unextended sp=0x000000030e0102f0, fp=0x00000007956c5238, real_fp=0x000000030e010330, pc=0x0000000115605270)
     nmethod   5080  671             java.lang.invoke.LambdaForm$Name::useCount (42 bytes)

     Virtual frames (innermost first):
        0 - frame( sp=0x000000030e0102f0, unextended_sp=0x000000030e0102f0, fp=0x00000007956c5238, pc=0x0000000115605270)
java.lang.invoke.LambdaForm$Name.useCount(LambdaForm.java:1582) - fast_aaccess_0 @ bci 24 
     Created vframeArray 0x00007fbf1d06fc20
DEOPT UNPACKING thread 0x00007fbf1d009000 vframeArray 0x00007fbf1d06fc20 mode 2
     {method} {0x000000011c69ec40} &apos;useCount&apos; &apos;(Ljava/lang/invoke/LambdaForm$Name;)I&apos; in &apos;java/lang/invoke/LambdaForm$Name&apos; - aload_0 @ bci 24 sp = 0x000000030e0102d0
<uncommon_trap thread='10243' reason='loop_limit_check' action='maybe_recompile' compile_id='726' compiler='C2' stamp='5.291'>
Uncommon trap occurred in java.lang.invoke.LambdaForm::useCount (@0x00000001156333e4) thread=10243 reason=loop_limit_check action=maybe_recompile unloaded_class_index=-1
<jvms bci='74' method='java/lang/invoke/LambdaForm useCount (Ljava/lang/invoke/LambdaForm$Name;)I' bytes='99' count='10' backedge_count='11' iicount='11'/>
</uncommon_trap>
DEOPT PACKING thread 0x00007fbf1d009000 Compiled frame (sp=0x000000030e00f980 unextended sp=0x000000030e00f980, fp=0x0000000000000000, real_fp=0x000000030e00f9c0, pc=0x00000001156333e4)
     nmethod   5290  726             java.lang.invoke.LambdaForm::useCount (99 bytes)

     Virtual frames (innermost first):
        0 - frame( sp=0x000000030e00f980, unextended_sp=0x000000030e00f980, fp=0x0000000000000000, pc=0x00000001156333e4)
java.lang.invoke.LambdaForm.useCount(LambdaForm.java:1638) - fast_iload @ bci 74 
     Created vframeArray 0x00007fbf1d071a20
DEOPT UNPACKING thread 0x00007fbf1d009000 vframeArray 0x00007fbf1d071a20 mode 2
     {method} {0x000000011c38e878} &apos;useCount&apos; &apos;(Ljava/lang/invoke/LambdaForm$Name;)I&apos; in &apos;java/lang/invoke/LambdaForm&apos; - iload @ bci 74 sp = 0x000000030e00f940
<dependency_failed type='unique_concrete_method' ctxk='java/lang/invoke/MethodHandle' x='java/lang/invoke/MethodHandle intrinsicName ()Ljava/lang/invoke/MethodHandleImpl$Intrinsic;' witness='java/lang/invoke/MethodHandleImpl$IntrinsicMethodHandle' stamp='5.348'/>
<uncommon_trap thread='10243' reason='predicate' action='maybe_recompile' compile_id='651' compiler='C2' stamp='5.465'>
Uncommon trap occurred in java.util.Arrays::fill (@0x00000001155f95c0) thread=10243 reason=predicate action=maybe_recompile unloaded_class_index=-1
<jvms bci='10' method='java/util/Arrays fill ([Ljava/lang/Object;Ljava/lang/Object;)V' bytes='21' count='6' backedge_count='10' iicount='6'/>
</uncommon_trap>
DEOPT PACKING thread 0x00007fbf1d009000 Compiled frame (sp=0x000000030e00ef00 unextended sp=0x000000030e00ef00, fp=0x00000007957a9eb8, real_fp=0x000000030e00ef30, pc=0x00000001155f95c0)
     nmethod   5464  651             java.util.Arrays::fill (21 bytes)

     Virtual frames (innermost first):
        0 - frame( sp=0x000000030e00ef00, unextended_sp=0x000000030e00ef00, fp=0x00000007957a9eb8, pc=0x00000001155f95c0)
java.util.Arrays.fill(Arrays.java:3130) - fast_aload_0 @ bci 10 
     Created vframeArray 0x00007fbf1b887c20
DEOPT UNPACKING thread 0x00007fbf1d009000 vframeArray 0x00007fbf1b887c20 mode 2
     {method} {0x000000011c465398} &apos;fill&apos; &apos;([Ljava/lang/Object;Ljava/lang/Object;)V&apos; in &apos;java/util/Arrays&apos; - aload_0 @ bci 10 sp = 0x000000030e00eec0
<uncommon_trap thread='10243' reason='array_check' action='maybe_recompile' compile_id='772' compiler='C2' stamp='5.642'>
Uncommon trap occurred in java.util.Arrays::fill (@0x000000011563dc6c) thread=10243 reason=array_check action=maybe_recompile unloaded_class_index=-1
<jvms bci='13' method='java/util/Arrays fill ([Ljava/lang/Object;Ljava/lang/Object;)V' bytes='21' count='7' backedge_count='17' iicount='7' decompiles='1' predicate_traps='1'/>
</uncommon_trap>
DEOPT PACKING thread 0x00007fbf1d009000 Compiled frame (sp=0x000000030e00ef20 unextended sp=0x000000030e00ef20, fp=0x0000000000000005, real_fp=0x000000030e00ef70, pc=0x000000011563dc6c)
     nmethod   5642  772             java.util.Arrays::fill (21 bytes)

     Virtual frames (innermost first):
        0 - frame( sp=0x000000030e00ef20, unextended_sp=0x000000030e00ef20, fp=0x0000000000000005, pc=0x000000011563dc6c)
java.util.Arrays.fill(Arrays.java:3130) - aastore @ bci 13 
     Created vframeArray 0x00007fbf1d071a20
DEOPT UNPACKING thread 0x00007fbf1d009000 vframeArray 0x00007fbf1d071a20 mode 2
     {method} {0x000000011c465398} &apos;fill&apos; &apos;([Ljava/lang/Object;Ljava/lang/Object;)V&apos; in &apos;java/util/Arrays&apos; - aastore @ bci 13 sp = 0x000000030e00eee8
<uncommon_trap thread='10243' reason='array_check' action='maybe_recompile' compile_id='772' compiler='C2' count='1' state='array_check' stamp='5.677'>
Uncommon trap occurred in java.util.Arrays::fill (@0x000000011563dc6c) thread=10243 reason=array_check action=maybe_recompile unloaded_class_index=-1
<jvms bci='13' method='java/util/Arrays fill ([Ljava/lang/Object;Ljava/lang/Object;)V' bytes='21' count='7' backedge_count='25' iicount='7' decompiles='1' array_check_traps='1' predicate_traps='1'/>
</uncommon_trap>
DEOPT PACKING thread 0x00007fbf1d009000 Compiled frame (sp=0x000000030e00ef20 unextended sp=0x000000030e00ef20, fp=0x0000000000000006, real_fp=0x000000030e00ef70, pc=0x000000011563dc6c)
     nmethod   5677  772             java.util.Arrays::fill (21 bytes)

     Virtual frames (innermost first):
        0 - frame( sp=0x000000030e00ef20, unextended_sp=0x000000030e00ef20, fp=0x0000000000000006, pc=0x000000011563dc6c)
java.util.Arrays.fill(Arrays.java:3130) - aastore @ bci 13 
     Created vframeArray 0x00007fbf1c844e20
DEOPT UNPACKING thread 0x00007fbf1d009000 vframeArray 0x00007fbf1c844e20 mode 2
     {method} {0x000000011c465398} &apos;fill&apos; &apos;([Ljava/lang/Object;Ljava/lang/Object;)V&apos; in &apos;java/util/Arrays&apos; - aastore @ bci 13 sp = 0x000000030e00eee8
<uncommon_trap thread='10243' reason='unstable_if' action='reinterpret' compile_id='664' compiler='C2' stamp='5.679'>
Uncommon trap occurred in java.lang.invoke.LambdaForm::argument (@0x000000011560035c) thread=10243 reason=unstable_if action=reinterpret unloaded_class_index=-1
<jvms bci='3' method='java/lang/invoke/LambdaForm argument (ILjava/lang/invoke/LambdaForm$BasicType;)Ljava/lang/invoke/LambdaForm$Name;' bytes='27' count='11' backedge_count='1' iicount='75' decompiles='3' uninitialized_traps='3'/>
</uncommon_trap>
DEOPT PACKING thread 0x00007fbf1d009000 Compiled frame (sp=0x000000030e00e9a0 unextended sp=0x000000030e00e9a0, fp=0x000000000000000b, real_fp=0x000000030e00e9d0, pc=0x000000011560035c)
     nmethod   5679  664             java.lang.invoke.LambdaForm::argument (27 bytes)

     Virtual frames (innermost first):
        0 - frame( sp=0x000000030e00e9a0, unextended_sp=0x000000030e00e9a0, fp=0x000000000000000b, pc=0x000000011560035c)
java.lang.invoke.LambdaForm.argument(LambdaForm.java:1647) - if_icmplt @ bci 3 
     Created vframeArray 0x00007fbf1c826820
DEOPT UNPACKING thread 0x00007fbf1d009000 vframeArray 0x00007fbf1c826820 mode 2
     {method} {0x000000011c38ea10} &apos;argument&apos; &apos;(ILjava/lang/invoke/LambdaForm$BasicType;)Ljava/lang/invoke/LambdaForm$Name;&apos; in &apos;java/lang/invoke/LambdaForm&apos; - if_icmplt @ bci 3 sp = 0x000000030e00e960
<uncommon_trap thread='10243' reason='array_check' action='maybe_recompile' compile_id='772' compiler='C2' count='2' state='array_check' stamp='5.685'>
Uncommon trap occurred in java.util.Arrays::fill (@0x000000011563dc6c) thread=10243 reason=array_check action=maybe_recompile unloaded_class_index=-1
<jvms bci='13' method='java/util/Arrays fill ([Ljava/lang/Object;Ljava/lang/Object;)V' bytes='21' count='7' backedge_count='34' iicount='7' decompiles='1' array_check_traps='2' predicate_traps='1'/>
</uncommon_trap>
DEOPT PACKING thread 0x00007fbf1d009000 Compiled frame (sp=0x000000030e00ef20 unextended sp=0x000000030e00ef20, fp=0x0000000000000007, real_fp=0x000000030e00ef70, pc=0x000000011563dc6c)
     nmethod   5685  772             java.util.Arrays::fill (21 bytes)

     Virtual frames (innermost first):
        0 - frame( sp=0x000000030e00ef20, unextended_sp=0x000000030e00ef20, fp=0x0000000000000007, pc=0x000000011563dc6c)
java.util.Arrays.fill(Arrays.java:3130) - aastore @ bci 13 
     Created vframeArray 0x00007fbf1c844e20
DEOPT UNPACKING thread 0x00007fbf1d009000 vframeArray 0x00007fbf1c844e20 mode 2
     {method} {0x000000011c465398} &apos;fill&apos; &apos;([Ljava/lang/Object;Ljava/lang/Object;)V&apos; in &apos;java/util/Arrays&apos; - aastore @ bci 13 sp = 0x000000030e00eee8
<uncommon_trap thread='10243' reason='array_check' action='maybe_recompile' compile_id='772' compiler='C2' count='3' state='array_check' stamp='5.687'>
Uncommon trap occurred in java.util.Arrays::fill (@0x000000011563dc6c) thread=10243 reason=array_check action=maybe_recompile unloaded_class_index=-1
<jvms bci='13' method='java/util/Arrays fill ([Ljava/lang/Object;Ljava/lang/Object;)V' bytes='21' count='7' backedge_count='44' iicount='7' decompiles='1' array_check_traps='3' predicate_traps='1'/>
</uncommon_trap>
DEOPT PACKING thread 0x00007fbf1d009000 Compiled frame (sp=0x000000030e00ef20 unextended sp=0x000000030e00ef20, fp=0x0000000000000008, real_fp=0x000000030e00ef70, pc=0x000000011563dc6c)
     nmethod   5687  772             java.util.Arrays::fill (21 bytes)

     Virtual frames (innermost first):
        0 - frame( sp=0x000000030e00ef20, unextended_sp=0x000000030e00ef20, fp=0x0000000000000008, pc=0x000000011563dc6c)
java.util.Arrays.fill(Arrays.java:3130) - aastore @ bci 13 
     Created vframeArray 0x00007fbf1d858820
DEOPT UNPACKING thread 0x00007fbf1d009000 vframeArray 0x00007fbf1d858820 mode 2
     {method} {0x000000011c465398} &apos;fill&apos; &apos;([Ljava/lang/Object;Ljava/lang/Object;)V&apos; in &apos;java/util/Arrays&apos; - aastore @ bci 13 sp = 0x000000030e00eee8
<uncommon_trap thread='10243' reason='unloaded' action='reinterpret' index='11' compile_id='372' compiler='C2' unresolved='1' name='java/lang/StringBuilder' stamp='5.689'>
Uncommon trap occurred in java.lang.Class::getSimpleName (@0x000000011556bb9c) thread=10243 reason=unloaded action=reinterpret unloaded_class_index=11 unresolved class: java/lang/StringBuilder
<jvms bci='7' method='java/lang/Class getSimpleName ()Ljava/lang/String;' bytes='120' count='10' backedge_count='1' iicount='20'/>
</uncommon_trap>
DEOPT PACKING thread 0x00007fbf1d009000 Compiled frame (sp=0x000000030e00ec50 unextended sp=0x000000030e00ec50, fp=0x0000000795584090, real_fp=0x000000030e00ec90, pc=0x000000011556bb9c)
     nmethod   5689  372             java.lang.Class::getSimpleName (120 bytes)

     Virtual frames (innermost first):
        0 - frame( sp=0x000000030e00ec50, unextended_sp=0x000000030e00ec50, fp=0x0000000795584090, pc=0x000000011556bb9c)
java.lang.Class.getSimpleName(Class.java:1307) - new @ bci 7 
     Created vframeArray 0x00007fbf1d071a20
DEOPT UNPACKING thread 0x00007fbf1d009000 vframeArray 0x00007fbf1d071a20 mode 2
     {method} {0x000000011c325770} &apos;getSimpleName&apos; &apos;()Ljava/lang/String;&apos; in &apos;java/lang/Class&apos; - new @ bci 7 sp = 0x000000030e00ec28
<uncommon_trap thread='10243' reason='null_assert' action='make_not_entrant' compile_id='465' compiler='C2' stamp='5.690'>
Uncommon trap occurred in java.lang.invoke.MemberName$Factory::resolveOrFail (@0x0000000115598968) thread=10243 reason=null_assert action=make_not_entrant unloaded_class_index=-1
<jvms bci='29' method='java/lang/invoke/MemberName$Factory resolveOrFail (BLjava/lang/invoke/MemberName;Ljava/lang/Class;Ljava/lang/Class;)Ljava/lang/invoke/MemberName;' bytes='52' count='10' backedge_count='1' iicount='20'/>
</uncommon_trap>
DEOPT PACKING thread 0x00007fbf1d009000 Compiled frame (sp=0x000000030e00eeb0 unextended sp=0x000000030e00eeb0, fp=0x0000000795674bb0, real_fp=0x000000030e00eee0, pc=0x0000000115598968)
     nmethod   5689  465             java.lang.invoke.MemberName$Factory::resolveOrFail (52 bytes)

     Virtual frames (innermost first):
        0 - frame( sp=0x000000030e00eeb0, unextended_sp=0x000000030e00eeb0, fp=0x0000000795674bb0, pc=0x0000000115598968)
java.lang.invoke.MemberName$Factory.resolveOrFail(MemberName.java:1004) - instanceof @ bci 29 
     Created vframeArray 0x00007fbf1d858820
DEOPT UNPACKING thread 0x00007fbf1d009000 vframeArray 0x00007fbf1d858820 mode 2
     {method} {0x000000011c570a20} &apos;resolveOrFail&apos; &apos;(BLjava/lang/invoke/MemberName;Ljava/lang/Class;Ljava/lang/Class;)Ljava/lang/invoke/MemberName;&apos; in &apos;java/lang/invoke/MemberName$Factory&apos; - instanceof @ bci 29 sp = 0x000000030e00ee50
<uncommon_trap thread='10243' reason='null_check' action='make_not_entrant' compile_id='602' compiler='C2' stamp='5.691'>
Uncommon trap occurred in java.util.ArrayList::add (@0x00000001155e8bd4) thread=10243 reason=null_check action=make_not_entrant unloaded_class_index=-1
<jvms bci='26' method='java/util/ArrayList add (Ljava/lang/Object;)Z' bytes='29' count='10' backedge_count='1' iicount='20'/>
</uncommon_trap>
DEOPT PACKING thread 0x00007fbf1d009000 Compiled frame (sp=0x000000030e00f030 unextended sp=0x000000030e00f030, fp=0x00000000f2afce27, real_fp=0x000000030e00f060, pc=0x00000001155e8bd4)
     nmethod   5690  602             java.util.ArrayList::add (29 bytes)

     Virtual frames (innermost first):
        0 - frame( sp=0x000000030e00f030, unextended_sp=0x000000030e00f030, fp=0x00000000f2afce27, pc=0x00000001155e8bd4)
java.util.ArrayList.add(ArrayList.java:465) - aastore @ bci 26 
     Created vframeArray 0x00007fbf1d071a20
DEOPT UNPACKING thread 0x00007fbf1d009000 vframeArray 0x00007fbf1d071a20 mode 2
     {method} {0x000000011c40cbf8} &apos;add&apos; &apos;(Ljava/lang/Object;)Z&apos; in &apos;java/util/ArrayList&apos; - aastore @ bci 26 sp = 0x000000030e00eff8
<uncommon_trap thread='10243' reason='class_check' action='maybe_recompile' compile_id='741' compiler='C2' stamp='5.839'>
Uncommon trap occurred in java.lang.invoke.InvokerBytecodeGenerator::generateCustomizedCodeBytes (@0x000000011563ab48) thread=10243 reason=class_check action=maybe_recompile unloaded_class_index=-1
<jvms bci='17' method='java/lang/invoke/LambdaForm$NamedFunction intrinsicName ()Ljava/lang/invoke/MethodHandleImpl$Intrinsic;' bytes='21' count='10' backedge_count='1' iicount='20'/>
<jvms bci='180' method='java/lang/invoke/InvokerBytecodeGenerator generateCustomizedCodeBytes ()[B' bytes='604' count='10' backedge_count='12' iicount='11' decompiles='1'/>
</uncommon_trap>
DEOPT PACKING thread 0x00007fbf1d009000 Compiled frame (sp=0x000000030e00eaf0 unextended sp=0x000000030e00eaf0, fp=0x00000000f2ad374b, real_fp=0x000000030e00eb50, pc=0x000000011563ab48)
     nmethod   5839  741             java.lang.invoke.InvokerBytecodeGenerator::generateCustomizedCodeBytes (604 bytes)

     Virtual frames (innermost first):
        0 - frame( sp=0x000000030e00eaf0, unextended_sp=0x000000030e00eaf0, fp=0x00000000f2ad374b, pc=0x000000011563ab48)
java.lang.invoke.LambdaForm$NamedFunction.intrinsicName(LambdaForm.java:1328) - invokevirtual @ bci 17 
        1 - frame( sp=0x000000030e00eaf0, unextended_sp=0x000000030e00eaf0, fp=0x00000000f2ad374b, pc=0x000000011563ab48)
java.lang.invoke.InvokerBytecodeGenerator.generateCustomizedCodeBytes(InvokerBytecodeGenerator.java:668) - invokevirtual @ bci 180 
     Created vframeArray 0x00007fbf1c844e20
DEOPT UNPACKING thread 0x00007fbf1d009000 vframeArray 0x00007fbf1c844e20 mode 2
     {method} {0x000000011c6c91b8} &apos;generateCustomizedCodeBytes&apos; &apos;()[B&apos; in &apos;java/lang/invoke/InvokerBytecodeGenerator&apos; - invokevirtual @ bci 180 sp = 0x000000030e00eac8
     {method} {0x000000011c6a3a70} &apos;intrinsicName&apos; &apos;()Ljava/lang/invoke/MethodHandleImpl$Intrinsic;&apos; in &apos;java/lang/invoke/LambdaForm$NamedFunction&apos; - invokevirtual @ bci 17 sp = 0x000000030e00ea70
<uncommon_trap thread='10243' reason='class_check' action='maybe_recompile' compile_id='641' compiler='C2' stamp='5.841'>
Uncommon trap occurred in java.lang.invoke.MethodType::listToArray (@0x00000001155eff54) thread=10243 reason=class_check action=maybe_recompile unloaded_class_index=-1
<jvms bci='1' method='java/lang/invoke/MethodType listToArray (Ljava/util/List;)[Ljava/lang/Class;' bytes='22' count='10' backedge_count='1' iicount='20'/>
</uncommon_trap>
DEOPT PACKING thread 0x00007fbf1d009000 Compiled frame (sp=0x000000030e00ecf0 unextended sp=0x000000030e00ecf0, fp=0x000000030e00ed80, real_fp=0x000000030e00ed20, pc=0x00000001155eff54)
     nmethod   5840  641             java.lang.invoke.MethodType::listToArray (22 bytes)

     Virtual frames (innermost first):
        0 - frame( sp=0x000000030e00ecf0, unextended_sp=0x000000030e00ecf0, fp=0x000000030e00ed80, pc=0x00000001155eff54)
java.lang.invoke.MethodType.listToArray(MethodType.java:227) - invokeinterface @ bci 1 
     Created vframeArray 0x00007fbf1c834c20
DEOPT UNPACKING thread 0x00007fbf1d009000 vframeArray 0x00007fbf1c834c20 mode 2
     {method} {0x000000011c392a50} &apos;listToArray&apos; &apos;(Ljava/util/List;)[Ljava/lang/Class;&apos; in &apos;java/lang/invoke/MethodType&apos; - invokeinterface @ bci 1 sp = 0x000000030e00ecc8
<uncommon_trap thread='10243' reason='class_check' action='maybe_recompile' compile_id='741' compiler='C2' count='1' state='class_check' stamp='5.846'>
Uncommon trap occurred in java.lang.invoke.InvokerBytecodeGenerator::generateCustomizedCodeBytes (@0x000000011563ab48) thread=10243 reason=class_check action=maybe_recompile unloaded_class_index=-1
<jvms bci='17' method='java/lang/invoke/LambdaForm$NamedFunction intrinsicName ()Ljava/lang/invoke/MethodHandleImpl$Intrinsic;' bytes='21' count='10' backedge_count='1' iicount='20' class_check_traps='1'/>
<jvms bci='180' method='java/lang/invoke/InvokerBytecodeGenerator generateCustomizedCodeBytes ()[B' bytes='604' count='10' backedge_count='14' iicount='11' decompiles='1'/>
</uncommon_trap>
DEOPT PACKING thread 0x00007fbf1d009000 Compiled frame (sp=0x000000030e00eba0 unextended sp=0x000000030e00eba0, fp=0x00000000f2af046a, real_fp=0x000000030e00ec00, pc=0x000000011563ab48)
     nmethod   5845  741             java.lang.invoke.InvokerBytecodeGenerator::generateCustomizedCodeBytes (604 bytes)

     Virtual frames (innermost first):
        0 - frame( sp=0x000000030e00eba0, unextended_sp=0x000000030e00eba0, fp=0x00000000f2af046a, pc=0x000000011563ab48)
java.lang.invoke.LambdaForm$NamedFunction.intrinsicName(LambdaForm.java:1328) - invokevirtual @ bci 17 
        1 - frame( sp=0x000000030e00eba0, unextended_sp=0x000000030e00eba0, fp=0x00000000f2af046a, pc=0x000000011563ab48)
java.lang.invoke.InvokerBytecodeGenerator.generateCustomizedCodeBytes(InvokerBytecodeGenerator.java:668) - invokevirtual @ bci 180 
     Created vframeArray 0x00007fbf1b887c20
DEOPT UNPACKING thread 0x00007fbf1d009000 vframeArray 0x00007fbf1b887c20 mode 2
     {method} {0x000000011c6c91b8} &apos;generateCustomizedCodeBytes&apos; &apos;()[B&apos; in &apos;java/lang/invoke/InvokerBytecodeGenerator&apos; - invokevirtual @ bci 180 sp = 0x000000030e00eb78
     {method} {0x000000011c6a3a70} &apos;intrinsicName&apos; &apos;()Ljava/lang/invoke/MethodHandleImpl$Intrinsic;&apos; in &apos;java/lang/invoke/LambdaForm$NamedFunction&apos; - invokevirtual @ bci 17 sp = 0x000000030e00eb20
<uncommon_trap thread='10243' reason='class_check' action='maybe_recompile' compile_id='741' compiler='C2' count='2' state='class_check' stamp='5.849'>
Uncommon trap occurred in java.lang.invoke.InvokerBytecodeGenerator::generateCustomizedCodeBytes (@0x000000011563ab48) thread=10243 reason=class_check action=maybe_recompile unloaded_class_index=-1
<jvms bci='17' method='java/lang/invoke/LambdaForm$NamedFunction intrinsicName ()Ljava/lang/invoke/MethodHandleImpl$Intrinsic;' bytes='21' count='10' backedge_count='1' iicount='20' class_check_traps='2'/>
<jvms bci='180' method='java/lang/invoke/InvokerBytecodeGenerator generateCustomizedCodeBytes ()[B' bytes='604' count='10' backedge_count='14' iicount='11' decompiles='1'/>
</uncommon_trap>
DEOPT PACKING thread 0x00007fbf1d009000 Compiled frame (sp=0x000000030e00e340 unextended sp=0x000000030e00e340, fp=0x00000000f2ad374b, real_fp=0x000000030e00e3a0, pc=0x000000011563ab48)
     nmethod   5849  741             java.lang.invoke.InvokerBytecodeGenerator::generateCustomizedCodeBytes (604 bytes)

     Virtual frames (innermost first):
        0 - frame( sp=0x000000030e00e340, unextended_sp=0x000000030e00e340, fp=0x00000000f2ad374b, pc=0x000000011563ab48)
java.lang.invoke.LambdaForm$NamedFunction.intrinsicName(LambdaForm.java:1328) - invokevirtual @ bci 17 
        1 - frame( sp=0x000000030e00e340, unextended_sp=0x000000030e00e340, fp=0x00000000f2ad374b, pc=0x000000011563ab48)
java.lang.invoke.InvokerBytecodeGenerator.generateCustomizedCodeBytes(InvokerBytecodeGenerator.java:668) - invokevirtual @ bci 180 
     Created vframeArray 0x00007fbf1d860020
DEOPT UNPACKING thread 0x00007fbf1d009000 vframeArray 0x00007fbf1d860020 mode 2
     {method} {0x000000011c6c91b8} &apos;generateCustomizedCodeBytes&apos; &apos;()[B&apos; in &apos;java/lang/invoke/InvokerBytecodeGenerator&apos; - invokevirtual @ bci 180 sp = 0x000000030e00e318
     {method} {0x000000011c6a3a70} &apos;intrinsicName&apos; &apos;()Ljava/lang/invoke/MethodHandleImpl$Intrinsic;&apos; in &apos;java/lang/invoke/LambdaForm$NamedFunction&apos; - invokevirtual @ bci 17 sp = 0x000000030e00e2c0
<uncommon_trap thread='10243' reason='class_check' action='maybe_recompile' compile_id='747' compiler='C2' count='3' state='class_check' stamp='5.851'>
Uncommon trap occurred in java.lang.invoke.LambdaForm$NamedFunction::intrinsicName (@0x0000000115637748) thread=10243 reason=class_check action=maybe_recompile unloaded_class_index=-1
<jvms bci='17' method='java/lang/invoke/LambdaForm$NamedFunction intrinsicName ()Ljava/lang/invoke/MethodHandleImpl$Intrinsic;' bytes='21' count='10' backedge_count='1' iicount='20' class_check_traps='3'/>
</uncommon_trap>
DEOPT PACKING thread 0x00007fbf1d009000 Compiled frame (sp=0x000000030e00eb50 unextended sp=0x000000030e00eb50, fp=0x00000000f2ad374b, real_fp=0x000000030e00eb70, pc=0x0000000115637748)
     nmethod   5851  747             java.lang.invoke.LambdaForm$NamedFunction::intrinsicName (21 bytes)

     Virtual frames (innermost first):
        0 - frame( sp=0x000000030e00eb50, unextended_sp=0x000000030e00eb50, fp=0x00000000f2ad374b, pc=0x0000000115637748)
java.lang.invoke.LambdaForm$NamedFunction.intrinsicName(LambdaForm.java:1328) - invokevirtual @ bci 17 
     Created vframeArray 0x00007fbf1d860820
DEOPT UNPACKING thread 0x00007fbf1d009000 vframeArray 0x00007fbf1d860820 mode 2
     {method} {0x000000011c6a3a70} &apos;intrinsicName&apos; &apos;()Ljava/lang/invoke/MethodHandleImpl$Intrinsic;&apos; in &apos;java/lang/invoke/LambdaForm$NamedFunction&apos; - invokevirtual @ bci 17 sp = 0x000000030e00eb18
<uncommon_trap thread='10243' reason='class_check' action='maybe_recompile' compile_id='741' compiler='C2' count='4' state='class_check recompiled' stamp='5.855'>
Uncommon trap occurred in java.lang.invoke.InvokerBytecodeGenerator::generateCustomizedCodeBytes (@0x000000011563ab48) thread=10243 reason=class_check action=maybe_recompile unloaded_class_index=-1
<jvms bci='17' method='java/lang/invoke/LambdaForm$NamedFunction intrinsicName ()Ljava/lang/invoke/MethodHandleImpl$Intrinsic;' bytes='21' count='11' backedge_count='1' iicount='21' decompiles='1' class_check_traps='4'/>
<jvms bci='180' method='java/lang/invoke/InvokerBytecodeGenerator generateCustomizedCodeBytes ()[B' bytes='604' count='10' backedge_count='19' iicount='11' decompiles='1'/>
</uncommon_trap>
DEOPT PACKING thread 0x00007fbf1d009000 Compiled frame (sp=0x000000030e00fab0 unextended sp=0x000000030e00fab0, fp=0x00000000f2af046a, real_fp=0x000000030e00fb10, pc=0x000000011563ab48)
     nmethod   5855  741             java.lang.invoke.InvokerBytecodeGenerator::generateCustomizedCodeBytes (604 bytes)

     Virtual frames (innermost first):
        0 - frame( sp=0x000000030e00fab0, unextended_sp=0x000000030e00fab0, fp=0x00000000f2af046a, pc=0x000000011563ab48)
java.lang.invoke.LambdaForm$NamedFunction.intrinsicName(LambdaForm.java:1328) - invokevirtual @ bci 17 
        1 - frame( sp=0x000000030e00fab0, unextended_sp=0x000000030e00fab0, fp=0x00000000f2af046a, pc=0x000000011563ab48)
java.lang.invoke.InvokerBytecodeGenerator.generateCustomizedCodeBytes(InvokerBytecodeGenerator.java:668) - invokevirtual @ bci 180 
     Created vframeArray 0x00007fbf1c834c20
DEOPT UNPACKING thread 0x00007fbf1d009000 vframeArray 0x00007fbf1c834c20 mode 2
     {method} {0x000000011c6c91b8} &apos;generateCustomizedCodeBytes&apos; &apos;()[B&apos; in &apos;java/lang/invoke/InvokerBytecodeGenerator&apos; - invokevirtual @ bci 180 sp = 0x000000030e00fa88
     {method} {0x000000011c6a3a70} &apos;intrinsicName&apos; &apos;()Ljava/lang/invoke/MethodHandleImpl$Intrinsic;&apos; in &apos;java/lang/invoke/LambdaForm$NamedFunction&apos; - invokevirtual @ bci 17 sp = 0x000000030e00fa30
<uncommon_trap thread='10243' reason='null_assert' action='make_not_entrant' compile_id='567' compiler='C2' stamp='5.901'>
Uncommon trap occurred in jdk.internal.org.objectweb.asm.ClassWriter::toByteArray (@0x00000001155dc668) thread=10243 reason=null_assert action=make_not_entrant unloaded_class_index=-1
<jvms bci='35' method='jdk/internal/org/objectweb/asm/ClassWriter toByteArray ()[B' bytes='1289' count='8' backedge_count='12' iicount='8'/>
</uncommon_trap>
DEOPT PACKING thread 0x00007fbf1d009000 Compiled frame (sp=0x000000030e00ff80 unextended sp=0x000000030e00ff80, fp=0x000000079581f520, real_fp=0x000000030e00ffe0, pc=0x00000001155dc668)
     nmethod   5900  567             jdk.internal.org.objectweb.asm.ClassWriter::toByteArray (1289 bytes)

     Virtual frames (innermost first):
        0 - frame( sp=0x000000030e00ff80, unextended_sp=0x000000030e00ff80, fp=0x000000079581f520, pc=0x00000001155dc668)
jdk.internal.org.objectweb.asm.ClassWriter.toByteArray(ClassWriter.java:846) - astore_3 @ bci 35 
     Created vframeArray 0x00007fbf1d071a20
DEOPT UNPACKING thread 0x00007fbf1d009000 vframeArray 0x00007fbf1d071a20 mode 2
     {method} {0x000000011c6d1b78} &apos;toByteArray&apos; &apos;()[B&apos; in &apos;jdk/internal/org/objectweb/asm/ClassWriter&apos; - astore_3 @ bci 35 sp = 0x000000030e00ff40
<dependency_failed type='abstract_with_unique_concrete_subtype' ctxk='java/util/HashMap$HashIterator' x='java/util/HashMap$ValueIterator' witness='java/util/HashMap$EntryIterator' stamp='5.912'/>
<dependency_failed type='abstract_with_unique_concrete_subtype' ctxk='java/util/HashMap$HashIterator' x='java/util/HashMap$ValueIterator' witness='java/util/HashMap$EntryIterator' stamp='5.912'/>
<uncommon_trap thread='10243' reason='unstable_if' action='reinterpret' compile_id='841' compiler='C2' stamp='5.920'>
Uncommon trap occurred in java.util.HashMap$HashIterator::nextNode (@0x0000000115660f74) thread=10243 reason=unstable_if action=reinterpret unloaded_class_index=-1
<jvms bci='95' method='java/util/HashMap$HashIterator nextNode ()Ljava/util/HashMap$Node;' bytes='100' count='2' backedge_count='12' iicount='4' decompiles='1'/>
</uncommon_trap>
DEOPT PACKING thread 0x00007fbf1d009000 Compiled frame (sp=0x000000030e00f4a0 unextended sp=0x000000030e00f4a0, fp=0x000000079582eda0, real_fp=0x000000030e00f4d0, pc=0x0000000115660f74)
     nmethod   5919  841             java.util.HashMap$HashIterator::nextNode (100 bytes)

     Virtual frames (innermost first):
        0 - frame( sp=0x000000030e00f4a0, unextended_sp=0x000000030e00f4a0, fp=0x000000079582eda0, pc=0x0000000115660f74)
java.util.HashMap$HashIterator.nextNode(HashMap.java:1473) - ifnull @ bci 95 
     Created vframeArray 0x00007fbf1d07ba20
DEOPT UNPACKING thread 0x00007fbf1d009000 vframeArray 0x00007fbf1d07ba20 mode 2
     {method} {0x000000011c6fcc18} &apos;nextNode&apos; &apos;()Ljava/util/HashMap$Node;&apos; in &apos;java/util/HashMap$HashIterator&apos; - ifnull @ bci 95 sp = 0x000000030e00f468
<uncommon_trap thread='10243' reason='class_check' action='maybe_recompile' compile_id='152' compiler='C2' count='1' state='class_check' stamp='5.920'>
Uncommon trap occurred in java.util.HashMap::putVal (@0x00000001154f653c) thread=10243 reason=class_check action=maybe_recompile unloaded_class_index=-1
<jvms bci='152' method='java/util/HashMap putVal (ILjava/lang/Object;Ljava/lang/Object;ZZ)Ljava/lang/Object;' bytes='300' count='5' backedge_count='1' iicount='20' class_check_traps='1'/>
</uncommon_trap>
DEOPT PACKING thread 0x00007fbf1d009000 Compiled frame (sp=0x000000030e00f4e0 unextended sp=0x000000030e00f4e0, fp=0x00000000f80039e2, real_fp=0x000000030e00f550, pc=0x00000001154f653c)
     nmethod   5920  152             java.util.HashMap::putVal (300 bytes)

     Virtual frames (innermost first):
        0 - frame( sp=0x000000030e00f4e0, unextended_sp=0x000000030e00f4e0, fp=0x00000000f80039e2, pc=0x00000001154f653c)
java.util.HashMap.putVal(HashMap.java:643) - invokevirtual @ bci 152 
     Created vframeArray 0x00007fbf1d860820
DEOPT UNPACKING thread 0x00007fbf1d009000 vframeArray 0x00007fbf1d860820 mode 2
     {method} {0x000000011c42b4d0} &apos;putVal&apos; &apos;(ILjava/lang/Object;Ljava/lang/Object;ZZ)Ljava/lang/Object;&apos; in &apos;java/util/HashMap&apos; - invokevirtual @ bci 152 sp = 0x000000030e00f498
<uncommon_trap thread='10243' reason='class_check' action='maybe_recompile' compile_id='427' compiler='C2' stamp='5.921'>
Uncommon trap occurred in java.util.Arrays::equals (@0x0000000115588b10) thread=10243 reason=class_check action=maybe_recompile unloaded_class_index=-1
<jvms bci='62' method='java/util/Arrays equals ([Ljava/lang/Object;[Ljava/lang/Object;)Z' bytes='78' count='6' backedge_count='12' iicount='6'/>
</uncommon_trap>
DEOPT PACKING thread 0x00007fbf1d009000 Compiled frame (sp=0x000000030e0104e0 unextended sp=0x000000030e0104e0, fp=0x00000000f2afff2a, real_fp=0x000000030e010520, pc=0x0000000115588b10)
     nmethod   5920  427             java.util.Arrays::equals (78 bytes)

     Virtual frames (innermost first):
        0 - frame( sp=0x000000030e0104e0, unextended_sp=0x000000030e0104e0, fp=0x00000000f2afff2a, pc=0x0000000115588b10)
java.util.Arrays.equals(Arrays.java:2829) - invokevirtual @ bci 62 
     Created vframeArray 0x00007fbf1d85f020
DEOPT UNPACKING thread 0x00007fbf1d009000 vframeArray 0x00007fbf1d85f020 mode 2
     {method} {0x000000011c464328} &apos;equals&apos; &apos;([Ljava/lang/Object;[Ljava/lang/Object;)Z&apos; in &apos;java/util/Arrays&apos; - invokevirtual @ bci 62 sp = 0x000000030e0104a0
<uncommon_trap thread='10243' reason='unstable_if' action='reinterpret' compile_id='677' compiler='C2' stamp='5.953'>
Uncommon trap occurred in java.lang.invoke.LambdaForm::&lt;init&gt; (@0x0000000115606380) thread=10243 reason=unstable_if action=reinterpret unloaded_class_index=-1
<jvms bci='35' method='java/lang/invoke/LambdaForm normalize ()I' bytes='322' count='4' backedge_count='16' iicount='17' decompiles='3' uninitialized_traps='3'/>
<jvms bci='78' method='java/lang/invoke/LambdaForm &lt;init&gt; (Ljava/lang/String;I[Ljava/lang/invoke/LambdaForm$Name;IZLjava/lang/invoke/MethodHandle;)V' bytes='119' count='10' backedge_count='1' iicount='20'/>
<jvms bci='8' method='java/lang/invoke/LambdaForm &lt;init&gt; (Ljava/lang/String;I[Ljava/lang/invoke/LambdaForm$Name;I)V' bytes='12' count='10' backedge_count='1' iicount='20'/>
</uncommon_trap>
DEOPT PACKING thread 0x00007fbf1d009000 Compiled frame (sp=0x000000030e010450 unextended sp=0x000000030e010450, fp=0x0000000000000001, real_fp=0x000000030e0104b0, pc=0x0000000115606380)
     nmethod   5952  677             java.lang.invoke.LambdaForm::&lt;init&gt; (12 bytes)

     Virtual frames (innermost first):
        0 - frame( sp=0x000000030e010450, unextended_sp=0x000000030e010450, fp=0x0000000000000001, pc=0x0000000115606380)
java.lang.invoke.LambdaForm.normalize(LambdaForm.java:412) - ifne @ bci 35 
        1 - frame( sp=0x000000030e010450, unextended_sp=0x000000030e010450, fp=0x0000000000000001, pc=0x0000000115606380)
java.lang.invoke.LambdaForm.&lt;init&gt;(LambdaForm.java:260) - invokespecial @ bci 78 
        2 - frame( sp=0x000000030e010450, unextended_sp=0x000000030e010450, fp=0x0000000000000001, pc=0x0000000115606380)
java.lang.invoke.LambdaForm.&lt;init&gt;(LambdaForm.java:249) - invokespecial @ bci 8 
     Created vframeArray 0x00007fbf1c834c20
DEOPT UNPACKING thread 0x00007fbf1d009000 vframeArray 0x00007fbf1c834c20 mode 2
     {method} {0x000000011c389a30} &apos;&lt;init&gt;&apos; &apos;(Ljava/lang/String;I[Ljava/lang/invoke/LambdaForm$Name;I)V&apos; in &apos;java/lang/invoke/LambdaForm&apos; - invokespecial @ bci 8 sp = 0x000000030e010420
     {method} {0x000000011c389bc0} &apos;&lt;init&gt;&apos; &apos;(Ljava/lang/String;I[Ljava/lang/invoke/LambdaForm$Name;IZLjava/lang/invoke/MethodHandle;)V&apos; in &apos;java/lang/invoke/LambdaForm&apos; - invokespecial @ bci 78 sp = 0x000000030e010388
     {method} {0x000000011c38ad08} &apos;normalize&apos; &apos;()I&apos; in &apos;java/lang/invoke/LambdaForm&apos; - ifne @ bci 35 sp = 0x000000030e010330
<uncommon_trap thread='10243' reason='class_check' action='maybe_recompile' compile_id='427' compiler='C2' count='1' state='class_check' stamp='6.020'>
Uncommon trap occurred in java.util.Arrays::equals (@0x0000000115588b10) thread=10243 reason=class_check action=maybe_recompile unloaded_class_index=-1
<jvms bci='62' method='java/util/Arrays equals ([Ljava/lang/Object;[Ljava/lang/Object;)Z' bytes='78' count='6' backedge_count='13' iicount='6' class_check_traps='1'/>
</uncommon_trap>
DEOPT PACKING thread 0x00007fbf1d009000 Compiled frame (sp=0x000000030e0105b0 unextended sp=0x000000030e0105b0, fp=0x00000000f2b03795, real_fp=0x000000030e0105f0, pc=0x0000000115588b10)
     nmethod   6019  427             java.util.Arrays::equals (78 bytes)

     Virtual frames (innermost first):
        0 - frame( sp=0x000000030e0105b0, unextended_sp=0x000000030e0105b0, fp=0x00000000f2b03795, pc=0x0000000115588b10)
java.util.Arrays.equals(Arrays.java:2829) - invokevirtual @ bci 62 
     Created vframeArray 0x00007fbf1c849a20
DEOPT UNPACKING thread 0x00007fbf1d009000 vframeArray 0x00007fbf1c849a20 mode 2
     {method} {0x000000011c464328} &apos;equals&apos; &apos;([Ljava/lang/Object;[Ljava/lang/Object;)Z&apos; in &apos;java/util/Arrays&apos; - invokevirtual @ bci 62 sp = 0x000000030e010570
<uncommon_trap thread='10243' reason='predicate' action='maybe_recompile' compile_id='845' compiler='C2' stamp='6.035'>
Uncommon trap occurred in java.util.Arrays::fill (@0x0000000115660550) thread=10243 reason=predicate action=maybe_recompile unloaded_class_index=-1
<jvms bci='16' method='java/util/Arrays fill ([Ljava/lang/Object;IILjava/lang/Object;)V' bytes='28' count='10' backedge_count='11' iicount='11'/>
</uncommon_trap>
DEOPT PACKING thread 0x00007fbf1d009000 Compiled frame (sp=0x000000030e0104b0 unextended sp=0x000000030e0104b0, fp=0x0000000000000000, real_fp=0x000000030e010500, pc=0x0000000115660550)
     nmethod   6035  845             java.util.Arrays::fill (28 bytes)

     Virtual frames (innermost first):
        0 - frame( sp=0x000000030e0104b0, unextended_sp=0x000000030e0104b0, fp=0x0000000000000000, pc=0x0000000115660550)
java.util.Arrays.fill(Arrays.java:3155) - fast_aload_0 @ bci 16 
     Created vframeArray 0x00007fbf1b887c20
DEOPT UNPACKING thread 0x00007fbf1d009000 vframeArray 0x00007fbf1b887c20 mode 2
     {method} {0x000000011c465498} &apos;fill&apos; &apos;([Ljava/lang/Object;IILjava/lang/Object;)V&apos; in &apos;java/util/Arrays&apos; - aload_0 @ bci 16 sp = 0x000000030e0104a8
<uncommon_trap thread='10243' reason='class_check' action='maybe_recompile' compile_id='427' compiler='C2' count='2' state='class_check' stamp='6.196'>
Uncommon trap occurred in java.util.Arrays::equals (@0x0000000115588b10) thread=10243 reason=class_check action=maybe_recompile unloaded_class_index=-1
<jvms bci='62' method='java/util/Arrays equals ([Ljava/lang/Object;[Ljava/lang/Object;)Z' bytes='78' count='6' backedge_count='14' iicount='6' class_check_traps='2'/>
</uncommon_trap>
DEOPT PACKING thread 0x00007fbf1d009000 Compiled frame (sp=0x000000030e0105b0 unextended sp=0x000000030e0105b0, fp=0x00000000f2b06386, real_fp=0x000000030e0105f0, pc=0x0000000115588b10)
     nmethod   6196  427             java.util.Arrays::equals (78 bytes)

     Virtual frames (innermost first):
        0 - frame( sp=0x000000030e0105b0, unextended_sp=0x000000030e0105b0, fp=0x00000000f2b06386, pc=0x0000000115588b10)
java.util.Arrays.equals(Arrays.java:2829) - invokevirtual @ bci 62 
     Created vframeArray 0x00007fbf1d85f020
DEOPT UNPACKING thread 0x00007fbf1d009000 vframeArray 0x00007fbf1d85f020 mode 2
     {method} {0x000000011c464328} &apos;equals&apos; &apos;([Ljava/lang/Object;[Ljava/lang/Object;)Z&apos; in &apos;java/util/Arrays&apos; - invokevirtual @ bci 62 sp = 0x000000030e010570
<uncommon_trap thread='10243' reason='class_check' action='maybe_recompile' compile_id='427' compiler='C2' count='3' state='class_check' stamp='6.197'>
Uncommon trap occurred in java.util.Arrays::equals (@0x0000000115588b10) thread=10243 reason=class_check action=maybe_recompile unloaded_class_index=-1
<jvms bci='62' method='java/util/Arrays equals ([Ljava/lang/Object;[Ljava/lang/Object;)Z' bytes='78' count='6' backedge_count='15' iicount='6' class_check_traps='3'/>
</uncommon_trap>
DEOPT PACKING thread 0x00007fbf1d009000 Compiled frame (sp=0x000000030e0105b0 unextended sp=0x000000030e0105b0, fp=0x00000000f2b06386, real_fp=0x000000030e0105f0, pc=0x0000000115588b10)
     nmethod   6196  427             java.util.Arrays::equals (78 bytes)

     Virtual frames (innermost first):
        0 - frame( sp=0x000000030e0105b0, unextended_sp=0x000000030e0105b0, fp=0x00000000f2b06386, pc=0x0000000115588b10)
java.util.Arrays.equals(Arrays.java:2829) - invokevirtual @ bci 62 
     Created vframeArray 0x00007fbf1d861220
DEOPT UNPACKING thread 0x00007fbf1d009000 vframeArray 0x00007fbf1d861220 mode 2
     {method} {0x000000011c464328} &apos;equals&apos; &apos;([Ljava/lang/Object;[Ljava/lang/Object;)Z&apos; in &apos;java/util/Arrays&apos; - invokevirtual @ bci 62 sp = 0x000000030e010570
<uncommon_trap thread='10243' reason='array_check' action='maybe_recompile' compile_id='847' compiler='C2' stamp='6.230'>
Uncommon trap occurred in java.util.Arrays::fill (@0x0000000115668abc) thread=10243 reason=array_check action=maybe_recompile unloaded_class_index=-1
<jvms bci='20' method='java/util/Arrays fill ([Ljava/lang/Object;IILjava/lang/Object;)V' bytes='28' count='10' backedge_count='11' iicount='12' decompiles='1' predicate_traps='1'/>
</uncommon_trap>
DEOPT PACKING thread 0x00007fbf1d009000 Compiled frame (sp=0x000000030e0104b0 unextended sp=0x000000030e0104b0, fp=0x0000000000000001, real_fp=0x000000030e010500, pc=0x0000000115668abc)
     nmethod   6230  847             java.util.Arrays::fill (28 bytes)

     Virtual frames (innermost first):
        0 - frame( sp=0x000000030e0104b0, unextended_sp=0x000000030e0104b0, fp=0x0000000000000001, pc=0x0000000115668abc)
java.util.Arrays.fill(Arrays.java:3155) - aastore @ bci 20 
     Created vframeArray 0x00007fbf1c849a20
DEOPT UNPACKING thread 0x00007fbf1d009000 vframeArray 0x00007fbf1c849a20 mode 2
     {method} {0x000000011c465498} &apos;fill&apos; &apos;([Ljava/lang/Object;IILjava/lang/Object;)V&apos; in &apos;java/util/Arrays&apos; - aastore @ bci 20 sp = 0x000000030e010490
<uncommon_trap thread='10243' reason='array_check' action='maybe_recompile' compile_id='847' compiler='C2' count='1' state='array_check' stamp='6.231'>
Uncommon trap occurred in java.util.Arrays::fill (@0x0000000115668abc) thread=10243 reason=array_check action=maybe_recompile unloaded_class_index=-1
<jvms bci='20' method='java/util/Arrays fill ([Ljava/lang/Object;IILjava/lang/Object;)V' bytes='28' count='10' backedge_count='12' iicount='12' decompiles='1' array_check_traps='1' predicate_traps='1'/>
</uncommon_trap>
DEOPT PACKING thread 0x00007fbf1d009000 Compiled frame (sp=0x000000030e0104b0 unextended sp=0x000000030e0104b0, fp=0x0000000000000001, real_fp=0x000000030e010500, pc=0x0000000115668abc)
     nmethod   6230  847             java.util.Arrays::fill (28 bytes)

     Virtual frames (innermost first):
        0 - frame( sp=0x000000030e0104b0, unextended_sp=0x000000030e0104b0, fp=0x0000000000000001, pc=0x0000000115668abc)
java.util.Arrays.fill(Arrays.java:3155) - aastore @ bci 20 
     Created vframeArray 0x00007fbf1d861220
DEOPT UNPACKING thread 0x00007fbf1d009000 vframeArray 0x00007fbf1d861220 mode 2
     {method} {0x000000011c465498} &apos;fill&apos; &apos;([Ljava/lang/Object;IILjava/lang/Object;)V&apos; in &apos;java/util/Arrays&apos; - aastore @ bci 20 sp = 0x000000030e010490
<uncommon_trap thread='10243' reason='array_check' action='maybe_recompile' compile_id='847' compiler='C2' count='2' state='array_check' stamp='6.231'>
Uncommon trap occurred in java.util.Arrays::fill (@0x0000000115668abc) thread=10243 reason=array_check action=maybe_recompile unloaded_class_index=-1
<jvms bci='20' method='java/util/Arrays fill ([Ljava/lang/Object;IILjava/lang/Object;)V' bytes='28' count='10' backedge_count='13' iicount='12' decompiles='1' array_check_traps='2' predicate_traps='1'/>
</uncommon_trap>
DEOPT PACKING thread 0x00007fbf1d009000 Compiled frame (sp=0x000000030e0104b0 unextended sp=0x000000030e0104b0, fp=0x0000000000000002, real_fp=0x000000030e010500, pc=0x0000000115668abc)
     nmethod   6231  847             java.util.Arrays::fill (28 bytes)

     Virtual frames (innermost first):
        0 - frame( sp=0x000000030e0104b0, unextended_sp=0x000000030e0104b0, fp=0x0000000000000002, pc=0x0000000115668abc)
java.util.Arrays.fill(Arrays.java:3155) - aastore @ bci 20 
     Created vframeArray 0x00007fbf1b889620
DEOPT UNPACKING thread 0x00007fbf1d009000 vframeArray 0x00007fbf1b889620 mode 2
     {method} {0x000000011c465498} &apos;fill&apos; &apos;([Ljava/lang/Object;IILjava/lang/Object;)V&apos; in &apos;java/util/Arrays&apos; - aastore @ bci 20 sp = 0x000000030e010490
<uncommon_trap thread='10243' reason='array_check' action='maybe_recompile' compile_id='847' compiler='C2' count='3' state='array_check' stamp='6.232'>
Uncommon trap occurred in java.util.Arrays::fill (@0x0000000115668abc) thread=10243 reason=array_check action=maybe_recompile unloaded_class_index=-1
<jvms bci='20' method='java/util/Arrays fill ([Ljava/lang/Object;IILjava/lang/Object;)V' bytes='28' count='10' backedge_count='14' iicount='12' decompiles='1' array_check_traps='3' predicate_traps='1'/>
</uncommon_trap>
DEOPT PACKING thread 0x00007fbf1d009000 Compiled frame (sp=0x000000030e0104b0 unextended sp=0x000000030e0104b0, fp=0x0000000000000002, real_fp=0x000000030e010500, pc=0x0000000115668abc)
     nmethod   6231  847             java.util.Arrays::fill (28 bytes)

     Virtual frames (innermost first):
        0 - frame( sp=0x000000030e0104b0, unextended_sp=0x000000030e0104b0, fp=0x0000000000000002, pc=0x0000000115668abc)
java.util.Arrays.fill(Arrays.java:3155) - aastore @ bci 20 
     Created vframeArray 0x00007fbf1c849a20
DEOPT UNPACKING thread 0x00007fbf1d009000 vframeArray 0x00007fbf1c849a20 mode 2
     {method} {0x000000011c465498} &apos;fill&apos; &apos;([Ljava/lang/Object;IILjava/lang/Object;)V&apos; in &apos;java/util/Arrays&apos; - aastore @ bci 20 sp = 0x000000030e010490
<dependency_failed type='abstract_with_unique_concrete_subtype' ctxk='jdk/internal/org/objectweb/asm/MethodVisitor' x='jdk/internal/org/objectweb/asm/MethodWriter' witness='java/lang/invoke/TypeConvertingMethodAdapter' stamp='6.520'/>
<dependency_failed type='abstract_with_unique_concrete_subtype' ctxk='jdk/internal/org/objectweb/asm/MethodVisitor' x='jdk/internal/org/objectweb/asm/MethodWriter' witness='java/lang/invoke/TypeConvertingMethodAdapter' stamp='6.521'/>
<dependency_failed type='abstract_with_unique_concrete_subtype' ctxk='jdk/internal/org/objectweb/asm/MethodVisitor' x='jdk/internal/org/objectweb/asm/MethodWriter' witness='java/lang/invoke/TypeConvertingMethodAdapter' stamp='6.521'/>
<dependency_failed type='abstract_with_unique_concrete_subtype' ctxk='jdk/internal/org/objectweb/asm/MethodVisitor' x='jdk/internal/org/objectweb/asm/MethodWriter' witness='java/lang/invoke/TypeConvertingMethodAdapter' stamp='6.521'/>
<dependency_failed type='abstract_with_unique_concrete_subtype' ctxk='jdk/internal/org/objectweb/asm/MethodVisitor' x='jdk/internal/org/objectweb/asm/MethodWriter' witness='java/lang/invoke/TypeConvertingMethodAdapter' stamp='6.521'/>
<dependency_failed type='abstract_with_unique_concrete_subtype' ctxk='jdk/internal/org/objectweb/asm/MethodVisitor' x='jdk/internal/org/objectweb/asm/MethodWriter' witness='java/lang/invoke/TypeConvertingMethodAdapter' stamp='6.521'/>
<dependency_failed type='abstract_with_unique_concrete_subtype' ctxk='jdk/internal/org/objectweb/asm/MethodVisitor' x='jdk/internal/org/objectweb/asm/MethodWriter' witness='java/lang/invoke/TypeConvertingMethodAdapter' stamp='6.521'/>
<dependency_failed type='abstract_with_unique_concrete_subtype' ctxk='jdk/internal/org/objectweb/asm/MethodVisitor' x='jdk/internal/org/objectweb/asm/MethodWriter' witness='java/lang/invoke/TypeConvertingMethodAdapter' stamp='6.521'/>
<dependency_failed type='abstract_with_unique_concrete_subtype' ctxk='jdk/internal/org/objectweb/asm/MethodVisitor' x='jdk/internal/org/objectweb/asm/MethodWriter' witness='java/lang/invoke/TypeConvertingMethodAdapter' stamp='6.521'/>
<dependency_failed type='abstract_with_unique_concrete_subtype' ctxk='jdk/internal/org/objectweb/asm/MethodVisitor' x='jdk/internal/org/objectweb/asm/MethodWriter' witness='java/lang/invoke/TypeConvertingMethodAdapter' stamp='6.521'/>
<dependency_failed type='abstract_with_unique_concrete_subtype' ctxk='jdk/internal/org/objectweb/asm/MethodVisitor' x='jdk/internal/org/objectweb/asm/MethodWriter' witness='java/lang/invoke/TypeConvertingMethodAdapter' stamp='6.521'/>
<dependency_failed type='abstract_with_unique_concrete_subtype' ctxk='jdk/internal/org/objectweb/asm/MethodVisitor' x='jdk/internal/org/objectweb/asm/MethodWriter' witness='java/lang/invoke/TypeConvertingMethodAdapter' stamp='6.521'/>
<dependency_failed type='abstract_with_unique_concrete_subtype' ctxk='jdk/internal/org/objectweb/asm/MethodVisitor' x='jdk/internal/org/objectweb/asm/MethodWriter' witness='java/lang/invoke/TypeConvertingMethodAdapter' stamp='6.521'/>
<dependency_failed type='abstract_with_unique_concrete_subtype' ctxk='jdk/internal/org/objectweb/asm/MethodVisitor' x='jdk/internal/org/objectweb/asm/MethodWriter' witness='java/lang/invoke/TypeConvertingMethodAdapter' stamp='6.521'/>
<dependency_failed type='abstract_with_unique_concrete_subtype' ctxk='jdk/internal/org/objectweb/asm/MethodVisitor' x='jdk/internal/org/objectweb/asm/MethodWriter' witness='java/lang/invoke/TypeConvertingMethodAdapter' stamp='6.521'/>
<dependency_failed type='abstract_with_unique_concrete_subtype' ctxk='jdk/internal/org/objectweb/asm/MethodVisitor' x='jdk/internal/org/objectweb/asm/MethodWriter' witness='java/lang/invoke/TypeConvertingMethodAdapter' stamp='6.521'/>
<dependency_failed type='abstract_with_unique_concrete_subtype' ctxk='jdk/internal/org/objectweb/asm/MethodVisitor' x='jdk/internal/org/objectweb/asm/MethodWriter' witness='java/lang/invoke/TypeConvertingMethodAdapter' stamp='6.521'/>
<dependency_failed type='abstract_with_unique_concrete_subtype' ctxk='jdk/internal/org/objectweb/asm/MethodVisitor' x='jdk/internal/org/objectweb/asm/MethodWriter' witness='java/lang/invoke/TypeConvertingMethodAdapter' stamp='6.522'/>
<dependency_failed type='abstract_with_unique_concrete_subtype' ctxk='jdk/internal/org/objectweb/asm/MethodVisitor' x='jdk/internal/org/objectweb/asm/MethodWriter' witness='java/lang/invoke/TypeConvertingMethodAdapter' stamp='6.522'/>
<dependency_failed type='abstract_with_unique_concrete_subtype' ctxk='jdk/internal/org/objectweb/asm/MethodVisitor' x='jdk/internal/org/objectweb/asm/MethodWriter' witness='java/lang/invoke/TypeConvertingMethodAdapter' stamp='6.522'/>
<dependency_failed type='abstract_with_unique_concrete_subtype' ctxk='jdk/internal/org/objectweb/asm/MethodVisitor' x='jdk/internal/org/objectweb/asm/MethodWriter' witness='java/lang/invoke/TypeConvertingMethodAdapter' stamp='6.522'/>
<uncommon_trap thread='10243' reason='uninitialized' action='reinterpret' compile_id='892' compiler='C2' stamp='6.525'>
Uncommon trap occurred in java.lang.invoke.TypeConvertingMethodAdapter::initWidening (@0x000000011568bed0) thread=10243 reason=uninitialized action=reinterpret unloaded_class_index=-1
<jvms bci='22' method='java/lang/invoke/TypeConvertingMethodAdapter initWidening (Lsun/invoke/util/Wrapper;I[Lsun/invoke/util/Wrapper;)V' bytes='44' count='6' backedge_count='11' iicount='6'/>
</uncommon_trap>
DEOPT PACKING thread 0x00007fbf1d009000 Compiled frame (sp=0x000000030e00fec0 unextended sp=0x000000030e00fec0, fp=0x00000000f2ace2d1, real_fp=0x000000030e00ff00, pc=0x000000011568bed0)
     nmethod   6525  892             java.lang.invoke.TypeConvertingMethodAdapter::initWidening (44 bytes)

     Virtual frames (innermost first):
        0 - frame( sp=0x000000030e00fec0, unextended_sp=0x000000030e00fec0, fp=0x00000000f2ace2d1, pc=0x000000011568bed0)
java.lang.invoke.TypeConvertingMethodAdapter.initWidening(TypeConvertingMethodAdapter.java:92) - getstatic @ bci 22 
     Created vframeArray 0x00007fbf1d071a20
DEOPT UNPACKING thread 0x00007fbf1d009000 vframeArray 0x00007fbf1d071a20 mode 2
     {method} {0x000000011c7b4b20} &apos;initWidening&apos; &apos;(Lsun/invoke/util/Wrapper;I[Lsun/invoke/util/Wrapper;)V&apos; in &apos;java/lang/invoke/TypeConvertingMethodAdapter&apos; - getstatic @ bci 22 sp = 0x000000030e00fe90
<uncommon_trap thread='10243' reason='class_check' action='maybe_recompile' compile_id='191' compiler='C2' count='2' state='class_check' stamp='6.690'>
Uncommon trap occurred in java.net.URL::&lt;init&gt; (@0x0000000115515fc8) thread=10243 reason=class_check action=maybe_recompile unloaded_class_index=-1
<jvms bci='504' method='java/net/URL &lt;init&gt; (Ljava/net/URL;Ljava/lang/String;Ljava/net/URLStreamHandler;)V' bytes='543' count='3' backedge_count='11' iicount='7' class_check_traps='2'/>
</uncommon_trap>
DEOPT PACKING thread 0x00007fbf1d009000 Compiled frame (sp=0x000000030e00f290 unextended sp=0x000000030e00f290, fp=0x00000007955c54d8, real_fp=0x000000030e00f300, pc=0x0000000115515fc8)
     nmethod   6690  191   !         java.net.URL::&lt;init&gt; (543 bytes)

     Virtual frames (innermost first):
        0 - frame( sp=0x000000030e00f290, unextended_sp=0x000000030e00f290, fp=0x00000007955c54d8, pc=0x0000000115515fc8)
java.net.URL.&lt;init&gt;(URL.java:640) - invokevirtual @ bci 504 
     Created vframeArray 0x00007fbf1d045020
DEOPT UNPACKING thread 0x00007fbf1d009000 vframeArray 0x00007fbf1d045020 mode 2
     {method} {0x000000011c3bd008} &apos;&lt;init&gt;&apos; &apos;(Ljava/net/URL;Ljava/lang/String;Ljava/net/URLStreamHandler;)V&apos; in &apos;java/net/URL&apos; - invokevirtual @ bci 504 sp = 0x000000030e00f218
<uncommon_trap thread='10243' reason='class_check' action='maybe_recompile' compile_id='347' compiler='C2' count='1' state='class_check' stamp='6.691'>
Uncommon trap occurred in sun.misc.Resource::getBytes (@0x00000001155669bc) thread=10243 reason=class_check action=maybe_recompile unloaded_class_index=-1
<jvms bci='10' method='sun/misc/Resource getBytes ()[B' bytes='242' count='9' backedge_count='19' iicount='9' decompiles='1' class_check_traps='1'/>
</uncommon_trap>
DEOPT PACKING thread 0x00007fbf1d009000 Compiled frame (sp=0x000000030e00f290 unextended sp=0x000000030e00f290, fp=0x0000000795870a08, real_fp=0x000000030e00f320, pc=0x00000001155669bc)
     nmethod   6691  347   !         sun.misc.Resource::getBytes (242 bytes)

     Virtual frames (innermost first):
        0 - frame( sp=0x000000030e00f290, unextended_sp=0x000000030e00f290, fp=0x0000000795870a08, pc=0x00000001155669bc)
sun.misc.Resource.getBytes(Resource.java:100) - invokevirtual @ bci 10 
     Created vframeArray 0x00007fbf1d071a20
DEOPT UNPACKING thread 0x00007fbf1d009000 vframeArray 0x00007fbf1d071a20 mode 2
     {method} {0x000000011c5dae50} &apos;getBytes&apos; &apos;()[B&apos; in &apos;sun/misc/Resource&apos; - invokevirtual @ bci 10 sp = 0x000000030e00f278
<uncommon_trap thread='10243' reason='class_check' action='maybe_recompile' compile_id='191' compiler='C2' count='3' state='class_check' stamp='6.696'>
Uncommon trap occurred in java.net.URL::&lt;init&gt; (@0x0000000115515fc8) thread=10243 reason=class_check action=maybe_recompile unloaded_class_index=-1
<jvms bci='504' method='java/net/URL &lt;init&gt; (Ljava/net/URL;Ljava/lang/String;Ljava/net/URLStreamHandler;)V' bytes='543' count='3' backedge_count='11' iicount='7' class_check_traps='3'/>
</uncommon_trap>
DEOPT PACKING thread 0x00007fbf1d009000 Compiled frame (sp=0x000000030e00e450 unextended sp=0x000000030e00e450, fp=0x00000007955c54d8, real_fp=0x000000030e00e4c0, pc=0x0000000115515fc8)
     nmethod   6696  191   !         java.net.URL::&lt;init&gt; (543 bytes)

     Virtual frames (innermost first):
        0 - frame( sp=0x000000030e00e450, unextended_sp=0x000000030e00e450, fp=0x00000007955c54d8, pc=0x0000000115515fc8)
java.net.URL.&lt;init&gt;(URL.java:640) - invokevirtual @ bci 504 
     Created vframeArray 0x00007fbf1c834c20
DEOPT UNPACKING thread 0x00007fbf1d009000 vframeArray 0x00007fbf1c834c20 mode 2
     {method} {0x000000011c3bd008} &apos;&lt;init&gt;&apos; &apos;(Ljava/net/URL;Ljava/lang/String;Ljava/net/URLStreamHandler;)V&apos; in &apos;java/net/URL&apos; - invokevirtual @ bci 504 sp = 0x000000030e00e3d8
<uncommon_trap thread='10243' reason='class_check' action='maybe_recompile' compile_id='347' compiler='C2' count='2' state='class_check' stamp='6.707'>
Uncommon trap occurred in sun.misc.Resource::getBytes (@0x00000001155669bc) thread=10243 reason=class_check action=maybe_recompile unloaded_class_index=-1
<jvms bci='10' method='sun/misc/Resource getBytes ()[B' bytes='242' count='9' backedge_count='25' iicount='9' decompiles='1' class_check_traps='2'/>
</uncommon_trap>
DEOPT PACKING thread 0x00007fbf1d009000 Compiled frame (sp=0x000000030e00e420 unextended sp=0x000000030e00e420, fp=0x0000000795889bc8, real_fp=0x000000030e00e4b0, pc=0x00000001155669bc)
     nmethod   6707  347   !         sun.misc.Resource::getBytes (242 bytes)

     Virtual frames (innermost first):
        0 - frame( sp=0x000000030e00e420, unextended_sp=0x000000030e00e420, fp=0x0000000795889bc8, pc=0x00000001155669bc)
sun.misc.Resource.getBytes(Resource.java:100) - invokevirtual @ bci 10 
     Created vframeArray 0x00007fbf1d071a20
DEOPT UNPACKING thread 0x00007fbf1d009000 vframeArray 0x00007fbf1d071a20 mode 2
     {method} {0x000000011c5dae50} &apos;getBytes&apos; &apos;()[B&apos; in &apos;sun/misc/Resource&apos; - invokevirtual @ bci 10 sp = 0x000000030e00e408
<uncommon_trap thread='10243' reason='class_check' action='maybe_recompile' compile_id='347' compiler='C2' count='3' state='class_check' stamp='6.774'>
Uncommon trap occurred in sun.misc.Resource::getBytes (@0x00000001155669bc) thread=10243 reason=class_check action=maybe_recompile unloaded_class_index=-1
<jvms bci='10' method='sun/misc/Resource getBytes ()[B' bytes='242' count='9' backedge_count='26' iicount='9' decompiles='1' class_check_traps='3'/>
</uncommon_trap>
DEOPT PACKING thread 0x00007fbf1d009000 Compiled frame (sp=0x000000030e00e420 unextended sp=0x000000030e00e420, fp=0x000000079588d898, real_fp=0x000000030e00e4b0, pc=0x00000001155669bc)
     nmethod   6774  347   !         sun.misc.Resource::getBytes (242 bytes)

     Virtual frames (innermost first):
        0 - frame( sp=0x000000030e00e420, unextended_sp=0x000000030e00e420, fp=0x000000079588d898, pc=0x00000001155669bc)
sun.misc.Resource.getBytes(Resource.java:100) - invokevirtual @ bci 10 
     Created vframeArray 0x00007fbf1d861a20
DEOPT UNPACKING thread 0x00007fbf1d009000 vframeArray 0x00007fbf1d861a20 mode 2
     {method} {0x000000011c5dae50} &apos;getBytes&apos; &apos;()[B&apos; in &apos;sun/misc/Resource&apos; - invokevirtual @ bci 10 sp = 0x000000030e00e408
<uncommon_trap thread='10243' reason='null_check' action='make_not_entrant' compile_id='488' compiler='C2' stamp='7.133'>
Uncommon trap occurred in java.lang.reflect.Array::newInstance (@0x000000011559c43c) thread=10243 reason=null_check action=make_not_entrant unloaded_class_index=-1
<jvms bci='2' method='java/lang/reflect/Array newInstance (Ljava/lang/Class;I)Ljava/lang/Object;' bytes='6' count='10' backedge_count='1' iicount='20'/>
</uncommon_trap>
DEOPT PACKING thread 0x00007fbf1d009000 Compiled frame (sp=0x000000030e010c60 unextended sp=0x000000030e010c60, fp=0x00000007958da658, real_fp=0x000000030e010c90, pc=0x000000011559c43c)
     nmethod   7133  488             java.lang.reflect.Array::newInstance (6 bytes)

     Virtual frames (innermost first):
        0 - frame( sp=0x000000030e010c60, unextended_sp=0x000000030e010c60, fp=0x00000007958da658, pc=0x000000011559c43c)
java.lang.reflect.Array.newInstance(Array.java:75) - invokestatic @ bci 2 
     Created vframeArray 0x00007fbf1b88ca20
DEOPT UNPACKING thread 0x00007fbf1d009000 vframeArray 0x00007fbf1b88ca20 mode 2
     {method} {0x000000011c695790} &apos;newInstance&apos; &apos;(Ljava/lang/Class;I)Ljava/lang/Object;&apos; in &apos;java/lang/reflect/Array&apos; - invokestatic @ bci 2 sp = 0x000000030e010c30
<uncommon_trap thread='10243' reason='unloaded' action='reinterpret' index='37' compile_id='652' compiler='C2' unresolved='1' name='java/lang/invoke/DirectMethodHandle$Special' stamp='7.400'>
Uncommon trap occurred in java.lang.invoke.DirectMethodHandle::make (@0x0000000115600a24) thread=10243 reason=unloaded action=reinterpret unloaded_class_index=37 unresolved class: java/lang/invoke/DirectMethodHandle$Special
<jvms bci='103' method='java/lang/invoke/DirectMethodHandle make (BLjava/lang/Class;Ljava/lang/invoke/MemberName;)Ljava/lang/invoke/DirectMethodHandle;' bytes='242' count='5' backedge_count='1' iicount='20'/>
</uncommon_trap>
DEOPT PACKING thread 0x00007fbf1d009000 Compiled frame (sp=0x000000030e010490 unextended sp=0x000000030e010490, fp=0x00000007959186a0, real_fp=0x000000030e010500, pc=0x0000000115600a24)
     nmethod   7400  652             java.lang.invoke.DirectMethodHandle::make (242 bytes)

     Virtual frames (innermost first):
        0 - frame( sp=0x000000030e010490, unextended_sp=0x000000030e010490, fp=0x00000007959186a0, pc=0x0000000115600a24)
java.lang.invoke.DirectMethodHandle.make(DirectMethodHandle.java:82) - new @ bci 103 
     Created vframeArray 0x00007fbf1d084420
DEOPT UNPACKING thread 0x00007fbf1d009000 vframeArray 0x00007fbf1d084420 mode 2
     {method} {0x000000011c375e40} &apos;make&apos; &apos;(BLjava/lang/Class;Ljava/lang/invoke/MemberName;)Ljava/lang/invoke/DirectMethodHandle;&apos; in &apos;java/lang/invoke/DirectMethodHandle&apos; - new @ bci 103 sp = 0x000000030e010470
<uncommon_trap thread='10243' reason='class_check' action='maybe_recompile' compile_id='800' compiler='C2' stamp='7.402'>
Uncommon trap occurred in java.lang.invoke.MethodHandles$Lookup::getDirectMethodCommon (@0x0000000115650a44) thread=10243 reason=class_check action=maybe_recompile unloaded_class_index=-1
<jvms bci='263' method='java/lang/invoke/MethodHandles$Lookup getDirectMethodCommon (BLjava/lang/Class;Ljava/lang/invoke/MemberName;ZZLjava/lang/Class;)Ljava/lang/invoke/MethodHandle;' bytes='271' count='10' backedge_count='1' iicount='20'/>
</uncommon_trap>
DEOPT PACKING thread 0x00007fbf1d009000 Compiled frame (sp=0x000000030e010500 unextended sp=0x000000030e010500, fp=0x000000079591d658, real_fp=0x000000030e010580, pc=0x0000000115650a44)
     nmethod   7401  800             java.lang.invoke.MethodHandles$Lookup::getDirectMethodCommon (271 bytes)

     Virtual frames (innermost first):
        0 - frame( sp=0x000000030e010500, unextended_sp=0x000000030e010500, fp=0x000000079591d658, pc=0x0000000115650a44)
java.lang.invoke.MethodHandles$Lookup.getDirectMethodCommon(MethodHandles.java:1670) - invokevirtual @ bci 263 
     Created vframeArray 0x00007fbf1d085820
DEOPT UNPACKING thread 0x00007fbf1d009000 vframeArray 0x00007fbf1d085820 mode 2
     {method} {0x000000011c669cb0} &apos;getDirectMethodCommon&apos; &apos;(BLjava/lang/Class;Ljava/lang/invoke/MemberName;ZZLjava/lang/Class;)Ljava/lang/invoke/MethodHandle;&apos; in &apos;java/lang/invoke/MethodHandles$Lookup&apos; - invokevirtual @ bci 263 sp = 0x000000030e010510
<uncommon_trap thread='10243' reason='class_check' action='maybe_recompile' compile_id='152' compiler='C2' count='2' state='class_check' stamp='7.509'>
Uncommon trap occurred in java.util.HashMap::putVal (@0x00000001154f653c) thread=10243 reason=class_check action=maybe_recompile unloaded_class_index=-1
<jvms bci='152' method='java/util/HashMap putVal (ILjava/lang/Object;Ljava/lang/Object;ZZ)Ljava/lang/Object;' bytes='300' count='5' backedge_count='1' iicount='20' class_check_traps='2'/>
</uncommon_trap>
DEOPT PACKING thread 0x00007fbf1d009000 Compiled frame (sp=0x000000030e011040 unextended sp=0x000000030e011040, fp=0x00000000f80039e2, real_fp=0x000000030e0110b0, pc=0x00000001154f653c)
     nmethod   7508  152             java.util.HashMap::putVal (300 bytes)

     Virtual frames (innermost first):
        0 - frame( sp=0x000000030e011040, unextended_sp=0x000000030e011040, fp=0x00000000f80039e2, pc=0x00000001154f653c)
java.util.HashMap.putVal(HashMap.java:643) - invokevirtual @ bci 152 
     Created vframeArray 0x00007fbf1d07ae20
DEOPT UNPACKING thread 0x00007fbf1d009000 vframeArray 0x00007fbf1d07ae20 mode 2
     {method} {0x000000011c42b4d0} &apos;putVal&apos; &apos;(ILjava/lang/Object;Ljava/lang/Object;ZZ)Ljava/lang/Object;&apos; in &apos;java/util/HashMap&apos; - invokevirtual @ bci 152 sp = 0x000000030e010fc8
<uncommon_trap thread='10243' reason='class_check' action='maybe_recompile' compile_id='152' compiler='C2' count='3' state='class_check' stamp='7.510'>
Uncommon trap occurred in java.util.HashMap::putVal (@0x00000001154f653c) thread=10243 reason=class_check action=maybe_recompile unloaded_class_index=-1
<jvms bci='152' method='java/util/HashMap putVal (ILjava/lang/Object;Ljava/lang/Object;ZZ)Ljava/lang/Object;' bytes='300' count='5' backedge_count='1' iicount='20' class_check_traps='3'/>
</uncommon_trap>
DEOPT PACKING thread 0x00007fbf1d009000 Compiled frame (sp=0x000000030e011040 unextended sp=0x000000030e011040, fp=0x00000000f80039e2, real_fp=0x000000030e0110b0, pc=0x00000001154f653c)
     nmethod   7509  152             java.util.HashMap::putVal (300 bytes)

     Virtual frames (innermost first):
        0 - frame( sp=0x000000030e011040, unextended_sp=0x000000030e011040, fp=0x00000000f80039e2, pc=0x00000001154f653c)
java.util.HashMap.putVal(HashMap.java:643) - invokevirtual @ bci 152 
     Created vframeArray 0x00007fbf1d86c220
DEOPT UNPACKING thread 0x00007fbf1d009000 vframeArray 0x00007fbf1d86c220 mode 2
     {method} {0x000000011c42b4d0} &apos;putVal&apos; &apos;(ILjava/lang/Object;Ljava/lang/Object;ZZ)Ljava/lang/Object;&apos; in &apos;java/util/HashMap&apos; - invokevirtual @ bci 152 sp = 0x000000030e010fc8
<uncommon_trap thread='10243' reason='class_check' action='maybe_recompile' compile_id='1056' compiler='C2' stamp='7.828'>
Uncommon trap occurred in sun.misc.ProxyGenerator$ConstantPool$IndirectEntry::equals (@0x000000011553b1b0) thread=10243 reason=class_check action=maybe_recompile unloaded_class_index=-1
<jvms bci='1' method='sun/misc/ProxyGenerator$ConstantPool$IndirectEntry equals (Ljava/lang/Object;)Z' bytes='49' count='10' backedge_count='1' iicount='20'/>
</uncommon_trap>
DEOPT PACKING thread 0x00007fbf1d009000 Compiled frame (sp=0x000000030e010f40 unextended sp=0x000000030e010f40, fp=0x000000079595c558, real_fp=0x000000030e010f70, pc=0x000000011553b1b0)
     nmethod   7828 1056             sun.misc.ProxyGenerator$ConstantPool$IndirectEntry::equals (49 bytes)

     Virtual frames (innermost first):
        0 - frame( sp=0x000000030e010f40, unextended_sp=0x000000030e010f40, fp=0x000000079595c558, pc=0x000000011553b1b0)
sun.misc.ProxyGenerator$ConstantPool$IndirectEntry.equals(ProxyGenerator.java:2019) - instanceof @ bci 1 
     Created vframeArray 0x00007fbf1b849020
DEOPT UNPACKING thread 0x00007fbf1d009000 vframeArray 0x00007fbf1b849020 mode 2
     {method} {0x000000011c835ca0} &apos;equals&apos; &apos;(Ljava/lang/Object;)Z&apos; in &apos;sun/misc/ProxyGenerator$ConstantPool$IndirectEntry&apos; - instanceof @ bci 1 sp = 0x000000030e010f00
<uncommon_trap thread='10243' reason='class_check' action='maybe_recompile' compile_id='1056' compiler='C2' count='1' state='class_check' stamp='7.829'>
Uncommon trap occurred in sun.misc.ProxyGenerator$ConstantPool$IndirectEntry::equals (@0x000000011553b1b0) thread=10243 reason=class_check action=maybe_recompile unloaded_class_index=-1
<jvms bci='1' method='sun/misc/ProxyGenerator$ConstantPool$IndirectEntry equals (Ljava/lang/Object;)Z' bytes='49' count='10' backedge_count='1' iicount='20' class_check_traps='1'/>
</uncommon_trap>
DEOPT PACKING thread 0x00007fbf1d009000 Compiled frame (sp=0x000000030e010f20 unextended sp=0x000000030e010f20, fp=0x000000079595c558, real_fp=0x000000030e010f50, pc=0x000000011553b1b0)
     nmethod   7828 1056             sun.misc.ProxyGenerator$ConstantPool$IndirectEntry::equals (49 bytes)

     Virtual frames (innermost first):
        0 - frame( sp=0x000000030e010f20, unextended_sp=0x000000030e010f20, fp=0x000000079595c558, pc=0x000000011553b1b0)
sun.misc.ProxyGenerator$ConstantPool$IndirectEntry.equals(ProxyGenerator.java:2019) - instanceof @ bci 1 
     Created vframeArray 0x00007fbf1d085620
DEOPT UNPACKING thread 0x00007fbf1d009000 vframeArray 0x00007fbf1d085620 mode 2
     {method} {0x000000011c835ca0} &apos;equals&apos; &apos;(Ljava/lang/Object;)Z&apos; in &apos;sun/misc/ProxyGenerator$ConstantPool$IndirectEntry&apos; - instanceof @ bci 1 sp = 0x000000030e010ee0
<uncommon_trap thread='10243' reason='class_check' action='maybe_recompile' compile_id='1056' compiler='C2' count='2' state='class_check' stamp='7.843'>
Uncommon trap occurred in sun.misc.ProxyGenerator$ConstantPool$IndirectEntry::equals (@0x000000011553b1b0) thread=10243 reason=class_check action=maybe_recompile unloaded_class_index=-1
<jvms bci='1' method='sun/misc/ProxyGenerator$ConstantPool$IndirectEntry equals (Ljava/lang/Object;)Z' bytes='49' count='10' backedge_count='1' iicount='20' class_check_traps='2'/>
</uncommon_trap>
DEOPT PACKING thread 0x00007fbf1d009000 Compiled frame (sp=0x000000030e010e60 unextended sp=0x000000030e010e60, fp=0x000000079595e668, real_fp=0x000000030e010e90, pc=0x000000011553b1b0)
     nmethod   7842 1056             sun.misc.ProxyGenerator$ConstantPool$IndirectEntry::equals (49 bytes)

     Virtual frames (innermost first):
        0 - frame( sp=0x000000030e010e60, unextended_sp=0x000000030e010e60, fp=0x000000079595e668, pc=0x000000011553b1b0)
sun.misc.ProxyGenerator$ConstantPool$IndirectEntry.equals(ProxyGenerator.java:2019) - instanceof @ bci 1 
     Created vframeArray 0x00007fbf1c84c020
DEOPT UNPACKING thread 0x00007fbf1d009000 vframeArray 0x00007fbf1c84c020 mode 2
     {method} {0x000000011c835ca0} &apos;equals&apos; &apos;(Ljava/lang/Object;)Z&apos; in &apos;sun/misc/ProxyGenerator$ConstantPool$IndirectEntry&apos; - instanceof @ bci 1 sp = 0x000000030e010e20
<uncommon_trap thread='10243' reason='class_check' action='maybe_recompile' compile_id='1059' compiler='C2' stamp='7.843'>
Uncommon trap occurred in java.io.DataOutputStream::writeShort (@0x000000011550f6c4) thread=10243 reason=class_check action=maybe_recompile unloaded_class_index=-1
<jvms bci='12' method='java/io/DataOutputStream writeShort (I)V' bytes='35' count='10' backedge_count='1' iicount='20'/>
</uncommon_trap>
DEOPT PACKING thread 0x00007fbf1d009000 Compiled frame (sp=0x000000030e011100 unextended sp=0x000000030e011100, fp=0x000000000000008b, real_fp=0x000000030e011130, pc=0x000000011550f6c4)
     nmethod   7843 1059             java.io.DataOutputStream::writeShort (35 bytes)

     Virtual frames (innermost first):
        0 - frame( sp=0x000000030e011100, unextended_sp=0x000000030e011100, fp=0x000000000000008b, pc=0x000000011550f6c4)
java.io.DataOutputStream.writeShort(DataOutputStream.java:167) - invokevirtual @ bci 12 
     Created vframeArray 0x00007fbf1b849020
DEOPT UNPACKING thread 0x00007fbf1d009000 vframeArray 0x00007fbf1b849020 mode 2
     {method} {0x000000011c834550} &apos;writeShort&apos; &apos;(I)V&apos; in &apos;java/io/DataOutputStream&apos; - invokevirtual @ bci 12 sp = 0x000000030e0110d0
<uncommon_trap thread='10243' reason='class_check' action='maybe_recompile' compile_id='1051' compiler='C2' stamp='7.843'>
Uncommon trap occurred in java.io.DataOutputStream::writeByte (@0x0000000115541d04) thread=10243 reason=class_check action=maybe_recompile unloaded_class_index=-1
<jvms bci='5' method='java/io/DataOutputStream writeByte (I)V' bytes='14' count='10' backedge_count='1' iicount='20'/>
</uncommon_trap>
DEOPT PACKING thread 0x00007fbf1d009000 Compiled frame (sp=0x000000030e0110a0 unextended sp=0x000000030e0110a0, fp=0x000000079595efe8, real_fp=0x000000030e0110d0, pc=0x0000000115541d04)
     nmethod   7843 1051             java.io.DataOutputStream::writeByte (14 bytes)

     Virtual frames (innermost first):
        0 - frame( sp=0x000000030e0110a0, unextended_sp=0x000000030e0110a0, fp=0x000000079595efe8, pc=0x0000000115541d04)
java.io.DataOutputStream.writeByte(DataOutputStream.java:153) - invokevirtual @ bci 5 
     Created vframeArray 0x00007fbf1b891e20
DEOPT UNPACKING thread 0x00007fbf1d009000 vframeArray 0x00007fbf1b891e20 mode 2
     {method} {0x000000011c834468} &apos;writeByte&apos; &apos;(I)V&apos; in &apos;java/io/DataOutputStream&apos; - invokevirtual @ bci 5 sp = 0x000000030e011070
<uncommon_trap thread='10243' reason='class_check' action='maybe_recompile' compile_id='1051' compiler='C2' count='1' state='class_check' stamp='7.844'>
Uncommon trap occurred in java.io.DataOutputStream::writeByte (@0x0000000115541d04) thread=10243 reason=class_check action=maybe_recompile unloaded_class_index=-1
<jvms bci='5' method='java/io/DataOutputStream writeByte (I)V' bytes='14' count='10' backedge_count='1' iicount='20' class_check_traps='1'/>
</uncommon_trap>
DEOPT PACKING thread 0x00007fbf1d009000 Compiled frame (sp=0x000000030e0110a0 unextended sp=0x000000030e0110a0, fp=0x000000079595efe8, real_fp=0x000000030e0110d0, pc=0x0000000115541d04)
     nmethod   7843 1051             java.io.DataOutputStream::writeByte (14 bytes)

     Virtual frames (innermost first):
        0 - frame( sp=0x000000030e0110a0, unextended_sp=0x000000030e0110a0, fp=0x000000079595efe8, pc=0x0000000115541d04)
java.io.DataOutputStream.writeByte(DataOutputStream.java:153) - invokevirtual @ bci 5 
     Created vframeArray 0x00007fbf1d86c220
DEOPT UNPACKING thread 0x00007fbf1d009000 vframeArray 0x00007fbf1d86c220 mode 2
     {method} {0x000000011c834468} &apos;writeByte&apos; &apos;(I)V&apos; in &apos;java/io/DataOutputStream&apos; - invokevirtual @ bci 5 sp = 0x000000030e011070
<uncommon_trap thread='10243' reason='class_check' action='maybe_recompile' compile_id='1051' compiler='C2' count='2' state='class_check' stamp='7.844'>
Uncommon trap occurred in java.io.DataOutputStream::writeByte (@0x0000000115541d04) thread=10243 reason=class_check action=maybe_recompile unloaded_class_index=-1
<jvms bci='5' method='java/io/DataOutputStream writeByte (I)V' bytes='14' count='10' backedge_count='1' iicount='20' class_check_traps='2'/>
</uncommon_trap>
DEOPT PACKING thread 0x00007fbf1d009000 Compiled frame (sp=0x000000030e0110a0 unextended sp=0x000000030e0110a0, fp=0x000000079595efe8, real_fp=0x000000030e0110d0, pc=0x0000000115541d04)
     nmethod   7844 1051             java.io.DataOutputStream::writeByte (14 bytes)

     Virtual frames (innermost first):
        0 - frame( sp=0x000000030e0110a0, unextended_sp=0x000000030e0110a0, fp=0x000000079595efe8, pc=0x0000000115541d04)
java.io.DataOutputStream.writeByte(DataOutputStream.java:153) - invokevirtual @ bci 5 
     Created vframeArray 0x00007fbf1c84c020
DEOPT UNPACKING thread 0x00007fbf1d009000 vframeArray 0x00007fbf1c84c020 mode 2
     {method} {0x000000011c834468} &apos;writeByte&apos; &apos;(I)V&apos; in &apos;java/io/DataOutputStream&apos; - invokevirtual @ bci 5 sp = 0x000000030e011070
<uncommon_trap thread='10243' reason='class_check' action='maybe_recompile' compile_id='1051' compiler='C2' count='3' state='class_check' stamp='7.870'>
Uncommon trap occurred in java.io.DataOutputStream::writeByte (@0x0000000115541d04) thread=10243 reason=class_check action=maybe_recompile unloaded_class_index=-1
<jvms bci='5' method='java/io/DataOutputStream writeByte (I)V' bytes='14' count='10' backedge_count='1' iicount='20' class_check_traps='3'/>
</uncommon_trap>
DEOPT PACKING thread 0x00007fbf1d009000 Compiled frame (sp=0x000000030e0110a0 unextended sp=0x000000030e0110a0, fp=0x000000079595efe8, real_fp=0x000000030e0110d0, pc=0x0000000115541d04)
     nmethod   7869 1051             java.io.DataOutputStream::writeByte (14 bytes)

     Virtual frames (innermost first):
        0 - frame( sp=0x000000030e0110a0, unextended_sp=0x000000030e0110a0, fp=0x000000079595efe8, pc=0x0000000115541d04)
java.io.DataOutputStream.writeByte(DataOutputStream.java:153) - invokevirtual @ bci 5 
     Created vframeArray 0x00007fbf1c84c820
DEOPT UNPACKING thread 0x00007fbf1d009000 vframeArray 0x00007fbf1c84c820 mode 2
     {method} {0x000000011c834468} &apos;writeByte&apos; &apos;(I)V&apos; in &apos;java/io/DataOutputStream&apos; - invokevirtual @ bci 5 sp = 0x000000030e011070
<uncommon_trap thread='10243' reason='class_check' action='maybe_recompile' compile_id='1059' compiler='C2' count='1' state='class_check' stamp='7.871'>
Uncommon trap occurred in java.io.DataOutputStream::writeShort (@0x000000011550f6c4) thread=10243 reason=class_check action=maybe_recompile unloaded_class_index=-1
<jvms bci='12' method='java/io/DataOutputStream writeShort (I)V' bytes='35' count='10' backedge_count='1' iicount='20' class_check_traps='1'/>
</uncommon_trap>
DEOPT PACKING thread 0x00007fbf1d009000 Compiled frame (sp=0x000000030e0110a0 unextended sp=0x000000030e0110a0, fp=0x0000000000000005, real_fp=0x000000030e0110d0, pc=0x000000011550f6c4)
     nmethod   7871 1059             java.io.DataOutputStream::writeShort (35 bytes)

     Virtual frames (innermost first):
        0 - frame( sp=0x000000030e0110a0, unextended_sp=0x000000030e0110a0, fp=0x0000000000000005, pc=0x000000011550f6c4)
java.io.DataOutputStream.writeShort(DataOutputStream.java:167) - invokevirtual @ bci 12 
     Created vframeArray 0x00007fbf1c84c020
DEOPT UNPACKING thread 0x00007fbf1d009000 vframeArray 0x00007fbf1c84c020 mode 2
     {method} {0x000000011c834550} &apos;writeShort&apos; &apos;(I)V&apos; in &apos;java/io/DataOutputStream&apos; - invokevirtual @ bci 12 sp = 0x000000030e011070
<uncommon_trap thread='10243' reason='class_check' action='maybe_recompile' compile_id='1059' compiler='C2' count='2' state='class_check' stamp='7.872'>
Uncommon trap occurred in java.io.DataOutputStream::writeShort (@0x000000011550f6c4) thread=10243 reason=class_check action=maybe_recompile unloaded_class_index=-1
<jvms bci='12' method='java/io/DataOutputStream writeShort (I)V' bytes='35' count='10' backedge_count='1' iicount='20' class_check_traps='2'/>
</uncommon_trap>
DEOPT PACKING thread 0x00007fbf1d009000 Compiled frame (sp=0x000000030e0110a0 unextended sp=0x000000030e0110a0, fp=0x0000000000000001, real_fp=0x000000030e0110d0, pc=0x000000011550f6c4)
     nmethod   7871 1059             java.io.DataOutputStream::writeShort (35 bytes)

     Virtual frames (innermost first):
        0 - frame( sp=0x000000030e0110a0, unextended_sp=0x000000030e0110a0, fp=0x0000000000000001, pc=0x000000011550f6c4)
java.io.DataOutputStream.writeShort(DataOutputStream.java:167) - invokevirtual @ bci 12 
     Created vframeArray 0x00007fbf1d085620
DEOPT UNPACKING thread 0x00007fbf1d009000 vframeArray 0x00007fbf1d085620 mode 2
     {method} {0x000000011c834550} &apos;writeShort&apos; &apos;(I)V&apos; in &apos;java/io/DataOutputStream&apos; - invokevirtual @ bci 12 sp = 0x000000030e011070
<uncommon_trap thread='10243' reason='class_check' action='maybe_recompile' compile_id='1059' compiler='C2' count='3' state='class_check' stamp='7.872'>
Uncommon trap occurred in java.io.DataOutputStream::writeShort (@0x000000011550f6c4) thread=10243 reason=class_check action=maybe_recompile unloaded_class_index=-1
<jvms bci='12' method='java/io/DataOutputStream writeShort (I)V' bytes='35' count='10' backedge_count='1' iicount='20' class_check_traps='3'/>
</uncommon_trap>
DEOPT PACKING thread 0x00007fbf1d009000 Compiled frame (sp=0x000000030e0110a0 unextended sp=0x000000030e0110a0, fp=0x0000000000000002, real_fp=0x000000030e0110d0, pc=0x000000011550f6c4)
     nmethod   7872 1059             java.io.DataOutputStream::writeShort (35 bytes)

     Virtual frames (innermost first):
        0 - frame( sp=0x000000030e0110a0, unextended_sp=0x000000030e0110a0, fp=0x0000000000000002, pc=0x000000011550f6c4)
java.io.DataOutputStream.writeShort(DataOutputStream.java:167) - invokevirtual @ bci 12 
     Created vframeArray 0x00007fbf1c84c020
DEOPT UNPACKING thread 0x00007fbf1d009000 vframeArray 0x00007fbf1c84c020 mode 2
     {method} {0x000000011c834550} &apos;writeShort&apos; &apos;(I)V&apos; in &apos;java/io/DataOutputStream&apos; - invokevirtual @ bci 12 sp = 0x000000030e011070
<uncommon_trap thread='10243' reason='class_check' action='maybe_recompile' compile_id='1205' compiler='C2' stamp='8.799'>
Uncommon trap occurred in java.lang.reflect.Method::invoke (@0x0000000115732b54) thread=10243 reason=class_check action=maybe_recompile unloaded_class_index=-1
<jvms bci='6' method='sun/reflect/DelegatingMethodAccessorImpl invoke (Ljava/lang/Object;[Ljava/lang/Object;)Ljava/lang/Object;' bytes='10' count='10' backedge_count='1' iicount='20'/>
<jvms bci='56' method='java/lang/reflect/Method invoke (Ljava/lang/Object;[Ljava/lang/Object;)Ljava/lang/Object;' bytes='62' count='10' backedge_count='1' iicount='20'/>
</uncommon_trap>
DEOPT PACKING thread 0x00007fbf1d009000 Compiled frame (sp=0x000000030e011320 unextended sp=0x000000030e011320, fp=0x00000000f2b36ef1, real_fp=0x000000030e011360, pc=0x0000000115732b54)
     nmethod   8799 1205             java.lang.reflect.Method::invoke (62 bytes)

     Virtual frames (innermost first):
        0 - frame( sp=0x000000030e011320, unextended_sp=0x000000030e011320, fp=0x00000000f2b36ef1, pc=0x0000000115732b54)
sun.reflect.DelegatingMethodAccessorImpl.invoke(DelegatingMethodAccessorImpl.java:43) - invokevirtual @ bci 6 
        1 - frame( sp=0x000000030e011320, unextended_sp=0x000000030e011320, fp=0x00000000f2b36ef1, pc=0x0000000115732b54)
java.lang.reflect.Method.invoke(Method.java:498) - invokeinterface @ bci 56 
     Created vframeArray 0x00007fbf1d08de20
DEOPT UNPACKING thread 0x00007fbf1d009000 vframeArray 0x00007fbf1d08de20 mode 2
     {method} {0x000000011c3656f8} &apos;invoke&apos; &apos;(Ljava/lang/Object;[Ljava/lang/Object;)Ljava/lang/Object;&apos; in &apos;java/lang/reflect/Method&apos; - invokeinterface @ bci 56 sp = 0x000000030e0112f0
     {method} {0x000000011c7f7c50} &apos;invoke&apos; &apos;(Ljava/lang/Object;[Ljava/lang/Object;)Ljava/lang/Object;&apos; in &apos;sun/reflect/DelegatingMethodAccessorImpl&apos; - invokevirtual @ bci 6 sp = 0x000000030e011288
<uncommon_trap thread='10243' reason='class_check' action='maybe_recompile' compile_id='1205' compiler='C2' count='1' state='class_check' stamp='8.814'>
Uncommon trap occurred in java.lang.reflect.Method::invoke (@0x0000000115732b54) thread=10243 reason=class_check action=maybe_recompile unloaded_class_index=-1
<jvms bci='6' method='sun/reflect/DelegatingMethodAccessorImpl invoke (Ljava/lang/Object;[Ljava/lang/Object;)Ljava/lang/Object;' bytes='10' count='10' backedge_count='1' iicount='20' class_check_traps='1'/>
<jvms bci='56' method='java/lang/reflect/Method invoke (Ljava/lang/Object;[Ljava/lang/Object;)Ljava/lang/Object;' bytes='62' count='10' backedge_count='1' iicount='20'/>
</uncommon_trap>
DEOPT PACKING thread 0x00007fbf1d009000 Compiled frame (sp=0x000000030e011450 unextended sp=0x000000030e011450, fp=0x00000000f2b36ef1, real_fp=0x000000030e011490, pc=0x0000000115732b54)
     nmethod   8814 1205             java.lang.reflect.Method::invoke (62 bytes)

     Virtual frames (innermost first):
        0 - frame( sp=0x000000030e011450, unextended_sp=0x000000030e011450, fp=0x00000000f2b36ef1, pc=0x0000000115732b54)
sun.reflect.DelegatingMethodAccessorImpl.invoke(DelegatingMethodAccessorImpl.java:43) - invokevirtual @ bci 6 
        1 - frame( sp=0x000000030e011450, unextended_sp=0x000000030e011450, fp=0x00000000f2b36ef1, pc=0x0000000115732b54)
java.lang.reflect.Method.invoke(Method.java:498) - invokeinterface @ bci 56 
     Created vframeArray 0x00007fbf1d08f220
DEOPT UNPACKING thread 0x00007fbf1d009000 vframeArray 0x00007fbf1d08f220 mode 2
     {method} {0x000000011c3656f8} &apos;invoke&apos; &apos;(Ljava/lang/Object;[Ljava/lang/Object;)Ljava/lang/Object;&apos; in &apos;java/lang/reflect/Method&apos; - invokeinterface @ bci 56 sp = 0x000000030e011408
     {method} {0x000000011c7f7c50} &apos;invoke&apos; &apos;(Ljava/lang/Object;[Ljava/lang/Object;)Ljava/lang/Object;&apos; in &apos;sun/reflect/DelegatingMethodAccessorImpl&apos; - invokevirtual @ bci 6 sp = 0x000000030e0113a0
<uncommon_trap thread='10243' reason='class_check' action='maybe_recompile' compile_id='1205' compiler='C2' count='2' state='class_check' stamp='8.820'>
Uncommon trap occurred in java.lang.reflect.Method::invoke (@0x0000000115732b54) thread=10243 reason=class_check action=maybe_recompile unloaded_class_index=-1
<jvms bci='6' method='sun/reflect/DelegatingMethodAccessorImpl invoke (Ljava/lang/Object;[Ljava/lang/Object;)Ljava/lang/Object;' bytes='10' count='10' backedge_count='1' iicount='20' class_check_traps='2'/>
<jvms bci='56' method='java/lang/reflect/Method invoke (Ljava/lang/Object;[Ljava/lang/Object;)Ljava/lang/Object;' bytes='62' count='10' backedge_count='1' iicount='20'/>
</uncommon_trap>
DEOPT PACKING thread 0x00007fbf1d009000 Compiled frame (sp=0x000000030e011470 unextended sp=0x000000030e011470, fp=0x00000000f2b36ef1, real_fp=0x000000030e0114b0, pc=0x0000000115732b54)
     nmethod   8819 1205             java.lang.reflect.Method::invoke (62 bytes)

     Virtual frames (innermost first):
        0 - frame( sp=0x000000030e011470, unextended_sp=0x000000030e011470, fp=0x00000000f2b36ef1, pc=0x0000000115732b54)
sun.reflect.DelegatingMethodAccessorImpl.invoke(DelegatingMethodAccessorImpl.java:43) - invokevirtual @ bci 6 
        1 - frame( sp=0x000000030e011470, unextended_sp=0x000000030e011470, fp=0x00000000f2b36ef1, pc=0x0000000115732b54)
java.lang.reflect.Method.invoke(Method.java:498) - invokeinterface @ bci 56 
     Created vframeArray 0x00007fbf1b87f420
DEOPT UNPACKING thread 0x00007fbf1d009000 vframeArray 0x00007fbf1b87f420 mode 2
     {method} {0x000000011c3656f8} &apos;invoke&apos; &apos;(Ljava/lang/Object;[Ljava/lang/Object;)Ljava/lang/Object;&apos; in &apos;java/lang/reflect/Method&apos; - invokeinterface @ bci 56 sp = 0x000000030e011428
     {method} {0x000000011c7f7c50} &apos;invoke&apos; &apos;(Ljava/lang/Object;[Ljava/lang/Object;)Ljava/lang/Object;&apos; in &apos;sun/reflect/DelegatingMethodAccessorImpl&apos; - invokevirtual @ bci 6 sp = 0x000000030e0113c0
<uncommon_trap thread='10243' reason='class_check' action='maybe_recompile' compile_id='1205' compiler='C2' count='3' state='class_check' stamp='8.842'>
Uncommon trap occurred in java.lang.reflect.Method::invoke (@0x0000000115732b54) thread=10243 reason=class_check action=maybe_recompile unloaded_class_index=-1
<jvms bci='6' method='sun/reflect/DelegatingMethodAccessorImpl invoke (Ljava/lang/Object;[Ljava/lang/Object;)Ljava/lang/Object;' bytes='10' count='10' backedge_count='1' iicount='20' class_check_traps='3'/>
<jvms bci='56' method='java/lang/reflect/Method invoke (Ljava/lang/Object;[Ljava/lang/Object;)Ljava/lang/Object;' bytes='62' count='10' backedge_count='1' iicount='20'/>
</uncommon_trap>
DEOPT PACKING thread 0x00007fbf1d009000 Compiled frame (sp=0x000000030e011450 unextended sp=0x000000030e011450, fp=0x00000000f2b36ef1, real_fp=0x000000030e011490, pc=0x0000000115732b54)
     nmethod   8841 1205             java.lang.reflect.Method::invoke (62 bytes)

     Virtual frames (innermost first):
        0 - frame( sp=0x000000030e011450, unextended_sp=0x000000030e011450, fp=0x00000000f2b36ef1, pc=0x0000000115732b54)
sun.reflect.DelegatingMethodAccessorImpl.invoke(DelegatingMethodAccessorImpl.java:43) - invokevirtual @ bci 6 
        1 - frame( sp=0x000000030e011450, unextended_sp=0x000000030e011450, fp=0x00000000f2b36ef1, pc=0x0000000115732b54)
java.lang.reflect.Method.invoke(Method.java:498) - invokeinterface @ bci 56 
     Created vframeArray 0x00007fbf1b89b020
DEOPT UNPACKING thread 0x00007fbf1d009000 vframeArray 0x00007fbf1b89b020 mode 2
     {method} {0x000000011c3656f8} &apos;invoke&apos; &apos;(Ljava/lang/Object;[Ljava/lang/Object;)Ljava/lang/Object;&apos; in &apos;java/lang/reflect/Method&apos; - invokeinterface @ bci 56 sp = 0x000000030e011408
     {method} {0x000000011c7f7c50} &apos;invoke&apos; &apos;(Ljava/lang/Object;[Ljava/lang/Object;)Ljava/lang/Object;&apos; in &apos;sun/reflect/DelegatingMethodAccessorImpl&apos; - invokevirtual @ bci 6 sp = 0x000000030e0113a0
<uncommon_trap thread='10243' reason='class_check' action='maybe_recompile' compile_id='1206' compiler='C2' count='4' state='class_check recompiled' stamp='8.842'>
Uncommon trap occurred in sun.reflect.DelegatingMethodAccessorImpl::invoke (@0x000000011573262c) thread=10243 reason=class_check action=maybe_recompile unloaded_class_index=-1
<jvms bci='6' method='sun/reflect/DelegatingMethodAccessorImpl invoke (Ljava/lang/Object;[Ljava/lang/Object;)Ljava/lang/Object;' bytes='10' count='10' backedge_count='1' iicount='20' class_check_traps='4'/>
</uncommon_trap>
DEOPT PACKING thread 0x00007fbf1d009000 Compiled frame (sp=0x000000030e0113f0 unextended sp=0x000000030e0113f0, fp=0x00000000f2b36ef1, real_fp=0x000000030e011420, pc=0x000000011573262c)
     nmethod   8842 1206             sun.reflect.DelegatingMethodAccessorImpl::invoke (10 bytes)

     Virtual frames (innermost first):
        0 - frame( sp=0x000000030e0113f0, unextended_sp=0x000000030e0113f0, fp=0x00000000f2b36ef1, pc=0x000000011573262c)
sun.reflect.DelegatingMethodAccessorImpl.invoke(DelegatingMethodAccessorImpl.java:43) - invokevirtual @ bci 6 
     Created vframeArray 0x00007fbf1d86c220
DEOPT UNPACKING thread 0x00007fbf1d009000 vframeArray 0x00007fbf1d86c220 mode 2
     {method} {0x000000011c7f7c50} &apos;invoke&apos; &apos;(Ljava/lang/Object;[Ljava/lang/Object;)Ljava/lang/Object;&apos; in &apos;sun/reflect/DelegatingMethodAccessorImpl&apos; - invokevirtual @ bci 6 sp = 0x000000030e0113b8
<uncommon_trap thread='10243' reason='null_check' action='make_not_entrant' compile_id='1192' compiler='C2' stamp='8.851'>
Uncommon trap occurred in org.springframework.core.SerializableTypeWrapper::forTypeProvider (@0x00000001157293d4) thread=10243 reason=null_check action=make_not_entrant unloaded_class_index=-1
<jvms bci='45' method='org/springframework/core/SerializableTypeWrapper forTypeProvider (Lorg/springframework/core/SerializableTypeWrapper$TypeProvider;)Ljava/lang/reflect/Type;' bytes='191' count='12' backedge_count='3' iicount='19'/>
</uncommon_trap>
DEOPT PACKING thread 0x00007fbf1d009000 Compiled frame (sp=0x000000030e011610 unextended sp=0x000000030e011610, fp=0x0000000795941fe0, real_fp=0x000000030e011640, pc=0x00000001157293d4)
     nmethod   8851 1192             org.springframework.core.SerializableTypeWrapper::forTypeProvider (191 bytes)

     Virtual frames (innermost first):
        0 - frame( sp=0x000000030e011610, unextended_sp=0x000000030e011610, fp=0x0000000795941fe0, pc=0x00000001157293d4)
org.springframework.core.SerializableTypeWrapper.forTypeProvider(SerializableTypeWrapper.java:118) - checkcast @ bci 45 
     Created vframeArray 0x00007fbf1b89b020
DEOPT UNPACKING thread 0x00007fbf1d009000 vframeArray 0x00007fbf1b89b020 mode 2
     {method} {0x000000011c7da760} &apos;forTypeProvider&apos; &apos;(Lorg/springframework/core/SerializableTypeWrapper$TypeProvider;)Ljava/lang/reflect/Type;&apos; in &apos;org/springframework/core/SerializableTypeWrapper&apos; - checkcast @ bci 45 sp = 0x000000030e011598
<uncommon_trap thread='10243' reason='class_check' action='maybe_recompile' compile_id='1208' compiler='C2' stamp='8.854'>
Uncommon trap occurred in org.springframework.core.SerializableTypeWrapper$MethodInvokeTypeProvider::getType (@0x0000000115735418) thread=10243 reason=class_check action=maybe_recompile unloaded_class_index=-1
<jvms bci='32' method='org/springframework/core/SerializableTypeWrapper$MethodInvokeTypeProvider getType ()Ljava/lang/reflect/Type;' bytes='58' count='11' backedge_count='1' iicount='21'/>
</uncommon_trap>
DEOPT PACKING thread 0x00007fbf1d009000 Compiled frame (sp=0x000000030e0113c0 unextended sp=0x000000030e0113c0, fp=0x00000007959baf80, real_fp=0x000000030e011400, pc=0x0000000115735418)
     nmethod   8854 1208             org.springframework.core.SerializableTypeWrapper$MethodInvokeTypeProvider::getType (58 bytes)

     Virtual frames (innermost first):
        0 - frame( sp=0x000000030e0113c0, unextended_sp=0x000000030e0113c0, fp=0x00000007959baf80, pc=0x0000000115735418)
org.springframework.core.SerializableTypeWrapper$MethodInvokeTypeProvider.getType(SerializableTypeWrapper.java:353) - instanceof @ bci 32 
     Created vframeArray 0x00007fbf1d08f220
DEOPT UNPACKING thread 0x00007fbf1d009000 vframeArray 0x00007fbf1d08f220 mode 2
     {method} {0x000000011c808838} &apos;getType&apos; &apos;()Ljava/lang/reflect/Type;&apos; in &apos;org/springframework/core/SerializableTypeWrapper$MethodInvokeTypeProvider&apos; - instanceof @ bci 32 sp = 0x000000030e0113a0
<uncommon_trap thread='10243' reason='unstable_if' action='reinterpret' compile_id='1232' compile_kind='osr' compiler='C2' stamp='8.979'>
Uncommon trap occurred in repro.ResolvableTypeC2Repro::exerciseOsrMemBarLoop (@0x0000000115742b38) thread=10243 reason=unstable_if action=reinterpret unloaded_class_index=-1
<jvms bci='83' method='repro/ResolvableTypeC2Repro exerciseOsrMemBarLoop (II)V' bytes='528' count='1' backedge_count='1029' iicount='1'/>
</uncommon_trap>
DEOPT PACKING thread 0x00007fbf1d009000 Compiled frame (sp=0x000000030e0117e0 unextended sp=0x000000030e0117e0, fp=0x0000000000000000, real_fp=0x000000030e0118b0, pc=0x0000000115742b38)
     nmethod   8979 1232 % !         repro.ResolvableTypeC2Repro::exerciseOsrMemBarLoop @ -2 (528 bytes)

     Virtual frames (innermost first):
        0 - frame( sp=0x000000030e0117e0, unextended_sp=0x000000030e0117e0, fp=0x0000000000000000, pc=0x0000000115742b38)
repro.ResolvableTypeC2Repro.exerciseOsrMemBarLoop(ResolvableTypeC2Repro.java:337) - if_icmpge @ bci 83 
     Created vframeArray 0x00007fbf1d090620
DEOPT UNPACKING thread 0x00007fbf1d009000 vframeArray 0x00007fbf1d090620 mode 2
     {method} {0x000000011c718fd0} &apos;exerciseOsrMemBarLoop&apos; &apos;(II)V&apos; in &apos;repro/ResolvableTypeC2Repro&apos; - if_icmpge @ bci 83 sp = 0x000000030e0117e8
<dependency_failed type='unique_concrete_method' ctxk='java/lang/ThreadLocal' x='java/lang/ThreadLocal initialValue ()Ljava/lang/Object;' witness='jdk/internal/misc/TerminatingThreadLocal$1' stamp='9.011'/>
C1 Runtime statistics:
 _resolve_invoke_virtual_cnt:     26
 _resolve_invoke_opt_virtual_cnt: 1313
 _resolve_invoke_static_cnt:      896
 _handle_wrong_method_cnt:        43
 _ic_miss_cnt:                    19
 _generic_arraycopy_cnt:          0
 _generic_arraycopystub_cnt:      0
 _byte_arraycopy_cnt:             0
 _short_arraycopy_cnt:            0
 _int_arraycopy_cnt:              0
 _long_arraycopy_cnt:             0
 _primitive_arraycopy_cnt:        0
 _oop_arraycopy_cnt (C):          0
 _oop_arraycopy_cnt (stub):       0
 _arraycopy_slowcase_cnt:         0
 _arraycopy_checkcast_cnt:        0
 _arraycopy_checkcast_attempt_cnt:0
 _new_type_array_slowcase_cnt:    0
 _new_object_array_slowcase_cnt:  0
 _new_instance_slowcase_cnt:      0
 _new_multi_array_slowcase_cnt:   0
 _monitorenter_slowcase_cnt:      0
 _monitorexit_slowcase_cnt:       0
 _patch_code_slowcase_cnt:        0
 _throw_range_check_exception_count:            0:
 _throw_index_exception_count:                  0:
 _throw_div0_exception_count:                   0:
 _throw_null_pointer_exception_count:           0:
 _throw_class_cast_exception_count:             0:
 _throw_incompatible_class_change_error_count:  0:
 _throw_array_store_exception_count:            0:
 _throw_count:                                  0:

<statistics type='deoptimization'>
Deoptimization traps recorded:
   107 (100.0%) total
     null_check/make_not_entrant/checkcast: 4 (3.7%)
    null_check/make_not_entrant/instanceof: 1 (0.9%)
       null_check/make_not_entrant/aastore: 1 (0.9%)
  null_check/make_not_entrant/invokestatic: 1 (0.9%)
   null_assert/make_not_entrant/instanceof: 1 (0.9%)
     null_assert/make_not_entrant/astore_3: 1 (0.9%)
  class_check/maybe_recompile/invokevirtual: 40 (37.4%)
    class_check/maybe_recompile/instanceof: 5 (4.7%)
  class_check/maybe_recompile/invokeinterface: 1 (0.9%)
       array_check/maybe_recompile/aastore: 8 (7.5%)
   bimorphic/maybe_recompile/invokevirtual: 4 (3.7%)
                  unloaded/reinterpret/new: 2 (1.9%)
       uninitialized/reinterpret/getstatic: 17 (15.9%)
                       constraint/none/nop: 4 (3.7%)
           predicate/maybe_recompile/aload: 1 (0.9%)
         predicate/maybe_recompile/aload_0: 2 (1.9%)
    loop_limit_check/maybe_recompile/aload: 2 (1.9%)
  loop_limit_check/maybe_recompile/aload_0: 1 (0.9%)
    loop_limit_check/maybe_recompile/iload: 1 (0.9%)
         unstable_if/reinterpret/if_icmpeq: 1 (0.9%)
         unstable_if/reinterpret/if_icmpge: 2 (1.9%)
              unstable_if/reinterpret/iflt: 1 (0.9%)
               unstable_if/reinterpret/nop: 6 (5.6%)
</statistics>
<statistics type='SharedRuntime'>
    2 new instance requires GC
    3 new array requires GC
   19 inline cache miss in compiled
   43 wrong method
  896 unresolved static call site
   26 unresolved virtual call site
 1313 unresolved opt virtual call site
  214 slow partial subtype
 1019 byte array copies
 6790 short array copies
  823 int array copies
 2961 long array copies
   48 checkcast array copies
  121 find exception handler
  111 rethrow handler
AdapterHandlerTable: empty 154 longest 3 total 185 average 1.330935
AdapterHandlerTable: lookups 9052 buckets 9436 equals 8592 hits 8592 compact 8592
</statistics>
<statistics type='nmethod'>
Statistics for 117 native nmethods:
 N. total size  = 112928
 N. relocation  = 9616
 N. main code   = 66192
Statistics for 1122 bytecoded nmethods:
 total in heap  = 2566424
 relocation     = 130496
 constants      = 3360
 main code      = 934464
 stub code      = 73176
 oops           = 2728
 scopes data    = 300680
 scopes pcs     = 602912
 dependencies   = 9632
 handler table  = 101272
 nul chk table  = 17576
Debug Data Chunks: 68326, shared 9677+19968, non-SP&apos;s elided 335
PcDesc Statistics:  5027 queries, 8.08 comparisons per query
  caches=1122 queries=5027/0, hits=0+1309, tests=17797+22804, adds=3718
</statistics>
<statistics type='opto'>
--- Compiler Statistics ---
Methods seen: 3549  Methods parsed: 3549  Nodes created: 930296
Blocks parsed: 11305  Blocks seen: 12446
14298 original NULL checks - 10518 elided (73%); optimizer leaves 3985,
1616 made implicit (40%)
CCP: 1122  constants found: 9
Total frameslots = 7624, Max frameslots = 64
Inserted 0 spill loads, 0 spill stores, 0 mem-mem moves and 0 copies.
Total load cost=      0, store cost =      0, mem-mem cost =  0.00, copy cost =     0.
Adjusted spill cost =       0.
Conservatively coalesced 12320 copies, 0 pairs, 17940 post alloc.
Used cisc instruction  813,  remained in register 4725
Average allocation trips 1.764499
High Pressure Blocks = 0, Low Pressure Blocks = 0
Nops added 0 bytes to total of 918799 bytes, for 0.00%
Peephole: peephole rules applied: 0
PhaseIdealLoop=3773, sum _unique=2000279
</statistics>
<statistics type='intrinsic'>
Compiler intrinsic usage:
    20 ( 4.9%) _hashCode (worked,virtual,nonvirtual)
    32 ( 7.8%) _getClass (worked)
    22 ( 5.4%) _clone (worked)
    29 ( 7.1%) _min (worked)
    13 ( 3.2%) _max (worked)
     1 ( 0.2%) _numberOfLeadingZeros_i (worked)
     1 ( 0.2%) _currentTimeMillis (worked)
     7 ( 1.7%) _nanoTime (worked)
    40 ( 9.8%) _arraycopy (worked)
     3 ( 0.7%) _isInterrupted (worked)
    12 ( 2.9%) _currentThread (worked)
    14 ( 3.4%) _isAssignableFrom (worked)
     1 ( 0.2%) _isInstance (worked)
     2 ( 0.5%) _getModifiers (worked)
    16 ( 3.9%) _isInterface (worked)
    18 ( 4.4%) _isArray (worked)
    26 ( 6.4%) _isPrimitive (worked)
     8 ( 2.0%) _getSuperclass (worked)
     7 ( 1.7%) _getComponentType (worked)
     3 ( 0.7%) _getClassAccessFlags (worked)
     7 ( 1.7%) _getCallerClass (worked,failed)
     5 ( 1.2%) _newArray (worked)
     3 ( 0.7%) _copyOf (worked)
     5 ( 1.2%) _copyOfRange (worked)
    14 ( 3.4%) _indexOf (worked)
    45 (11.0%) _equals (worked)
     0 ( 0.0%) _checkIndex (disabled)
    18 ( 4.4%) _Reference_get (worked)
     2 ( 0.5%) _updateBytesCRC32 (worked)
     8 ( 2.0%) _getObjectVolatile (worked)
     2 ( 0.5%) _getIntVolatile (worked)
     4 ( 1.0%) _putObjectVolatile (worked)
     5 ( 1.2%) _getLong_raw (worked)
     4 ( 1.0%) _putLong_raw (worked)
     4 ( 1.0%) _compareAndSwapObject (worked)
     2 ( 0.5%) _compareAndSwapLong (worked)
     6 ( 1.5%) _compareAndSwapInt (worked)
   409 (100.0%) total (worked,failed,disabled,virtual,nonvirtual)
</statistics>
<writer thread='16643'/>
<destroy_vm stamp='9.018'/>
<tty_done stamp='9.039'/>
</tty>
<hotspot_log_done stamp='9.039'/>
</hotspot_log>
