<?xml version='1.0' encoding='UTF-8'?>
<hotspot_log version='160 1' process='33200' time_ms='1783301504425'>
<vm_version>
<name>
OpenJDK 64-Bit Server VM
</name>
<release>
25.512-b00-fastdebug
</release>
<info>
OpenJDK 64-Bit Server VM (25.512-b00-fastdebug) for bsd-amd64 JRE (1.8.0_512-internal-xiezhaokun_2026_07_04_16_29-b00), built on Jul  4 2026 18:13:54 by &quot;xiezhaokun&quot; with gcc Apple LLVM 16.0.0 (clang-1600.0.26.6)
</info>
</vm_version>
<vm_arguments>
<args>
-Xbatch -XX:CompileThreshold=20 -XX:BackEdgeThreshold=30 -XX:-TieredCompilation -XX:CICompilerCount=1 -XX:+UnlockDiagnosticVMOptions -XX:CompileCommand=quiet -XX:+StressGCM -XX:+StressLCM -XX:+StressReflectiveCode -XX:+TraceDeoptimization -Drepro.iterations=90000 -Drepro.seconds=0 -Drepro.clearCacheEvery=97 -Drepro.deoptAfter=22000 -Drepro.target=osr 
</args>
<command>
repro.ResolvableTypeC2Repro
</command>
<launcher>
SUN_STANDARD
</launcher>
<properties>
java.vm.specification.name=Java Virtual Machine Specification
java.vm.version=25.512-b00-fastdebug
java.vm.name=OpenJDK 64-Bit Server VM
java.vm.info=mixed mode, sharing
java.ext.dirs=/Users/xiezhaokun/Library/Java/Extensions:/Users/xiezhaokun/workspace/jdk8u-dev/build/codex-fastdebug-x86_64/jdk/lib/ext:/Library/Java/Extensions:/Network/Library/Java/Extensions:/System/Library/Java/Extensions:/usr/lib/java
java.endorsed.dirs=/Users/xiezhaokun/workspace/jdk8u-dev/build/codex-fastdebug-x86_64/jdk/lib/endorsed
sun.boot.library.path=/Users/xiezhaokun/workspace/jdk8u-dev/build/codex-fastdebug-x86_64/jdk/lib
java.library.path=/Users/xiezhaokun/Library/Java/Extensions:/Library/Java/Extensions:/Network/Library/Java/Extensions:/System/Library/Java/Extensions:/usr/lib/java:.
java.home=/Users/xiezhaokun/workspace/jdk8u-dev/build/codex-fastdebug-x86_64/jdk
java.class.path=/Users/xiezhaokun/workspace/jdk8u-dev/repro/spring-resolvabletype-c2/target/classes:/Users/xiezhaokun/workspace/jdk8u-dev/repro/spring-resolvabletype-c2/target/dependency/spring-core-5.3.31.jar:/Users/xiezhaokun/workspace/jdk8u-dev/repro/spring-resolvabletype-c2/target/dependency/spring-jcl-5.3.31.jar
sun.boot.class.path=/Users/xiezhaokun/workspace/jdk8u-dev/build/codex-fastdebug-x86_64/jdk/lib/resources.jar:/Users/xiezhaokun/workspace/jdk8u-dev/build/codex-fastdebug-x86_64/jdk/lib/rt.jar:/Users/xiezhaokun/workspace/jdk8u-dev/build/codex-fastdebug-x86_64/jdk/lib/sunrsasign.jar:/Users/xiezhaokun/workspace/jdk8u-dev/build/codex-fastdebug-x86_64/jdk/lib/jsse.jar:/Users/xiezhaokun/workspace/jdk8u-dev/build/codex-fastdebug-x86_64/jdk/lib/jce.jar:/Users/xiezhaokun/workspace/jdk8u-dev/build/codex-fastdebug-x86_64/jdk/lib/charsets.jar:/Users/xiezhaokun/workspace/jdk8u-dev/build/codex-fastdebug-x86_64/jdk/lib/jfr.jar:/Users/xiezhaokun/workspace/jdk8u-dev/build/codex-fastdebug-x86_64/jdk/classes
java.vm.specification.vendor=Oracle Corporation
java.vm.specification.version=1.8
java.vm.vendor=Oracle Corporation
repro.iterations=90000
repro.seconds=0
repro.clearCacheEvery=97
repro.deoptAfter=22000
repro.target=osr
sun.java.command=repro.ResolvableTypeC2Repro
sun.java.launcher=SUN_STANDARD
</properties>
</vm_arguments>
<tty>
<blob name='MethodHandlesAdapterBlob' size='182000'>
<sect index='1' size='182000' free='177710'/>
</blob>
<writer thread='9731'/>
<uncommon_trap thread='9731' reason='uninitialized' action='reinterpret' compile_id='37' compiler='C2' stamp='0.639'>
Uncommon trap occurred in java.io.ObjectStreamField::getClassSignature (@0x0000000110cc5178) thread=9731 reason=uninitialized action=reinterpret unloaded_class_index=-1
<jvms bci='123' method='java/io/ObjectStreamField getClassSignature (Ljava/lang/Class;)Ljava/lang/String;' bytes='242' count='10' backedge_count='3' iicount='18'/>
</uncommon_trap>
DEOPT PACKING thread 0x00007fadca010800 Compiled frame (sp=0x0000000304c03060 unextended sp=0x0000000304c03060, fp=0x0000000010200031, real_fp=0x0000000304c03130, pc=0x0000000110cc5178)
     nmethod    639   37             java.io.ObjectStreamField::getClassSignature (242 bytes)

     Virtual frames (innermost first):
        0 - frame( sp=0x0000000304c03060, unextended_sp=0x0000000304c03060, fp=0x0000000010200031, pc=0x0000000110cc5178)
java.io.ObjectStreamField.getClassSignature(ObjectStreamField.java:310) - getstatic @ bci 123 
     Created vframeArray 0x00007fadca813a20
DEOPT UNPACKING thread 0x00007fadca010800 vframeArray 0x00007fadca813a20 mode 2
     {method} {0x0000000117be8eb8} &apos;getClassSignature&apos; &apos;(Ljava/lang/Class;)Ljava/lang/String;&apos; in &apos;java/io/ObjectStreamField&apos; - getstatic @ bci 123 sp = 0x0000000304c030d0
<uncommon_trap thread='9731' reason='unstable_if' action='reinterpret' compile_id='5' compiler='C2' stamp='0.702'>
Uncommon trap occurred in java.lang.String::equals (@0x0000000110c7f2b4) thread=9731 reason=unstable_if action=reinterpret unloaded_class_index=-1
<jvms bci='66' method='java/lang/String equals (Ljava/lang/Object;)Z' bytes='81' count='10' backedge_count='10' iicount='251'/>
</uncommon_trap>
DEOPT PACKING thread 0x00007fadca010800 Compiled frame (sp=0x0000000304c01f20 unextended sp=0x0000000304c01f20, fp=0x0000000000000031, real_fp=0x0000000304c01f60, pc=0x0000000110c7f2b4)
     nmethod    702    5             java.lang.String::equals (81 bytes)

     Virtual frames (innermost first):
        0 - frame( sp=0x0000000304c01f20, unextended_sp=0x0000000304c01f20, fp=0x0000000000000031, pc=0x0000000110c7f2b4)
java.lang.String.equals(String.java:988) - if_icmpeq @ bci 66 
     Created vframeArray 0x00007fadca814a20
DEOPT UNPACKING thread 0x00007fadca010800 vframeArray 0x00007fadca814a20 mode 2
     {method} {0x0000000117b1a488} &apos;equals&apos; &apos;(Ljava/lang/Object;)Z&apos; in &apos;java/lang/String&apos; - if_icmpeq @ bci 66 sp = 0x0000000304c01ed8
<dependency_failed type='abstract_with_unique_concrete_subtype' ctxk='java/nio/ByteBuffer' x='java/nio/HeapByteBuffer' witness='java/nio/DirectByteBuffer' stamp='0.800'/>
<uncommon_trap thread='9731' reason='unstable_if' action='reinterpret' compile_id='26' compiler='C2' stamp='1.116'>
Uncommon trap occurred in java.lang.String::replace (@0x0000000110cb5408) thread=9731 reason=unstable_if action=reinterpret unloaded_class_index=-1
<jvms bci='26' method='java/lang/String replace (CC)Ljava/lang/String;' bytes='127' count='10' backedge_count='37' iicount='12'/>
</uncommon_trap>
DEOPT PACKING thread 0x00007fadca010800 Compiled frame (sp=0x0000000304c04640 unextended sp=0x0000000304c04640, fp=0x0000000000000005, real_fp=0x0000000304c046b0, pc=0x0000000110cb5408)
     nmethod   1115   26             java.lang.String::replace (127 bytes)

     Virtual frames (innermost first):
        0 - frame( sp=0x0000000304c04640, unextended_sp=0x0000000304c04640, fp=0x0000000000000005, pc=0x0000000110cb5408)
java.lang.String.replace(String.java:2072) - if_icmpge @ bci 26 
     Created vframeArray 0x00007fadc9041a20
DEOPT UNPACKING thread 0x00007fadca010800 vframeArray 0x00007fadc9041a20 mode 2
     {method} {0x0000000117b1c7c8} &apos;replace&apos; &apos;(CC)Ljava/lang/String;&apos; in &apos;java/lang/String&apos; - if_icmpge @ bci 26 sp = 0x0000000304c04628
<uncommon_trap thread='9731' reason='loop_limit_check' action='maybe_recompile' compile_id='57' compiler='C2' stamp='1.213'>
Uncommon trap occurred in java.lang.String::equals (@0x0000000110ccb380) thread=9731 reason=loop_limit_check action=maybe_recompile unloaded_class_index=-1
<jvms bci='56' method='java/lang/String equals (Ljava/lang/Object;)Z' bytes='81' count='4' backedge_count='20' iicount='254' decompiles='1' unstable_if_traps='1'/>
</uncommon_trap>
DEOPT PACKING thread 0x00007fadca010800 Compiled frame (sp=0x0000000304c03f40 unextended sp=0x0000000304c03f40, fp=0x0000000000000000, real_fp=0x0000000304c03f80, pc=0x0000000110ccb380)
     nmethod   1213   57             java.lang.String::equals (81 bytes)

     Virtual frames (innermost first):
        0 - frame( sp=0x0000000304c03f40, unextended_sp=0x0000000304c03f40, fp=0x0000000000000000, pc=0x0000000110ccb380)
java.lang.String.equals(String.java:988) - aload @ bci 56 
     Created vframeArray 0x00007fadc9042e20
DEOPT UNPACKING thread 0x00007fadca010800 vframeArray 0x00007fadc9042e20 mode 2
     {method} {0x0000000117b1a488} &apos;equals&apos; &apos;(Ljava/lang/Object;)Z&apos; in &apos;java/lang/String&apos; - aload @ bci 56 sp = 0x0000000304c03f08
<uncommon_trap thread='9731' reason='predicate' action='maybe_recompile' compile_id='126' compiler='C2' stamp='1.338'>
Uncommon trap occurred in sun.net.www.ParseUtil::encodePath (@0x0000000110ce6dc4) thread=9731 reason=predicate action=maybe_recompile unloaded_class_index=-1
<jvms bci='36' method='sun/net/www/ParseUtil encodePath (Ljava/lang/String;Z)Ljava/lang/String;' bytes='336' count='7' backedge_count='43' iicount='7'/>
</uncommon_trap>
DEOPT PACKING thread 0x00007fadca010800 Compiled frame (sp=0x0000000304c035f0 unextended sp=0x0000000304c035f0, fp=0x0000000000000000, real_fp=0x0000000304c03650, pc=0x0000000110ce6dc4)
     nmethod   1338  126             sun.net.www.ParseUtil::encodePath (336 bytes)

     Virtual frames (innermost first):
        0 - frame( sp=0x0000000304c035f0, unextended_sp=0x0000000304c035f0, fp=0x0000000000000000, pc=0x0000000110ce6dc4)
sun.net.www.ParseUtil.encodePath(ParseUtil.java:111) - aload @ bci 36 
     Created vframeArray 0x00007fadcb04fa20
DEOPT UNPACKING thread 0x00007fadca010800 vframeArray 0x00007fadcb04fa20 mode 2
     {method} {0x0000000117cfde80} &apos;encodePath&apos; &apos;(Ljava/lang/String;Z)Ljava/lang/String;&apos; in &apos;sun/net/www/ParseUtil&apos; - aload @ bci 36 sp = 0x0000000304c035c0
<uncommon_trap thread='9731' reason='class_check' action='maybe_recompile' compile_id='121' compiler='C2' stamp='1.346'>
Uncommon trap occurred in java.util.HashMap::getNode (@0x0000000110ce5538) thread=9731 reason=class_check action=maybe_recompile unloaded_class_index=-1
<jvms bci='59' method='java/util/HashMap getNode (ILjava/lang/Object;)Ljava/util/HashMap$Node;' bytes='148' count='10' backedge_count='1' iicount='38'/>
</uncommon_trap>
DEOPT PACKING thread 0x00007fadca010800 Compiled frame (sp=0x0000000304c034a0 unextended sp=0x0000000304c034a0, fp=0x0000000001494fe6, real_fp=0x0000000304c034e0, pc=0x0000000110ce5538)
     nmethod   1346  121             java.util.HashMap::getNode (148 bytes)

     Virtual frames (innermost first):
        0 - frame( sp=0x0000000304c034a0, unextended_sp=0x0000000304c034a0, fp=0x0000000001494fe6, pc=0x0000000110ce5538)
java.util.HashMap.getNode(HashMap.java:573) - invokevirtual @ bci 59 
     Created vframeArray 0x00007fadca814a20
DEOPT UNPACKING thread 0x00007fadca010800 vframeArray 0x00007fadca814a20 mode 2
     {method} {0x0000000117c2b060} &apos;getNode&apos; &apos;(ILjava/lang/Object;)Ljava/util/HashMap$Node;&apos; in &apos;java/util/HashMap&apos; - invokevirtual @ bci 59 sp = 0x0000000304c03440
<uncommon_trap thread='9731' reason='class_check' action='maybe_recompile' compile_id='121' compiler='C2' count='1' state='class_check' stamp='1.405'>
Uncommon trap occurred in java.util.HashMap::getNode (@0x0000000110ce5538) thread=9731 reason=class_check action=maybe_recompile unloaded_class_index=-1
<jvms bci='59' method='java/util/HashMap getNode (ILjava/lang/Object;)Ljava/util/HashMap$Node;' bytes='148' count='10' backedge_count='1' iicount='38' class_check_traps='1'/>
</uncommon_trap>
DEOPT PACKING thread 0x00007fadca010800 Compiled frame (sp=0x0000000304c00bd0 unextended sp=0x0000000304c00bd0, fp=0x0000000001494fe6, real_fp=0x0000000304c00c10, pc=0x0000000110ce5538)
     nmethod   1405  121             java.util.HashMap::getNode (148 bytes)

     Virtual frames (innermost first):
        0 - frame( sp=0x0000000304c00bd0, unextended_sp=0x0000000304c00bd0, fp=0x0000000001494fe6, pc=0x0000000110ce5538)
java.util.HashMap.getNode(HashMap.java:573) - invokevirtual @ bci 59 
     Created vframeArray 0x00007fadc9042e20
DEOPT UNPACKING thread 0x00007fadca010800 vframeArray 0x00007fadc9042e20 mode 2
     {method} {0x0000000117c2b060} &apos;getNode&apos; &apos;(ILjava/lang/Object;)Ljava/util/HashMap$Node;&apos; in &apos;java/util/HashMap&apos; - invokevirtual @ bci 59 sp = 0x0000000304c00b70
<uncommon_trap thread='9731' reason='class_check' action='maybe_recompile' compile_id='121' compiler='C2' count='2' state='class_check' stamp='1.507'>
Uncommon trap occurred in java.util.HashMap::getNode (@0x0000000110ce5538) thread=9731 reason=class_check action=maybe_recompile unloaded_class_index=-1
<jvms bci='59' method='java/util/HashMap getNode (ILjava/lang/Object;)Ljava/util/HashMap$Node;' bytes='148' count='10' backedge_count='1' iicount='38' class_check_traps='2'/>
</uncommon_trap>
DEOPT PACKING thread 0x00007fadca010800 Compiled frame (sp=0x0000000304c034a0 unextended sp=0x0000000304c034a0, fp=0x0000000001494fe6, real_fp=0x0000000304c034e0, pc=0x0000000110ce5538)
     nmethod   1507  121             java.util.HashMap::getNode (148 bytes)

     Virtual frames (innermost first):
        0 - frame( sp=0x0000000304c034a0, unextended_sp=0x0000000304c034a0, fp=0x0000000001494fe6, pc=0x0000000110ce5538)
java.util.HashMap.getNode(HashMap.java:573) - invokevirtual @ bci 59 
     Created vframeArray 0x00007fadca814a20
DEOPT UNPACKING thread 0x00007fadca010800 vframeArray 0x00007fadca814a20 mode 2
     {method} {0x0000000117c2b060} &apos;getNode&apos; &apos;(ILjava/lang/Object;)Ljava/util/HashMap$Node;&apos; in &apos;java/util/HashMap&apos; - invokevirtual @ bci 59 sp = 0x0000000304c03440
<uncommon_trap thread='9731' reason='unstable_if' action='reinterpret' compile_id='161' compiler='C2' stamp='1.518'>
Uncommon trap occurred in java.util.concurrent.ConcurrentHashMap::addCount (@0x0000000110d00d8c) thread=9731 reason=unstable_if action=reinterpret unloaded_class_index=-1
<jvms bci='135' method='java/util/concurrent/ConcurrentHashMap addCount (JI)V' bytes='281' count='11' backedge_count='1' iicount='48'/>
</uncommon_trap>
DEOPT PACKING thread 0x00007fadca010800 Compiled frame (sp=0x0000000304c04370 unextended sp=0x0000000304c04370, fp=0x0000000000000000, real_fp=0x0000000304c043b0, pc=0x0000000110d00d8c)
     nmethod   1517  161             java.util.concurrent.ConcurrentHashMap::addCount (281 bytes)

     Virtual frames (innermost first):
        0 - frame( sp=0x0000000304c04370, unextended_sp=0x0000000304c04370, fp=0x0000000000000000, pc=0x0000000110d00d8c)
java.util.concurrent.ConcurrentHashMap.addCount(ConcurrentHashMap.java:2275) - iflt @ bci 135 
     Created vframeArray 0x00007fadca03b420
DEOPT UNPACKING thread 0x00007fadca010800 vframeArray 0x00007fadca03b420 mode 2
     {method} {0x0000000117d1ef90} &apos;addCount&apos; &apos;(JI)V&apos; in &apos;java/util/concurrent/ConcurrentHashMap&apos; - iflt @ bci 135 sp = 0x0000000304c042e8
<dependency_failed type='leaf_type' ctxk='java/util/concurrent/ConcurrentHashMap$Node' witness='java/util/concurrent/ConcurrentHashMap$ForwardingNode' stamp='1.519'/>
DEOPT PACKING thread 0x00007fadca010800 Deoptimized frame (sp=0x0000000304c043b0 unextended sp=0x0000000304c043b0, fp=0x0000000000000000, real_fp=0x0000000304c04480, pc=0x0000000110cb6810)
     nmethod   1523   32   !         java.util.concurrent.ConcurrentHashMap::putVal (362 bytes)

     Virtual frames (innermost first):
        0 - frame( sp=0x0000000304c043b0, unextended_sp=0x0000000304c043b0, fp=0x0000000000000000, pc=0x0000000110cb6810)
java.util.concurrent.ConcurrentHashMap.putVal(ConcurrentHashMap.java:1070) - invokespecial @ bci 357 
     Created vframeArray 0x00007fadca814a20
DEOPT UNPACKING thread 0x00007fadca010800 vframeArray 0x00007fadca814a20 mode 0
     {method} {0x0000000117d1b908} &apos;putVal&apos; &apos;(Ljava/lang/Object;Ljava/lang/Object;Z)Ljava/lang/Object;&apos; in &apos;java/util/concurrent/ConcurrentHashMap&apos; - invokespecial @ bci 357 sp = 0x0000000304c043a8
<uncommon_trap thread='9731' reason='class_check' action='maybe_recompile' compile_id='121' compiler='C2' count='3' state='class_check' stamp='1.628'>
Uncommon trap occurred in java.util.HashMap::getNode (@0x0000000110ce5538) thread=9731 reason=class_check action=maybe_recompile unloaded_class_index=-1
<jvms bci='59' method='java/util/HashMap getNode (ILjava/lang/Object;)Ljava/util/HashMap$Node;' bytes='148' count='10' backedge_count='1' iicount='38' class_check_traps='3'/>
</uncommon_trap>
DEOPT PACKING thread 0x00007fadca010800 Compiled frame (sp=0x0000000304c034a0 unextended sp=0x0000000304c034a0, fp=0x0000000001494fe6, real_fp=0x0000000304c034e0, pc=0x0000000110ce5538)
     nmethod   1628  121             java.util.HashMap::getNode (148 bytes)

     Virtual frames (innermost first):
        0 - frame( sp=0x0000000304c034a0, unextended_sp=0x0000000304c034a0, fp=0x0000000001494fe6, pc=0x0000000110ce5538)
java.util.HashMap.getNode(HashMap.java:573) - invokevirtual @ bci 59 
     Created vframeArray 0x00007fadca02d620
DEOPT UNPACKING thread 0x00007fadca010800 vframeArray 0x00007fadca02d620 mode 2
     {method} {0x0000000117c2b060} &apos;getNode&apos; &apos;(ILjava/lang/Object;)Ljava/util/HashMap$Node;&apos; in &apos;java/util/HashMap&apos; - invokevirtual @ bci 59 sp = 0x0000000304c03440
<uncommon_trap thread='9731' reason='class_check' action='maybe_recompile' compile_id='187' compiler='C2' stamp='2.168'>
Uncommon trap occurred in sun.misc.URLClassPath::getLoader (@0x0000000110d10c80) thread=9731 reason=class_check action=maybe_recompile unloaded_class_index=-1
<jvms bci='94' method='sun/misc/URLClassPath getLoader (I)Lsun/misc/URLClassPath$Loader;' bytes='243' count='10' backedge_count='4' iicount='16'/>
</uncommon_trap>
DEOPT PACKING thread 0x00007fadca010800 Compiled frame (sp=0x0000000304c037d0 unextended sp=0x0000000304c037d0, fp=0x00000007955c52b0, real_fp=0x0000000304c03850, pc=0x0000000110d10c80)
     nmethod   2167  187  s!         sun.misc.URLClassPath::getLoader (243 bytes)

     Virtual frames (innermost first):
        0 - frame( sp=0x0000000304c037d0, unextended_sp=0x0000000304c037d0, fp=0x00000007955c52b0, pc=0x0000000110d10c80)
sun.misc.URLClassPath.getLoader(URLClassPath.java:533) - invokevirtual @ bci 94 
     Created vframeArray 0x00007fadca059a20
DEOPT UNPACKING thread 0x00007fadca010800 vframeArray 0x00007fadca059a20 mode 2
     {method} {0x0000000117d4d868} &apos;getLoader&apos; &apos;(I)Lsun/misc/URLClassPath$Loader;&apos; in &apos;sun/misc/URLClassPath&apos; - invokevirtual @ bci 94 sp = 0x0000000304c037b8
<uncommon_trap thread='9731' reason='class_check' action='maybe_recompile' compile_id='191' compiler='C2' stamp='2.170'>
Uncommon trap occurred in java.net.URL::&lt;init&gt; (@0x0000000110d15fc8) thread=9731 reason=class_check action=maybe_recompile unloaded_class_index=-1
<jvms bci='504' method='java/net/URL &lt;init&gt; (Ljava/net/URL;Ljava/lang/String;Ljava/net/URLStreamHandler;)V' bytes='543' count='7' backedge_count='11' iicount='7'/>
</uncommon_trap>
DEOPT PACKING thread 0x00007fadca010800 Compiled frame (sp=0x0000000304c03710 unextended sp=0x0000000304c03710, fp=0x00000007955c54d8, real_fp=0x0000000304c03780, pc=0x0000000110d15fc8)
     nmethod   2169  191   !         java.net.URL::&lt;init&gt; (543 bytes)

     Virtual frames (innermost first):
        0 - frame( sp=0x0000000304c03710, unextended_sp=0x0000000304c03710, fp=0x00000007955c54d8, pc=0x0000000110d15fc8)
java.net.URL.&lt;init&gt;(URL.java:640) - invokevirtual @ bci 504 
     Created vframeArray 0x00007fadcb05ac20
DEOPT UNPACKING thread 0x00007fadca010800 vframeArray 0x00007fadcb05ac20 mode 2
     {method} {0x0000000117bbd008} &apos;&lt;init&gt;&apos; &apos;(Ljava/net/URL;Ljava/lang/String;Ljava/net/URLStreamHandler;)V&apos; in &apos;java/net/URL&apos; - invokevirtual @ bci 504 sp = 0x0000000304c03698
<dependency_failed type='abstract_with_unique_concrete_subtype' ctxk='sun/misc/Resource' x='sun/misc/URLClassPath$FileLoader$1' witness='sun/misc/URLClassPath$JarLoader$2' stamp='2.171'/>
<dependency_failed type='abstract_with_unique_concrete_subtype' ctxk='sun/misc/Resource' x='sun/misc/URLClassPath$FileLoader$1' witness='sun/misc/URLClassPath$JarLoader$2' stamp='2.171'/>
<dependency_failed type='abstract_with_unique_concrete_subtype' ctxk='sun/misc/Resource' x='sun/misc/URLClassPath$FileLoader$1' witness='sun/misc/URLClassPath$JarLoader$2' stamp='2.171'/>
<dependency_failed type='abstract_with_unique_concrete_subtype' ctxk='sun/misc/Resource' x='sun/misc/URLClassPath$FileLoader$1' witness='sun/misc/URLClassPath$JarLoader$2' stamp='2.171'/>
<dependency_failed type='abstract_with_unique_concrete_subtype' ctxk='sun/misc/Resource' x='sun/misc/URLClassPath$FileLoader$1' witness='sun/misc/URLClassPath$JarLoader$2' stamp='2.171'/>
<dependency_failed type='abstract_with_unique_concrete_subtype' ctxk='sun/misc/Resource' x='sun/misc/URLClassPath$FileLoader$1' witness='sun/misc/URLClassPath$JarLoader$2' stamp='2.171'/>
<dependency_failed type='abstract_with_unique_concrete_subtype' ctxk='sun/misc/Resource' x='sun/misc/URLClassPath$FileLoader$1' witness='sun/misc/URLClassPath$JarLoader$2' stamp='2.171'/>
<dependency_failed type='abstract_with_unique_concrete_subtype' ctxk='sun/misc/Resource' x='sun/misc/URLClassPath$FileLoader$1' witness='sun/misc/URLClassPath$JarLoader$2' stamp='2.171'/>
<dependency_failed type='abstract_with_unique_concrete_subtype' ctxk='sun/misc/Resource' x='sun/misc/URLClassPath$FileLoader$1' witness='sun/misc/URLClassPath$JarLoader$2' stamp='2.171'/>
<dependency_failed type='abstract_with_unique_concrete_subtype' ctxk='sun/misc/Resource' x='sun/misc/URLClassPath$FileLoader$1' witness='sun/misc/URLClassPath$JarLoader$2' stamp='2.171'/>
<dependency_failed type='abstract_with_unique_concrete_subtype' ctxk='sun/misc/Resource' x='sun/misc/URLClassPath$FileLoader$1' witness='sun/misc/URLClassPath$JarLoader$2' stamp='2.171'/>
<dependency_failed type='abstract_with_unique_concrete_subtype' ctxk='sun/misc/Resource' x='sun/misc/URLClassPath$FileLoader$1' witness='sun/misc/URLClassPath$JarLoader$2' stamp='2.171'/>
<dependency_failed type='abstract_with_unique_concrete_subtype' ctxk='sun/misc/Resource' x='sun/misc/URLClassPath$FileLoader$1' witness='sun/misc/URLClassPath$JarLoader$2' stamp='2.171'/>
SAVED OOP RESULT 0x0000000795648ac0 in thread 0x00007fadca010800
DEOPT PACKING thread 0x00007fadca010800 Deoptimized frame (sp=0x0000000304c03850 unextended sp=0x0000000304c03850, fp=0x0000000795644060, real_fp=0x0000000304c03890, pc=0x0000000110d1e4a8)
     nmethod   2172  221   !         sun.misc.URLClassPath$JarLoader::getResource (85 bytes)

     Virtual frames (innermost first):
        0 - frame( sp=0x0000000304c03850, unextended_sp=0x0000000304c03850, fp=0x0000000795644060, pc=0x0000000110d1e4a8)
sun.misc.URLClassPath$JarLoader.getResource(URLClassPath.java:1070) - invokevirtual @ bci 54 
     Created vframeArray 0x00007fadca84d820
DEOPT UNPACKING thread 0x00007fadca010800 vframeArray 0x00007fadca84d820 mode 0
     {method} {0x0000000117d82888} &apos;getResource&apos; &apos;(Ljava/lang/String;Z)Lsun/misc/Resource;&apos; in &apos;sun/misc/URLClassPath$JarLoader&apos; - invokevirtual @ bci 54 sp = 0x0000000304c03818
SAVED OOP RESULT 0x0000000795648ac0 in thread 0x00007fadca010800
DEOPT PACKING thread 0x00007fadca010800 Deoptimized frame (sp=0x0000000304c03890 unextended sp=0x0000000304c03890, fp=0x0000000000000001, real_fp=0x0000000304c038e0, pc=0x0000000110d0a760)
     nmethod   2172  189             sun.misc.URLClassPath::getResource (83 bytes)

     Virtual frames (innermost first):
        0 - frame( sp=0x0000000304c03890, unextended_sp=0x0000000304c03890, fp=0x0000000000000001, pc=0x0000000110d0a760)
sun.misc.URLClassPath.getResource(URLClassPath.java:250) - invokevirtual @ bci 62 
     Created vframeArray 0x00007fadc9042820
DEOPT UNPACKING thread 0x00007fadca010800 vframeArray 0x00007fadc9042820 mode 0
     {method} {0x0000000117d4c9f8} &apos;getResource&apos; &apos;(Ljava/lang/String;Z)Lsun/misc/Resource;&apos; in &apos;sun/misc/URLClassPath&apos; - invokevirtual @ bci 62 sp = 0x0000000304c03858
SAVED OOP RESULT 0x0000000795648ac0 in thread 0x00007fadca010800
DEOPT PACKING thread 0x00007fadca010800 Deoptimized frame (sp=0x0000000304c038e0 unextended sp=0x0000000304c038e0, fp=0x0000000304c039a0, real_fp=0x0000000304c03910, pc=0x0000000110d24e3c)
     nmethod   2172  236   !         java.net.URLClassLoader$1::run (81 bytes)

     Virtual frames (innermost first):
        0 - frame( sp=0x0000000304c038e0, unextended_sp=0x0000000304c038e0, fp=0x0000000304c039a0, pc=0x0000000110d24e3c)
java.net.URLClassLoader$1.run(URLClassLoader.java:366) - invokevirtual @ bci 26 
     Created vframeArray 0x00007fadca84d820
DEOPT UNPACKING thread 0x00007fadca010800 vframeArray 0x00007fadca84d820 mode 0
     {method} {0x0000000117d7e8a0} &apos;run&apos; &apos;()Ljava/lang/Class;&apos; in &apos;java/net/URLClassLoader$1&apos; - invokevirtual @ bci 26 sp = 0x0000000304c038a0
<uncommon_trap thread='9731' reason='class_check' action='maybe_recompile' compile_id='152' compiler='C2' stamp='2.323'>
Uncommon trap occurred in java.util.HashMap::putVal (@0x0000000110cf653c) thread=9731 reason=class_check action=maybe_recompile unloaded_class_index=-1
<jvms bci='152' method='java/util/HashMap putVal (ILjava/lang/Object;Ljava/lang/Object;ZZ)Ljava/lang/Object;' bytes='300' count='10' backedge_count='1' iicount='20'/>
</uncommon_trap>
DEOPT PACKING thread 0x00007fadca010800 Compiled frame (sp=0x0000000304c032b0 unextended sp=0x0000000304c032b0, fp=0x00000000f80039e2, real_fp=0x0000000304c03320, pc=0x0000000110cf653c)
     nmethod   2322  152             java.util.HashMap::putVal (300 bytes)

     Virtual frames (innermost first):
        0 - frame( sp=0x0000000304c032b0, unextended_sp=0x0000000304c032b0, fp=0x00000000f80039e2, pc=0x0000000110cf653c)
java.util.HashMap.putVal(HashMap.java:643) - invokevirtual @ bci 152 
     Created vframeArray 0x00007fadc9029220
DEOPT UNPACKING thread 0x00007fadca010800 vframeArray 0x00007fadc9029220 mode 2
     {method} {0x0000000117c2b4d0} &apos;putVal&apos; &apos;(ILjava/lang/Object;Ljava/lang/Object;ZZ)Ljava/lang/Object;&apos; in &apos;java/util/HashMap&apos; - invokevirtual @ bci 152 sp = 0x0000000304c03238
<uncommon_trap thread='9731' reason='null_check' action='make_not_entrant' compile_id='264' compiler='C2' stamp='2.327'>
Uncommon trap occurred in java.lang.ClassLoader::getPackage (@0x0000000110d3b024) thread=9731 reason=null_check action=make_not_entrant unloaded_class_index=-1
<jvms bci='15' method='java/lang/ClassLoader getPackage (Ljava/lang/String;)Ljava/lang/Package;' bytes='118' count='10' backedge_count='1' iicount='20'/>
</uncommon_trap>
DEOPT PACKING thread 0x00007fadca010800 Compiled frame (sp=0x0000000304c03680 unextended sp=0x0000000304c03680, fp=0x00000007955c4f70, real_fp=0x0000000304c036d0, pc=0x0000000110d3b024)
     nmethod   2327  264   !         java.lang.ClassLoader::getPackage (118 bytes)

     Virtual frames (innermost first):
        0 - frame( sp=0x0000000304c03680, unextended_sp=0x0000000304c03680, fp=0x00000007955c4f70, pc=0x0000000110d3b024)
java.lang.ClassLoader.getPackage(ClassLoader.java:1612) - checkcast @ bci 15 
     Created vframeArray 0x00007fadcb05ac20
DEOPT UNPACKING thread 0x00007fadca010800 vframeArray 0x00007fadcb05ac20 mode 2
     {method} {0x0000000117b30a58} &apos;getPackage&apos; &apos;(Ljava/lang/String;)Ljava/lang/Package;&apos; in &apos;java/lang/ClassLoader&apos; - checkcast @ bci 15 sp = 0x0000000304c03638
<uncommon_trap thread='9731' reason='bimorphic' action='maybe_recompile' compile_id='244' compiler='C2' state='class_check recompiled' stamp='2.328'>
Uncommon trap occurred in java.util.HashMap::getNode (@0x0000000110d2b268) thread=9731 reason=bimorphic action=maybe_recompile unloaded_class_index=-1
<jvms bci='59' method='java/util/HashMap getNode (ILjava/lang/Object;)Ljava/util/HashMap$Node;' bytes='148' count='11' backedge_count='1' iicount='48' decompiles='1' class_check_traps='4'/>
</uncommon_trap>
DEOPT PACKING thread 0x00007fadca010800 Compiled frame (sp=0x0000000304c034e0 unextended sp=0x0000000304c034e0, fp=0x00000000f59c21e1, real_fp=0x0000000304c03530, pc=0x0000000110d2b268)
     nmethod   2328  244             java.util.HashMap::getNode (148 bytes)

     Virtual frames (innermost first):
        0 - frame( sp=0x0000000304c034e0, unextended_sp=0x0000000304c034e0, fp=0x00000000f59c21e1, pc=0x0000000110d2b268)
java.util.HashMap.getNode(HashMap.java:573) - invokevirtual @ bci 59 
     Created vframeArray 0x00007fadca84d820
DEOPT UNPACKING thread 0x00007fadca010800 vframeArray 0x00007fadca84d820 mode 2
     {method} {0x0000000117c2b060} &apos;getNode&apos; &apos;(ILjava/lang/Object;)Ljava/util/HashMap$Node;&apos; in &apos;java/util/HashMap&apos; - invokevirtual @ bci 59 sp = 0x0000000304c03490
<uncommon_trap thread='9731' reason='bimorphic' action='maybe_recompile' compile_id='244' compiler='C2' count='1' state='#15' stamp='2.328'>
Uncommon trap occurred in java.util.HashMap::getNode (@0x0000000110d2b268) thread=9731 reason=bimorphic action=maybe_recompile unloaded_class_index=-1
<jvms bci='59' method='java/util/HashMap getNode (ILjava/lang/Object;)Ljava/util/HashMap$Node;' bytes='148' count='11' backedge_count='1' iicount='48' decompiles='1' class_check_traps='4' bimorphic_traps='1'/>
</uncommon_trap>
DEOPT PACKING thread 0x00007fadca010800 Compiled frame (sp=0x0000000304c034e0 unextended sp=0x0000000304c034e0, fp=0x000000006499bd24, real_fp=0x0000000304c03530, pc=0x0000000110d2b268)
     nmethod   2328  244             java.util.HashMap::getNode (148 bytes)

     Virtual frames (innermost first):
        0 - frame( sp=0x0000000304c034e0, unextended_sp=0x0000000304c034e0, fp=0x000000006499bd24, pc=0x0000000110d2b268)
java.util.HashMap.getNode(HashMap.java:573) - invokevirtual @ bci 59 
     Created vframeArray 0x00007fadcb05ac20
DEOPT UNPACKING thread 0x00007fadca010800 vframeArray 0x00007fadcb05ac20 mode 2
     {method} {0x0000000117c2b060} &apos;getNode&apos; &apos;(ILjava/lang/Object;)Ljava/util/HashMap$Node;&apos; in &apos;java/util/HashMap&apos; - invokevirtual @ bci 59 sp = 0x0000000304c03490
<uncommon_trap thread='9731' reason='null_check' action='make_not_entrant' compile_id='302' compiler='C2' stamp='2.392'>
Uncommon trap occurred in java.security.SecureClassLoader::getProtectionDomain (@0x0000000110d0f694) thread=9731 reason=null_check action=make_not_entrant unloaded_class_index=-1
<jvms bci='23' method='java/security/SecureClassLoader getProtectionDomain (Ljava/security/CodeSource;)Ljava/security/ProtectionDomain;' bytes='114' count='10' backedge_count='1' iicount='20'/>
</uncommon_trap>
DEOPT PACKING thread 0x00007fadca010800 Compiled frame (sp=0x0000000304c036d0 unextended sp=0x0000000304c036d0, fp=0x00000007955c4f70, real_fp=0x0000000304c03710, pc=0x0000000110d0f694)
     nmethod   2392  302   !         java.security.SecureClassLoader::getProtectionDomain (114 bytes)

     Virtual frames (innermost first):
        0 - frame( sp=0x0000000304c036d0, unextended_sp=0x0000000304c036d0, fp=0x00000007955c4f70, pc=0x0000000110d0f694)
java.security.SecureClassLoader.getProtectionDomain(SecureClassLoader.java:204) - checkcast @ bci 23 
     Created vframeArray 0x00007fadca059a20
DEOPT UNPACKING thread 0x00007fadca010800 vframeArray 0x00007fadca059a20 mode 2
     {method} {0x0000000117b42898} &apos;getProtectionDomain&apos; &apos;(Ljava/security/CodeSource;)Ljava/security/ProtectionDomain;&apos; in &apos;java/security/SecureClassLoader&apos; - checkcast @ bci 23 sp = 0x0000000304c03678
<uncommon_trap thread='9731' reason='null_check' action='make_not_entrant' compile_id='305' compiler='C2' stamp='2.400'>
Uncommon trap occurred in java.lang.ClassLoader::checkCerts (@0x0000000110d4b298) thread=9731 reason=null_check action=make_not_entrant unloaded_class_index=-1
<jvms bci='141' method='java/lang/ClassLoader checkCerts (Ljava/lang/String;Ljava/security/CodeSource;)V' bytes='195' count='10' backedge_count='1' iicount='20'/>
</uncommon_trap>
DEOPT PACKING thread 0x00007fadca010800 Compiled frame (sp=0x0000000304c03630 unextended sp=0x0000000304c03630, fp=0x00000007955c4f70, real_fp=0x0000000304c03690, pc=0x0000000110d4b298)
     nmethod   2400  305   !         java.lang.ClassLoader::checkCerts (195 bytes)

     Virtual frames (innermost first):
        0 - frame( sp=0x0000000304c03630, unextended_sp=0x0000000304c03630, fp=0x00000007955c4f70, pc=0x0000000110d4b298)
java.lang.ClassLoader.checkCerts(ClassLoader.java:888) - checkcast @ bci 141 
     Created vframeArray 0x00007fadca850420
DEOPT UNPACKING thread 0x00007fadca010800 vframeArray 0x00007fadca850420 mode 2
     {method} {0x0000000117b2ee28} &apos;checkCerts&apos; &apos;(Ljava/lang/String;Ljava/security/CodeSource;)V&apos; in &apos;java/lang/ClassLoader&apos; - checkcast @ bci 141 sp = 0x0000000304c035f0
<uncommon_trap thread='9731' reason='class_check' action='maybe_recompile' compile_id='191' compiler='C2' count='1' state='class_check' stamp='2.419'>
Uncommon trap occurred in java.net.URL::&lt;init&gt; (@0x0000000110d15fc8) thread=9731 reason=class_check action=maybe_recompile unloaded_class_index=-1
<jvms bci='504' method='java/net/URL &lt;init&gt; (Ljava/net/URL;Ljava/lang/String;Ljava/net/URLStreamHandler;)V' bytes='543' count='3' backedge_count='11' iicount='7' class_check_traps='1'/>
</uncommon_trap>
DEOPT PACKING thread 0x00007fadca010800 Compiled frame (sp=0x0000000304c030d0 unextended sp=0x0000000304c030d0, fp=0x00000007955c54d8, real_fp=0x0000000304c03140, pc=0x0000000110d15fc8)
     nmethod   2418  191   !         java.net.URL::&lt;init&gt; (543 bytes)

     Virtual frames (innermost first):
        0 - frame( sp=0x0000000304c030d0, unextended_sp=0x0000000304c030d0, fp=0x00000007955c54d8, pc=0x0000000110d15fc8)
java.net.URL.&lt;init&gt;(URL.java:640) - invokevirtual @ bci 504 
     Created vframeArray 0x00007fadcb05ac20
DEOPT UNPACKING thread 0x00007fadca010800 vframeArray 0x00007fadcb05ac20 mode 2
     {method} {0x0000000117bbd008} &apos;&lt;init&gt;&apos; &apos;(Ljava/net/URL;Ljava/lang/String;Ljava/net/URLStreamHandler;)V&apos; in &apos;java/net/URL&apos; - invokevirtual @ bci 504 sp = 0x0000000304c03058
<uncommon_trap thread='9731' reason='bimorphic' action='maybe_recompile' compile_id='244' compiler='C2' count='2' state='#15' stamp='2.420'>
Uncommon trap occurred in java.util.HashMap::getNode (@0x0000000110d2b268) thread=9731 reason=bimorphic action=maybe_recompile unloaded_class_index=-1
<jvms bci='59' method='java/util/HashMap getNode (ILjava/lang/Object;)Ljava/util/HashMap$Node;' bytes='148' count='11' backedge_count='1' iicount='48' decompiles='1' class_check_traps='4' bimorphic_traps='2'/>
</uncommon_trap>
DEOPT PACKING thread 0x00007fadca010800 Compiled frame (sp=0x0000000304c02f50 unextended sp=0x0000000304c02f50, fp=0x00000000f59c21e1, real_fp=0x0000000304c02fa0, pc=0x0000000110d2b268)
     nmethod   2419  244             java.util.HashMap::getNode (148 bytes)

     Virtual frames (innermost first):
        0 - frame( sp=0x0000000304c02f50, unextended_sp=0x0000000304c02f50, fp=0x00000000f59c21e1, pc=0x0000000110d2b268)
java.util.HashMap.getNode(HashMap.java:573) - invokevirtual @ bci 59 
     Created vframeArray 0x00007fadca850420
DEOPT UNPACKING thread 0x00007fadca010800 vframeArray 0x00007fadca850420 mode 2
     {method} {0x0000000117c2b060} &apos;getNode&apos; &apos;(ILjava/lang/Object;)Ljava/util/HashMap$Node;&apos; in &apos;java/util/HashMap&apos; - invokevirtual @ bci 59 sp = 0x0000000304c02f00
<uncommon_trap thread='9731' reason='bimorphic' action='maybe_recompile' compile_id='244' compiler='C2' count='3' state='#15' stamp='2.420'>
Uncommon trap occurred in java.util.HashMap::getNode (@0x0000000110d2b268) thread=9731 reason=bimorphic action=maybe_recompile unloaded_class_index=-1
<jvms bci='59' method='java/util/HashMap getNode (ILjava/lang/Object;)Ljava/util/HashMap$Node;' bytes='148' count='11' backedge_count='1' iicount='48' decompiles='1' class_check_traps='4' bimorphic_traps='3'/>
</uncommon_trap>
DEOPT PACKING thread 0x00007fadca010800 Compiled frame (sp=0x0000000304c02f50 unextended sp=0x0000000304c02f50, fp=0x000000006499bd24, real_fp=0x0000000304c02fa0, pc=0x0000000110d2b268)
     nmethod   2419  244             java.util.HashMap::getNode (148 bytes)

     Virtual frames (innermost first):
        0 - frame( sp=0x0000000304c02f50, unextended_sp=0x0000000304c02f50, fp=0x000000006499bd24, pc=0x0000000110d2b268)
java.util.HashMap.getNode(HashMap.java:573) - invokevirtual @ bci 59 
     Created vframeArray 0x00007fadca059a20
DEOPT UNPACKING thread 0x00007fadca010800 vframeArray 0x00007fadca059a20 mode 2
     {method} {0x0000000117c2b060} &apos;getNode&apos; &apos;(ILjava/lang/Object;)Ljava/util/HashMap$Node;&apos; in &apos;java/util/HashMap&apos; - invokevirtual @ bci 59 sp = 0x0000000304c02f00
<uncommon_trap thread='9731' reason='class_check' action='maybe_recompile' compile_id='347' compiler='C2' stamp='2.422'>
Uncommon trap occurred in sun.misc.Resource::getBytes (@0x0000000110d669bc) thread=9731 reason=class_check action=maybe_recompile unloaded_class_index=-1
<jvms bci='10' method='sun/misc/Resource getBytes ()[B' bytes='242' count='9' backedge_count='15' iicount='9' decompiles='1'/>
</uncommon_trap>
DEOPT PACKING thread 0x00007fadca010800 Compiled frame (sp=0x0000000304c030f0 unextended sp=0x0000000304c030f0, fp=0x00000007956619a8, real_fp=0x0000000304c03180, pc=0x0000000110d669bc)
     nmethod   2422  347   !         sun.misc.Resource::getBytes (242 bytes)

     Virtual frames (innermost first):
        0 - frame( sp=0x0000000304c030f0, unextended_sp=0x0000000304c030f0, fp=0x00000007956619a8, pc=0x0000000110d669bc)
sun.misc.Resource.getBytes(Resource.java:100) - invokevirtual @ bci 10 
     Created vframeArray 0x00007fadc9029220
DEOPT UNPACKING thread 0x00007fadca010800 vframeArray 0x00007fadc9029220 mode 2
     {method} {0x0000000117ddae50} &apos;getBytes&apos; &apos;()[B&apos; in &apos;sun/misc/Resource&apos; - invokevirtual @ bci 10 sp = 0x0000000304c030d8
<uncommon_trap thread='9731' reason='uninitialized' action='reinterpret' compile_id='398' compiler='C2' stamp='2.632'>
Uncommon trap occurred in java.lang.invoke.LambdaForm::normalize (@0x0000000110d7c968) thread=9731 reason=uninitialized action=reinterpret unloaded_class_index=-1
<jvms bci='176' method='java/lang/invoke/LambdaForm normalize ()I' bytes='322' count='6' backedge_count='13' iicount='6'/>
</uncommon_trap>
DEOPT PACKING thread 0x00007fadca010800 Compiled frame (sp=0x0000000304c03910 unextended sp=0x0000000304c03910, fp=0x0000000795679380, real_fp=0x0000000304c03990, pc=0x0000000110d7c968)
     nmethod   2632  398             java.lang.invoke.LambdaForm::normalize (322 bytes)

     Virtual frames (innermost first):
        0 - frame( sp=0x0000000304c03910, unextended_sp=0x0000000304c03910, fp=0x0000000795679380, pc=0x0000000110d7c968)
java.lang.invoke.LambdaForm.normalize(LambdaForm.java:431) - getstatic @ bci 176 
     Created vframeArray 0x00007fadcb05d220
DEOPT UNPACKING thread 0x00007fadca010800 vframeArray 0x00007fadcb05d220 mode 2
     {method} {0x0000000117b8ad08} &apos;normalize&apos; &apos;()I&apos; in &apos;java/lang/invoke/LambdaForm&apos; - getstatic @ bci 176 sp = 0x0000000304c03900
<uncommon_trap thread='9731' reason='uninitialized' action='reinterpret' compile_id='402' compiler='C2' stamp='2.633'>
Uncommon trap occurred in java.lang.invoke.LambdaForm::argument (@0x0000000110d73ae4) thread=9731 reason=uninitialized action=reinterpret unloaded_class_index=-1
<jvms bci='16' method='java/lang/invoke/LambdaForm argument (ILjava/lang/invoke/LambdaForm$BasicType;)Ljava/lang/invoke/LambdaForm$Name;' bytes='27' count='10' backedge_count='1' iicount='20'/>
</uncommon_trap>
DEOPT PACKING thread 0x00007fadca010800 Compiled frame (sp=0x0000000304c03860 unextended sp=0x0000000304c03860, fp=0x0000000000000000, real_fp=0x0000000304c03890, pc=0x0000000110d73ae4)
     nmethod   2632  402             java.lang.invoke.LambdaForm::argument (27 bytes)

     Virtual frames (innermost first):
        0 - frame( sp=0x0000000304c03860, unextended_sp=0x0000000304c03860, fp=0x0000000000000000, pc=0x0000000110d73ae4)
java.lang.invoke.LambdaForm.argument(LambdaForm.java:1649) - getstatic @ bci 16 
     Created vframeArray 0x00007fadca84d820
DEOPT UNPACKING thread 0x00007fadca010800 vframeArray 0x00007fadca84d820 mode 2
     {method} {0x0000000117b8ea10} &apos;argument&apos; &apos;(ILjava/lang/invoke/LambdaForm$BasicType;)Ljava/lang/invoke/LambdaForm$Name;&apos; in &apos;java/lang/invoke/LambdaForm&apos; - getstatic @ bci 16 sp = 0x0000000304c03840
<uncommon_trap thread='9731' reason='uninitialized' action='reinterpret' compile_id='431' compiler='C2' count='1' stamp='2.793'>
Uncommon trap occurred in java.lang.invoke.LambdaForm::argument (@0x0000000110d84d6c) thread=9731 reason=uninitialized action=reinterpret unloaded_class_index=-1
<jvms bci='16' method='java/lang/invoke/LambdaForm argument (ILjava/lang/invoke/LambdaForm$BasicType;)Ljava/lang/invoke/LambdaForm$Name;' bytes='27' count='10' backedge_count='1' iicount='38' decompiles='1' uninitialized_traps='1'/>
</uncommon_trap>
DEOPT PACKING thread 0x00007fadca010800 Compiled frame (sp=0x0000000304c00ed0 unextended sp=0x0000000304c00ed0, fp=0x0000000000000001, real_fp=0x0000000304c00f00, pc=0x0000000110d84d6c)
     nmethod   2793  431             java.lang.invoke.LambdaForm::argument (27 bytes)

     Virtual frames (innermost first):
        0 - frame( sp=0x0000000304c00ed0, unextended_sp=0x0000000304c00ed0, fp=0x0000000000000001, pc=0x0000000110d84d6c)
java.lang.invoke.LambdaForm.argument(LambdaForm.java:1649) - getstatic @ bci 16 
     Created vframeArray 0x00007fadcb05d220
DEOPT UNPACKING thread 0x00007fadca010800 vframeArray 0x00007fadcb05d220 mode 2
     {method} {0x0000000117b8ea10} &apos;argument&apos; &apos;(ILjava/lang/invoke/LambdaForm$BasicType;)Ljava/lang/invoke/LambdaForm$Name;&apos; in &apos;java/lang/invoke/LambdaForm&apos; - getstatic @ bci 16 sp = 0x0000000304c00eb0
<uncommon_trap thread='9731' reason='uninitialized' action='reinterpret' compile_id='430' compiler='C2' count='1' stamp='2.917'>
Uncommon trap occurred in java.lang.invoke.LambdaForm::normalize (@0x0000000110d87838) thread=9731 reason=uninitialized action=reinterpret unloaded_class_index=-1
<jvms bci='176' method='java/lang/invoke/LambdaForm normalize ()I' bytes='322' count='6' backedge_count='16' iicount='11' decompiles='1' uninitialized_traps='1'/>
</uncommon_trap>
DEOPT PACKING thread 0x00007fadca010800 Compiled frame (sp=0x0000000304c00f60 unextended sp=0x0000000304c00f60, fp=0x0000000795685ec0, real_fp=0x0000000304c00ff0, pc=0x0000000110d87838)
     nmethod   2917  430             java.lang.invoke.LambdaForm::normalize (322 bytes)

     Virtual frames (innermost first):
        0 - frame( sp=0x0000000304c00f60, unextended_sp=0x0000000304c00f60, fp=0x0000000795685ec0, pc=0x0000000110d87838)
java.lang.invoke.LambdaForm.normalize(LambdaForm.java:431) - getstatic @ bci 176 
     Created vframeArray 0x00007fadca84d820
DEOPT UNPACKING thread 0x00007fadca010800 vframeArray 0x00007fadca84d820 mode 2
     {method} {0x0000000117b8ad08} &apos;normalize&apos; &apos;()I&apos; in &apos;java/lang/invoke/LambdaForm&apos; - getstatic @ bci 176 sp = 0x0000000304c00f60
<uncommon_trap thread='9731' reason='uninitialized' action='reinterpret' compile_id='456' compiler='C2' stamp='3.003'>
Uncommon trap occurred in java.lang.invoke.LambdaForm::internArgument (@0x0000000110d9673c) thread=9731 reason=uninitialized action=reinterpret unloaded_class_index=-1
<jvms bci='0' method='java/lang/invoke/LambdaForm internArgument (Ljava/lang/invoke/LambdaForm$Name;)Ljava/lang/invoke/LambdaForm$Name;' bytes='84' count='10' backedge_count='1' iicount='20'/>
</uncommon_trap>
DEOPT PACKING thread 0x00007fadca010800 Compiled frame (sp=0x0000000304c00f40 unextended sp=0x0000000304c00f40, fp=0x0000000795675620, real_fp=0x0000000304c00f60, pc=0x0000000110d9673c)
     nmethod   3003  456             java.lang.invoke.LambdaForm::internArgument (84 bytes)

     Virtual frames (innermost first):
        0 - frame( sp=0x0000000304c00f40, unextended_sp=0x0000000304c00f40, fp=0x0000000795675620, pc=0x0000000110d9673c)
java.lang.invoke.LambdaForm.internArgument(LambdaForm.java:1652) - getstatic @ bci 0 
     Created vframeArray 0x00007fadcb05d220
DEOPT UNPACKING thread 0x00007fadca010800 vframeArray 0x00007fadcb05d220 mode 2
     {method} {0x0000000117b8eb18} &apos;internArgument&apos; &apos;(Ljava/lang/invoke/LambdaForm$Name;)Ljava/lang/invoke/LambdaForm$Name;&apos; in &apos;java/lang/invoke/LambdaForm&apos; - getstatic @ bci 0 sp = 0x0000000304c00f10
<uncommon_trap thread='9731' reason='uninitialized' action='reinterpret' compile_id='519' compiler='C2' count='2' stamp='3.445'>
Uncommon trap occurred in java.lang.invoke.LambdaForm::argument (@0x0000000110db4d84) thread=9731 reason=uninitialized action=reinterpret unloaded_class_index=-1
<jvms bci='16' method='java/lang/invoke/LambdaForm argument (ILjava/lang/invoke/LambdaForm$BasicType;)Ljava/lang/invoke/LambdaForm$Name;' bytes='27' count='10' backedge_count='1' iicount='56' decompiles='2' uninitialized_traps='2'/>
</uncommon_trap>
DEOPT PACKING thread 0x00007fadca010800 Compiled frame (sp=0x0000000304c00ed0 unextended sp=0x0000000304c00ed0, fp=0x0000000000000001, real_fp=0x0000000304c00f00, pc=0x0000000110db4d84)
     nmethod   3445  519             java.lang.invoke.LambdaForm::argument (27 bytes)

     Virtual frames (innermost first):
        0 - frame( sp=0x0000000304c00ed0, unextended_sp=0x0000000304c00ed0, fp=0x0000000000000001, pc=0x0000000110db4d84)
java.lang.invoke.LambdaForm.argument(LambdaForm.java:1649) - getstatic @ bci 16 
     Created vframeArray 0x00007fadb900ac20
DEOPT UNPACKING thread 0x00007fadca010800 vframeArray 0x00007fadb900ac20 mode 2
     {method} {0x0000000117b8ea10} &apos;argument&apos; &apos;(ILjava/lang/invoke/LambdaForm$BasicType;)Ljava/lang/invoke/LambdaForm$Name;&apos; in &apos;java/lang/invoke/LambdaForm&apos; - getstatic @ bci 16 sp = 0x0000000304c00eb0
<uncommon_trap thread='9731' reason='loop_limit_check' action='maybe_recompile' compile_id='517' compiler='C2' stamp='3.660'>
Uncommon trap occurred in java.lang.invoke.LambdaForm::shortenSignature (@0x0000000110da3d2c) thread=9731 reason=loop_limit_check action=maybe_recompile unloaded_class_index=-1
<jvms bci='97' method='java/lang/invoke/LambdaForm shortenSignature (Ljava/lang/String;)Ljava/lang/String;' bytes='166' count='5' backedge_count='15' iicount='5'/>
</uncommon_trap>
DEOPT PACKING thread 0x00007fadca010800 Compiled frame (sp=0x0000000304c01de0 unextended sp=0x0000000304c01de0, fp=0x00000007956945d0, real_fp=0x0000000304c01e50, pc=0x0000000110da3d2c)
     nmethod   3659  517             java.lang.invoke.LambdaForm::shortenSignature (166 bytes)

     Virtual frames (innermost first):
        0 - frame( sp=0x0000000304c01de0, unextended_sp=0x0000000304c01de0, fp=0x00000007956945d0, pc=0x0000000110da3d2c)
java.lang.invoke.LambdaForm.shortenSignature(LambdaForm.java:1360) - aload @ bci 97 
     Created vframeArray 0x00007fadcb05d220
DEOPT UNPACKING thread 0x00007fadca010800 vframeArray 0x00007fadcb05d220 mode 2
     {method} {0x0000000117b8e5d8} &apos;shortenSignature&apos; &apos;(Ljava/lang/String;)Ljava/lang/String;&apos; in &apos;java/lang/invoke/LambdaForm&apos; - aload @ bci 97 sp = 0x0000000304c01db8
<uncommon_trap thread='9731' reason='uninitialized' action='reinterpret' compile_id='518' compiler='C2' count='2' stamp='3.661'>
Uncommon trap occurred in java.lang.invoke.LambdaForm::normalize (@0x0000000110db60c0) thread=9731 reason=uninitialized action=reinterpret unloaded_class_index=-1
<jvms bci='176' method='java/lang/invoke/LambdaForm normalize ()I' bytes='322' count='4' backedge_count='18' iicount='14' decompiles='2' uninitialized_traps='2'/>
</uncommon_trap>
DEOPT PACKING thread 0x00007fadca010800 Compiled frame (sp=0x0000000304c01cb0 unextended sp=0x0000000304c01cb0, fp=0x00000007956946d8, real_fp=0x0000000304c01d40, pc=0x0000000110db60c0)
     nmethod   3660  518             java.lang.invoke.LambdaForm::normalize (322 bytes)

     Virtual frames (innermost first):
        0 - frame( sp=0x0000000304c01cb0, unextended_sp=0x0000000304c01cb0, fp=0x00000007956946d8, pc=0x0000000110db60c0)
java.lang.invoke.LambdaForm.normalize(LambdaForm.java:431) - getstatic @ bci 176 
     Created vframeArray 0x00007fadc904de20
DEOPT UNPACKING thread 0x00007fadca010800 vframeArray 0x00007fadc904de20 mode 2
     {method} {0x0000000117b8ad08} &apos;normalize&apos; &apos;()I&apos; in &apos;java/lang/invoke/LambdaForm&apos; - getstatic @ bci 176 sp = 0x0000000304c01cb0
<uncommon_trap thread='9731' reason='class_check' action='maybe_recompile' compile_id='541' compiler='C2' stamp='3.803'>
Uncommon trap occurred in java.lang.invoke.InvokerBytecodeGenerator::emitPushArgument (@0x0000000110dc78b8) thread=9731 reason=class_check action=maybe_recompile unloaded_class_index=-1
<jvms bci='6' method='java/lang/invoke/InvokerBytecodeGenerator emitPushArgument (Ljava/lang/Class;Ljava/lang/Object;)V' bytes='120' count='11' backedge_count='1' iicount='21'/>
</uncommon_trap>
DEOPT PACKING thread 0x00007fadca010800 Compiled frame (sp=0x0000000304c01be0 unextended sp=0x0000000304c01be0, fp=0x0000000795583190, real_fp=0x0000000304c01c30, pc=0x0000000110dc78b8)
     nmethod   3802  541             java.lang.invoke.InvokerBytecodeGenerator::emitPushArgument (120 bytes)

     Virtual frames (innermost first):
        0 - frame( sp=0x0000000304c01be0, unextended_sp=0x0000000304c01be0, fp=0x0000000795583190, pc=0x0000000110dc78b8)
java.lang.invoke.InvokerBytecodeGenerator.emitPushArgument(InvokerBytecodeGenerator.java:1156) - instanceof @ bci 6 
     Created vframeArray 0x00007fadcb05d220
DEOPT UNPACKING thread 0x00007fadca010800 vframeArray 0x00007fadcb05d220 mode 2
     {method} {0x0000000117ecaf10} &apos;emitPushArgument&apos; &apos;(Ljava/lang/Class;Ljava/lang/Object;)V&apos; in &apos;java/lang/invoke/InvokerBytecodeGenerator&apos; - instanceof @ bci 6 sp = 0x0000000304c01bb0
<uncommon_trap thread='9731' reason='uninitialized' action='reinterpret' compile_id='562' compiler='C2' stamp='3.932'>
Uncommon trap occurred in java.lang.invoke.LambdaForm::parameter (@0x0000000110dc579c) thread=9731 reason=uninitialized action=reinterpret unloaded_class_index=-1
<jvms bci='0' method='java/lang/invoke/LambdaForm parameter (I)Ljava/lang/invoke/LambdaForm$Name;' bytes='52' count='10' backedge_count='1' iicount='20'/>
</uncommon_trap>
DEOPT PACKING thread 0x00007fadca010800 Compiled frame (sp=0x0000000304c036f0 unextended sp=0x0000000304c036f0, fp=0x0000000795676a38, real_fp=0x0000000304c03720, pc=0x0000000110dc579c)
     nmethod   3931  562             java.lang.invoke.LambdaForm::parameter (52 bytes)

     Virtual frames (innermost first):
        0 - frame( sp=0x0000000304c036f0, unextended_sp=0x0000000304c036f0, fp=0x0000000795676a38, pc=0x0000000110dc579c)
java.lang.invoke.LambdaForm.parameter(LambdaForm.java:505) - getstatic @ bci 0 
     Created vframeArray 0x00007fadc904de20
DEOPT UNPACKING thread 0x00007fadca010800 vframeArray 0x00007fadc904de20 mode 2
     {method} {0x0000000117b8b2a0} &apos;parameter&apos; &apos;(I)Ljava/lang/invoke/LambdaForm$Name;&apos; in &apos;java/lang/invoke/LambdaForm&apos; - getstatic @ bci 0 sp = 0x0000000304c036c8
<uncommon_trap thread='9731' reason='uninitialized' action='reinterpret' compile_id='560' compiler='C2' stamp='3.933'>
Uncommon trap occurred in java.lang.invoke.LambdaForm::compileToBytecode (@0x0000000110dd01b4) thread=9731 reason=uninitialized action=reinterpret unloaded_class_index=-1
<jvms bci='24' method='java/lang/invoke/LambdaForm compileToBytecode ()Ljava/lang/invoke/MemberName;' bytes='103' count='10' backedge_count='1' iicount='20'/>
</uncommon_trap>
DEOPT PACKING thread 0x00007fadca010800 Compiled frame (sp=0x0000000304c03860 unextended sp=0x0000000304c03860, fp=0x0000000795676a38, real_fp=0x0000000304c03890, pc=0x0000000110dd01b4)
     nmethod   3932  560   !         java.lang.invoke.LambdaForm::compileToBytecode (103 bytes)

     Virtual frames (innermost first):
        0 - frame( sp=0x0000000304c03860, unextended_sp=0x0000000304c03860, fp=0x0000000795676a38, pc=0x0000000110dd01b4)
java.lang.invoke.LambdaForm.compileToBytecode(LambdaForm.java:652) - getstatic @ bci 24 
     Created vframeArray 0x00007fadcb05d220
DEOPT UNPACKING thread 0x00007fadca010800 vframeArray 0x00007fadcb05d220 mode 2
     {method} {0x0000000117b8bca0} &apos;compileToBytecode&apos; &apos;()Ljava/lang/invoke/MemberName;&apos; in &apos;java/lang/invoke/LambdaForm&apos; - getstatic @ bci 24 sp = 0x0000000304c03830
<uncommon_trap thread='9731' reason='null_check' action='make_not_entrant' compile_id='541' compiler='C2' state='class_check' stamp='3.935'>
Uncommon trap occurred in java.lang.invoke.InvokerBytecodeGenerator::emitPushArgument (@0x0000000110dc78f4) thread=9731 reason=null_check action=make_not_entrant unloaded_class_index=-1
<jvms bci='6' method='java/lang/invoke/InvokerBytecodeGenerator emitPushArgument (Ljava/lang/Class;Ljava/lang/Object;)V' bytes='120' count='11' backedge_count='1' iicount='21' class_check_traps='1'/>
</uncommon_trap>
DEOPT PACKING thread 0x00007fadca010800 Compiled frame (sp=0x0000000304c035a0 unextended sp=0x0000000304c035a0, fp=0x00000007955806f8, real_fp=0x0000000304c035f0, pc=0x0000000110dc78f4)
     nmethod   3934  541             java.lang.invoke.InvokerBytecodeGenerator::emitPushArgument (120 bytes)

     Virtual frames (innermost first):
        0 - frame( sp=0x0000000304c035a0, unextended_sp=0x0000000304c035a0, fp=0x00000007955806f8, pc=0x0000000110dc78f4)
java.lang.invoke.InvokerBytecodeGenerator.emitPushArgument(InvokerBytecodeGenerator.java:1156) - instanceof @ bci 6 
     Created vframeArray 0x00007fadcb061220
DEOPT UNPACKING thread 0x00007fadca010800 vframeArray 0x00007fadcb061220 mode 2
     {method} {0x0000000117ecaf10} &apos;emitPushArgument&apos; &apos;(Ljava/lang/Class;Ljava/lang/Object;)V&apos; in &apos;java/lang/invoke/InvokerBytecodeGenerator&apos; - instanceof @ bci 6 sp = 0x0000000304c03570
<uncommon_trap thread='9731' reason='uninitialized' action='reinterpret' compile_id='569' compiler='C2' stamp='4.000'>
Uncommon trap occurred in java.lang.invoke.LambdaForm::signatureArity (@0x0000000110dd38fc) thread=9731 reason=uninitialized action=reinterpret unloaded_class_index=-1
<jvms bci='0' method='java/lang/invoke/LambdaForm signatureArity (Ljava/lang/String;)I' bytes='28' count='10' backedge_count='1' iicount='20'/>
</uncommon_trap>
DEOPT PACKING thread 0x00007fadca010800 Compiled frame (sp=0x0000000304c03760 unextended sp=0x0000000304c03760, fp=0x00000007956a11a8, real_fp=0x0000000304c03780, pc=0x0000000110dd38fc)
     nmethod   4000  569             java.lang.invoke.LambdaForm::signatureArity (28 bytes)

     Virtual frames (innermost first):
        0 - frame( sp=0x0000000304c03760, unextended_sp=0x0000000304c03760, fp=0x00000007956a11a8, pc=0x0000000110dd38fc)
java.lang.invoke.LambdaForm.signatureArity(LambdaForm.java:538) - getstatic @ bci 0 
     Created vframeArray 0x00007fadcb05d220
DEOPT UNPACKING thread 0x00007fadca010800 vframeArray 0x00007fadcb05d220 mode 2
     {method} {0x0000000117b8b760} &apos;signatureArity&apos; &apos;(Ljava/lang/String;)I&apos; in &apos;java/lang/invoke/LambdaForm&apos; - getstatic @ bci 0 sp = 0x0000000304c03728
<uncommon_trap thread='9731' reason='uninitialized' action='reinterpret' compile_id='584' compiler='C2' stamp='4.022'>
Uncommon trap occurred in java.lang.invoke.LambdaForm::prepare (@0x0000000110dd8edc) thread=9731 reason=uninitialized action=reinterpret unloaded_class_index=-1
<jvms bci='0' method='java/lang/invoke/LambdaForm prepare ()V' bytes='43' count='10' backedge_count='1' iicount='20'/>
</uncommon_trap>
DEOPT PACKING thread 0x00007fadca010800 Compiled frame (sp=0x0000000304c03900 unextended sp=0x0000000304c03900, fp=0x0000000795679448, real_fp=0x0000000304c03920, pc=0x0000000110dd8edc)
     nmethod   4022  584             java.lang.invoke.LambdaForm::prepare (43 bytes)

     Virtual frames (innermost first):
        0 - frame( sp=0x0000000304c03900, unextended_sp=0x0000000304c03900, fp=0x0000000795679448, pc=0x0000000110dd8edc)
java.lang.invoke.LambdaForm.prepare(LambdaForm.java:634) - getstatic @ bci 0 
     Created vframeArray 0x00007fadca861820
DEOPT UNPACKING thread 0x00007fadca010800 vframeArray 0x00007fadca861820 mode 2
     {method} {0x0000000117b8bb58} &apos;prepare&apos; &apos;()V&apos; in &apos;java/lang/invoke/LambdaForm&apos; - getstatic @ bci 0 sp = 0x0000000304c038c0
<uncommon_trap thread='9731' reason='uninitialized' action='reinterpret' compile_id='634' compiler='C2' count='1' stamp='4.276'>
Uncommon trap occurred in java.lang.invoke.LambdaForm::signatureArity (@0x0000000110df107c) thread=9731 reason=uninitialized action=reinterpret unloaded_class_index=-1
<jvms bci='0' method='java/lang/invoke/LambdaForm signatureArity (Ljava/lang/String;)I' bytes='28' count='10' backedge_count='1' iicount='38' decompiles='1' uninitialized_traps='1'/>
</uncommon_trap>
DEOPT PACKING thread 0x00007fadca010800 Compiled frame (sp=0x0000000304c03a10 unextended sp=0x0000000304c03a10, fp=0x00000007956b6c80, real_fp=0x0000000304c03a30, pc=0x0000000110df107c)
     nmethod   4276  634             java.lang.invoke.LambdaForm::signatureArity (28 bytes)

     Virtual frames (innermost first):
        0 - frame( sp=0x0000000304c03a10, unextended_sp=0x0000000304c03a10, fp=0x00000007956b6c80, pc=0x0000000110df107c)
java.lang.invoke.LambdaForm.signatureArity(LambdaForm.java:538) - getstatic @ bci 0 
     Created vframeArray 0x00007fadca076420
DEOPT UNPACKING thread 0x00007fadca010800 vframeArray 0x00007fadca076420 mode 2
     {method} {0x0000000117b8b760} &apos;signatureArity&apos; &apos;(Ljava/lang/String;)I&apos; in &apos;java/lang/invoke/LambdaForm&apos; - getstatic @ bci 0 sp = 0x0000000304c039e0
<uncommon_trap thread='9731' reason='uninitialized' action='reinterpret' compile_id='631' compiler='C2' stamp='4.282'>
Uncommon trap occurred in java.lang.invoke.LambdaForm::basicTypeSignature (@0x0000000110df5e7c) thread=9731 reason=uninitialized action=reinterpret unloaded_class_index=-1
<jvms bci='76' method='java/lang/invoke/LambdaForm basicTypeSignature (Ljava/lang/invoke/MethodType;)Ljava/lang/String;' bytes='101' count='8' backedge_count='11' iicount='8'/>
</uncommon_trap>
DEOPT PACKING thread 0x00007fadca010800 Compiled frame (sp=0x0000000304c03a90 unextended sp=0x0000000304c03a90, fp=0x0000000000000005, real_fp=0x0000000304c03b00, pc=0x0000000110df5e7c)
     nmethod   4281  631             java.lang.invoke.LambdaForm::basicTypeSignature (101 bytes)

     Virtual frames (innermost first):
        0 - frame( sp=0x0000000304c03a90, unextended_sp=0x0000000304c03a90, fp=0x0000000000000005, pc=0x0000000110df5e7c)
java.lang.invoke.LambdaForm.basicTypeSignature(LambdaForm.java:1340) - getstatic @ bci 76 
     Created vframeArray 0x00007fadca077820
DEOPT UNPACKING thread 0x00007fadca010800 vframeArray 0x00007fadca077820 mode 2
     {method} {0x0000000117b8e400} &apos;basicTypeSignature&apos; &apos;(Ljava/lang/invoke/MethodType;)Ljava/lang/String;&apos; in &apos;java/lang/invoke/LambdaForm&apos; - getstatic @ bci 76 sp = 0x0000000304c03a90
<uncommon_trap thread='9731' reason='uninitialized' action='reinterpret' compile_id='660' compiler='C2' count='2' stamp='4.452'>
Uncommon trap occurred in java.lang.invoke.LambdaForm::signatureArity (@0x0000000110dfb27c) thread=9731 reason=uninitialized action=reinterpret unloaded_class_index=-1
<jvms bci='0' method='java/lang/invoke/LambdaForm signatureArity (Ljava/lang/String;)I' bytes='28' count='10' backedge_count='1' iicount='56' decompiles='2' uninitialized_traps='2'/>
</uncommon_trap>
DEOPT PACKING thread 0x00007fadca010800 Compiled frame (sp=0x0000000304c03ad0 unextended sp=0x0000000304c03ad0, fp=0x00000007956bf028, real_fp=0x0000000304c03af0, pc=0x0000000110dfb27c)
     nmethod   4451  660             java.lang.invoke.LambdaForm::signatureArity (28 bytes)

     Virtual frames (innermost first):
        0 - frame( sp=0x0000000304c03ad0, unextended_sp=0x0000000304c03ad0, fp=0x00000007956bf028, pc=0x0000000110dfb27c)
java.lang.invoke.LambdaForm.signatureArity(LambdaForm.java:538) - getstatic @ bci 0 
     Created vframeArray 0x00007fadca076420
DEOPT UNPACKING thread 0x00007fadca010800 vframeArray 0x00007fadca076420 mode 2
     {method} {0x0000000117b8b760} &apos;signatureArity&apos; &apos;(Ljava/lang/String;)I&apos; in &apos;java/lang/invoke/LambdaForm&apos; - getstatic @ bci 0 sp = 0x0000000304c03aa0
<uncommon_trap thread='9731' reason='uninitialized' action='reinterpret' compile_id='664' compiler='C2' count='1' stamp='4.481'>
Uncommon trap occurred in java.lang.invoke.LambdaForm::compileToBytecode (@0x0000000110db977c) thread=9731 reason=uninitialized action=reinterpret unloaded_class_index=-1
<jvms bci='24' method='java/lang/invoke/LambdaForm compileToBytecode ()Ljava/lang/invoke/MemberName;' bytes='103' count='11' backedge_count='1' iicount='39' decompiles='1' uninitialized_traps='1'/>
</uncommon_trap>
DEOPT PACKING thread 0x00007fadca010800 Compiled frame (sp=0x0000000304c04690 unextended sp=0x0000000304c04690, fp=0x00000007956c07f8, real_fp=0x0000000304c046c0, pc=0x0000000110db977c)
     nmethod   4480  664   !         java.lang.invoke.LambdaForm::compileToBytecode (103 bytes)

     Virtual frames (innermost first):
        0 - frame( sp=0x0000000304c04690, unextended_sp=0x0000000304c04690, fp=0x00000007956c07f8, pc=0x0000000110db977c)
java.lang.invoke.LambdaForm.compileToBytecode(LambdaForm.java:652) - getstatic @ bci 24 
     Created vframeArray 0x00007fadca077820
DEOPT UNPACKING thread 0x00007fadca010800 vframeArray 0x00007fadca077820 mode 2
     {method} {0x0000000117b8bca0} &apos;compileToBytecode&apos; &apos;()Ljava/lang/invoke/MemberName;&apos; in &apos;java/lang/invoke/LambdaForm&apos; - getstatic @ bci 24 sp = 0x0000000304c04660
<uncommon_trap thread='9731' reason='unstable_if' action='reinterpret' compile_id='416' compiler='C2' stamp='4.532'>
Uncommon trap occurred in sun.invoke.util.VerifyAccess::isTypeVisible (@0x0000000110d7df60) thread=9731 reason=unstable_if action=reinterpret unloaded_class_index=-1
<jvms bci='6' method='java/lang/Class getClassLoader ()Ljava/lang/ClassLoader;' bytes='28' count='10' backedge_count='1' iicount='47'/>
<jvms bci='43' method='sun/invoke/util/VerifyAccess isTypeVisible (Ljava/lang/Class;Ljava/lang/Class;)Z' bytes='118' count='10' backedge_count='1' iicount='20'/>
</uncommon_trap>
DEOPT PACKING thread 0x00007fadca010800 Compiled frame (sp=0x0000000304c04910 unextended sp=0x0000000304c04910, fp=0x00000000f2ab89ee, real_fp=0x0000000304c04940, pc=0x0000000110d7df60)
     nmethod   4532  416             sun.invoke.util.VerifyAccess::isTypeVisible (118 bytes)

     Virtual frames (innermost first):
        0 - frame( sp=0x0000000304c04910, unextended_sp=0x0000000304c04910, fp=0x00000000f2ab89ee, pc=0x0000000110d7df60)
java.lang.Class.getClassLoader(Class.java:679) - ifnonnull @ bci 6 
        1 - frame( sp=0x0000000304c04910, unextended_sp=0x0000000304c04910, fp=0x00000000f2ab89ee, pc=0x0000000110d7df60)
sun.invoke.util.VerifyAccess.isTypeVisible(VerifyAccess.java:196) - invokevirtual @ bci 43 
     Created vframeArray 0x00007fadca076420
DEOPT UNPACKING thread 0x00007fadca010800 vframeArray 0x00007fadca076420 mode 2
     {method} {0x0000000117e8a738} &apos;isTypeVisible&apos; &apos;(Ljava/lang/Class;Ljava/lang/Class;)Z&apos; in &apos;sun/invoke/util/VerifyAccess&apos; - invokevirtual @ bci 43 sp = 0x0000000304c048a8
     {method} {0x0000000117b24320} &apos;getClassLoader&apos; &apos;()Ljava/lang/ClassLoader;&apos; in &apos;java/lang/Class&apos; - ifnonnull @ bci 6 sp = 0x0000000304c04850
<uncommon_trap thread='9731' reason='unstable_if' action='reinterpret' compile_id='425' compiler='C2' count='1' state='intrinsic recompiled' stamp='4.534'>
Uncommon trap occurred in sun.invoke.util.VerifyAccess::isSamePackage (@0x0000000110d80318) thread=9731 reason=unstable_if action=reinterpret unloaded_class_index=-1
<jvms bci='6' method='java/lang/Class getClassLoader ()Ljava/lang/ClassLoader;' bytes='28' count='1' backedge_count='1' iicount='47' unstable_if_traps='1'/>
<jvms bci='40' method='sun/invoke/util/VerifyAccess isSamePackage (Ljava/lang/Class;Ljava/lang/Class;)Z' bytes='114' count='3' backedge_count='26' iicount='3'/>
</uncommon_trap>
DEOPT PACKING thread 0x00007fadca010800 Compiled frame (sp=0x0000000304c04800 unextended sp=0x0000000304c04800, fp=0x0000000795582920, real_fp=0x0000000304c04850, pc=0x0000000110d80318)
     nmethod   4533  425             sun.invoke.util.VerifyAccess::isSamePackage (114 bytes)

     Virtual frames (innermost first):
        0 - frame( sp=0x0000000304c04800, unextended_sp=0x0000000304c04800, fp=0x0000000795582920, pc=0x0000000110d80318)
java.lang.Class.getClassLoader(Class.java:679) - ifnonnull @ bci 6 
        1 - frame( sp=0x0000000304c04800, unextended_sp=0x0000000304c04800, fp=0x0000000795582920, pc=0x0000000110d80318)
sun.invoke.util.VerifyAccess.isSamePackage(VerifyAccess.java:275) - invokevirtual @ bci 40 
     Created vframeArray 0x00007fadc9058020
DEOPT UNPACKING thread 0x00007fadca010800 vframeArray 0x00007fadc9058020 mode 2
     {method} {0x0000000117e8a9c0} &apos;isSamePackage&apos; &apos;(Ljava/lang/Class;Ljava/lang/Class;)Z&apos; in &apos;sun/invoke/util/VerifyAccess&apos; - invokevirtual @ bci 40 sp = 0x0000000304c047b0
     {method} {0x0000000117b24320} &apos;getClassLoader&apos; &apos;()Ljava/lang/ClassLoader;&apos; in &apos;java/lang/Class&apos; - ifnonnull @ bci 6 sp = 0x0000000304c04758
<uncommon_trap thread='9731' reason='unstable_if' action='reinterpret' compile_id='11' compiler='C2' count='2' state='intrinsic recompiled' stamp='4.534'>
Uncommon trap occurred in java.lang.Class::getClassLoader (@0x0000000110c7e8f4) thread=9731 reason=unstable_if action=reinterpret unloaded_class_index=-1
<jvms bci='6' method='java/lang/Class getClassLoader ()Ljava/lang/ClassLoader;' bytes='28' count='1' backedge_count='1' iicount='47' unstable_if_traps='2'/>
</uncommon_trap>
DEOPT PACKING thread 0x00007fadca010800 Compiled frame (sp=0x0000000304c04780 unextended sp=0x0000000304c04780, fp=0x0000000304c04808, real_fp=0x0000000304c047b0, pc=0x0000000110c7e8f4)
     nmethod   4534   11             java.lang.Class::getClassLoader (28 bytes)

     Virtual frames (innermost first):
        0 - frame( sp=0x0000000304c04780, unextended_sp=0x0000000304c04780, fp=0x0000000304c04808, pc=0x0000000110c7e8f4)
java.lang.Class.getClassLoader(Class.java:679) - ifnonnull @ bci 6 
     Created vframeArray 0x00007fadca861820
DEOPT UNPACKING thread 0x00007fadca010800 vframeArray 0x00007fadca861820 mode 2
     {method} {0x0000000117b24320} &apos;getClassLoader&apos; &apos;()Ljava/lang/ClassLoader;&apos; in &apos;java/lang/Class&apos; - ifnonnull @ bci 6 sp = 0x0000000304c04748
<uncommon_trap thread='9731' reason='loop_limit_check' action='maybe_recompile' compile_id='672' compiler='C2' stamp='4.822'>
Uncommon trap occurred in java.lang.invoke.LambdaForm$Name::useCount (@0x0000000110e074e8) thread=9731 reason=loop_limit_check action=maybe_recompile unloaded_class_index=-1
<jvms bci='24' method='java/lang/invoke/LambdaForm$Name useCount (Ljava/lang/invoke/LambdaForm$Name;)I' bytes='42' count='7' backedge_count='17' iicount='7'/>
</uncommon_trap>
DEOPT PACKING thread 0x00007fadca010800 Compiled frame (sp=0x0000000304c04300 unextended sp=0x0000000304c04300, fp=0x00000007956c5278, real_fp=0x0000000304c04340, pc=0x0000000110e074e8)
     nmethod   4822  672             java.lang.invoke.LambdaForm$Name::useCount (42 bytes)

     Virtual frames (innermost first):
        0 - frame( sp=0x0000000304c04300, unextended_sp=0x0000000304c04300, fp=0x00000007956c5278, pc=0x0000000110e074e8)
java.lang.invoke.LambdaForm$Name.useCount(LambdaForm.java:1582) - fast_aaccess_0 @ bci 24 
     Created vframeArray 0x00007fadcb063c20
DEOPT UNPACKING thread 0x00007fadca010800 vframeArray 0x00007fadcb063c20 mode 2
     {method} {0x0000000117e9ec40} &apos;useCount&apos; &apos;(Ljava/lang/invoke/LambdaForm$Name;)I&apos; in &apos;java/lang/invoke/LambdaForm$Name&apos; - aload_0 @ bci 24 sp = 0x0000000304c042e0
<uncommon_trap thread='9731' reason='loop_limit_check' action='maybe_recompile' compile_id='726' compiler='C2' stamp='5.037'>
Uncommon trap occurred in java.lang.invoke.LambdaForm::useCount (@0x0000000110e33848) thread=9731 reason=loop_limit_check action=maybe_recompile unloaded_class_index=-1
<jvms bci='74' method='java/lang/invoke/LambdaForm useCount (Ljava/lang/invoke/LambdaForm$Name;)I' bytes='99' count='10' backedge_count='11' iicount='11'/>
</uncommon_trap>
DEOPT PACKING thread 0x00007fadca010800 Compiled frame (sp=0x0000000304c03970 unextended sp=0x0000000304c03970, fp=0x000000079577a730, real_fp=0x0000000304c039b0, pc=0x0000000110e33848)
     nmethod   5037  726             java.lang.invoke.LambdaForm::useCount (99 bytes)

     Virtual frames (innermost first):
        0 - frame( sp=0x0000000304c03970, unextended_sp=0x0000000304c03970, fp=0x000000079577a730, pc=0x0000000110e33848)
java.lang.invoke.LambdaForm.useCount(LambdaForm.java:1638) - fast_iload @ bci 74 
     Created vframeArray 0x00007fadca861820
DEOPT UNPACKING thread 0x00007fadca010800 vframeArray 0x00007fadca861820 mode 2
     {method} {0x0000000117b8e878} &apos;useCount&apos; &apos;(Ljava/lang/invoke/LambdaForm$Name;)I&apos; in &apos;java/lang/invoke/LambdaForm&apos; - iload @ bci 74 sp = 0x0000000304c03930
<dependency_failed type='unique_concrete_method' ctxk='java/lang/invoke/MethodHandle' x='java/lang/invoke/MethodHandle intrinsicName ()Ljava/lang/invoke/MethodHandleImpl$Intrinsic;' witness='java/lang/invoke/MethodHandleImpl$IntrinsicMethodHandle' stamp='5.093'/>
<uncommon_trap thread='9731' reason='predicate' action='maybe_recompile' compile_id='652' compiler='C2' stamp='5.214'>
Uncommon trap occurred in java.util.Arrays::fill (@0x0000000110df9a74) thread=9731 reason=predicate action=maybe_recompile unloaded_class_index=-1
<jvms bci='10' method='java/util/Arrays fill ([Ljava/lang/Object;Ljava/lang/Object;)V' bytes='21' count='6' backedge_count='10' iicount='6'/>
</uncommon_trap>
DEOPT PACKING thread 0x00007fadca010800 Compiled frame (sp=0x0000000304c02ef0 unextended sp=0x0000000304c02ef0, fp=0x0000000000000006, real_fp=0x0000000304c02f20, pc=0x0000000110df9a74)
     nmethod   5213  652             java.util.Arrays::fill (21 bytes)

     Virtual frames (innermost first):
        0 - frame( sp=0x0000000304c02ef0, unextended_sp=0x0000000304c02ef0, fp=0x0000000000000006, pc=0x0000000110df9a74)
java.util.Arrays.fill(Arrays.java:3130) - fast_aload_0 @ bci 10 
     Created vframeArray 0x00007fadca868e20
DEOPT UNPACKING thread 0x00007fadca010800 vframeArray 0x00007fadca868e20 mode 2
     {method} {0x0000000117c65398} &apos;fill&apos; &apos;([Ljava/lang/Object;Ljava/lang/Object;)V&apos; in &apos;java/util/Arrays&apos; - aload_0 @ bci 10 sp = 0x0000000304c02eb0
<uncommon_trap thread='9731' reason='array_check' action='maybe_recompile' compile_id='771' compiler='C2' stamp='5.391'>
Uncommon trap occurred in java.util.Arrays::fill (@0x0000000110e3dc8c) thread=9731 reason=array_check action=maybe_recompile unloaded_class_index=-1
<jvms bci='13' method='java/util/Arrays fill ([Ljava/lang/Object;Ljava/lang/Object;)V' bytes='21' count='7' backedge_count='17' iicount='7' decompiles='1' predicate_traps='1'/>
</uncommon_trap>
DEOPT PACKING thread 0x00007fadca010800 Compiled frame (sp=0x0000000304c02f10 unextended sp=0x0000000304c02f10, fp=0x000000079566c4a8, real_fp=0x0000000304c02f60, pc=0x0000000110e3dc8c)
     nmethod   5391  771             java.util.Arrays::fill (21 bytes)

     Virtual frames (innermost first):
        0 - frame( sp=0x0000000304c02f10, unextended_sp=0x0000000304c02f10, fp=0x000000079566c4a8, pc=0x0000000110e3dc8c)
java.util.Arrays.fill(Arrays.java:3130) - aastore @ bci 13 
     Created vframeArray 0x00007fadca077220
DEOPT UNPACKING thread 0x00007fadca010800 vframeArray 0x00007fadca077220 mode 2
     {method} {0x0000000117c65398} &apos;fill&apos; &apos;([Ljava/lang/Object;Ljava/lang/Object;)V&apos; in &apos;java/util/Arrays&apos; - aastore @ bci 13 sp = 0x0000000304c02ed8
<uncommon_trap thread='9731' reason='array_check' action='maybe_recompile' compile_id='771' compiler='C2' count='1' state='array_check' stamp='5.427'>
Uncommon trap occurred in java.util.Arrays::fill (@0x0000000110e3dc8c) thread=9731 reason=array_check action=maybe_recompile unloaded_class_index=-1
<jvms bci='13' method='java/util/Arrays fill ([Ljava/lang/Object;Ljava/lang/Object;)V' bytes='21' count='7' backedge_count='25' iicount='7' decompiles='1' array_check_traps='1' predicate_traps='1'/>
</uncommon_trap>
DEOPT PACKING thread 0x00007fadca010800 Compiled frame (sp=0x0000000304c02f10 unextended sp=0x0000000304c02f10, fp=0x000000079566c4a8, real_fp=0x0000000304c02f60, pc=0x0000000110e3dc8c)
     nmethod   5426  771             java.util.Arrays::fill (21 bytes)

     Virtual frames (innermost first):
        0 - frame( sp=0x0000000304c02f10, unextended_sp=0x0000000304c02f10, fp=0x000000079566c4a8, pc=0x0000000110e3dc8c)
java.util.Arrays.fill(Arrays.java:3130) - aastore @ bci 13 
     Created vframeArray 0x00007fadc905b020
DEOPT UNPACKING thread 0x00007fadca010800 vframeArray 0x00007fadc905b020 mode 2
     {method} {0x0000000117c65398} &apos;fill&apos; &apos;([Ljava/lang/Object;Ljava/lang/Object;)V&apos; in &apos;java/util/Arrays&apos; - aastore @ bci 13 sp = 0x0000000304c02ed8
<uncommon_trap thread='9731' reason='unstable_if' action='reinterpret' compile_id='665' compiler='C2' stamp='5.429'>
Uncommon trap occurred in java.lang.invoke.LambdaForm::argument (@0x0000000110db92dc) thread=9731 reason=unstable_if action=reinterpret unloaded_class_index=-1
<jvms bci='3' method='java/lang/invoke/LambdaForm argument (ILjava/lang/invoke/LambdaForm$BasicType;)Ljava/lang/invoke/LambdaForm$Name;' bytes='27' count='11' backedge_count='1' iicount='75' decompiles='3' uninitialized_traps='3'/>
</uncommon_trap>
DEOPT PACKING thread 0x00007fadca010800 Compiled frame (sp=0x0000000304c029c0 unextended sp=0x0000000304c029c0, fp=0x00000007957cf310, real_fp=0x0000000304c029f0, pc=0x0000000110db92dc)
     nmethod   5428  665             java.lang.invoke.LambdaForm::argument (27 bytes)

     Virtual frames (innermost first):
        0 - frame( sp=0x0000000304c029c0, unextended_sp=0x0000000304c029c0, fp=0x00000007957cf310, pc=0x0000000110db92dc)
java.lang.invoke.LambdaForm.argument(LambdaForm.java:1647) - if_icmplt @ bci 3 
     Created vframeArray 0x00007fadca077220
DEOPT UNPACKING thread 0x00007fadca010800 vframeArray 0x00007fadca077220 mode 2
     {method} {0x0000000117b8ea10} &apos;argument&apos; &apos;(ILjava/lang/invoke/LambdaForm$BasicType;)Ljava/lang/invoke/LambdaForm$Name;&apos; in &apos;java/lang/invoke/LambdaForm&apos; - if_icmplt @ bci 3 sp = 0x0000000304c02980
<uncommon_trap thread='9731' reason='array_check' action='maybe_recompile' compile_id='771' compiler='C2' count='2' state='array_check' stamp='5.434'>
Uncommon trap occurred in java.util.Arrays::fill (@0x0000000110e3dc8c) thread=9731 reason=array_check action=maybe_recompile unloaded_class_index=-1
<jvms bci='13' method='java/util/Arrays fill ([Ljava/lang/Object;Ljava/lang/Object;)V' bytes='21' count='7' backedge_count='34' iicount='7' decompiles='1' array_check_traps='2' predicate_traps='1'/>
</uncommon_trap>
DEOPT PACKING thread 0x00007fadca010800 Compiled frame (sp=0x0000000304c02f10 unextended sp=0x0000000304c02f10, fp=0x000000079566c4a8, real_fp=0x0000000304c02f60, pc=0x0000000110e3dc8c)
     nmethod   5434  771             java.util.Arrays::fill (21 bytes)

     Virtual frames (innermost first):
        0 - frame( sp=0x0000000304c02f10, unextended_sp=0x0000000304c02f10, fp=0x000000079566c4a8, pc=0x0000000110e3dc8c)
java.util.Arrays.fill(Arrays.java:3130) - aastore @ bci 13 
     Created vframeArray 0x00007fadc905b020
DEOPT UNPACKING thread 0x00007fadca010800 vframeArray 0x00007fadc905b020 mode 2
     {method} {0x0000000117c65398} &apos;fill&apos; &apos;([Ljava/lang/Object;Ljava/lang/Object;)V&apos; in &apos;java/util/Arrays&apos; - aastore @ bci 13 sp = 0x0000000304c02ed8
<uncommon_trap thread='9731' reason='array_check' action='maybe_recompile' compile_id='771' compiler='C2' count='3' state='array_check' stamp='5.436'>
Uncommon trap occurred in java.util.Arrays::fill (@0x0000000110e3dc8c) thread=9731 reason=array_check action=maybe_recompile unloaded_class_index=-1
<jvms bci='13' method='java/util/Arrays fill ([Ljava/lang/Object;Ljava/lang/Object;)V' bytes='21' count='7' backedge_count='44' iicount='7' decompiles='1' array_check_traps='3' predicate_traps='1'/>
</uncommon_trap>
DEOPT PACKING thread 0x00007fadca010800 Compiled frame (sp=0x0000000304c02f10 unextended sp=0x0000000304c02f10, fp=0x000000079566c4a8, real_fp=0x0000000304c02f60, pc=0x0000000110e3dc8c)
     nmethod   5436  771             java.util.Arrays::fill (21 bytes)

     Virtual frames (innermost first):
        0 - frame( sp=0x0000000304c02f10, unextended_sp=0x0000000304c02f10, fp=0x000000079566c4a8, pc=0x0000000110e3dc8c)
java.util.Arrays.fill(Arrays.java:3130) - aastore @ bci 13 
     Created vframeArray 0x00007fadca868e20
DEOPT UNPACKING thread 0x00007fadca010800 vframeArray 0x00007fadca868e20 mode 2
     {method} {0x0000000117c65398} &apos;fill&apos; &apos;([Ljava/lang/Object;Ljava/lang/Object;)V&apos; in &apos;java/util/Arrays&apos; - aastore @ bci 13 sp = 0x0000000304c02ed8
<uncommon_trap thread='9731' reason='unloaded' action='reinterpret' index='11' compile_id='372' compiler='C2' unresolved='1' name='java/lang/StringBuilder' stamp='5.439'>
Uncommon trap occurred in java.lang.Class::getSimpleName (@0x0000000110d6bb9c) thread=9731 reason=unloaded action=reinterpret unloaded_class_index=11 unresolved class: java/lang/StringBuilder
<jvms bci='7' method='java/lang/Class getSimpleName ()Ljava/lang/String;' bytes='120' count='10' backedge_count='1' iicount='20'/>
</uncommon_trap>
DEOPT PACKING thread 0x00007fadca010800 Compiled frame (sp=0x0000000304c02c60 unextended sp=0x0000000304c02c60, fp=0x0000000795584090, real_fp=0x0000000304c02ca0, pc=0x0000000110d6bb9c)
     nmethod   5439  372             java.lang.Class::getSimpleName (120 bytes)

     Virtual frames (innermost first):
        0 - frame( sp=0x0000000304c02c60, unextended_sp=0x0000000304c02c60, fp=0x0000000795584090, pc=0x0000000110d6bb9c)
java.lang.Class.getSimpleName(Class.java:1307) - new @ bci 7 
     Created vframeArray 0x00007fadc905b020
DEOPT UNPACKING thread 0x00007fadca010800 vframeArray 0x00007fadc905b020 mode 2
     {method} {0x0000000117b25770} &apos;getSimpleName&apos; &apos;()Ljava/lang/String;&apos; in &apos;java/lang/Class&apos; - new @ bci 7 sp = 0x0000000304c02c38
<uncommon_trap thread='9731' reason='null_assert' action='make_not_entrant' compile_id='465' compiler='C2' stamp='5.440'>
Uncommon trap occurred in java.lang.invoke.MemberName$Factory::resolveOrFail (@0x0000000110d9b224) thread=9731 reason=null_assert action=make_not_entrant unloaded_class_index=-1
<jvms bci='29' method='java/lang/invoke/MemberName$Factory resolveOrFail (BLjava/lang/invoke/MemberName;Ljava/lang/Class;Ljava/lang/Class;)Ljava/lang/invoke/MemberName;' bytes='52' count='10' backedge_count='1' iicount='20'/>
</uncommon_trap>
DEOPT PACKING thread 0x00007fadca010800 Compiled frame (sp=0x0000000304c02ec0 unextended sp=0x0000000304c02ec0, fp=0x0000000795674bf0, real_fp=0x0000000304c02ef0, pc=0x0000000110d9b224)
     nmethod   5439  465             java.lang.invoke.MemberName$Factory::resolveOrFail (52 bytes)

     Virtual frames (innermost first):
        0 - frame( sp=0x0000000304c02ec0, unextended_sp=0x0000000304c02ec0, fp=0x0000000795674bf0, pc=0x0000000110d9b224)
java.lang.invoke.MemberName$Factory.resolveOrFail(MemberName.java:1004) - instanceof @ bci 29 
     Created vframeArray 0x00007fadcb065c20
DEOPT UNPACKING thread 0x00007fadca010800 vframeArray 0x00007fadcb065c20 mode 2
     {method} {0x0000000117d70a20} &apos;resolveOrFail&apos; &apos;(BLjava/lang/invoke/MemberName;Ljava/lang/Class;Ljava/lang/Class;)Ljava/lang/invoke/MemberName;&apos; in &apos;java/lang/invoke/MemberName$Factory&apos; - instanceof @ bci 29 sp = 0x0000000304c02e60
<uncommon_trap thread='9731' reason='null_check' action='make_not_entrant' compile_id='603' compiler='C2' stamp='5.441'>
Uncommon trap occurred in java.util.ArrayList::add (@0x0000000110deaa5c) thread=9731 reason=null_check action=make_not_entrant unloaded_class_index=-1
<jvms bci='26' method='java/util/ArrayList add (Ljava/lang/Object;)Z' bytes='29' count='10' backedge_count='1' iicount='20'/>
</uncommon_trap>
DEOPT PACKING thread 0x00007fadca010800 Compiled frame (sp=0x0000000304c03030 unextended sp=0x0000000304c03030, fp=0x00000000f2afce33, real_fp=0x0000000304c03060, pc=0x0000000110deaa5c)
     nmethod   5440  603             java.util.ArrayList::add (29 bytes)

     Virtual frames (innermost first):
        0 - frame( sp=0x0000000304c03030, unextended_sp=0x0000000304c03030, fp=0x00000000f2afce33, pc=0x0000000110deaa5c)
java.util.ArrayList.add(ArrayList.java:465) - aastore @ bci 26 
     Created vframeArray 0x00007fadc905b020
DEOPT UNPACKING thread 0x00007fadca010800 vframeArray 0x00007fadc905b020 mode 2
     {method} {0x0000000117c0cbf8} &apos;add&apos; &apos;(Ljava/lang/Object;)Z&apos; in &apos;java/util/ArrayList&apos; - aastore @ bci 26 sp = 0x0000000304c02ff8
<uncommon_trap thread='9731' reason='class_check' action='maybe_recompile' compile_id='740' compiler='C2' stamp='5.587'>
Uncommon trap occurred in java.lang.invoke.InvokerBytecodeGenerator::generateCustomizedCodeBytes (@0x0000000110e3abf8) thread=9731 reason=class_check action=maybe_recompile unloaded_class_index=-1
<jvms bci='17' method='java/lang/invoke/LambdaForm$NamedFunction intrinsicName ()Ljava/lang/invoke/MethodHandleImpl$Intrinsic;' bytes='21' count='10' backedge_count='1' iicount='20'/>
<jvms bci='180' method='java/lang/invoke/InvokerBytecodeGenerator generateCustomizedCodeBytes ()[B' bytes='604' count='10' backedge_count='12' iicount='11' decompiles='1'/>
</uncommon_trap>
DEOPT PACKING thread 0x00007fadca010800 Compiled frame (sp=0x0000000304c02ad0 unextended sp=0x0000000304c02ad0, fp=0x00000000f2ad3753, real_fp=0x0000000304c02b50, pc=0x0000000110e3abf8)
     nmethod   5586  740             java.lang.invoke.InvokerBytecodeGenerator::generateCustomizedCodeBytes (604 bytes)

     Virtual frames (innermost first):
        0 - frame( sp=0x0000000304c02ad0, unextended_sp=0x0000000304c02ad0, fp=0x00000000f2ad3753, pc=0x0000000110e3abf8)
java.lang.invoke.LambdaForm$NamedFunction.intrinsicName(LambdaForm.java:1328) - invokevirtual @ bci 17 
        1 - frame( sp=0x0000000304c02ad0, unextended_sp=0x0000000304c02ad0, fp=0x00000000f2ad3753, pc=0x0000000110e3abf8)
java.lang.invoke.InvokerBytecodeGenerator.generateCustomizedCodeBytes(InvokerBytecodeGenerator.java:668) - invokevirtual @ bci 180 
     Created vframeArray 0x00007fadca868e20
DEOPT UNPACKING thread 0x00007fadca010800 vframeArray 0x00007fadca868e20 mode 2
     {method} {0x0000000117ec91b8} &apos;generateCustomizedCodeBytes&apos; &apos;()[B&apos; in &apos;java/lang/invoke/InvokerBytecodeGenerator&apos; - invokevirtual @ bci 180 sp = 0x0000000304c02ac8
     {method} {0x0000000117ea3a70} &apos;intrinsicName&apos; &apos;()Ljava/lang/invoke/MethodHandleImpl$Intrinsic;&apos; in &apos;java/lang/invoke/LambdaForm$NamedFunction&apos; - invokevirtual @ bci 17 sp = 0x0000000304c02a70
<uncommon_trap thread='9731' reason='class_check' action='maybe_recompile' compile_id='642' compiler='C2' stamp='5.588'>
Uncommon trap occurred in java.lang.invoke.MethodType::listToArray (@0x0000000110df8f50) thread=9731 reason=class_check action=maybe_recompile unloaded_class_index=-1
<jvms bci='1' method='java/lang/invoke/MethodType listToArray (Ljava/util/List;)[Ljava/lang/Class;' bytes='22' count='10' backedge_count='1' iicount='20'/>
</uncommon_trap>
DEOPT PACKING thread 0x00007fadca010800 Compiled frame (sp=0x0000000304c02cf0 unextended sp=0x0000000304c02cf0, fp=0x0000000304c02d80, real_fp=0x0000000304c02d20, pc=0x0000000110df8f50)
     nmethod   5588  642             java.lang.invoke.MethodType::listToArray (22 bytes)

     Virtual frames (innermost first):
        0 - frame( sp=0x0000000304c02cf0, unextended_sp=0x0000000304c02cf0, fp=0x0000000304c02d80, pc=0x0000000110df8f50)
java.lang.invoke.MethodType.listToArray(MethodType.java:227) - invokeinterface @ bci 1 
     Created vframeArray 0x00007fadca07e820
DEOPT UNPACKING thread 0x00007fadca010800 vframeArray 0x00007fadca07e820 mode 2
     {method} {0x0000000117b92a50} &apos;listToArray&apos; &apos;(Ljava/util/List;)[Ljava/lang/Class;&apos; in &apos;java/lang/invoke/MethodType&apos; - invokeinterface @ bci 1 sp = 0x0000000304c02cc8
<uncommon_trap thread='9731' reason='class_check' action='maybe_recompile' compile_id='740' compiler='C2' count='1' state='class_check' stamp='5.594'>
Uncommon trap occurred in java.lang.invoke.InvokerBytecodeGenerator::generateCustomizedCodeBytes (@0x0000000110e3abf8) thread=9731 reason=class_check action=maybe_recompile unloaded_class_index=-1
<jvms bci='17' method='java/lang/invoke/LambdaForm$NamedFunction intrinsicName ()Ljava/lang/invoke/MethodHandleImpl$Intrinsic;' bytes='21' count='10' backedge_count='1' iicount='20' class_check_traps='1'/>
<jvms bci='180' method='java/lang/invoke/InvokerBytecodeGenerator generateCustomizedCodeBytes ()[B' bytes='604' count='10' backedge_count='14' iicount='11' decompiles='1'/>
</uncommon_trap>
DEOPT PACKING thread 0x00007fadca010800 Compiled frame (sp=0x0000000304c02b80 unextended sp=0x0000000304c02b80, fp=0x00000000f2af0476, real_fp=0x0000000304c02c00, pc=0x0000000110e3abf8)
     nmethod   5593  740             java.lang.invoke.InvokerBytecodeGenerator::generateCustomizedCodeBytes (604 bytes)

     Virtual frames (innermost first):
        0 - frame( sp=0x0000000304c02b80, unextended_sp=0x0000000304c02b80, fp=0x00000000f2af0476, pc=0x0000000110e3abf8)
java.lang.invoke.LambdaForm$NamedFunction.intrinsicName(LambdaForm.java:1328) - invokevirtual @ bci 17 
        1 - frame( sp=0x0000000304c02b80, unextended_sp=0x0000000304c02b80, fp=0x00000000f2af0476, pc=0x0000000110e3abf8)
java.lang.invoke.InvokerBytecodeGenerator.generateCustomizedCodeBytes(InvokerBytecodeGenerator.java:668) - invokevirtual @ bci 180 
     Created vframeArray 0x00007fadca868e20
DEOPT UNPACKING thread 0x00007fadca010800 vframeArray 0x00007fadca868e20 mode 2
     {method} {0x0000000117ec91b8} &apos;generateCustomizedCodeBytes&apos; &apos;()[B&apos; in &apos;java/lang/invoke/InvokerBytecodeGenerator&apos; - invokevirtual @ bci 180 sp = 0x0000000304c02b78
     {method} {0x0000000117ea3a70} &apos;intrinsicName&apos; &apos;()Ljava/lang/invoke/MethodHandleImpl$Intrinsic;&apos; in &apos;java/lang/invoke/LambdaForm$NamedFunction&apos; - invokevirtual @ bci 17 sp = 0x0000000304c02b20
<uncommon_trap thread='9731' reason='class_check' action='maybe_recompile' compile_id='740' compiler='C2' count='2' state='class_check' stamp='5.596'>
Uncommon trap occurred in java.lang.invoke.InvokerBytecodeGenerator::generateCustomizedCodeBytes (@0x0000000110e3abf8) thread=9731 reason=class_check action=maybe_recompile unloaded_class_index=-1
<jvms bci='17' method='java/lang/invoke/LambdaForm$NamedFunction intrinsicName ()Ljava/lang/invoke/MethodHandleImpl$Intrinsic;' bytes='21' count='10' backedge_count='1' iicount='20' class_check_traps='2'/>
<jvms bci='180' method='java/lang/invoke/InvokerBytecodeGenerator generateCustomizedCodeBytes ()[B' bytes='604' count='10' backedge_count='14' iicount='11' decompiles='1'/>
</uncommon_trap>
DEOPT PACKING thread 0x00007fadca010800 Compiled frame (sp=0x0000000304c02320 unextended sp=0x0000000304c02320, fp=0x00000000f2ad3753, real_fp=0x0000000304c023a0, pc=0x0000000110e3abf8)
     nmethod   5596  740             java.lang.invoke.InvokerBytecodeGenerator::generateCustomizedCodeBytes (604 bytes)

     Virtual frames (innermost first):
        0 - frame( sp=0x0000000304c02320, unextended_sp=0x0000000304c02320, fp=0x00000000f2ad3753, pc=0x0000000110e3abf8)
java.lang.invoke.LambdaForm$NamedFunction.intrinsicName(LambdaForm.java:1328) - invokevirtual @ bci 17 
        1 - frame( sp=0x0000000304c02320, unextended_sp=0x0000000304c02320, fp=0x00000000f2ad3753, pc=0x0000000110e3abf8)
java.lang.invoke.InvokerBytecodeGenerator.generateCustomizedCodeBytes(InvokerBytecodeGenerator.java:668) - invokevirtual @ bci 180 
     Created vframeArray 0x00007fadca861820
DEOPT UNPACKING thread 0x00007fadca010800 vframeArray 0x00007fadca861820 mode 2
     {method} {0x0000000117ec91b8} &apos;generateCustomizedCodeBytes&apos; &apos;()[B&apos; in &apos;java/lang/invoke/InvokerBytecodeGenerator&apos; - invokevirtual @ bci 180 sp = 0x0000000304c02318
     {method} {0x0000000117ea3a70} &apos;intrinsicName&apos; &apos;()Ljava/lang/invoke/MethodHandleImpl$Intrinsic;&apos; in &apos;java/lang/invoke/LambdaForm$NamedFunction&apos; - invokevirtual @ bci 17 sp = 0x0000000304c022c0
<uncommon_trap thread='9731' reason='class_check' action='maybe_recompile' compile_id='746' compiler='C2' count='3' state='class_check' stamp='5.598'>
Uncommon trap occurred in java.lang.invoke.LambdaForm$NamedFunction::intrinsicName (@0x0000000110e37f08) thread=9731 reason=class_check action=maybe_recompile unloaded_class_index=-1
<jvms bci='17' method='java/lang/invoke/LambdaForm$NamedFunction intrinsicName ()Ljava/lang/invoke/MethodHandleImpl$Intrinsic;' bytes='21' count='10' backedge_count='1' iicount='20' class_check_traps='3'/>
</uncommon_trap>
DEOPT PACKING thread 0x00007fadca010800 Compiled frame (sp=0x0000000304c02b50 unextended sp=0x0000000304c02b50, fp=0x00000000f2ad3753, real_fp=0x0000000304c02b70, pc=0x0000000110e37f08)
     nmethod   5598  746             java.lang.invoke.LambdaForm$NamedFunction::intrinsicName (21 bytes)

     Virtual frames (innermost first):
        0 - frame( sp=0x0000000304c02b50, unextended_sp=0x0000000304c02b50, fp=0x00000000f2ad3753, pc=0x0000000110e37f08)
java.lang.invoke.LambdaForm$NamedFunction.intrinsicName(LambdaForm.java:1328) - invokevirtual @ bci 17 
     Created vframeArray 0x00007fadc905b020
DEOPT UNPACKING thread 0x00007fadca010800 vframeArray 0x00007fadc905b020 mode 2
     {method} {0x0000000117ea3a70} &apos;intrinsicName&apos; &apos;()Ljava/lang/invoke/MethodHandleImpl$Intrinsic;&apos; in &apos;java/lang/invoke/LambdaForm$NamedFunction&apos; - invokevirtual @ bci 17 sp = 0x0000000304c02b18
<uncommon_trap thread='9731' reason='class_check' action='maybe_recompile' compile_id='740' compiler='C2' count='4' state='class_check recompiled' stamp='5.601'>
Uncommon trap occurred in java.lang.invoke.InvokerBytecodeGenerator::generateCustomizedCodeBytes (@0x0000000110e3abf8) thread=9731 reason=class_check action=maybe_recompile unloaded_class_index=-1
<jvms bci='17' method='java/lang/invoke/LambdaForm$NamedFunction intrinsicName ()Ljava/lang/invoke/MethodHandleImpl$Intrinsic;' bytes='21' count='11' backedge_count='1' iicount='21' decompiles='1' class_check_traps='4'/>
<jvms bci='180' method='java/lang/invoke/InvokerBytecodeGenerator generateCustomizedCodeBytes ()[B' bytes='604' count='10' backedge_count='19' iicount='11' decompiles='1'/>
</uncommon_trap>
DEOPT PACKING thread 0x00007fadca010800 Compiled frame (sp=0x0000000304c03a90 unextended sp=0x0000000304c03a90, fp=0x00000000f2af0476, real_fp=0x0000000304c03b10, pc=0x0000000110e3abf8)
     nmethod   5600  740             java.lang.invoke.InvokerBytecodeGenerator::generateCustomizedCodeBytes (604 bytes)

     Virtual frames (innermost first):
        0 - frame( sp=0x0000000304c03a90, unextended_sp=0x0000000304c03a90, fp=0x00000000f2af0476, pc=0x0000000110e3abf8)
java.lang.invoke.LambdaForm$NamedFunction.intrinsicName(LambdaForm.java:1328) - invokevirtual @ bci 17 
        1 - frame( sp=0x0000000304c03a90, unextended_sp=0x0000000304c03a90, fp=0x00000000f2af0476, pc=0x0000000110e3abf8)
java.lang.invoke.InvokerBytecodeGenerator.generateCustomizedCodeBytes(InvokerBytecodeGenerator.java:668) - invokevirtual @ bci 180 
     Created vframeArray 0x00007fadc905b820
DEOPT UNPACKING thread 0x00007fadca010800 vframeArray 0x00007fadc905b820 mode 2
     {method} {0x0000000117ec91b8} &apos;generateCustomizedCodeBytes&apos; &apos;()[B&apos; in &apos;java/lang/invoke/InvokerBytecodeGenerator&apos; - invokevirtual @ bci 180 sp = 0x0000000304c03a88
     {method} {0x0000000117ea3a70} &apos;intrinsicName&apos; &apos;()Ljava/lang/invoke/MethodHandleImpl$Intrinsic;&apos; in &apos;java/lang/invoke/LambdaForm$NamedFunction&apos; - invokevirtual @ bci 17 sp = 0x0000000304c03a30
<uncommon_trap thread='9731' reason='null_assert' action='make_not_entrant' compile_id='567' compiler='C2' stamp='5.647'>
Uncommon trap occurred in jdk.internal.org.objectweb.asm.ClassWriter::toByteArray (@0x0000000110ddcc00) thread=9731 reason=null_assert action=make_not_entrant unloaded_class_index=-1
<jvms bci='35' method='jdk/internal/org/objectweb/asm/ClassWriter toByteArray ()[B' bytes='1289' count='8' backedge_count='12' iicount='8'/>
</uncommon_trap>
DEOPT PACKING thread 0x00007fadca010800 Compiled frame (sp=0x0000000304c03f80 unextended sp=0x0000000304c03f80, fp=0x00000000f2b04020, real_fp=0x0000000304c03fe0, pc=0x0000000110ddcc00)
     nmethod   5646  567             jdk.internal.org.objectweb.asm.ClassWriter::toByteArray (1289 bytes)

     Virtual frames (innermost first):
        0 - frame( sp=0x0000000304c03f80, unextended_sp=0x0000000304c03f80, fp=0x00000000f2b04020, pc=0x0000000110ddcc00)
jdk.internal.org.objectweb.asm.ClassWriter.toByteArray(ClassWriter.java:846) - astore_3 @ bci 35 
     Created vframeArray 0x00007fadca861820
DEOPT UNPACKING thread 0x00007fadca010800 vframeArray 0x00007fadca861820 mode 2
     {method} {0x0000000117ed1b78} &apos;toByteArray&apos; &apos;()[B&apos; in &apos;jdk/internal/org/objectweb/asm/ClassWriter&apos; - astore_3 @ bci 35 sp = 0x0000000304c03f40
<dependency_failed type='abstract_with_unique_concrete_subtype' ctxk='java/util/HashMap$HashIterator' x='java/util/HashMap$ValueIterator' witness='java/util/HashMap$EntryIterator' stamp='5.658'/>
<dependency_failed type='abstract_with_unique_concrete_subtype' ctxk='java/util/HashMap$HashIterator' x='java/util/HashMap$ValueIterator' witness='java/util/HashMap$EntryIterator' stamp='5.658'/>
<dependency_failed type='abstract_with_unique_concrete_subtype' ctxk='java/util/HashMap$HashIterator' x='java/util/HashMap$ValueIterator' witness='java/util/HashMap$EntryIterator' stamp='5.658'/>
<uncommon_trap thread='9731' reason='unstable_if' action='reinterpret' compile_id='840' compiler='C2' stamp='5.667'>
Uncommon trap occurred in java.util.HashMap$HashIterator::nextNode (@0x0000000110e61e60) thread=9731 reason=unstable_if action=reinterpret unloaded_class_index=-1
<jvms bci='95' method='java/util/HashMap$HashIterator nextNode ()Ljava/util/HashMap$Node;' bytes='100' count='2' backedge_count='12' iicount='4' decompiles='1'/>
</uncommon_trap>
DEOPT PACKING thread 0x00007fadca010800 Compiled frame (sp=0x0000000304c034a0 unextended sp=0x0000000304c034a0, fp=0x000000079582edf8, real_fp=0x0000000304c034d0, pc=0x0000000110e61e60)
     nmethod   5667  840             java.util.HashMap$HashIterator::nextNode (100 bytes)

     Virtual frames (innermost first):
        0 - frame( sp=0x0000000304c034a0, unextended_sp=0x0000000304c034a0, fp=0x000000079582edf8, pc=0x0000000110e61e60)
java.util.HashMap$HashIterator.nextNode(HashMap.java:1473) - ifnull @ bci 95 
     Created vframeArray 0x00007fadca07e820
DEOPT UNPACKING thread 0x00007fadca010800 vframeArray 0x00007fadca07e820 mode 2
     {method} {0x0000000117efcc18} &apos;nextNode&apos; &apos;()Ljava/util/HashMap$Node;&apos; in &apos;java/util/HashMap$HashIterator&apos; - ifnull @ bci 95 sp = 0x0000000304c03468
<uncommon_trap thread='9731' reason='class_check' action='maybe_recompile' compile_id='152' compiler='C2' count='1' state='class_check' stamp='5.668'>
Uncommon trap occurred in java.util.HashMap::putVal (@0x0000000110cf653c) thread=9731 reason=class_check action=maybe_recompile unloaded_class_index=-1
<jvms bci='152' method='java/util/HashMap putVal (ILjava/lang/Object;Ljava/lang/Object;ZZ)Ljava/lang/Object;' bytes='300' count='5' backedge_count='1' iicount='20' class_check_traps='1'/>
</uncommon_trap>
DEOPT PACKING thread 0x00007fadca010800 Compiled frame (sp=0x0000000304c034e0 unextended sp=0x0000000304c034e0, fp=0x00000000f80039e2, real_fp=0x0000000304c03550, pc=0x0000000110cf653c)
     nmethod   5667  152             java.util.HashMap::putVal (300 bytes)

     Virtual frames (innermost first):
        0 - frame( sp=0x0000000304c034e0, unextended_sp=0x0000000304c034e0, fp=0x00000000f80039e2, pc=0x0000000110cf653c)
java.util.HashMap.putVal(HashMap.java:643) - invokevirtual @ bci 152 
     Created vframeArray 0x00007fadca861820
DEOPT UNPACKING thread 0x00007fadca010800 vframeArray 0x00007fadca861820 mode 2
     {method} {0x0000000117c2b4d0} &apos;putVal&apos; &apos;(ILjava/lang/Object;Ljava/lang/Object;ZZ)Ljava/lang/Object;&apos; in &apos;java/util/HashMap&apos; - invokevirtual @ bci 152 sp = 0x0000000304c03498
<uncommon_trap thread='9731' reason='class_check' action='maybe_recompile' compile_id='427' compiler='C2' stamp='5.668'>
Uncommon trap occurred in java.util.Arrays::equals (@0x0000000110d88b10) thread=9731 reason=class_check action=maybe_recompile unloaded_class_index=-1
<jvms bci='62' method='java/util/Arrays equals ([Ljava/lang/Object;[Ljava/lang/Object;)Z' bytes='78' count='6' backedge_count='12' iicount='6'/>
</uncommon_trap>
DEOPT PACKING thread 0x00007fadca010800 Compiled frame (sp=0x0000000304c044e0 unextended sp=0x0000000304c044e0, fp=0x00000000f2afff36, real_fp=0x0000000304c04520, pc=0x0000000110d88b10)
     nmethod   5668  427             java.util.Arrays::equals (78 bytes)

     Virtual frames (innermost first):
        0 - frame( sp=0x0000000304c044e0, unextended_sp=0x0000000304c044e0, fp=0x00000000f2afff36, pc=0x0000000110d88b10)
java.util.Arrays.equals(Arrays.java:2829) - invokevirtual @ bci 62 
     Created vframeArray 0x00007fadc905b820
DEOPT UNPACKING thread 0x00007fadca010800 vframeArray 0x00007fadc905b820 mode 2
     {method} {0x0000000117c64328} &apos;equals&apos; &apos;([Ljava/lang/Object;[Ljava/lang/Object;)Z&apos; in &apos;java/util/Arrays&apos; - invokevirtual @ bci 62 sp = 0x0000000304c044a0
<uncommon_trap thread='9731' reason='unstable_if' action='reinterpret' compile_id='678' compiler='C2' stamp='5.698'>
Uncommon trap occurred in java.lang.invoke.LambdaForm::&lt;init&gt; (@0x0000000110e08650) thread=9731 reason=unstable_if action=reinterpret unloaded_class_index=-1
<jvms bci='35' method='java/lang/invoke/LambdaForm normalize ()I' bytes='322' count='4' backedge_count='16' iicount='17' decompiles='3' uninitialized_traps='3'/>
<jvms bci='78' method='java/lang/invoke/LambdaForm &lt;init&gt; (Ljava/lang/String;I[Ljava/lang/invoke/LambdaForm$Name;IZLjava/lang/invoke/MethodHandle;)V' bytes='119' count='10' backedge_count='1' iicount='20'/>
<jvms bci='8' method='java/lang/invoke/LambdaForm &lt;init&gt; (Ljava/lang/String;I[Ljava/lang/invoke/LambdaForm$Name;I)V' bytes='12' count='10' backedge_count='1' iicount='20'/>
</uncommon_trap>
DEOPT PACKING thread 0x00007fadca010800 Compiled frame (sp=0x0000000304c04450 unextended sp=0x0000000304c04450, fp=0x0000000000000001, real_fp=0x0000000304c044b0, pc=0x0000000110e08650)
     nmethod   5697  678             java.lang.invoke.LambdaForm::&lt;init&gt; (12 bytes)

     Virtual frames (innermost first):
        0 - frame( sp=0x0000000304c04450, unextended_sp=0x0000000304c04450, fp=0x0000000000000001, pc=0x0000000110e08650)
java.lang.invoke.LambdaForm.normalize(LambdaForm.java:412) - ifne @ bci 35 
        1 - frame( sp=0x0000000304c04450, unextended_sp=0x0000000304c04450, fp=0x0000000000000001, pc=0x0000000110e08650)
java.lang.invoke.LambdaForm.&lt;init&gt;(LambdaForm.java:260) - invokespecial @ bci 78 
        2 - frame( sp=0x0000000304c04450, unextended_sp=0x0000000304c04450, fp=0x0000000000000001, pc=0x0000000110e08650)
java.lang.invoke.LambdaForm.&lt;init&gt;(LambdaForm.java:249) - invokespecial @ bci 8 
     Created vframeArray 0x00007fadcb069820
DEOPT UNPACKING thread 0x00007fadca010800 vframeArray 0x00007fadcb069820 mode 2
     {method} {0x0000000117b89a30} &apos;&lt;init&gt;&apos; &apos;(Ljava/lang/String;I[Ljava/lang/invoke/LambdaForm$Name;I)V&apos; in &apos;java/lang/invoke/LambdaForm&apos; - invokespecial @ bci 8 sp = 0x0000000304c04420
     {method} {0x0000000117b89bc0} &apos;&lt;init&gt;&apos; &apos;(Ljava/lang/String;I[Ljava/lang/invoke/LambdaForm$Name;IZLjava/lang/invoke/MethodHandle;)V&apos; in &apos;java/lang/invoke/LambdaForm&apos; - invokespecial @ bci 78 sp = 0x0000000304c04388
     {method} {0x0000000117b8ad08} &apos;normalize&apos; &apos;()I&apos; in &apos;java/lang/invoke/LambdaForm&apos; - ifne @ bci 35 sp = 0x0000000304c04330
<uncommon_trap thread='9731' reason='class_check' action='maybe_recompile' compile_id='427' compiler='C2' count='1' state='class_check' stamp='5.763'>
Uncommon trap occurred in java.util.Arrays::equals (@0x0000000110d88b10) thread=9731 reason=class_check action=maybe_recompile unloaded_class_index=-1
<jvms bci='62' method='java/util/Arrays equals ([Ljava/lang/Object;[Ljava/lang/Object;)Z' bytes='78' count='6' backedge_count='13' iicount='6' class_check_traps='1'/>
</uncommon_trap>
DEOPT PACKING thread 0x00007fadca010800 Compiled frame (sp=0x0000000304c045b0 unextended sp=0x0000000304c045b0, fp=0x00000000f2b037a0, real_fp=0x0000000304c045f0, pc=0x0000000110d88b10)
     nmethod   5762  427             java.util.Arrays::equals (78 bytes)

     Virtual frames (innermost first):
        0 - frame( sp=0x0000000304c045b0, unextended_sp=0x0000000304c045b0, fp=0x00000000f2b037a0, pc=0x0000000110d88b10)
java.util.Arrays.equals(Arrays.java:2829) - invokevirtual @ bci 62 
     Created vframeArray 0x00007fadca861820
DEOPT UNPACKING thread 0x00007fadca010800 vframeArray 0x00007fadca861820 mode 2
     {method} {0x0000000117c64328} &apos;equals&apos; &apos;([Ljava/lang/Object;[Ljava/lang/Object;)Z&apos; in &apos;java/util/Arrays&apos; - invokevirtual @ bci 62 sp = 0x0000000304c04570
<uncommon_trap thread='9731' reason='predicate' action='maybe_recompile' compile_id='844' compiler='C2' stamp='5.779'>
Uncommon trap occurred in java.util.Arrays::fill (@0x0000000110e636d4) thread=9731 reason=predicate action=maybe_recompile unloaded_class_index=-1
<jvms bci='16' method='java/util/Arrays fill ([Ljava/lang/Object;IILjava/lang/Object;)V' bytes='28' count='10' backedge_count='11' iicount='11'/>
</uncommon_trap>
DEOPT PACKING thread 0x00007fadca010800 Compiled frame (sp=0x0000000304c044b0 unextended sp=0x0000000304c044b0, fp=0x0000000000000000, real_fp=0x0000000304c04500, pc=0x0000000110e636d4)
     nmethod   5779  844             java.util.Arrays::fill (28 bytes)

     Virtual frames (innermost first):
        0 - frame( sp=0x0000000304c044b0, unextended_sp=0x0000000304c044b0, fp=0x0000000000000000, pc=0x0000000110e636d4)
java.util.Arrays.fill(Arrays.java:3155) - fast_aload_0 @ bci 16 
     Created vframeArray 0x00007fadca868e20
DEOPT UNPACKING thread 0x00007fadca010800 vframeArray 0x00007fadca868e20 mode 2
     {method} {0x0000000117c65498} &apos;fill&apos; &apos;([Ljava/lang/Object;IILjava/lang/Object;)V&apos; in &apos;java/util/Arrays&apos; - aload_0 @ bci 16 sp = 0x0000000304c044a8
<uncommon_trap thread='9731' reason='class_check' action='maybe_recompile' compile_id='427' compiler='C2' count='2' state='class_check' stamp='5.939'>
Uncommon trap occurred in java.util.Arrays::equals (@0x0000000110d88b10) thread=9731 reason=class_check action=maybe_recompile unloaded_class_index=-1
<jvms bci='62' method='java/util/Arrays equals ([Ljava/lang/Object;[Ljava/lang/Object;)Z' bytes='78' count='6' backedge_count='14' iicount='6' class_check_traps='2'/>
</uncommon_trap>
DEOPT PACKING thread 0x00007fadca010800 Compiled frame (sp=0x0000000304c045b0 unextended sp=0x0000000304c045b0, fp=0x00000000f2b06391, real_fp=0x0000000304c045f0, pc=0x0000000110d88b10)
     nmethod   5939  427             java.util.Arrays::equals (78 bytes)

     Virtual frames (innermost first):
        0 - frame( sp=0x0000000304c045b0, unextended_sp=0x0000000304c045b0, fp=0x00000000f2b06391, pc=0x0000000110d88b10)
java.util.Arrays.equals(Arrays.java:2829) - invokevirtual @ bci 62 
     Created vframeArray 0x00007fadc905cc20
DEOPT UNPACKING thread 0x00007fadca010800 vframeArray 0x00007fadc905cc20 mode 2
     {method} {0x0000000117c64328} &apos;equals&apos; &apos;([Ljava/lang/Object;[Ljava/lang/Object;)Z&apos; in &apos;java/util/Arrays&apos; - invokevirtual @ bci 62 sp = 0x0000000304c04570
<uncommon_trap thread='9731' reason='class_check' action='maybe_recompile' compile_id='427' compiler='C2' count='3' state='class_check' stamp='5.939'>
Uncommon trap occurred in java.util.Arrays::equals (@0x0000000110d88b10) thread=9731 reason=class_check action=maybe_recompile unloaded_class_index=-1
<jvms bci='62' method='java/util/Arrays equals ([Ljava/lang/Object;[Ljava/lang/Object;)Z' bytes='78' count='6' backedge_count='15' iicount='6' class_check_traps='3'/>
</uncommon_trap>
DEOPT PACKING thread 0x00007fadca010800 Compiled frame (sp=0x0000000304c045b0 unextended sp=0x0000000304c045b0, fp=0x00000000f2b06391, real_fp=0x0000000304c045f0, pc=0x0000000110d88b10)
     nmethod   5939  427             java.util.Arrays::equals (78 bytes)

     Virtual frames (innermost first):
        0 - frame( sp=0x0000000304c045b0, unextended_sp=0x0000000304c045b0, fp=0x00000000f2b06391, pc=0x0000000110d88b10)
java.util.Arrays.equals(Arrays.java:2829) - invokevirtual @ bci 62 
     Created vframeArray 0x00007fadc905bc20
DEOPT UNPACKING thread 0x00007fadca010800 vframeArray 0x00007fadc905bc20 mode 2
     {method} {0x0000000117c64328} &apos;equals&apos; &apos;([Ljava/lang/Object;[Ljava/lang/Object;)Z&apos; in &apos;java/util/Arrays&apos; - invokevirtual @ bci 62 sp = 0x0000000304c04570
<uncommon_trap thread='9731' reason='array_check' action='maybe_recompile' compile_id='846' compiler='C2' stamp='5.976'>
Uncommon trap occurred in java.util.Arrays::fill (@0x0000000110e669e4) thread=9731 reason=array_check action=maybe_recompile unloaded_class_index=-1
<jvms bci='20' method='java/util/Arrays fill ([Ljava/lang/Object;IILjava/lang/Object;)V' bytes='28' count='10' backedge_count='11' iicount='12' decompiles='1' predicate_traps='1'/>
</uncommon_trap>
DEOPT PACKING thread 0x00007fadca010800 Compiled frame (sp=0x0000000304c044b0 unextended sp=0x0000000304c044b0, fp=0x0000000000000008, real_fp=0x0000000304c04500, pc=0x0000000110e669e4)
     nmethod   5975  846             java.util.Arrays::fill (28 bytes)

     Virtual frames (innermost first):
        0 - frame( sp=0x0000000304c044b0, unextended_sp=0x0000000304c044b0, fp=0x0000000000000008, pc=0x0000000110e669e4)
java.util.Arrays.fill(Arrays.java:3155) - aastore @ bci 20 
     Created vframeArray 0x00007fadcb069220
DEOPT UNPACKING thread 0x00007fadca010800 vframeArray 0x00007fadcb069220 mode 2
     {method} {0x0000000117c65498} &apos;fill&apos; &apos;([Ljava/lang/Object;IILjava/lang/Object;)V&apos; in &apos;java/util/Arrays&apos; - aastore @ bci 20 sp = 0x0000000304c04490
<uncommon_trap thread='9731' reason='array_check' action='maybe_recompile' compile_id='846' compiler='C2' count='1' state='array_check' stamp='5.976'>
Uncommon trap occurred in java.util.Arrays::fill (@0x0000000110e669e4) thread=9731 reason=array_check action=maybe_recompile unloaded_class_index=-1
<jvms bci='20' method='java/util/Arrays fill ([Ljava/lang/Object;IILjava/lang/Object;)V' bytes='28' count='10' backedge_count='12' iicount='12' decompiles='1' array_check_traps='1' predicate_traps='1'/>
</uncommon_trap>
DEOPT PACKING thread 0x00007fadca010800 Compiled frame (sp=0x0000000304c044b0 unextended sp=0x0000000304c044b0, fp=0x0000000000000008, real_fp=0x0000000304c04500, pc=0x0000000110e669e4)
     nmethod   5976  846             java.util.Arrays::fill (28 bytes)

     Virtual frames (innermost first):
        0 - frame( sp=0x0000000304c044b0, unextended_sp=0x0000000304c044b0, fp=0x0000000000000008, pc=0x0000000110e669e4)
java.util.Arrays.fill(Arrays.java:3155) - aastore @ bci 20 
     Created vframeArray 0x00007fadca868e20
DEOPT UNPACKING thread 0x00007fadca010800 vframeArray 0x00007fadca868e20 mode 2
     {method} {0x0000000117c65498} &apos;fill&apos; &apos;([Ljava/lang/Object;IILjava/lang/Object;)V&apos; in &apos;java/util/Arrays&apos; - aastore @ bci 20 sp = 0x0000000304c04490
<uncommon_trap thread='9731' reason='array_check' action='maybe_recompile' compile_id='846' compiler='C2' count='2' state='array_check' stamp='5.977'>
Uncommon trap occurred in java.util.Arrays::fill (@0x0000000110e669e4) thread=9731 reason=array_check action=maybe_recompile unloaded_class_index=-1
<jvms bci='20' method='java/util/Arrays fill ([Ljava/lang/Object;IILjava/lang/Object;)V' bytes='28' count='10' backedge_count='13' iicount='12' decompiles='1' array_check_traps='2' predicate_traps='1'/>
</uncommon_trap>
DEOPT PACKING thread 0x00007fadca010800 Compiled frame (sp=0x0000000304c044b0 unextended sp=0x0000000304c044b0, fp=0x0000000000000009, real_fp=0x0000000304c04500, pc=0x0000000110e669e4)
     nmethod   5976  846             java.util.Arrays::fill (28 bytes)

     Virtual frames (innermost first):
        0 - frame( sp=0x0000000304c044b0, unextended_sp=0x0000000304c044b0, fp=0x0000000000000009, pc=0x0000000110e669e4)
java.util.Arrays.fill(Arrays.java:3155) - aastore @ bci 20 
     Created vframeArray 0x00007fadca861820
DEOPT UNPACKING thread 0x00007fadca010800 vframeArray 0x00007fadca861820 mode 2
     {method} {0x0000000117c65498} &apos;fill&apos; &apos;([Ljava/lang/Object;IILjava/lang/Object;)V&apos; in &apos;java/util/Arrays&apos; - aastore @ bci 20 sp = 0x0000000304c04490
<uncommon_trap thread='9731' reason='array_check' action='maybe_recompile' compile_id='846' compiler='C2' count='3' state='array_check' stamp='5.977'>
Uncommon trap occurred in java.util.Arrays::fill (@0x0000000110e669e4) thread=9731 reason=array_check action=maybe_recompile unloaded_class_index=-1
<jvms bci='20' method='java/util/Arrays fill ([Ljava/lang/Object;IILjava/lang/Object;)V' bytes='28' count='10' backedge_count='14' iicount='12' decompiles='1' array_check_traps='3' predicate_traps='1'/>
</uncommon_trap>
DEOPT PACKING thread 0x00007fadca010800 Compiled frame (sp=0x0000000304c044b0 unextended sp=0x0000000304c044b0, fp=0x0000000000000009, real_fp=0x0000000304c04500, pc=0x0000000110e669e4)
     nmethod   5977  846             java.util.Arrays::fill (28 bytes)

     Virtual frames (innermost first):
        0 - frame( sp=0x0000000304c044b0, unextended_sp=0x0000000304c044b0, fp=0x0000000000000009, pc=0x0000000110e669e4)
java.util.Arrays.fill(Arrays.java:3155) - aastore @ bci 20 
     Created vframeArray 0x00007fadca868e20
DEOPT UNPACKING thread 0x00007fadca010800 vframeArray 0x00007fadca868e20 mode 2
     {method} {0x0000000117c65498} &apos;fill&apos; &apos;([Ljava/lang/Object;IILjava/lang/Object;)V&apos; in &apos;java/util/Arrays&apos; - aastore @ bci 20 sp = 0x0000000304c04490
<dependency_failed type='abstract_with_unique_concrete_subtype' ctxk='jdk/internal/org/objectweb/asm/MethodVisitor' x='jdk/internal/org/objectweb/asm/MethodWriter' witness='java/lang/invoke/TypeConvertingMethodAdapter' stamp='6.265'/>
<dependency_failed type='abstract_with_unique_concrete_subtype' ctxk='jdk/internal/org/objectweb/asm/MethodVisitor' x='jdk/internal/org/objectweb/asm/MethodWriter' witness='java/lang/invoke/TypeConvertingMethodAdapter' stamp='6.265'/>
<dependency_failed type='abstract_with_unique_concrete_subtype' ctxk='jdk/internal/org/objectweb/asm/MethodVisitor' x='jdk/internal/org/objectweb/asm/MethodWriter' witness='java/lang/invoke/TypeConvertingMethodAdapter' stamp='6.265'/>
<dependency_failed type='abstract_with_unique_concrete_subtype' ctxk='jdk/internal/org/objectweb/asm/MethodVisitor' x='jdk/internal/org/objectweb/asm/MethodWriter' witness='java/lang/invoke/TypeConvertingMethodAdapter' stamp='6.265'/>
<dependency_failed type='abstract_with_unique_concrete_subtype' ctxk='jdk/internal/org/objectweb/asm/MethodVisitor' x='jdk/internal/org/objectweb/asm/MethodWriter' witness='java/lang/invoke/TypeConvertingMethodAdapter' stamp='6.265'/>
<dependency_failed type='abstract_with_unique_concrete_subtype' ctxk='jdk/internal/org/objectweb/asm/MethodVisitor' x='jdk/internal/org/objectweb/asm/MethodWriter' witness='java/lang/invoke/TypeConvertingMethodAdapter' stamp='6.265'/>
<dependency_failed type='abstract_with_unique_concrete_subtype' ctxk='jdk/internal/org/objectweb/asm/MethodVisitor' x='jdk/internal/org/objectweb/asm/MethodWriter' witness='java/lang/invoke/TypeConvertingMethodAdapter' stamp='6.265'/>
<dependency_failed type='abstract_with_unique_concrete_subtype' ctxk='jdk/internal/org/objectweb/asm/MethodVisitor' x='jdk/internal/org/objectweb/asm/MethodWriter' witness='java/lang/invoke/TypeConvertingMethodAdapter' stamp='6.266'/>
<dependency_failed type='abstract_with_unique_concrete_subtype' ctxk='jdk/internal/org/objectweb/asm/MethodVisitor' x='jdk/internal/org/objectweb/asm/MethodWriter' witness='java/lang/invoke/TypeConvertingMethodAdapter' stamp='6.266'/>
<dependency_failed type='abstract_with_unique_concrete_subtype' ctxk='jdk/internal/org/objectweb/asm/MethodVisitor' x='jdk/internal/org/objectweb/asm/MethodWriter' witness='java/lang/invoke/TypeConvertingMethodAdapter' stamp='6.266'/>
<dependency_failed type='abstract_with_unique_concrete_subtype' ctxk='jdk/internal/org/objectweb/asm/MethodVisitor' x='jdk/internal/org/objectweb/asm/MethodWriter' witness='java/lang/invoke/TypeConvertingMethodAdapter' stamp='6.266'/>
<dependency_failed type='abstract_with_unique_concrete_subtype' ctxk='jdk/internal/org/objectweb/asm/MethodVisitor' x='jdk/internal/org/objectweb/asm/MethodWriter' witness='java/lang/invoke/TypeConvertingMethodAdapter' stamp='6.266'/>
<dependency_failed type='abstract_with_unique_concrete_subtype' ctxk='jdk/internal/org/objectweb/asm/MethodVisitor' x='jdk/internal/org/objectweb/asm/MethodWriter' witness='java/lang/invoke/TypeConvertingMethodAdapter' stamp='6.266'/>
<dependency_failed type='abstract_with_unique_concrete_subtype' ctxk='jdk/internal/org/objectweb/asm/MethodVisitor' x='jdk/internal/org/objectweb/asm/MethodWriter' witness='java/lang/invoke/TypeConvertingMethodAdapter' stamp='6.266'/>
<dependency_failed type='abstract_with_unique_concrete_subtype' ctxk='jdk/internal/org/objectweb/asm/MethodVisitor' x='jdk/internal/org/objectweb/asm/MethodWriter' witness='java/lang/invoke/TypeConvertingMethodAdapter' stamp='6.266'/>
<dependency_failed type='abstract_with_unique_concrete_subtype' ctxk='jdk/internal/org/objectweb/asm/MethodVisitor' x='jdk/internal/org/objectweb/asm/MethodWriter' witness='java/lang/invoke/TypeConvertingMethodAdapter' stamp='6.266'/>
<dependency_failed type='abstract_with_unique_concrete_subtype' ctxk='jdk/internal/org/objectweb/asm/MethodVisitor' x='jdk/internal/org/objectweb/asm/MethodWriter' witness='java/lang/invoke/TypeConvertingMethodAdapter' stamp='6.266'/>
<dependency_failed type='abstract_with_unique_concrete_subtype' ctxk='jdk/internal/org/objectweb/asm/MethodVisitor' x='jdk/internal/org/objectweb/asm/MethodWriter' witness='java/lang/invoke/TypeConvertingMethodAdapter' stamp='6.266'/>
<dependency_failed type='abstract_with_unique_concrete_subtype' ctxk='jdk/internal/org/objectweb/asm/MethodVisitor' x='jdk/internal/org/objectweb/asm/MethodWriter' witness='java/lang/invoke/TypeConvertingMethodAdapter' stamp='6.266'/>
<dependency_failed type='abstract_with_unique_concrete_subtype' ctxk='jdk/internal/org/objectweb/asm/MethodVisitor' x='jdk/internal/org/objectweb/asm/MethodWriter' witness='java/lang/invoke/TypeConvertingMethodAdapter' stamp='6.266'/>
<dependency_failed type='abstract_with_unique_concrete_subtype' ctxk='jdk/internal/org/objectweb/asm/MethodVisitor' x='jdk/internal/org/objectweb/asm/MethodWriter' witness='java/lang/invoke/TypeConvertingMethodAdapter' stamp='6.266'/>
<uncommon_trap thread='9731' reason='uninitialized' action='reinterpret' compile_id='891' compiler='C2' stamp='6.269'>
Uncommon trap occurred in java.lang.invoke.TypeConvertingMethodAdapter::initWidening (@0x0000000110e8c044) thread=9731 reason=uninitialized action=reinterpret unloaded_class_index=-1
<jvms bci='22' method='java/lang/invoke/TypeConvertingMethodAdapter initWidening (Lsun/invoke/util/Wrapper;I[Lsun/invoke/util/Wrapper;)V' bytes='44' count='6' backedge_count='11' iicount='6'/>
</uncommon_trap>
DEOPT PACKING thread 0x00007fadca010800 Compiled frame (sp=0x0000000304c03ec0 unextended sp=0x0000000304c03ec0, fp=0x00000000f2ace2d9, real_fp=0x0000000304c03f00, pc=0x0000000110e8c044)
     nmethod   6269  891             java.lang.invoke.TypeConvertingMethodAdapter::initWidening (44 bytes)

     Virtual frames (innermost first):
        0 - frame( sp=0x0000000304c03ec0, unextended_sp=0x0000000304c03ec0, fp=0x00000000f2ace2d9, pc=0x0000000110e8c044)
java.lang.invoke.TypeConvertingMethodAdapter.initWidening(TypeConvertingMethodAdapter.java:92) - getstatic @ bci 22 
     Created vframeArray 0x00007fadca07e820
DEOPT UNPACKING thread 0x00007fadca010800 vframeArray 0x00007fadca07e820 mode 2
     {method} {0x0000000117fb4b20} &apos;initWidening&apos; &apos;(Lsun/invoke/util/Wrapper;I[Lsun/invoke/util/Wrapper;)V&apos; in &apos;java/lang/invoke/TypeConvertingMethodAdapter&apos; - getstatic @ bci 22 sp = 0x0000000304c03e90
<uncommon_trap thread='9731' reason='class_check' action='maybe_recompile' compile_id='191' compiler='C2' count='2' state='class_check' stamp='6.438'>
Uncommon trap occurred in java.net.URL::&lt;init&gt; (@0x0000000110d15fc8) thread=9731 reason=class_check action=maybe_recompile unloaded_class_index=-1
<jvms bci='504' method='java/net/URL &lt;init&gt; (Ljava/net/URL;Ljava/lang/String;Ljava/net/URLStreamHandler;)V' bytes='543' count='3' backedge_count='11' iicount='7' class_check_traps='2'/>
</uncommon_trap>
DEOPT PACKING thread 0x00007fadca010800 Compiled frame (sp=0x0000000304c03290 unextended sp=0x0000000304c03290, fp=0x00000007955c54d8, real_fp=0x0000000304c03300, pc=0x0000000110d15fc8)
     nmethod   6437  191   !         java.net.URL::&lt;init&gt; (543 bytes)

     Virtual frames (innermost first):
        0 - frame( sp=0x0000000304c03290, unextended_sp=0x0000000304c03290, fp=0x00000007955c54d8, pc=0x0000000110d15fc8)
java.net.URL.&lt;init&gt;(URL.java:640) - invokevirtual @ bci 504 
     Created vframeArray 0x00007fadcb069a20
DEOPT UNPACKING thread 0x00007fadca010800 vframeArray 0x00007fadcb069a20 mode 2
     {method} {0x0000000117bbd008} &apos;&lt;init&gt;&apos; &apos;(Ljava/net/URL;Ljava/lang/String;Ljava/net/URLStreamHandler;)V&apos; in &apos;java/net/URL&apos; - invokevirtual @ bci 504 sp = 0x0000000304c03218
<uncommon_trap thread='9731' reason='class_check' action='maybe_recompile' compile_id='347' compiler='C2' count='1' state='class_check' stamp='6.439'>
Uncommon trap occurred in sun.misc.Resource::getBytes (@0x0000000110d669bc) thread=9731 reason=class_check action=maybe_recompile unloaded_class_index=-1
<jvms bci='10' method='sun/misc/Resource getBytes ()[B' bytes='242' count='9' backedge_count='19' iicount='9' decompiles='1' class_check_traps='1'/>
</uncommon_trap>
DEOPT PACKING thread 0x00007fadca010800 Compiled frame (sp=0x0000000304c03290 unextended sp=0x0000000304c03290, fp=0x0000000795870a60, real_fp=0x0000000304c03320, pc=0x0000000110d669bc)
     nmethod   6439  347   !         sun.misc.Resource::getBytes (242 bytes)

     Virtual frames (innermost first):
        0 - frame( sp=0x0000000304c03290, unextended_sp=0x0000000304c03290, fp=0x0000000795870a60, pc=0x0000000110d669bc)
sun.misc.Resource.getBytes(Resource.java:100) - invokevirtual @ bci 10 
     Created vframeArray 0x00007fadca07e820
DEOPT UNPACKING thread 0x00007fadca010800 vframeArray 0x00007fadca07e820 mode 2
     {method} {0x0000000117ddae50} &apos;getBytes&apos; &apos;()[B&apos; in &apos;sun/misc/Resource&apos; - invokevirtual @ bci 10 sp = 0x0000000304c03278
<uncommon_trap thread='9731' reason='class_check' action='maybe_recompile' compile_id='191' compiler='C2' count='3' state='class_check' stamp='6.446'>
Uncommon trap occurred in java.net.URL::&lt;init&gt; (@0x0000000110d15fc8) thread=9731 reason=class_check action=maybe_recompile unloaded_class_index=-1
<jvms bci='504' method='java/net/URL &lt;init&gt; (Ljava/net/URL;Ljava/lang/String;Ljava/net/URLStreamHandler;)V' bytes='543' count='3' backedge_count='11' iicount='7' class_check_traps='3'/>
</uncommon_trap>
DEOPT PACKING thread 0x00007fadca010800 Compiled frame (sp=0x0000000304c02450 unextended sp=0x0000000304c02450, fp=0x00000007955c54d8, real_fp=0x0000000304c024c0, pc=0x0000000110d15fc8)
     nmethod   6445  191   !         java.net.URL::&lt;init&gt; (543 bytes)

     Virtual frames (innermost first):
        0 - frame( sp=0x0000000304c02450, unextended_sp=0x0000000304c02450, fp=0x00000007955c54d8, pc=0x0000000110d15fc8)
java.net.URL.&lt;init&gt;(URL.java:640) - invokevirtual @ bci 504 
     Created vframeArray 0x00007fadca086820
DEOPT UNPACKING thread 0x00007fadca010800 vframeArray 0x00007fadca086820 mode 2
     {method} {0x0000000117bbd008} &apos;&lt;init&gt;&apos; &apos;(Ljava/net/URL;Ljava/lang/String;Ljava/net/URLStreamHandler;)V&apos; in &apos;java/net/URL&apos; - invokevirtual @ bci 504 sp = 0x0000000304c023d8
<uncommon_trap thread='9731' reason='class_check' action='maybe_recompile' compile_id='347' compiler='C2' count='2' state='class_check' stamp='6.455'>
Uncommon trap occurred in sun.misc.Resource::getBytes (@0x0000000110d669bc) thread=9731 reason=class_check action=maybe_recompile unloaded_class_index=-1
<jvms bci='10' method='sun/misc/Resource getBytes ()[B' bytes='242' count='9' backedge_count='25' iicount='9' decompiles='1' class_check_traps='2'/>
</uncommon_trap>
DEOPT PACKING thread 0x00007fadca010800 Compiled frame (sp=0x0000000304c02420 unextended sp=0x0000000304c02420, fp=0x0000000795889c20, real_fp=0x0000000304c024b0, pc=0x0000000110d669bc)
     nmethod   6454  347   !         sun.misc.Resource::getBytes (242 bytes)

     Virtual frames (innermost first):
        0 - frame( sp=0x0000000304c02420, unextended_sp=0x0000000304c02420, fp=0x0000000795889c20, pc=0x0000000110d669bc)
sun.misc.Resource.getBytes(Resource.java:100) - invokevirtual @ bci 10 
     Created vframeArray 0x00007fadca868e20
DEOPT UNPACKING thread 0x00007fadca010800 vframeArray 0x00007fadca868e20 mode 2
     {method} {0x0000000117ddae50} &apos;getBytes&apos; &apos;()[B&apos; in &apos;sun/misc/Resource&apos; - invokevirtual @ bci 10 sp = 0x0000000304c02408
<uncommon_trap thread='9731' reason='class_check' action='maybe_recompile' compile_id='347' compiler='C2' count='3' state='class_check' stamp='6.522'>
Uncommon trap occurred in sun.misc.Resource::getBytes (@0x0000000110d669bc) thread=9731 reason=class_check action=maybe_recompile unloaded_class_index=-1
<jvms bci='10' method='sun/misc/Resource getBytes ()[B' bytes='242' count='9' backedge_count='26' iicount='9' decompiles='1' class_check_traps='3'/>
</uncommon_trap>
DEOPT PACKING thread 0x00007fadca010800 Compiled frame (sp=0x0000000304c02420 unextended sp=0x0000000304c02420, fp=0x000000079588d8f0, real_fp=0x0000000304c024b0, pc=0x0000000110d669bc)
     nmethod   6521  347   !         sun.misc.Resource::getBytes (242 bytes)

     Virtual frames (innermost first):
        0 - frame( sp=0x0000000304c02420, unextended_sp=0x0000000304c02420, fp=0x000000079588d8f0, pc=0x0000000110d669bc)
sun.misc.Resource.getBytes(Resource.java:100) - invokevirtual @ bci 10 
     Created vframeArray 0x00007fadcb069a20
DEOPT UNPACKING thread 0x00007fadca010800 vframeArray 0x00007fadcb069a20 mode 2
     {method} {0x0000000117ddae50} &apos;getBytes&apos; &apos;()[B&apos; in &apos;sun/misc/Resource&apos; - invokevirtual @ bci 10 sp = 0x0000000304c02408
<uncommon_trap thread='9731' reason='null_check' action='make_not_entrant' compile_id='488' compiler='C2' stamp='6.872'>
Uncommon trap occurred in java.lang.reflect.Array::newInstance (@0x0000000110d9ed80) thread=9731 reason=null_check action=make_not_entrant unloaded_class_index=-1
<jvms bci='2' method='java/lang/reflect/Array newInstance (Ljava/lang/Class;I)Ljava/lang/Object;' bytes='6' count='10' backedge_count='1' iicount='20'/>
</uncommon_trap>
DEOPT PACKING thread 0x00007fadca010800 Compiled frame (sp=0x0000000304c04c60 unextended sp=0x0000000304c04c60, fp=0x00000007958da820, real_fp=0x0000000304c04c90, pc=0x0000000110d9ed80)
     nmethod   6871  488             java.lang.reflect.Array::newInstance (6 bytes)

     Virtual frames (innermost first):
        0 - frame( sp=0x0000000304c04c60, unextended_sp=0x0000000304c04c60, fp=0x00000007958da820, pc=0x0000000110d9ed80)
java.lang.reflect.Array.newInstance(Array.java:75) - invokestatic @ bci 2 
     Created vframeArray 0x00007fadca868e20
DEOPT UNPACKING thread 0x00007fadca010800 vframeArray 0x00007fadca868e20 mode 2
     {method} {0x0000000117e95790} &apos;newInstance&apos; &apos;(Ljava/lang/Class;I)Ljava/lang/Object;&apos; in &apos;java/lang/reflect/Array&apos; - invokestatic @ bci 2 sp = 0x0000000304c04c30
<uncommon_trap thread='9731' reason='unloaded' action='reinterpret' index='37' compile_id='653' compiler='C2' unresolved='1' name='java/lang/invoke/DirectMethodHandle$Special' stamp='7.133'>
Uncommon trap occurred in java.lang.invoke.DirectMethodHandle::make (@0x0000000110e00384) thread=9731 reason=unloaded action=reinterpret unloaded_class_index=37 unresolved class: java/lang/invoke/DirectMethodHandle$Special
<jvms bci='103' method='java/lang/invoke/DirectMethodHandle make (BLjava/lang/Class;Ljava/lang/invoke/MemberName;)Ljava/lang/invoke/DirectMethodHandle;' bytes='242' count='5' backedge_count='1' iicount='20'/>
</uncommon_trap>
DEOPT PACKING thread 0x00007fadca010800 Compiled frame (sp=0x0000000304c044b0 unextended sp=0x0000000304c044b0, fp=0x0000000795918868, real_fp=0x0000000304c04500, pc=0x0000000110e00384)
     nmethod   7133  653             java.lang.invoke.DirectMethodHandle::make (242 bytes)

     Virtual frames (innermost first):
        0 - frame( sp=0x0000000304c044b0, unextended_sp=0x0000000304c044b0, fp=0x0000000795918868, pc=0x0000000110e00384)
java.lang.invoke.DirectMethodHandle.make(DirectMethodHandle.java:82) - new @ bci 103 
     Created vframeArray 0x00007fadca875020
DEOPT UNPACKING thread 0x00007fadca010800 vframeArray 0x00007fadca875020 mode 2
     {method} {0x0000000117b75e40} &apos;make&apos; &apos;(BLjava/lang/Class;Ljava/lang/invoke/MemberName;)Ljava/lang/invoke/DirectMethodHandle;&apos; in &apos;java/lang/invoke/DirectMethodHandle&apos; - new @ bci 103 sp = 0x0000000304c04470
<uncommon_trap thread='9731' reason='class_check' action='maybe_recompile' compile_id='799' compiler='C2' stamp='7.135'>
Uncommon trap occurred in java.lang.invoke.MethodHandles$Lookup::getDirectMethodCommon (@0x0000000110e55b60) thread=9731 reason=class_check action=maybe_recompile unloaded_class_index=-1
<jvms bci='263' method='java/lang/invoke/MethodHandles$Lookup getDirectMethodCommon (BLjava/lang/Class;Ljava/lang/invoke/MemberName;ZZLjava/lang/Class;)Ljava/lang/invoke/MethodHandle;' bytes='271' count='10' backedge_count='1' iicount='20'/>
</uncommon_trap>
DEOPT PACKING thread 0x00007fadca010800 Compiled frame (sp=0x0000000304c04500 unextended sp=0x0000000304c04500, fp=0x000000079591d820, real_fp=0x0000000304c04580, pc=0x0000000110e55b60)
     nmethod   7135  799             java.lang.invoke.MethodHandles$Lookup::getDirectMethodCommon (271 bytes)

     Virtual frames (innermost first):
        0 - frame( sp=0x0000000304c04500, unextended_sp=0x0000000304c04500, fp=0x000000079591d820, pc=0x0000000110e55b60)
java.lang.invoke.MethodHandles$Lookup.getDirectMethodCommon(MethodHandles.java:1670) - invokevirtual @ bci 263 
     Created vframeArray 0x00007fadc905d420
DEOPT UNPACKING thread 0x00007fadca010800 vframeArray 0x00007fadc905d420 mode 2
     {method} {0x0000000117e69cb0} &apos;getDirectMethodCommon&apos; &apos;(BLjava/lang/Class;Ljava/lang/invoke/MemberName;ZZLjava/lang/Class;)Ljava/lang/invoke/MethodHandle;&apos; in &apos;java/lang/invoke/MethodHandles$Lookup&apos; - invokevirtual @ bci 263 sp = 0x0000000304c04510
<uncommon_trap thread='9731' reason='class_check' action='maybe_recompile' compile_id='152' compiler='C2' count='2' state='class_check' stamp='7.234'>
Uncommon trap occurred in java.util.HashMap::putVal (@0x0000000110cf653c) thread=9731 reason=class_check action=maybe_recompile unloaded_class_index=-1
<jvms bci='152' method='java/util/HashMap putVal (ILjava/lang/Object;Ljava/lang/Object;ZZ)Ljava/lang/Object;' bytes='300' count='5' backedge_count='1' iicount='20' class_check_traps='2'/>
</uncommon_trap>
DEOPT PACKING thread 0x00007fadca010800 Compiled frame (sp=0x0000000304c05040 unextended sp=0x0000000304c05040, fp=0x00000000f80039e2, real_fp=0x0000000304c050b0, pc=0x0000000110cf653c)
     nmethod   7234  152             java.util.HashMap::putVal (300 bytes)

     Virtual frames (innermost first):
        0 - frame( sp=0x0000000304c05040, unextended_sp=0x0000000304c05040, fp=0x00000000f80039e2, pc=0x0000000110cf653c)
java.util.HashMap.putVal(HashMap.java:643) - invokevirtual @ bci 152 
     Created vframeArray 0x00007fadca08dc20
DEOPT UNPACKING thread 0x00007fadca010800 vframeArray 0x00007fadca08dc20 mode 2
     {method} {0x0000000117c2b4d0} &apos;putVal&apos; &apos;(ILjava/lang/Object;Ljava/lang/Object;ZZ)Ljava/lang/Object;&apos; in &apos;java/util/HashMap&apos; - invokevirtual @ bci 152 sp = 0x0000000304c04fc8
<uncommon_trap thread='9731' reason='class_check' action='maybe_recompile' compile_id='152' compiler='C2' count='3' state='class_check' stamp='7.235'>
Uncommon trap occurred in java.util.HashMap::putVal (@0x0000000110cf653c) thread=9731 reason=class_check action=maybe_recompile unloaded_class_index=-1
<jvms bci='152' method='java/util/HashMap putVal (ILjava/lang/Object;Ljava/lang/Object;ZZ)Ljava/lang/Object;' bytes='300' count='5' backedge_count='1' iicount='20' class_check_traps='3'/>
</uncommon_trap>
DEOPT PACKING thread 0x00007fadca010800 Compiled frame (sp=0x0000000304c05040 unextended sp=0x0000000304c05040, fp=0x00000000f80039e2, real_fp=0x0000000304c050b0, pc=0x0000000110cf653c)
     nmethod   7235  152             java.util.HashMap::putVal (300 bytes)

     Virtual frames (innermost first):
        0 - frame( sp=0x0000000304c05040, unextended_sp=0x0000000304c05040, fp=0x00000000f80039e2, pc=0x0000000110cf653c)
java.util.HashMap.putVal(HashMap.java:643) - invokevirtual @ bci 152 
     Created vframeArray 0x00007fadca08e420
DEOPT UNPACKING thread 0x00007fadca010800 vframeArray 0x00007fadca08e420 mode 2
     {method} {0x0000000117c2b4d0} &apos;putVal&apos; &apos;(ILjava/lang/Object;Ljava/lang/Object;ZZ)Ljava/lang/Object;&apos; in &apos;java/util/HashMap&apos; - invokevirtual @ bci 152 sp = 0x0000000304c04fc8
<uncommon_trap thread='9731' reason='class_check' action='maybe_recompile' compile_id='1056' compiler='C2' stamp='7.552'>
Uncommon trap occurred in sun.misc.ProxyGenerator$ConstantPool$IndirectEntry::equals (@0x0000000110d0f82c) thread=9731 reason=class_check action=maybe_recompile unloaded_class_index=-1
<jvms bci='1' method='sun/misc/ProxyGenerator$ConstantPool$IndirectEntry equals (Ljava/lang/Object;)Z' bytes='49' count='10' backedge_count='1' iicount='20'/>
</uncommon_trap>
DEOPT PACKING thread 0x00007fadca010800 Compiled frame (sp=0x0000000304c04f60 unextended sp=0x0000000304c04f60, fp=0x000000079595c720, real_fp=0x0000000304c04f90, pc=0x0000000110d0f82c)
     nmethod   7552 1056             sun.misc.ProxyGenerator$ConstantPool$IndirectEntry::equals (49 bytes)

     Virtual frames (innermost first):
        0 - frame( sp=0x0000000304c04f60, unextended_sp=0x0000000304c04f60, fp=0x000000079595c720, pc=0x0000000110d0f82c)
sun.misc.ProxyGenerator$ConstantPool$IndirectEntry.equals(ProxyGenerator.java:2019) - instanceof @ bci 1 
     Created vframeArray 0x00007fadc905e820
DEOPT UNPACKING thread 0x00007fadca010800 vframeArray 0x00007fadc905e820 mode 2
     {method} {0x0000000118035ca0} &apos;equals&apos; &apos;(Ljava/lang/Object;)Z&apos; in &apos;sun/misc/ProxyGenerator$ConstantPool$IndirectEntry&apos; - instanceof @ bci 1 sp = 0x0000000304c04f20
<uncommon_trap thread='9731' reason='class_check' action='maybe_recompile' compile_id='1056' compiler='C2' count='1' state='class_check' stamp='7.552'>
Uncommon trap occurred in sun.misc.ProxyGenerator$ConstantPool$IndirectEntry::equals (@0x0000000110d0f82c) thread=9731 reason=class_check action=maybe_recompile unloaded_class_index=-1
<jvms bci='1' method='sun/misc/ProxyGenerator$ConstantPool$IndirectEntry equals (Ljava/lang/Object;)Z' bytes='49' count='10' backedge_count='1' iicount='20' class_check_traps='1'/>
</uncommon_trap>
DEOPT PACKING thread 0x00007fadca010800 Compiled frame (sp=0x0000000304c04f30 unextended sp=0x0000000304c04f30, fp=0x000000079595c720, real_fp=0x0000000304c04f60, pc=0x0000000110d0f82c)
     nmethod   7552 1056             sun.misc.ProxyGenerator$ConstantPool$IndirectEntry::equals (49 bytes)

     Virtual frames (innermost first):
        0 - frame( sp=0x0000000304c04f30, unextended_sp=0x0000000304c04f30, fp=0x000000079595c720, pc=0x0000000110d0f82c)
sun.misc.ProxyGenerator$ConstantPool$IndirectEntry.equals(ProxyGenerator.java:2019) - instanceof @ bci 1 
     Created vframeArray 0x00007fadca08e420
DEOPT UNPACKING thread 0x00007fadca010800 vframeArray 0x00007fadca08e420 mode 2
     {method} {0x0000000118035ca0} &apos;equals&apos; &apos;(Ljava/lang/Object;)Z&apos; in &apos;sun/misc/ProxyGenerator$ConstantPool$IndirectEntry&apos; - instanceof @ bci 1 sp = 0x0000000304c04ef0
<uncommon_trap thread='9731' reason='class_check' action='maybe_recompile' compile_id='1056' compiler='C2' count='2' state='class_check' stamp='7.566'>
Uncommon trap occurred in sun.misc.ProxyGenerator$ConstantPool$IndirectEntry::equals (@0x0000000110d0f82c) thread=9731 reason=class_check action=maybe_recompile unloaded_class_index=-1
<jvms bci='1' method='sun/misc/ProxyGenerator$ConstantPool$IndirectEntry equals (Ljava/lang/Object;)Z' bytes='49' count='10' backedge_count='1' iicount='20' class_check_traps='2'/>
</uncommon_trap>
DEOPT PACKING thread 0x00007fadca010800 Compiled frame (sp=0x0000000304c04e70 unextended sp=0x0000000304c04e70, fp=0x000000079595e830, real_fp=0x0000000304c04ea0, pc=0x0000000110d0f82c)
     nmethod   7566 1056             sun.misc.ProxyGenerator$ConstantPool$IndirectEntry::equals (49 bytes)

     Virtual frames (innermost first):
        0 - frame( sp=0x0000000304c04e70, unextended_sp=0x0000000304c04e70, fp=0x000000079595e830, pc=0x0000000110d0f82c)
sun.misc.ProxyGenerator$ConstantPool$IndirectEntry.equals(ProxyGenerator.java:2019) - instanceof @ bci 1 
     Created vframeArray 0x00007fadcb076220
DEOPT UNPACKING thread 0x00007fadca010800 vframeArray 0x00007fadcb076220 mode 2
     {method} {0x0000000118035ca0} &apos;equals&apos; &apos;(Ljava/lang/Object;)Z&apos; in &apos;sun/misc/ProxyGenerator$ConstantPool$IndirectEntry&apos; - instanceof @ bci 1 sp = 0x0000000304c04e30
<uncommon_trap thread='9731' reason='class_check' action='maybe_recompile' compile_id='1059' compiler='C2' stamp='7.567'>
Uncommon trap occurred in java.io.DataOutputStream::writeShort (@0x0000000110d0f310) thread=9731 reason=class_check action=maybe_recompile unloaded_class_index=-1
<jvms bci='12' method='java/io/DataOutputStream writeShort (I)V' bytes='35' count='10' backedge_count='1' iicount='20'/>
</uncommon_trap>
DEOPT PACKING thread 0x00007fadca010800 Compiled frame (sp=0x0000000304c05100 unextended sp=0x0000000304c05100, fp=0x000000000000008b, real_fp=0x0000000304c05130, pc=0x0000000110d0f310)
     nmethod   7567 1059             java.io.DataOutputStream::writeShort (35 bytes)

     Virtual frames (innermost first):
        0 - frame( sp=0x0000000304c05100, unextended_sp=0x0000000304c05100, fp=0x000000000000008b, pc=0x0000000110d0f310)
java.io.DataOutputStream.writeShort(DataOutputStream.java:167) - invokevirtual @ bci 12 
     Created vframeArray 0x00007fadcb052220
DEOPT UNPACKING thread 0x00007fadca010800 vframeArray 0x00007fadcb052220 mode 2
     {method} {0x0000000118034550} &apos;writeShort&apos; &apos;(I)V&apos; in &apos;java/io/DataOutputStream&apos; - invokevirtual @ bci 12 sp = 0x0000000304c050d0
<uncommon_trap thread='9731' reason='class_check' action='maybe_recompile' compile_id='1051' compiler='C2' stamp='7.567'>
Uncommon trap occurred in java.io.DataOutputStream::writeByte (@0x0000000110d41d04) thread=9731 reason=class_check action=maybe_recompile unloaded_class_index=-1
<jvms bci='5' method='java/io/DataOutputStream writeByte (I)V' bytes='14' count='10' backedge_count='1' iicount='20'/>
</uncommon_trap>
DEOPT PACKING thread 0x00007fadca010800 Compiled frame (sp=0x0000000304c050a0 unextended sp=0x0000000304c050a0, fp=0x000000079595f1b0, real_fp=0x0000000304c050d0, pc=0x0000000110d41d04)
     nmethod   7567 1051             java.io.DataOutputStream::writeByte (14 bytes)

     Virtual frames (innermost first):
        0 - frame( sp=0x0000000304c050a0, unextended_sp=0x0000000304c050a0, fp=0x000000079595f1b0, pc=0x0000000110d41d04)
java.io.DataOutputStream.writeByte(DataOutputStream.java:153) - invokevirtual @ bci 5 
     Created vframeArray 0x00007fadca868e20
DEOPT UNPACKING thread 0x00007fadca010800 vframeArray 0x00007fadca868e20 mode 2
     {method} {0x0000000118034468} &apos;writeByte&apos; &apos;(I)V&apos; in &apos;java/io/DataOutputStream&apos; - invokevirtual @ bci 5 sp = 0x0000000304c05070
<uncommon_trap thread='9731' reason='class_check' action='maybe_recompile' compile_id='1051' compiler='C2' count='1' state='class_check' stamp='7.568'>
Uncommon trap occurred in java.io.DataOutputStream::writeByte (@0x0000000110d41d04) thread=9731 reason=class_check action=maybe_recompile unloaded_class_index=-1
<jvms bci='5' method='java/io/DataOutputStream writeByte (I)V' bytes='14' count='10' backedge_count='1' iicount='20' class_check_traps='1'/>
</uncommon_trap>
DEOPT PACKING thread 0x00007fadca010800 Compiled frame (sp=0x0000000304c050a0 unextended sp=0x0000000304c050a0, fp=0x000000079595f1b0, real_fp=0x0000000304c050d0, pc=0x0000000110d41d04)
     nmethod   7567 1051             java.io.DataOutputStream::writeByte (14 bytes)

     Virtual frames (innermost first):
        0 - frame( sp=0x0000000304c050a0, unextended_sp=0x0000000304c050a0, fp=0x000000079595f1b0, pc=0x0000000110d41d04)
java.io.DataOutputStream.writeByte(DataOutputStream.java:153) - invokevirtual @ bci 5 
     Created vframeArray 0x00007fadc905e820
DEOPT UNPACKING thread 0x00007fadca010800 vframeArray 0x00007fadc905e820 mode 2
     {method} {0x0000000118034468} &apos;writeByte&apos; &apos;(I)V&apos; in &apos;java/io/DataOutputStream&apos; - invokevirtual @ bci 5 sp = 0x0000000304c05070
<uncommon_trap thread='9731' reason='class_check' action='maybe_recompile' compile_id='1051' compiler='C2' count='2' state='class_check' stamp='7.568'>
Uncommon trap occurred in java.io.DataOutputStream::writeByte (@0x0000000110d41d04) thread=9731 reason=class_check action=maybe_recompile unloaded_class_index=-1
<jvms bci='5' method='java/io/DataOutputStream writeByte (I)V' bytes='14' count='10' backedge_count='1' iicount='20' class_check_traps='2'/>
</uncommon_trap>
DEOPT PACKING thread 0x00007fadca010800 Compiled frame (sp=0x0000000304c050a0 unextended sp=0x0000000304c050a0, fp=0x000000079595f1b0, real_fp=0x0000000304c050d0, pc=0x0000000110d41d04)
     nmethod   7568 1051             java.io.DataOutputStream::writeByte (14 bytes)

     Virtual frames (innermost first):
        0 - frame( sp=0x0000000304c050a0, unextended_sp=0x0000000304c050a0, fp=0x000000079595f1b0, pc=0x0000000110d41d04)
java.io.DataOutputStream.writeByte(DataOutputStream.java:153) - invokevirtual @ bci 5 
     Created vframeArray 0x00007fadca08e420
DEOPT UNPACKING thread 0x00007fadca010800 vframeArray 0x00007fadca08e420 mode 2
     {method} {0x0000000118034468} &apos;writeByte&apos; &apos;(I)V&apos; in &apos;java/io/DataOutputStream&apos; - invokevirtual @ bci 5 sp = 0x0000000304c05070
<uncommon_trap thread='9731' reason='class_check' action='maybe_recompile' compile_id='1051' compiler='C2' count='3' state='class_check' stamp='7.596'>
Uncommon trap occurred in java.io.DataOutputStream::writeByte (@0x0000000110d41d04) thread=9731 reason=class_check action=maybe_recompile unloaded_class_index=-1
<jvms bci='5' method='java/io/DataOutputStream writeByte (I)V' bytes='14' count='10' backedge_count='1' iicount='20' class_check_traps='3'/>
</uncommon_trap>
DEOPT PACKING thread 0x00007fadca010800 Compiled frame (sp=0x0000000304c050a0 unextended sp=0x0000000304c050a0, fp=0x000000079595f1b0, real_fp=0x0000000304c050d0, pc=0x0000000110d41d04)
     nmethod   7595 1051             java.io.DataOutputStream::writeByte (14 bytes)

     Virtual frames (innermost first):
        0 - frame( sp=0x0000000304c050a0, unextended_sp=0x0000000304c050a0, fp=0x000000079595f1b0, pc=0x0000000110d41d04)
java.io.DataOutputStream.writeByte(DataOutputStream.java:153) - invokevirtual @ bci 5 
     Created vframeArray 0x00007fadcb052220
DEOPT UNPACKING thread 0x00007fadca010800 vframeArray 0x00007fadcb052220 mode 2
     {method} {0x0000000118034468} &apos;writeByte&apos; &apos;(I)V&apos; in &apos;java/io/DataOutputStream&apos; - invokevirtual @ bci 5 sp = 0x0000000304c05070
<uncommon_trap thread='9731' reason='class_check' action='maybe_recompile' compile_id='1059' compiler='C2' count='1' state='class_check' stamp='7.597'>
Uncommon trap occurred in java.io.DataOutputStream::writeShort (@0x0000000110d0f310) thread=9731 reason=class_check action=maybe_recompile unloaded_class_index=-1
<jvms bci='12' method='java/io/DataOutputStream writeShort (I)V' bytes='35' count='10' backedge_count='1' iicount='20' class_check_traps='1'/>
</uncommon_trap>
DEOPT PACKING thread 0x00007fadca010800 Compiled frame (sp=0x0000000304c050a0 unextended sp=0x0000000304c050a0, fp=0x0000000000000005, real_fp=0x0000000304c050d0, pc=0x0000000110d0f310)
     nmethod   7596 1059             java.io.DataOutputStream::writeShort (35 bytes)

     Virtual frames (innermost first):
        0 - frame( sp=0x0000000304c050a0, unextended_sp=0x0000000304c050a0, fp=0x0000000000000005, pc=0x0000000110d0f310)
java.io.DataOutputStream.writeShort(DataOutputStream.java:167) - invokevirtual @ bci 12 
     Created vframeArray 0x00007fadcb076220
DEOPT UNPACKING thread 0x00007fadca010800 vframeArray 0x00007fadcb076220 mode 2
     {method} {0x0000000118034550} &apos;writeShort&apos; &apos;(I)V&apos; in &apos;java/io/DataOutputStream&apos; - invokevirtual @ bci 12 sp = 0x0000000304c05070
<uncommon_trap thread='9731' reason='class_check' action='maybe_recompile' compile_id='1059' compiler='C2' count='2' state='class_check' stamp='7.597'>
Uncommon trap occurred in java.io.DataOutputStream::writeShort (@0x0000000110d0f310) thread=9731 reason=class_check action=maybe_recompile unloaded_class_index=-1
<jvms bci='12' method='java/io/DataOutputStream writeShort (I)V' bytes='35' count='10' backedge_count='1' iicount='20' class_check_traps='2'/>
</uncommon_trap>
DEOPT PACKING thread 0x00007fadca010800 Compiled frame (sp=0x0000000304c050a0 unextended sp=0x0000000304c050a0, fp=0x0000000000000001, real_fp=0x0000000304c050d0, pc=0x0000000110d0f310)
     nmethod   7596 1059             java.io.DataOutputStream::writeShort (35 bytes)

     Virtual frames (innermost first):
        0 - frame( sp=0x0000000304c050a0, unextended_sp=0x0000000304c050a0, fp=0x0000000000000001, pc=0x0000000110d0f310)
java.io.DataOutputStream.writeShort(DataOutputStream.java:167) - invokevirtual @ bci 12 
     Created vframeArray 0x00007fadca08e420
DEOPT UNPACKING thread 0x00007fadca010800 vframeArray 0x00007fadca08e420 mode 2
     {method} {0x0000000118034550} &apos;writeShort&apos; &apos;(I)V&apos; in &apos;java/io/DataOutputStream&apos; - invokevirtual @ bci 12 sp = 0x0000000304c05070
<uncommon_trap thread='9731' reason='class_check' action='maybe_recompile' compile_id='1059' compiler='C2' count='3' state='class_check' stamp='7.597'>
Uncommon trap occurred in java.io.DataOutputStream::writeShort (@0x0000000110d0f310) thread=9731 reason=class_check action=maybe_recompile unloaded_class_index=-1
<jvms bci='12' method='java/io/DataOutputStream writeShort (I)V' bytes='35' count='10' backedge_count='1' iicount='20' class_check_traps='3'/>
</uncommon_trap>
DEOPT PACKING thread 0x00007fadca010800 Compiled frame (sp=0x0000000304c050a0 unextended sp=0x0000000304c050a0, fp=0x0000000000000002, real_fp=0x0000000304c050d0, pc=0x0000000110d0f310)
     nmethod   7597 1059             java.io.DataOutputStream::writeShort (35 bytes)

     Virtual frames (innermost first):
        0 - frame( sp=0x0000000304c050a0, unextended_sp=0x0000000304c050a0, fp=0x0000000000000002, pc=0x0000000110d0f310)
java.io.DataOutputStream.writeShort(DataOutputStream.java:167) - invokevirtual @ bci 12 
     Created vframeArray 0x00007fadc9043620
DEOPT UNPACKING thread 0x00007fadca010800 vframeArray 0x00007fadc9043620 mode 2
     {method} {0x0000000118034550} &apos;writeShort&apos; &apos;(I)V&apos; in &apos;java/io/DataOutputStream&apos; - invokevirtual @ bci 12 sp = 0x0000000304c05070
<uncommon_trap thread='9731' reason='class_check' action='maybe_recompile' compile_id='1207' compiler='C2' stamp='8.506'>
Uncommon trap occurred in java.lang.reflect.Method::invoke (@0x0000000110f3b4a0) thread=9731 reason=class_check action=maybe_recompile unloaded_class_index=-1
<jvms bci='6' method='sun/reflect/DelegatingMethodAccessorImpl invoke (Ljava/lang/Object;[Ljava/lang/Object;)Ljava/lang/Object;' bytes='10' count='10' backedge_count='1' iicount='20'/>
<jvms bci='56' method='java/lang/reflect/Method invoke (Ljava/lang/Object;[Ljava/lang/Object;)Ljava/lang/Object;' bytes='62' count='10' backedge_count='1' iicount='20'/>
</uncommon_trap>
DEOPT PACKING thread 0x00007fadca010800 Compiled frame (sp=0x0000000304c05320 unextended sp=0x0000000304c05320, fp=0x00000000f2b36f40, real_fp=0x0000000304c05360, pc=0x0000000110f3b4a0)
     nmethod   8506 1207             java.lang.reflect.Method::invoke (62 bytes)

     Virtual frames (innermost first):
        0 - frame( sp=0x0000000304c05320, unextended_sp=0x0000000304c05320, fp=0x00000000f2b36f40, pc=0x0000000110f3b4a0)
sun.reflect.DelegatingMethodAccessorImpl.invoke(DelegatingMethodAccessorImpl.java:43) - invokevirtual @ bci 6 
        1 - frame( sp=0x0000000304c05320, unextended_sp=0x0000000304c05320, fp=0x00000000f2b36f40, pc=0x0000000110f3b4a0)
java.lang.reflect.Method.invoke(Method.java:498) - invokeinterface @ bci 56 
     Created vframeArray 0x00007fadca094820
DEOPT UNPACKING thread 0x00007fadca010800 vframeArray 0x00007fadca094820 mode 2
     {method} {0x0000000117b656f8} &apos;invoke&apos; &apos;(Ljava/lang/Object;[Ljava/lang/Object;)Ljava/lang/Object;&apos; in &apos;java/lang/reflect/Method&apos; - invokeinterface @ bci 56 sp = 0x0000000304c052f0
     {method} {0x0000000117ff7c50} &apos;invoke&apos; &apos;(Ljava/lang/Object;[Ljava/lang/Object;)Ljava/lang/Object;&apos; in &apos;sun/reflect/DelegatingMethodAccessorImpl&apos; - invokevirtual @ bci 6 sp = 0x0000000304c05288
<uncommon_trap thread='9731' reason='class_check' action='maybe_recompile' compile_id='1207' compiler='C2' count='1' state='class_check' stamp='8.522'>
Uncommon trap occurred in java.lang.reflect.Method::invoke (@0x0000000110f3b4a0) thread=9731 reason=class_check action=maybe_recompile unloaded_class_index=-1
<jvms bci='6' method='sun/reflect/DelegatingMethodAccessorImpl invoke (Ljava/lang/Object;[Ljava/lang/Object;)Ljava/lang/Object;' bytes='10' count='10' backedge_count='1' iicount='20' class_check_traps='1'/>
<jvms bci='56' method='java/lang/reflect/Method invoke (Ljava/lang/Object;[Ljava/lang/Object;)Ljava/lang/Object;' bytes='62' count='10' backedge_count='1' iicount='20'/>
</uncommon_trap>
DEOPT PACKING thread 0x00007fadca010800 Compiled frame (sp=0x0000000304c05450 unextended sp=0x0000000304c05450, fp=0x00000000f2b36f40, real_fp=0x0000000304c05490, pc=0x0000000110f3b4a0)
     nmethod   8521 1207             java.lang.reflect.Method::invoke (62 bytes)

     Virtual frames (innermost first):
        0 - frame( sp=0x0000000304c05450, unextended_sp=0x0000000304c05450, fp=0x00000000f2b36f40, pc=0x0000000110f3b4a0)
sun.reflect.DelegatingMethodAccessorImpl.invoke(DelegatingMethodAccessorImpl.java:43) - invokevirtual @ bci 6 
        1 - frame( sp=0x0000000304c05450, unextended_sp=0x0000000304c05450, fp=0x00000000f2b36f40, pc=0x0000000110f3b4a0)
java.lang.reflect.Method.invoke(Method.java:498) - invokeinterface @ bci 56 
     Created vframeArray 0x00007fadca095c20
DEOPT UNPACKING thread 0x00007fadca010800 vframeArray 0x00007fadca095c20 mode 2
     {method} {0x0000000117b656f8} &apos;invoke&apos; &apos;(Ljava/lang/Object;[Ljava/lang/Object;)Ljava/lang/Object;&apos; in &apos;java/lang/reflect/Method&apos; - invokeinterface @ bci 56 sp = 0x0000000304c05408
     {method} {0x0000000117ff7c50} &apos;invoke&apos; &apos;(Ljava/lang/Object;[Ljava/lang/Object;)Ljava/lang/Object;&apos; in &apos;sun/reflect/DelegatingMethodAccessorImpl&apos; - invokevirtual @ bci 6 sp = 0x0000000304c053a0
<uncommon_trap thread='9731' reason='class_check' action='maybe_recompile' compile_id='1207' compiler='C2' count='2' state='class_check' stamp='8.527'>
Uncommon trap occurred in java.lang.reflect.Method::invoke (@0x0000000110f3b4a0) thread=9731 reason=class_check action=maybe_recompile unloaded_class_index=-1
<jvms bci='6' method='sun/reflect/DelegatingMethodAccessorImpl invoke (Ljava/lang/Object;[Ljava/lang/Object;)Ljava/lang/Object;' bytes='10' count='10' backedge_count='1' iicount='20' class_check_traps='2'/>
<jvms bci='56' method='java/lang/reflect/Method invoke (Ljava/lang/Object;[Ljava/lang/Object;)Ljava/lang/Object;' bytes='62' count='10' backedge_count='1' iicount='20'/>
</uncommon_trap>
DEOPT PACKING thread 0x00007fadca010800 Compiled frame (sp=0x0000000304c05480 unextended sp=0x0000000304c05480, fp=0x00000000f2b36f40, real_fp=0x0000000304c054c0, pc=0x0000000110f3b4a0)
     nmethod   8527 1207             java.lang.reflect.Method::invoke (62 bytes)

     Virtual frames (innermost first):
        0 - frame( sp=0x0000000304c05480, unextended_sp=0x0000000304c05480, fp=0x00000000f2b36f40, pc=0x0000000110f3b4a0)
sun.reflect.DelegatingMethodAccessorImpl.invoke(DelegatingMethodAccessorImpl.java:43) - invokevirtual @ bci 6 
        1 - frame( sp=0x0000000304c05480, unextended_sp=0x0000000304c05480, fp=0x00000000f2b36f40, pc=0x0000000110f3b4a0)
java.lang.reflect.Method.invoke(Method.java:498) - invokeinterface @ bci 56 
     Created vframeArray 0x00007fadcb084e20
DEOPT UNPACKING thread 0x00007fadca010800 vframeArray 0x00007fadcb084e20 mode 2
     {method} {0x0000000117b656f8} &apos;invoke&apos; &apos;(Ljava/lang/Object;[Ljava/lang/Object;)Ljava/lang/Object;&apos; in &apos;java/lang/reflect/Method&apos; - invokeinterface @ bci 56 sp = 0x0000000304c05438
     {method} {0x0000000117ff7c50} &apos;invoke&apos; &apos;(Ljava/lang/Object;[Ljava/lang/Object;)Ljava/lang/Object;&apos; in &apos;sun/reflect/DelegatingMethodAccessorImpl&apos; - invokevirtual @ bci 6 sp = 0x0000000304c053d0
<uncommon_trap thread='9731' reason='class_check' action='maybe_recompile' compile_id='1207' compiler='C2' count='3' state='class_check' stamp='8.545'>
Uncommon trap occurred in java.lang.reflect.Method::invoke (@0x0000000110f3b4a0) thread=9731 reason=class_check action=maybe_recompile unloaded_class_index=-1
<jvms bci='6' method='sun/reflect/DelegatingMethodAccessorImpl invoke (Ljava/lang/Object;[Ljava/lang/Object;)Ljava/lang/Object;' bytes='10' count='10' backedge_count='1' iicount='20' class_check_traps='3'/>
<jvms bci='56' method='java/lang/reflect/Method invoke (Ljava/lang/Object;[Ljava/lang/Object;)Ljava/lang/Object;' bytes='62' count='10' backedge_count='1' iicount='20'/>
</uncommon_trap>
DEOPT PACKING thread 0x00007fadca010800 Compiled frame (sp=0x0000000304c05450 unextended sp=0x0000000304c05450, fp=0x00000000f2b36f40, real_fp=0x0000000304c05490, pc=0x0000000110f3b4a0)
     nmethod   8545 1207             java.lang.reflect.Method::invoke (62 bytes)

     Virtual frames (innermost first):
        0 - frame( sp=0x0000000304c05450, unextended_sp=0x0000000304c05450, fp=0x00000000f2b36f40, pc=0x0000000110f3b4a0)
sun.reflect.DelegatingMethodAccessorImpl.invoke(DelegatingMethodAccessorImpl.java:43) - invokevirtual @ bci 6 
        1 - frame( sp=0x0000000304c05450, unextended_sp=0x0000000304c05450, fp=0x00000000f2b36f40, pc=0x0000000110f3b4a0)
java.lang.reflect.Method.invoke(Method.java:498) - invokeinterface @ bci 56 
     Created vframeArray 0x00007fadc9043620
DEOPT UNPACKING thread 0x00007fadca010800 vframeArray 0x00007fadc9043620 mode 2
     {method} {0x0000000117b656f8} &apos;invoke&apos; &apos;(Ljava/lang/Object;[Ljava/lang/Object;)Ljava/lang/Object;&apos; in &apos;java/lang/reflect/Method&apos; - invokeinterface @ bci 56 sp = 0x0000000304c05408
     {method} {0x0000000117ff7c50} &apos;invoke&apos; &apos;(Ljava/lang/Object;[Ljava/lang/Object;)Ljava/lang/Object;&apos; in &apos;sun/reflect/DelegatingMethodAccessorImpl&apos; - invokevirtual @ bci 6 sp = 0x0000000304c053a0
<uncommon_trap thread='9731' reason='class_check' action='maybe_recompile' compile_id='1208' compiler='C2' count='4' state='class_check recompiled' stamp='8.546'>
Uncommon trap occurred in sun.reflect.DelegatingMethodAccessorImpl::invoke (@0x0000000110f38774) thread=9731 reason=class_check action=maybe_recompile unloaded_class_index=-1
<jvms bci='6' method='sun/reflect/DelegatingMethodAccessorImpl invoke (Ljava/lang/Object;[Ljava/lang/Object;)Ljava/lang/Object;' bytes='10' count='10' backedge_count='1' iicount='20' class_check_traps='4'/>
</uncommon_trap>
DEOPT PACKING thread 0x00007fadca010800 Compiled frame (sp=0x0000000304c05400 unextended sp=0x0000000304c05400, fp=0x00000000f2b36f40, real_fp=0x0000000304c05430, pc=0x0000000110f38774)
     nmethod   8546 1208             sun.reflect.DelegatingMethodAccessorImpl::invoke (10 bytes)

     Virtual frames (innermost first):
        0 - frame( sp=0x0000000304c05400, unextended_sp=0x0000000304c05400, fp=0x00000000f2b36f40, pc=0x0000000110f38774)
sun.reflect.DelegatingMethodAccessorImpl.invoke(DelegatingMethodAccessorImpl.java:43) - invokevirtual @ bci 6 
     Created vframeArray 0x00007fadcb084e20
DEOPT UNPACKING thread 0x00007fadca010800 vframeArray 0x00007fadcb084e20 mode 2
     {method} {0x0000000117ff7c50} &apos;invoke&apos; &apos;(Ljava/lang/Object;[Ljava/lang/Object;)Ljava/lang/Object;&apos; in &apos;sun/reflect/DelegatingMethodAccessorImpl&apos; - invokevirtual @ bci 6 sp = 0x0000000304c053c8
<uncommon_trap thread='9731' reason='null_check' action='make_not_entrant' compile_id='1194' compiler='C2' stamp='8.553'>
Uncommon trap occurred in org.springframework.core.SerializableTypeWrapper::forTypeProvider (@0x0000000110f2af24) thread=9731 reason=null_check action=make_not_entrant unloaded_class_index=-1
<jvms bci='45' method='org/springframework/core/SerializableTypeWrapper forTypeProvider (Lorg/springframework/core/SerializableTypeWrapper$TypeProvider;)Ljava/lang/reflect/Type;' bytes='191' count='12' backedge_count='3' iicount='19'/>
</uncommon_trap>
DEOPT PACKING thread 0x00007fadca010800 Compiled frame (sp=0x0000000304c05610 unextended sp=0x0000000304c05610, fp=0x00000007959bae00, real_fp=0x0000000304c05640, pc=0x0000000110f2af24)
     nmethod   8552 1194             org.springframework.core.SerializableTypeWrapper::forTypeProvider (191 bytes)

     Virtual frames (innermost first):
        0 - frame( sp=0x0000000304c05610, unextended_sp=0x0000000304c05610, fp=0x00000007959bae00, pc=0x0000000110f2af24)
org.springframework.core.SerializableTypeWrapper.forTypeProvider(SerializableTypeWrapper.java:118) - checkcast @ bci 45 
     Created vframeArray 0x00007fadca880c20
DEOPT UNPACKING thread 0x00007fadca010800 vframeArray 0x00007fadca880c20 mode 2
     {method} {0x0000000117fda760} &apos;forTypeProvider&apos; &apos;(Lorg/springframework/core/SerializableTypeWrapper$TypeProvider;)Ljava/lang/reflect/Type;&apos; in &apos;org/springframework/core/SerializableTypeWrapper&apos; - checkcast @ bci 45 sp = 0x0000000304c05598
<uncommon_trap thread='9731' reason='class_check' action='maybe_recompile' compile_id='1210' compiler='C2' stamp='8.556'>
Uncommon trap occurred in org.springframework.core.SerializableTypeWrapper$MethodInvokeTypeProvider::getType (@0x0000000110f3a8d4) thread=9731 reason=class_check action=maybe_recompile unloaded_class_index=-1
<jvms bci='32' method='org/springframework/core/SerializableTypeWrapper$MethodInvokeTypeProvider getType ()Ljava/lang/reflect/Type;' bytes='58' count='11' backedge_count='1' iicount='21'/>
</uncommon_trap>
DEOPT PACKING thread 0x00007fadca010800 Compiled frame (sp=0x0000000304c053d0 unextended sp=0x0000000304c053d0, fp=0x00000007959bb120, real_fp=0x0000000304c05400, pc=0x0000000110f3a8d4)
     nmethod   8556 1210             org.springframework.core.SerializableTypeWrapper$MethodInvokeTypeProvider::getType (58 bytes)

     Virtual frames (innermost first):
        0 - frame( sp=0x0000000304c053d0, unextended_sp=0x0000000304c053d0, fp=0x00000007959bb120, pc=0x0000000110f3a8d4)
org.springframework.core.SerializableTypeWrapper$MethodInvokeTypeProvider.getType(SerializableTypeWrapper.java:353) - instanceof @ bci 32 
     Created vframeArray 0x00007fadcb084e20
DEOPT UNPACKING thread 0x00007fadca010800 vframeArray 0x00007fadcb084e20 mode 2
     {method} {0x0000000118008838} &apos;getType&apos; &apos;()Ljava/lang/reflect/Type;&apos; in &apos;org/springframework/core/SerializableTypeWrapper$MethodInvokeTypeProvider&apos; - instanceof @ bci 32 sp = 0x0000000304c053a0
<uncommon_trap thread='9731' reason='unstable_if' action='reinterpret' compile_id='1233' compile_kind='osr' compiler='C2' stamp='8.668'>
Uncommon trap occurred in repro.ResolvableTypeC2Repro::exerciseOsrMemBarLoop (@0x0000000110f4a380) thread=9731 reason=unstable_if action=reinterpret unloaded_class_index=-1
<jvms bci='83' method='repro/ResolvableTypeC2Repro exerciseOsrMemBarLoop (II)V' bytes='528' count='1' backedge_count='1029' iicount='1'/>
</uncommon_trap>
DEOPT PACKING thread 0x00007fadca010800 Compiled frame (sp=0x0000000304c057e0 unextended sp=0x0000000304c057e0, fp=0x0000000000000000, real_fp=0x0000000304c058b0, pc=0x0000000110f4a380)
     nmethod   8668 1233 % !         repro.ResolvableTypeC2Repro::exerciseOsrMemBarLoop @ -2 (528 bytes)

     Virtual frames (innermost first):
        0 - frame( sp=0x0000000304c057e0, unextended_sp=0x0000000304c057e0, fp=0x0000000000000000, pc=0x0000000110f4a380)
repro.ResolvableTypeC2Repro.exerciseOsrMemBarLoop(ResolvableTypeC2Repro.java:337) - if_icmpge @ bci 83 
     Created vframeArray 0x00007fadca880c20
DEOPT UNPACKING thread 0x00007fadca010800 vframeArray 0x00007fadca880c20 mode 2
     {method} {0x0000000117f18fd0} &apos;exerciseOsrMemBarLoop&apos; &apos;(II)V&apos; in &apos;repro/ResolvableTypeC2Repro&apos; - if_icmpge @ bci 83 sp = 0x0000000304c057e8
<dependency_failed type='unique_concrete_method' ctxk='java/lang/ThreadLocal' x='java/lang/ThreadLocal initialValue ()Ljava/lang/Object;' witness='jdk/internal/misc/TerminatingThreadLocal$1' stamp='8.695'/>
C1 Runtime statistics:
 _resolve_invoke_virtual_cnt:     26
 _resolve_invoke_opt_virtual_cnt: 1310
 _resolve_invoke_static_cnt:      896
 _handle_wrong_method_cnt:        44
 _ic_miss_cnt:                    19
 _generic_arraycopy_cnt:          0
 _generic_arraycopystub_cnt:      0
 _byte_arraycopy_cnt:             0
 _short_arraycopy_cnt:            0
 _int_arraycopy_cnt:              0
 _long_arraycopy_cnt:             0
 _primitive_arraycopy_cnt:        0
 _oop_arraycopy_cnt (C):          0
 _oop_arraycopy_cnt (stub):       0
 _arraycopy_slowcase_cnt:         0
 _arraycopy_checkcast_cnt:        0
 _arraycopy_checkcast_attempt_cnt:0
 _new_type_array_slowcase_cnt:    0
 _new_object_array_slowcase_cnt:  0
 _new_instance_slowcase_cnt:      0
 _new_multi_array_slowcase_cnt:   0
 _monitorenter_slowcase_cnt:      0
 _monitorexit_slowcase_cnt:       0
 _patch_code_slowcase_cnt:        0
 _throw_range_check_exception_count:            0:
 _throw_index_exception_count:                  0:
 _throw_div0_exception_count:                   0:
 _throw_null_pointer_exception_count:           0:
 _throw_class_cast_exception_count:             0:
 _throw_incompatible_class_change_error_count:  0:
 _throw_array_store_exception_count:            0:
 _throw_count:                                  0:

<statistics type='deoptimization'>
Deoptimization traps recorded:
   107 (100.0%) total
     null_check/make_not_entrant/checkcast: 4 (3.7%)
    null_check/make_not_entrant/instanceof: 1 (0.9%)
       null_check/make_not_entrant/aastore: 1 (0.9%)
  null_check/make_not_entrant/invokestatic: 1 (0.9%)
   null_assert/make_not_entrant/instanceof: 1 (0.9%)
     null_assert/make_not_entrant/astore_3: 1 (0.9%)
  class_check/maybe_recompile/invokevirtual: 40 (37.4%)
    class_check/maybe_recompile/instanceof: 5 (4.7%)
  class_check/maybe_recompile/invokeinterface: 1 (0.9%)
       array_check/maybe_recompile/aastore: 8 (7.5%)
   bimorphic/maybe_recompile/invokevirtual: 4 (3.7%)
                  unloaded/reinterpret/new: 2 (1.9%)
       uninitialized/reinterpret/getstatic: 17 (15.9%)
                       constraint/none/nop: 4 (3.7%)
           predicate/maybe_recompile/aload: 1 (0.9%)
         predicate/maybe_recompile/aload_0: 2 (1.9%)
    loop_limit_check/maybe_recompile/aload: 2 (1.9%)
  loop_limit_check/maybe_recompile/aload_0: 1 (0.9%)
    loop_limit_check/maybe_recompile/iload: 1 (0.9%)
         unstable_if/reinterpret/if_icmpeq: 1 (0.9%)
         unstable_if/reinterpret/if_icmpge: 2 (1.9%)
              unstable_if/reinterpret/iflt: 1 (0.9%)
               unstable_if/reinterpret/nop: 6 (5.6%)
</statistics>
<statistics type='SharedRuntime'>
    1 new instance requires GC
    3 new array requires GC
   19 inline cache miss in compiled
   44 wrong method
  896 unresolved static call site
   26 unresolved virtual call site
 1310 unresolved opt virtual call site
  214 slow partial subtype
 1019 byte array copies
 6790 short array copies
  823 int array copies
 2961 long array copies
   48 checkcast array copies
  121 find exception handler
  111 rethrow handler
AdapterHandlerTable: empty 154 longest 3 total 185 average 1.330935
AdapterHandlerTable: lookups 9052 buckets 9439 equals 8592 hits 8592 compact 8592
</statistics>
<statistics type='nmethod'>
Statistics for 117 native nmethods:
 N. total size  = 112928
 N. relocation  = 9616
 N. main code   = 66192
Statistics for 1123 bytecoded nmethods:
 total in heap  = 2575520
 relocation     = 130880
 constants      = 3360
 main code      = 938656
 stub code      = 73128
 oops           = 2728
 scopes data    = 301640
 scopes pcs     = 605856
 dependencies   = 9640
 handler table  = 101368
 nul chk table  = 17568
Debug Data Chunks: 68655, shared 9720+20167, non-SP&apos;s elided 326
PcDesc Statistics:  5018 queries, 8.09 comparisons per query
  caches=1123 queries=5018/0, hits=0+1307, tests=17764+22854, adds=3711
</statistics>
<statistics type='opto'>
--- Compiler Statistics ---
Methods seen: 3567  Methods parsed: 3567  Nodes created: 932055
Blocks parsed: 11334  Blocks seen: 12475
14328 original NULL checks - 10543 elided (73%); optimizer leaves 3985,
1615 made implicit (40%)
CCP: 1123  constants found: 9
Total frameslots = 7584, Max frameslots = 68
Inserted 0 spill loads, 0 spill stores, 0 mem-mem moves and 0 copies.
Total load cost=      0, store cost =      0, mem-mem cost =  0.00, copy cost =     0.
Adjusted spill cost =       0.
Conservatively coalesced 12327 copies, 0 pairs, 17675 post alloc.
Used cisc instruction  791,  remained in register 4755
Average allocation trips 1.749781
High Pressure Blocks = 0, Low Pressure Blocks = 0
Nops added 0 bytes to total of 922637 bytes, for 0.00%
Peephole: peephole rules applied: 0
PhaseIdealLoop=3775, sum _unique=2004281
</statistics>
<statistics type='intrinsic'>
Compiler intrinsic usage:
    20 ( 4.9%) _hashCode (worked,virtual,nonvirtual)
    32 ( 7.8%) _getClass (worked)
    22 ( 5.4%) _clone (worked)
    29 ( 7.1%) _min (worked)
    13 ( 3.2%) _max (worked)
     1 ( 0.2%) _numberOfLeadingZeros_i (worked)
     1 ( 0.2%) _currentTimeMillis (worked)
     7 ( 1.7%) _nanoTime (worked)
    40 ( 9.8%) _arraycopy (worked)
     3 ( 0.7%) _isInterrupted (worked)
    12 ( 2.9%) _currentThread (worked)
    14 ( 3.4%) _isAssignableFrom (worked)
     1 ( 0.2%) _isInstance (worked)
     2 ( 0.5%) _getModifiers (worked)
    16 ( 3.9%) _isInterface (worked)
    18 ( 4.4%) _isArray (worked)
    26 ( 6.4%) _isPrimitive (worked)
     8 ( 2.0%) _getSuperclass (worked)
     7 ( 1.7%) _getComponentType (worked)
     3 ( 0.7%) _getClassAccessFlags (worked)
     7 ( 1.7%) _getCallerClass (worked,failed)
     5 ( 1.2%) _newArray (worked)
     3 ( 0.7%) _copyOf (worked)
     5 ( 1.2%) _copyOfRange (worked)
    14 ( 3.4%) _indexOf (worked)
    45 (11.0%) _equals (worked)
     0 ( 0.0%) _checkIndex (disabled)
    18 ( 4.4%) _Reference_get (worked)
     2 ( 0.5%) _updateBytesCRC32 (worked)
     8 ( 2.0%) _getObjectVolatile (worked)
     2 ( 0.5%) _getIntVolatile (worked)
     4 ( 1.0%) _putObjectVolatile (worked)
     5 ( 1.2%) _getLong_raw (worked)
     4 ( 1.0%) _putLong_raw (worked)
     4 ( 1.0%) _compareAndSwapObject (worked)
     2 ( 0.5%) _compareAndSwapLong (worked)
     6 ( 1.5%) _compareAndSwapInt (worked)
   409 (100.0%) total (worked,failed,disabled,virtual,nonvirtual)
</statistics>
<writer thread='16643'/>
<destroy_vm stamp='8.706'/>
<tty_done stamp='8.727'/>
</tty>
<hotspot_log_done stamp='8.727'/>
</hotspot_log>
