<?xml version='1.0' encoding='UTF-8'?>
<hotspot_log version='160 1' process='53582' time_ms='1783302915518'>
<vm_version>
<name>
OpenJDK 64-Bit Server VM
</name>
<release>
25.512-b00-fastdebug
</release>
<info>
OpenJDK 64-Bit Server VM (25.512-b00-fastdebug) for bsd-amd64 JRE (1.8.0_512-internal-xiezhaokun_2026_07_04_16_29-b00), built on Jul  4 2026 18:13:54 by &quot;xiezhaokun&quot; with gcc Apple LLVM 16.0.0 (clang-1600.0.26.6)
</info>
</vm_version>
<vm_arguments>
<args>
-Xbatch -XX:CompileThreshold=10 -XX:BackEdgeThreshold=20 -XX:-TieredCompilation -XX:CICompilerCount=1 -XX:+UnlockDiagnosticVMOptions -XX:CompileCommand=quiet -XX:+StressGCM -XX:+StressLCM -XX:+StressReflectiveCode -XX:+TraceDeoptimization -Drepro.iterations=35000 -Drepro.seconds=0 -Drepro.clearCacheEvery=0 -Drepro.deoptAfter=6000 -Drepro.target=sharedCacheOsr 
</args>
<command>
repro.ResolvableTypeC2Repro
</command>
<launcher>
SUN_STANDARD
</launcher>
<properties>
java.vm.specification.name=Java Virtual Machine Specification
java.vm.version=25.512-b00-fastdebug
java.vm.name=OpenJDK 64-Bit Server VM
java.vm.info=mixed mode, sharing
java.ext.dirs=/Users/xiezhaokun/Library/Java/Extensions:/Users/xiezhaokun/workspace/jdk8u-dev/build/codex-fastdebug-x86_64/jdk/lib/ext:/Library/Java/Extensions:/Network/Library/Java/Extensions:/System/Library/Java/Extensions:/usr/lib/java
java.endorsed.dirs=/Users/xiezhaokun/workspace/jdk8u-dev/build/codex-fastdebug-x86_64/jdk/lib/endorsed
sun.boot.library.path=/Users/xiezhaokun/workspace/jdk8u-dev/build/codex-fastdebug-x86_64/jdk/lib
java.library.path=/Users/xiezhaokun/Library/Java/Extensions:/Library/Java/Extensions:/Network/Library/Java/Extensions:/System/Library/Java/Extensions:/usr/lib/java:.
java.home=/Users/xiezhaokun/workspace/jdk8u-dev/build/codex-fastdebug-x86_64/jdk
java.class.path=/Users/xiezhaokun/workspace/jdk8u-dev/repro/spring-resolvabletype-c2/target/classes:/Users/xiezhaokun/workspace/jdk8u-dev/repro/spring-resolvabletype-c2/target/dependency/spring-core-5.3.31.jar:/Users/xiezhaokun/workspace/jdk8u-dev/repro/spring-resolvabletype-c2/target/dependency/spring-jcl-5.3.31.jar
sun.boot.class.path=/Users/xiezhaokun/workspace/jdk8u-dev/build/codex-fastdebug-x86_64/jdk/lib/resources.jar:/Users/xiezhaokun/workspace/jdk8u-dev/build/codex-fastdebug-x86_64/jdk/lib/rt.jar:/Users/xiezhaokun/workspace/jdk8u-dev/build/codex-fastdebug-x86_64/jdk/lib/sunrsasign.jar:/Users/xiezhaokun/workspace/jdk8u-dev/build/codex-fastdebug-x86_64/jdk/lib/jsse.jar:/Users/xiezhaokun/workspace/jdk8u-dev/build/codex-fastdebug-x86_64/jdk/lib/jce.jar:/Users/xiezhaokun/workspace/jdk8u-dev/build/codex-fastdebug-x86_64/jdk/lib/charsets.jar:/Users/xiezhaokun/workspace/jdk8u-dev/build/codex-fastdebug-x86_64/jdk/lib/jfr.jar:/Users/xiezhaokun/workspace/jdk8u-dev/build/codex-fastdebug-x86_64/jdk/classes
java.vm.specification.vendor=Oracle Corporation
java.vm.specification.version=1.8
java.vm.vendor=Oracle Corporation
repro.iterations=35000
repro.seconds=0
repro.clearCacheEvery=0
repro.deoptAfter=6000
repro.target=sharedCacheOsr
sun.java.command=repro.ResolvableTypeC2Repro
sun.java.launcher=SUN_STANDARD
</properties>
</vm_arguments>
<tty>
<blob name='MethodHandlesAdapterBlob' size='182000'>
<sect index='1' size='182000' free='177710'/>
</blob>
<writer thread='8963'/>
<uncommon_trap thread='8963' reason='bimorphic' action='maybe_recompile' compile_id='51' compiler='C2' stamp='0.449'>
Uncommon trap occurred in java.util.concurrent.ConcurrentHashMap::putVal (@0x0000000111cbdfe4) thread=8963 reason=bimorphic action=maybe_recompile unloaded_class_index=-1
<jvms bci='17' method='java/util/concurrent/ConcurrentHashMap putVal (Ljava/lang/Object;Ljava/lang/Object;Z)Ljava/lang/Object;' bytes='362' count='5' backedge_count='6' iicount='39'/>
</uncommon_trap>
DEOPT PACKING thread 0x00007fcbf200b000 Compiled frame (sp=0x00000003063854f0 unextended sp=0x00000003063854f0, fp=0x00000007955c1f30, real_fp=0x00000003063855c0, pc=0x0000000111cbdfe4)
     nmethod    449   51   !         java.util.concurrent.ConcurrentHashMap::putVal (362 bytes)

     Virtual frames (innermost first):
        0 - frame( sp=0x00000003063854f0, unextended_sp=0x00000003063854f0, fp=0x00000007955c1f30, pc=0x0000000111cbdfe4)
java.util.concurrent.ConcurrentHashMap.putVal(ConcurrentHashMap.java:1012) - invokevirtual @ bci 17 
     Created vframeArray 0x00007fcbf3026020
DEOPT UNPACKING thread 0x00007fcbf200b000 vframeArray 0x00007fcbf3026020 mode 2
     {method} {0x000000010e8c17d8} &apos;putVal&apos; &apos;(Ljava/lang/Object;Ljava/lang/Object;Z)Ljava/lang/Object;&apos; in &apos;java/util/concurrent/ConcurrentHashMap&apos; - invokevirtual @ bci 17 sp = 0x0000000306385500
<uncommon_trap thread='8963' reason='uninitialized' action='reinterpret' compile_id='68' compiler='C2' stamp='0.710'>
Uncommon trap occurred in java.io.ObjectStreamField::&lt;init&gt; (@0x0000000111ccf038) thread=8963 reason=uninitialized action=reinterpret unloaded_class_index=-1
<jvms bci='123' method='java/io/ObjectStreamField getClassSignature (Ljava/lang/Class;)Ljava/lang/String;' bytes='242' count='5' backedge_count='3' iicount='18'/>
<jvms bci='38' method='java/io/ObjectStreamField &lt;init&gt; (Ljava/lang/String;Ljava/lang/Class;Z)V' bytes='53' count='5' backedge_count='1' iicount='18'/>
<jvms bci='4' method='java/io/ObjectStreamField &lt;init&gt; (Ljava/lang/String;Ljava/lang/Class;)V' bytes='8' count='5' backedge_count='1' iicount='18'/>
</uncommon_trap>
DEOPT PACKING thread 0x00007fcbf200b000 Compiled frame (sp=0x0000000306383120 unextended sp=0x0000000306383120, fp=0x0000000010200031, real_fp=0x0000000306383200, pc=0x0000000111ccf038)
     nmethod    709   68             java.io.ObjectStreamField::&lt;init&gt; (8 bytes)

     Virtual frames (innermost first):
        0 - frame( sp=0x0000000306383120, unextended_sp=0x0000000306383120, fp=0x0000000010200031, pc=0x0000000111ccf038)
java.io.ObjectStreamField.getClassSignature(ObjectStreamField.java:310) - getstatic @ bci 123 
        1 - frame( sp=0x0000000306383120, unextended_sp=0x0000000306383120, fp=0x0000000010200031, pc=0x0000000111ccf038)
java.io.ObjectStreamField.&lt;init&gt;(ObjectStreamField.java:94) - invokestatic @ bci 38 
        2 - frame( sp=0x0000000306383120, unextended_sp=0x0000000306383120, fp=0x0000000010200031, pc=0x0000000111ccf038)
java.io.ObjectStreamField.&lt;init&gt;(ObjectStreamField.java:67) - invokespecial @ bci 4 
     Created vframeArray 0x00007fcbf404e020
DEOPT UNPACKING thread 0x00007fcbf200b000 vframeArray 0x00007fcbf404e020 mode 2
     {method} {0x000000010e77df58} &apos;&lt;init&gt;&apos; &apos;(Ljava/lang/String;Ljava/lang/Class;)V&apos; in &apos;java/io/ObjectStreamField&apos; - invokespecial @ bci 4 sp = 0x0000000306383190
     {method} {0x000000010e77e070} &apos;&lt;init&gt;&apos; &apos;(Ljava/lang/String;Ljava/lang/Class;Z)V&apos; in &apos;java/io/ObjectStreamField&apos; - invokestatic @ bci 38 sp = 0x0000000306383128
     {method} {0x000000010e77eeb8} &apos;getClassSignature&apos; &apos;(Ljava/lang/Class;)Ljava/lang/String;&apos; in &apos;java/io/ObjectStreamField&apos; - getstatic @ bci 123 sp = 0x00000003063830d0
<uncommon_trap thread='8963' reason='unstable_if' action='reinterpret' compile_id='13' compiler='C2' stamp='0.843'>
Uncommon trap occurred in java.lang.String::equals (@0x0000000111c7fb98) thread=8963 reason=unstable_if action=reinterpret unloaded_class_index=-1
<jvms bci='66' method='java/lang/String equals (Ljava/lang/Object;)Z' bytes='81' count='5' backedge_count='5' iicount='251'/>
</uncommon_trap>
DEOPT PACKING thread 0x00007fcbf200b000 Compiled frame (sp=0x0000000306381ea0 unextended sp=0x0000000306381ea0, fp=0x0000000000000000, real_fp=0x0000000306381ee0, pc=0x0000000111c7fb98)
     nmethod    843   13             java.lang.String::equals (81 bytes)

     Virtual frames (innermost first):
        0 - frame( sp=0x0000000306381ea0, unextended_sp=0x0000000306381ea0, fp=0x0000000000000000, pc=0x0000000111c7fb98)
java.lang.String.equals(String.java:988) - if_icmpeq @ bci 66 
     Created vframeArray 0x00007fcbf404ea20
DEOPT UNPACKING thread 0x00007fcbf200b000 vframeArray 0x00007fcbf404ea20 mode 2
     {method} {0x000000010e6b0488} &apos;equals&apos; &apos;(Ljava/lang/Object;)Z&apos; in &apos;java/lang/String&apos; - if_icmpeq @ bci 66 sp = 0x0000000306381e58
<dependency_failed type='abstract_with_unique_concrete_subtype' ctxk='java/nio/ByteBuffer' x='java/nio/HeapByteBuffer' witness='java/nio/DirectByteBuffer' stamp='0.897'/>
<uncommon_trap thread='8963' reason='bimorphic' action='maybe_recompile' compile_id='82' compiler='C2' stamp='1.017'>
Uncommon trap occurred in java.util.HashMap::hash (@0x0000000111cc45c0) thread=8963 reason=bimorphic action=maybe_recompile unloaded_class_index=-1
<jvms bci='9' method='java/util/HashMap hash (Ljava/lang/Object;)I' bytes='20' count='5' backedge_count='1' iicount='46'/>
</uncommon_trap>
DEOPT PACKING thread 0x00007fcbf200b000 Compiled frame (sp=0x00000003063839a0 unextended sp=0x00000003063839a0, fp=0x00000007955d7330, real_fp=0x00000003063839d0, pc=0x0000000111cc45c0)
     nmethod   1016   82             java.util.HashMap::hash (20 bytes)

     Virtual frames (innermost first):
        0 - frame( sp=0x00000003063839a0, unextended_sp=0x00000003063839a0, fp=0x00000007955d7330, pc=0x0000000111cc45c0)
java.util.HashMap.hash(HashMap.java:340) - invokevirtual @ bci 9 
     Created vframeArray 0x00007fcbf2038620
DEOPT UNPACKING thread 0x00007fcbf200b000 vframeArray 0x00007fcbf2038620 mode 2
     {method} {0x000000010e7c29b0} &apos;hash&apos; &apos;(Ljava/lang/Object;)I&apos; in &apos;java/util/HashMap&apos; - invokevirtual @ bci 9 sp = 0x0000000306383970
<uncommon_trap thread='8963' reason='unstable_if' action='reinterpret' compile_id='49' compiler='C2' stamp='1.309'>
Uncommon trap occurred in java.lang.String::replace (@0x0000000111cbbb7c) thread=8963 reason=unstable_if action=reinterpret unloaded_class_index=-1
<jvms bci='26' method='java/lang/String replace (CC)Ljava/lang/String;' bytes='127' count='5' backedge_count='32' iicount='12'/>
</uncommon_trap>
DEOPT PACKING thread 0x00007fcbf200b000 Compiled frame (sp=0x0000000306384640 unextended sp=0x0000000306384640, fp=0x000000000000002e, real_fp=0x00000003063846b0, pc=0x0000000111cbbb7c)
     nmethod   1309   49             java.lang.String::replace (127 bytes)

     Virtual frames (innermost first):
        0 - frame( sp=0x0000000306384640, unextended_sp=0x0000000306384640, fp=0x000000000000002e, pc=0x0000000111cbbb7c)
java.lang.String.replace(String.java:2072) - if_icmpge @ bci 26 
     Created vframeArray 0x00007fcbf3040a20
DEOPT UNPACKING thread 0x00007fcbf200b000 vframeArray 0x00007fcbf3040a20 mode 2
     {method} {0x000000010e6b27c8} &apos;replace&apos; &apos;(CC)Ljava/lang/String;&apos; in &apos;java/lang/String&apos; - if_icmpge @ bci 26 sp = 0x0000000306384628
<uncommon_trap thread='8963' reason='loop_limit_check' action='maybe_recompile' compile_id='106' compiler='C2' stamp='1.445'>
Uncommon trap occurred in java.lang.String::equals (@0x0000000111cde8a4) thread=8963 reason=loop_limit_check action=maybe_recompile unloaded_class_index=-1
<jvms bci='56' method='java/lang/String equals (Ljava/lang/Object;)Z' bytes='81' count='3' backedge_count='5' iicount='253' decompiles='1' unstable_if_traps='1'/>
</uncommon_trap>
DEOPT PACKING thread 0x00007fcbf200b000 Compiled frame (sp=0x0000000306383f40 unextended sp=0x0000000306383f40, fp=0x0000000000000000, real_fp=0x0000000306383f80, pc=0x0000000111cde8a4)
     nmethod   1444  106             java.lang.String::equals (81 bytes)

     Virtual frames (innermost first):
        0 - frame( sp=0x0000000306383f40, unextended_sp=0x0000000306383f40, fp=0x0000000000000000, pc=0x0000000111cde8a4)
java.lang.String.equals(String.java:988) - aload @ bci 56 
     Created vframeArray 0x00007fcbf3046020
DEOPT UNPACKING thread 0x00007fcbf200b000 vframeArray 0x00007fcbf3046020 mode 2
     {method} {0x000000010e6b0488} &apos;equals&apos; &apos;(Ljava/lang/Object;)Z&apos; in &apos;java/lang/String&apos; - aload @ bci 56 sp = 0x0000000306383f08
<uncommon_trap thread='8963' reason='uninitialized' action='reinterpret' compile_id='70' compiler='C2' count='1' stamp='1.531'>
Uncommon trap occurred in java.io.ObjectStreamField::getClassSignature (@0x0000000111cd3e2c) thread=8963 reason=uninitialized action=reinterpret unloaded_class_index=-1
<jvms bci='123' method='java/io/ObjectStreamField getClassSignature (Ljava/lang/Class;)Ljava/lang/String;' bytes='242' count='1' backedge_count='3' iicount='18' uninitialized_traps='1'/>
</uncommon_trap>
DEOPT PACKING thread 0x00007fcbf200b000 Compiled frame (sp=0x0000000306383e50 unextended sp=0x0000000306383e50, fp=0x00000000f80002f3, real_fp=0x0000000306383f20, pc=0x0000000111cd3e2c)
     nmethod   1530   70             java.io.ObjectStreamField::getClassSignature (242 bytes)

     Virtual frames (innermost first):
        0 - frame( sp=0x0000000306383e50, unextended_sp=0x0000000306383e50, fp=0x00000000f80002f3, pc=0x0000000111cd3e2c)
java.io.ObjectStreamField.getClassSignature(ObjectStreamField.java:310) - getstatic @ bci 123 
     Created vframeArray 0x00007fcbf384e620
DEOPT UNPACKING thread 0x00007fcbf200b000 vframeArray 0x00007fcbf384e620 mode 2
     {method} {0x000000010e77eeb8} &apos;getClassSignature&apos; &apos;(Ljava/lang/Class;)Ljava/lang/String;&apos; in &apos;java/io/ObjectStreamField&apos; - getstatic @ bci 123 sp = 0x0000000306383eb8
<uncommon_trap thread='8963' reason='bimorphic' action='maybe_recompile' compile_id='51' compiler='C2' count='1' state='#7' stamp='1.553'>
Uncommon trap occurred in java.util.concurrent.ConcurrentHashMap::putVal (@0x0000000111cbdfe4) thread=8963 reason=bimorphic action=maybe_recompile unloaded_class_index=-1
<jvms bci='17' method='java/util/concurrent/ConcurrentHashMap putVal (Ljava/lang/Object;Ljava/lang/Object;Z)Ljava/lang/Object;' bytes='362' count='5' backedge_count='7' iicount='39' bimorphic_traps='1'/>
</uncommon_trap>
DEOPT PACKING thread 0x00007fcbf200b000 Compiled frame (sp=0x00000003063845f0 unextended sp=0x00000003063845f0, fp=0x00000007955c5170, real_fp=0x00000003063846c0, pc=0x0000000111cbdfe4)
     nmethod   1552   51   !         java.util.concurrent.ConcurrentHashMap::putVal (362 bytes)

     Virtual frames (innermost first):
        0 - frame( sp=0x00000003063845f0, unextended_sp=0x00000003063845f0, fp=0x00000007955c5170, pc=0x0000000111cbdfe4)
java.util.concurrent.ConcurrentHashMap.putVal(ConcurrentHashMap.java:1012) - invokevirtual @ bci 17 
     Created vframeArray 0x00007fcbf3046020
DEOPT UNPACKING thread 0x00007fcbf200b000 vframeArray 0x00007fcbf3046020 mode 2
     {method} {0x000000010e8c17d8} &apos;putVal&apos; &apos;(Ljava/lang/Object;Ljava/lang/Object;Z)Ljava/lang/Object;&apos; in &apos;java/util/concurrent/ConcurrentHashMap&apos; - invokevirtual @ bci 17 sp = 0x0000000306384600
<uncommon_trap thread='8963' reason='bimorphic' action='maybe_recompile' compile_id='51' compiler='C2' count='2' state='#7' stamp='1.556'>
Uncommon trap occurred in java.util.concurrent.ConcurrentHashMap::putVal (@0x0000000111cbdfe4) thread=8963 reason=bimorphic action=maybe_recompile unloaded_class_index=-1
<jvms bci='17' method='java/util/concurrent/ConcurrentHashMap putVal (Ljava/lang/Object;Ljava/lang/Object;Z)Ljava/lang/Object;' bytes='362' count='5' backedge_count='8' iicount='39' bimorphic_traps='2'/>
</uncommon_trap>
DEOPT PACKING thread 0x00007fcbf200b000 Compiled frame (sp=0x0000000306382d20 unextended sp=0x0000000306382d20, fp=0x00000007955c5130, real_fp=0x0000000306382df0, pc=0x0000000111cbdfe4)
     nmethod   1555   51   !         java.util.concurrent.ConcurrentHashMap::putVal (362 bytes)

     Virtual frames (innermost first):
        0 - frame( sp=0x0000000306382d20, unextended_sp=0x0000000306382d20, fp=0x00000007955c5130, pc=0x0000000111cbdfe4)
java.util.concurrent.ConcurrentHashMap.putVal(ConcurrentHashMap.java:1012) - invokevirtual @ bci 17 
     Created vframeArray 0x00007fcbf2038620
DEOPT UNPACKING thread 0x00007fcbf200b000 vframeArray 0x00007fcbf2038620 mode 2
     {method} {0x000000010e8c17d8} &apos;putVal&apos; &apos;(Ljava/lang/Object;Ljava/lang/Object;Z)Ljava/lang/Object;&apos; in &apos;java/util/concurrent/ConcurrentHashMap&apos; - invokevirtual @ bci 17 sp = 0x0000000306382d10
<uncommon_trap thread='8963' reason='bimorphic' action='maybe_recompile' compile_id='51' compiler='C2' count='3' state='#7' stamp='1.560'>
Uncommon trap occurred in java.util.concurrent.ConcurrentHashMap::putVal (@0x0000000111cbdfe4) thread=8963 reason=bimorphic action=maybe_recompile unloaded_class_index=-1
<jvms bci='17' method='java/util/concurrent/ConcurrentHashMap putVal (Ljava/lang/Object;Ljava/lang/Object;Z)Ljava/lang/Object;' bytes='362' count='5' backedge_count='8' iicount='39' bimorphic_traps='3'/>
</uncommon_trap>
DEOPT PACKING thread 0x00007fcbf200b000 Compiled frame (sp=0x0000000306382c70 unextended sp=0x0000000306382c70, fp=0x00000007955c1f30, real_fp=0x0000000306382d40, pc=0x0000000111cbdfe4)
     nmethod   1560   51   !         java.util.concurrent.ConcurrentHashMap::putVal (362 bytes)

     Virtual frames (innermost first):
        0 - frame( sp=0x0000000306382c70, unextended_sp=0x0000000306382c70, fp=0x00000007955c1f30, pc=0x0000000111cbdfe4)
java.util.concurrent.ConcurrentHashMap.putVal(ConcurrentHashMap.java:1012) - invokevirtual @ bci 17 
     Created vframeArray 0x00007fcbf404ea20
DEOPT UNPACKING thread 0x00007fcbf200b000 vframeArray 0x00007fcbf404ea20 mode 2
     {method} {0x000000010e8c17d8} &apos;putVal&apos; &apos;(Ljava/lang/Object;Ljava/lang/Object;Z)Ljava/lang/Object;&apos; in &apos;java/util/concurrent/ConcurrentHashMap&apos; - invokevirtual @ bci 17 sp = 0x0000000306382c60
<uncommon_trap thread='8963' reason='predicate' action='maybe_recompile' compile_id='208' compiler='C2' stamp='1.704'>
Uncommon trap occurred in sun.net.www.ParseUtil::encodePath (@0x0000000111d0cacc) thread=8963 reason=predicate action=maybe_recompile unloaded_class_index=-1
<jvms bci='36' method='sun/net/www/ParseUtil encodePath (Ljava/lang/String;Z)Ljava/lang/String;' bytes='336' count='5' backedge_count='38' iicount='7'/>
</uncommon_trap>
DEOPT PACKING thread 0x00007fcbf200b000 Compiled frame (sp=0x0000000306383630 unextended sp=0x0000000306383630, fp=0x00000007955f8a40, real_fp=0x0000000306383690, pc=0x0000000111d0cacc)
     nmethod   1703  208             sun.net.www.ParseUtil::encodePath (336 bytes)

     Virtual frames (innermost first):
        0 - frame( sp=0x0000000306383630, unextended_sp=0x0000000306383630, fp=0x00000007955f8a40, pc=0x0000000111d0cacc)
sun.net.www.ParseUtil.encodePath(ParseUtil.java:111) - aload @ bci 36 
     Created vframeArray 0x00007fcbf201ea20
DEOPT UNPACKING thread 0x00007fcbf200b000 vframeArray 0x00007fcbf201ea20 mode 2
     {method} {0x000000010e8a33b0} &apos;encodePath&apos; &apos;(Ljava/lang/String;Z)Ljava/lang/String;&apos; in &apos;sun/net/www/ParseUtil&apos; - aload @ bci 36 sp = 0x0000000306383600
<uncommon_trap thread='8963' reason='class_check' action='maybe_recompile' compile_id='154' compiler='C2' stamp='1.765'>
Uncommon trap occurred in java.util.HashMap::getNode (@0x0000000111cf278c) thread=8963 reason=class_check action=maybe_recompile unloaded_class_index=-1
<jvms bci='59' method='java/util/HashMap getNode (ILjava/lang/Object;)Ljava/util/HashMap$Node;' bytes='148' count='5' backedge_count='1' iicount='34'/>
</uncommon_trap>
DEOPT PACKING thread 0x00007fcbf200b000 Compiled frame (sp=0x00000003063834e0 unextended sp=0x00000003063834e0, fp=0x0000000001494fe6, real_fp=0x0000000306383520, pc=0x0000000111cf278c)
     nmethod   1765  154             java.util.HashMap::getNode (148 bytes)

     Virtual frames (innermost first):
        0 - frame( sp=0x00000003063834e0, unextended_sp=0x00000003063834e0, fp=0x0000000001494fe6, pc=0x0000000111cf278c)
java.util.HashMap.getNode(HashMap.java:573) - invokevirtual @ bci 59 
     Created vframeArray 0x00007fcbf2040e20
DEOPT UNPACKING thread 0x00007fcbf200b000 vframeArray 0x00007fcbf2040e20 mode 2
     {method} {0x000000010e7c3628} &apos;getNode&apos; &apos;(ILjava/lang/Object;)Ljava/util/HashMap$Node;&apos; in &apos;java/util/HashMap&apos; - invokevirtual @ bci 59 sp = 0x0000000306383480
<uncommon_trap thread='8963' reason='class_check' action='maybe_recompile' compile_id='154' compiler='C2' count='1' state='class_check' stamp='1.820'>
Uncommon trap occurred in java.util.HashMap::getNode (@0x0000000111cf278c) thread=8963 reason=class_check action=maybe_recompile unloaded_class_index=-1
<jvms bci='59' method='java/util/HashMap getNode (ILjava/lang/Object;)Ljava/util/HashMap$Node;' bytes='148' count='5' backedge_count='1' iicount='34' class_check_traps='1'/>
</uncommon_trap>
DEOPT PACKING thread 0x00007fcbf200b000 Compiled frame (sp=0x0000000306380c50 unextended sp=0x0000000306380c50, fp=0x0000000001494fe6, real_fp=0x0000000306380c90, pc=0x0000000111cf278c)
     nmethod   1819  154             java.util.HashMap::getNode (148 bytes)

     Virtual frames (innermost first):
        0 - frame( sp=0x0000000306380c50, unextended_sp=0x0000000306380c50, fp=0x0000000001494fe6, pc=0x0000000111cf278c)
java.util.HashMap.getNode(HashMap.java:573) - invokevirtual @ bci 59 
     Created vframeArray 0x00007fcbf3046020
DEOPT UNPACKING thread 0x00007fcbf200b000 vframeArray 0x00007fcbf3046020 mode 2
     {method} {0x000000010e7c3628} &apos;getNode&apos; &apos;(ILjava/lang/Object;)Ljava/util/HashMap$Node;&apos; in &apos;java/util/HashMap&apos; - invokevirtual @ bci 59 sp = 0x0000000306380bf0
<uncommon_trap thread='8963' reason='class_check' action='maybe_recompile' compile_id='154' compiler='C2' count='2' state='class_check' stamp='1.858'>
Uncommon trap occurred in java.util.HashMap::getNode (@0x0000000111cf278c) thread=8963 reason=class_check action=maybe_recompile unloaded_class_index=-1
<jvms bci='59' method='java/util/HashMap getNode (ILjava/lang/Object;)Ljava/util/HashMap$Node;' bytes='148' count='5' backedge_count='1' iicount='34' class_check_traps='2'/>
</uncommon_trap>
DEOPT PACKING thread 0x00007fcbf200b000 Compiled frame (sp=0x0000000306383530 unextended sp=0x0000000306383530, fp=0x0000000001494fe6, real_fp=0x0000000306383570, pc=0x0000000111cf278c)
     nmethod   1857  154             java.util.HashMap::getNode (148 bytes)

     Virtual frames (innermost first):
        0 - frame( sp=0x0000000306383530, unextended_sp=0x0000000306383530, fp=0x0000000001494fe6, pc=0x0000000111cf278c)
java.util.HashMap.getNode(HashMap.java:573) - invokevirtual @ bci 59 
     Created vframeArray 0x00007fcbf3040a20
DEOPT UNPACKING thread 0x00007fcbf200b000 vframeArray 0x00007fcbf3040a20 mode 2
     {method} {0x000000010e7c3628} &apos;getNode&apos; &apos;(ILjava/lang/Object;)Ljava/util/HashMap$Node;&apos; in &apos;java/util/HashMap&apos; - invokevirtual @ bci 59 sp = 0x00000003063834d0
<uncommon_trap thread='8963' reason='unstable_if' action='reinterpret' compile_id='254' compiler='C2' stamp='1.860'>
Uncommon trap occurred in java.util.concurrent.ConcurrentHashMap::addCount (@0x0000000111d277cc) thread=8963 reason=unstable_if action=reinterpret unloaded_class_index=-1
<jvms bci='135' method='java/util/concurrent/ConcurrentHashMap addCount (JI)V' bytes='281' count='5' backedge_count='1' iicount='42'/>
</uncommon_trap>
DEOPT PACKING thread 0x00007fcbf200b000 Compiled frame (sp=0x00000003063843f0 unextended sp=0x00000003063843f0, fp=0x0000000000000000, real_fp=0x0000000306384430, pc=0x0000000111d277cc)
     nmethod   1860  254             java.util.concurrent.ConcurrentHashMap::addCount (281 bytes)

     Virtual frames (innermost first):
        0 - frame( sp=0x00000003063843f0, unextended_sp=0x00000003063843f0, fp=0x0000000000000000, pc=0x0000000111d277cc)
java.util.concurrent.ConcurrentHashMap.addCount(ConcurrentHashMap.java:2275) - iflt @ bci 135 
     Created vframeArray 0x00007fcbf384e620
DEOPT UNPACKING thread 0x00007fcbf200b000 vframeArray 0x00007fcbf384e620 mode 2
     {method} {0x000000010e8c4e60} &apos;addCount&apos; &apos;(JI)V&apos; in &apos;java/util/concurrent/ConcurrentHashMap&apos; - iflt @ bci 135 sp = 0x0000000306384368
<dependency_failed type='leaf_type' ctxk='java/util/concurrent/ConcurrentHashMap$Node' witness='java/util/concurrent/ConcurrentHashMap$ForwardingNode' stamp='1.862'/>
<dependency_failed type='leaf_type' ctxk='java/util/concurrent/ConcurrentHashMap$Node' witness='java/util/concurrent/ConcurrentHashMap$ForwardingNode' stamp='1.862'/>
<dependency_failed type='leaf_type' ctxk='java/util/concurrent/ConcurrentHashMap$Node' witness='java/util/concurrent/ConcurrentHashMap$ForwardingNode' stamp='1.862'/>
DEOPT PACKING thread 0x00007fcbf200b000 Deoptimized frame (sp=0x0000000306384430 unextended sp=0x0000000306384430, fp=0x0000000000000000, real_fp=0x00000003063844f0, pc=0x0000000111d2c480)
     nmethod   1866  263   !         java.util.concurrent.ConcurrentHashMap::putVal (362 bytes)

     Virtual frames (innermost first):
        0 - frame( sp=0x0000000306384430, unextended_sp=0x0000000306384430, fp=0x0000000000000000, pc=0x0000000111d2c480)
java.util.concurrent.ConcurrentHashMap.putVal(ConcurrentHashMap.java:1070) - invokespecial @ bci 357 
     Created vframeArray 0x00007fcbf3040a20
DEOPT UNPACKING thread 0x00007fcbf200b000 vframeArray 0x00007fcbf3040a20 mode 0
     {method} {0x000000010e8c17d8} &apos;putVal&apos; &apos;(Ljava/lang/Object;Ljava/lang/Object;Z)Ljava/lang/Object;&apos; in &apos;java/util/concurrent/ConcurrentHashMap&apos; - invokespecial @ bci 357 sp = 0x0000000306384418
<uncommon_trap thread='8963' reason='class_check' action='maybe_recompile' compile_id='154' compiler='C2' count='3' state='class_check' stamp='2.081'>
Uncommon trap occurred in java.util.HashMap::getNode (@0x0000000111cf278c) thread=8963 reason=class_check action=maybe_recompile unloaded_class_index=-1
<jvms bci='59' method='java/util/HashMap getNode (ILjava/lang/Object;)Ljava/util/HashMap$Node;' bytes='148' count='5' backedge_count='1' iicount='34' class_check_traps='3'/>
</uncommon_trap>
DEOPT PACKING thread 0x00007fcbf200b000 Compiled frame (sp=0x0000000306383530 unextended sp=0x0000000306383530, fp=0x0000000001494fe6, real_fp=0x0000000306383570, pc=0x0000000111cf278c)
     nmethod   2080  154             java.util.HashMap::getNode (148 bytes)

     Virtual frames (innermost first):
        0 - frame( sp=0x0000000306383530, unextended_sp=0x0000000306383530, fp=0x0000000001494fe6, pc=0x0000000111cf278c)
java.util.HashMap.getNode(HashMap.java:573) - invokevirtual @ bci 59 
     Created vframeArray 0x00007fcbf2040220
DEOPT UNPACKING thread 0x00007fcbf200b000 vframeArray 0x00007fcbf2040220 mode 2
     {method} {0x000000010e7c3628} &apos;getNode&apos; &apos;(ILjava/lang/Object;)Ljava/util/HashMap$Node;&apos; in &apos;java/util/HashMap&apos; - invokevirtual @ bci 59 sp = 0x00000003063834d0
<uncommon_trap thread='8963' reason='class_check' action='maybe_recompile' compile_id='280' compiler='C2' stamp='2.432'>
Uncommon trap occurred in java.net.URL::&lt;init&gt; (@0x0000000111d39810) thread=8963 reason=class_check action=maybe_recompile unloaded_class_index=-1
<jvms bci='504' method='java/net/URL &lt;init&gt; (Ljava/net/URL;Ljava/lang/String;Ljava/net/URLStreamHandler;)V' bytes='543' count='4' backedge_count='10' iicount='4'/>
</uncommon_trap>
DEOPT PACKING thread 0x00007fcbf200b000 Compiled frame (sp=0x0000000306383710 unextended sp=0x0000000306383710, fp=0x0000000000000000, real_fp=0x0000000306383780, pc=0x0000000111d39810)
     nmethod   2431  280   !         java.net.URL::&lt;init&gt; (543 bytes)

     Virtual frames (innermost first):
        0 - frame( sp=0x0000000306383710, unextended_sp=0x0000000306383710, fp=0x0000000000000000, pc=0x0000000111d39810)
java.net.URL.&lt;init&gt;(URL.java:640) - invokevirtual @ bci 504 
     Created vframeArray 0x00007fcbf384e620
DEOPT UNPACKING thread 0x00007fcbf200b000 vframeArray 0x00007fcbf384e620 mode 2
     {method} {0x000000010e753008} &apos;&lt;init&gt;&apos; &apos;(Ljava/net/URL;Ljava/lang/String;Ljava/net/URLStreamHandler;)V&apos; in &apos;java/net/URL&apos; - invokevirtual @ bci 504 sp = 0x0000000306383698
<dependency_failed type='abstract_with_unique_concrete_subtype' ctxk='sun/misc/Resource' x='sun/misc/URLClassPath$FileLoader$1' witness='sun/misc/URLClassPath$JarLoader$2' stamp='2.433'/>
<dependency_failed type='abstract_with_unique_concrete_subtype' ctxk='sun/misc/Resource' x='sun/misc/URLClassPath$FileLoader$1' witness='sun/misc/URLClassPath$JarLoader$2' stamp='2.433'/>
<dependency_failed type='abstract_with_unique_concrete_subtype' ctxk='sun/misc/Resource' x='sun/misc/URLClassPath$FileLoader$1' witness='sun/misc/URLClassPath$JarLoader$2' stamp='2.433'/>
<dependency_failed type='abstract_with_unique_concrete_subtype' ctxk='sun/misc/Resource' x='sun/misc/URLClassPath$FileLoader$1' witness='sun/misc/URLClassPath$JarLoader$2' stamp='2.433'/>
<dependency_failed type='abstract_with_unique_concrete_subtype' ctxk='sun/misc/Resource' x='sun/misc/URLClassPath$FileLoader$1' witness='sun/misc/URLClassPath$JarLoader$2' stamp='2.433'/>
<dependency_failed type='abstract_with_unique_concrete_subtype' ctxk='sun/misc/Resource' x='sun/misc/URLClassPath$FileLoader$1' witness='sun/misc/URLClassPath$JarLoader$2' stamp='2.433'/>
<dependency_failed type='abstract_with_unique_concrete_subtype' ctxk='sun/misc/Resource' x='sun/misc/URLClassPath$FileLoader$1' witness='sun/misc/URLClassPath$JarLoader$2' stamp='2.433'/>
<dependency_failed type='abstract_with_unique_concrete_subtype' ctxk='sun/misc/Resource' x='sun/misc/URLClassPath$FileLoader$1' witness='sun/misc/URLClassPath$JarLoader$2' stamp='2.434'/>
<dependency_failed type='abstract_with_unique_concrete_subtype' ctxk='sun/misc/Resource' x='sun/misc/URLClassPath$FileLoader$1' witness='sun/misc/URLClassPath$JarLoader$2' stamp='2.434'/>
<dependency_failed type='abstract_with_unique_concrete_subtype' ctxk='sun/misc/Resource' x='sun/misc/URLClassPath$FileLoader$1' witness='sun/misc/URLClassPath$JarLoader$2' stamp='2.434'/>
<dependency_failed type='abstract_with_unique_concrete_subtype' ctxk='sun/misc/Resource' x='sun/misc/URLClassPath$FileLoader$1' witness='sun/misc/URLClassPath$JarLoader$2' stamp='2.434'/>
<dependency_failed type='abstract_with_unique_concrete_subtype' ctxk='sun/misc/Resource' x='sun/misc/URLClassPath$FileLoader$1' witness='sun/misc/URLClassPath$JarLoader$2' stamp='2.434'/>
<dependency_failed type='abstract_with_unique_concrete_subtype' ctxk='sun/misc/Resource' x='sun/misc/URLClassPath$FileLoader$1' witness='sun/misc/URLClassPath$JarLoader$2' stamp='2.434'/>
SAVED OOP RESULT 0x0000000795638720 in thread 0x00007fcbf200b000
DEOPT PACKING thread 0x00007fcbf200b000 Deoptimized frame (sp=0x0000000306383850 unextended sp=0x0000000306383850, fp=0x00000007956339e8, real_fp=0x0000000306383890, pc=0x0000000111d2af6c)
     nmethod   2434  300   !         sun.misc.URLClassPath$JarLoader::getResource (85 bytes)

     Virtual frames (innermost first):
        0 - frame( sp=0x0000000306383850, unextended_sp=0x0000000306383850, fp=0x00000007956339e8, pc=0x0000000111d2af6c)
sun.misc.URLClassPath$JarLoader.getResource(URLClassPath.java:1070) - invokevirtual @ bci 54 
     Created vframeArray 0x00007fcbf385d620
DEOPT UNPACKING thread 0x00007fcbf200b000 vframeArray 0x00007fcbf385d620 mode 0
     {method} {0x000000010e928c28} &apos;getResource&apos; &apos;(Ljava/lang/String;Z)Lsun/misc/Resource;&apos; in &apos;sun/misc/URLClassPath$JarLoader&apos; - invokevirtual @ bci 54 sp = 0x0000000306383818
SAVED OOP RESULT 0x0000000795638720 in thread 0x00007fcbf200b000
DEOPT PACKING thread 0x00007fcbf200b000 Deoptimized frame (sp=0x0000000306383890 unextended sp=0x0000000306383890, fp=0x0000000000000001, real_fp=0x00000003063838e0, pc=0x0000000111d34c10)
     nmethod   2435  276             sun.misc.URLClassPath::getResource (83 bytes)

     Virtual frames (innermost first):
        0 - frame( sp=0x0000000306383890, unextended_sp=0x0000000306383890, fp=0x0000000000000001, pc=0x0000000111d34c10)
sun.misc.URLClassPath.getResource(URLClassPath.java:250) - invokevirtual @ bci 62 
     Created vframeArray 0x00007fcbf2040220
DEOPT UNPACKING thread 0x00007fcbf200b000 vframeArray 0x00007fcbf2040220 mode 0
     {method} {0x000000010e8f4d10} &apos;getResource&apos; &apos;(Ljava/lang/String;Z)Lsun/misc/Resource;&apos; in &apos;sun/misc/URLClassPath&apos; - invokevirtual @ bci 62 sp = 0x0000000306383858
SAVED OOP RESULT 0x0000000795638720 in thread 0x00007fcbf200b000
DEOPT PACKING thread 0x00007fcbf200b000 Deoptimized frame (sp=0x00000003063838e0 unextended sp=0x00000003063838e0, fp=0x0000000795632790, real_fp=0x0000000306383910, pc=0x0000000111d441ec)
     nmethod   2435  315   !         java.net.URLClassLoader$1::run (81 bytes)

     Virtual frames (innermost first):
        0 - frame( sp=0x00000003063838e0, unextended_sp=0x00000003063838e0, fp=0x0000000795632790, pc=0x0000000111d441ec)
java.net.URLClassLoader$1.run(URLClassLoader.java:366) - invokevirtual @ bci 26 
     Created vframeArray 0x00007fcbf304d020
DEOPT UNPACKING thread 0x00007fcbf200b000 vframeArray 0x00007fcbf304d020 mode 0
     {method} {0x000000010e924500} &apos;run&apos; &apos;()Ljava/lang/Class;&apos; in &apos;java/net/URLClassLoader$1&apos; - invokevirtual @ bci 26 sp = 0x00000003063838a0
<uncommon_trap thread='8963' reason='class_check' action='maybe_recompile' compile_id='149' compiler='C2' stamp='2.584'>
Uncommon trap occurred in java.util.HashMap::putVal (@0x0000000111cf3e4c) thread=8963 reason=class_check action=maybe_recompile unloaded_class_index=-1
<jvms bci='152' method='java/util/HashMap putVal (ILjava/lang/Object;Ljava/lang/Object;ZZ)Ljava/lang/Object;' bytes='300' count='5' backedge_count='1' iicount='14'/>
</uncommon_trap>
DEOPT PACKING thread 0x00007fcbf200b000 Compiled frame (sp=0x0000000306383270 unextended sp=0x0000000306383270, fp=0x00000007c001cf10, real_fp=0x0000000306383320, pc=0x0000000111cf3e4c)
     nmethod   2584  149             java.util.HashMap::putVal (300 bytes)

     Virtual frames (innermost first):
        0 - frame( sp=0x0000000306383270, unextended_sp=0x0000000306383270, fp=0x00000007c001cf10, pc=0x0000000111cf3e4c)
java.util.HashMap.putVal(HashMap.java:643) - invokevirtual @ bci 152 
     Created vframeArray 0x00007fcbf304da20
DEOPT UNPACKING thread 0x00007fcbf200b000 vframeArray 0x00007fcbf304da20 mode 2
     {method} {0x000000010e7c3a98} &apos;putVal&apos; &apos;(ILjava/lang/Object;Ljava/lang/Object;ZZ)Ljava/lang/Object;&apos; in &apos;java/util/HashMap&apos; - invokevirtual @ bci 152 sp = 0x0000000306383238
<uncommon_trap thread='8963' reason='bimorphic' action='maybe_recompile' compile_id='333' compiler='C2' state='class_check recompiled' stamp='2.589'>
Uncommon trap occurred in java.util.HashMap::getNode (@0x0000000111d5a134) thread=8963 reason=bimorphic action=maybe_recompile unloaded_class_index=-1
<jvms bci='59' method='java/util/HashMap getNode (ILjava/lang/Object;)Ljava/util/HashMap$Node;' bytes='148' count='6' backedge_count='1' iicount='39' decompiles='1' class_check_traps='4'/>
</uncommon_trap>
DEOPT PACKING thread 0x00007fcbf200b000 Compiled frame (sp=0x00000003063834e0 unextended sp=0x00000003063834e0, fp=0x00000000f59c21e1, real_fp=0x0000000306383530, pc=0x0000000111d5a134)
     nmethod   2588  333             java.util.HashMap::getNode (148 bytes)

     Virtual frames (innermost first):
        0 - frame( sp=0x00000003063834e0, unextended_sp=0x00000003063834e0, fp=0x00000000f59c21e1, pc=0x0000000111d5a134)
java.util.HashMap.getNode(HashMap.java:573) - invokevirtual @ bci 59 
     Created vframeArray 0x00007fcbf384e620
DEOPT UNPACKING thread 0x00007fcbf200b000 vframeArray 0x00007fcbf384e620 mode 2
     {method} {0x000000010e7c3628} &apos;getNode&apos; &apos;(ILjava/lang/Object;)Ljava/util/HashMap$Node;&apos; in &apos;java/util/HashMap&apos; - invokevirtual @ bci 59 sp = 0x0000000306383490
<uncommon_trap thread='8963' reason='bimorphic' action='maybe_recompile' compile_id='333' compiler='C2' count='1' state='#15' stamp='2.590'>
Uncommon trap occurred in java.util.HashMap::getNode (@0x0000000111d5a134) thread=8963 reason=bimorphic action=maybe_recompile unloaded_class_index=-1
<jvms bci='59' method='java/util/HashMap getNode (ILjava/lang/Object;)Ljava/util/HashMap$Node;' bytes='148' count='6' backedge_count='1' iicount='39' decompiles='1' class_check_traps='4' bimorphic_traps='1'/>
</uncommon_trap>
DEOPT PACKING thread 0x00007fcbf200b000 Compiled frame (sp=0x00000003063834e0 unextended sp=0x00000003063834e0, fp=0x000000006499bd24, real_fp=0x0000000306383530, pc=0x0000000111d5a134)
     nmethod   2589  333             java.util.HashMap::getNode (148 bytes)

     Virtual frames (innermost first):
        0 - frame( sp=0x00000003063834e0, unextended_sp=0x00000003063834e0, fp=0x000000006499bd24, pc=0x0000000111d5a134)
java.util.HashMap.getNode(HashMap.java:573) - invokevirtual @ bci 59 
     Created vframeArray 0x00007fcbf385ea20
DEOPT UNPACKING thread 0x00007fcbf200b000 vframeArray 0x00007fcbf385ea20 mode 2
     {method} {0x000000010e7c3628} &apos;getNode&apos; &apos;(ILjava/lang/Object;)Ljava/util/HashMap$Node;&apos; in &apos;java/util/HashMap&apos; - invokevirtual @ bci 59 sp = 0x0000000306383490
<uncommon_trap thread='8963' reason='null_check' action='make_not_entrant' compile_id='375' compiler='C2' stamp='2.645'>
Uncommon trap occurred in java.security.SecureClassLoader::getProtectionDomain (@0x0000000111d6a8e4) thread=8963 reason=null_check action=make_not_entrant unloaded_class_index=-1
<jvms bci='23' method='java/security/SecureClassLoader getProtectionDomain (Ljava/security/CodeSource;)Ljava/security/ProtectionDomain;' bytes='114' count='5' backedge_count='1' iicount='10'/>
</uncommon_trap>
DEOPT PACKING thread 0x00007fcbf200b000 Compiled frame (sp=0x00000003063836d0 unextended sp=0x00000003063836d0, fp=0x00000007955c4f88, real_fp=0x0000000306383710, pc=0x0000000111d6a8e4)
     nmethod   2645  375   !         java.security.SecureClassLoader::getProtectionDomain (114 bytes)

     Virtual frames (innermost first):
        0 - frame( sp=0x00000003063836d0, unextended_sp=0x00000003063836d0, fp=0x00000007955c4f88, pc=0x0000000111d6a8e4)
java.security.SecureClassLoader.getProtectionDomain(SecureClassLoader.java:204) - checkcast @ bci 23 
     Created vframeArray 0x00007fcbf384e620
DEOPT UNPACKING thread 0x00007fcbf200b000 vframeArray 0x00007fcbf384e620 mode 2
     {method} {0x000000010e6d8898} &apos;getProtectionDomain&apos; &apos;(Ljava/security/CodeSource;)Ljava/security/ProtectionDomain;&apos; in &apos;java/security/SecureClassLoader&apos; - checkcast @ bci 23 sp = 0x0000000306383678
<uncommon_trap thread='8963' reason='null_check' action='make_not_entrant' compile_id='378' compiler='C2' stamp='2.654'>
Uncommon trap occurred in java.lang.ClassLoader::checkCerts (@0x0000000111d6cca4) thread=8963 reason=null_check action=make_not_entrant unloaded_class_index=-1
<jvms bci='141' method='java/lang/ClassLoader checkCerts (Ljava/lang/String;Ljava/security/CodeSource;)V' bytes='195' count='5' backedge_count='1' iicount='10'/>
</uncommon_trap>
DEOPT PACKING thread 0x00007fcbf200b000 Compiled frame (sp=0x0000000306383630 unextended sp=0x0000000306383630, fp=0x00000007955c4f88, real_fp=0x0000000306383690, pc=0x0000000111d6cca4)
     nmethod   2654  378   !         java.lang.ClassLoader::checkCerts (195 bytes)

     Virtual frames (innermost first):
        0 - frame( sp=0x0000000306383630, unextended_sp=0x0000000306383630, fp=0x00000007955c4f88, pc=0x0000000111d6cca4)
java.lang.ClassLoader.checkCerts(ClassLoader.java:888) - checkcast @ bci 141 
     Created vframeArray 0x00007fcbf385ea20
DEOPT UNPACKING thread 0x00007fcbf200b000 vframeArray 0x00007fcbf385ea20 mode 2
     {method} {0x000000010e6c4e28} &apos;checkCerts&apos; &apos;(Ljava/lang/String;Ljava/security/CodeSource;)V&apos; in &apos;java/lang/ClassLoader&apos; - checkcast @ bci 141 sp = 0x00000003063835f0
<uncommon_trap thread='8963' reason='class_check' action='maybe_recompile' compile_id='280' compiler='C2' count='1' state='class_check' stamp='2.673'>
Uncommon trap occurred in java.net.URL::&lt;init&gt; (@0x0000000111d39810) thread=8963 reason=class_check action=maybe_recompile unloaded_class_index=-1
<jvms bci='504' method='java/net/URL &lt;init&gt; (Ljava/net/URL;Ljava/lang/String;Ljava/net/URLStreamHandler;)V' bytes='543' count='2' backedge_count='10' iicount='4' class_check_traps='1'/>
</uncommon_trap>
DEOPT PACKING thread 0x00007fcbf200b000 Compiled frame (sp=0x00000003063821a0 unextended sp=0x00000003063821a0, fp=0x0000000000000000, real_fp=0x0000000306382210, pc=0x0000000111d39810)
     nmethod   2673  280   !         java.net.URL::&lt;init&gt; (543 bytes)

     Virtual frames (innermost first):
        0 - frame( sp=0x00000003063821a0, unextended_sp=0x00000003063821a0, fp=0x0000000000000000, pc=0x0000000111d39810)
java.net.URL.&lt;init&gt;(URL.java:640) - invokevirtual @ bci 504 
     Created vframeArray 0x00007fcbf384e620
DEOPT UNPACKING thread 0x00007fcbf200b000 vframeArray 0x00007fcbf384e620 mode 2
     {method} {0x000000010e753008} &apos;&lt;init&gt;&apos; &apos;(Ljava/net/URL;Ljava/lang/String;Ljava/net/URLStreamHandler;)V&apos; in &apos;java/net/URL&apos; - invokevirtual @ bci 504 sp = 0x0000000306382128
<uncommon_trap thread='8963' reason='class_check' action='maybe_recompile' compile_id='431' compiler='C2' stamp='2.675'>
Uncommon trap occurred in sun.misc.Resource::getBytes (@0x0000000111d893dc) thread=8963 reason=class_check action=maybe_recompile unloaded_class_index=-1
<jvms bci='10' method='sun/misc/Resource getBytes ()[B' bytes='242' count='5' backedge_count='9' iicount='5' decompiles='1'/>
</uncommon_trap>
DEOPT PACKING thread 0x00007fcbf200b000 Compiled frame (sp=0x00000003063821b0 unextended sp=0x00000003063821b0, fp=0x00000000f80000fe, real_fp=0x0000000306382200, pc=0x0000000111d893dc)
     nmethod   2674  431   !         sun.misc.Resource::getBytes (242 bytes)

     Virtual frames (innermost first):
        0 - frame( sp=0x00000003063821b0, unextended_sp=0x00000003063821b0, fp=0x00000000f80000fe, pc=0x0000000111d893dc)
sun.misc.Resource.getBytes(Resource.java:100) - invokevirtual @ bci 10 
     Created vframeArray 0x00007fcbf385ea20
DEOPT UNPACKING thread 0x00007fcbf200b000 vframeArray 0x00007fcbf385ea20 mode 2
     {method} {0x000000010e98b3c0} &apos;getBytes&apos; &apos;()[B&apos; in &apos;sun/misc/Resource&apos; - invokevirtual @ bci 10 sp = 0x0000000306382158
<uncommon_trap thread='8963' reason='class_check' action='maybe_recompile' compile_id='280' compiler='C2' count='2' state='class_check' stamp='2.683'>
Uncommon trap occurred in java.net.URL::&lt;init&gt; (@0x0000000111d39810) thread=8963 reason=class_check action=maybe_recompile unloaded_class_index=-1
<jvms bci='504' method='java/net/URL &lt;init&gt; (Ljava/net/URL;Ljava/lang/String;Ljava/net/URLStreamHandler;)V' bytes='543' count='2' backedge_count='10' iicount='4' class_check_traps='2'/>
</uncommon_trap>
DEOPT PACKING thread 0x00007fcbf200b000 Compiled frame (sp=0x00000003063821a0 unextended sp=0x00000003063821a0, fp=0x0000000000000000, real_fp=0x0000000306382210, pc=0x0000000111d39810)
     nmethod   2683  280   !         java.net.URL::&lt;init&gt; (543 bytes)

     Virtual frames (innermost first):
        0 - frame( sp=0x00000003063821a0, unextended_sp=0x00000003063821a0, fp=0x0000000000000000, pc=0x0000000111d39810)
java.net.URL.&lt;init&gt;(URL.java:640) - invokevirtual @ bci 504 
     Created vframeArray 0x00007fcbf384e620
DEOPT UNPACKING thread 0x00007fcbf200b000 vframeArray 0x00007fcbf384e620 mode 2
     {method} {0x000000010e753008} &apos;&lt;init&gt;&apos; &apos;(Ljava/net/URL;Ljava/lang/String;Ljava/net/URLStreamHandler;)V&apos; in &apos;java/net/URL&apos; - invokevirtual @ bci 504 sp = 0x0000000306382128
<uncommon_trap thread='8963' reason='class_check' action='maybe_recompile' compile_id='431' compiler='C2' count='1' state='class_check' stamp='2.691'>
Uncommon trap occurred in sun.misc.Resource::getBytes (@0x0000000111d893dc) thread=8963 reason=class_check action=maybe_recompile unloaded_class_index=-1
<jvms bci='10' method='sun/misc/Resource getBytes ()[B' bytes='242' count='5' backedge_count='12' iicount='5' decompiles='1' class_check_traps='1'/>
</uncommon_trap>
DEOPT PACKING thread 0x00007fcbf200b000 Compiled frame (sp=0x00000003063821b0 unextended sp=0x00000003063821b0, fp=0x00000000f80000fe, real_fp=0x0000000306382200, pc=0x0000000111d893dc)
     nmethod   2690  431   !         sun.misc.Resource::getBytes (242 bytes)

     Virtual frames (innermost first):
        0 - frame( sp=0x00000003063821b0, unextended_sp=0x00000003063821b0, fp=0x00000000f80000fe, pc=0x0000000111d893dc)
sun.misc.Resource.getBytes(Resource.java:100) - invokevirtual @ bci 10 
     Created vframeArray 0x00007fcbf2040220
DEOPT UNPACKING thread 0x00007fcbf200b000 vframeArray 0x00007fcbf2040220 mode 2
     {method} {0x000000010e98b3c0} &apos;getBytes&apos; &apos;()[B&apos; in &apos;sun/misc/Resource&apos; - invokevirtual @ bci 10 sp = 0x0000000306382158
<uncommon_trap thread='8963' reason='class_check' action='maybe_recompile' compile_id='280' compiler='C2' count='3' state='class_check' stamp='2.724'>
Uncommon trap occurred in java.net.URL::&lt;init&gt; (@0x0000000111d39810) thread=8963 reason=class_check action=maybe_recompile unloaded_class_index=-1
<jvms bci='504' method='java/net/URL &lt;init&gt; (Ljava/net/URL;Ljava/lang/String;Ljava/net/URLStreamHandler;)V' bytes='543' count='2' backedge_count='10' iicount='4' class_check_traps='3'/>
</uncommon_trap>
DEOPT PACKING thread 0x00007fcbf200b000 Compiled frame (sp=0x00000003063821f0 unextended sp=0x00000003063821f0, fp=0x0000000000000000, real_fp=0x0000000306382260, pc=0x0000000111d39810)
     nmethod   2724  280   !         java.net.URL::&lt;init&gt; (543 bytes)

     Virtual frames (innermost first):
        0 - frame( sp=0x00000003063821f0, unextended_sp=0x00000003063821f0, fp=0x0000000000000000, pc=0x0000000111d39810)
java.net.URL.&lt;init&gt;(URL.java:640) - invokevirtual @ bci 504 
     Created vframeArray 0x00007fcbf204ac20
DEOPT UNPACKING thread 0x00007fcbf200b000 vframeArray 0x00007fcbf204ac20 mode 2
     {method} {0x000000010e753008} &apos;&lt;init&gt;&apos; &apos;(Ljava/net/URL;Ljava/lang/String;Ljava/net/URLStreamHandler;)V&apos; in &apos;java/net/URL&apos; - invokevirtual @ bci 504 sp = 0x0000000306382178
<uncommon_trap thread='8963' reason='class_check' action='maybe_recompile' compile_id='431' compiler='C2' count='2' state='class_check' stamp='2.746'>
Uncommon trap occurred in sun.misc.Resource::getBytes (@0x0000000111d893dc) thread=8963 reason=class_check action=maybe_recompile unloaded_class_index=-1
<jvms bci='10' method='sun/misc/Resource getBytes ()[B' bytes='242' count='5' backedge_count='14' iicount='5' decompiles='1' class_check_traps='2'/>
</uncommon_trap>
DEOPT PACKING thread 0x00007fcbf200b000 Compiled frame (sp=0x0000000306382250 unextended sp=0x0000000306382250, fp=0x00000000f80000fe, real_fp=0x00000003063822a0, pc=0x0000000111d893dc)
     nmethod   2745  431   !         sun.misc.Resource::getBytes (242 bytes)

     Virtual frames (innermost first):
        0 - frame( sp=0x0000000306382250, unextended_sp=0x0000000306382250, fp=0x00000000f80000fe, pc=0x0000000111d893dc)
sun.misc.Resource.getBytes(Resource.java:100) - invokevirtual @ bci 10 
     Created vframeArray 0x00007fcbf2040220
DEOPT UNPACKING thread 0x00007fcbf200b000 vframeArray 0x00007fcbf2040220 mode 2
     {method} {0x000000010e98b3c0} &apos;getBytes&apos; &apos;()[B&apos; in &apos;sun/misc/Resource&apos; - invokevirtual @ bci 10 sp = 0x00000003063821f8
<uncommon_trap thread='8963' reason='class_check' action='maybe_recompile' compile_id='431' compiler='C2' count='3' state='class_check' stamp='2.876'>
Uncommon trap occurred in sun.misc.Resource::getBytes (@0x0000000111d893dc) thread=8963 reason=class_check action=maybe_recompile unloaded_class_index=-1
<jvms bci='10' method='sun/misc/Resource getBytes ()[B' bytes='242' count='5' backedge_count='16' iicount='5' decompiles='1' class_check_traps='3'/>
</uncommon_trap>
DEOPT PACKING thread 0x00007fcbf200b000 Compiled frame (sp=0x0000000306382250 unextended sp=0x0000000306382250, fp=0x00000000f80000fe, real_fp=0x00000003063822a0, pc=0x0000000111d893dc)
     nmethod   2876  431   !         sun.misc.Resource::getBytes (242 bytes)

     Virtual frames (innermost first):
        0 - frame( sp=0x0000000306382250, unextended_sp=0x0000000306382250, fp=0x00000000f80000fe, pc=0x0000000111d893dc)
sun.misc.Resource.getBytes(Resource.java:100) - invokevirtual @ bci 10 
     Created vframeArray 0x00007fcbf304ec20
DEOPT UNPACKING thread 0x00007fcbf200b000 vframeArray 0x00007fcbf304ec20 mode 2
     {method} {0x000000010e98b3c0} &apos;getBytes&apos; &apos;()[B&apos; in &apos;sun/misc/Resource&apos; - invokevirtual @ bci 10 sp = 0x00000003063821f8
<uncommon_trap thread='8963' reason='bimorphic' action='maybe_recompile' compile_id='333' compiler='C2' count='2' state='#15' stamp='3.537'>
Uncommon trap occurred in java.util.HashMap::getNode (@0x0000000111d5a134) thread=8963 reason=bimorphic action=maybe_recompile unloaded_class_index=-1
<jvms bci='59' method='java/util/HashMap getNode (ILjava/lang/Object;)Ljava/util/HashMap$Node;' bytes='148' count='6' backedge_count='1' iicount='39' decompiles='1' class_check_traps='4' bimorphic_traps='2'/>
</uncommon_trap>
DEOPT PACKING thread 0x00007fcbf200b000 Compiled frame (sp=0x0000000306383680 unextended sp=0x0000000306383680, fp=0x00000000f59c21e1, real_fp=0x00000003063836d0, pc=0x0000000111d5a134)
     nmethod   3536  333             java.util.HashMap::getNode (148 bytes)

     Virtual frames (innermost first):
        0 - frame( sp=0x0000000306383680, unextended_sp=0x0000000306383680, fp=0x00000000f59c21e1, pc=0x0000000111d5a134)
java.util.HashMap.getNode(HashMap.java:573) - invokevirtual @ bci 59 
     Created vframeArray 0x00007fcbf4071020
DEOPT UNPACKING thread 0x00007fcbf200b000 vframeArray 0x00007fcbf4071020 mode 2
     {method} {0x000000010e7c3628} &apos;getNode&apos; &apos;(ILjava/lang/Object;)Ljava/util/HashMap$Node;&apos; in &apos;java/util/HashMap&apos; - invokevirtual @ bci 59 sp = 0x0000000306383630
<uncommon_trap thread='8963' reason='bimorphic' action='maybe_recompile' compile_id='333' compiler='C2' count='3' state='#15' stamp='3.537'>
Uncommon trap occurred in java.util.HashMap::getNode (@0x0000000111d5a134) thread=8963 reason=bimorphic action=maybe_recompile unloaded_class_index=-1
<jvms bci='59' method='java/util/HashMap getNode (ILjava/lang/Object;)Ljava/util/HashMap$Node;' bytes='148' count='6' backedge_count='1' iicount='39' decompiles='1' class_check_traps='4' bimorphic_traps='3'/>
</uncommon_trap>
DEOPT PACKING thread 0x00007fcbf200b000 Compiled frame (sp=0x0000000306383680 unextended sp=0x0000000306383680, fp=0x000000006499bd24, real_fp=0x00000003063836d0, pc=0x0000000111d5a134)
     nmethod   3537  333             java.util.HashMap::getNode (148 bytes)

     Virtual frames (innermost first):
        0 - frame( sp=0x0000000306383680, unextended_sp=0x0000000306383680, fp=0x000000006499bd24, pc=0x0000000111d5a134)
java.util.HashMap.getNode(HashMap.java:573) - invokevirtual @ bci 59 
     Created vframeArray 0x00007fcbf385e620
DEOPT UNPACKING thread 0x00007fcbf200b000 vframeArray 0x00007fcbf385e620 mode 2
     {method} {0x000000010e7c3628} &apos;getNode&apos; &apos;(ILjava/lang/Object;)Ljava/util/HashMap$Node;&apos; in &apos;java/util/HashMap&apos; - invokevirtual @ bci 59 sp = 0x0000000306383630
<uncommon_trap thread='8963' reason='bimorphic' action='maybe_recompile' compile_id='555' compiler='C2' stamp='3.575'>
Uncommon trap occurred in java.util.concurrent.ConcurrentHashMap::get (@0x0000000111dc8ae0) thread=8963 reason=bimorphic action=maybe_recompile unloaded_class_index=-1
<jvms bci='1' method='java/util/concurrent/ConcurrentHashMap get (Ljava/lang/Object;)Ljava/lang/Object;' bytes='162' count='5' backedge_count='1' iicount='22'/>
</uncommon_trap>
DEOPT PACKING thread 0x00007fcbf200b000 Compiled frame (sp=0x00000003063846c0 unextended sp=0x00000003063846c0, fp=0x00000007956bedd8, real_fp=0x0000000306384700, pc=0x0000000111dc8ae0)
     nmethod   3575  555             java.util.concurrent.ConcurrentHashMap::get (162 bytes)

     Virtual frames (innermost first):
        0 - frame( sp=0x00000003063846c0, unextended_sp=0x00000003063846c0, fp=0x00000007956bedd8, pc=0x0000000111dc8ae0)
java.util.concurrent.ConcurrentHashMap.get(ConcurrentHashMap.java:936) - invokevirtual @ bci 1 
     Created vframeArray 0x00007fcbf304ec20
DEOPT UNPACKING thread 0x00007fcbf200b000 vframeArray 0x00007fcbf304ec20 mode 2
     {method} {0x000000010e8c11e8} &apos;get&apos; &apos;(Ljava/lang/Object;)Ljava/lang/Object;&apos; in &apos;java/util/concurrent/ConcurrentHashMap&apos; - invokevirtual @ bci 1 sp = 0x0000000306384670
<uncommon_trap thread='8963' reason='bimorphic' action='maybe_recompile' compile_id='555' compiler='C2' count='1' state='#7' stamp='3.647'>
Uncommon trap occurred in java.util.concurrent.ConcurrentHashMap::get (@0x0000000111dc8ae0) thread=8963 reason=bimorphic action=maybe_recompile unloaded_class_index=-1
<jvms bci='1' method='java/util/concurrent/ConcurrentHashMap get (Ljava/lang/Object;)Ljava/lang/Object;' bytes='162' count='5' backedge_count='1' iicount='22' bimorphic_traps='1'/>
</uncommon_trap>
DEOPT PACKING thread 0x00007fcbf200b000 Compiled frame (sp=0x0000000306384a70 unextended sp=0x0000000306384a70, fp=0x00000007956c4d60, real_fp=0x0000000306384ab0, pc=0x0000000111dc8ae0)
     nmethod   3646  555             java.util.concurrent.ConcurrentHashMap::get (162 bytes)

     Virtual frames (innermost first):
        0 - frame( sp=0x0000000306384a70, unextended_sp=0x0000000306384a70, fp=0x00000007956c4d60, pc=0x0000000111dc8ae0)
java.util.concurrent.ConcurrentHashMap.get(ConcurrentHashMap.java:936) - invokevirtual @ bci 1 
     Created vframeArray 0x00007fcbf385e620
DEOPT UNPACKING thread 0x00007fcbf200b000 vframeArray 0x00007fcbf385e620 mode 2
     {method} {0x000000010e8c11e8} &apos;get&apos; &apos;(Ljava/lang/Object;)Ljava/lang/Object;&apos; in &apos;java/util/concurrent/ConcurrentHashMap&apos; - invokevirtual @ bci 1 sp = 0x0000000306384a20
<uncommon_trap thread='8963' reason='bimorphic' action='maybe_recompile' compile_id='555' compiler='C2' count='2' state='#7' stamp='3.660'>
Uncommon trap occurred in java.util.concurrent.ConcurrentHashMap::get (@0x0000000111dc8ae0) thread=8963 reason=bimorphic action=maybe_recompile unloaded_class_index=-1
<jvms bci='1' method='java/util/concurrent/ConcurrentHashMap get (Ljava/lang/Object;)Ljava/lang/Object;' bytes='162' count='5' backedge_count='1' iicount='22' bimorphic_traps='2'/>
</uncommon_trap>
DEOPT PACKING thread 0x00007fcbf200b000 Compiled frame (sp=0x00000003063844b0 unextended sp=0x00000003063844b0, fp=0x00000007956bedd8, real_fp=0x00000003063844f0, pc=0x0000000111dc8ae0)
     nmethod   3659  555             java.util.concurrent.ConcurrentHashMap::get (162 bytes)

     Virtual frames (innermost first):
        0 - frame( sp=0x00000003063844b0, unextended_sp=0x00000003063844b0, fp=0x00000007956bedd8, pc=0x0000000111dc8ae0)
java.util.concurrent.ConcurrentHashMap.get(ConcurrentHashMap.java:936) - invokevirtual @ bci 1 
     Created vframeArray 0x00007fcbf3861c20
DEOPT UNPACKING thread 0x00007fcbf200b000 vframeArray 0x00007fcbf3861c20 mode 2
     {method} {0x000000010e8c11e8} &apos;get&apos; &apos;(Ljava/lang/Object;)Ljava/lang/Object;&apos; in &apos;java/util/concurrent/ConcurrentHashMap&apos; - invokevirtual @ bci 1 sp = 0x0000000306384460
<uncommon_trap thread='8963' reason='bimorphic' action='maybe_recompile' compile_id='555' compiler='C2' count='3' state='#7' stamp='3.674'>
Uncommon trap occurred in java.util.concurrent.ConcurrentHashMap::get (@0x0000000111dc8ae0) thread=8963 reason=bimorphic action=maybe_recompile unloaded_class_index=-1
<jvms bci='1' method='java/util/concurrent/ConcurrentHashMap get (Ljava/lang/Object;)Ljava/lang/Object;' bytes='162' count='5' backedge_count='1' iicount='22' bimorphic_traps='3'/>
</uncommon_trap>
DEOPT PACKING thread 0x00007fcbf200b000 Compiled frame (sp=0x0000000306384350 unextended sp=0x0000000306384350, fp=0x00000007956bedd8, real_fp=0x0000000306384390, pc=0x0000000111dc8ae0)
     nmethod   3674  555             java.util.concurrent.ConcurrentHashMap::get (162 bytes)

     Virtual frames (innermost first):
        0 - frame( sp=0x0000000306384350, unextended_sp=0x0000000306384350, fp=0x00000007956bedd8, pc=0x0000000111dc8ae0)
java.util.concurrent.ConcurrentHashMap.get(ConcurrentHashMap.java:936) - invokevirtual @ bci 1 
     Created vframeArray 0x00007fcbf4071020
DEOPT UNPACKING thread 0x00007fcbf200b000 vframeArray 0x00007fcbf4071020 mode 2
     {method} {0x000000010e8c11e8} &apos;get&apos; &apos;(Ljava/lang/Object;)Ljava/lang/Object;&apos; in &apos;java/util/concurrent/ConcurrentHashMap&apos; - invokevirtual @ bci 1 sp = 0x0000000306384300
<uncommon_trap thread='8963' reason='uninitialized' action='reinterpret' compile_id='610' compiler='C2' stamp='3.866'>
Uncommon trap occurred in java.lang.invoke.LambdaForm::argument (@0x0000000111dda5e8) thread=8963 reason=uninitialized action=reinterpret unloaded_class_index=-1
<jvms bci='16' method='java/lang/invoke/LambdaForm argument (ILjava/lang/invoke/LambdaForm$BasicType;)Ljava/lang/invoke/LambdaForm$Name;' bytes='27' count='5' backedge_count='1' iicount='10'/>
</uncommon_trap>
DEOPT PACKING thread 0x00007fcbf200b000 Compiled frame (sp=0x0000000306383a50 unextended sp=0x0000000306383a50, fp=0x0000000000000000, real_fp=0x0000000306383a80, pc=0x0000000111dda5e8)
     nmethod   3866  610             java.lang.invoke.LambdaForm::argument (27 bytes)

     Virtual frames (innermost first):
        0 - frame( sp=0x0000000306383a50, unextended_sp=0x0000000306383a50, fp=0x0000000000000000, pc=0x0000000111dda5e8)
java.lang.invoke.LambdaForm.argument(LambdaForm.java:1649) - getstatic @ bci 16 
     Created vframeArray 0x00007fcbf4072420
DEOPT UNPACKING thread 0x00007fcbf200b000 vframeArray 0x00007fcbf4072420 mode 2
     {method} {0x000000010e724a10} &apos;argument&apos; &apos;(ILjava/lang/invoke/LambdaForm$BasicType;)Ljava/lang/invoke/LambdaForm$Name;&apos; in &apos;java/lang/invoke/LambdaForm&apos; - getstatic @ bci 16 sp = 0x0000000306383a30
<uncommon_trap thread='8963' reason='uninitialized' action='reinterpret' compile_id='609' compiler='C2' stamp='3.868'>
Uncommon trap occurred in java.lang.invoke.LambdaForm::normalize (@0x0000000111de3858) thread=8963 reason=uninitialized action=reinterpret unloaded_class_index=-1
<jvms bci='176' method='java/lang/invoke/LambdaForm normalize ()I' bytes='322' count='3' backedge_count='9' iicount='3'/>
</uncommon_trap>
DEOPT PACKING thread 0x00007fcbf200b000 Compiled frame (sp=0x0000000306383900 unextended sp=0x0000000306383900, fp=0x00000007956c8eb8, real_fp=0x0000000306383990, pc=0x0000000111de3858)
     nmethod   3867  609             java.lang.invoke.LambdaForm::normalize (322 bytes)

     Virtual frames (innermost first):
        0 - frame( sp=0x0000000306383900, unextended_sp=0x0000000306383900, fp=0x00000007956c8eb8, pc=0x0000000111de3858)
java.lang.invoke.LambdaForm.normalize(LambdaForm.java:431) - getstatic @ bci 176 
     Created vframeArray 0x00007fcbf3051a20
DEOPT UNPACKING thread 0x00007fcbf200b000 vframeArray 0x00007fcbf3051a20 mode 2
     {method} {0x000000010e720d08} &apos;normalize&apos; &apos;()I&apos; in &apos;java/lang/invoke/LambdaForm&apos; - getstatic @ bci 176 sp = 0x0000000306383900
<uncommon_trap thread='8963' reason='uninitialized' action='reinterpret' compile_id='629' compiler='C2' count='1' stamp='3.909'>
Uncommon trap occurred in java.lang.invoke.LambdaForm::argument (@0x0000000111de48a4) thread=8963 reason=uninitialized action=reinterpret unloaded_class_index=-1
<jvms bci='16' method='java/lang/invoke/LambdaForm argument (ILjava/lang/invoke/LambdaForm$BasicType;)Ljava/lang/invoke/LambdaForm$Name;' bytes='27' count='5' backedge_count='1' iicount='18' decompiles='1' uninitialized_traps='1'/>
</uncommon_trap>
DEOPT PACKING thread 0x00007fcbf200b000 Compiled frame (sp=0x0000000306383a50 unextended sp=0x0000000306383a50, fp=0x0000000000000001, real_fp=0x0000000306383a80, pc=0x0000000111de48a4)
     nmethod   3908  629             java.lang.invoke.LambdaForm::argument (27 bytes)

     Virtual frames (innermost first):
        0 - frame( sp=0x0000000306383a50, unextended_sp=0x0000000306383a50, fp=0x0000000000000001, pc=0x0000000111de48a4)
java.lang.invoke.LambdaForm.argument(LambdaForm.java:1649) - getstatic @ bci 16 
     Created vframeArray 0x00007fcbf2052620
DEOPT UNPACKING thread 0x00007fcbf200b000 vframeArray 0x00007fcbf2052620 mode 2
     {method} {0x000000010e724a10} &apos;argument&apos; &apos;(ILjava/lang/invoke/LambdaForm$BasicType;)Ljava/lang/invoke/LambdaForm$Name;&apos; in &apos;java/lang/invoke/LambdaForm&apos; - getstatic @ bci 16 sp = 0x0000000306383a30
<uncommon_trap thread='8963' reason='uninitialized' action='reinterpret' compile_id='631' compiler='C2' stamp='3.934'>
Uncommon trap occurred in java.lang.invoke.LambdaForm::internArgument (@0x0000000111de67bc) thread=8963 reason=uninitialized action=reinterpret unloaded_class_index=-1
<jvms bci='0' method='java/lang/invoke/LambdaForm internArgument (Ljava/lang/invoke/LambdaForm$Name;)Ljava/lang/invoke/LambdaForm$Name;' bytes='84' count='5' backedge_count='1' iicount='10'/>
</uncommon_trap>
DEOPT PACKING thread 0x00007fcbf200b000 Compiled frame (sp=0x00000003063838d0 unextended sp=0x00000003063838d0, fp=0x00000007956c6ff8, real_fp=0x00000003063838f0, pc=0x0000000111de67bc)
     nmethod   3934  631             java.lang.invoke.LambdaForm::internArgument (84 bytes)

     Virtual frames (innermost first):
        0 - frame( sp=0x00000003063838d0, unextended_sp=0x00000003063838d0, fp=0x00000007956c6ff8, pc=0x0000000111de67bc)
java.lang.invoke.LambdaForm.internArgument(LambdaForm.java:1652) - getstatic @ bci 0 
     Created vframeArray 0x00007fcbf3051a20
DEOPT UNPACKING thread 0x00007fcbf200b000 vframeArray 0x00007fcbf3051a20 mode 2
     {method} {0x000000010e724b18} &apos;internArgument&apos; &apos;(Ljava/lang/invoke/LambdaForm$Name;)Ljava/lang/invoke/LambdaForm$Name;&apos; in &apos;java/lang/invoke/LambdaForm&apos; - getstatic @ bci 0 sp = 0x00000003063838a0
<uncommon_trap thread='8963' reason='uninitialized' action='reinterpret' compile_id='630' compiler='C2' count='1' stamp='3.935'>
Uncommon trap occurred in java.lang.invoke.LambdaForm::normalize (@0x0000000111dea020) thread=8963 reason=uninitialized action=reinterpret unloaded_class_index=-1
<jvms bci='176' method='java/lang/invoke/LambdaForm normalize ()I' bytes='322' count='4' backedge_count='9' iicount='6' decompiles='1' uninitialized_traps='1'/>
</uncommon_trap>
DEOPT PACKING thread 0x00007fcbf200b000 Compiled frame (sp=0x0000000306383900 unextended sp=0x0000000306383900, fp=0x00000007956ca328, real_fp=0x0000000306383990, pc=0x0000000111dea020)
     nmethod   3935  630             java.lang.invoke.LambdaForm::normalize (322 bytes)

     Virtual frames (innermost first):
        0 - frame( sp=0x0000000306383900, unextended_sp=0x0000000306383900, fp=0x00000007956ca328, pc=0x0000000111dea020)
java.lang.invoke.LambdaForm.normalize(LambdaForm.java:431) - getstatic @ bci 176 
     Created vframeArray 0x00007fcbf3059020
DEOPT UNPACKING thread 0x00007fcbf200b000 vframeArray 0x00007fcbf3059020 mode 2
     {method} {0x000000010e720d08} &apos;normalize&apos; &apos;()I&apos; in &apos;java/lang/invoke/LambdaForm&apos; - getstatic @ bci 176 sp = 0x0000000306383900
<uncommon_trap thread='8963' reason='uninitialized' action='reinterpret' compile_id='638' compiler='C2' count='2' stamp='3.947'>
Uncommon trap occurred in java.lang.invoke.LambdaForm::argument (@0x0000000111de932c) thread=8963 reason=uninitialized action=reinterpret unloaded_class_index=-1
<jvms bci='16' method='java/lang/invoke/LambdaForm argument (ILjava/lang/invoke/LambdaForm$BasicType;)Ljava/lang/invoke/LambdaForm$Name;' bytes='27' count='5' backedge_count='1' iicount='26' decompiles='2' uninitialized_traps='2'/>
</uncommon_trap>
DEOPT PACKING thread 0x00007fcbf200b000 Compiled frame (sp=0x0000000306383a50 unextended sp=0x0000000306383a50, fp=0x0000000000000000, real_fp=0x0000000306383a80, pc=0x0000000111de932c)
     nmethod   3947  638             java.lang.invoke.LambdaForm::argument (27 bytes)

     Virtual frames (innermost first):
        0 - frame( sp=0x0000000306383a50, unextended_sp=0x0000000306383a50, fp=0x0000000000000000, pc=0x0000000111de932c)
java.lang.invoke.LambdaForm.argument(LambdaForm.java:1649) - getstatic @ bci 16 
     Created vframeArray 0x00007fcbf4071020
DEOPT UNPACKING thread 0x00007fcbf200b000 vframeArray 0x00007fcbf4071020 mode 2
     {method} {0x000000010e724a10} &apos;argument&apos; &apos;(ILjava/lang/invoke/LambdaForm$BasicType;)Ljava/lang/invoke/LambdaForm$Name;&apos; in &apos;java/lang/invoke/LambdaForm&apos; - getstatic @ bci 16 sp = 0x0000000306383a30
<uncommon_trap thread='8963' reason='uninitialized' action='reinterpret' compile_id='643' compiler='C2' stamp='3.963'>
Uncommon trap occurred in java.lang.invoke.LambdaForm::fixDebugName (@0x0000000111dec0fc) thread=8963 reason=uninitialized action=reinterpret unloaded_class_index=-1
<jvms bci='0' method='java/lang/invoke/LambdaForm fixDebugName (Ljava/lang/String;)Ljava/lang/String;' bytes='236' count='5' backedge_count='1' iicount='10'/>
</uncommon_trap>
DEOPT PACKING thread 0x00007fcbf200b000 Compiled frame (sp=0x00000003063839c0 unextended sp=0x00000003063839c0, fp=0x00000007956cad30, real_fp=0x00000003063839e0, pc=0x0000000111dec0fc)
     nmethod   3962  643   !         java.lang.invoke.LambdaForm::fixDebugName (236 bytes)

     Virtual frames (innermost first):
        0 - frame( sp=0x00000003063839c0, unextended_sp=0x00000003063839c0, fp=0x00000007956cad30, pc=0x0000000111dec0fc)
java.lang.invoke.LambdaForm.fixDebugName(LambdaForm.java:335) - getstatic @ bci 0 
     Created vframeArray 0x00007fcbf4072420
DEOPT UNPACKING thread 0x00007fcbf200b000 vframeArray 0x00007fcbf4072420 mode 2
     {method} {0x000000010e7206e0} &apos;fixDebugName&apos; &apos;(Ljava/lang/String;)Ljava/lang/String;&apos; in &apos;java/lang/invoke/LambdaForm&apos; - getstatic @ bci 0 sp = 0x0000000306383950
<dependency_failed type='abstract_with_unique_concrete_subtype' ctxk='java/lang/invoke/MethodHandle' x='java/lang/invoke/DirectMethodHandle' witness='java/lang/invoke/SimpleMethodHandle' stamp='3.992'/>
<dependency_failed type='abstract_with_unique_concrete_subtype' ctxk='java/lang/invoke/MethodHandle' x='java/lang/invoke/DirectMethodHandle' witness='java/lang/invoke/SimpleMethodHandle' stamp='3.992'/>
<dependency_failed type='abstract_with_unique_concrete_subtype' ctxk='java/lang/invoke/MethodHandle' x='java/lang/invoke/DirectMethodHandle' witness='java/lang/invoke/SimpleMethodHandle' stamp='3.992'/>
<uncommon_trap thread='8963' reason='class_check' action='maybe_recompile' compile_id='645' compiler='C2' stamp='4.123'>
Uncommon trap occurred in java.lang.invoke.MemberName::getMethodType (@0x0000000111de8800) thread=8963 reason=class_check action=maybe_recompile unloaded_class_index=-1
<jvms bci='39' method='java/lang/invoke/MemberName getMethodType ()Ljava/lang/invoke/MethodType;' bytes='208' count='5' backedge_count='1' iicount='10'/>
</uncommon_trap>
DEOPT PACKING thread 0x00007fcbf200b000 Compiled frame (sp=0x0000000306381280 unextended sp=0x0000000306381280, fp=0x00000007957756a8, real_fp=0x00000003063812b0, pc=0x0000000111de8800)
     nmethod   4123  645   !         java.lang.invoke.MemberName::getMethodType (208 bytes)

     Virtual frames (innermost first):
        0 - frame( sp=0x0000000306381280, unextended_sp=0x0000000306381280, fp=0x00000007957756a8, pc=0x0000000111de8800)
java.lang.invoke.MemberName.getMethodType(MemberName.java:135) - instanceof @ bci 39 
     Created vframeArray 0x00007fcbf3861c20
DEOPT UNPACKING thread 0x00007fcbf200b000 vframeArray 0x00007fcbf3861c20 mode 2
     {method} {0x000000010e7148a8} &apos;getMethodType&apos; &apos;()Ljava/lang/invoke/MethodType;&apos; in &apos;java/lang/invoke/MemberName&apos; - instanceof @ bci 39 sp = 0x0000000306381220
<uncommon_trap thread='8963' reason='uninitialized' action='reinterpret' compile_id='683' compiler='C2' count='3' stamp='4.161'>
Uncommon trap occurred in java.lang.invoke.LambdaForm::argument (@0x0000000111dfa068) thread=8963 reason=uninitialized action=reinterpret unloaded_class_index=-1
<jvms bci='16' method='java/lang/invoke/LambdaForm argument (ILjava/lang/invoke/LambdaForm$BasicType;)Ljava/lang/invoke/LambdaForm$Name;' bytes='27' count='5' backedge_count='1' iicount='34' decompiles='3' uninitialized_traps='3'/>
</uncommon_trap>
DEOPT PACKING thread 0x00007fcbf200b000 Compiled frame (sp=0x0000000306381040 unextended sp=0x0000000306381040, fp=0x0000000000000001, real_fp=0x0000000306381070, pc=0x0000000111dfa068)
     nmethod   4160  683             java.lang.invoke.LambdaForm::argument (27 bytes)

     Virtual frames (innermost first):
        0 - frame( sp=0x0000000306381040, unextended_sp=0x0000000306381040, fp=0x0000000000000001, pc=0x0000000111dfa068)
java.lang.invoke.LambdaForm.argument(LambdaForm.java:1649) - getstatic @ bci 16 
     Created vframeArray 0x00007fcbf4072420
DEOPT UNPACKING thread 0x00007fcbf200b000 vframeArray 0x00007fcbf4072420 mode 2
     {method} {0x000000010e724a10} &apos;argument&apos; &apos;(ILjava/lang/invoke/LambdaForm$BasicType;)Ljava/lang/invoke/LambdaForm$Name;&apos; in &apos;java/lang/invoke/LambdaForm&apos; - getstatic @ bci 16 sp = 0x0000000306381020
<uncommon_trap thread='8963' reason='uninitialized' action='reinterpret' compile_id='644' compiler='C2' count='2' stamp='4.179'>
Uncommon trap occurred in java.lang.invoke.LambdaForm::normalize (@0x0000000111df0ae8) thread=8963 reason=uninitialized action=reinterpret unloaded_class_index=-1
<jvms bci='176' method='java/lang/invoke/LambdaForm normalize ()I' bytes='322' count='4' backedge_count='7' iicount='9' decompiles='2' uninitialized_traps='2'/>
</uncommon_trap>
DEOPT PACKING thread 0x00007fcbf200b000 Compiled frame (sp=0x0000000306380f60 unextended sp=0x0000000306380f60, fp=0x0000000795776e68, real_fp=0x0000000306380ff0, pc=0x0000000111df0ae8)
     nmethod   4179  644             java.lang.invoke.LambdaForm::normalize (322 bytes)

     Virtual frames (innermost first):
        0 - frame( sp=0x0000000306380f60, unextended_sp=0x0000000306380f60, fp=0x0000000795776e68, pc=0x0000000111df0ae8)
java.lang.invoke.LambdaForm.normalize(LambdaForm.java:431) - getstatic @ bci 176 
     Created vframeArray 0x00007fcbf3051a20
DEOPT UNPACKING thread 0x00007fcbf200b000 vframeArray 0x00007fcbf3051a20 mode 2
     {method} {0x000000010e720d08} &apos;normalize&apos; &apos;()I&apos; in &apos;java/lang/invoke/LambdaForm&apos; - getstatic @ bci 176 sp = 0x0000000306380f60
<uncommon_trap thread='8963' reason='class_check' action='maybe_recompile' compile_id='645' compiler='C2' count='1' state='class_check' stamp='4.325'>
Uncommon trap occurred in java.lang.invoke.MemberName::getMethodType (@0x0000000111de8800) thread=8963 reason=class_check action=maybe_recompile unloaded_class_index=-1
<jvms bci='39' method='java/lang/invoke/MemberName getMethodType ()Ljava/lang/invoke/MethodType;' bytes='208' count='5' backedge_count='1' iicount='10' class_check_traps='1'/>
</uncommon_trap>
DEOPT PACKING thread 0x00007fcbf200b000 Compiled frame (sp=0x0000000306381280 unextended sp=0x0000000306381280, fp=0x00000007957757b0, real_fp=0x00000003063812b0, pc=0x0000000111de8800)
     nmethod   4325  645   !         java.lang.invoke.MemberName::getMethodType (208 bytes)

     Virtual frames (innermost first):
        0 - frame( sp=0x0000000306381280, unextended_sp=0x0000000306381280, fp=0x00000007957757b0, pc=0x0000000111de8800)
java.lang.invoke.MemberName.getMethodType(MemberName.java:135) - instanceof @ bci 39 
     Created vframeArray 0x00007fcbf3863620
DEOPT UNPACKING thread 0x00007fcbf200b000 vframeArray 0x00007fcbf3863620 mode 2
     {method} {0x000000010e7148a8} &apos;getMethodType&apos; &apos;()Ljava/lang/invoke/MethodType;&apos; in &apos;java/lang/invoke/MemberName&apos; - instanceof @ bci 39 sp = 0x0000000306381220
<uncommon_trap thread='8963' reason='class_check' action='maybe_recompile' compile_id='645' compiler='C2' count='2' state='class_check' stamp='4.326'>
Uncommon trap occurred in java.lang.invoke.MemberName::getMethodType (@0x0000000111de8800) thread=8963 reason=class_check action=maybe_recompile unloaded_class_index=-1
<jvms bci='39' method='java/lang/invoke/MemberName getMethodType ()Ljava/lang/invoke/MethodType;' bytes='208' count='5' backedge_count='1' iicount='10' class_check_traps='2'/>
</uncommon_trap>
DEOPT PACKING thread 0x00007fcbf200b000 Compiled frame (sp=0x0000000306381280 unextended sp=0x0000000306381280, fp=0x00000007957758c8, real_fp=0x00000003063812b0, pc=0x0000000111de8800)
     nmethod   4326  645   !         java.lang.invoke.MemberName::getMethodType (208 bytes)

     Virtual frames (innermost first):
        0 - frame( sp=0x0000000306381280, unextended_sp=0x0000000306381280, fp=0x00000007957758c8, pc=0x0000000111de8800)
java.lang.invoke.MemberName.getMethodType(MemberName.java:135) - instanceof @ bci 39 
     Created vframeArray 0x00007fcbf3863e20
DEOPT UNPACKING thread 0x00007fcbf200b000 vframeArray 0x00007fcbf3863e20 mode 2
     {method} {0x000000010e7148a8} &apos;getMethodType&apos; &apos;()Ljava/lang/invoke/MethodType;&apos; in &apos;java/lang/invoke/MemberName&apos; - instanceof @ bci 39 sp = 0x0000000306381220
<uncommon_trap thread='8963' reason='uninitialized' action='reinterpret' compile_id='709' compiler='C2' count='1' stamp='4.332'>
Uncommon trap occurred in java.lang.invoke.LambdaForm::internArgument (@0x0000000111e0adbc) thread=8963 reason=uninitialized action=reinterpret unloaded_class_index=-1
<jvms bci='0' method='java/lang/invoke/LambdaForm internArgument (Ljava/lang/invoke/LambdaForm$Name;)Ljava/lang/invoke/LambdaForm$Name;' bytes='84' count='5' backedge_count='1' iicount='18' decompiles='1' uninitialized_traps='1'/>
</uncommon_trap>
DEOPT PACKING thread 0x00007fcbf200b000 Compiled frame (sp=0x0000000306380f40 unextended sp=0x0000000306380f40, fp=0x00000007956c6970, real_fp=0x0000000306380f60, pc=0x0000000111e0adbc)
     nmethod   4331  709             java.lang.invoke.LambdaForm::internArgument (84 bytes)

     Virtual frames (innermost first):
        0 - frame( sp=0x0000000306380f40, unextended_sp=0x0000000306380f40, fp=0x00000007956c6970, pc=0x0000000111e0adbc)
java.lang.invoke.LambdaForm.internArgument(LambdaForm.java:1652) - getstatic @ bci 0 
     Created vframeArray 0x00007fcbf4072420
DEOPT UNPACKING thread 0x00007fcbf200b000 vframeArray 0x00007fcbf4072420 mode 2
     {method} {0x000000010e724b18} &apos;internArgument&apos; &apos;(Ljava/lang/invoke/LambdaForm$Name;)Ljava/lang/invoke/LambdaForm$Name;&apos; in &apos;java/lang/invoke/LambdaForm&apos; - getstatic @ bci 0 sp = 0x0000000306380f10
<uncommon_trap thread='8963' reason='class_check' action='maybe_recompile' compile_id='645' compiler='C2' count='3' state='class_check' stamp='4.516'>
Uncommon trap occurred in java.lang.invoke.MemberName::getMethodType (@0x0000000111de8800) thread=8963 reason=class_check action=maybe_recompile unloaded_class_index=-1
<jvms bci='39' method='java/lang/invoke/MemberName getMethodType ()Ljava/lang/invoke/MethodType;' bytes='208' count='5' backedge_count='1' iicount='10' class_check_traps='3'/>
</uncommon_trap>
DEOPT PACKING thread 0x00007fcbf200b000 Compiled frame (sp=0x0000000306381280 unextended sp=0x0000000306381280, fp=0x00000007957759d0, real_fp=0x00000003063812b0, pc=0x0000000111de8800)
     nmethod   4516  645   !         java.lang.invoke.MemberName::getMethodType (208 bytes)

     Virtual frames (innermost first):
        0 - frame( sp=0x0000000306381280, unextended_sp=0x0000000306381280, fp=0x00000007957759d0, pc=0x0000000111de8800)
java.lang.invoke.MemberName.getMethodType(MemberName.java:135) - instanceof @ bci 39 
     Created vframeArray 0x00007fcbf3058420
DEOPT UNPACKING thread 0x00007fcbf200b000 vframeArray 0x00007fcbf3058420 mode 2
     {method} {0x000000010e7148a8} &apos;getMethodType&apos; &apos;()Ljava/lang/invoke/MethodType;&apos; in &apos;java/lang/invoke/MemberName&apos; - instanceof @ bci 39 sp = 0x0000000306381220
<uncommon_trap thread='8963' reason='uninitialized' action='reinterpret' compile_id='734' compiler='C2' count='4' stamp='4.574'>
Uncommon trap occurred in java.lang.invoke.LambdaForm::argument (@0x0000000111e21b44) thread=8963 reason=uninitialized action=reinterpret unloaded_class_index=-1
<jvms bci='16' method='java/lang/invoke/LambdaForm argument (ILjava/lang/invoke/LambdaForm$BasicType;)Ljava/lang/invoke/LambdaForm$Name;' bytes='27' count='5' backedge_count='1' iicount='42' decompiles='4' uninitialized_traps='4'/>
</uncommon_trap>
DEOPT PACKING thread 0x00007fcbf200b000 Compiled frame (sp=0x0000000306380ed0 unextended sp=0x0000000306380ed0, fp=0x0000000000000000, real_fp=0x0000000306380f00, pc=0x0000000111e21b44)
     nmethod   4574  734             java.lang.invoke.LambdaForm::argument (27 bytes)

     Virtual frames (innermost first):
        0 - frame( sp=0x0000000306380ed0, unextended_sp=0x0000000306380ed0, fp=0x0000000000000000, pc=0x0000000111e21b44)
java.lang.invoke.LambdaForm.argument(LambdaForm.java:1649) - getstatic @ bci 16 
     Created vframeArray 0x00007fcbf2057c20
DEOPT UNPACKING thread 0x00007fcbf200b000 vframeArray 0x00007fcbf2057c20 mode 2
     {method} {0x000000010e724a10} &apos;argument&apos; &apos;(ILjava/lang/invoke/LambdaForm$BasicType;)Ljava/lang/invoke/LambdaForm$Name;&apos; in &apos;java/lang/invoke/LambdaForm&apos; - getstatic @ bci 16 sp = 0x0000000306380eb0
<uncommon_trap thread='8963' reason='uninitialized' action='reinterpret' compile_id='737' compiler='C2' count='3' stamp='4.873'>
Uncommon trap occurred in java.lang.invoke.LambdaForm::normalize (@0x0000000111e1de2c) thread=8963 reason=uninitialized action=reinterpret unloaded_class_index=-1
<jvms bci='176' method='java/lang/invoke/LambdaForm normalize ()I' bytes='322' count='3' backedge_count='11' iicount='11' decompiles='3' uninitialized_traps='3'/>
</uncommon_trap>
DEOPT PACKING thread 0x00007fcbf200b000 Compiled frame (sp=0x0000000306380f70 unextended sp=0x0000000306380f70, fp=0x0000000795784f00, real_fp=0x0000000306380ff0, pc=0x0000000111e1de2c)
     nmethod   4873  737             java.lang.invoke.LambdaForm::normalize (322 bytes)

     Virtual frames (innermost first):
        0 - frame( sp=0x0000000306380f70, unextended_sp=0x0000000306380f70, fp=0x0000000795784f00, pc=0x0000000111e1de2c)
java.lang.invoke.LambdaForm.normalize(LambdaForm.java:431) - getstatic @ bci 176 
     Created vframeArray 0x00007fcbf205a020
DEOPT UNPACKING thread 0x00007fcbf200b000 vframeArray 0x00007fcbf205a020 mode 2
     {method} {0x000000010e720d08} &apos;normalize&apos; &apos;()I&apos; in &apos;java/lang/invoke/LambdaForm&apos; - getstatic @ bci 176 sp = 0x0000000306380f60
<uncommon_trap thread='8963' reason='uninitialized' action='reinterpret' compile_id='768' compiler='C2' stamp='4.895'>
Uncommon trap occurred in java.lang.invoke.LambdaForm::compileToBytecode (@0x0000000111e0c93c) thread=8963 reason=uninitialized action=reinterpret unloaded_class_index=-1
<jvms bci='24' method='java/lang/invoke/LambdaForm compileToBytecode ()Ljava/lang/invoke/MemberName;' bytes='103' count='5' backedge_count='1' iicount='10'/>
</uncommon_trap>
DEOPT PACKING thread 0x00007fcbf200b000 Compiled frame (sp=0x00000003063810d0 unextended sp=0x00000003063810d0, fp=0x0000000795784f00, real_fp=0x0000000306381100, pc=0x0000000111e0c93c)
     nmethod   4894  768   !         java.lang.invoke.LambdaForm::compileToBytecode (103 bytes)

     Virtual frames (innermost first):
        0 - frame( sp=0x00000003063810d0, unextended_sp=0x00000003063810d0, fp=0x0000000795784f00, pc=0x0000000111e0c93c)
java.lang.invoke.LambdaForm.compileToBytecode(LambdaForm.java:652) - getstatic @ bci 24 
     Created vframeArray 0x00007fcbf2057c20
DEOPT UNPACKING thread 0x00007fcbf200b000 vframeArray 0x00007fcbf2057c20 mode 2
     {method} {0x000000010e721ca0} &apos;compileToBytecode&apos; &apos;()Ljava/lang/invoke/MemberName;&apos; in &apos;java/lang/invoke/LambdaForm&apos; - getstatic @ bci 24 sp = 0x00000003063810a0
<uncommon_trap thread='8963' reason='uninitialized' action='reinterpret' compile_id='807' compiler='C2' count='5' stamp='5.095'>
Uncommon trap occurred in java.lang.invoke.LambdaForm::argument (@0x0000000111e48784) thread=8963 reason=uninitialized action=reinterpret unloaded_class_index=-1
<jvms bci='16' method='java/lang/invoke/LambdaForm argument (ILjava/lang/invoke/LambdaForm$BasicType;)Ljava/lang/invoke/LambdaForm$Name;' bytes='27' count='5' backedge_count='1' iicount='50' decompiles='5' uninitialized_traps='5'/>
</uncommon_trap>
DEOPT PACKING thread 0x00007fcbf200b000 Compiled frame (sp=0x0000000306381220 unextended sp=0x0000000306381220, fp=0x0000000000000001, real_fp=0x0000000306381250, pc=0x0000000111e48784)
     nmethod   5095  807             java.lang.invoke.LambdaForm::argument (27 bytes)

     Virtual frames (innermost first):
        0 - frame( sp=0x0000000306381220, unextended_sp=0x0000000306381220, fp=0x0000000000000001, pc=0x0000000111e48784)
java.lang.invoke.LambdaForm.argument(LambdaForm.java:1649) - getstatic @ bci 16 
     Created vframeArray 0x00007fcbf3058420
DEOPT UNPACKING thread 0x00007fcbf200b000 vframeArray 0x00007fcbf3058420 mode 2
     {method} {0x000000010e724a10} &apos;argument&apos; &apos;(ILjava/lang/invoke/LambdaForm$BasicType;)Ljava/lang/invoke/LambdaForm$Name;&apos; in &apos;java/lang/invoke/LambdaForm&apos; - getstatic @ bci 16 sp = 0x00000003063811f0
<uncommon_trap thread='8963' reason='uninitialized' action='reinterpret' compile_id='816' compiler='C2' stamp='5.141'>
Uncommon trap occurred in java.lang.invoke.LambdaForm::parameter (@0x0000000111e50a9c) thread=8963 reason=uninitialized action=reinterpret unloaded_class_index=-1
<jvms bci='0' method='java/lang/invoke/LambdaForm parameter (I)Ljava/lang/invoke/LambdaForm$Name;' bytes='52' count='5' backedge_count='1' iicount='10'/>
</uncommon_trap>
DEOPT PACKING thread 0x00007fcbf200b000 Compiled frame (sp=0x00000003063810f0 unextended sp=0x00000003063810f0, fp=0x0000000795788860, real_fp=0x0000000306381120, pc=0x0000000111e50a9c)
     nmethod   5141  816             java.lang.invoke.LambdaForm::parameter (52 bytes)

     Virtual frames (innermost first):
        0 - frame( sp=0x00000003063810f0, unextended_sp=0x00000003063810f0, fp=0x0000000795788860, pc=0x0000000111e50a9c)
java.lang.invoke.LambdaForm.parameter(LambdaForm.java:505) - getstatic @ bci 0 
     Created vframeArray 0x00007fcbf2057c20
DEOPT UNPACKING thread 0x00007fcbf200b000 vframeArray 0x00007fcbf2057c20 mode 2
     {method} {0x000000010e7212a0} &apos;parameter&apos; &apos;(I)Ljava/lang/invoke/LambdaForm$Name;&apos; in &apos;java/lang/invoke/LambdaForm&apos; - getstatic @ bci 0 sp = 0x00000003063810c8
<uncommon_trap thread='8963' reason='uninitialized' action='reinterpret' compile_id='808' compiler='C2' stamp='5.261'>
Uncommon trap occurred in java.lang.invoke.LambdaForm::basicTypeSignature (@0x0000000111e53948) thread=8963 reason=uninitialized action=reinterpret unloaded_class_index=-1
<jvms bci='76' method='java/lang/invoke/LambdaForm basicTypeSignature (Ljava/lang/invoke/MethodType;)Ljava/lang/String;' bytes='101' count='5' backedge_count='7' iicount='5'/>
</uncommon_trap>
DEOPT PACKING thread 0x00007fcbf200b000 Compiled frame (sp=0x0000000306381de0 unextended sp=0x0000000306381de0, fp=0x0000000000000005, real_fp=0x0000000306381e50, pc=0x0000000111e53948)
     nmethod   5261  808             java.lang.invoke.LambdaForm::basicTypeSignature (101 bytes)

     Virtual frames (innermost first):
        0 - frame( sp=0x0000000306381de0, unextended_sp=0x0000000306381de0, fp=0x0000000000000005, pc=0x0000000111e53948)
java.lang.invoke.LambdaForm.basicTypeSignature(LambdaForm.java:1340) - getstatic @ bci 76 
     Created vframeArray 0x00007fcbf3870420
DEOPT UNPACKING thread 0x00007fcbf200b000 vframeArray 0x00007fcbf3870420 mode 2
     {method} {0x000000010e724400} &apos;basicTypeSignature&apos; &apos;(Ljava/lang/invoke/MethodType;)Ljava/lang/String;&apos; in &apos;java/lang/invoke/LambdaForm&apos; - getstatic @ bci 76 sp = 0x0000000306381de0
<uncommon_trap thread='8963' reason='loop_limit_check' action='maybe_recompile' compile_id='736' compiler='C2' stamp='5.262'>
Uncommon trap occurred in java.lang.invoke.LambdaForm::shortenSignature (@0x0000000111e20a94) thread=8963 reason=loop_limit_check action=maybe_recompile unloaded_class_index=-1
<jvms bci='97' method='java/lang/invoke/LambdaForm shortenSignature (Ljava/lang/String;)Ljava/lang/String;' bytes='166' count='3' backedge_count='9' iicount='3'/>
</uncommon_trap>
DEOPT PACKING thread 0x00007fcbf200b000 Compiled frame (sp=0x0000000306381de0 unextended sp=0x0000000306381de0, fp=0x0000000000000003, real_fp=0x0000000306381e50, pc=0x0000000111e20a94)
     nmethod   5262  736             java.lang.invoke.LambdaForm::shortenSignature (166 bytes)

     Virtual frames (innermost first):
        0 - frame( sp=0x0000000306381de0, unextended_sp=0x0000000306381de0, fp=0x0000000000000003, pc=0x0000000111e20a94)
java.lang.invoke.LambdaForm.shortenSignature(LambdaForm.java:1360) - aload @ bci 97 
     Created vframeArray 0x00007fcbf2057c20
DEOPT UNPACKING thread 0x00007fcbf200b000 vframeArray 0x00007fcbf2057c20 mode 2
     {method} {0x000000010e7245d8} &apos;shortenSignature&apos; &apos;(Ljava/lang/String;)Ljava/lang/String;&apos; in &apos;java/lang/invoke/LambdaForm&apos; - aload @ bci 97 sp = 0x0000000306381db8
<uncommon_trap thread='8963' reason='uninitialized' action='reinterpret' compile_id='813' compiler='C2' count='2' stamp='5.293'>
Uncommon trap occurred in java.lang.invoke.LambdaForm::internArgument (@0x0000000111e332fc) thread=8963 reason=uninitialized action=reinterpret unloaded_class_index=-1
<jvms bci='0' method='java/lang/invoke/LambdaForm internArgument (Ljava/lang/invoke/LambdaForm$Name;)Ljava/lang/invoke/LambdaForm$Name;' bytes='84' count='5' backedge_count='1' iicount='26' decompiles='2' uninitialized_traps='2'/>
</uncommon_trap>
DEOPT PACKING thread 0x00007fcbf200b000 Compiled frame (sp=0x0000000306381cd0 unextended sp=0x0000000306381cd0, fp=0x00000007956c6950, real_fp=0x0000000306381cf0, pc=0x0000000111e332fc)
     nmethod   5293  813             java.lang.invoke.LambdaForm::internArgument (84 bytes)

     Virtual frames (innermost first):
        0 - frame( sp=0x0000000306381cd0, unextended_sp=0x0000000306381cd0, fp=0x00000007956c6950, pc=0x0000000111e332fc)
java.lang.invoke.LambdaForm.internArgument(LambdaForm.java:1652) - getstatic @ bci 0 
     Created vframeArray 0x00007fcbf205c220
DEOPT UNPACKING thread 0x00007fcbf200b000 vframeArray 0x00007fcbf205c220 mode 2
     {method} {0x000000010e724b18} &apos;internArgument&apos; &apos;(Ljava/lang/invoke/LambdaForm$Name;)Ljava/lang/invoke/LambdaForm$Name;&apos; in &apos;java/lang/invoke/LambdaForm&apos; - getstatic @ bci 0 sp = 0x0000000306381ca0
<uncommon_trap thread='8963' reason='uninitialized' action='reinterpret' compile_id='817' compiler='C2' stamp='5.296'>
Uncommon trap occurred in java.lang.invoke.LambdaForm::signatureArity (@0x0000000111e461bc) thread=8963 reason=uninitialized action=reinterpret unloaded_class_index=-1
<jvms bci='0' method='java/lang/invoke/LambdaForm signatureArity (Ljava/lang/String;)I' bytes='28' count='5' backedge_count='1' iicount='10'/>
</uncommon_trap>
DEOPT PACKING thread 0x00007fcbf200b000 Compiled frame (sp=0x0000000306381d20 unextended sp=0x0000000306381d20, fp=0x000000079578b588, real_fp=0x0000000306381d40, pc=0x0000000111e461bc)
     nmethod   5296  817             java.lang.invoke.LambdaForm::signatureArity (28 bytes)

     Virtual frames (innermost first):
        0 - frame( sp=0x0000000306381d20, unextended_sp=0x0000000306381d20, fp=0x000000079578b588, pc=0x0000000111e461bc)
java.lang.invoke.LambdaForm.signatureArity(LambdaForm.java:538) - getstatic @ bci 0 
     Created vframeArray 0x00007fcbf2057c20
DEOPT UNPACKING thread 0x00007fcbf200b000 vframeArray 0x00007fcbf2057c20 mode 2
     {method} {0x000000010e721760} &apos;signatureArity&apos; &apos;(Ljava/lang/String;)I&apos; in &apos;java/lang/invoke/LambdaForm&apos; - getstatic @ bci 0 sp = 0x0000000306381ce8
<uncommon_trap thread='8963' reason='uninitialized' action='reinterpret' compile_id='805' compiler='C2' stamp='5.313'>
Uncommon trap occurred in java.lang.invoke.LambdaForm::prepare (@0x0000000111e4905c) thread=8963 reason=uninitialized action=reinterpret unloaded_class_index=-1
<jvms bci='0' method='java/lang/invoke/LambdaForm prepare ()V' bytes='43' count='6' backedge_count='1' iicount='11'/>
</uncommon_trap>
DEOPT PACKING thread 0x00007fcbf200b000 Compiled frame (sp=0x0000000306381f20 unextended sp=0x0000000306381f20, fp=0x000000079578b4f8, real_fp=0x0000000306381f40, pc=0x0000000111e4905c)
     nmethod   5313  805             java.lang.invoke.LambdaForm::prepare (43 bytes)

     Virtual frames (innermost first):
        0 - frame( sp=0x0000000306381f20, unextended_sp=0x0000000306381f20, fp=0x000000079578b4f8, pc=0x0000000111e4905c)
java.lang.invoke.LambdaForm.prepare(LambdaForm.java:634) - getstatic @ bci 0 
     Created vframeArray 0x00007fcbf4076e20
DEOPT UNPACKING thread 0x00007fcbf200b000 vframeArray 0x00007fcbf4076e20 mode 2
     {method} {0x000000010e721b58} &apos;prepare&apos; &apos;()V&apos; in &apos;java/lang/invoke/LambdaForm&apos; - getstatic @ bci 0 sp = 0x0000000306381ee8
<uncommon_trap thread='8963' reason='uninitialized' action='reinterpret' compile_id='844' compiler='C2' count='6' stamp='5.342'>
Uncommon trap occurred in java.lang.invoke.LambdaForm::argument (@0x0000000111e61804) thread=8963 reason=uninitialized action=reinterpret unloaded_class_index=-1
<jvms bci='16' method='java/lang/invoke/LambdaForm argument (ILjava/lang/invoke/LambdaForm$BasicType;)Ljava/lang/invoke/LambdaForm$Name;' bytes='27' count='5' backedge_count='1' iicount='58' decompiles='6' uninitialized_traps='6'/>
</uncommon_trap>
DEOPT PACKING thread 0x00007fcbf200b000 Compiled frame (sp=0x0000000306381d30 unextended sp=0x0000000306381d30, fp=0x0000000000000000, real_fp=0x0000000306381d60, pc=0x0000000111e61804)
     nmethod   5341  844             java.lang.invoke.LambdaForm::argument (27 bytes)

     Virtual frames (innermost first):
        0 - frame( sp=0x0000000306381d30, unextended_sp=0x0000000306381d30, fp=0x0000000000000000, pc=0x0000000111e61804)
java.lang.invoke.LambdaForm.argument(LambdaForm.java:1649) - getstatic @ bci 16 
     Created vframeArray 0x00007fcbf3058420
DEOPT UNPACKING thread 0x00007fcbf200b000 vframeArray 0x00007fcbf3058420 mode 2
     {method} {0x000000010e724a10} &apos;argument&apos; &apos;(ILjava/lang/invoke/LambdaForm$BasicType;)Ljava/lang/invoke/LambdaForm$Name;&apos; in &apos;java/lang/invoke/LambdaForm&apos; - getstatic @ bci 16 sp = 0x0000000306381d00
<uncommon_trap thread='8963' reason='class_check' action='maybe_recompile' compile_id='790' compiler='C2' stamp='5.353'>
Uncommon trap occurred in java.lang.invoke.InvokerBytecodeGenerator::emitPushArgument (@0x0000000111e3dd1c) thread=8963 reason=class_check action=maybe_recompile unloaded_class_index=-1
<jvms bci='6' method='java/lang/invoke/InvokerBytecodeGenerator emitPushArgument (Ljava/lang/Class;Ljava/lang/Object;)V' bytes='120' count='6' backedge_count='1' iicount='11'/>
</uncommon_trap>
DEOPT PACKING thread 0x00007fcbf200b000 Compiled frame (sp=0x0000000306381cf0 unextended sp=0x0000000306381cf0, fp=0x000000079578f780, real_fp=0x0000000306381d40, pc=0x0000000111e3dd1c)
     nmethod   5353  790             java.lang.invoke.InvokerBytecodeGenerator::emitPushArgument (120 bytes)

     Virtual frames (innermost first):
        0 - frame( sp=0x0000000306381cf0, unextended_sp=0x0000000306381cf0, fp=0x000000079578f780, pc=0x0000000111e3dd1c)
java.lang.invoke.InvokerBytecodeGenerator.emitPushArgument(InvokerBytecodeGenerator.java:1156) - instanceof @ bci 6 
     Created vframeArray 0x00007fcbf2057c20
DEOPT UNPACKING thread 0x00007fcbf200b000 vframeArray 0x00007fcbf2057c20 mode 2
     {method} {0x000000010ea90930} &apos;emitPushArgument&apos; &apos;(Ljava/lang/Class;Ljava/lang/Object;)V&apos; in &apos;java/lang/invoke/InvokerBytecodeGenerator&apos; - instanceof @ bci 6 sp = 0x0000000306381cc0
<uncommon_trap thread='8963' reason='uninitialized' action='reinterpret' compile_id='578' compiler='C2' stamp='5.354'>
Uncommon trap occurred in sun.invoke.util.Wrapper::hashWrap (@0x0000000111dcffc8) thread=8963 reason=uninitialized action=reinterpret unloaded_class_index=-1
<jvms bci='8' method='sun/invoke/util/Wrapper hashWrap (Ljava/lang/Class;)I' bytes='62' count='5' backedge_count='1' iicount='10'/>
</uncommon_trap>
DEOPT PACKING thread 0x00007fcbf200b000 Compiled frame (sp=0x0000000306381bd0 unextended sp=0x0000000306381bd0, fp=0x0000000795790f70, real_fp=0x0000000306381bf0, pc=0x0000000111dcffc8)
     nmethod   5353  578             sun.invoke.util.Wrapper::hashWrap (62 bytes)

     Virtual frames (innermost first):
        0 - frame( sp=0x0000000306381bd0, unextended_sp=0x0000000306381bd0, fp=0x0000000795790f70, pc=0x0000000111dcffc8)
sun.invoke.util.Wrapper.hashWrap(Wrapper.java:317) - getstatic @ bci 8 
     Created vframeArray 0x00007fcbf3870420
DEOPT UNPACKING thread 0x00007fcbf200b000 vframeArray 0x00007fcbf3870420 mode 2
     {method} {0x000000010ea42e68} &apos;hashWrap&apos; &apos;(Ljava/lang/Class;)I&apos; in &apos;sun/invoke/util/Wrapper&apos; - getstatic @ bci 8 sp = 0x0000000306381b90
<uncommon_trap thread='8963' reason='unloaded' action='reinterpret' index='48' compile_id='769' compiler='C2' unresolved='1' name='java/lang/invoke/DirectMethodHandle$Accessor' stamp='5.358'>
Uncommon trap occurred in java.lang.invoke.DirectMethodHandle::make (@0x0000000111e39e20) thread=8963 reason=unloaded action=reinterpret unloaded_class_index=48 unresolved class: java/lang/invoke/DirectMethodHandle$Accessor
<jvms bci='226' method='java/lang/invoke/DirectMethodHandle make (BLjava/lang/Class;Ljava/lang/invoke/MemberName;)Ljava/lang/invoke/DirectMethodHandle;' bytes='242' count='5' backedge_count='1' iicount='10'/>
</uncommon_trap>
DEOPT PACKING thread 0x00007fcbf200b000 Compiled frame (sp=0x0000000306382030 unextended sp=0x0000000306382030, fp=0x000000079578eb30, real_fp=0x0000000306382090, pc=0x0000000111e39e20)
     nmethod   5358  769             java.lang.invoke.DirectMethodHandle::make (242 bytes)

     Virtual frames (innermost first):
        0 - frame( sp=0x0000000306382030, unextended_sp=0x0000000306382030, fp=0x000000079578eb30, pc=0x0000000111e39e20)
java.lang.invoke.DirectMethodHandle.make(DirectMethodHandle.java:102) - new @ bci 226 
     Created vframeArray 0x00007fcbf4076e20
DEOPT UNPACKING thread 0x00007fcbf200b000 vframeArray 0x00007fcbf4076e20 mode 2
     {method} {0x000000010e70be40} &apos;make&apos; &apos;(BLjava/lang/Class;Ljava/lang/invoke/MemberName;)Ljava/lang/invoke/DirectMethodHandle;&apos; in &apos;java/lang/invoke/DirectMethodHandle&apos; - new @ bci 226 sp = 0x0000000306382000
<uncommon_trap thread='8963' reason='uninitialized' action='reinterpret' compile_id='852' compiler='C2' count='1' stamp='5.371'>
Uncommon trap occurred in java.lang.invoke.LambdaForm::compileToBytecode (@0x0000000111e638fc) thread=8963 reason=uninitialized action=reinterpret unloaded_class_index=-1
<jvms bci='24' method='java/lang/invoke/LambdaForm compileToBytecode ()Ljava/lang/invoke/MemberName;' bytes='103' count='5' backedge_count='1' iicount='18' decompiles='1' uninitialized_traps='1'/>
</uncommon_trap>
DEOPT PACKING thread 0x00007fcbf200b000 Compiled frame (sp=0x0000000306383880 unextended sp=0x0000000306383880, fp=0x00000007956c7c70, real_fp=0x00000003063838b0, pc=0x0000000111e638fc)
     nmethod   5371  852   !         java.lang.invoke.LambdaForm::compileToBytecode (103 bytes)

     Virtual frames (innermost first):
        0 - frame( sp=0x0000000306383880, unextended_sp=0x0000000306383880, fp=0x00000007956c7c70, pc=0x0000000111e638fc)
java.lang.invoke.LambdaForm.compileToBytecode(LambdaForm.java:652) - getstatic @ bci 24 
     Created vframeArray 0x00007fcbf4078a20
DEOPT UNPACKING thread 0x00007fcbf200b000 vframeArray 0x00007fcbf4078a20 mode 2
     {method} {0x000000010e721ca0} &apos;compileToBytecode&apos; &apos;()Ljava/lang/invoke/MemberName;&apos; in &apos;java/lang/invoke/LambdaForm&apos; - getstatic @ bci 24 sp = 0x0000000306383850
<uncommon_trap thread='8963' reason='uninitialized' action='reinterpret' compile_id='855' compiler='C2' count='1' stamp='5.372'>
Uncommon trap occurred in java.lang.invoke.LambdaForm::parameter (@0x0000000111e6325c) thread=8963 reason=uninitialized action=reinterpret unloaded_class_index=-1
<jvms bci='0' method='java/lang/invoke/LambdaForm parameter (I)Ljava/lang/invoke/LambdaForm$Name;' bytes='52' count='6' backedge_count='1' iicount='19' decompiles='1' uninitialized_traps='1'/>
</uncommon_trap>
DEOPT PACKING thread 0x00007fcbf200b000 Compiled frame (sp=0x0000000306383750 unextended sp=0x0000000306383750, fp=0x00000007956c7d38, real_fp=0x0000000306383780, pc=0x0000000111e6325c)
     nmethod   5372  855             java.lang.invoke.LambdaForm::parameter (52 bytes)

     Virtual frames (innermost first):
        0 - frame( sp=0x0000000306383750, unextended_sp=0x0000000306383750, fp=0x00000007956c7d38, pc=0x0000000111e6325c)
java.lang.invoke.LambdaForm.parameter(LambdaForm.java:505) - getstatic @ bci 0 
     Created vframeArray 0x00007fcbf3058420
DEOPT UNPACKING thread 0x00007fcbf200b000 vframeArray 0x00007fcbf3058420 mode 2
     {method} {0x000000010e7212a0} &apos;parameter&apos; &apos;(I)Ljava/lang/invoke/LambdaForm$Name;&apos; in &apos;java/lang/invoke/LambdaForm&apos; - getstatic @ bci 0 sp = 0x0000000306383718
<uncommon_trap thread='8963' reason='null_check' action='make_not_entrant' compile_id='790' compiler='C2' state='class_check' stamp='5.377'>
Uncommon trap occurred in java.lang.invoke.InvokerBytecodeGenerator::emitPushArgument (@0x0000000111e3dd68) thread=8963 reason=null_check action=make_not_entrant unloaded_class_index=-1
<jvms bci='6' method='java/lang/invoke/InvokerBytecodeGenerator emitPushArgument (Ljava/lang/Class;Ljava/lang/Object;)V' bytes='120' count='6' backedge_count='1' iicount='11' class_check_traps='1'/>
</uncommon_trap>
DEOPT PACKING thread 0x00007fcbf200b000 Compiled frame (sp=0x0000000306383610 unextended sp=0x0000000306383610, fp=0x00000007957947b0, real_fp=0x0000000306383660, pc=0x0000000111e3dd68)
     nmethod   5377  790             java.lang.invoke.InvokerBytecodeGenerator::emitPushArgument (120 bytes)

     Virtual frames (innermost first):
        0 - frame( sp=0x0000000306383610, unextended_sp=0x0000000306383610, fp=0x00000007957947b0, pc=0x0000000111e3dd68)
java.lang.invoke.InvokerBytecodeGenerator.emitPushArgument(InvokerBytecodeGenerator.java:1156) - instanceof @ bci 6 
     Created vframeArray 0x00007fcbf306b620
DEOPT UNPACKING thread 0x00007fcbf200b000 vframeArray 0x00007fcbf306b620 mode 2
     {method} {0x000000010ea90930} &apos;emitPushArgument&apos; &apos;(Ljava/lang/Class;Ljava/lang/Object;)V&apos; in &apos;java/lang/invoke/InvokerBytecodeGenerator&apos; - instanceof @ bci 6 sp = 0x00000003063835e0
<uncommon_trap thread='8963' reason='uninitialized' action='reinterpret' compile_id='864' compiler='C2' count='1' stamp='5.436'>
Uncommon trap occurred in java.lang.invoke.LambdaForm::signatureArity (@0x0000000111c7fb3c) thread=8963 reason=uninitialized action=reinterpret unloaded_class_index=-1
<jvms bci='0' method='java/lang/invoke/LambdaForm signatureArity (Ljava/lang/String;)I' bytes='28' count='5' backedge_count='1' iicount='18' decompiles='1' uninitialized_traps='1'/>
</uncommon_trap>
DEOPT PACKING thread 0x00007fcbf200b000 Compiled frame (sp=0x0000000306383710 unextended sp=0x0000000306383710, fp=0x0000000795796540, real_fp=0x0000000306383730, pc=0x0000000111c7fb3c)
     nmethod   5436  864             java.lang.invoke.LambdaForm::signatureArity (28 bytes)

     Virtual frames (innermost first):
        0 - frame( sp=0x0000000306383710, unextended_sp=0x0000000306383710, fp=0x0000000795796540, pc=0x0000000111c7fb3c)
java.lang.invoke.LambdaForm.signatureArity(LambdaForm.java:538) - getstatic @ bci 0 
     Created vframeArray 0x00007fcbf3058420
DEOPT UNPACKING thread 0x00007fcbf200b000 vframeArray 0x00007fcbf3058420 mode 2
     {method} {0x000000010e721760} &apos;signatureArity&apos; &apos;(Ljava/lang/String;)I&apos; in &apos;java/lang/invoke/LambdaForm&apos; - getstatic @ bci 0 sp = 0x00000003063836e0
<uncommon_trap thread='8963' reason='uninitialized' action='reinterpret' compile_id='898' compiler='C2' count='2' stamp='5.805'>
Uncommon trap occurred in java.lang.invoke.LambdaForm::signatureArity (@0x0000000111e7babc) thread=8963 reason=uninitialized action=reinterpret unloaded_class_index=-1
<jvms bci='0' method='java/lang/invoke/LambdaForm signatureArity (Ljava/lang/String;)I' bytes='28' count='5' backedge_count='1' iicount='26' decompiles='2' uninitialized_traps='2'/>
</uncommon_trap>
DEOPT PACKING thread 0x00007fcbf200b000 Compiled frame (sp=0x00000003063837b0 unextended sp=0x00000003063837b0, fp=0x000000079579fb50, real_fp=0x00000003063837d0, pc=0x0000000111e7babc)
     nmethod   5805  898             java.lang.invoke.LambdaForm::signatureArity (28 bytes)

     Virtual frames (innermost first):
        0 - frame( sp=0x00000003063837b0, unextended_sp=0x00000003063837b0, fp=0x000000079579fb50, pc=0x0000000111e7babc)
java.lang.invoke.LambdaForm.signatureArity(LambdaForm.java:538) - getstatic @ bci 0 
     Created vframeArray 0x00007fcbf3035020
DEOPT UNPACKING thread 0x00007fcbf200b000 vframeArray 0x00007fcbf3035020 mode 2
     {method} {0x000000010e721760} &apos;signatureArity&apos; &apos;(Ljava/lang/String;)I&apos; in &apos;java/lang/invoke/LambdaForm&apos; - getstatic @ bci 0 sp = 0x0000000306383778
<uncommon_trap thread='8963' reason='uninitialized' action='reinterpret' compile_id='896' compiler='C2' count='1' stamp='5.840'>
Uncommon trap occurred in java.lang.invoke.LambdaForm::prepare (@0x0000000111c7f89c) thread=8963 reason=uninitialized action=reinterpret unloaded_class_index=-1
<jvms bci='0' method='java/lang/invoke/LambdaForm prepare ()V' bytes='43' count='6' backedge_count='1' iicount='20' decompiles='1' uninitialized_traps='1'/>
</uncommon_trap>
DEOPT PACKING thread 0x00007fcbf200b000 Compiled frame (sp=0x0000000306383900 unextended sp=0x0000000306383900, fp=0x00000007956ca8e0, real_fp=0x0000000306383920, pc=0x0000000111c7f89c)
     nmethod   5839  896             java.lang.invoke.LambdaForm::prepare (43 bytes)

     Virtual frames (innermost first):
        0 - frame( sp=0x0000000306383900, unextended_sp=0x0000000306383900, fp=0x00000007956ca8e0, pc=0x0000000111c7f89c)
java.lang.invoke.LambdaForm.prepare(LambdaForm.java:634) - getstatic @ bci 0 
     Created vframeArray 0x00007fcbf3058420
DEOPT UNPACKING thread 0x00007fcbf200b000 vframeArray 0x00007fcbf3058420 mode 2
     {method} {0x000000010e721b58} &apos;prepare&apos; &apos;()V&apos; in &apos;java/lang/invoke/LambdaForm&apos; - getstatic @ bci 0 sp = 0x00000003063838c0
<uncommon_trap thread='8963' reason='uninitialized' action='reinterpret' compile_id='897' compiler='C2' count='2' stamp='5.841'>
Uncommon trap occurred in java.lang.invoke.LambdaForm::parameter (@0x0000000111e692dc) thread=8963 reason=uninitialized action=reinterpret unloaded_class_index=-1
<jvms bci='0' method='java/lang/invoke/LambdaForm parameter (I)Ljava/lang/invoke/LambdaForm$Name;' bytes='52' count='6' backedge_count='1' iicount='28' decompiles='2' uninitialized_traps='2'/>
</uncommon_trap>
DEOPT PACKING thread 0x00007fcbf200b000 Compiled frame (sp=0x0000000306383780 unextended sp=0x0000000306383780, fp=0x00000007956ca8e0, real_fp=0x00000003063837b0, pc=0x0000000111e692dc)
     nmethod   5841  897             java.lang.invoke.LambdaForm::parameter (52 bytes)

     Virtual frames (innermost first):
        0 - frame( sp=0x0000000306383780, unextended_sp=0x0000000306383780, fp=0x00000007956ca8e0, pc=0x0000000111e692dc)
java.lang.invoke.LambdaForm.parameter(LambdaForm.java:505) - getstatic @ bci 0 
     Created vframeArray 0x00007fcbf4076e20
DEOPT UNPACKING thread 0x00007fcbf200b000 vframeArray 0x00007fcbf4076e20 mode 2
     {method} {0x000000010e7212a0} &apos;parameter&apos; &apos;(I)Ljava/lang/invoke/LambdaForm$Name;&apos; in &apos;java/lang/invoke/LambdaForm&apos; - getstatic @ bci 0 sp = 0x0000000306383748
<uncommon_trap thread='8963' reason='uninitialized' action='reinterpret' compile_id='902' compiler='C2' count='2' stamp='5.852'>
Uncommon trap occurred in java.lang.invoke.LambdaForm::compileToBytecode (@0x0000000111e86d34) thread=8963 reason=uninitialized action=reinterpret unloaded_class_index=-1
<jvms bci='24' method='java/lang/invoke/LambdaForm compileToBytecode ()Ljava/lang/invoke/MemberName;' bytes='103' count='5' backedge_count='1' iicount='26' decompiles='2' uninitialized_traps='2'/>
</uncommon_trap>
DEOPT PACKING thread 0x00007fcbf200b000 Compiled frame (sp=0x0000000306383880 unextended sp=0x0000000306383880, fp=0x00000007956caad8, real_fp=0x00000003063838b0, pc=0x0000000111e86d34)
     nmethod   5852  902   !         java.lang.invoke.LambdaForm::compileToBytecode (103 bytes)

     Virtual frames (innermost first):
        0 - frame( sp=0x0000000306383880, unextended_sp=0x0000000306383880, fp=0x00000007956caad8, pc=0x0000000111e86d34)
java.lang.invoke.LambdaForm.compileToBytecode(LambdaForm.java:652) - getstatic @ bci 24 
     Created vframeArray 0x00007fcbf3058420
DEOPT UNPACKING thread 0x00007fcbf200b000 vframeArray 0x00007fcbf3058420 mode 2
     {method} {0x000000010e721ca0} &apos;compileToBytecode&apos; &apos;()Ljava/lang/invoke/MemberName;&apos; in &apos;java/lang/invoke/LambdaForm&apos; - getstatic @ bci 24 sp = 0x0000000306383850
<uncommon_trap thread='8963' reason='uninitialized' action='reinterpret' compile_id='935' compiler='C2' count='3' stamp='5.957'>
Uncommon trap occurred in java.lang.invoke.LambdaForm::signatureArity (@0x0000000111e908bc) thread=8963 reason=uninitialized action=reinterpret unloaded_class_index=-1
<jvms bci='0' method='java/lang/invoke/LambdaForm signatureArity (Ljava/lang/String;)I' bytes='28' count='5' backedge_count='1' iicount='34' decompiles='3' uninitialized_traps='3'/>
</uncommon_trap>
DEOPT PACKING thread 0x00007fcbf200b000 Compiled frame (sp=0x0000000306383a40 unextended sp=0x0000000306383a40, fp=0x00000007957ad4a0, real_fp=0x0000000306383a60, pc=0x0000000111e908bc)
     nmethod   5957  935             java.lang.invoke.LambdaForm::signatureArity (28 bytes)

     Virtual frames (innermost first):
        0 - frame( sp=0x0000000306383a40, unextended_sp=0x0000000306383a40, fp=0x00000007957ad4a0, pc=0x0000000111e908bc)
java.lang.invoke.LambdaForm.signatureArity(LambdaForm.java:538) - getstatic @ bci 0 
     Created vframeArray 0x00007fcbf4076e20
DEOPT UNPACKING thread 0x00007fcbf200b000 vframeArray 0x00007fcbf4076e20 mode 2
     {method} {0x000000010e721760} &apos;signatureArity&apos; &apos;(Ljava/lang/String;)I&apos; in &apos;java/lang/invoke/LambdaForm&apos; - getstatic @ bci 0 sp = 0x0000000306383a08
<uncommon_trap thread='8963' reason='uninitialized' action='reinterpret' compile_id='936' compiler='C2' count='7' stamp='5.962'>
Uncommon trap occurred in java.lang.invoke.LambdaForm::argument (@0x0000000111e95344) thread=8963 reason=uninitialized action=reinterpret unloaded_class_index=-1
<jvms bci='16' method='java/lang/invoke/LambdaForm argument (ILjava/lang/invoke/LambdaForm$BasicType;)Ljava/lang/invoke/LambdaForm$Name;' bytes='27' count='5' backedge_count='1' iicount='66' decompiles='7' uninitialized_traps='7'/>
</uncommon_trap>
DEOPT PACKING thread 0x00007fcbf200b000 Compiled frame (sp=0x00000003063838f0 unextended sp=0x00000003063838f0, fp=0x0000000000000002, real_fp=0x0000000306383920, pc=0x0000000111e95344)
     nmethod   5962  936             java.lang.invoke.LambdaForm::argument (27 bytes)

     Virtual frames (innermost first):
        0 - frame( sp=0x00000003063838f0, unextended_sp=0x00000003063838f0, fp=0x0000000000000002, pc=0x0000000111e95344)
java.lang.invoke.LambdaForm.argument(LambdaForm.java:1649) - getstatic @ bci 16 
     Created vframeArray 0x00007fcbf3872020
DEOPT UNPACKING thread 0x00007fcbf200b000 vframeArray 0x00007fcbf3872020 mode 2
     {method} {0x000000010e724a10} &apos;argument&apos; &apos;(ILjava/lang/invoke/LambdaForm$BasicType;)Ljava/lang/invoke/LambdaForm$Name;&apos; in &apos;java/lang/invoke/LambdaForm&apos; - getstatic @ bci 16 sp = 0x00000003063838d0
<uncommon_trap thread='8963' reason='uninitialized' action='reinterpret' compile_id='940' compiler='C2' count='4' stamp='5.997'>
Uncommon trap occurred in java.lang.invoke.LambdaForm::signatureArity (@0x0000000111e9063c) thread=8963 reason=uninitialized action=reinterpret unloaded_class_index=-1
<jvms bci='0' method='java/lang/invoke/LambdaForm signatureArity (Ljava/lang/String;)I' bytes='28' count='5' backedge_count='1' iicount='42' decompiles='4' uninitialized_traps='4'/>
</uncommon_trap>
DEOPT PACKING thread 0x00007fcbf200b000 Compiled frame (sp=0x0000000306383ad0 unextended sp=0x0000000306383ad0, fp=0x00000007957b3420, real_fp=0x0000000306383af0, pc=0x0000000111e9063c)
     nmethod   5996  940             java.lang.invoke.LambdaForm::signatureArity (28 bytes)

     Virtual frames (innermost first):
        0 - frame( sp=0x0000000306383ad0, unextended_sp=0x0000000306383ad0, fp=0x00000007957b3420, pc=0x0000000111e9063c)
java.lang.invoke.LambdaForm.signatureArity(LambdaForm.java:538) - getstatic @ bci 0 
     Created vframeArray 0x00007fcbf3872820
DEOPT UNPACKING thread 0x00007fcbf200b000 vframeArray 0x00007fcbf3872820 mode 2
     {method} {0x000000010e721760} &apos;signatureArity&apos; &apos;(Ljava/lang/String;)I&apos; in &apos;java/lang/invoke/LambdaForm&apos; - getstatic @ bci 0 sp = 0x0000000306383aa0
<uncommon_trap thread='8963' reason='predicate' action='maybe_recompile' compile_id='939' compiler='C2' stamp='6.004'>
Uncommon trap occurred in java.util.Arrays::fill (@0x0000000111e962c0) thread=8963 reason=predicate action=maybe_recompile unloaded_class_index=-1
<jvms bci='10' method='java/util/Arrays fill ([Ljava/lang/Object;Ljava/lang/Object;)V' bytes='21' count='4' backedge_count='10' iicount='4'/>
</uncommon_trap>
DEOPT PACKING thread 0x00007fcbf200b000 Compiled frame (sp=0x00000003063839e0 unextended sp=0x00000003063839e0, fp=0x00000007957b3458, real_fp=0x0000000306383a10, pc=0x0000000111e962c0)
     nmethod   6004  939             java.util.Arrays::fill (21 bytes)

     Virtual frames (innermost first):
        0 - frame( sp=0x00000003063839e0, unextended_sp=0x00000003063839e0, fp=0x00000007957b3458, pc=0x0000000111e962c0)
java.util.Arrays.fill(Arrays.java:3130) - fast_aload_0 @ bci 10 
     Created vframeArray 0x00007fcbf3035e20
DEOPT UNPACKING thread 0x00007fcbf200b000 vframeArray 0x00007fcbf3035e20 mode 2
     {method} {0x000000010e801cf8} &apos;fill&apos; &apos;([Ljava/lang/Object;Ljava/lang/Object;)V&apos; in &apos;java/util/Arrays&apos; - aload_0 @ bci 10 sp = 0x00000003063839b0
<uncommon_trap thread='8963' reason='uninitialized' action='reinterpret' compile_id='944' compiler='C2' count='5' stamp='6.021'>
Uncommon trap occurred in java.lang.invoke.LambdaForm::signatureArity (@0x0000000111e959bc) thread=8963 reason=uninitialized action=reinterpret unloaded_class_index=-1
<jvms bci='0' method='java/lang/invoke/LambdaForm signatureArity (Ljava/lang/String;)I' bytes='28' count='5' backedge_count='1' iicount='50' decompiles='5' uninitialized_traps='5'/>
</uncommon_trap>
DEOPT PACKING thread 0x00007fcbf200b000 Compiled frame (sp=0x0000000306383aa0 unextended sp=0x0000000306383aa0, fp=0x00000007957b4c50, real_fp=0x0000000306383ac0, pc=0x0000000111e959bc)
     nmethod   6021  944             java.lang.invoke.LambdaForm::signatureArity (28 bytes)

     Virtual frames (innermost first):
        0 - frame( sp=0x0000000306383aa0, unextended_sp=0x0000000306383aa0, fp=0x00000007957b4c50, pc=0x0000000111e959bc)
java.lang.invoke.LambdaForm.signatureArity(LambdaForm.java:538) - getstatic @ bci 0 
     Created vframeArray 0x00007fcbf3872820
DEOPT UNPACKING thread 0x00007fcbf200b000 vframeArray 0x00007fcbf3872820 mode 2
     {method} {0x000000010e721760} &apos;signatureArity&apos; &apos;(Ljava/lang/String;)I&apos; in &apos;java/lang/invoke/LambdaForm&apos; - getstatic @ bci 0 sp = 0x0000000306383a68
<uncommon_trap thread='8963' reason='uninitialized' action='reinterpret' compile_id='942' compiler='C2' count='2' stamp='6.023'>
Uncommon trap occurred in java.lang.invoke.LambdaForm::prepare (@0x0000000111e93d9c) thread=8963 reason=uninitialized action=reinterpret unloaded_class_index=-1
<jvms bci='0' method='java/lang/invoke/LambdaForm prepare ()V' bytes='43' count='6' backedge_count='1' iicount='29' decompiles='2' uninitialized_traps='2'/>
</uncommon_trap>
DEOPT PACKING thread 0x00007fcbf200b000 Compiled frame (sp=0x0000000306383990 unextended sp=0x0000000306383990, fp=0x0000000795784f00, real_fp=0x00000003063839b0, pc=0x0000000111e93d9c)
     nmethod   6022  942             java.lang.invoke.LambdaForm::prepare (43 bytes)

     Virtual frames (innermost first):
        0 - frame( sp=0x0000000306383990, unextended_sp=0x0000000306383990, fp=0x0000000795784f00, pc=0x0000000111e93d9c)
java.lang.invoke.LambdaForm.prepare(LambdaForm.java:634) - getstatic @ bci 0 
     Created vframeArray 0x00007fcbf3035e20
DEOPT UNPACKING thread 0x00007fcbf200b000 vframeArray 0x00007fcbf3035e20 mode 2
     {method} {0x000000010e721b58} &apos;prepare&apos; &apos;()V&apos; in &apos;java/lang/invoke/LambdaForm&apos; - getstatic @ bci 0 sp = 0x0000000306383950
<uncommon_trap thread='8963' reason='uninitialized' action='reinterpret' compile_id='949' compiler='C2' count='6' stamp='6.053'>
Uncommon trap occurred in java.lang.invoke.LambdaForm::signatureArity (@0x0000000111e96f7c) thread=8963 reason=uninitialized action=reinterpret unloaded_class_index=-1
<jvms bci='0' method='java/lang/invoke/LambdaForm signatureArity (Ljava/lang/String;)I' bytes='28' count='5' backedge_count='1' iicount='58' decompiles='6' uninitialized_traps='6'/>
</uncommon_trap>
DEOPT PACKING thread 0x00007fcbf200b000 Compiled frame (sp=0x0000000306383ad0 unextended sp=0x0000000306383ad0, fp=0x00000007957b6de0, real_fp=0x0000000306383af0, pc=0x0000000111e96f7c)
     nmethod   6053  949             java.lang.invoke.LambdaForm::signatureArity (28 bytes)

     Virtual frames (innermost first):
        0 - frame( sp=0x0000000306383ad0, unextended_sp=0x0000000306383ad0, fp=0x00000007957b6de0, pc=0x0000000111e96f7c)
java.lang.invoke.LambdaForm.signatureArity(LambdaForm.java:538) - getstatic @ bci 0 
     Created vframeArray 0x00007fcbf3872820
DEOPT UNPACKING thread 0x00007fcbf200b000 vframeArray 0x00007fcbf3872820 mode 2
     {method} {0x000000010e721760} &apos;signatureArity&apos; &apos;(Ljava/lang/String;)I&apos; in &apos;java/lang/invoke/LambdaForm&apos; - getstatic @ bci 0 sp = 0x0000000306383aa0
<uncommon_trap thread='8963' reason='uninitialized' action='reinterpret' compile_id='843' compiler='C2' count='4' stamp='6.094'>
Uncommon trap occurred in java.lang.invoke.LambdaForm::normalize (@0x0000000111e5f1b8) thread=8963 reason=uninitialized action=reinterpret unloaded_class_index=-1
<jvms bci='176' method='java/lang/invoke/LambdaForm normalize ()I' bytes='322' count='4' backedge_count='12' iicount='14' decompiles='4' uninitialized_traps='4'/>
</uncommon_trap>
DEOPT PACKING thread 0x00007fcbf200b000 Compiled frame (sp=0x0000000306384580 unextended sp=0x0000000306384580, fp=0x00000007957b7348, real_fp=0x0000000306384610, pc=0x0000000111e5f1b8)
     nmethod   6093  843             java.lang.invoke.LambdaForm::normalize (322 bytes)

     Virtual frames (innermost first):
        0 - frame( sp=0x0000000306384580, unextended_sp=0x0000000306384580, fp=0x00000007957b7348, pc=0x0000000111e5f1b8)
java.lang.invoke.LambdaForm.normalize(LambdaForm.java:431) - getstatic @ bci 176 
     Created vframeArray 0x00007fcbf3058420
DEOPT UNPACKING thread 0x00007fcbf200b000 vframeArray 0x00007fcbf3058420 mode 2
     {method} {0x000000010e720d08} &apos;normalize&apos; &apos;()I&apos; in &apos;java/lang/invoke/LambdaForm&apos; - getstatic @ bci 176 sp = 0x0000000306384578
<uncommon_trap thread='8963' reason='uninitialized' action='reinterpret' compile_id='945' compiler='C2' count='3' stamp='6.099'>
Uncommon trap occurred in java.lang.invoke.LambdaForm::compileToBytecode (@0x0000000111e96afc) thread=8963 reason=uninitialized action=reinterpret unloaded_class_index=-1
<jvms bci='24' method='java/lang/invoke/LambdaForm compileToBytecode ()Ljava/lang/invoke/MemberName;' bytes='103' count='6' backedge_count='1' iicount='35' decompiles='3' uninitialized_traps='3'/>
</uncommon_trap>
DEOPT PACKING thread 0x00007fcbf200b000 Compiled frame (sp=0x0000000306384690 unextended sp=0x0000000306384690, fp=0x00000007957b7348, real_fp=0x00000003063846c0, pc=0x0000000111e96afc)
     nmethod   6098  945   !         java.lang.invoke.LambdaForm::compileToBytecode (103 bytes)

     Virtual frames (innermost first):
        0 - frame( sp=0x0000000306384690, unextended_sp=0x0000000306384690, fp=0x00000007957b7348, pc=0x0000000111e96afc)
java.lang.invoke.LambdaForm.compileToBytecode(LambdaForm.java:652) - getstatic @ bci 24 
     Created vframeArray 0x00007fcbf306e420
DEOPT UNPACKING thread 0x00007fcbf200b000 vframeArray 0x00007fcbf306e420 mode 2
     {method} {0x000000010e721ca0} &apos;compileToBytecode&apos; &apos;()Ljava/lang/invoke/MemberName;&apos; in &apos;java/lang/invoke/LambdaForm&apos; - getstatic @ bci 24 sp = 0x0000000306384660
<uncommon_trap thread='8963' reason='loop_limit_check' action='maybe_recompile' compile_id='845' compiler='C2' stamp='6.101'>
Uncommon trap occurred in java.lang.invoke.LambdaForm::useCount (@0x0000000111e62bec) thread=8963 reason=loop_limit_check action=maybe_recompile unloaded_class_index=-1
<jvms bci='74' method='java/lang/invoke/LambdaForm useCount (Ljava/lang/invoke/LambdaForm$Name;)I' bytes='99' count='5' backedge_count='6' iicount='6'/>
</uncommon_trap>
DEOPT PACKING thread 0x00007fcbf200b000 Compiled frame (sp=0x0000000306384390 unextended sp=0x0000000306384390, fp=0x0000000000000000, real_fp=0x00000003063843d0, pc=0x0000000111e62bec)
     nmethod   6100  845             java.lang.invoke.LambdaForm::useCount (99 bytes)

     Virtual frames (innermost first):
        0 - frame( sp=0x0000000306384390, unextended_sp=0x0000000306384390, fp=0x0000000000000000, pc=0x0000000111e62bec)
java.lang.invoke.LambdaForm.useCount(LambdaForm.java:1638) - fast_iload @ bci 74 
     Created vframeArray 0x00007fcbf407b820
DEOPT UNPACKING thread 0x00007fcbf200b000 vframeArray 0x00007fcbf407b820 mode 2
     {method} {0x000000010e724878} &apos;useCount&apos; &apos;(Ljava/lang/invoke/LambdaForm$Name;)I&apos; in &apos;java/lang/invoke/LambdaForm&apos; - iload @ bci 74 sp = 0x0000000306384350
<uncommon_trap thread='8963' reason='unstable_if' action='reinterpret' compile_id='587' compiler='C2' stamp='6.119'>
Uncommon trap occurred in sun.invoke.util.VerifyAccess::isTypeVisible (@0x0000000111dd4ba0) thread=8963 reason=unstable_if action=reinterpret unloaded_class_index=-1
<jvms bci='6' method='java/lang/Class getClassLoader ()Ljava/lang/ClassLoader;' bytes='28' count='5' backedge_count='1' iicount='46'/>
<jvms bci='43' method='sun/invoke/util/VerifyAccess isTypeVisible (Ljava/lang/Class;Ljava/lang/Class;)Z' bytes='118' count='5' backedge_count='1' iicount='10'/>
</uncommon_trap>
DEOPT PACKING thread 0x00007fcbf200b000 Compiled frame (sp=0x0000000306384910 unextended sp=0x0000000306384910, fp=0x00000000f2ab89f1, real_fp=0x0000000306384940, pc=0x0000000111dd4ba0)
     nmethod   6118  587             sun.invoke.util.VerifyAccess::isTypeVisible (118 bytes)

     Virtual frames (innermost first):
        0 - frame( sp=0x0000000306384910, unextended_sp=0x0000000306384910, fp=0x00000000f2ab89f1, pc=0x0000000111dd4ba0)
java.lang.Class.getClassLoader(Class.java:679) - ifnonnull @ bci 6 
        1 - frame( sp=0x0000000306384910, unextended_sp=0x0000000306384910, fp=0x00000000f2ab89f1, pc=0x0000000111dd4ba0)
sun.invoke.util.VerifyAccess.isTypeVisible(VerifyAccess.java:196) - invokevirtual @ bci 43 
     Created vframeArray 0x00007fcbf306e420
DEOPT UNPACKING thread 0x00007fcbf200b000 vframeArray 0x00007fcbf306e420 mode 2
     {method} {0x000000010ea4cd08} &apos;isTypeVisible&apos; &apos;(Ljava/lang/Class;Ljava/lang/Class;)Z&apos; in &apos;sun/invoke/util/VerifyAccess&apos; - invokevirtual @ bci 43 sp = 0x00000003063848a8
     {method} {0x000000010e6ba320} &apos;getClassLoader&apos; &apos;()Ljava/lang/ClassLoader;&apos; in &apos;java/lang/Class&apos; - ifnonnull @ bci 6 sp = 0x0000000306384850
<uncommon_trap thread='8963' reason='unstable_if' action='reinterpret' compile_id='20' compiler='C2' count='1' state='intrinsic recompiled' stamp='6.120'>
Uncommon trap occurred in java.lang.Class::getClassLoader (@0x0000000111c81ab4) thread=8963 reason=unstable_if action=reinterpret unloaded_class_index=-1
<jvms bci='6' method='java/lang/Class getClassLoader ()Ljava/lang/ClassLoader;' bytes='28' count='1' backedge_count='1' iicount='46' unstable_if_traps='1'/>
</uncommon_trap>
DEOPT PACKING thread 0x00007fcbf200b000 Compiled frame (sp=0x00000003063847d0 unextended sp=0x00000003063847d0, fp=0x00000007956bd458, real_fp=0x0000000306384800, pc=0x0000000111c81ab4)
     nmethod   6119   20             java.lang.Class::getClassLoader (28 bytes)

     Virtual frames (innermost first):
        0 - frame( sp=0x00000003063847d0, unextended_sp=0x00000003063847d0, fp=0x00000007956bd458, pc=0x0000000111c81ab4)
java.lang.Class.getClassLoader(Class.java:679) - ifnonnull @ bci 6 
     Created vframeArray 0x00007fcbf2060e20
DEOPT UNPACKING thread 0x00007fcbf200b000 vframeArray 0x00007fcbf2060e20 mode 2
     {method} {0x000000010e6ba320} &apos;getClassLoader&apos; &apos;()Ljava/lang/ClassLoader;&apos; in &apos;java/lang/Class&apos; - ifnonnull @ bci 6 sp = 0x0000000306384790
<uncommon_trap thread='8963' reason='loop_limit_check' action='maybe_recompile' compile_id='793' compiler='C2' stamp='6.150'>
Uncommon trap occurred in java.lang.invoke.LambdaForm$Name::useCount (@0x0000000111e45164) thread=8963 reason=loop_limit_check action=maybe_recompile unloaded_class_index=-1
<jvms bci='24' method='java/lang/invoke/LambdaForm$Name useCount (Ljava/lang/invoke/LambdaForm$Name;)I' bytes='42' count='4' backedge_count='8' iicount='4'/>
</uncommon_trap>
DEOPT PACKING thread 0x00007fcbf200b000 Compiled frame (sp=0x00000003063843d0 unextended sp=0x00000003063843d0, fp=0x00000007957bc960, real_fp=0x0000000306384410, pc=0x0000000111e45164)
     nmethod   6149  793             java.lang.invoke.LambdaForm$Name::useCount (42 bytes)

     Virtual frames (innermost first):
        0 - frame( sp=0x00000003063843d0, unextended_sp=0x00000003063843d0, fp=0x00000007957bc960, pc=0x0000000111e45164)
java.lang.invoke.LambdaForm$Name.useCount(LambdaForm.java:1582) - fast_aaccess_0 @ bci 24 
     Created vframeArray 0x00007fcbf407b820
DEOPT UNPACKING thread 0x00007fcbf200b000 vframeArray 0x00007fcbf407b820 mode 2
     {method} {0x000000010ea61c20} &apos;useCount&apos; &apos;(Ljava/lang/invoke/LambdaForm$Name;)I&apos; in &apos;java/lang/invoke/LambdaForm$Name&apos; - aload_0 @ bci 24 sp = 0x00000003063843b0
<dependency_failed type='unique_concrete_method' ctxk='java/lang/invoke/MethodHandle' x='java/lang/invoke/MethodHandle intrinsicName ()Ljava/lang/invoke/MethodHandleImpl$Intrinsic;' witness='java/lang/invoke/MethodHandleImpl$IntrinsicMethodHandle' stamp='6.368'/>
<uncommon_trap thread='8963' reason='array_check' action='maybe_recompile' compile_id='943' compiler='C2' stamp='6.505'>
Uncommon trap occurred in java.util.Arrays::fill (@0x0000000111e997a0) thread=8963 reason=array_check action=maybe_recompile unloaded_class_index=-1
<jvms bci='13' method='java/util/Arrays fill ([Ljava/lang/Object;Ljava/lang/Object;)V' bytes='21' count='5' backedge_count='11' iicount='6' decompiles='1' predicate_traps='1'/>
</uncommon_trap>
DEOPT PACKING thread 0x00007fcbf200b000 Compiled frame (sp=0x0000000306382f20 unextended sp=0x0000000306382f20, fp=0x0000000795802558, real_fp=0x0000000306382f70, pc=0x0000000111e997a0)
     nmethod   6505  943             java.util.Arrays::fill (21 bytes)

     Virtual frames (innermost first):
        0 - frame( sp=0x0000000306382f20, unextended_sp=0x0000000306382f20, fp=0x0000000795802558, pc=0x0000000111e997a0)
java.util.Arrays.fill(Arrays.java:3130) - aastore @ bci 13 
     Created vframeArray 0x00007fcbf407d420
DEOPT UNPACKING thread 0x00007fcbf200b000 vframeArray 0x00007fcbf407d420 mode 2
     {method} {0x000000010e801cf8} &apos;fill&apos; &apos;([Ljava/lang/Object;Ljava/lang/Object;)V&apos; in &apos;java/util/Arrays&apos; - aastore @ bci 13 sp = 0x0000000306382ee8
<uncommon_trap thread='8963' reason='array_check' action='maybe_recompile' compile_id='943' compiler='C2' count='1' state='array_check' stamp='6.619'>
Uncommon trap occurred in java.util.Arrays::fill (@0x0000000111e997a0) thread=8963 reason=array_check action=maybe_recompile unloaded_class_index=-1
<jvms bci='13' method='java/util/Arrays fill ([Ljava/lang/Object;Ljava/lang/Object;)V' bytes='21' count='5' backedge_count='18' iicount='6' decompiles='1' array_check_traps='1' predicate_traps='1'/>
</uncommon_trap>
DEOPT PACKING thread 0x00007fcbf200b000 Compiled frame (sp=0x0000000306382f20 unextended sp=0x0000000306382f20, fp=0x000000079580e628, real_fp=0x0000000306382f70, pc=0x0000000111e997a0)
     nmethod   6619  943             java.util.Arrays::fill (21 bytes)

     Virtual frames (innermost first):
        0 - frame( sp=0x0000000306382f20, unextended_sp=0x0000000306382f20, fp=0x000000079580e628, pc=0x0000000111e997a0)
java.util.Arrays.fill(Arrays.java:3130) - aastore @ bci 13 
     Created vframeArray 0x00007fcbf2060e20
DEOPT UNPACKING thread 0x00007fcbf200b000 vframeArray 0x00007fcbf2060e20 mode 2
     {method} {0x000000010e801cf8} &apos;fill&apos; &apos;([Ljava/lang/Object;Ljava/lang/Object;)V&apos; in &apos;java/util/Arrays&apos; - aastore @ bci 13 sp = 0x0000000306382ee8
<uncommon_trap thread='8963' reason='array_check' action='maybe_recompile' compile_id='943' compiler='C2' count='2' state='array_check' stamp='6.645'>
Uncommon trap occurred in java.util.Arrays::fill (@0x0000000111e997a0) thread=8963 reason=array_check action=maybe_recompile unloaded_class_index=-1
<jvms bci='13' method='java/util/Arrays fill ([Ljava/lang/Object;Ljava/lang/Object;)V' bytes='21' count='5' backedge_count='26' iicount='6' decompiles='1' array_check_traps='2' predicate_traps='1'/>
</uncommon_trap>
DEOPT PACKING thread 0x00007fcbf200b000 Compiled frame (sp=0x0000000306382f20 unextended sp=0x0000000306382f20, fp=0x000000079581b8f8, real_fp=0x0000000306382f70, pc=0x0000000111e997a0)
     nmethod   6644  943             java.util.Arrays::fill (21 bytes)

     Virtual frames (innermost first):
        0 - frame( sp=0x0000000306382f20, unextended_sp=0x0000000306382f20, fp=0x000000079581b8f8, pc=0x0000000111e997a0)
java.util.Arrays.fill(Arrays.java:3130) - aastore @ bci 13 
     Created vframeArray 0x00007fcbf3872820
DEOPT UNPACKING thread 0x00007fcbf200b000 vframeArray 0x00007fcbf3872820 mode 2
     {method} {0x000000010e801cf8} &apos;fill&apos; &apos;([Ljava/lang/Object;Ljava/lang/Object;)V&apos; in &apos;java/util/Arrays&apos; - aastore @ bci 13 sp = 0x0000000306382ee8
<uncommon_trap thread='8963' reason='unstable_if' action='reinterpret' compile_id='954' compiler='C2' stamp='6.666'>
Uncommon trap occurred in java.lang.invoke.LambdaForm::argument (@0x0000000111e9bd9c) thread=8963 reason=unstable_if action=reinterpret unloaded_class_index=-1
<jvms bci='3' method='java/lang/invoke/LambdaForm argument (ILjava/lang/invoke/LambdaForm$BasicType;)Ljava/lang/invoke/LambdaForm$Name;' bytes='27' count='6' backedge_count='1' iicount='75' decompiles='8' uninitialized_traps='8'/>
</uncommon_trap>
DEOPT PACKING thread 0x00007fcbf200b000 Compiled frame (sp=0x0000000306382b40 unextended sp=0x0000000306382b40, fp=0x00000007958200b0, real_fp=0x0000000306382b70, pc=0x0000000111e9bd9c)
     nmethod   6666  954             java.lang.invoke.LambdaForm::argument (27 bytes)

     Virtual frames (innermost first):
        0 - frame( sp=0x0000000306382b40, unextended_sp=0x0000000306382b40, fp=0x00000007958200b0, pc=0x0000000111e9bd9c)
java.lang.invoke.LambdaForm.argument(LambdaForm.java:1647) - if_icmplt @ bci 3 
     Created vframeArray 0x00007fcbf407dc20
DEOPT UNPACKING thread 0x00007fcbf200b000 vframeArray 0x00007fcbf407dc20 mode 2
     {method} {0x000000010e724a10} &apos;argument&apos; &apos;(ILjava/lang/invoke/LambdaForm$BasicType;)Ljava/lang/invoke/LambdaForm$Name;&apos; in &apos;java/lang/invoke/LambdaForm&apos; - if_icmplt @ bci 3 sp = 0x0000000306382b00
<uncommon_trap thread='8963' reason='array_check' action='maybe_recompile' compile_id='943' compiler='C2' count='3' state='array_check' stamp='6.677'>
Uncommon trap occurred in java.util.Arrays::fill (@0x0000000111e997a0) thread=8963 reason=array_check action=maybe_recompile unloaded_class_index=-1
<jvms bci='13' method='java/util/Arrays fill ([Ljava/lang/Object;Ljava/lang/Object;)V' bytes='21' count='5' backedge_count='35' iicount='6' decompiles='1' array_check_traps='3' predicate_traps='1'/>
</uncommon_trap>
DEOPT PACKING thread 0x00007fcbf200b000 Compiled frame (sp=0x0000000306382f70 unextended sp=0x0000000306382f70, fp=0x0000000795828b18, real_fp=0x0000000306382fc0, pc=0x0000000111e997a0)
     nmethod   6677  943             java.util.Arrays::fill (21 bytes)

     Virtual frames (innermost first):
        0 - frame( sp=0x0000000306382f70, unextended_sp=0x0000000306382f70, fp=0x0000000795828b18, pc=0x0000000111e997a0)
java.util.Arrays.fill(Arrays.java:3130) - aastore @ bci 13 
     Created vframeArray 0x00007fcbf407c420
DEOPT UNPACKING thread 0x00007fcbf200b000 vframeArray 0x00007fcbf407c420 mode 2
     {method} {0x000000010e801cf8} &apos;fill&apos; &apos;([Ljava/lang/Object;Ljava/lang/Object;)V&apos; in &apos;java/util/Arrays&apos; - aastore @ bci 13 sp = 0x0000000306382f38
<uncommon_trap thread='8963' reason='unloaded' action='reinterpret' index='11' compile_id='572' compiler='C2' unresolved='1' name='java/lang/StringBuilder' stamp='6.697'>
Uncommon trap occurred in java.lang.Class::getSimpleName (@0x0000000111dc786c) thread=8963 reason=unloaded action=reinterpret unloaded_class_index=11 unresolved class: java/lang/StringBuilder
<jvms bci='7' method='java/lang/Class getSimpleName ()Ljava/lang/String;' bytes='120' count='5' backedge_count='1' iicount='10'/>
</uncommon_trap>
DEOPT PACKING thread 0x00007fcbf200b000 Compiled frame (sp=0x0000000306382d30 unextended sp=0x0000000306382d30, fp=0x0000000795584090, real_fp=0x0000000306382d60, pc=0x0000000111dc786c)
     nmethod   6696  572             java.lang.Class::getSimpleName (120 bytes)

     Virtual frames (innermost first):
        0 - frame( sp=0x0000000306382d30, unextended_sp=0x0000000306382d30, fp=0x0000000795584090, pc=0x0000000111dc786c)
java.lang.Class.getSimpleName(Class.java:1307) - new @ bci 7 
     Created vframeArray 0x00007fcbf407dc20
DEOPT UNPACKING thread 0x00007fcbf200b000 vframeArray 0x00007fcbf407dc20 mode 2
     {method} {0x000000010e6bb770} &apos;getSimpleName&apos; &apos;()Ljava/lang/String;&apos; in &apos;java/lang/Class&apos; - new @ bci 7 sp = 0x0000000306382cf8
<uncommon_trap thread='8963' reason='null_assert' action='make_not_entrant' compile_id='619' compiler='C2' stamp='6.697'>
Uncommon trap occurred in java.lang.invoke.MemberName$Factory::resolveOrFail (@0x0000000111de17e8) thread=8963 reason=null_assert action=make_not_entrant unloaded_class_index=-1
<jvms bci='29' method='java/lang/invoke/MemberName$Factory resolveOrFail (BLjava/lang/invoke/MemberName;Ljava/lang/Class;Ljava/lang/Class;)Ljava/lang/invoke/MemberName;' bytes='52' count='5' backedge_count='1' iicount='10'/>
</uncommon_trap>
DEOPT PACKING thread 0x00007fcbf200b000 Compiled frame (sp=0x0000000306382f80 unextended sp=0x0000000306382f80, fp=0x00000007956c5ed8, real_fp=0x0000000306382fb0, pc=0x0000000111de17e8)
     nmethod   6697  619             java.lang.invoke.MemberName$Factory::resolveOrFail (52 bytes)

     Virtual frames (innermost first):
        0 - frame( sp=0x0000000306382f80, unextended_sp=0x0000000306382f80, fp=0x00000007956c5ed8, pc=0x0000000111de17e8)
java.lang.invoke.MemberName$Factory.resolveOrFail(MemberName.java:1004) - instanceof @ bci 29 
     Created vframeArray 0x00007fcbf407c420
DEOPT UNPACKING thread 0x00007fcbf200b000 vframeArray 0x00007fcbf407c420 mode 2
     {method} {0x000000010e9172d8} &apos;resolveOrFail&apos; &apos;(BLjava/lang/invoke/MemberName;Ljava/lang/Class;Ljava/lang/Class;)Ljava/lang/invoke/MemberName;&apos; in &apos;java/lang/invoke/MemberName$Factory&apos; - instanceof @ bci 29 sp = 0x0000000306382f20
<uncommon_trap thread='8963' reason='null_check' action='make_not_entrant' compile_id='195' compiler='C2' stamp='6.698'>
Uncommon trap occurred in java.util.ArrayList::add (@0x0000000111d07f28) thread=8963 reason=null_check action=make_not_entrant unloaded_class_index=-1
<jvms bci='26' method='java/util/ArrayList add (Ljava/lang/Object;)Z' bytes='29' count='5' backedge_count='1' iicount='10'/>
</uncommon_trap>
DEOPT PACKING thread 0x00007fcbf200b000 Compiled frame (sp=0x0000000306383030 unextended sp=0x0000000306383030, fp=0x00000000f2b06fe7, real_fp=0x0000000306383060, pc=0x0000000111d07f28)
     nmethod   6698  195             java.util.ArrayList::add (29 bytes)

     Virtual frames (innermost first):
        0 - frame( sp=0x0000000306383030, unextended_sp=0x0000000306383030, fp=0x00000000f2b06fe7, pc=0x0000000111d07f28)
java.util.ArrayList.add(ArrayList.java:465) - aastore @ bci 26 
     Created vframeArray 0x00007fcbf407dc20
DEOPT UNPACKING thread 0x00007fcbf200b000 vframeArray 0x00007fcbf407dc20 mode 2
     {method} {0x000000010e7a4468} &apos;add&apos; &apos;(Ljava/lang/Object;)Z&apos; in &apos;java/util/ArrayList&apos; - aastore @ bci 26 sp = 0x0000000306382ff8
<uncommon_trap thread='8963' reason='class_check' action='maybe_recompile' compile_id='991' compiler='C2' stamp='6.736'>
Uncommon trap occurred in java.lang.invoke.InvokerBytecodeGenerator::generateCustomizedCodeBytes (@0x0000000111eb6cf0) thread=8963 reason=class_check action=maybe_recompile unloaded_class_index=-1
<jvms bci='17' method='java/lang/invoke/LambdaForm$NamedFunction intrinsicName ()Ljava/lang/invoke/MethodHandleImpl$Intrinsic;' bytes='21' count='5' backedge_count='1' iicount='10'/>
<jvms bci='180' method='java/lang/invoke/InvokerBytecodeGenerator generateCustomizedCodeBytes ()[B' bytes='604' count='5' backedge_count='7' iicount='5' decompiles='1'/>
</uncommon_trap>
DEOPT PACKING thread 0x00007fcbf200b000 Compiled frame (sp=0x0000000306382b30 unextended sp=0x0000000306382b30, fp=0x00000000f2af250a, real_fp=0x0000000306382b90, pc=0x0000000111eb6cf0)
     nmethod   6736  991             java.lang.invoke.InvokerBytecodeGenerator::generateCustomizedCodeBytes (604 bytes)

     Virtual frames (innermost first):
        0 - frame( sp=0x0000000306382b30, unextended_sp=0x0000000306382b30, fp=0x00000000f2af250a, pc=0x0000000111eb6cf0)
java.lang.invoke.LambdaForm$NamedFunction.intrinsicName(LambdaForm.java:1328) - invokevirtual @ bci 17 
        1 - frame( sp=0x0000000306382b30, unextended_sp=0x0000000306382b30, fp=0x00000000f2af250a, pc=0x0000000111eb6cf0)
java.lang.invoke.InvokerBytecodeGenerator.generateCustomizedCodeBytes(InvokerBytecodeGenerator.java:668) - invokevirtual @ bci 180 
     Created vframeArray 0x00007fcbf2060e20
DEOPT UNPACKING thread 0x00007fcbf200b000 vframeArray 0x00007fcbf2060e20 mode 2
     {method} {0x000000010ea8ebd8} &apos;generateCustomizedCodeBytes&apos; &apos;()[B&apos; in &apos;java/lang/invoke/InvokerBytecodeGenerator&apos; - invokevirtual @ bci 180 sp = 0x0000000306382b08
     {method} {0x000000010ea66a50} &apos;intrinsicName&apos; &apos;()Ljava/lang/invoke/MethodHandleImpl$Intrinsic;&apos; in &apos;java/lang/invoke/LambdaForm$NamedFunction&apos; - invokevirtual @ bci 17 sp = 0x0000000306382ab0
<uncommon_trap thread='8963' reason='class_check' action='maybe_recompile' compile_id='929' compiler='C2' stamp='6.739'>
Uncommon trap occurred in java.lang.invoke.MethodType::listToArray (@0x0000000111e90250) thread=8963 reason=class_check action=maybe_recompile unloaded_class_index=-1
<jvms bci='1' method='java/lang/invoke/MethodType listToArray (Ljava/util/List;)[Ljava/lang/Class;' bytes='22' count='5' backedge_count='1' iicount='10'/>
</uncommon_trap>
DEOPT PACKING thread 0x00007fcbf200b000 Compiled frame (sp=0x0000000306382cf0 unextended sp=0x0000000306382cf0, fp=0x0000000306382d80, real_fp=0x0000000306382d20, pc=0x0000000111e90250)
     nmethod   6738  929             java.lang.invoke.MethodType::listToArray (22 bytes)

     Virtual frames (innermost first):
        0 - frame( sp=0x0000000306382cf0, unextended_sp=0x0000000306382cf0, fp=0x0000000306382d80, pc=0x0000000111e90250)
java.lang.invoke.MethodType.listToArray(MethodType.java:227) - invokeinterface @ bci 1 
     Created vframeArray 0x00007fcbf387a020
DEOPT UNPACKING thread 0x00007fcbf200b000 vframeArray 0x00007fcbf387a020 mode 2
     {method} {0x000000010e728a50} &apos;listToArray&apos; &apos;(Ljava/util/List;)[Ljava/lang/Class;&apos; in &apos;java/lang/invoke/MethodType&apos; - invokeinterface @ bci 1 sp = 0x0000000306382cc8
<uncommon_trap thread='8963' reason='class_check' action='maybe_recompile' compile_id='991' compiler='C2' count='1' state='class_check' stamp='6.745'>
Uncommon trap occurred in java.lang.invoke.InvokerBytecodeGenerator::generateCustomizedCodeBytes (@0x0000000111eb6cf0) thread=8963 reason=class_check action=maybe_recompile unloaded_class_index=-1
<jvms bci='17' method='java/lang/invoke/LambdaForm$NamedFunction intrinsicName ()Ljava/lang/invoke/MethodHandleImpl$Intrinsic;' bytes='21' count='5' backedge_count='1' iicount='10' class_check_traps='1'/>
<jvms bci='180' method='java/lang/invoke/InvokerBytecodeGenerator generateCustomizedCodeBytes ()[B' bytes='604' count='5' backedge_count='9' iicount='5' decompiles='1'/>
</uncommon_trap>
DEOPT PACKING thread 0x00007fcbf200b000 Compiled frame (sp=0x0000000306382bf0 unextended sp=0x0000000306382bf0, fp=0x00000000f2afa73e, real_fp=0x0000000306382c50, pc=0x0000000111eb6cf0)
     nmethod   6745  991             java.lang.invoke.InvokerBytecodeGenerator::generateCustomizedCodeBytes (604 bytes)

     Virtual frames (innermost first):
        0 - frame( sp=0x0000000306382bf0, unextended_sp=0x0000000306382bf0, fp=0x00000000f2afa73e, pc=0x0000000111eb6cf0)
java.lang.invoke.LambdaForm$NamedFunction.intrinsicName(LambdaForm.java:1328) - invokevirtual @ bci 17 
        1 - frame( sp=0x0000000306382bf0, unextended_sp=0x0000000306382bf0, fp=0x00000000f2afa73e, pc=0x0000000111eb6cf0)
java.lang.invoke.InvokerBytecodeGenerator.generateCustomizedCodeBytes(InvokerBytecodeGenerator.java:668) - invokevirtual @ bci 180 
     Created vframeArray 0x00007fcbf387b820
DEOPT UNPACKING thread 0x00007fcbf200b000 vframeArray 0x00007fcbf387b820 mode 2
     {method} {0x000000010ea8ebd8} &apos;generateCustomizedCodeBytes&apos; &apos;()[B&apos; in &apos;java/lang/invoke/InvokerBytecodeGenerator&apos; - invokevirtual @ bci 180 sp = 0x0000000306382bc8
     {method} {0x000000010ea66a50} &apos;intrinsicName&apos; &apos;()Ljava/lang/invoke/MethodHandleImpl$Intrinsic;&apos; in &apos;java/lang/invoke/LambdaForm$NamedFunction&apos; - invokevirtual @ bci 17 sp = 0x0000000306382b70
<uncommon_trap thread='8963' reason='class_check' action='maybe_recompile' compile_id='991' compiler='C2' count='2' state='class_check' stamp='6.768'>
Uncommon trap occurred in java.lang.invoke.InvokerBytecodeGenerator::generateCustomizedCodeBytes (@0x0000000111eb6cf0) thread=8963 reason=class_check action=maybe_recompile unloaded_class_index=-1
<jvms bci='17' method='java/lang/invoke/LambdaForm$NamedFunction intrinsicName ()Ljava/lang/invoke/MethodHandleImpl$Intrinsic;' bytes='21' count='5' backedge_count='1' iicount='10' class_check_traps='2'/>
<jvms bci='180' method='java/lang/invoke/InvokerBytecodeGenerator generateCustomizedCodeBytes ()[B' bytes='604' count='5' backedge_count='9' iicount='5' decompiles='1'/>
</uncommon_trap>
DEOPT PACKING thread 0x00007fcbf200b000 Compiled frame (sp=0x00000003063823e0 unextended sp=0x00000003063823e0, fp=0x00000000f2af250a, real_fp=0x0000000306382440, pc=0x0000000111eb6cf0)
     nmethod   6768  991             java.lang.invoke.InvokerBytecodeGenerator::generateCustomizedCodeBytes (604 bytes)

     Virtual frames (innermost first):
        0 - frame( sp=0x00000003063823e0, unextended_sp=0x00000003063823e0, fp=0x00000000f2af250a, pc=0x0000000111eb6cf0)
java.lang.invoke.LambdaForm$NamedFunction.intrinsicName(LambdaForm.java:1328) - invokevirtual @ bci 17 
        1 - frame( sp=0x00000003063823e0, unextended_sp=0x00000003063823e0, fp=0x00000000f2af250a, pc=0x0000000111eb6cf0)
java.lang.invoke.InvokerBytecodeGenerator.generateCustomizedCodeBytes(InvokerBytecodeGenerator.java:668) - invokevirtual @ bci 180 
     Created vframeArray 0x00007fcbf306e420
DEOPT UNPACKING thread 0x00007fcbf200b000 vframeArray 0x00007fcbf306e420 mode 2
     {method} {0x000000010ea8ebd8} &apos;generateCustomizedCodeBytes&apos; &apos;()[B&apos; in &apos;java/lang/invoke/InvokerBytecodeGenerator&apos; - invokevirtual @ bci 180 sp = 0x00000003063823b8
     {method} {0x000000010ea66a50} &apos;intrinsicName&apos; &apos;()Ljava/lang/invoke/MethodHandleImpl$Intrinsic;&apos; in &apos;java/lang/invoke/LambdaForm$NamedFunction&apos; - invokevirtual @ bci 17 sp = 0x0000000306382360
<uncommon_trap thread='8963' reason='class_check' action='maybe_recompile' compile_id='993' compiler='C2' count='3' state='class_check' stamp='6.775'>
Uncommon trap occurred in java.lang.invoke.LambdaForm$NamedFunction::intrinsicName (@0x0000000111ea7188) thread=8963 reason=class_check action=maybe_recompile unloaded_class_index=-1
<jvms bci='17' method='java/lang/invoke/LambdaForm$NamedFunction intrinsicName ()Ljava/lang/invoke/MethodHandleImpl$Intrinsic;' bytes='21' count='5' backedge_count='1' iicount='10' class_check_traps='3'/>
</uncommon_trap>
DEOPT PACKING thread 0x00007fcbf200b000 Compiled frame (sp=0x0000000306382ba0 unextended sp=0x0000000306382ba0, fp=0x00000000f2af250a, real_fp=0x0000000306382bc0, pc=0x0000000111ea7188)
     nmethod   6774  993             java.lang.invoke.LambdaForm$NamedFunction::intrinsicName (21 bytes)

     Virtual frames (innermost first):
        0 - frame( sp=0x0000000306382ba0, unextended_sp=0x0000000306382ba0, fp=0x00000000f2af250a, pc=0x0000000111ea7188)
java.lang.invoke.LambdaForm$NamedFunction.intrinsicName(LambdaForm.java:1328) - invokevirtual @ bci 17 
     Created vframeArray 0x00007fcbf306ec20
DEOPT UNPACKING thread 0x00007fcbf200b000 vframeArray 0x00007fcbf306ec20 mode 2
     {method} {0x000000010ea66a50} &apos;intrinsicName&apos; &apos;()Ljava/lang/invoke/MethodHandleImpl$Intrinsic;&apos; in &apos;java/lang/invoke/LambdaForm$NamedFunction&apos; - invokevirtual @ bci 17 sp = 0x0000000306382b68
<uncommon_trap thread='8963' reason='class_check' action='maybe_recompile' compile_id='991' compiler='C2' count='4' state='class_check recompiled' stamp='6.819'>
Uncommon trap occurred in java.lang.invoke.InvokerBytecodeGenerator::generateCustomizedCodeBytes (@0x0000000111eb6cf0) thread=8963 reason=class_check action=maybe_recompile unloaded_class_index=-1
<jvms bci='17' method='java/lang/invoke/LambdaForm$NamedFunction intrinsicName ()Ljava/lang/invoke/MethodHandleImpl$Intrinsic;' bytes='21' count='6' backedge_count='1' iicount='11' decompiles='1' class_check_traps='4'/>
<jvms bci='180' method='java/lang/invoke/InvokerBytecodeGenerator generateCustomizedCodeBytes ()[B' bytes='604' count='5' backedge_count='14' iicount='5' decompiles='1'/>
</uncommon_trap>
DEOPT PACKING thread 0x00007fcbf200b000 Compiled frame (sp=0x0000000306383b00 unextended sp=0x0000000306383b00, fp=0x00000000f2afa73e, real_fp=0x0000000306383b60, pc=0x0000000111eb6cf0)
     nmethod   6819  991             java.lang.invoke.InvokerBytecodeGenerator::generateCustomizedCodeBytes (604 bytes)

     Virtual frames (innermost first):
        0 - frame( sp=0x0000000306383b00, unextended_sp=0x0000000306383b00, fp=0x00000000f2afa73e, pc=0x0000000111eb6cf0)
java.lang.invoke.LambdaForm$NamedFunction.intrinsicName(LambdaForm.java:1328) - invokevirtual @ bci 17 
        1 - frame( sp=0x0000000306383b00, unextended_sp=0x0000000306383b00, fp=0x00000000f2afa73e, pc=0x0000000111eb6cf0)
java.lang.invoke.InvokerBytecodeGenerator.generateCustomizedCodeBytes(InvokerBytecodeGenerator.java:668) - invokevirtual @ bci 180 
     Created vframeArray 0x00007fcbf407dc20
DEOPT UNPACKING thread 0x00007fcbf200b000 vframeArray 0x00007fcbf407dc20 mode 2
     {method} {0x000000010ea8ebd8} &apos;generateCustomizedCodeBytes&apos; &apos;()[B&apos; in &apos;java/lang/invoke/InvokerBytecodeGenerator&apos; - invokevirtual @ bci 180 sp = 0x0000000306383ad8
     {method} {0x000000010ea66a50} &apos;intrinsicName&apos; &apos;()Ljava/lang/invoke/MethodHandleImpl$Intrinsic;&apos; in &apos;java/lang/invoke/LambdaForm$NamedFunction&apos; - invokevirtual @ bci 17 sp = 0x0000000306383a80
<uncommon_trap thread='8963' reason='null_assert' action='make_not_entrant' compile_id='798' compiler='C2' stamp='6.919'>
Uncommon trap occurred in jdk.internal.org.objectweb.asm.ClassWriter::toByteArray (@0x0000000111e4cff4) thread=8963 reason=null_assert action=make_not_entrant unloaded_class_index=-1
<jvms bci='35' method='jdk/internal/org/objectweb/asm/ClassWriter toByteArray ()[B' bytes='1289' count='4' backedge_count='7' iicount='4'/>
</uncommon_trap>
DEOPT PACKING thread 0x00007fcbf200b000 Compiled frame (sp=0x0000000306383f90 unextended sp=0x0000000306383f90, fp=0x00000000f2b0e11c, real_fp=0x0000000306383fe0, pc=0x0000000111e4cff4)
     nmethod   6919  798             jdk.internal.org.objectweb.asm.ClassWriter::toByteArray (1289 bytes)

     Virtual frames (innermost first):
        0 - frame( sp=0x0000000306383f90, unextended_sp=0x0000000306383f90, fp=0x00000000f2b0e11c, pc=0x0000000111e4cff4)
jdk.internal.org.objectweb.asm.ClassWriter.toByteArray(ClassWriter.java:846) - astore_3 @ bci 35 
     Created vframeArray 0x00007fcbf407c420
DEOPT UNPACKING thread 0x00007fcbf200b000 vframeArray 0x00007fcbf407c420 mode 2
     {method} {0x000000010ea979c8} &apos;toByteArray&apos; &apos;()[B&apos; in &apos;jdk/internal/org/objectweb/asm/ClassWriter&apos; - astore_3 @ bci 35 sp = 0x0000000306383f40
<dependency_failed type='abstract_with_unique_concrete_subtype' ctxk='java/util/HashMap$HashIterator' x='java/util/HashMap$ValueIterator' witness='java/util/HashMap$EntryIterator' stamp='6.931'/>
<dependency_failed type='abstract_with_unique_concrete_subtype' ctxk='java/util/HashMap$HashIterator' x='java/util/HashMap$ValueIterator' witness='java/util/HashMap$EntryIterator' stamp='6.931'/>
<dependency_failed type='abstract_with_unique_concrete_subtype' ctxk='java/util/HashMap$HashIterator' x='java/util/HashMap$ValueIterator' witness='java/util/HashMap$EntryIterator' stamp='6.931'/>
<uncommon_trap thread='8963' reason='class_check' action='maybe_recompile' compile_id='149' compiler='C2' count='1' state='class_check' stamp='6.949'>
Uncommon trap occurred in java.util.HashMap::putVal (@0x0000000111cf3e4c) thread=8963 reason=class_check action=maybe_recompile unloaded_class_index=-1
<jvms bci='152' method='java/util/HashMap putVal (ILjava/lang/Object;Ljava/lang/Object;ZZ)Ljava/lang/Object;' bytes='300' count='2' backedge_count='1' iicount='14' class_check_traps='1'/>
</uncommon_trap>
DEOPT PACKING thread 0x00007fcbf200b000 Compiled frame (sp=0x00000003063834a0 unextended sp=0x00000003063834a0, fp=0x00000007c001cf10, real_fp=0x0000000306383550, pc=0x0000000111cf3e4c)
     nmethod   6949  149             java.util.HashMap::putVal (300 bytes)

     Virtual frames (innermost first):
        0 - frame( sp=0x00000003063834a0, unextended_sp=0x00000003063834a0, fp=0x00000007c001cf10, pc=0x0000000111cf3e4c)
java.util.HashMap.putVal(HashMap.java:643) - invokevirtual @ bci 152 
     Created vframeArray 0x00007fcbf203aa20
DEOPT UNPACKING thread 0x00007fcbf200b000 vframeArray 0x00007fcbf203aa20 mode 2
     {method} {0x000000010e7c3a98} &apos;putVal&apos; &apos;(ILjava/lang/Object;Ljava/lang/Object;ZZ)Ljava/lang/Object;&apos; in &apos;java/util/HashMap&apos; - invokevirtual @ bci 152 sp = 0x0000000306383498
<uncommon_trap thread='8963' reason='class_check' action='maybe_recompile' compile_id='658' compiler='C2' stamp='6.952'>
Uncommon trap occurred in java.util.Arrays::equals (@0x0000000111df39c8) thread=8963 reason=class_check action=maybe_recompile unloaded_class_index=-1
<jvms bci='62' method='java/util/Arrays equals ([Ljava/lang/Object;[Ljava/lang/Object;)Z' bytes='78' count='3' backedge_count='9' iicount='3'/>
</uncommon_trap>
DEOPT PACKING thread 0x00007fcbf200b000 Compiled frame (sp=0x00000003063844e0 unextended sp=0x00000003063844e0, fp=0x00000007958503e0, real_fp=0x0000000306384520, pc=0x0000000111df39c8)
     nmethod   6952  658             java.util.Arrays::equals (78 bytes)

     Virtual frames (innermost first):
        0 - frame( sp=0x00000003063844e0, unextended_sp=0x00000003063844e0, fp=0x00000007958503e0, pc=0x0000000111df39c8)
java.util.Arrays.equals(Arrays.java:2829) - invokevirtual @ bci 62 
     Created vframeArray 0x00007fcbf202f420
DEOPT UNPACKING thread 0x00007fcbf200b000 vframeArray 0x00007fcbf202f420 mode 2
     {method} {0x000000010e800c88} &apos;equals&apos; &apos;([Ljava/lang/Object;[Ljava/lang/Object;)Z&apos; in &apos;java/util/Arrays&apos; - invokevirtual @ bci 62 sp = 0x00000003063844a0
<uncommon_trap thread='8963' reason='unstable_if' action='reinterpret' compile_id='964' compiler='C2' stamp='7.005'>
Uncommon trap occurred in java.lang.invoke.LambdaForm::normalize (@0x0000000111ea0c9c) thread=8963 reason=unstable_if action=reinterpret unloaded_class_index=-1
<jvms bci='35' method='java/lang/invoke/LambdaForm normalize ()I' bytes='322' count='2' backedge_count='11' iicount='15' decompiles='5' uninitialized_traps='5'/>
</uncommon_trap>
DEOPT PACKING thread 0x00007fcbf200b000 Compiled frame (sp=0x00000003063843d0 unextended sp=0x00000003063843d0, fp=0x0000000000000001, real_fp=0x0000000306384420, pc=0x0000000111ea0c9c)
     nmethod   7004  964             java.lang.invoke.LambdaForm::normalize (322 bytes)

     Virtual frames (innermost first):
        0 - frame( sp=0x00000003063843d0, unextended_sp=0x00000003063843d0, fp=0x0000000000000001, pc=0x0000000111ea0c9c)
java.lang.invoke.LambdaForm.normalize(LambdaForm.java:412) - ifne @ bci 35 
     Created vframeArray 0x00007fcbf203aa20
DEOPT UNPACKING thread 0x00007fcbf200b000 vframeArray 0x00007fcbf203aa20 mode 2
     {method} {0x000000010e720d08} &apos;normalize&apos; &apos;()I&apos; in &apos;java/lang/invoke/LambdaForm&apos; - ifne @ bci 35 sp = 0x0000000306384380
<uncommon_trap thread='8963' reason='class_check' action='maybe_recompile' compile_id='658' compiler='C2' count='1' state='class_check' stamp='7.109'>
Uncommon trap occurred in java.util.Arrays::equals (@0x0000000111df39c8) thread=8963 reason=class_check action=maybe_recompile unloaded_class_index=-1
<jvms bci='62' method='java/util/Arrays equals ([Ljava/lang/Object;[Ljava/lang/Object;)Z' bytes='78' count='3' backedge_count='10' iicount='3' class_check_traps='1'/>
</uncommon_trap>
DEOPT PACKING thread 0x00007fcbf200b000 Compiled frame (sp=0x00000003063845b0 unextended sp=0x00000003063845b0, fp=0x000000079586c6d8, real_fp=0x00000003063845f0, pc=0x0000000111df39c8)
     nmethod   7109  658             java.util.Arrays::equals (78 bytes)

     Virtual frames (innermost first):
        0 - frame( sp=0x00000003063845b0, unextended_sp=0x00000003063845b0, fp=0x000000079586c6d8, pc=0x0000000111df39c8)
java.util.Arrays.equals(Arrays.java:2829) - invokevirtual @ bci 62 
     Created vframeArray 0x00007fcbf306d820
DEOPT UNPACKING thread 0x00007fcbf200b000 vframeArray 0x00007fcbf306d820 mode 2
     {method} {0x000000010e800c88} &apos;equals&apos; &apos;([Ljava/lang/Object;[Ljava/lang/Object;)Z&apos; in &apos;java/util/Arrays&apos; - invokevirtual @ bci 62 sp = 0x0000000306384570
<uncommon_trap thread='8963' reason='predicate' action='maybe_recompile' compile_id='1075' compiler='C2' stamp='7.111'>
Uncommon trap occurred in java.util.Arrays::fill (@0x0000000111ed60a8) thread=8963 reason=predicate action=maybe_recompile unloaded_class_index=-1
<jvms bci='16' method='java/util/Arrays fill ([Ljava/lang/Object;IILjava/lang/Object;)V' bytes='28' count='5' backedge_count='6' iicount='6'/>
</uncommon_trap>
DEOPT PACKING thread 0x00007fcbf200b000 Compiled frame (sp=0x00000003063844b0 unextended sp=0x00000003063844b0, fp=0x0000000000000000, real_fp=0x0000000306384500, pc=0x0000000111ed60a8)
     nmethod   7111 1075             java.util.Arrays::fill (28 bytes)

     Virtual frames (innermost first):
        0 - frame( sp=0x00000003063844b0, unextended_sp=0x00000003063844b0, fp=0x0000000000000000, pc=0x0000000111ed60a8)
java.util.Arrays.fill(Arrays.java:3155) - fast_aload_0 @ bci 16 
     Created vframeArray 0x00007fcbf306fe20
DEOPT UNPACKING thread 0x00007fcbf200b000 vframeArray 0x00007fcbf306fe20 mode 2
     {method} {0x000000010e801df8} &apos;fill&apos; &apos;([Ljava/lang/Object;IILjava/lang/Object;)V&apos; in &apos;java/util/Arrays&apos; - aload_0 @ bci 16 sp = 0x00000003063844a8
<uncommon_trap thread='8963' reason='array_check' action='maybe_recompile' compile_id='1107' compiler='C2' stamp='7.131'>
Uncommon trap occurred in java.util.Arrays::fill (@0x0000000111cd25b4) thread=8963 reason=array_check action=maybe_recompile unloaded_class_index=-1
<jvms bci='20' method='java/util/Arrays fill ([Ljava/lang/Object;IILjava/lang/Object;)V' bytes='28' count='5' backedge_count='6' iicount='7' decompiles='1' predicate_traps='1'/>
</uncommon_trap>
DEOPT PACKING thread 0x00007fcbf200b000 Compiled frame (sp=0x00000003063844a0 unextended sp=0x00000003063844a0, fp=0x0000000000000006, real_fp=0x0000000306384500, pc=0x0000000111cd25b4)
     nmethod   7131 1107             java.util.Arrays::fill (28 bytes)

     Virtual frames (innermost first):
        0 - frame( sp=0x00000003063844a0, unextended_sp=0x00000003063844a0, fp=0x0000000000000006, pc=0x0000000111cd25b4)
java.util.Arrays.fill(Arrays.java:3155) - aastore @ bci 20 
     Created vframeArray 0x00007fcbf203aa20
DEOPT UNPACKING thread 0x00007fcbf200b000 vframeArray 0x00007fcbf203aa20 mode 2
     {method} {0x000000010e801df8} &apos;fill&apos; &apos;([Ljava/lang/Object;IILjava/lang/Object;)V&apos; in &apos;java/util/Arrays&apos; - aastore @ bci 20 sp = 0x0000000306384490
<uncommon_trap thread='8963' reason='array_check' action='maybe_recompile' compile_id='1107' compiler='C2' count='1' state='array_check' stamp='7.133'>
Uncommon trap occurred in java.util.Arrays::fill (@0x0000000111cd25b4) thread=8963 reason=array_check action=maybe_recompile unloaded_class_index=-1
<jvms bci='20' method='java/util/Arrays fill ([Ljava/lang/Object;IILjava/lang/Object;)V' bytes='28' count='5' backedge_count='7' iicount='7' decompiles='1' array_check_traps='1' predicate_traps='1'/>
</uncommon_trap>
DEOPT PACKING thread 0x00007fcbf200b000 Compiled frame (sp=0x00000003063844a0 unextended sp=0x00000003063844a0, fp=0x0000000000000006, real_fp=0x0000000306384500, pc=0x0000000111cd25b4)
     nmethod   7132 1107             java.util.Arrays::fill (28 bytes)

     Virtual frames (innermost first):
        0 - frame( sp=0x00000003063844a0, unextended_sp=0x00000003063844a0, fp=0x0000000000000006, pc=0x0000000111cd25b4)
java.util.Arrays.fill(Arrays.java:3155) - aastore @ bci 20 
     Created vframeArray 0x00007fcbf306fe20
DEOPT UNPACKING thread 0x00007fcbf200b000 vframeArray 0x00007fcbf306fe20 mode 2
     {method} {0x000000010e801df8} &apos;fill&apos; &apos;([Ljava/lang/Object;IILjava/lang/Object;)V&apos; in &apos;java/util/Arrays&apos; - aastore @ bci 20 sp = 0x0000000306384490
<uncommon_trap thread='8963' reason='array_check' action='maybe_recompile' compile_id='1107' compiler='C2' count='2' state='array_check' stamp='7.133'>
Uncommon trap occurred in java.util.Arrays::fill (@0x0000000111cd25b4) thread=8963 reason=array_check action=maybe_recompile unloaded_class_index=-1
<jvms bci='20' method='java/util/Arrays fill ([Ljava/lang/Object;IILjava/lang/Object;)V' bytes='28' count='5' backedge_count='8' iicount='7' decompiles='1' array_check_traps='2' predicate_traps='1'/>
</uncommon_trap>
DEOPT PACKING thread 0x00007fcbf200b000 Compiled frame (sp=0x00000003063844a0 unextended sp=0x00000003063844a0, fp=0x0000000000000003, real_fp=0x0000000306384500, pc=0x0000000111cd25b4)
     nmethod   7132 1107             java.util.Arrays::fill (28 bytes)

     Virtual frames (innermost first):
        0 - frame( sp=0x00000003063844a0, unextended_sp=0x00000003063844a0, fp=0x0000000000000003, pc=0x0000000111cd25b4)
java.util.Arrays.fill(Arrays.java:3155) - aastore @ bci 20 
     Created vframeArray 0x00007fcbf306d820
DEOPT UNPACKING thread 0x00007fcbf200b000 vframeArray 0x00007fcbf306d820 mode 2
     {method} {0x000000010e801df8} &apos;fill&apos; &apos;([Ljava/lang/Object;IILjava/lang/Object;)V&apos; in &apos;java/util/Arrays&apos; - aastore @ bci 20 sp = 0x0000000306384490
<uncommon_trap thread='8963' reason='array_check' action='maybe_recompile' compile_id='1107' compiler='C2' count='3' state='array_check' stamp='7.133'>
Uncommon trap occurred in java.util.Arrays::fill (@0x0000000111cd25b4) thread=8963 reason=array_check action=maybe_recompile unloaded_class_index=-1
<jvms bci='20' method='java/util/Arrays fill ([Ljava/lang/Object;IILjava/lang/Object;)V' bytes='28' count='5' backedge_count='9' iicount='7' decompiles='1' array_check_traps='3' predicate_traps='1'/>
</uncommon_trap>
DEOPT PACKING thread 0x00007fcbf200b000 Compiled frame (sp=0x00000003063844a0 unextended sp=0x00000003063844a0, fp=0x0000000000000003, real_fp=0x0000000306384500, pc=0x0000000111cd25b4)
     nmethod   7133 1107             java.util.Arrays::fill (28 bytes)

     Virtual frames (innermost first):
        0 - frame( sp=0x00000003063844a0, unextended_sp=0x00000003063844a0, fp=0x0000000000000003, pc=0x0000000111cd25b4)
java.util.Arrays.fill(Arrays.java:3155) - aastore @ bci 20 
     Created vframeArray 0x00007fcbf203aa20
DEOPT UNPACKING thread 0x00007fcbf200b000 vframeArray 0x00007fcbf203aa20 mode 2
     {method} {0x000000010e801df8} &apos;fill&apos; &apos;([Ljava/lang/Object;IILjava/lang/Object;)V&apos; in &apos;java/util/Arrays&apos; - aastore @ bci 20 sp = 0x0000000306384490
<uncommon_trap thread='8963' reason='class_check' action='maybe_recompile' compile_id='658' compiler='C2' count='2' state='class_check' stamp='7.339'>
Uncommon trap occurred in java.util.Arrays::equals (@0x0000000111df39c8) thread=8963 reason=class_check action=maybe_recompile unloaded_class_index=-1
<jvms bci='62' method='java/util/Arrays equals ([Ljava/lang/Object;[Ljava/lang/Object;)Z' bytes='78' count='3' backedge_count='11' iicount='3' class_check_traps='2'/>
</uncommon_trap>
DEOPT PACKING thread 0x00007fcbf200b000 Compiled frame (sp=0x00000003063845b0 unextended sp=0x00000003063845b0, fp=0x0000000795882500, real_fp=0x00000003063845f0, pc=0x0000000111df39c8)
     nmethod   7339  658             java.util.Arrays::equals (78 bytes)

     Virtual frames (innermost first):
        0 - frame( sp=0x00000003063845b0, unextended_sp=0x00000003063845b0, fp=0x0000000795882500, pc=0x0000000111df39c8)
java.util.Arrays.equals(Arrays.java:2829) - invokevirtual @ bci 62 
     Created vframeArray 0x00007fcbf306d820
DEOPT UNPACKING thread 0x00007fcbf200b000 vframeArray 0x00007fcbf306d820 mode 2
     {method} {0x000000010e800c88} &apos;equals&apos; &apos;([Ljava/lang/Object;[Ljava/lang/Object;)Z&apos; in &apos;java/util/Arrays&apos; - invokevirtual @ bci 62 sp = 0x0000000306384570
<uncommon_trap thread='8963' reason='class_check' action='maybe_recompile' compile_id='658' compiler='C2' count='3' state='class_check' stamp='7.347'>
Uncommon trap occurred in java.util.Arrays::equals (@0x0000000111df39c8) thread=8963 reason=class_check action=maybe_recompile unloaded_class_index=-1
<jvms bci='62' method='java/util/Arrays equals ([Ljava/lang/Object;[Ljava/lang/Object;)Z' bytes='78' count='3' backedge_count='12' iicount='3' class_check_traps='3'/>
</uncommon_trap>
DEOPT PACKING thread 0x00007fcbf200b000 Compiled frame (sp=0x00000003063845b0 unextended sp=0x00000003063845b0, fp=0x0000000795882780, real_fp=0x00000003063845f0, pc=0x0000000111df39c8)
     nmethod   7346  658             java.util.Arrays::equals (78 bytes)

     Virtual frames (innermost first):
        0 - frame( sp=0x00000003063845b0, unextended_sp=0x00000003063845b0, fp=0x0000000795882780, pc=0x0000000111df39c8)
java.util.Arrays.equals(Arrays.java:2829) - invokevirtual @ bci 62 
     Created vframeArray 0x00007fcbf387a020
DEOPT UNPACKING thread 0x00007fcbf200b000 vframeArray 0x00007fcbf387a020 mode 2
     {method} {0x000000010e800c88} &apos;equals&apos; &apos;([Ljava/lang/Object;[Ljava/lang/Object;)Z&apos; in &apos;java/util/Arrays&apos; - invokevirtual @ bci 62 sp = 0x0000000306384570
<dependency_failed type='abstract_with_unique_concrete_subtype' ctxk='jdk/internal/org/objectweb/asm/MethodVisitor' x='jdk/internal/org/objectweb/asm/MethodWriter' witness='java/lang/invoke/TypeConvertingMethodAdapter' stamp='7.598'/>
<dependency_failed type='abstract_with_unique_concrete_subtype' ctxk='jdk/internal/org/objectweb/asm/MethodVisitor' x='jdk/internal/org/objectweb/asm/MethodWriter' witness='java/lang/invoke/TypeConvertingMethodAdapter' stamp='7.598'/>
<dependency_failed type='abstract_with_unique_concrete_subtype' ctxk='jdk/internal/org/objectweb/asm/MethodVisitor' x='jdk/internal/org/objectweb/asm/MethodWriter' witness='java/lang/invoke/TypeConvertingMethodAdapter' stamp='7.598'/>
<dependency_failed type='abstract_with_unique_concrete_subtype' ctxk='jdk/internal/org/objectweb/asm/MethodVisitor' x='jdk/internal/org/objectweb/asm/MethodWriter' witness='java/lang/invoke/TypeConvertingMethodAdapter' stamp='7.598'/>
<dependency_failed type='abstract_with_unique_concrete_subtype' ctxk='jdk/internal/org/objectweb/asm/MethodVisitor' x='jdk/internal/org/objectweb/asm/MethodWriter' witness='java/lang/invoke/TypeConvertingMethodAdapter' stamp='7.598'/>
<dependency_failed type='abstract_with_unique_concrete_subtype' ctxk='jdk/internal/org/objectweb/asm/MethodVisitor' x='jdk/internal/org/objectweb/asm/MethodWriter' witness='java/lang/invoke/TypeConvertingMethodAdapter' stamp='7.598'/>
<dependency_failed type='abstract_with_unique_concrete_subtype' ctxk='jdk/internal/org/objectweb/asm/MethodVisitor' x='jdk/internal/org/objectweb/asm/MethodWriter' witness='java/lang/invoke/TypeConvertingMethodAdapter' stamp='7.598'/>
<dependency_failed type='abstract_with_unique_concrete_subtype' ctxk='jdk/internal/org/objectweb/asm/MethodVisitor' x='jdk/internal/org/objectweb/asm/MethodWriter' witness='java/lang/invoke/TypeConvertingMethodAdapter' stamp='7.598'/>
<dependency_failed type='abstract_with_unique_concrete_subtype' ctxk='jdk/internal/org/objectweb/asm/MethodVisitor' x='jdk/internal/org/objectweb/asm/MethodWriter' witness='java/lang/invoke/TypeConvertingMethodAdapter' stamp='7.598'/>
<dependency_failed type='abstract_with_unique_concrete_subtype' ctxk='jdk/internal/org/objectweb/asm/MethodVisitor' x='jdk/internal/org/objectweb/asm/MethodWriter' witness='java/lang/invoke/TypeConvertingMethodAdapter' stamp='7.598'/>
<dependency_failed type='abstract_with_unique_concrete_subtype' ctxk='jdk/internal/org/objectweb/asm/MethodVisitor' x='jdk/internal/org/objectweb/asm/MethodWriter' witness='java/lang/invoke/TypeConvertingMethodAdapter' stamp='7.598'/>
<dependency_failed type='abstract_with_unique_concrete_subtype' ctxk='jdk/internal/org/objectweb/asm/MethodVisitor' x='jdk/internal/org/objectweb/asm/MethodWriter' witness='java/lang/invoke/TypeConvertingMethodAdapter' stamp='7.598'/>
<dependency_failed type='abstract_with_unique_concrete_subtype' ctxk='jdk/internal/org/objectweb/asm/MethodVisitor' x='jdk/internal/org/objectweb/asm/MethodWriter' witness='java/lang/invoke/TypeConvertingMethodAdapter' stamp='7.598'/>
<dependency_failed type='abstract_with_unique_concrete_subtype' ctxk='jdk/internal/org/objectweb/asm/MethodVisitor' x='jdk/internal/org/objectweb/asm/MethodWriter' witness='java/lang/invoke/TypeConvertingMethodAdapter' stamp='7.598'/>
<dependency_failed type='abstract_with_unique_concrete_subtype' ctxk='jdk/internal/org/objectweb/asm/MethodVisitor' x='jdk/internal/org/objectweb/asm/MethodWriter' witness='java/lang/invoke/TypeConvertingMethodAdapter' stamp='7.598'/>
<dependency_failed type='abstract_with_unique_concrete_subtype' ctxk='jdk/internal/org/objectweb/asm/MethodVisitor' x='jdk/internal/org/objectweb/asm/MethodWriter' witness='java/lang/invoke/TypeConvertingMethodAdapter' stamp='7.598'/>
<dependency_failed type='abstract_with_unique_concrete_subtype' ctxk='jdk/internal/org/objectweb/asm/MethodVisitor' x='jdk/internal/org/objectweb/asm/MethodWriter' witness='java/lang/invoke/TypeConvertingMethodAdapter' stamp='7.598'/>
<dependency_failed type='abstract_with_unique_concrete_subtype' ctxk='jdk/internal/org/objectweb/asm/MethodVisitor' x='jdk/internal/org/objectweb/asm/MethodWriter' witness='java/lang/invoke/TypeConvertingMethodAdapter' stamp='7.598'/>
<dependency_failed type='abstract_with_unique_concrete_subtype' ctxk='jdk/internal/org/objectweb/asm/MethodVisitor' x='jdk/internal/org/objectweb/asm/MethodWriter' witness='java/lang/invoke/TypeConvertingMethodAdapter' stamp='7.599'/>
<dependency_failed type='abstract_with_unique_concrete_subtype' ctxk='jdk/internal/org/objectweb/asm/MethodVisitor' x='jdk/internal/org/objectweb/asm/MethodWriter' witness='java/lang/invoke/TypeConvertingMethodAdapter' stamp='7.599'/>
<dependency_failed type='abstract_with_unique_concrete_subtype' ctxk='jdk/internal/org/objectweb/asm/MethodVisitor' x='jdk/internal/org/objectweb/asm/MethodWriter' witness='java/lang/invoke/TypeConvertingMethodAdapter' stamp='7.599'/>
<uncommon_trap thread='8963' reason='uninitialized' action='reinterpret' compile_id='1168' compiler='C2' stamp='7.602'>
Uncommon trap occurred in java.lang.invoke.TypeConvertingMethodAdapter::initWidening (@0x0000000111f0d9d0) thread=8963 reason=uninitialized action=reinterpret unloaded_class_index=-1
<jvms bci='22' method='java/lang/invoke/TypeConvertingMethodAdapter initWidening (Lsun/invoke/util/Wrapper;I[Lsun/invoke/util/Wrapper;)V' bytes='44' count='4' backedge_count='6' iicount='4'/>
</uncommon_trap>
DEOPT PACKING thread 0x00007fcbf200b000 Compiled frame (sp=0x0000000306383ec0 unextended sp=0x0000000306383ec0, fp=0x00000000f2ad8101, real_fp=0x0000000306383f00, pc=0x0000000111f0d9d0)
     nmethod   7601 1168             java.lang.invoke.TypeConvertingMethodAdapter::initWidening (44 bytes)

     Virtual frames (innermost first):
        0 - frame( sp=0x0000000306383ec0, unextended_sp=0x0000000306383ec0, fp=0x00000000f2ad8101, pc=0x0000000111f0d9d0)
java.lang.invoke.TypeConvertingMethodAdapter.initWidening(TypeConvertingMethodAdapter.java:92) - getstatic @ bci 22 
     Created vframeArray 0x00007fcbf306d820
DEOPT UNPACKING thread 0x00007fcbf200b000 vframeArray 0x00007fcbf306d820 mode 2
     {method} {0x000000010eb97db8} &apos;initWidening&apos; &apos;(Lsun/invoke/util/Wrapper;I[Lsun/invoke/util/Wrapper;)V&apos; in &apos;java/lang/invoke/TypeConvertingMethodAdapter&apos; - getstatic @ bci 22 sp = 0x0000000306383e90
<uncommon_trap thread='8963' reason='unloaded' action='reinterpret' index='37' compile_id='946' compiler='C2' unresolved='1' name='java/lang/invoke/DirectMethodHandle$Special' count='1' stamp='7.908'>
Uncommon trap occurred in java.lang.invoke.DirectMethodHandle::make (@0x0000000111e973e4) thread=8963 reason=unloaded action=reinterpret unloaded_class_index=37 unresolved class: java/lang/invoke/DirectMethodHandle$Special
<jvms bci='103' method='java/lang/invoke/DirectMethodHandle make (BLjava/lang/Class;Ljava/lang/invoke/MemberName;)Ljava/lang/invoke/DirectMethodHandle;' bytes='242' count='3' backedge_count='1' iicount='19' decompiles='1' unloaded_traps='1'/>
</uncommon_trap>
DEOPT PACKING thread 0x00007fcbf200b000 Compiled frame (sp=0x00000003063844a0 unextended sp=0x00000003063844a0, fp=0x000000079590e2c0, real_fp=0x00000003063844f0, pc=0x0000000111e973e4)
     nmethod   7908  946             java.lang.invoke.DirectMethodHandle::make (242 bytes)

     Virtual frames (innermost first):
        0 - frame( sp=0x00000003063844a0, unextended_sp=0x00000003063844a0, fp=0x000000079590e2c0, pc=0x0000000111e973e4)
java.lang.invoke.DirectMethodHandle.make(DirectMethodHandle.java:82) - new @ bci 103 
     Created vframeArray 0x00007fcbf385f220
DEOPT UNPACKING thread 0x00007fcbf200b000 vframeArray 0x00007fcbf385f220 mode 2
     {method} {0x000000010e70be40} &apos;make&apos; &apos;(BLjava/lang/Class;Ljava/lang/invoke/MemberName;)Ljava/lang/invoke/DirectMethodHandle;&apos; in &apos;java/lang/invoke/DirectMethodHandle&apos; - new @ bci 103 sp = 0x0000000306384460
<uncommon_trap thread='8963' reason='class_check' action='maybe_recompile' compile_id='1009' compiler='C2' stamp='7.909'>
Uncommon trap occurred in java.lang.invoke.MethodHandles$Lookup::getDirectMethodCommon (@0x0000000111ec0138) thread=8963 reason=class_check action=maybe_recompile unloaded_class_index=-1
<jvms bci='263' method='java/lang/invoke/MethodHandles$Lookup getDirectMethodCommon (BLjava/lang/Class;Ljava/lang/invoke/MemberName;ZZLjava/lang/Class;)Ljava/lang/invoke/MethodHandle;' bytes='271' count='5' backedge_count='1' iicount='10'/>
</uncommon_trap>
DEOPT PACKING thread 0x00007fcbf200b000 Compiled frame (sp=0x00000003063844f0 unextended sp=0x00000003063844f0, fp=0x0000000795913158, real_fp=0x0000000306384570, pc=0x0000000111ec0138)
     nmethod   7909 1009             java.lang.invoke.MethodHandles$Lookup::getDirectMethodCommon (271 bytes)

     Virtual frames (innermost first):
        0 - frame( sp=0x00000003063844f0, unextended_sp=0x00000003063844f0, fp=0x0000000795913158, pc=0x0000000111ec0138)
java.lang.invoke.MethodHandles$Lookup.getDirectMethodCommon(MethodHandles.java:1670) - invokevirtual @ bci 263 
     Created vframeArray 0x00007fcbf387ac20
DEOPT UNPACKING thread 0x00007fcbf200b000 vframeArray 0x00007fcbf387ac20 mode 2
     {method} {0x000000010ea2c960} &apos;getDirectMethodCommon&apos; &apos;(BLjava/lang/Class;Ljava/lang/invoke/MemberName;ZZLjava/lang/Class;)Ljava/lang/invoke/MethodHandle;&apos; in &apos;java/lang/invoke/MethodHandles$Lookup&apos; - invokevirtual @ bci 263 sp = 0x0000000306384500
<uncommon_trap thread='8963' reason='class_check' action='maybe_recompile' compile_id='149' compiler='C2' count='2' state='class_check' stamp='8.035'>
Uncommon trap occurred in java.util.HashMap::putVal (@0x0000000111cf3e4c) thread=8963 reason=class_check action=maybe_recompile unloaded_class_index=-1
<jvms bci='152' method='java/util/HashMap putVal (ILjava/lang/Object;Ljava/lang/Object;ZZ)Ljava/lang/Object;' bytes='300' count='2' backedge_count='1' iicount='14' class_check_traps='2'/>
</uncommon_trap>
DEOPT PACKING thread 0x00007fcbf200b000 Compiled frame (sp=0x0000000306384ff0 unextended sp=0x0000000306384ff0, fp=0x00000007c001cf10, real_fp=0x00000003063850a0, pc=0x0000000111cf3e4c)
     nmethod   8034  149             java.util.HashMap::putVal (300 bytes)

     Virtual frames (innermost first):
        0 - frame( sp=0x0000000306384ff0, unextended_sp=0x0000000306384ff0, fp=0x00000007c001cf10, pc=0x0000000111cf3e4c)
java.util.HashMap.putVal(HashMap.java:643) - invokevirtual @ bci 152 
     Created vframeArray 0x00007fcbf306d820
DEOPT UNPACKING thread 0x00007fcbf200b000 vframeArray 0x00007fcbf306d820 mode 2
     {method} {0x000000010e7c3a98} &apos;putVal&apos; &apos;(ILjava/lang/Object;Ljava/lang/Object;ZZ)Ljava/lang/Object;&apos; in &apos;java/util/HashMap&apos; - invokevirtual @ bci 152 sp = 0x0000000306384fb8
<uncommon_trap thread='8963' reason='class_check' action='maybe_recompile' compile_id='149' compiler='C2' count='3' state='class_check' stamp='8.045'>
Uncommon trap occurred in java.util.HashMap::putVal (@0x0000000111cf3e4c) thread=8963 reason=class_check action=maybe_recompile unloaded_class_index=-1
<jvms bci='152' method='java/util/HashMap putVal (ILjava/lang/Object;Ljava/lang/Object;ZZ)Ljava/lang/Object;' bytes='300' count='2' backedge_count='1' iicount='14' class_check_traps='3'/>
</uncommon_trap>
DEOPT PACKING thread 0x00007fcbf200b000 Compiled frame (sp=0x0000000306384ff0 unextended sp=0x0000000306384ff0, fp=0x00000007c001cf10, real_fp=0x00000003063850a0, pc=0x0000000111cf3e4c)
     nmethod   8044  149             java.util.HashMap::putVal (300 bytes)

     Virtual frames (innermost first):
        0 - frame( sp=0x0000000306384ff0, unextended_sp=0x0000000306384ff0, fp=0x00000007c001cf10, pc=0x0000000111cf3e4c)
java.util.HashMap.putVal(HashMap.java:643) - invokevirtual @ bci 152 
     Created vframeArray 0x00007fcbf304aa20
DEOPT UNPACKING thread 0x00007fcbf200b000 vframeArray 0x00007fcbf304aa20 mode 2
     {method} {0x000000010e7c3a98} &apos;putVal&apos; &apos;(ILjava/lang/Object;Ljava/lang/Object;ZZ)Ljava/lang/Object;&apos; in &apos;java/util/HashMap&apos; - invokevirtual @ bci 152 sp = 0x0000000306384fb8
<uncommon_trap thread='8963' reason='class_check' action='maybe_recompile' compile_id='1272' compiler='C2' stamp='8.523'>
Uncommon trap occurred in java.io.DataOutputStream::writeShort (@0x0000000111f34148) thread=8963 reason=class_check action=maybe_recompile unloaded_class_index=-1
<jvms bci='12' method='java/io/DataOutputStream writeShort (I)V' bytes='35' count='5' backedge_count='1' iicount='10'/>
</uncommon_trap>
DEOPT PACKING thread 0x00007fcbf200b000 Compiled frame (sp=0x00000003063850f0 unextended sp=0x00000003063850f0, fp=0x00000000000000c0, real_fp=0x0000000306385120, pc=0x0000000111f34148)
     nmethod   8523 1272             java.io.DataOutputStream::writeShort (35 bytes)

     Virtual frames (innermost first):
        0 - frame( sp=0x00000003063850f0, unextended_sp=0x00000003063850f0, fp=0x00000000000000c0, pc=0x0000000111f34148)
java.io.DataOutputStream.writeShort(DataOutputStream.java:167) - invokevirtual @ bci 12 
     Created vframeArray 0x00007fcbf387ac20
DEOPT UNPACKING thread 0x00007fcbf200b000 vframeArray 0x00007fcbf387ac20 mode 2
     {method} {0x000000010ec00fc8} &apos;writeShort&apos; &apos;(I)V&apos; in &apos;java/io/DataOutputStream&apos; - invokevirtual @ bci 12 sp = 0x00000003063850c0
<uncommon_trap thread='8963' reason='class_check' action='maybe_recompile' compile_id='1264' compiler='C2' stamp='8.524'>
Uncommon trap occurred in java.io.DataOutputStream::writeByte (@0x0000000111f31a08) thread=8963 reason=class_check action=maybe_recompile unloaded_class_index=-1
<jvms bci='5' method='java/io/DataOutputStream writeByte (I)V' bytes='14' count='5' backedge_count='1' iicount='10'/>
</uncommon_trap>
DEOPT PACKING thread 0x00007fcbf200b000 Compiled frame (sp=0x0000000306385090 unextended sp=0x0000000306385090, fp=0x0000000795966178, real_fp=0x00000003063850c0, pc=0x0000000111f31a08)
     nmethod   8523 1264             java.io.DataOutputStream::writeByte (14 bytes)

     Virtual frames (innermost first):
        0 - frame( sp=0x0000000306385090, unextended_sp=0x0000000306385090, fp=0x0000000795966178, pc=0x0000000111f31a08)
java.io.DataOutputStream.writeByte(DataOutputStream.java:153) - invokevirtual @ bci 5 
     Created vframeArray 0x00007fcbf3886620
DEOPT UNPACKING thread 0x00007fcbf200b000 vframeArray 0x00007fcbf3886620 mode 2
     {method} {0x000000010ec00ee0} &apos;writeByte&apos; &apos;(I)V&apos; in &apos;java/io/DataOutputStream&apos; - invokevirtual @ bci 5 sp = 0x0000000306385060
<uncommon_trap thread='8963' reason='class_check' action='maybe_recompile' compile_id='1264' compiler='C2' count='1' state='class_check' stamp='8.524'>
Uncommon trap occurred in java.io.DataOutputStream::writeByte (@0x0000000111f31a08) thread=8963 reason=class_check action=maybe_recompile unloaded_class_index=-1
<jvms bci='5' method='java/io/DataOutputStream writeByte (I)V' bytes='14' count='5' backedge_count='1' iicount='10' class_check_traps='1'/>
</uncommon_trap>
DEOPT PACKING thread 0x00007fcbf200b000 Compiled frame (sp=0x0000000306385090 unextended sp=0x0000000306385090, fp=0x0000000795966178, real_fp=0x00000003063850c0, pc=0x0000000111f31a08)
     nmethod   8524 1264             java.io.DataOutputStream::writeByte (14 bytes)

     Virtual frames (innermost first):
        0 - frame( sp=0x0000000306385090, unextended_sp=0x0000000306385090, fp=0x0000000795966178, pc=0x0000000111f31a08)
java.io.DataOutputStream.writeByte(DataOutputStream.java:153) - invokevirtual @ bci 5 
     Created vframeArray 0x00007fcbf4088c20
DEOPT UNPACKING thread 0x00007fcbf200b000 vframeArray 0x00007fcbf4088c20 mode 2
     {method} {0x000000010ec00ee0} &apos;writeByte&apos; &apos;(I)V&apos; in &apos;java/io/DataOutputStream&apos; - invokevirtual @ bci 5 sp = 0x0000000306385060
<uncommon_trap thread='8963' reason='class_check' action='maybe_recompile' compile_id='1264' compiler='C2' count='2' state='class_check' stamp='8.560'>
Uncommon trap occurred in java.io.DataOutputStream::writeByte (@0x0000000111f31a08) thread=8963 reason=class_check action=maybe_recompile unloaded_class_index=-1
<jvms bci='5' method='java/io/DataOutputStream writeByte (I)V' bytes='14' count='5' backedge_count='1' iicount='10' class_check_traps='2'/>
</uncommon_trap>
DEOPT PACKING thread 0x00007fcbf200b000 Compiled frame (sp=0x0000000306385090 unextended sp=0x0000000306385090, fp=0x0000000795966178, real_fp=0x00000003063850c0, pc=0x0000000111f31a08)
     nmethod   8560 1264             java.io.DataOutputStream::writeByte (14 bytes)

     Virtual frames (innermost first):
        0 - frame( sp=0x0000000306385090, unextended_sp=0x0000000306385090, fp=0x0000000795966178, pc=0x0000000111f31a08)
java.io.DataOutputStream.writeByte(DataOutputStream.java:153) - invokevirtual @ bci 5 
     Created vframeArray 0x00007fcbf3886620
DEOPT UNPACKING thread 0x00007fcbf200b000 vframeArray 0x00007fcbf3886620 mode 2
     {method} {0x000000010ec00ee0} &apos;writeByte&apos; &apos;(I)V&apos; in &apos;java/io/DataOutputStream&apos; - invokevirtual @ bci 5 sp = 0x0000000306385060
<uncommon_trap thread='8963' reason='class_check' action='maybe_recompile' compile_id='1264' compiler='C2' count='3' state='class_check' stamp='8.561'>
Uncommon trap occurred in java.io.DataOutputStream::writeByte (@0x0000000111f31a08) thread=8963 reason=class_check action=maybe_recompile unloaded_class_index=-1
<jvms bci='5' method='java/io/DataOutputStream writeByte (I)V' bytes='14' count='5' backedge_count='1' iicount='10' class_check_traps='3'/>
</uncommon_trap>
DEOPT PACKING thread 0x00007fcbf200b000 Compiled frame (sp=0x0000000306385090 unextended sp=0x0000000306385090, fp=0x0000000795966178, real_fp=0x00000003063850c0, pc=0x0000000111f31a08)
     nmethod   8560 1264             java.io.DataOutputStream::writeByte (14 bytes)

     Virtual frames (innermost first):
        0 - frame( sp=0x0000000306385090, unextended_sp=0x0000000306385090, fp=0x0000000795966178, pc=0x0000000111f31a08)
java.io.DataOutputStream.writeByte(DataOutputStream.java:153) - invokevirtual @ bci 5 
     Created vframeArray 0x00007fcbf385f220
DEOPT UNPACKING thread 0x00007fcbf200b000 vframeArray 0x00007fcbf385f220 mode 2
     {method} {0x000000010ec00ee0} &apos;writeByte&apos; &apos;(I)V&apos; in &apos;java/io/DataOutputStream&apos; - invokevirtual @ bci 5 sp = 0x0000000306385060
<uncommon_trap thread='8963' reason='class_check' action='maybe_recompile' compile_id='1272' compiler='C2' count='1' state='class_check' stamp='8.568'>
Uncommon trap occurred in java.io.DataOutputStream::writeShort (@0x0000000111f34148) thread=8963 reason=class_check action=maybe_recompile unloaded_class_index=-1
<jvms bci='12' method='java/io/DataOutputStream writeShort (I)V' bytes='35' count='5' backedge_count='1' iicount='10' class_check_traps='1'/>
</uncommon_trap>
DEOPT PACKING thread 0x00007fcbf200b000 Compiled frame (sp=0x0000000306385090 unextended sp=0x0000000306385090, fp=0x0000000000000005, real_fp=0x00000003063850c0, pc=0x0000000111f34148)
     nmethod   8568 1272             java.io.DataOutputStream::writeShort (35 bytes)

     Virtual frames (innermost first):
        0 - frame( sp=0x0000000306385090, unextended_sp=0x0000000306385090, fp=0x0000000000000005, pc=0x0000000111f34148)
java.io.DataOutputStream.writeShort(DataOutputStream.java:167) - invokevirtual @ bci 12 
     Created vframeArray 0x00007fcbf206f020
DEOPT UNPACKING thread 0x00007fcbf200b000 vframeArray 0x00007fcbf206f020 mode 2
     {method} {0x000000010ec00fc8} &apos;writeShort&apos; &apos;(I)V&apos; in &apos;java/io/DataOutputStream&apos; - invokevirtual @ bci 12 sp = 0x0000000306385060
<uncommon_trap thread='8963' reason='class_check' action='maybe_recompile' compile_id='1272' compiler='C2' count='2' state='class_check' stamp='8.572'>
Uncommon trap occurred in java.io.DataOutputStream::writeShort (@0x0000000111f34148) thread=8963 reason=class_check action=maybe_recompile unloaded_class_index=-1
<jvms bci='12' method='java/io/DataOutputStream writeShort (I)V' bytes='35' count='5' backedge_count='1' iicount='10' class_check_traps='2'/>
</uncommon_trap>
DEOPT PACKING thread 0x00007fcbf200b000 Compiled frame (sp=0x0000000306385090 unextended sp=0x0000000306385090, fp=0x0000000000000001, real_fp=0x00000003063850c0, pc=0x0000000111f34148)
     nmethod   8572 1272             java.io.DataOutputStream::writeShort (35 bytes)

     Virtual frames (innermost first):
        0 - frame( sp=0x0000000306385090, unextended_sp=0x0000000306385090, fp=0x0000000000000001, pc=0x0000000111f34148)
java.io.DataOutputStream.writeShort(DataOutputStream.java:167) - invokevirtual @ bci 12 
     Created vframeArray 0x00007fcbf206f820
DEOPT UNPACKING thread 0x00007fcbf200b000 vframeArray 0x00007fcbf206f820 mode 2
     {method} {0x000000010ec00fc8} &apos;writeShort&apos; &apos;(I)V&apos; in &apos;java/io/DataOutputStream&apos; - invokevirtual @ bci 12 sp = 0x0000000306385060
<uncommon_trap thread='8963' reason='class_check' action='maybe_recompile' compile_id='1272' compiler='C2' count='3' state='class_check' stamp='8.573'>
Uncommon trap occurred in java.io.DataOutputStream::writeShort (@0x0000000111f34148) thread=8963 reason=class_check action=maybe_recompile unloaded_class_index=-1
<jvms bci='12' method='java/io/DataOutputStream writeShort (I)V' bytes='35' count='5' backedge_count='1' iicount='10' class_check_traps='3'/>
</uncommon_trap>
DEOPT PACKING thread 0x00007fcbf200b000 Compiled frame (sp=0x0000000306385090 unextended sp=0x0000000306385090, fp=0x0000000000000002, real_fp=0x00000003063850c0, pc=0x0000000111f34148)
     nmethod   8572 1272             java.io.DataOutputStream::writeShort (35 bytes)

     Virtual frames (innermost first):
        0 - frame( sp=0x0000000306385090, unextended_sp=0x0000000306385090, fp=0x0000000000000002, pc=0x0000000111f34148)
java.io.DataOutputStream.writeShort(DataOutputStream.java:167) - invokevirtual @ bci 12 
     Created vframeArray 0x00007fcbf4088c20
DEOPT UNPACKING thread 0x00007fcbf200b000 vframeArray 0x00007fcbf4088c20 mode 2
     {method} {0x000000010ec00fc8} &apos;writeShort&apos; &apos;(I)V&apos; in &apos;java/io/DataOutputStream&apos; - invokevirtual @ bci 12 sp = 0x0000000306385060
<uncommon_trap thread='8963' reason='speculate_class_check' action='maybe_recompile' compile_id='1045' compiler='C2' stamp='8.719'>
Uncommon trap occurred in java.lang.invoke.MethodHandleImpl$IntrinsicMethodHandle::&lt;init&gt; (@0x0000000111ec4370) thread=8963 reason=speculate_class_check action=maybe_recompile unloaded_class_index=-1
<jvms bci='1' method='java/lang/invoke/DelegatingMethodHandle chooseDelegatingForm (Ljava/lang/invoke/MethodHandle;)Ljava/lang/invoke/LambdaForm;' bytes='24' count='5' backedge_count='1' iicount='10'/>
<jvms bci='3' method='java/lang/invoke/DelegatingMethodHandle &lt;init&gt; (Ljava/lang/invoke/MethodType;Ljava/lang/invoke/MethodHandle;)V' bytes='10' count='5' backedge_count='1' iicount='10'/>
<jvms bci='6' method='java/lang/invoke/MethodHandleImpl$IntrinsicMethodHandle &lt;init&gt; (Ljava/lang/invoke/MethodHandle;Ljava/lang/invoke/MethodHandleImpl$Intrinsic;)V' bytes='20' count='5' backedge_count='1' iicount='10'/>
</uncommon_trap>
DEOPT PACKING thread 0x00007fcbf200b000 Compiled frame (sp=0x0000000306383790 unextended sp=0x0000000306383790, fp=0x00000000f2ad8ead, real_fp=0x00000003063837f0, pc=0x0000000111ec4370)
     nmethod   8719 1045             java.lang.invoke.MethodHandleImpl$IntrinsicMethodHandle::&lt;init&gt; (20 bytes)

     Virtual frames (innermost first):
        0 - frame( sp=0x0000000306383790, unextended_sp=0x0000000306383790, fp=0x00000000f2ad8ead, pc=0x0000000111ec4370)
java.lang.invoke.DelegatingMethodHandle.chooseDelegatingForm(DelegatingMethodHandle.java:90) - instanceof @ bci 1 
        1 - frame( sp=0x0000000306383790, unextended_sp=0x0000000306383790, fp=0x00000000f2ad8ead, pc=0x0000000111ec4370)
java.lang.invoke.DelegatingMethodHandle.&lt;init&gt;(DelegatingMethodHandle.java:44) - invokestatic @ bci 3 
        2 - frame( sp=0x0000000306383790, unextended_sp=0x0000000306383790, fp=0x00000000f2ad8ead, pc=0x0000000111ec4370)
java.lang.invoke.MethodHandleImpl$IntrinsicMethodHandle.&lt;init&gt;(MethodHandleImpl.java:1331) - invokespecial @ bci 6 
     Created vframeArray 0x00007fcbf4088020
DEOPT UNPACKING thread 0x00007fcbf200b000 vframeArray 0x00007fcbf4088020 mode 2
     {method} {0x000000010eb32670} &apos;&lt;init&gt;&apos; &apos;(Ljava/lang/invoke/MethodHandle;Ljava/lang/invoke/MethodHandleImpl$Intrinsic;)V&apos; in &apos;java/lang/invoke/MethodHandleImpl$IntrinsicMethodHandle&apos; - invokespecial @ bci 6 sp = 0x0000000306383788
     {method} {0x000000010eb2d278} &apos;&lt;init&gt;&apos; &apos;(Ljava/lang/invoke/MethodType;Ljava/lang/invoke/MethodHandle;)V&apos; in &apos;java/lang/invoke/DelegatingMethodHandle&apos; - invokestatic @ bci 3 sp = 0x0000000306383720
     {method} {0x000000010eb2d9c0} &apos;chooseDelegatingForm&apos; &apos;(Ljava/lang/invoke/MethodHandle;)Ljava/lang/invoke/LambdaForm;&apos; in &apos;java/lang/invoke/DelegatingMethodHandle&apos; - instanceof @ bci 1 sp = 0x00000003063836c8
<uncommon_trap thread='8963' reason='speculate_class_check' action='maybe_recompile' compile_id='1045' compiler='C2' count='1' stamp='8.720'>
Uncommon trap occurred in java.lang.invoke.MethodHandleImpl$IntrinsicMethodHandle::&lt;init&gt; (@0x0000000111ec4370) thread=8963 reason=speculate_class_check action=maybe_recompile unloaded_class_index=-1
<jvms bci='1' method='java/lang/invoke/DelegatingMethodHandle chooseDelegatingForm (Ljava/lang/invoke/MethodHandle;)Ljava/lang/invoke/LambdaForm;' bytes='24' count='5' backedge_count='1' iicount='10' speculate_class_check_traps='1'/>
<jvms bci='3' method='java/lang/invoke/DelegatingMethodHandle &lt;init&gt; (Ljava/lang/invoke/MethodType;Ljava/lang/invoke/MethodHandle;)V' bytes='10' count='5' backedge_count='1' iicount='10'/>
<jvms bci='6' method='java/lang/invoke/MethodHandleImpl$IntrinsicMethodHandle &lt;init&gt; (Ljava/lang/invoke/MethodHandle;Ljava/lang/invoke/MethodHandleImpl$Intrinsic;)V' bytes='20' count='5' backedge_count='1' iicount='10'/>
</uncommon_trap>
DEOPT PACKING thread 0x00007fcbf200b000 Compiled frame (sp=0x00000003063837a0 unextended sp=0x00000003063837a0, fp=0x00000000f2b31d0e, real_fp=0x0000000306383800, pc=0x0000000111ec4370)
     nmethod   8720 1045             java.lang.invoke.MethodHandleImpl$IntrinsicMethodHandle::&lt;init&gt; (20 bytes)

     Virtual frames (innermost first):
        0 - frame( sp=0x00000003063837a0, unextended_sp=0x00000003063837a0, fp=0x00000000f2b31d0e, pc=0x0000000111ec4370)
java.lang.invoke.DelegatingMethodHandle.chooseDelegatingForm(DelegatingMethodHandle.java:90) - instanceof @ bci 1 
        1 - frame( sp=0x00000003063837a0, unextended_sp=0x00000003063837a0, fp=0x00000000f2b31d0e, pc=0x0000000111ec4370)
java.lang.invoke.DelegatingMethodHandle.&lt;init&gt;(DelegatingMethodHandle.java:44) - invokestatic @ bci 3 
        2 - frame( sp=0x00000003063837a0, unextended_sp=0x00000003063837a0, fp=0x00000000f2b31d0e, pc=0x0000000111ec4370)
java.lang.invoke.MethodHandleImpl$IntrinsicMethodHandle.&lt;init&gt;(MethodHandleImpl.java:1331) - invokespecial @ bci 6 
     Created vframeArray 0x00007fcbf4089420
DEOPT UNPACKING thread 0x00007fcbf200b000 vframeArray 0x00007fcbf4089420 mode 2
     {method} {0x000000010eb32670} &apos;&lt;init&gt;&apos; &apos;(Ljava/lang/invoke/MethodHandle;Ljava/lang/invoke/MethodHandleImpl$Intrinsic;)V&apos; in &apos;java/lang/invoke/MethodHandleImpl$IntrinsicMethodHandle&apos; - invokespecial @ bci 6 sp = 0x0000000306383798
     {method} {0x000000010eb2d278} &apos;&lt;init&gt;&apos; &apos;(Ljava/lang/invoke/MethodType;Ljava/lang/invoke/MethodHandle;)V&apos; in &apos;java/lang/invoke/DelegatingMethodHandle&apos; - invokestatic @ bci 3 sp = 0x0000000306383730
     {method} {0x000000010eb2d9c0} &apos;chooseDelegatingForm&apos; &apos;(Ljava/lang/invoke/MethodHandle;)Ljava/lang/invoke/LambdaForm;&apos; in &apos;java/lang/invoke/DelegatingMethodHandle&apos; - instanceof @ bci 1 sp = 0x00000003063836d8
<uncommon_trap thread='8963' reason='speculate_class_check' action='maybe_recompile' compile_id='1045' compiler='C2' count='2' stamp='8.914'>
Uncommon trap occurred in java.lang.invoke.MethodHandleImpl$IntrinsicMethodHandle::&lt;init&gt; (@0x0000000111ec4370) thread=8963 reason=speculate_class_check action=maybe_recompile unloaded_class_index=-1
<jvms bci='1' method='java/lang/invoke/DelegatingMethodHandle chooseDelegatingForm (Ljava/lang/invoke/MethodHandle;)Ljava/lang/invoke/LambdaForm;' bytes='24' count='5' backedge_count='1' iicount='10' speculate_class_check_traps='2'/>
<jvms bci='3' method='java/lang/invoke/DelegatingMethodHandle &lt;init&gt; (Ljava/lang/invoke/MethodType;Ljava/lang/invoke/MethodHandle;)V' bytes='10' count='5' backedge_count='1' iicount='10'/>
<jvms bci='6' method='java/lang/invoke/MethodHandleImpl$IntrinsicMethodHandle &lt;init&gt; (Ljava/lang/invoke/MethodHandle;Ljava/lang/invoke/MethodHandleImpl$Intrinsic;)V' bytes='20' count='5' backedge_count='1' iicount='10'/>
</uncommon_trap>
DEOPT PACKING thread 0x00007fcbf200b000 Compiled frame (sp=0x00000003063837a0 unextended sp=0x00000003063837a0, fp=0x00000000f2b33385, real_fp=0x0000000306383800, pc=0x0000000111ec4370)
     nmethod   8913 1045             java.lang.invoke.MethodHandleImpl$IntrinsicMethodHandle::&lt;init&gt; (20 bytes)

     Virtual frames (innermost first):
        0 - frame( sp=0x00000003063837a0, unextended_sp=0x00000003063837a0, fp=0x00000000f2b33385, pc=0x0000000111ec4370)
java.lang.invoke.DelegatingMethodHandle.chooseDelegatingForm(DelegatingMethodHandle.java:90) - instanceof @ bci 1 
        1 - frame( sp=0x00000003063837a0, unextended_sp=0x00000003063837a0, fp=0x00000000f2b33385, pc=0x0000000111ec4370)
java.lang.invoke.DelegatingMethodHandle.&lt;init&gt;(DelegatingMethodHandle.java:44) - invokestatic @ bci 3 
        2 - frame( sp=0x00000003063837a0, unextended_sp=0x00000003063837a0, fp=0x00000000f2b33385, pc=0x0000000111ec4370)
java.lang.invoke.MethodHandleImpl$IntrinsicMethodHandle.&lt;init&gt;(MethodHandleImpl.java:1331) - invokespecial @ bci 6 
     Created vframeArray 0x00007fcbf387a620
DEOPT UNPACKING thread 0x00007fcbf200b000 vframeArray 0x00007fcbf387a620 mode 2
     {method} {0x000000010eb32670} &apos;&lt;init&gt;&apos; &apos;(Ljava/lang/invoke/MethodHandle;Ljava/lang/invoke/MethodHandleImpl$Intrinsic;)V&apos; in &apos;java/lang/invoke/MethodHandleImpl$IntrinsicMethodHandle&apos; - invokespecial @ bci 6 sp = 0x0000000306383798
     {method} {0x000000010eb2d278} &apos;&lt;init&gt;&apos; &apos;(Ljava/lang/invoke/MethodType;Ljava/lang/invoke/MethodHandle;)V&apos; in &apos;java/lang/invoke/DelegatingMethodHandle&apos; - invokestatic @ bci 3 sp = 0x0000000306383730
     {method} {0x000000010eb2d9c0} &apos;chooseDelegatingForm&apos; &apos;(Ljava/lang/invoke/MethodHandle;)Ljava/lang/invoke/LambdaForm;&apos; in &apos;java/lang/invoke/DelegatingMethodHandle&apos; - instanceof @ bci 1 sp = 0x00000003063836d8
<dependency_failed type='abstract_with_unique_concrete_subtype' ctxk='sun/reflect/generics/repository/GenericDeclRepository' x='sun/reflect/generics/repository/ClassRepository' witness='sun/reflect/generics/repository/ConstructorRepository' stamp='9.056'/>
<uncommon_trap thread='8963' reason='class_check' action='maybe_recompile' compile_id='1397' compiler='C2' stamp='9.186'>
Uncommon trap occurred in org.springframework.core.ResolvableType::forType (@0x0000000111f80ec8) thread=8963 reason=class_check action=maybe_recompile unloaded_class_index=-1
<jvms bci='23' method='org/springframework/core/ResolvableType calculateHashCode ()I' bytes='80' count='6' iicount='6'/>
<jvms bci='26' method='org/springframework/core/ResolvableType &lt;init&gt; (Ljava/lang/reflect/Type;Lorg/springframework/core/SerializableTypeWrapper$TypeProvider;Lorg/springframework/core/ResolvableType$VariableResolver;)V' bytes='41' count='4' iicount='4'/>
<jvms bci='56' method='org/springframework/core/ResolvableType forType (Ljava/lang/reflect/Type;Lorg/springframework/core/SerializableTypeWrapper$TypeProvider;Lorg/springframework/core/ResolvableType$VariableResolver;)Lorg/springframework/core/ResolvableType;' bytes='115' count='5' backedge_count='1' iicount='10'/>
</uncommon_trap>
DEOPT PACKING thread 0x00007fcbf200b000 Compiled frame (sp=0x00000003063855d0 unextended sp=0x00000003063855d0, fp=0x00000000d28cc1ec, real_fp=0x0000000306385680, pc=0x0000000111f80ec8)
     nmethod   9185 1397             org.springframework.core.ResolvableType::forType (115 bytes)

     Virtual frames (innermost first):
        0 - frame( sp=0x00000003063855d0, unextended_sp=0x00000003063855d0, fp=0x00000000d28cc1ec, pc=0x0000000111f80ec8)
org.springframework.core.ResolvableType.calculateHashCode(ResolvableType.java:958) - invokeinterface @ bci 23 
        1 - frame( sp=0x00000003063855d0, unextended_sp=0x00000003063855d0, fp=0x00000000d28cc1ec, pc=0x0000000111f80ec8)
org.springframework.core.ResolvableType.&lt;init&gt;(ResolvableType.java:151) - invokespecial @ bci 26 
        2 - frame( sp=0x00000003063855d0, unextended_sp=0x00000003063855d0, fp=0x00000000d28cc1ec, pc=0x0000000111f80ec8)
org.springframework.core.ResolvableType.forType(ResolvableType.java:1454) - invokespecial @ bci 56 
     Created vframeArray 0x00007fcbf4089420
DEOPT UNPACKING thread 0x00007fcbf200b000 vframeArray 0x00007fcbf4089420 mode 2
     {method} {0x000000010ead4548} &apos;forType&apos; &apos;(Ljava/lang/reflect/Type;Lorg/springframework/core/SerializableTypeWrapper$TypeProvider;Lorg/springframework/core/ResolvableType$VariableResolver;)Lorg/springframework/core/ResolvableType;&apos; in &apos;org/springframework/core/ResolvableType&apos; - invokespecial @ bci 56 sp = 0x00000003063855f8
     {method} {0x000000010eacf4d8} &apos;&lt;init&gt;&apos; &apos;(Ljava/lang/reflect/Type;Lorg/springframework/core/SerializableTypeWrapper$TypeProvider;Lorg/springframework/core/ResolvableType$VariableResolver;)V&apos; in &apos;org/springframework/core/ResolvableType&apos; - invokespecial @ bci 26 sp = 0x0000000306385590
     {method} {0x000000010ead2658} &apos;calculateHashCode&apos; &apos;()I&apos; in &apos;org/springframework/core/ResolvableType&apos; - invokeinterface @ bci 23 sp = 0x0000000306385530
<uncommon_trap thread='8963' reason='class_check' action='maybe_recompile' compile_id='1397' compiler='C2' count='1' stamp='9.273'>
Uncommon trap occurred in org.springframework.core.ResolvableType::forType (@0x0000000111f80ee8) thread=8963 reason=class_check action=maybe_recompile unloaded_class_index=-1
<jvms bci='48' method='org/springframework/core/ResolvableType calculateHashCode ()I' bytes='80' count='6' iicount='6' class_check_traps='1'/>
<jvms bci='26' method='org/springframework/core/ResolvableType &lt;init&gt; (Ljava/lang/reflect/Type;Lorg/springframework/core/SerializableTypeWrapper$TypeProvider;Lorg/springframework/core/ResolvableType$VariableResolver;)V' bytes='41' count='4' iicount='4'/>
<jvms bci='56' method='org/springframework/core/ResolvableType forType (Ljava/lang/reflect/Type;Lorg/springframework/core/SerializableTypeWrapper$TypeProvider;Lorg/springframework/core/ResolvableType$VariableResolver;)Lorg/springframework/core/ResolvableType;' bytes='115' count='5' backedge_count='1' iicount='10'/>
</uncommon_trap>
DEOPT PACKING thread 0x00007fcbf200b000 Compiled frame (sp=0x0000000306385600 unextended sp=0x0000000306385600, fp=0x0000000072c63eea, real_fp=0x00000003063856b0, pc=0x0000000111f80ee8)
     nmethod   9273 1397             org.springframework.core.ResolvableType::forType (115 bytes)

     Virtual frames (innermost first):
        0 - frame( sp=0x0000000306385600, unextended_sp=0x0000000306385600, fp=0x0000000072c63eea, pc=0x0000000111f80ee8)
org.springframework.core.ResolvableType.calculateHashCode(ResolvableType.java:961) - invokeinterface @ bci 48 
        1 - frame( sp=0x0000000306385600, unextended_sp=0x0000000306385600, fp=0x0000000072c63eea, pc=0x0000000111f80ee8)
org.springframework.core.ResolvableType.&lt;init&gt;(ResolvableType.java:151) - invokespecial @ bci 26 
        2 - frame( sp=0x0000000306385600, unextended_sp=0x0000000306385600, fp=0x0000000072c63eea, pc=0x0000000111f80ee8)
org.springframework.core.ResolvableType.forType(ResolvableType.java:1454) - invokespecial @ bci 56 
     Created vframeArray 0x00007fcbf207e620
DEOPT UNPACKING thread 0x00007fcbf200b000 vframeArray 0x00007fcbf207e620 mode 2
     {method} {0x000000010ead4548} &apos;forType&apos; &apos;(Ljava/lang/reflect/Type;Lorg/springframework/core/SerializableTypeWrapper$TypeProvider;Lorg/springframework/core/ResolvableType$VariableResolver;)Lorg/springframework/core/ResolvableType;&apos; in &apos;org/springframework/core/ResolvableType&apos; - invokespecial @ bci 56 sp = 0x0000000306385628
     {method} {0x000000010eacf4d8} &apos;&lt;init&gt;&apos; &apos;(Ljava/lang/reflect/Type;Lorg/springframework/core/SerializableTypeWrapper$TypeProvider;Lorg/springframework/core/ResolvableType$VariableResolver;)V&apos; in &apos;org/springframework/core/ResolvableType&apos; - invokespecial @ bci 26 sp = 0x00000003063855c0
     {method} {0x000000010ead2658} &apos;calculateHashCode&apos; &apos;()I&apos; in &apos;org/springframework/core/ResolvableType&apos; - invokeinterface @ bci 48 sp = 0x0000000306385560
<uncommon_trap thread='8963' reason='class_check' action='maybe_recompile' compile_id='1271' compiler='C2' stamp='9.570'>
Uncommon trap occurred in sun.misc.ProxyGenerator$ConstantPool$IndirectEntry::equals (@0x0000000111f3546c) thread=8963 reason=class_check action=maybe_recompile unloaded_class_index=-1
<jvms bci='1' method='sun/misc/ProxyGenerator$ConstantPool$IndirectEntry equals (Ljava/lang/Object;)Z' bytes='49' count='5' backedge_count='1' iicount='10'/>
</uncommon_trap>
DEOPT PACKING thread 0x00007fcbf200b000 Compiled frame (sp=0x0000000306384eb0 unextended sp=0x0000000306384eb0, fp=0x00000007959c45b8, real_fp=0x0000000306384ee0, pc=0x0000000111f3546c)
     nmethod   9569 1271             sun.misc.ProxyGenerator$ConstantPool$IndirectEntry::equals (49 bytes)

     Virtual frames (innermost first):
        0 - frame( sp=0x0000000306384eb0, unextended_sp=0x0000000306384eb0, fp=0x00000007959c45b8, pc=0x0000000111f3546c)
sun.misc.ProxyGenerator$ConstantPool$IndirectEntry.equals(ProxyGenerator.java:2019) - instanceof @ bci 1 
     Created vframeArray 0x00007fcbf3886620
DEOPT UNPACKING thread 0x00007fcbf200b000 vframeArray 0x00007fcbf3886620 mode 2
     {method} {0x000000010ec02d20} &apos;equals&apos; &apos;(Ljava/lang/Object;)Z&apos; in &apos;sun/misc/ProxyGenerator$ConstantPool$IndirectEntry&apos; - instanceof @ bci 1 sp = 0x0000000306384e70
<uncommon_trap thread='8963' reason='class_check' action='maybe_recompile' compile_id='1271' compiler='C2' count='1' state='class_check' stamp='9.570'>
Uncommon trap occurred in sun.misc.ProxyGenerator$ConstantPool$IndirectEntry::equals (@0x0000000111f3546c) thread=8963 reason=class_check action=maybe_recompile unloaded_class_index=-1
<jvms bci='1' method='sun/misc/ProxyGenerator$ConstantPool$IndirectEntry equals (Ljava/lang/Object;)Z' bytes='49' count='5' backedge_count='1' iicount='10' class_check_traps='1'/>
</uncommon_trap>
DEOPT PACKING thread 0x00007fcbf200b000 Compiled frame (sp=0x0000000306384e90 unextended sp=0x0000000306384e90, fp=0x00000007959c45b8, real_fp=0x0000000306384ec0, pc=0x0000000111f3546c)
     nmethod   9569 1271             sun.misc.ProxyGenerator$ConstantPool$IndirectEntry::equals (49 bytes)

     Virtual frames (innermost first):
        0 - frame( sp=0x0000000306384e90, unextended_sp=0x0000000306384e90, fp=0x00000007959c45b8, pc=0x0000000111f3546c)
sun.misc.ProxyGenerator$ConstantPool$IndirectEntry.equals(ProxyGenerator.java:2019) - instanceof @ bci 1 
     Created vframeArray 0x00007fcbf3887a20
DEOPT UNPACKING thread 0x00007fcbf200b000 vframeArray 0x00007fcbf3887a20 mode 2
     {method} {0x000000010ec02d20} &apos;equals&apos; &apos;(Ljava/lang/Object;)Z&apos; in &apos;sun/misc/ProxyGenerator$ConstantPool$IndirectEntry&apos; - instanceof @ bci 1 sp = 0x0000000306384e50
<uncommon_trap thread='8963' reason='class_check' action='maybe_recompile' compile_id='1271' compiler='C2' count='2' state='class_check' stamp='9.636'>
Uncommon trap occurred in sun.misc.ProxyGenerator$ConstantPool$IndirectEntry::equals (@0x0000000111f3546c) thread=8963 reason=class_check action=maybe_recompile unloaded_class_index=-1
<jvms bci='1' method='sun/misc/ProxyGenerator$ConstantPool$IndirectEntry equals (Ljava/lang/Object;)Z' bytes='49' count='5' backedge_count='1' iicount='10' class_check_traps='2'/>
</uncommon_trap>
DEOPT PACKING thread 0x00007fcbf200b000 Compiled frame (sp=0x0000000306384e70 unextended sp=0x0000000306384e70, fp=0x00000007959c66c8, real_fp=0x0000000306384ea0, pc=0x0000000111f3546c)
     nmethod   9635 1271             sun.misc.ProxyGenerator$ConstantPool$IndirectEntry::equals (49 bytes)

     Virtual frames (innermost first):
        0 - frame( sp=0x0000000306384e70, unextended_sp=0x0000000306384e70, fp=0x00000007959c66c8, pc=0x0000000111f3546c)
sun.misc.ProxyGenerator$ConstantPool$IndirectEntry.equals(ProxyGenerator.java:2019) - instanceof @ bci 1 
     Created vframeArray 0x00007fcbf3085220
DEOPT UNPACKING thread 0x00007fcbf200b000 vframeArray 0x00007fcbf3085220 mode 2
     {method} {0x000000010ec02d20} &apos;equals&apos; &apos;(Ljava/lang/Object;)Z&apos; in &apos;sun/misc/ProxyGenerator$ConstantPool$IndirectEntry&apos; - instanceof @ bci 1 sp = 0x0000000306384e30
<uncommon_trap thread='8963' reason='class_check' action='maybe_recompile' compile_id='1406' compiler='C2' stamp='9.703'>
Uncommon trap occurred in sun.reflect.generics.repository.GenericDeclRepository::getTypeParameters (@0x0000000111df11d8) thread=8963 reason=class_check action=maybe_recompile unloaded_class_index=-1
<jvms bci='16' method='sun/reflect/generics/repository/GenericDeclRepository getTypeParameters ()[Ljava/lang/reflect/TypeVariable;' bytes='80' count='5' backedge_count='5' iicount='7' decompiles='1'/>
</uncommon_trap>
DEOPT PACKING thread 0x00007fcbf200b000 Compiled frame (sp=0x00000003063850e0 unextended sp=0x00000003063850e0, fp=0x00000007959d0ef0, real_fp=0x0000000306385140, pc=0x0000000111df11d8)
     nmethod   9703 1406             sun.reflect.generics.repository.GenericDeclRepository::getTypeParameters (80 bytes)

     Virtual frames (innermost first):
        0 - frame( sp=0x00000003063850e0, unextended_sp=0x00000003063850e0, fp=0x00000007959d0ef0, pc=0x0000000111df11d8)
sun.reflect.generics.repository.GenericDeclRepository.getTypeParameters(GenericDeclRepository.java:71) - invokeinterface @ bci 16 
     Created vframeArray 0x00007fcbf3887a20
DEOPT UNPACKING thread 0x00007fcbf200b000 vframeArray 0x00007fcbf3887a20 mode 2
     {method} {0x000000010e7eb788} &apos;getTypeParameters&apos; &apos;()[Ljava/lang/reflect/TypeVariable;&apos; in &apos;sun/reflect/generics/repository/GenericDeclRepository&apos; - invokeinterface @ bci 16 sp = 0x00000003063850c8
<uncommon_trap thread='8963' reason='class_check' action='maybe_recompile' compile_id='1397' compiler='C2' count='2' state='class_check' stamp='9.716'>
Uncommon trap occurred in org.springframework.core.ResolvableType::forType (@0x0000000111f80ec8) thread=8963 reason=class_check action=maybe_recompile unloaded_class_index=-1
<jvms bci='23' method='org/springframework/core/ResolvableType calculateHashCode ()I' bytes='80' count='5' backedge_count='1' iicount='10' class_check_traps='2'/>
<jvms bci='26' method='org/springframework/core/ResolvableType &lt;init&gt; (Ljava/lang/reflect/Type;Lorg/springframework/core/SerializableTypeWrapper$TypeProvider;Lorg/springframework/core/ResolvableType$VariableResolver;)V' bytes='41' count='4' iicount='4'/>
<jvms bci='56' method='org/springframework/core/ResolvableType forType (Ljava/lang/reflect/Type;Lorg/springframework/core/SerializableTypeWrapper$TypeProvider;Lorg/springframework/core/ResolvableType$VariableResolver;)Lorg/springframework/core/ResolvableType;' bytes='115' count='5' backedge_count='1' iicount='10'/>
</uncommon_trap>
DEOPT PACKING thread 0x00007fcbf200b000 Compiled frame (sp=0x00000003063855c0 unextended sp=0x00000003063855c0, fp=0x000000006218ce3f, real_fp=0x0000000306385670, pc=0x0000000111f80ec8)
     nmethod   9716 1397             org.springframework.core.ResolvableType::forType (115 bytes)

     Virtual frames (innermost first):
        0 - frame( sp=0x00000003063855c0, unextended_sp=0x00000003063855c0, fp=0x000000006218ce3f, pc=0x0000000111f80ec8)
org.springframework.core.ResolvableType.calculateHashCode(ResolvableType.java:958) - invokeinterface @ bci 23 
        1 - frame( sp=0x00000003063855c0, unextended_sp=0x00000003063855c0, fp=0x000000006218ce3f, pc=0x0000000111f80ec8)
org.springframework.core.ResolvableType.&lt;init&gt;(ResolvableType.java:151) - invokespecial @ bci 26 
        2 - frame( sp=0x00000003063855c0, unextended_sp=0x00000003063855c0, fp=0x000000006218ce3f, pc=0x0000000111f80ec8)
org.springframework.core.ResolvableType.forType(ResolvableType.java:1454) - invokespecial @ bci 56 
     Created vframeArray 0x00007fcbf387a620
DEOPT UNPACKING thread 0x00007fcbf200b000 vframeArray 0x00007fcbf387a620 mode 2
     {method} {0x000000010ead4548} &apos;forType&apos; &apos;(Ljava/lang/reflect/Type;Lorg/springframework/core/SerializableTypeWrapper$TypeProvider;Lorg/springframework/core/ResolvableType$VariableResolver;)Lorg/springframework/core/ResolvableType;&apos; in &apos;org/springframework/core/ResolvableType&apos; - invokespecial @ bci 56 sp = 0x00000003063855e8
     {method} {0x000000010eacf4d8} &apos;&lt;init&gt;&apos; &apos;(Ljava/lang/reflect/Type;Lorg/springframework/core/SerializableTypeWrapper$TypeProvider;Lorg/springframework/core/ResolvableType$VariableResolver;)V&apos; in &apos;org/springframework/core/ResolvableType&apos; - invokespecial @ bci 26 sp = 0x0000000306385580
     {method} {0x000000010ead2658} &apos;calculateHashCode&apos; &apos;()I&apos; in &apos;org/springframework/core/ResolvableType&apos; - invokeinterface @ bci 23 sp = 0x0000000306385520
<uncommon_trap thread='8963' reason='class_check' action='maybe_recompile' compile_id='1397' compiler='C2' count='3' state='class_check' stamp='9.748'>
Uncommon trap occurred in org.springframework.core.ResolvableType::forType (@0x0000000111f80ee8) thread=8963 reason=class_check action=maybe_recompile unloaded_class_index=-1
<jvms bci='48' method='org/springframework/core/ResolvableType calculateHashCode ()I' bytes='80' count='5' backedge_count='1' iicount='10' class_check_traps='3'/>
<jvms bci='26' method='org/springframework/core/ResolvableType &lt;init&gt; (Ljava/lang/reflect/Type;Lorg/springframework/core/SerializableTypeWrapper$TypeProvider;Lorg/springframework/core/ResolvableType$VariableResolver;)V' bytes='41' count='4' iicount='4'/>
<jvms bci='56' method='org/springframework/core/ResolvableType forType (Ljava/lang/reflect/Type;Lorg/springframework/core/SerializableTypeWrapper$TypeProvider;Lorg/springframework/core/ResolvableType$VariableResolver;)Lorg/springframework/core/ResolvableType;' bytes='115' count='5' backedge_count='1' iicount='10'/>
</uncommon_trap>
DEOPT PACKING thread 0x00007fcbf200b000 Compiled frame (sp=0x0000000306385650 unextended sp=0x0000000306385650, fp=0x0000000072c63eea, real_fp=0x0000000306385700, pc=0x0000000111f80ee8)
     nmethod   9748 1397             org.springframework.core.ResolvableType::forType (115 bytes)

     Virtual frames (innermost first):
        0 - frame( sp=0x0000000306385650, unextended_sp=0x0000000306385650, fp=0x0000000072c63eea, pc=0x0000000111f80ee8)
org.springframework.core.ResolvableType.calculateHashCode(ResolvableType.java:961) - invokeinterface @ bci 48 
        1 - frame( sp=0x0000000306385650, unextended_sp=0x0000000306385650, fp=0x0000000072c63eea, pc=0x0000000111f80ee8)
org.springframework.core.ResolvableType.&lt;init&gt;(ResolvableType.java:151) - invokespecial @ bci 26 
        2 - frame( sp=0x0000000306385650, unextended_sp=0x0000000306385650, fp=0x0000000072c63eea, pc=0x0000000111f80ee8)
org.springframework.core.ResolvableType.forType(ResolvableType.java:1454) - invokespecial @ bci 56 
     Created vframeArray 0x00007fcbf4089220
DEOPT UNPACKING thread 0x00007fcbf200b000 vframeArray 0x00007fcbf4089220 mode 2
     {method} {0x000000010ead4548} &apos;forType&apos; &apos;(Ljava/lang/reflect/Type;Lorg/springframework/core/SerializableTypeWrapper$TypeProvider;Lorg/springframework/core/ResolvableType$VariableResolver;)Lorg/springframework/core/ResolvableType;&apos; in &apos;org/springframework/core/ResolvableType&apos; - invokespecial @ bci 56 sp = 0x0000000306385660
     {method} {0x000000010eacf4d8} &apos;&lt;init&gt;&apos; &apos;(Ljava/lang/reflect/Type;Lorg/springframework/core/SerializableTypeWrapper$TypeProvider;Lorg/springframework/core/ResolvableType$VariableResolver;)V&apos; in &apos;org/springframework/core/ResolvableType&apos; - invokespecial @ bci 26 sp = 0x00000003063855f8
     {method} {0x000000010ead2658} &apos;calculateHashCode&apos; &apos;()I&apos; in &apos;org/springframework/core/ResolvableType&apos; - invokeinterface @ bci 48 sp = 0x0000000306385598
<uncommon_trap thread='8963' reason='class_check' action='maybe_recompile' compile_id='1490' compiler='C2' stamp='9.749'>
Uncommon trap occurred in org.springframework.util.ObjectUtils::nullSafeEquals (@0x0000000111f96e78) thread=8963 reason=class_check action=maybe_recompile unloaded_class_index=-1
<jvms bci='19' method='org/springframework/util/ObjectUtils nullSafeEquals (Ljava/lang/Object;Ljava/lang/Object;)Z' bytes='55' count='6' backedge_count='1' iicount='11'/>
</uncommon_trap>
DEOPT PACKING thread 0x00007fcbf200b000 Compiled frame (sp=0x00000003063854b0 unextended sp=0x00000003063854b0, fp=0x0000000306385550, real_fp=0x00000003063854f0, pc=0x0000000111f96e78)
     nmethod   9749 1490             org.springframework.util.ObjectUtils::nullSafeEquals (55 bytes)

     Virtual frames (innermost first):
        0 - frame( sp=0x00000003063854b0, unextended_sp=0x00000003063854b0, fp=0x0000000306385550, pc=0x0000000111f96e78)
org.springframework.util.ObjectUtils.nullSafeEquals(ObjectUtils.java:341) - invokevirtual @ bci 19 
     Created vframeArray 0x00007fcbf3886620
DEOPT UNPACKING thread 0x00007fcbf200b000 vframeArray 0x00007fcbf3886620 mode 2
     {method} {0x000000010eada4d8} &apos;nullSafeEquals&apos; &apos;(Ljava/lang/Object;Ljava/lang/Object;)Z&apos; in &apos;org/springframework/util/ObjectUtils&apos; - invokevirtual @ bci 19 sp = 0x0000000306385490
<uncommon_trap thread='8963' reason='class_check' action='maybe_recompile' compile_id='1490' compiler='C2' count='1' state='class_check' stamp='9.749'>
Uncommon trap occurred in org.springframework.util.ObjectUtils::nullSafeEquals (@0x0000000111f96e78) thread=8963 reason=class_check action=maybe_recompile unloaded_class_index=-1
<jvms bci='19' method='org/springframework/util/ObjectUtils nullSafeEquals (Ljava/lang/Object;Ljava/lang/Object;)Z' bytes='55' count='6' backedge_count='1' iicount='11' class_check_traps='1'/>
</uncommon_trap>
DEOPT PACKING thread 0x00007fcbf200b000 Compiled frame (sp=0x00000003063854b0 unextended sp=0x00000003063854b0, fp=0x0000000306385550, real_fp=0x00000003063854f0, pc=0x0000000111f96e78)
     nmethod   9749 1490             org.springframework.util.ObjectUtils::nullSafeEquals (55 bytes)

     Virtual frames (innermost first):
        0 - frame( sp=0x00000003063854b0, unextended_sp=0x00000003063854b0, fp=0x0000000306385550, pc=0x0000000111f96e78)
org.springframework.util.ObjectUtils.nullSafeEquals(ObjectUtils.java:341) - invokevirtual @ bci 19 
     Created vframeArray 0x00007fcbf2082620
DEOPT UNPACKING thread 0x00007fcbf200b000 vframeArray 0x00007fcbf2082620 mode 2
     {method} {0x000000010eada4d8} &apos;nullSafeEquals&apos; &apos;(Ljava/lang/Object;Ljava/lang/Object;)Z&apos; in &apos;org/springframework/util/ObjectUtils&apos; - invokevirtual @ bci 19 sp = 0x0000000306385490
<uncommon_trap thread='8963' reason='bimorphic' action='maybe_recompile' compile_id='1121' compiler='C2' state='class_check recompiled' stamp='9.750'>
Uncommon trap occurred in java.util.Arrays::equals (@0x0000000111cbb66c) thread=8963 reason=bimorphic action=maybe_recompile unloaded_class_index=-1
<jvms bci='62' method='java/util/Arrays equals ([Ljava/lang/Object;[Ljava/lang/Object;)Z' bytes='78' count='4' backedge_count='12' iicount='4' decompiles='1' class_check_traps='4'/>
</uncommon_trap>
DEOPT PACKING thread 0x00007fcbf200b000 Compiled frame (sp=0x00000003063853e0 unextended sp=0x00000003063853e0, fp=0x0000000000000002, real_fp=0x0000000306385420, pc=0x0000000111cbb66c)
     nmethod   9749 1121             java.util.Arrays::equals (78 bytes)

     Virtual frames (innermost first):
        0 - frame( sp=0x00000003063853e0, unextended_sp=0x00000003063853e0, fp=0x0000000000000002, pc=0x0000000111cbb66c)
java.util.Arrays.equals(Arrays.java:2829) - invokevirtual @ bci 62 
     Created vframeArray 0x00007fcbf3074a20
DEOPT UNPACKING thread 0x00007fcbf200b000 vframeArray 0x00007fcbf3074a20 mode 2
     {method} {0x000000010e800c88} &apos;equals&apos; &apos;([Ljava/lang/Object;[Ljava/lang/Object;)Z&apos; in &apos;java/util/Arrays&apos; - invokevirtual @ bci 62 sp = 0x00000003063853a0
<uncommon_trap thread='8963' reason='bimorphic' action='maybe_recompile' compile_id='1527' compiler='C2' stamp='9.813'>
Uncommon trap occurred in org.springframework.core.SerializableTypeWrapper$TypeProxyInvocationHandler::invoke (@0x0000000111fbd2a0) thread=8963 reason=bimorphic action=maybe_recompile unloaded_class_index=-1
<jvms bci='165' method='org/springframework/core/SerializableTypeWrapper$TypeProxyInvocationHandler invoke (Ljava/lang/Object;Ljava/lang/reflect/Method;[Ljava/lang/Object;)Ljava/lang/Object;' bytes='324' count='5' backedge_count='2' iicount='10'/>
</uncommon_trap>
DEOPT PACKING thread 0x00007fcbf200b000 Compiled frame (sp=0x00000003063853a0 unextended sp=0x00000003063853a0, fp=0x00000000f2b3a367, real_fp=0x0000000306385410, pc=0x0000000111fbd2a0)
     nmethod   9812 1527             org.springframework.core.SerializableTypeWrapper$TypeProxyInvocationHandler::invoke (324 bytes)

     Virtual frames (innermost first):
        0 - frame( sp=0x00000003063853a0, unextended_sp=0x00000003063853a0, fp=0x00000000f2b3a367, pc=0x0000000111fbd2a0)
org.springframework.core.SerializableTypeWrapper$TypeProxyInvocationHandler.invoke(SerializableTypeWrapper.java:197) - invokeinterface @ bci 165 
     Created vframeArray 0x00007fcbf408ee20
DEOPT UNPACKING thread 0x00007fcbf200b000 vframeArray 0x00007fcbf408ee20 mode 2
     {method} {0x000000010ebd03c0} &apos;invoke&apos; &apos;(Ljava/lang/Object;Ljava/lang/reflect/Method;[Ljava/lang/Object;)Ljava/lang/Object;&apos; in &apos;org/springframework/core/SerializableTypeWrapper$TypeProxyInvocationHandler&apos; - invokeinterface @ bci 165 sp = 0x00000003063853a0
<uncommon_trap thread='8963' reason='class_check' action='maybe_recompile' compile_id='1424' compiler='C2' stamp='9.815'>
Uncommon trap occurred in org.springframework.util.ConcurrentReferenceHashMap$Segment::findInChain (@0x0000000111debf38) thread=8963 reason=class_check action=maybe_recompile unloaded_class_index=-1
<jvms bci='10' method='org/springframework/util/ConcurrentReferenceHashMap$Segment findInChain (Lorg/springframework/util/ConcurrentReferenceHashMap$Reference;Ljava/lang/Object;I)Lorg/springframework/util/ConcurrentReferenceHashMap$Reference;' bytes='66' count='5' backedge_count='1' iicount='10'/>
</uncommon_trap>
DEOPT PACKING thread 0x00007fcbf200b000 Compiled frame (sp=0x0000000306385630 unextended sp=0x0000000306385630, fp=0x00000007c0086830, real_fp=0x0000000306385670, pc=0x0000000111debf38)
     nmethod   9814 1424             org.springframework.util.ConcurrentReferenceHashMap$Segment::findInChain (66 bytes)

     Virtual frames (innermost first):
        0 - frame( sp=0x0000000306385630, unextended_sp=0x0000000306385630, fp=0x00000007c0086830, pc=0x0000000111debf38)
org.springframework.util.ConcurrentReferenceHashMap$Segment.findInChain(ConcurrentReferenceHashMap.java:644) - invokeinterface @ bci 10 
     Created vframeArray 0x00007fcbf4090220
DEOPT UNPACKING thread 0x00007fcbf200b000 vframeArray 0x00007fcbf4090220 mode 2
     {method} {0x000000010eac2ee8} &apos;findInChain&apos; &apos;(Lorg/springframework/util/ConcurrentReferenceHashMap$Reference;Ljava/lang/Object;I)Lorg/springframework/util/ConcurrentReferenceHashMap$Reference;&apos; in &apos;org/springframework/util/ConcurrentReferenceHashMap$Segment&apos; - invokeinterface @ bci 10 sp = 0x00000003063855e0
<uncommon_trap thread='8963' reason='speculate_class_check' action='maybe_recompile' compile_id='1458' compiler='C2' stamp='9.816'>
Uncommon trap occurred in org.springframework.util.ConcurrentReferenceHashMap$Segment::doTask (@0x0000000111f91e44) thread=8963 reason=speculate_class_check action=maybe_recompile unloaded_class_index=-1
<jvms bci='126' method='org/springframework/util/ConcurrentReferenceHashMap$Segment doTask (ILjava/lang/Object;Lorg/springframework/util/ConcurrentReferenceHashMap$Task;)Ljava/lang/Object;' bytes='179' count='5' backedge_count='1' iicount='10'/>
</uncommon_trap>
DEOPT PACKING thread 0x00007fcbf200b000 Compiled frame (sp=0x0000000306385670 unextended sp=0x0000000306385670, fp=0x0000000795696fd0, real_fp=0x0000000306385700, pc=0x0000000111f91e44)
     nmethod   9815 1458   !         org.springframework.util.ConcurrentReferenceHashMap$Segment::doTask (179 bytes)

     Virtual frames (innermost first):
        0 - frame( sp=0x0000000306385670, unextended_sp=0x0000000306385670, fp=0x0000000795696fd0, pc=0x0000000111f91e44)
org.springframework.util.ConcurrentReferenceHashMap$Segment.doTask(ConcurrentReferenceHashMap.java:537) - invokevirtual @ bci 126 
     Created vframeArray 0x00007fcbf3074a20
DEOPT UNPACKING thread 0x00007fcbf200b000 vframeArray 0x00007fcbf3074a20 mode 2
     {method} {0x000000010eac2768} &apos;doTask&apos; &apos;(ILjava/lang/Object;Lorg/springframework/util/ConcurrentReferenceHashMap$Task;)Ljava/lang/Object;&apos; in &apos;org/springframework/util/ConcurrentReferenceHashMap$Segment&apos; - invokevirtual @ bci 126 sp = 0x0000000306385630
<uncommon_trap thread='8963' reason='class_check' action='maybe_recompile' compile_id='1406' compiler='C2' count='1' state='class_check' stamp='9.973'>
Uncommon trap occurred in sun.reflect.generics.repository.GenericDeclRepository::getTypeParameters (@0x0000000111df11d8) thread=8963 reason=class_check action=maybe_recompile unloaded_class_index=-1
<jvms bci='16' method='sun/reflect/generics/repository/GenericDeclRepository getTypeParameters ()[Ljava/lang/reflect/TypeVariable;' bytes='80' count='5' backedge_count='5' iicount='7' decompiles='1' class_check_traps='1'/>
</uncommon_trap>
DEOPT PACKING thread 0x00007fcbf200b000 Compiled frame (sp=0x0000000306385210 unextended sp=0x0000000306385210, fp=0x00000007959d48c0, real_fp=0x0000000306385270, pc=0x0000000111df11d8)
     nmethod   9973 1406             sun.reflect.generics.repository.GenericDeclRepository::getTypeParameters (80 bytes)

     Virtual frames (innermost first):
        0 - frame( sp=0x0000000306385210, unextended_sp=0x0000000306385210, fp=0x00000007959d48c0, pc=0x0000000111df11d8)
sun.reflect.generics.repository.GenericDeclRepository.getTypeParameters(GenericDeclRepository.java:71) - invokeinterface @ bci 16 
     Created vframeArray 0x00007fcbf3886620
DEOPT UNPACKING thread 0x00007fcbf200b000 vframeArray 0x00007fcbf3886620 mode 2
     {method} {0x000000010e7eb788} &apos;getTypeParameters&apos; &apos;()[Ljava/lang/reflect/TypeVariable;&apos; in &apos;sun/reflect/generics/repository/GenericDeclRepository&apos; - invokeinterface @ bci 16 sp = 0x00000003063851f8
<uncommon_trap thread='8963' reason='class_check' action='maybe_recompile' compile_id='1490' compiler='C2' count='2' state='class_check' stamp='10.000'>
Uncommon trap occurred in org.springframework.util.ObjectUtils::nullSafeEquals (@0x0000000111f96e78) thread=8963 reason=class_check action=maybe_recompile unloaded_class_index=-1
<jvms bci='19' method='org/springframework/util/ObjectUtils nullSafeEquals (Ljava/lang/Object;Ljava/lang/Object;)Z' bytes='55' count='6' backedge_count='1' iicount='11' class_check_traps='2'/>
</uncommon_trap>
DEOPT PACKING thread 0x00007fcbf200b000 Compiled frame (sp=0x00000003063854e0 unextended sp=0x00000003063854e0, fp=0x00000007959bb9e0, real_fp=0x0000000306385520, pc=0x0000000111f96e78)
     nmethod   9999 1490             org.springframework.util.ObjectUtils::nullSafeEquals (55 bytes)

     Virtual frames (innermost first):
        0 - frame( sp=0x00000003063854e0, unextended_sp=0x00000003063854e0, fp=0x00000007959bb9e0, pc=0x0000000111f96e78)
org.springframework.util.ObjectUtils.nullSafeEquals(ObjectUtils.java:341) - invokevirtual @ bci 19 
     Created vframeArray 0x00007fcbf2082e20
DEOPT UNPACKING thread 0x00007fcbf200b000 vframeArray 0x00007fcbf2082e20 mode 2
     {method} {0x000000010eada4d8} &apos;nullSafeEquals&apos; &apos;(Ljava/lang/Object;Ljava/lang/Object;)Z&apos; in &apos;org/springframework/util/ObjectUtils&apos; - invokevirtual @ bci 19 sp = 0x00000003063854b0
<uncommon_trap thread='8963' reason='class_check' action='maybe_recompile' compile_id='1490' compiler='C2' count='3' state='class_check' stamp='10.001'>
Uncommon trap occurred in org.springframework.util.ObjectUtils::nullSafeEquals (@0x0000000111f96e78) thread=8963 reason=class_check action=maybe_recompile unloaded_class_index=-1
<jvms bci='19' method='org/springframework/util/ObjectUtils nullSafeEquals (Ljava/lang/Object;Ljava/lang/Object;)Z' bytes='55' count='6' backedge_count='1' iicount='11' class_check_traps='3'/>
</uncommon_trap>
DEOPT PACKING thread 0x00007fcbf200b000 Compiled frame (sp=0x00000003063854e0 unextended sp=0x00000003063854e0, fp=0x00000007959bb9e0, real_fp=0x0000000306385520, pc=0x0000000111f96e78)
     nmethod  10000 1490             org.springframework.util.ObjectUtils::nullSafeEquals (55 bytes)

     Virtual frames (innermost first):
        0 - frame( sp=0x00000003063854e0, unextended_sp=0x00000003063854e0, fp=0x00000007959bb9e0, pc=0x0000000111f96e78)
org.springframework.util.ObjectUtils.nullSafeEquals(ObjectUtils.java:341) - invokevirtual @ bci 19 
     Created vframeArray 0x00007fcbf3074a20
DEOPT UNPACKING thread 0x00007fcbf200b000 vframeArray 0x00007fcbf3074a20 mode 2
     {method} {0x000000010eada4d8} &apos;nullSafeEquals&apos; &apos;(Ljava/lang/Object;Ljava/lang/Object;)Z&apos; in &apos;org/springframework/util/ObjectUtils&apos; - invokevirtual @ bci 19 sp = 0x00000003063854b0
<uncommon_trap thread='8963' reason='bimorphic' action='maybe_recompile' compile_id='1121' compiler='C2' count='1' state='#15' stamp='10.001'>
Uncommon trap occurred in java.util.Arrays::equals (@0x0000000111cbb66c) thread=8963 reason=bimorphic action=maybe_recompile unloaded_class_index=-1
<jvms bci='62' method='java/util/Arrays equals ([Ljava/lang/Object;[Ljava/lang/Object;)Z' bytes='78' count='4' backedge_count='14' iicount='4' decompiles='1' class_check_traps='4' bimorphic_traps='1'/>
</uncommon_trap>
DEOPT PACKING thread 0x00007fcbf200b000 Compiled frame (sp=0x0000000306385400 unextended sp=0x0000000306385400, fp=0x0000000000000002, real_fp=0x0000000306385440, pc=0x0000000111cbb66c)
     nmethod  10000 1121             java.util.Arrays::equals (78 bytes)

     Virtual frames (innermost first):
        0 - frame( sp=0x0000000306385400, unextended_sp=0x0000000306385400, fp=0x0000000000000002, pc=0x0000000111cbb66c)
java.util.Arrays.equals(Arrays.java:2829) - invokevirtual @ bci 62 
     Created vframeArray 0x00007fcbf4090220
DEOPT UNPACKING thread 0x00007fcbf200b000 vframeArray 0x00007fcbf4090220 mode 2
     {method} {0x000000010e800c88} &apos;equals&apos; &apos;([Ljava/lang/Object;[Ljava/lang/Object;)Z&apos; in &apos;java/util/Arrays&apos; - invokevirtual @ bci 62 sp = 0x00000003063853c0
<uncommon_trap thread='8963' reason='class_check' action='maybe_recompile' compile_id='1510' compiler='C2' stamp='10.065'>
Uncommon trap occurred in sun.reflect.generics.repository.FieldRepository::getGenericType (@0x0000000111fa01b4) thread=8963 reason=class_check action=maybe_recompile unloaded_class_index=-1
<jvms bci='20' method='sun/reflect/generics/repository/FieldRepository getGenericType ()Ljava/lang/reflect/Type;' bytes='38' count='5' backedge_count='1' iicount='10'/>
</uncommon_trap>
DEOPT PACKING thread 0x00007fcbf200b000 Compiled frame (sp=0x0000000306385540 unextended sp=0x0000000306385540, fp=0x00000007959d6318, real_fp=0x0000000306385580, pc=0x0000000111fa01b4)
     nmethod  10065 1510             sun.reflect.generics.repository.FieldRepository::getGenericType (38 bytes)

     Virtual frames (innermost first):
        0 - frame( sp=0x0000000306385540, unextended_sp=0x0000000306385540, fp=0x00000007959d6318, pc=0x0000000111fa01b4)
sun.reflect.generics.repository.FieldRepository.getGenericType(FieldRepository.java:85) - invokeinterface @ bci 20 
     Created vframeArray 0x00007fcbf4090a20
DEOPT UNPACKING thread 0x00007fcbf200b000 vframeArray 0x00007fcbf4090a20 mode 2
     {method} {0x000000010ebdaea0} &apos;getGenericType&apos; &apos;()Ljava/lang/reflect/Type;&apos; in &apos;sun/reflect/generics/repository/FieldRepository&apos; - invokeinterface @ bci 20 sp = 0x0000000306385510
<uncommon_trap thread='8963' reason='class_check' action='maybe_recompile' compile_id='1424' compiler='C2' count='1' state='class_check' stamp='10.087'>
Uncommon trap occurred in org.springframework.util.ConcurrentReferenceHashMap$Segment::findInChain (@0x0000000111debf38) thread=8963 reason=class_check action=maybe_recompile unloaded_class_index=-1
<jvms bci='10' method='org/springframework/util/ConcurrentReferenceHashMap$Segment findInChain (Lorg/springframework/util/ConcurrentReferenceHashMap$Reference;Ljava/lang/Object;I)Lorg/springframework/util/ConcurrentReferenceHashMap$Reference;' bytes='66' count='5' backedge_count='1' iicount='10' class_check_traps='1'/>
</uncommon_trap>
DEOPT PACKING thread 0x00007fcbf200b000 Compiled frame (sp=0x0000000306385670 unextended sp=0x0000000306385670, fp=0x00000007c0086830, real_fp=0x00000003063856b0, pc=0x0000000111debf38)
     nmethod  10087 1424             org.springframework.util.ConcurrentReferenceHashMap$Segment::findInChain (66 bytes)

     Virtual frames (innermost first):
        0 - frame( sp=0x0000000306385670, unextended_sp=0x0000000306385670, fp=0x00000007c0086830, pc=0x0000000111debf38)
org.springframework.util.ConcurrentReferenceHashMap$Segment.findInChain(ConcurrentReferenceHashMap.java:644) - invokeinterface @ bci 10 
     Created vframeArray 0x00007fcbf2082e20
DEOPT UNPACKING thread 0x00007fcbf200b000 vframeArray 0x00007fcbf2082e20 mode 2
     {method} {0x000000010eac2ee8} &apos;findInChain&apos; &apos;(Lorg/springframework/util/ConcurrentReferenceHashMap$Reference;Ljava/lang/Object;I)Lorg/springframework/util/ConcurrentReferenceHashMap$Reference;&apos; in &apos;org/springframework/util/ConcurrentReferenceHashMap$Segment&apos; - invokeinterface @ bci 10 sp = 0x0000000306385620
<uncommon_trap thread='8963' reason='class_check' action='maybe_recompile' compile_id='1406' compiler='C2' count='2' state='class_check' stamp='10.106'>
Uncommon trap occurred in sun.reflect.generics.repository.GenericDeclRepository::getTypeParameters (@0x0000000111df11d8) thread=8963 reason=class_check action=maybe_recompile unloaded_class_index=-1
<jvms bci='16' method='sun/reflect/generics/repository/GenericDeclRepository getTypeParameters ()[Ljava/lang/reflect/TypeVariable;' bytes='80' count='5' backedge_count='5' iicount='7' decompiles='1' class_check_traps='2'/>
</uncommon_trap>
DEOPT PACKING thread 0x00007fcbf200b000 Compiled frame (sp=0x00000003063852d0 unextended sp=0x00000003063852d0, fp=0x00000007959d7690, real_fp=0x0000000306385330, pc=0x0000000111df11d8)
     nmethod  10105 1406             sun.reflect.generics.repository.GenericDeclRepository::getTypeParameters (80 bytes)

     Virtual frames (innermost first):
        0 - frame( sp=0x00000003063852d0, unextended_sp=0x00000003063852d0, fp=0x00000007959d7690, pc=0x0000000111df11d8)
sun.reflect.generics.repository.GenericDeclRepository.getTypeParameters(GenericDeclRepository.java:71) - invokeinterface @ bci 16 
     Created vframeArray 0x00007fcbf2084620
DEOPT UNPACKING thread 0x00007fcbf200b000 vframeArray 0x00007fcbf2084620 mode 2
     {method} {0x000000010e7eb788} &apos;getTypeParameters&apos; &apos;()[Ljava/lang/reflect/TypeVariable;&apos; in &apos;sun/reflect/generics/repository/GenericDeclRepository&apos; - invokeinterface @ bci 16 sp = 0x00000003063852b0
<uncommon_trap thread='8963' reason='bimorphic' action='maybe_recompile' compile_id='1121' compiler='C2' count='2' state='#15' stamp='10.132'>
Uncommon trap occurred in java.util.Arrays::equals (@0x0000000111cbb66c) thread=8963 reason=bimorphic action=maybe_recompile unloaded_class_index=-1
<jvms bci='62' method='java/util/Arrays equals ([Ljava/lang/Object;[Ljava/lang/Object;)Z' bytes='78' count='4' backedge_count='16' iicount='4' decompiles='1' class_check_traps='4' bimorphic_traps='2'/>
</uncommon_trap>
DEOPT PACKING thread 0x00007fcbf200b000 Compiled frame (sp=0x0000000306385420 unextended sp=0x0000000306385420, fp=0x0000000000000002, real_fp=0x0000000306385460, pc=0x0000000111cbb66c)
     nmethod  10132 1121             java.util.Arrays::equals (78 bytes)

     Virtual frames (innermost first):
        0 - frame( sp=0x0000000306385420, unextended_sp=0x0000000306385420, fp=0x0000000000000002, pc=0x0000000111cbb66c)
java.util.Arrays.equals(Arrays.java:2829) - invokevirtual @ bci 62 
     Created vframeArray 0x00007fcbf3074a20
DEOPT UNPACKING thread 0x00007fcbf200b000 vframeArray 0x00007fcbf3074a20 mode 2
     {method} {0x000000010e800c88} &apos;equals&apos; &apos;([Ljava/lang/Object;[Ljava/lang/Object;)Z&apos; in &apos;java/util/Arrays&apos; - invokevirtual @ bci 62 sp = 0x00000003063853e0
<uncommon_trap thread='8963' reason='null_assert' action='make_not_entrant' compile_id='1384' compiler='C2' stamp='10.155'>
Uncommon trap occurred in sun.reflect.generics.parser.SignatureParser::parseFieldTypeSignature (@0x0000000111f59770) thread=8963 reason=null_assert action=make_not_entrant unloaded_class_index=-1
<jvms bci='58' method='sun/reflect/generics/parser/SignatureParser parseFieldTypeSignature (Z)Lsun/reflect/generics/tree/FieldTypeSignature;' bytes='73' count='5' backedge_count='1' iicount='10'/>
</uncommon_trap>
DEOPT PACKING thread 0x00007fcbf200b000 Compiled frame (sp=0x00000003063852b0 unextended sp=0x00000003063852b0, fp=0x00000007959d92a8, real_fp=0x00000003063852e0, pc=0x0000000111f59770)
     nmethod  10155 1384             sun.reflect.generics.parser.SignatureParser::parseFieldTypeSignature (73 bytes)

     Virtual frames (innermost first):
        0 - frame( sp=0x00000003063852b0, unextended_sp=0x00000003063852b0, fp=0x00000007959d92a8, pc=0x0000000111f59770)
sun.reflect.generics.parser.SignatureParser.parseFieldTypeSignature(SignatureParser.java:288) - areturn @ bci 58 
     Created vframeArray 0x00007fcbf3887a20
DEOPT UNPACKING thread 0x00007fcbf200b000 vframeArray 0x00007fcbf3887a20 mode 2
     {method} {0x000000010eba7690} &apos;parseFieldTypeSignature&apos; &apos;(Z)Lsun/reflect/generics/tree/FieldTypeSignature;&apos; in &apos;sun/reflect/generics/parser/SignatureParser&apos; - areturn @ bci 58 sp = 0x0000000306385278
<uncommon_trap thread='8963' reason='class_check' action='maybe_recompile' compile_id='1510' compiler='C2' count='1' state='class_check' stamp='10.156'>
Uncommon trap occurred in sun.reflect.generics.repository.FieldRepository::getGenericType (@0x0000000111fa01b4) thread=8963 reason=class_check action=maybe_recompile unloaded_class_index=-1
<jvms bci='20' method='sun/reflect/generics/repository/FieldRepository getGenericType ()Ljava/lang/reflect/Type;' bytes='38' count='5' backedge_count='1' iicount='10' class_check_traps='1'/>
</uncommon_trap>
DEOPT PACKING thread 0x00007fcbf200b000 Compiled frame (sp=0x0000000306385540 unextended sp=0x0000000306385540, fp=0x00000007959d9068, real_fp=0x0000000306385580, pc=0x0000000111fa01b4)
     nmethod  10155 1510             sun.reflect.generics.repository.FieldRepository::getGenericType (38 bytes)

     Virtual frames (innermost first):
        0 - frame( sp=0x0000000306385540, unextended_sp=0x0000000306385540, fp=0x00000007959d9068, pc=0x0000000111fa01b4)
sun.reflect.generics.repository.FieldRepository.getGenericType(FieldRepository.java:85) - invokeinterface @ bci 20 
     Created vframeArray 0x00007fcbf4090a20
DEOPT UNPACKING thread 0x00007fcbf200b000 vframeArray 0x00007fcbf4090a20 mode 2
     {method} {0x000000010ebdaea0} &apos;getGenericType&apos; &apos;()Ljava/lang/reflect/Type;&apos; in &apos;sun/reflect/generics/repository/FieldRepository&apos; - invokeinterface @ bci 20 sp = 0x0000000306385510
<uncommon_trap thread='8963' reason='class_check' action='maybe_recompile' compile_id='1422' compiler='C2' stamp='10.157'>
Uncommon trap occurred in java.util.Objects::hashCode (@0x0000000111dc8c44) thread=8963 reason=class_check action=maybe_recompile unloaded_class_index=-1
<jvms bci='5' method='java/util/Objects hashCode (Ljava/lang/Object;)I' bytes='13' count='5' backedge_count='1' iicount='10'/>
</uncommon_trap>
DEOPT PACKING thread 0x00007fcbf200b000 Compiled frame (sp=0x00000003063854e0 unextended sp=0x00000003063854e0, fp=0x00000007959d93d0, real_fp=0x0000000306385500, pc=0x0000000111dc8c44)
     nmethod  10156 1422             java.util.Objects::hashCode (13 bytes)

     Virtual frames (innermost first):
        0 - frame( sp=0x00000003063854e0, unextended_sp=0x00000003063854e0, fp=0x00000007959d93d0, pc=0x0000000111dc8c44)
java.util.Objects.hashCode(Objects.java:98) - invokevirtual @ bci 5 
     Created vframeArray 0x00007fcbf2084620
DEOPT UNPACKING thread 0x00007fcbf200b000 vframeArray 0x00007fcbf2084620 mode 2
     {method} {0x000000010e824fd8} &apos;hashCode&apos; &apos;(Ljava/lang/Object;)I&apos; in &apos;java/util/Objects&apos; - invokevirtual @ bci 5 sp = 0x00000003063854a8
<uncommon_trap thread='8963' reason='class_check' action='maybe_recompile' compile_id='1271' compiler='C2' count='3' state='class_check' stamp='10.197'>
Uncommon trap occurred in sun.misc.ProxyGenerator$ConstantPool$IndirectEntry::equals (@0x0000000111f3546c) thread=8963 reason=class_check action=maybe_recompile unloaded_class_index=-1
<jvms bci='1' method='sun/misc/ProxyGenerator$ConstantPool$IndirectEntry equals (Ljava/lang/Object;)Z' bytes='49' count='5' backedge_count='1' iicount='10' class_check_traps='3'/>
</uncommon_trap>
DEOPT PACKING thread 0x00007fcbf200b000 Compiled frame (sp=0x0000000306384f10 unextended sp=0x0000000306384f10, fp=0x00000007959e0218, real_fp=0x0000000306384f40, pc=0x0000000111f3546c)
     nmethod  10197 1271             sun.misc.ProxyGenerator$ConstantPool$IndirectEntry::equals (49 bytes)

     Virtual frames (innermost first):
        0 - frame( sp=0x0000000306384f10, unextended_sp=0x0000000306384f10, fp=0x00000007959e0218, pc=0x0000000111f3546c)
sun.misc.ProxyGenerator$ConstantPool$IndirectEntry.equals(ProxyGenerator.java:2019) - instanceof @ bci 1 
     Created vframeArray 0x00007fcbf4090a20
DEOPT UNPACKING thread 0x00007fcbf200b000 vframeArray 0x00007fcbf4090a20 mode 2
     {method} {0x000000010ec02d20} &apos;equals&apos; &apos;(Ljava/lang/Object;)Z&apos; in &apos;sun/misc/ProxyGenerator$ConstantPool$IndirectEntry&apos; - instanceof @ bci 1 sp = 0x0000000306384ed0
<uncommon_trap thread='8963' reason='class_check' action='maybe_recompile' compile_id='1422' compiler='C2' count='1' state='class_check' stamp='10.219'>
Uncommon trap occurred in java.util.Objects::hashCode (@0x0000000111dc8c44) thread=8963 reason=class_check action=maybe_recompile unloaded_class_index=-1
<jvms bci='5' method='java/util/Objects hashCode (Ljava/lang/Object;)I' bytes='13' count='5' backedge_count='1' iicount='10' class_check_traps='1'/>
</uncommon_trap>
DEOPT PACKING thread 0x00007fcbf200b000 Compiled frame (sp=0x00000003063854b0 unextended sp=0x00000003063854b0, fp=0x00000007959d93d0, real_fp=0x00000003063854d0, pc=0x0000000111dc8c44)
     nmethod  10219 1422             java.util.Objects::hashCode (13 bytes)

     Virtual frames (innermost first):
        0 - frame( sp=0x00000003063854b0, unextended_sp=0x00000003063854b0, fp=0x00000007959d93d0, pc=0x0000000111dc8c44)
java.util.Objects.hashCode(Objects.java:98) - invokevirtual @ bci 5 
     Created vframeArray 0x00007fcbf4091220
DEOPT UNPACKING thread 0x00007fcbf200b000 vframeArray 0x00007fcbf4091220 mode 2
     {method} {0x000000010e824fd8} &apos;hashCode&apos; &apos;(Ljava/lang/Object;)I&apos; in &apos;java/util/Objects&apos; - invokevirtual @ bci 5 sp = 0x0000000306385478
<uncommon_trap thread='8963' reason='class_check' action='maybe_recompile' compile_id='1422' compiler='C2' count='2' state='class_check' stamp='10.220'>
Uncommon trap occurred in java.util.Objects::hashCode (@0x0000000111dc8c44) thread=8963 reason=class_check action=maybe_recompile unloaded_class_index=-1
<jvms bci='5' method='java/util/Objects hashCode (Ljava/lang/Object;)I' bytes='13' count='5' backedge_count='1' iicount='10' class_check_traps='2'/>
</uncommon_trap>
DEOPT PACKING thread 0x00007fcbf200b000 Compiled frame (sp=0x0000000306385430 unextended sp=0x0000000306385430, fp=0x00000007959d93d0, real_fp=0x0000000306385450, pc=0x0000000111dc8c44)
     nmethod  10219 1422             java.util.Objects::hashCode (13 bytes)

     Virtual frames (innermost first):
        0 - frame( sp=0x0000000306385430, unextended_sp=0x0000000306385430, fp=0x00000007959d93d0, pc=0x0000000111dc8c44)
java.util.Objects.hashCode(Objects.java:98) - invokevirtual @ bci 5 
     Created vframeArray 0x00007fcbf2084620
DEOPT UNPACKING thread 0x00007fcbf200b000 vframeArray 0x00007fcbf2084620 mode 2
     {method} {0x000000010e824fd8} &apos;hashCode&apos; &apos;(Ljava/lang/Object;)I&apos; in &apos;java/util/Objects&apos; - invokevirtual @ bci 5 sp = 0x00000003063853f8
<uncommon_trap thread='8963' reason='class_check' action='maybe_recompile' compile_id='1422' compiler='C2' count='3' state='class_check' stamp='10.220'>
Uncommon trap occurred in java.util.Objects::hashCode (@0x0000000111dc8c44) thread=8963 reason=class_check action=maybe_recompile unloaded_class_index=-1
<jvms bci='5' method='java/util/Objects hashCode (Ljava/lang/Object;)I' bytes='13' count='5' backedge_count='1' iicount='10' class_check_traps='3'/>
</uncommon_trap>
DEOPT PACKING thread 0x00007fcbf200b000 Compiled frame (sp=0x0000000306385560 unextended sp=0x0000000306385560, fp=0x00000007959d93d0, real_fp=0x0000000306385580, pc=0x0000000111dc8c44)
     nmethod  10220 1422             java.util.Objects::hashCode (13 bytes)

     Virtual frames (innermost first):
        0 - frame( sp=0x0000000306385560, unextended_sp=0x0000000306385560, fp=0x00000007959d93d0, pc=0x0000000111dc8c44)
java.util.Objects.hashCode(Objects.java:98) - invokevirtual @ bci 5 
     Created vframeArray 0x00007fcbf4091220
DEOPT UNPACKING thread 0x00007fcbf200b000 vframeArray 0x00007fcbf4091220 mode 2
     {method} {0x000000010e824fd8} &apos;hashCode&apos; &apos;(Ljava/lang/Object;)I&apos; in &apos;java/util/Objects&apos; - invokevirtual @ bci 5 sp = 0x0000000306385528
<uncommon_trap thread='8963' reason='bimorphic' action='maybe_recompile' compile_id='1527' compiler='C2' count='1' state='#7' stamp='10.223'>
Uncommon trap occurred in org.springframework.core.SerializableTypeWrapper$TypeProxyInvocationHandler::invoke (@0x0000000111fbd2a0) thread=8963 reason=bimorphic action=maybe_recompile unloaded_class_index=-1
<jvms bci='165' method='org/springframework/core/SerializableTypeWrapper$TypeProxyInvocationHandler invoke (Ljava/lang/Object;Ljava/lang/reflect/Method;[Ljava/lang/Object;)Ljava/lang/Object;' bytes='324' count='5' backedge_count='2' iicount='10' bimorphic_traps='1'/>
</uncommon_trap>
DEOPT PACKING thread 0x00007fcbf200b000 Compiled frame (sp=0x00000003063853a0 unextended sp=0x00000003063853a0, fp=0x00000000f2b3cab9, real_fp=0x0000000306385410, pc=0x0000000111fbd2a0)
     nmethod  10223 1527             org.springframework.core.SerializableTypeWrapper$TypeProxyInvocationHandler::invoke (324 bytes)

     Virtual frames (innermost first):
        0 - frame( sp=0x00000003063853a0, unextended_sp=0x00000003063853a0, fp=0x00000000f2b3cab9, pc=0x0000000111fbd2a0)
org.springframework.core.SerializableTypeWrapper$TypeProxyInvocationHandler.invoke(SerializableTypeWrapper.java:197) - invokeinterface @ bci 165 
     Created vframeArray 0x00007fcbf3887a20
DEOPT UNPACKING thread 0x00007fcbf200b000 vframeArray 0x00007fcbf3887a20 mode 2
     {method} {0x000000010ebd03c0} &apos;invoke&apos; &apos;(Ljava/lang/Object;Ljava/lang/reflect/Method;[Ljava/lang/Object;)Ljava/lang/Object;&apos; in &apos;org/springframework/core/SerializableTypeWrapper$TypeProxyInvocationHandler&apos; - invokeinterface @ bci 165 sp = 0x00000003063853a0
<uncommon_trap thread='8963' reason='class_check' action='maybe_recompile' compile_id='1406' compiler='C2' count='3' state='class_check' stamp='10.233'>
Uncommon trap occurred in sun.reflect.generics.repository.GenericDeclRepository::getTypeParameters (@0x0000000111df11d8) thread=8963 reason=class_check action=maybe_recompile unloaded_class_index=-1
<jvms bci='16' method='sun/reflect/generics/repository/GenericDeclRepository getTypeParameters ()[Ljava/lang/reflect/TypeVariable;' bytes='80' count='5' backedge_count='5' iicount='7' decompiles='1' class_check_traps='3'/>
</uncommon_trap>
DEOPT PACKING thread 0x00007fcbf200b000 Compiled frame (sp=0x00000003063852e0 unextended sp=0x00000003063852e0, fp=0x00000007959e66d0, real_fp=0x0000000306385340, pc=0x0000000111df11d8)
     nmethod  10233 1406             sun.reflect.generics.repository.GenericDeclRepository::getTypeParameters (80 bytes)

     Virtual frames (innermost first):
        0 - frame( sp=0x00000003063852e0, unextended_sp=0x00000003063852e0, fp=0x00000007959e66d0, pc=0x0000000111df11d8)
sun.reflect.generics.repository.GenericDeclRepository.getTypeParameters(GenericDeclRepository.java:71) - invokeinterface @ bci 16 
     Created vframeArray 0x00007fcbf2084620
DEOPT UNPACKING thread 0x00007fcbf200b000 vframeArray 0x00007fcbf2084620 mode 2
     {method} {0x000000010e7eb788} &apos;getTypeParameters&apos; &apos;()[Ljava/lang/reflect/TypeVariable;&apos; in &apos;sun/reflect/generics/repository/GenericDeclRepository&apos; - invokeinterface @ bci 16 sp = 0x00000003063852c0
<uncommon_trap thread='8963' reason='bimorphic' action='maybe_recompile' compile_id='1121' compiler='C2' count='3' state='#15' stamp='10.307'>
Uncommon trap occurred in java.util.Arrays::equals (@0x0000000111cbb66c) thread=8963 reason=bimorphic action=maybe_recompile unloaded_class_index=-1
<jvms bci='62' method='java/util/Arrays equals ([Ljava/lang/Object;[Ljava/lang/Object;)Z' bytes='78' count='4' backedge_count='18' iicount='4' decompiles='1' class_check_traps='4' bimorphic_traps='3'/>
</uncommon_trap>
DEOPT PACKING thread 0x00007fcbf200b000 Compiled frame (sp=0x0000000306385450 unextended sp=0x0000000306385450, fp=0x0000000000000002, real_fp=0x0000000306385490, pc=0x0000000111cbb66c)
     nmethod  10307 1121             java.util.Arrays::equals (78 bytes)

     Virtual frames (innermost first):
        0 - frame( sp=0x0000000306385450, unextended_sp=0x0000000306385450, fp=0x0000000000000002, pc=0x0000000111cbb66c)
java.util.Arrays.equals(Arrays.java:2829) - invokevirtual @ bci 62 
     Created vframeArray 0x00007fcbf2085a20
DEOPT UNPACKING thread 0x00007fcbf200b000 vframeArray 0x00007fcbf2085a20 mode 2
     {method} {0x000000010e800c88} &apos;equals&apos; &apos;([Ljava/lang/Object;[Ljava/lang/Object;)Z&apos; in &apos;java/util/Arrays&apos; - invokevirtual @ bci 62 sp = 0x0000000306385410
<uncommon_trap thread='8963' reason='class_check' action='maybe_recompile' compile_id='1592' compiler='C2' stamp='10.308'>
Uncommon trap occurred in org.springframework.core.ResolvableType::getGenerics (@0x0000000111fdb5ec) thread=8963 reason=class_check action=maybe_recompile unloaded_class_index=-1
<jvms bci='78' method='org/springframework/core/ResolvableType getGenerics ()[Lorg/springframework/core/ResolvableType;' bytes='148' count='5' backedge_count='2' iicount='8'/>
</uncommon_trap>
DEOPT PACKING thread 0x00007fcbf200b000 Compiled frame (sp=0x0000000306385650 unextended sp=0x0000000306385650, fp=0x00000007959e5538, real_fp=0x00000003063856b0, pc=0x0000000111fdb5ec)
     nmethod  10307 1592             org.springframework.core.ResolvableType::getGenerics (148 bytes)

     Virtual frames (innermost first):
        0 - frame( sp=0x0000000306385650, unextended_sp=0x0000000306385650, fp=0x00000007959e5538, pc=0x0000000111fdb5ec)
org.springframework.core.ResolvableType.getGenerics(ResolvableType.java:734) - instanceof @ bci 78 
     Created vframeArray 0x00007fcbf308ca20
DEOPT UNPACKING thread 0x00007fcbf200b000 vframeArray 0x00007fcbf308ca20 mode 2
     {method} {0x000000010ead1780} &apos;getGenerics&apos; &apos;()[Lorg/springframework/core/ResolvableType;&apos; in &apos;org/springframework/core/ResolvableType&apos; - instanceof @ bci 78 sp = 0x0000000306385640
<uncommon_trap thread='8963' reason='class_check' action='maybe_recompile' compile_id='1523' compiler='C2' stamp='10.308'>
Uncommon trap occurred in org.springframework.core.ResolvableType::resolveType (@0x0000000111fb32a0) thread=8963 reason=class_check action=maybe_recompile unloaded_class_index=-1
<jvms bci='91' method='org/springframework/core/ResolvableType resolveType ()Lorg/springframework/core/ResolvableType;' bytes='151' count='6' backedge_count='1' iicount='11'/>
</uncommon_trap>
DEOPT PACKING thread 0x00007fcbf200b000 Compiled frame (sp=0x00000003063855f0 unextended sp=0x00000003063855f0, fp=0x00000007959e5538, real_fp=0x0000000306385630, pc=0x0000000111fb32a0)
     nmethod  10308 1523             org.springframework.core.ResolvableType::resolveType (151 bytes)

     Virtual frames (innermost first):
        0 - frame( sp=0x00000003063855f0, unextended_sp=0x00000003063855f0, fp=0x00000007959e5538, pc=0x0000000111fb32a0)
org.springframework.core.ResolvableType.resolveType(ResolvableType.java:862) - instanceof @ bci 91 
     Created vframeArray 0x00007fcbf4091220
DEOPT UNPACKING thread 0x00007fcbf200b000 vframeArray 0x00007fcbf4091220 mode 2
     {method} {0x000000010ead1f58} &apos;resolveType&apos; &apos;()Lorg/springframework/core/ResolvableType;&apos; in &apos;org/springframework/core/ResolvableType&apos; - instanceof @ bci 91 sp = 0x00000003063855c8
<uncommon_trap thread='8963' reason='unloaded' action='reinterpret' index='319' compile_id='1401' compiler='C2' unresolved='1' name='sun/reflect/generics/tree/BottomSignature' stamp='10.311'>
Uncommon trap occurred in sun.reflect.generics.parser.SignatureParser::parseTypeArgument (@0x0000000111f7bdbc) thread=8963 reason=unloaded action=reinterpret unloaded_class_index=319 unresolved class: sun/reflect/generics/tree/BottomSignature
<jvms bci='65' method='sun/reflect/generics/parser/SignatureParser parseTypeArgument ()Lsun/reflect/generics/tree/TypeArgument;' bytes='133' count='5' backedge_count='1' iicount='10'/>
</uncommon_trap>
REALLOC OBJECTS in thread 0x00007fcbf200b000
     object &lt;0x00000007959e7a28&gt; of type &apos;sun/reflect/generics/tree/FieldTypeSignature&apos;[] allocated (24 bytes)
     object &lt;0x00000007959e7a40&gt; of type &apos;sun/reflect/generics/tree/FieldTypeSignature&apos;[] allocated (24 bytes)
DEOPT PACKING thread 0x00007fcbf200b000 Compiled frame (sp=0x00000003063851c0 unextended sp=0x00000003063851c0, fp=0x00000007959e7998, real_fp=0x00000003063851f0, pc=0x0000000111f7bdbc)
     nmethod  10312 1401             sun.reflect.generics.parser.SignatureParser::parseTypeArgument (133 bytes)

     Virtual frames (innermost first):
        0 - frame( sp=0x00000003063851c0, unextended_sp=0x00000003063851c0, fp=0x00000007959e7998, pc=0x0000000111f7bdbc)
sun.reflect.generics.parser.SignatureParser.parseTypeArgument(SignatureParser.java:404) - invokestatic @ bci 65 
     Created vframeArray 0x00007fcbf2085a20
DEOPT UNPACKING thread 0x00007fcbf200b000 vframeArray 0x00007fcbf2085a20 mode 2
     {method} {0x000000010eba7dc8} &apos;parseTypeArgument&apos; &apos;()Lsun/reflect/generics/tree/TypeArgument;&apos; in &apos;sun/reflect/generics/parser/SignatureParser&apos; - invokestatic @ bci 65 sp = 0x0000000306385168
<uncommon_trap thread='8963' reason='bimorphic' action='maybe_recompile' compile_id='1408' compiler='C2' stamp='10.313'>
Uncommon trap occurred in sun.reflect.generics.visitor.Reifier::reifyTypeArguments (@0x0000000111f75aa0) thread=8963 reason=bimorphic action=maybe_recompile unloaded_class_index=-1
<jvms bci='18' method='sun/reflect/generics/visitor/Reifier reifyTypeArguments ([Lsun/reflect/generics/tree/TypeArgument;)[Ljava/lang/reflect/Type;' bytes='38' count='5' backedge_count='6' iicount='5'/>
</uncommon_trap>
DEOPT PACKING thread 0x00007fcbf200b000 Compiled frame (sp=0x0000000306385480 unextended sp=0x0000000306385480, fp=0x00000007959e7b10, real_fp=0x00000003063854d0, pc=0x0000000111f75aa0)
     nmethod  10313 1408             sun.reflect.generics.visitor.Reifier::reifyTypeArguments (38 bytes)

     Virtual frames (innermost first):
        0 - frame( sp=0x0000000306385480, unextended_sp=0x0000000306385480, fp=0x00000007959e7b10, pc=0x0000000111f75aa0)
sun.reflect.generics.visitor.Reifier.reifyTypeArguments(Reifier.java:68) - invokeinterface @ bci 18 
     Created vframeArray 0x00007fcbf3887a20
DEOPT UNPACKING thread 0x00007fcbf200b000 vframeArray 0x00007fcbf3887a20 mode 2
     {method} {0x000000010ebafcf0} &apos;reifyTypeArguments&apos; &apos;([Lsun/reflect/generics/tree/TypeArgument;)[Ljava/lang/reflect/Type;&apos; in &apos;sun/reflect/generics/visitor/Reifier&apos; - invokeinterface @ bci 18 sp = 0x0000000306385450
<dependency_failed type='abstract_with_unique_concrete_subtype' ctxk='sun/reflect/generics/reflectiveObjects/LazyReflectiveObjectGenerator' x='sun/reflect/generics/reflectiveObjects/TypeVariableImpl' witness='sun/reflect/generics/reflectiveObjects/WildcardTypeImpl' stamp='10.314'/>
<dependency_failed type='abstract_with_unique_concrete_subtype' ctxk='sun/reflect/generics/reflectiveObjects/LazyReflectiveObjectGenerator' x='sun/reflect/generics/reflectiveObjects/TypeVariableImpl' witness='sun/reflect/generics/reflectiveObjects/WildcardTypeImpl' stamp='10.314'/>
<dependency_failed type='abstract_with_unique_concrete_subtype' ctxk='sun/reflect/generics/reflectiveObjects/LazyReflectiveObjectGenerator' x='sun/reflect/generics/reflectiveObjects/TypeVariableImpl' witness='sun/reflect/generics/reflectiveObjects/WildcardTypeImpl' stamp='10.314'/>
<uncommon_trap thread='8963' reason='class_check' action='maybe_recompile' compile_id='1424' compiler='C2' count='2' state='class_check' stamp='10.350'>
Uncommon trap occurred in org.springframework.util.ConcurrentReferenceHashMap$Segment::findInChain (@0x0000000111debf38) thread=8963 reason=class_check action=maybe_recompile unloaded_class_index=-1
<jvms bci='10' method='org/springframework/util/ConcurrentReferenceHashMap$Segment findInChain (Lorg/springframework/util/ConcurrentReferenceHashMap$Reference;Ljava/lang/Object;I)Lorg/springframework/util/ConcurrentReferenceHashMap$Reference;' bytes='66' count='5' backedge_count='2' iicount='10' class_check_traps='2'/>
</uncommon_trap>
DEOPT PACKING thread 0x00007fcbf200b000 Compiled frame (sp=0x0000000306385670 unextended sp=0x0000000306385670, fp=0x00000007c0086830, real_fp=0x00000003063856b0, pc=0x0000000111debf38)
     nmethod  10350 1424             org.springframework.util.ConcurrentReferenceHashMap$Segment::findInChain (66 bytes)

     Virtual frames (innermost first):
        0 - frame( sp=0x0000000306385670, unextended_sp=0x0000000306385670, fp=0x00000007c0086830, pc=0x0000000111debf38)
org.springframework.util.ConcurrentReferenceHashMap$Segment.findInChain(ConcurrentReferenceHashMap.java:644) - invokeinterface @ bci 10 
     Created vframeArray 0x00007fcbf2085a20
DEOPT UNPACKING thread 0x00007fcbf200b000 vframeArray 0x00007fcbf2085a20 mode 2
     {method} {0x000000010eac2ee8} &apos;findInChain&apos; &apos;(Lorg/springframework/util/ConcurrentReferenceHashMap$Reference;Ljava/lang/Object;I)Lorg/springframework/util/ConcurrentReferenceHashMap$Reference;&apos; in &apos;org/springframework/util/ConcurrentReferenceHashMap$Segment&apos; - invokeinterface @ bci 10 sp = 0x0000000306385620
<uncommon_trap thread='8963' reason='bimorphic' action='maybe_recompile' compile_id='1527' compiler='C2' count='2' state='#7' stamp='10.428'>
Uncommon trap occurred in org.springframework.core.SerializableTypeWrapper$TypeProxyInvocationHandler::invoke (@0x0000000111fbd2a0) thread=8963 reason=bimorphic action=maybe_recompile unloaded_class_index=-1
<jvms bci='165' method='org/springframework/core/SerializableTypeWrapper$TypeProxyInvocationHandler invoke (Ljava/lang/Object;Ljava/lang/reflect/Method;[Ljava/lang/Object;)Ljava/lang/Object;' bytes='324' count='5' backedge_count='2' iicount='10' bimorphic_traps='2'/>
</uncommon_trap>
DEOPT PACKING thread 0x00007fcbf200b000 Compiled frame (sp=0x0000000306385470 unextended sp=0x0000000306385470, fp=0x00000000f2b3d519, real_fp=0x00000003063854e0, pc=0x0000000111fbd2a0)
     nmethod  10427 1527             org.springframework.core.SerializableTypeWrapper$TypeProxyInvocationHandler::invoke (324 bytes)

     Virtual frames (innermost first):
        0 - frame( sp=0x0000000306385470, unextended_sp=0x0000000306385470, fp=0x00000000f2b3d519, pc=0x0000000111fbd2a0)
org.springframework.core.SerializableTypeWrapper$TypeProxyInvocationHandler.invoke(SerializableTypeWrapper.java:197) - invokeinterface @ bci 165 
     Created vframeArray 0x00007fcbf3863c20
DEOPT UNPACKING thread 0x00007fcbf200b000 vframeArray 0x00007fcbf3863c20 mode 2
     {method} {0x000000010ebd03c0} &apos;invoke&apos; &apos;(Ljava/lang/Object;Ljava/lang/reflect/Method;[Ljava/lang/Object;)Ljava/lang/Object;&apos; in &apos;org/springframework/core/SerializableTypeWrapper$TypeProxyInvocationHandler&apos; - invokeinterface @ bci 165 sp = 0x0000000306385470
<uncommon_trap thread='8963' reason='bimorphic' action='maybe_recompile' compile_id='1527' compiler='C2' count='3' state='#7' stamp='10.446'>
Uncommon trap occurred in org.springframework.core.SerializableTypeWrapper$TypeProxyInvocationHandler::invoke (@0x0000000111fbd2a0) thread=8963 reason=bimorphic action=maybe_recompile unloaded_class_index=-1
<jvms bci='165' method='org/springframework/core/SerializableTypeWrapper$TypeProxyInvocationHandler invoke (Ljava/lang/Object;Ljava/lang/reflect/Method;[Ljava/lang/Object;)Ljava/lang/Object;' bytes='324' count='5' backedge_count='2' iicount='10' bimorphic_traps='3'/>
</uncommon_trap>
DEOPT PACKING thread 0x00007fcbf200b000 Compiled frame (sp=0x0000000306385360 unextended sp=0x0000000306385360, fp=0x00000000f2b3eed7, real_fp=0x00000003063853d0, pc=0x0000000111fbd2a0)
     nmethod  10445 1527             org.springframework.core.SerializableTypeWrapper$TypeProxyInvocationHandler::invoke (324 bytes)

     Virtual frames (innermost first):
        0 - frame( sp=0x0000000306385360, unextended_sp=0x0000000306385360, fp=0x00000000f2b3eed7, pc=0x0000000111fbd2a0)
org.springframework.core.SerializableTypeWrapper$TypeProxyInvocationHandler.invoke(SerializableTypeWrapper.java:197) - invokeinterface @ bci 165 
     Created vframeArray 0x00007fcbf3887a20
DEOPT UNPACKING thread 0x00007fcbf200b000 vframeArray 0x00007fcbf3887a20 mode 2
     {method} {0x000000010ebd03c0} &apos;invoke&apos; &apos;(Ljava/lang/Object;Ljava/lang/reflect/Method;[Ljava/lang/Object;)Ljava/lang/Object;&apos; in &apos;org/springframework/core/SerializableTypeWrapper$TypeProxyInvocationHandler&apos; - invokeinterface @ bci 165 sp = 0x0000000306385360
<uncommon_trap thread='8963' reason='class_check' action='maybe_recompile' compile_id='1424' compiler='C2' count='3' state='class_check' stamp='10.506'>
Uncommon trap occurred in org.springframework.util.ConcurrentReferenceHashMap$Segment::findInChain (@0x0000000111debf38) thread=8963 reason=class_check action=maybe_recompile unloaded_class_index=-1
<jvms bci='10' method='org/springframework/util/ConcurrentReferenceHashMap$Segment findInChain (Lorg/springframework/util/ConcurrentReferenceHashMap$Reference;Ljava/lang/Object;I)Lorg/springframework/util/ConcurrentReferenceHashMap$Reference;' bytes='66' count='5' backedge_count='3' iicount='10' class_check_traps='3'/>
</uncommon_trap>
DEOPT PACKING thread 0x00007fcbf200b000 Compiled frame (sp=0x0000000306385670 unextended sp=0x0000000306385670, fp=0x00000007c0086830, real_fp=0x00000003063856b0, pc=0x0000000111debf38)
     nmethod  10506 1424             org.springframework.util.ConcurrentReferenceHashMap$Segment::findInChain (66 bytes)

     Virtual frames (innermost first):
        0 - frame( sp=0x0000000306385670, unextended_sp=0x0000000306385670, fp=0x00000007c0086830, pc=0x0000000111debf38)
org.springframework.util.ConcurrentReferenceHashMap$Segment.findInChain(ConcurrentReferenceHashMap.java:644) - invokeinterface @ bci 10 
     Created vframeArray 0x00007fcbf3863c20
DEOPT UNPACKING thread 0x00007fcbf200b000 vframeArray 0x00007fcbf3863c20 mode 2
     {method} {0x000000010eac2ee8} &apos;findInChain&apos; &apos;(Lorg/springframework/util/ConcurrentReferenceHashMap$Reference;Ljava/lang/Object;I)Lorg/springframework/util/ConcurrentReferenceHashMap$Reference;&apos; in &apos;org/springframework/util/ConcurrentReferenceHashMap$Segment&apos; - invokeinterface @ bci 10 sp = 0x0000000306385620
<uncommon_trap thread='8963' reason='unloaded' action='reinterpret' index='7' compile_id='1559' compiler='C2' unresolved='1' name='sun/reflect/MethodAccessorGenerator' stamp='10.534'>
Uncommon trap occurred in sun.reflect.NativeMethodAccessorImpl::invoke (@0x0000000111fcbd7c) thread=8963 reason=unloaded action=reinterpret unloaded_class_index=7 unresolved class: sun/reflect/MethodAccessorGenerator
<jvms bci='30' method='sun/reflect/NativeMethodAccessorImpl invoke (Ljava/lang/Object;[Ljava/lang/Object;)Ljava/lang/Object;' bytes='104' count='5' backedge_count='1' iicount='10'/>
</uncommon_trap>
DEOPT PACKING thread 0x00007fcbf200b000 Compiled frame (sp=0x00000003063853d0 unextended sp=0x00000003063853d0, fp=0x00000007959d0550, real_fp=0x0000000306385400, pc=0x0000000111fcbd7c)
     nmethod  10537 1559             sun.reflect.NativeMethodAccessorImpl::invoke (104 bytes)

     Virtual frames (innermost first):
        0 - frame( sp=0x00000003063853d0, unextended_sp=0x00000003063853d0, fp=0x00000007959d0550, pc=0x0000000111fcbd7c)
sun.reflect.NativeMethodAccessorImpl.invoke(NativeMethodAccessorImpl.java:51) - new @ bci 30 
     Created vframeArray 0x00007fcbf2085a20
DEOPT UNPACKING thread 0x00007fcbf200b000 vframeArray 0x00007fcbf2085a20 mode 2
     {method} {0x000000010ebbdda8} &apos;invoke&apos; &apos;(Ljava/lang/Object;[Ljava/lang/Object;)Ljava/lang/Object;&apos; in &apos;sun/reflect/NativeMethodAccessorImpl&apos; - new @ bci 30 sp = 0x0000000306385390
<uncommon_trap thread='8963' reason='class_check' action='maybe_recompile' compile_id='1557' compiler='C2' stamp='10.613'>
Uncommon trap occurred in java.lang.reflect.Method::invoke (@0x0000000111fc5408) thread=8963 reason=class_check action=maybe_recompile unloaded_class_index=-1
<jvms bci='6' method='sun/reflect/DelegatingMethodAccessorImpl invoke (Ljava/lang/Object;[Ljava/lang/Object;)Ljava/lang/Object;' bytes='10' count='5' backedge_count='1' iicount='10'/>
<jvms bci='56' method='java/lang/reflect/Method invoke (Ljava/lang/Object;[Ljava/lang/Object;)Ljava/lang/Object;' bytes='62' count='5' backedge_count='1' iicount='10'/>
</uncommon_trap>
DEOPT PACKING thread 0x00007fcbf200b000 Compiled frame (sp=0x00000003063853d0 unextended sp=0x00000003063853d0, fp=0x00000000f2b40a69, real_fp=0x0000000306385410, pc=0x0000000111fc5408)
     nmethod  10613 1557             java.lang.reflect.Method::invoke (62 bytes)

     Virtual frames (innermost first):
        0 - frame( sp=0x00000003063853d0, unextended_sp=0x00000003063853d0, fp=0x00000000f2b40a69, pc=0x0000000111fc5408)
sun.reflect.DelegatingMethodAccessorImpl.invoke(DelegatingMethodAccessorImpl.java:43) - invokevirtual @ bci 6 
        1 - frame( sp=0x00000003063853d0, unextended_sp=0x00000003063853d0, fp=0x00000000f2b40a69, pc=0x0000000111fc5408)
java.lang.reflect.Method.invoke(Method.java:498) - invokeinterface @ bci 56 
     Created vframeArray 0x00007fcbf3863c20
DEOPT UNPACKING thread 0x00007fcbf200b000 vframeArray 0x00007fcbf3863c20 mode 2
     {method} {0x000000010e6fb6f8} &apos;invoke&apos; &apos;(Ljava/lang/Object;[Ljava/lang/Object;)Ljava/lang/Object;&apos; in &apos;java/lang/reflect/Method&apos; - invokeinterface @ bci 56 sp = 0x0000000306385388
     {method} {0x000000010ebbe530} &apos;invoke&apos; &apos;(Ljava/lang/Object;[Ljava/lang/Object;)Ljava/lang/Object;&apos; in &apos;sun/reflect/DelegatingMethodAccessorImpl&apos; - invokevirtual @ bci 6 sp = 0x0000000306385320
<uncommon_trap thread='8963' reason='class_check' action='maybe_recompile' compile_id='1523' compiler='C2' count='1' state='class_check' stamp='10.614'>
Uncommon trap occurred in org.springframework.core.ResolvableType::resolveType (@0x0000000111fb32a0) thread=8963 reason=class_check action=maybe_recompile unloaded_class_index=-1
<jvms bci='91' method='org/springframework/core/ResolvableType resolveType ()Lorg/springframework/core/ResolvableType;' bytes='151' count='6' backedge_count='1' iicount='11' class_check_traps='1'/>
</uncommon_trap>
DEOPT PACKING thread 0x00007fcbf200b000 Compiled frame (sp=0x0000000306385560 unextended sp=0x0000000306385560, fp=0x0000000795a05478, real_fp=0x00000003063855a0, pc=0x0000000111fb32a0)
     nmethod  10614 1523             org.springframework.core.ResolvableType::resolveType (151 bytes)

     Virtual frames (innermost first):
        0 - frame( sp=0x0000000306385560, unextended_sp=0x0000000306385560, fp=0x0000000795a05478, pc=0x0000000111fb32a0)
org.springframework.core.ResolvableType.resolveType(ResolvableType.java:862) - instanceof @ bci 91 
     Created vframeArray 0x00007fcbf408fc20
DEOPT UNPACKING thread 0x00007fcbf200b000 vframeArray 0x00007fcbf408fc20 mode 2
     {method} {0x000000010ead1f58} &apos;resolveType&apos; &apos;()Lorg/springframework/core/ResolvableType;&apos; in &apos;org/springframework/core/ResolvableType&apos; - instanceof @ bci 91 sp = 0x0000000306385538
<uncommon_trap thread='8963' reason='unloaded' action='reinterpret' index='7' compile_id='1317' compiler='C2' unresolved='1' name='sun/reflect/MethodAccessorGenerator' stamp='10.615'>
Uncommon trap occurred in sun.reflect.NativeConstructorAccessorImpl::newInstance (@0x0000000111f54908) thread=8963 reason=unloaded action=reinterpret unloaded_class_index=7 unresolved class: sun/reflect/MethodAccessorGenerator
<jvms bci='30' method='sun/reflect/NativeConstructorAccessorImpl newInstance ([Ljava/lang/Object;)Ljava/lang/Object;' bytes='89' count='2' backedge_count='1' iicount='10'/>
</uncommon_trap>
DEOPT PACKING thread 0x00007fcbf200b000 Compiled frame (sp=0x0000000306385330 unextended sp=0x0000000306385330, fp=0x00000007959ca430, real_fp=0x0000000306385360, pc=0x0000000111f54908)
     nmethod  10614 1317             sun.reflect.NativeConstructorAccessorImpl::newInstance (89 bytes)

     Virtual frames (innermost first):
        0 - frame( sp=0x0000000306385330, unextended_sp=0x0000000306385330, fp=0x00000007959ca430, pc=0x0000000111f54908)
sun.reflect.NativeConstructorAccessorImpl.newInstance(NativeConstructorAccessorImpl.java:53) - new @ bci 30 
     Created vframeArray 0x00007fcbf4091020
DEOPT UNPACKING thread 0x00007fcbf200b000 vframeArray 0x00007fcbf4091020 mode 2
     {method} {0x000000010e80e1a8} &apos;newInstance&apos; &apos;([Ljava/lang/Object;)Ljava/lang/Object;&apos; in &apos;sun/reflect/NativeConstructorAccessorImpl&apos; - new @ bci 30 sp = 0x00000003063852f8
<uncommon_trap thread='8963' reason='unloaded' action='reinterpret' index='36' compile_id='1340' compiler='C2' unresolved='1' name='sun/reflect/BootstrapConstructorAccessorImpl' stamp='10.653'>
Uncommon trap occurred in sun.reflect.ReflectionFactory::newConstructorAccessor (@0x0000000111f5bd04) thread=8963 reason=unloaded action=reinterpret unloaded_class_index=36 unresolved class: sun/reflect/BootstrapConstructorAccessorImpl
<jvms bci='52' method='sun/reflect/ReflectionFactory newConstructorAccessor (Ljava/lang/reflect/Constructor;)Lsun/reflect/ConstructorAccessor;' bytes='132' count='5' backedge_count='1' iicount='10'/>
</uncommon_trap>
DEOPT PACKING thread 0x00007fcbf200b000 Compiled frame (sp=0x0000000306384430 unextended sp=0x0000000306384430, fp=0x0000000795a08b68, real_fp=0x0000000306384480, pc=0x0000000111f5bd04)
     nmethod  10655 1340             sun.reflect.ReflectionFactory::newConstructorAccessor (132 bytes)

     Virtual frames (innermost first):
        0 - frame( sp=0x0000000306384430, unextended_sp=0x0000000306384430, fp=0x0000000795a08b68, pc=0x0000000111f5bd04)
sun.reflect.ReflectionFactory.newConstructorAccessor(ReflectionFactory.java:196) - new @ bci 52 
     Created vframeArray 0x00007fcbf2085a20
DEOPT UNPACKING thread 0x00007fcbf200b000 vframeArray 0x00007fcbf2085a20 mode 2
     {method} {0x000000010e79d390} &apos;newConstructorAccessor&apos; &apos;(Ljava/lang/reflect/Constructor;)Lsun/reflect/ConstructorAccessor;&apos; in &apos;sun/reflect/ReflectionFactory&apos; - new @ bci 52 sp = 0x0000000306384408
<uncommon_trap thread='8963' reason='class_check' action='maybe_recompile' compile_id='1532' compiler='C2' stamp='10.655'>
Uncommon trap occurred in java.lang.reflect.Constructor::newInstance (@0x0000000111fba268) thread=8963 reason=class_check action=maybe_recompile unloaded_class_index=-1
<jvms bci='79' method='java/lang/reflect/Constructor newInstance ([Ljava/lang/Object;)Ljava/lang/Object;' bytes='87' count='5' backedge_count='1' iicount='15'/>
</uncommon_trap>
DEOPT PACKING thread 0x00007fcbf200b000 Compiled frame (sp=0x00000003063844b0 unextended sp=0x00000003063844b0, fp=0x0000000000000000, real_fp=0x00000003063844f0, pc=0x0000000111fba268)
     nmethod  10655 1532             java.lang.reflect.Constructor::newInstance (87 bytes)

     Virtual frames (innermost first):
        0 - frame( sp=0x00000003063844b0, unextended_sp=0x00000003063844b0, fp=0x0000000000000000, pc=0x0000000111fba268)
java.lang.reflect.Constructor.newInstance(Constructor.java:423) - invokeinterface @ bci 79 
     Created vframeArray 0x00007fcbf2086820
DEOPT UNPACKING thread 0x00007fcbf200b000 vframeArray 0x00007fcbf2086820 mode 2
     {method} {0x000000010e701ce8} &apos;newInstance&apos; &apos;([Ljava/lang/Object;)Ljava/lang/Object;&apos; in &apos;java/lang/reflect/Constructor&apos; - invokeinterface @ bci 79 sp = 0x0000000306384470
<uncommon_trap thread='8963' reason='class_check' action='maybe_recompile' compile_id='1557' compiler='C2' count='1' state='class_check' stamp='10.656'>
Uncommon trap occurred in java.lang.reflect.Method::invoke (@0x0000000111fc5408) thread=8963 reason=class_check action=maybe_recompile unloaded_class_index=-1
<jvms bci='6' method='sun/reflect/DelegatingMethodAccessorImpl invoke (Ljava/lang/Object;[Ljava/lang/Object;)Ljava/lang/Object;' bytes='10' count='5' backedge_count='1' iicount='10' class_check_traps='1'/>
<jvms bci='56' method='java/lang/reflect/Method invoke (Ljava/lang/Object;[Ljava/lang/Object;)Ljava/lang/Object;' bytes='62' count='5' backedge_count='1' iicount='10'/>
</uncommon_trap>
DEOPT PACKING thread 0x00007fcbf200b000 Compiled frame (sp=0x00000003063852c0 unextended sp=0x00000003063852c0, fp=0x00000000f2b40a69, real_fp=0x0000000306385300, pc=0x0000000111fc5408)
     nmethod  10656 1557             java.lang.reflect.Method::invoke (62 bytes)

     Virtual frames (innermost first):
        0 - frame( sp=0x00000003063852c0, unextended_sp=0x00000003063852c0, fp=0x00000000f2b40a69, pc=0x0000000111fc5408)
sun.reflect.DelegatingMethodAccessorImpl.invoke(DelegatingMethodAccessorImpl.java:43) - invokevirtual @ bci 6 
        1 - frame( sp=0x00000003063852c0, unextended_sp=0x00000003063852c0, fp=0x00000000f2b40a69, pc=0x0000000111fc5408)
java.lang.reflect.Method.invoke(Method.java:498) - invokeinterface @ bci 56 
     Created vframeArray 0x00007fcbf3863c20
DEOPT UNPACKING thread 0x00007fcbf200b000 vframeArray 0x00007fcbf3863c20 mode 2
     {method} {0x000000010e6fb6f8} &apos;invoke&apos; &apos;(Ljava/lang/Object;[Ljava/lang/Object;)Ljava/lang/Object;&apos; in &apos;java/lang/reflect/Method&apos; - invokeinterface @ bci 56 sp = 0x0000000306385278
     {method} {0x000000010ebbe530} &apos;invoke&apos; &apos;(Ljava/lang/Object;[Ljava/lang/Object;)Ljava/lang/Object;&apos; in &apos;sun/reflect/DelegatingMethodAccessorImpl&apos; - invokevirtual @ bci 6 sp = 0x0000000306385210
<uncommon_trap thread='8963' reason='class_check' action='maybe_recompile' compile_id='1636' compiler='C2' count='4' stamp='10.661'>
Uncommon trap occurred in org.springframework.util.ConcurrentReferenceHashMap$Segment::findInChain (@0x0000000111e62f4c) thread=8963 reason=class_check action=maybe_recompile unloaded_class_index=-1
<jvms bci='54' method='org/springframework/util/ConcurrentReferenceHashMap$Segment findInChain (Lorg/springframework/util/ConcurrentReferenceHashMap$Reference;Ljava/lang/Object;I)Lorg/springframework/util/ConcurrentReferenceHashMap$Reference;' bytes='66' count='5' backedge_count='4' iicount='11' decompiles='1' class_check_traps='4'/>
</uncommon_trap>
DEOPT PACKING thread 0x00007fcbf200b000 Compiled frame (sp=0x0000000306385510 unextended sp=0x0000000306385510, fp=0x0000000795a00e48, real_fp=0x0000000306385550, pc=0x0000000111e62f4c)
     nmethod  10661 1636             org.springframework.util.ConcurrentReferenceHashMap$Segment::findInChain (66 bytes)

     Virtual frames (innermost first):
        0 - frame( sp=0x0000000306385510, unextended_sp=0x0000000306385510, fp=0x0000000795a00e48, pc=0x0000000111e62f4c)
org.springframework.util.ConcurrentReferenceHashMap$Segment.findInChain(ConcurrentReferenceHashMap.java:653) - invokeinterface @ bci 54 
     Created vframeArray 0x00007fcbf3063c20
DEOPT UNPACKING thread 0x00007fcbf200b000 vframeArray 0x00007fcbf3063c20 mode 2
     {method} {0x000000010eac2ee8} &apos;findInChain&apos; &apos;(Lorg/springframework/util/ConcurrentReferenceHashMap$Reference;Ljava/lang/Object;I)Lorg/springframework/util/ConcurrentReferenceHashMap$Reference;&apos; in &apos;org/springframework/util/ConcurrentReferenceHashMap$Segment&apos; - invokeinterface @ bci 54 sp = 0x00000003063854c0
<uncommon_trap thread='8963' reason='class_check' action='maybe_recompile' compile_id='1557' compiler='C2' count='2' state='class_check' stamp='10.662'>
Uncommon trap occurred in java.lang.reflect.Method::invoke (@0x0000000111fc5408) thread=8963 reason=class_check action=maybe_recompile unloaded_class_index=-1
<jvms bci='6' method='sun/reflect/DelegatingMethodAccessorImpl invoke (Ljava/lang/Object;[Ljava/lang/Object;)Ljava/lang/Object;' bytes='10' count='5' backedge_count='1' iicount='10' class_check_traps='2'/>
<jvms bci='56' method='java/lang/reflect/Method invoke (Ljava/lang/Object;[Ljava/lang/Object;)Ljava/lang/Object;' bytes='62' count='5' backedge_count='1' iicount='10'/>
</uncommon_trap>
DEOPT PACKING thread 0x00007fcbf200b000 Compiled frame (sp=0x00000003063853a0 unextended sp=0x00000003063853a0, fp=0x00000000f2b40a69, real_fp=0x00000003063853e0, pc=0x0000000111fc5408)
     nmethod  10662 1557             java.lang.reflect.Method::invoke (62 bytes)

     Virtual frames (innermost first):
        0 - frame( sp=0x00000003063853a0, unextended_sp=0x00000003063853a0, fp=0x00000000f2b40a69, pc=0x0000000111fc5408)
sun.reflect.DelegatingMethodAccessorImpl.invoke(DelegatingMethodAccessorImpl.java:43) - invokevirtual @ bci 6 
        1 - frame( sp=0x00000003063853a0, unextended_sp=0x00000003063853a0, fp=0x00000000f2b40a69, pc=0x0000000111fc5408)
java.lang.reflect.Method.invoke(Method.java:498) - invokeinterface @ bci 56 
     Created vframeArray 0x00007fcbf4091020
DEOPT UNPACKING thread 0x00007fcbf200b000 vframeArray 0x00007fcbf4091020 mode 2
     {method} {0x000000010e6fb6f8} &apos;invoke&apos; &apos;(Ljava/lang/Object;[Ljava/lang/Object;)Ljava/lang/Object;&apos; in &apos;java/lang/reflect/Method&apos; - invokeinterface @ bci 56 sp = 0x0000000306385358
     {method} {0x000000010ebbe530} &apos;invoke&apos; &apos;(Ljava/lang/Object;[Ljava/lang/Object;)Ljava/lang/Object;&apos; in &apos;sun/reflect/DelegatingMethodAccessorImpl&apos; - invokevirtual @ bci 6 sp = 0x00000003063852f0
<uncommon_trap thread='8963' reason='class_check' action='maybe_recompile' compile_id='1636' compiler='C2' count='5' state='class_check' stamp='10.663'>
Uncommon trap occurred in org.springframework.util.ConcurrentReferenceHashMap$Segment::findInChain (@0x0000000111e62f4c) thread=8963 reason=class_check action=maybe_recompile unloaded_class_index=-1
<jvms bci='54' method='org/springframework/util/ConcurrentReferenceHashMap$Segment findInChain (Lorg/springframework/util/ConcurrentReferenceHashMap$Reference;Ljava/lang/Object;I)Lorg/springframework/util/ConcurrentReferenceHashMap$Reference;' bytes='66' count='5' backedge_count='5' iicount='11' decompiles='1' class_check_traps='5'/>
</uncommon_trap>
DEOPT PACKING thread 0x00007fcbf200b000 Compiled frame (sp=0x0000000306385490 unextended sp=0x0000000306385490, fp=0x0000000795a00e48, real_fp=0x00000003063854d0, pc=0x0000000111e62f4c)
     nmethod  10662 1636             org.springframework.util.ConcurrentReferenceHashMap$Segment::findInChain (66 bytes)

     Virtual frames (innermost first):
        0 - frame( sp=0x0000000306385490, unextended_sp=0x0000000306385490, fp=0x0000000795a00e48, pc=0x0000000111e62f4c)
org.springframework.util.ConcurrentReferenceHashMap$Segment.findInChain(ConcurrentReferenceHashMap.java:653) - invokeinterface @ bci 54 
     Created vframeArray 0x00007fcbf3063c20
DEOPT UNPACKING thread 0x00007fcbf200b000 vframeArray 0x00007fcbf3063c20 mode 2
     {method} {0x000000010eac2ee8} &apos;findInChain&apos; &apos;(Lorg/springframework/util/ConcurrentReferenceHashMap$Reference;Ljava/lang/Object;I)Lorg/springframework/util/ConcurrentReferenceHashMap$Reference;&apos; in &apos;org/springframework/util/ConcurrentReferenceHashMap$Segment&apos; - invokeinterface @ bci 54 sp = 0x0000000306385440
<uncommon_trap thread='8963' reason='class_check' action='maybe_recompile' compile_id='1557' compiler='C2' count='3' state='class_check' stamp='10.735'>
Uncommon trap occurred in java.lang.reflect.Method::invoke (@0x0000000111fc5408) thread=8963 reason=class_check action=maybe_recompile unloaded_class_index=-1
<jvms bci='6' method='sun/reflect/DelegatingMethodAccessorImpl invoke (Ljava/lang/Object;[Ljava/lang/Object;)Ljava/lang/Object;' bytes='10' count='5' backedge_count='1' iicount='10' class_check_traps='3'/>
<jvms bci='56' method='java/lang/reflect/Method invoke (Ljava/lang/Object;[Ljava/lang/Object;)Ljava/lang/Object;' bytes='62' count='5' backedge_count='1' iicount='10'/>
</uncommon_trap>
DEOPT PACKING thread 0x00007fcbf200b000 Compiled frame (sp=0x0000000306385440 unextended sp=0x0000000306385440, fp=0x00000000f2b40a69, real_fp=0x0000000306385480, pc=0x0000000111fc5408)
     nmethod  10735 1557             java.lang.reflect.Method::invoke (62 bytes)

     Virtual frames (innermost first):
        0 - frame( sp=0x0000000306385440, unextended_sp=0x0000000306385440, fp=0x00000000f2b40a69, pc=0x0000000111fc5408)
sun.reflect.DelegatingMethodAccessorImpl.invoke(DelegatingMethodAccessorImpl.java:43) - invokevirtual @ bci 6 
        1 - frame( sp=0x0000000306385440, unextended_sp=0x0000000306385440, fp=0x00000000f2b40a69, pc=0x0000000111fc5408)
java.lang.reflect.Method.invoke(Method.java:498) - invokeinterface @ bci 56 
     Created vframeArray 0x00007fcbf3863c20
DEOPT UNPACKING thread 0x00007fcbf200b000 vframeArray 0x00007fcbf3863c20 mode 2
     {method} {0x000000010e6fb6f8} &apos;invoke&apos; &apos;(Ljava/lang/Object;[Ljava/lang/Object;)Ljava/lang/Object;&apos; in &apos;java/lang/reflect/Method&apos; - invokeinterface @ bci 56 sp = 0x00000003063853f8
     {method} {0x000000010ebbe530} &apos;invoke&apos; &apos;(Ljava/lang/Object;[Ljava/lang/Object;)Ljava/lang/Object;&apos; in &apos;sun/reflect/DelegatingMethodAccessorImpl&apos; - invokevirtual @ bci 6 sp = 0x0000000306385390
<uncommon_trap thread='8963' reason='class_check' action='maybe_recompile' compile_id='1523' compiler='C2' count='2' state='class_check' stamp='10.736'>
Uncommon trap occurred in org.springframework.core.ResolvableType::resolveType (@0x0000000111fb32a0) thread=8963 reason=class_check action=maybe_recompile unloaded_class_index=-1
<jvms bci='91' method='org/springframework/core/ResolvableType resolveType ()Lorg/springframework/core/ResolvableType;' bytes='151' count='6' backedge_count='1' iicount='11' class_check_traps='2'/>
</uncommon_trap>
DEOPT PACKING thread 0x00007fcbf200b000 Compiled frame (sp=0x00000003063855d0 unextended sp=0x00000003063855d0, fp=0x0000000795a0c388, real_fp=0x0000000306385610, pc=0x0000000111fb32a0)
     nmethod  10735 1523             org.springframework.core.ResolvableType::resolveType (151 bytes)

     Virtual frames (innermost first):
        0 - frame( sp=0x00000003063855d0, unextended_sp=0x00000003063855d0, fp=0x0000000795a0c388, pc=0x0000000111fb32a0)
org.springframework.core.ResolvableType.resolveType(ResolvableType.java:862) - instanceof @ bci 91 
     Created vframeArray 0x00007fcbf4091020
DEOPT UNPACKING thread 0x00007fcbf200b000 vframeArray 0x00007fcbf4091020 mode 2
     {method} {0x000000010ead1f58} &apos;resolveType&apos; &apos;()Lorg/springframework/core/ResolvableType;&apos; in &apos;org/springframework/core/ResolvableType&apos; - instanceof @ bci 91 sp = 0x00000003063855a8
<uncommon_trap thread='8963' reason='class_check' action='maybe_recompile' compile_id='1532' compiler='C2' stamp='10.768'>
Uncommon trap occurred in java.lang.reflect.Constructor::newInstance (@0x0000000111fba278) thread=8963 reason=class_check action=maybe_recompile unloaded_class_index=-1
<jvms bci='5' method='sun/reflect/DelegatingConstructorAccessorImpl newInstance ([Ljava/lang/Object;)Ljava/lang/Object;' bytes='9' count='5' backedge_count='1' iicount='10'/>
<jvms bci='79' method='java/lang/reflect/Constructor newInstance ([Ljava/lang/Object;)Ljava/lang/Object;' bytes='87' count='5' backedge_count='1' iicount='15' class_check_traps='1'/>
</uncommon_trap>
DEOPT PACKING thread 0x00007fcbf200b000 Compiled frame (sp=0x0000000306385520 unextended sp=0x0000000306385520, fp=0x00000000f2b4118b, real_fp=0x0000000306385560, pc=0x0000000111fba278)
     nmethod  10768 1532             java.lang.reflect.Constructor::newInstance (87 bytes)

     Virtual frames (innermost first):
        0 - frame( sp=0x0000000306385520, unextended_sp=0x0000000306385520, fp=0x00000000f2b4118b, pc=0x0000000111fba278)
sun.reflect.DelegatingConstructorAccessorImpl.newInstance(DelegatingConstructorAccessorImpl.java:45) - invokevirtual @ bci 5 
        1 - frame( sp=0x0000000306385520, unextended_sp=0x0000000306385520, fp=0x00000000f2b4118b, pc=0x0000000111fba278)
java.lang.reflect.Constructor.newInstance(Constructor.java:423) - invokeinterface @ bci 79 
     Created vframeArray 0x00007fcbf4090220
DEOPT UNPACKING thread 0x00007fcbf200b000 vframeArray 0x00007fcbf4090220 mode 2
     {method} {0x000000010e701ce8} &apos;newInstance&apos; &apos;([Ljava/lang/Object;)Ljava/lang/Object;&apos; in &apos;java/lang/reflect/Constructor&apos; - invokeinterface @ bci 79 sp = 0x00000003063854e0
     {method} {0x000000010e80e940} &apos;newInstance&apos; &apos;([Ljava/lang/Object;)Ljava/lang/Object;&apos; in &apos;sun/reflect/DelegatingConstructorAccessorImpl&apos; - invokevirtual @ bci 5 sp = 0x0000000306385480
<uncommon_trap thread='8963' reason='class_check' action='maybe_recompile' compile_id='1558' compiler='C2' count='4' state='class_check recompiled' stamp='10.769'>
Uncommon trap occurred in sun.reflect.DelegatingMethodAccessorImpl::invoke (@0x0000000111fc6ff0) thread=8963 reason=class_check action=maybe_recompile unloaded_class_index=-1
<jvms bci='6' method='sun/reflect/DelegatingMethodAccessorImpl invoke (Ljava/lang/Object;[Ljava/lang/Object;)Ljava/lang/Object;' bytes='10' count='5' backedge_count='1' iicount='10' class_check_traps='4'/>
</uncommon_trap>
DEOPT PACKING thread 0x00007fcbf200b000 Compiled frame (sp=0x0000000306385380 unextended sp=0x0000000306385380, fp=0x00000000f2b40a69, real_fp=0x00000003063853b0, pc=0x0000000111fc6ff0)
     nmethod  10769 1558             sun.reflect.DelegatingMethodAccessorImpl::invoke (10 bytes)

     Virtual frames (innermost first):
        0 - frame( sp=0x0000000306385380, unextended_sp=0x0000000306385380, fp=0x00000000f2b40a69, pc=0x0000000111fc6ff0)
sun.reflect.DelegatingMethodAccessorImpl.invoke(DelegatingMethodAccessorImpl.java:43) - invokevirtual @ bci 6 
     Created vframeArray 0x00007fcbf4091020
DEOPT UNPACKING thread 0x00007fcbf200b000 vframeArray 0x00007fcbf4091020 mode 2
     {method} {0x000000010ebbe530} &apos;invoke&apos; &apos;(Ljava/lang/Object;[Ljava/lang/Object;)Ljava/lang/Object;&apos; in &apos;sun/reflect/DelegatingMethodAccessorImpl&apos; - invokevirtual @ bci 6 sp = 0x0000000306385348
<uncommon_trap thread='8963' reason='class_check' action='maybe_recompile' compile_id='1523' compiler='C2' count='3' state='class_check' stamp='10.770'>
Uncommon trap occurred in org.springframework.core.ResolvableType::resolveType (@0x0000000111fb32a0) thread=8963 reason=class_check action=maybe_recompile unloaded_class_index=-1
<jvms bci='91' method='org/springframework/core/ResolvableType resolveType ()Lorg/springframework/core/ResolvableType;' bytes='151' count='6' backedge_count='1' iicount='11' class_check_traps='3'/>
</uncommon_trap>
DEOPT PACKING thread 0x00007fcbf200b000 Compiled frame (sp=0x0000000306385560 unextended sp=0x0000000306385560, fp=0x0000000795a0e368, real_fp=0x00000003063855a0, pc=0x0000000111fb32a0)
     nmethod  10769 1523             org.springframework.core.ResolvableType::resolveType (151 bytes)

     Virtual frames (innermost first):
        0 - frame( sp=0x0000000306385560, unextended_sp=0x0000000306385560, fp=0x0000000795a0e368, pc=0x0000000111fb32a0)
org.springframework.core.ResolvableType.resolveType(ResolvableType.java:862) - instanceof @ bci 91 
     Created vframeArray 0x00007fcbf4090220
DEOPT UNPACKING thread 0x00007fcbf200b000 vframeArray 0x00007fcbf4090220 mode 2
     {method} {0x000000010ead1f58} &apos;resolveType&apos; &apos;()Lorg/springframework/core/ResolvableType;&apos; in &apos;org/springframework/core/ResolvableType&apos; - instanceof @ bci 91 sp = 0x0000000306385538
<uncommon_trap thread='8963' reason='class_check' action='maybe_recompile' compile_id='1532' compiler='C2' count='1' state='class_check' stamp='10.776'>
Uncommon trap occurred in java.lang.reflect.Constructor::newInstance (@0x0000000111fba278) thread=8963 reason=class_check action=maybe_recompile unloaded_class_index=-1
<jvms bci='5' method='sun/reflect/DelegatingConstructorAccessorImpl newInstance ([Ljava/lang/Object;)Ljava/lang/Object;' bytes='9' count='5' backedge_count='1' iicount='10' class_check_traps='1'/>
<jvms bci='79' method='java/lang/reflect/Constructor newInstance ([Ljava/lang/Object;)Ljava/lang/Object;' bytes='87' count='5' backedge_count='1' iicount='15' class_check_traps='1'/>
</uncommon_trap>
DEOPT PACKING thread 0x00007fcbf200b000 Compiled frame (sp=0x0000000306385360 unextended sp=0x0000000306385360, fp=0x00000000f2b4118b, real_fp=0x00000003063853a0, pc=0x0000000111fba278)
     nmethod  10775 1532             java.lang.reflect.Constructor::newInstance (87 bytes)

     Virtual frames (innermost first):
        0 - frame( sp=0x0000000306385360, unextended_sp=0x0000000306385360, fp=0x00000000f2b4118b, pc=0x0000000111fba278)
sun.reflect.DelegatingConstructorAccessorImpl.newInstance(DelegatingConstructorAccessorImpl.java:45) - invokevirtual @ bci 5 
        1 - frame( sp=0x0000000306385360, unextended_sp=0x0000000306385360, fp=0x00000000f2b4118b, pc=0x0000000111fba278)
java.lang.reflect.Constructor.newInstance(Constructor.java:423) - invokeinterface @ bci 79 
     Created vframeArray 0x00007fcbf4091020
DEOPT UNPACKING thread 0x00007fcbf200b000 vframeArray 0x00007fcbf4091020 mode 2
     {method} {0x000000010e701ce8} &apos;newInstance&apos; &apos;([Ljava/lang/Object;)Ljava/lang/Object;&apos; in &apos;java/lang/reflect/Constructor&apos; - invokeinterface @ bci 79 sp = 0x0000000306385320
     {method} {0x000000010e80e940} &apos;newInstance&apos; &apos;([Ljava/lang/Object;)Ljava/lang/Object;&apos; in &apos;sun/reflect/DelegatingConstructorAccessorImpl&apos; - invokevirtual @ bci 5 sp = 0x00000003063852c0
<uncommon_trap thread='8963' reason='speculate_class_check' action='maybe_recompile' compile_id='1458' compiler='C2' count='1' stamp='10.833'>
Uncommon trap occurred in org.springframework.util.ConcurrentReferenceHashMap$Segment::doTask (@0x0000000111f91e44) thread=8963 reason=speculate_class_check action=maybe_recompile unloaded_class_index=-1
<jvms bci='126' method='org/springframework/util/ConcurrentReferenceHashMap$Segment doTask (ILjava/lang/Object;Lorg/springframework/util/ConcurrentReferenceHashMap$Task;)Ljava/lang/Object;' bytes='179' count='5' backedge_count='1' iicount='10' speculate_class_check_traps='1'/>
</uncommon_trap>
DEOPT PACKING thread 0x00007fcbf200b000 Compiled frame (sp=0x0000000306385670 unextended sp=0x0000000306385670, fp=0x0000000795696d00, real_fp=0x0000000306385700, pc=0x0000000111f91e44)
     nmethod  10833 1458   !         org.springframework.util.ConcurrentReferenceHashMap$Segment::doTask (179 bytes)

     Virtual frames (innermost first):
        0 - frame( sp=0x0000000306385670, unextended_sp=0x0000000306385670, fp=0x0000000795696d00, pc=0x0000000111f91e44)
org.springframework.util.ConcurrentReferenceHashMap$Segment.doTask(ConcurrentReferenceHashMap.java:537) - invokevirtual @ bci 126 
     Created vframeArray 0x00007fcbf3888020
DEOPT UNPACKING thread 0x00007fcbf200b000 vframeArray 0x00007fcbf3888020 mode 2
     {method} {0x000000010eac2768} &apos;doTask&apos; &apos;(ILjava/lang/Object;Lorg/springframework/util/ConcurrentReferenceHashMap$Task;)Ljava/lang/Object;&apos; in &apos;org/springframework/util/ConcurrentReferenceHashMap$Segment&apos; - invokevirtual @ bci 126 sp = 0x0000000306385630
<uncommon_trap thread='8963' reason='class_check' action='maybe_recompile' compile_id='1532' compiler='C2' count='2' state='class_check' stamp='10.864'>
Uncommon trap occurred in java.lang.reflect.Constructor::newInstance (@0x0000000111fba278) thread=8963 reason=class_check action=maybe_recompile unloaded_class_index=-1
<jvms bci='5' method='sun/reflect/DelegatingConstructorAccessorImpl newInstance ([Ljava/lang/Object;)Ljava/lang/Object;' bytes='9' count='5' backedge_count='1' iicount='10' class_check_traps='2'/>
<jvms bci='79' method='java/lang/reflect/Constructor newInstance ([Ljava/lang/Object;)Ljava/lang/Object;' bytes='87' count='5' backedge_count='1' iicount='15' class_check_traps='1'/>
</uncommon_trap>
DEOPT PACKING thread 0x00007fcbf200b000 Compiled frame (sp=0x0000000306385590 unextended sp=0x0000000306385590, fp=0x00000000f2b4118b, real_fp=0x00000003063855d0, pc=0x0000000111fba278)
     nmethod  10863 1532             java.lang.reflect.Constructor::newInstance (87 bytes)

     Virtual frames (innermost first):
        0 - frame( sp=0x0000000306385590, unextended_sp=0x0000000306385590, fp=0x00000000f2b4118b, pc=0x0000000111fba278)
sun.reflect.DelegatingConstructorAccessorImpl.newInstance(DelegatingConstructorAccessorImpl.java:45) - invokevirtual @ bci 5 
        1 - frame( sp=0x0000000306385590, unextended_sp=0x0000000306385590, fp=0x00000000f2b4118b, pc=0x0000000111fba278)
java.lang.reflect.Constructor.newInstance(Constructor.java:423) - invokeinterface @ bci 79 
     Created vframeArray 0x00007fcbf2086820
DEOPT UNPACKING thread 0x00007fcbf200b000 vframeArray 0x00007fcbf2086820 mode 2
     {method} {0x000000010e701ce8} &apos;newInstance&apos; &apos;([Ljava/lang/Object;)Ljava/lang/Object;&apos; in &apos;java/lang/reflect/Constructor&apos; - invokeinterface @ bci 79 sp = 0x0000000306385550
     {method} {0x000000010e80e940} &apos;newInstance&apos; &apos;([Ljava/lang/Object;)Ljava/lang/Object;&apos; in &apos;sun/reflect/DelegatingConstructorAccessorImpl&apos; - invokevirtual @ bci 5 sp = 0x00000003063854f0
<uncommon_trap thread='8963' reason='class_check' action='maybe_recompile' compile_id='1532' compiler='C2' count='3' state='class_check' stamp='10.870'>
Uncommon trap occurred in java.lang.reflect.Constructor::newInstance (@0x0000000111fba278) thread=8963 reason=class_check action=maybe_recompile unloaded_class_index=-1
<jvms bci='5' method='sun/reflect/DelegatingConstructorAccessorImpl newInstance ([Ljava/lang/Object;)Ljava/lang/Object;' bytes='9' count='5' backedge_count='1' iicount='10' class_check_traps='3'/>
<jvms bci='79' method='java/lang/reflect/Constructor newInstance ([Ljava/lang/Object;)Ljava/lang/Object;' bytes='87' count='5' backedge_count='1' iicount='15' class_check_traps='1'/>
</uncommon_trap>
DEOPT PACKING thread 0x00007fcbf200b000 Compiled frame (sp=0x00000003063853f0 unextended sp=0x00000003063853f0, fp=0x00000000f2b4118b, real_fp=0x0000000306385430, pc=0x0000000111fba278)
     nmethod  10870 1532             java.lang.reflect.Constructor::newInstance (87 bytes)

     Virtual frames (innermost first):
        0 - frame( sp=0x00000003063853f0, unextended_sp=0x00000003063853f0, fp=0x00000000f2b4118b, pc=0x0000000111fba278)
sun.reflect.DelegatingConstructorAccessorImpl.newInstance(DelegatingConstructorAccessorImpl.java:45) - invokevirtual @ bci 5 
        1 - frame( sp=0x00000003063853f0, unextended_sp=0x00000003063853f0, fp=0x00000000f2b4118b, pc=0x0000000111fba278)
java.lang.reflect.Constructor.newInstance(Constructor.java:423) - invokeinterface @ bci 79 
     Created vframeArray 0x00007fcbf3888020
DEOPT UNPACKING thread 0x00007fcbf200b000 vframeArray 0x00007fcbf3888020 mode 2
     {method} {0x000000010e701ce8} &apos;newInstance&apos; &apos;([Ljava/lang/Object;)Ljava/lang/Object;&apos; in &apos;java/lang/reflect/Constructor&apos; - invokeinterface @ bci 79 sp = 0x00000003063853b0
     {method} {0x000000010e80e940} &apos;newInstance&apos; &apos;([Ljava/lang/Object;)Ljava/lang/Object;&apos; in &apos;sun/reflect/DelegatingConstructorAccessorImpl&apos; - invokevirtual @ bci 5 sp = 0x0000000306385350
<uncommon_trap thread='8963' reason='class_check' action='maybe_recompile' compile_id='1316' compiler='C2' count='4' state='class_check recompiled' stamp='11.003'>
Uncommon trap occurred in sun.reflect.DelegatingConstructorAccessorImpl::newInstance (@0x0000000111f54e28) thread=8963 reason=class_check action=maybe_recompile unloaded_class_index=-1
<jvms bci='5' method='sun/reflect/DelegatingConstructorAccessorImpl newInstance ([Ljava/lang/Object;)Ljava/lang/Object;' bytes='9' count='5' backedge_count='1' iicount='10' class_check_traps='4'/>
</uncommon_trap>
DEOPT PACKING thread 0x00007fcbf200b000 Compiled frame (sp=0x0000000306385510 unextended sp=0x0000000306385510, fp=0x00000000f2b4118b, real_fp=0x0000000306385540, pc=0x0000000111f54e28)
     nmethod  11003 1316             sun.reflect.DelegatingConstructorAccessorImpl::newInstance (9 bytes)

     Virtual frames (innermost first):
        0 - frame( sp=0x0000000306385510, unextended_sp=0x0000000306385510, fp=0x00000000f2b4118b, pc=0x0000000111f54e28)
sun.reflect.DelegatingConstructorAccessorImpl.newInstance(DelegatingConstructorAccessorImpl.java:45) - invokevirtual @ bci 5 
     Created vframeArray 0x00007fcbf2084420
DEOPT UNPACKING thread 0x00007fcbf200b000 vframeArray 0x00007fcbf2084420 mode 2
     {method} {0x000000010e80e940} &apos;newInstance&apos; &apos;([Ljava/lang/Object;)Ljava/lang/Object;&apos; in &apos;sun/reflect/DelegatingConstructorAccessorImpl&apos; - invokevirtual @ bci 5 sp = 0x00000003063854e0
<uncommon_trap thread='8963' reason='bimorphic' action='maybe_recompile' compile_id='1634' compiler='C2' count='4' stamp='11.014'>
Uncommon trap occurred in org.springframework.core.SerializableTypeWrapper$TypeProxyInvocationHandler::invoke (@0x0000000111fe9620) thread=8963 reason=bimorphic action=maybe_recompile unloaded_class_index=-1
<jvms bci='236' method='org/springframework/core/SerializableTypeWrapper$TypeProxyInvocationHandler invoke (Ljava/lang/Object;Ljava/lang/reflect/Method;[Ljava/lang/Object;)Ljava/lang/Object;' bytes='324' count='5' backedge_count='3' iicount='12' decompiles='1' bimorphic_traps='4'/>
</uncommon_trap>
DEOPT PACKING thread 0x00007fcbf200b000 Compiled frame (sp=0x0000000306385550 unextended sp=0x0000000306385550, fp=0x00000007959d4d98, real_fp=0x00000003063855f0, pc=0x0000000111fe9620)
     nmethod  11014 1634             org.springframework.core.SerializableTypeWrapper$TypeProxyInvocationHandler::invoke (324 bytes)

     Virtual frames (innermost first):
        0 - frame( sp=0x0000000306385550, unextended_sp=0x0000000306385550, fp=0x00000007959d4d98, pc=0x0000000111fe9620)
org.springframework.core.SerializableTypeWrapper$TypeProxyInvocationHandler.invoke(SerializableTypeWrapper.java:206) - invokeinterface @ bci 236 
     Created vframeArray 0x00007fcbf3888020
DEOPT UNPACKING thread 0x00007fcbf200b000 vframeArray 0x00007fcbf3888020 mode 2
     {method} {0x000000010ebd03c0} &apos;invoke&apos; &apos;(Ljava/lang/Object;Ljava/lang/reflect/Method;[Ljava/lang/Object;)Ljava/lang/Object;&apos; in &apos;org/springframework/core/SerializableTypeWrapper$TypeProxyInvocationHandler&apos; - invokeinterface @ bci 236 sp = 0x0000000306385558
<uncommon_trap thread='8963' reason='class_check' action='maybe_recompile' compile_id='1634' compiler='C2' stamp='11.030'>
Uncommon trap occurred in org.springframework.core.SerializableTypeWrapper$TypeProxyInvocationHandler::invoke (@0x0000000111fe9604) thread=8963 reason=class_check action=maybe_recompile unloaded_class_index=-1
<jvms bci='314' method='org/springframework/core/SerializableTypeWrapper$TypeProxyInvocationHandler invoke (Ljava/lang/Object;Ljava/lang/reflect/Method;[Ljava/lang/Object;)Ljava/lang/Object;' bytes='324' count='5' backedge_count='5' iicount='12' decompiles='1' bimorphic_traps='5'/>
</uncommon_trap>
DEOPT PACKING thread 0x00007fcbf200b000 Compiled frame (sp=0x0000000306385370 unextended sp=0x0000000306385370, fp=0x0000000000000000, real_fp=0x0000000306385410, pc=0x0000000111fe9604)
     nmethod  11029 1634             org.springframework.core.SerializableTypeWrapper$TypeProxyInvocationHandler::invoke (324 bytes)

     Virtual frames (innermost first):
        0 - frame( sp=0x0000000306385370, unextended_sp=0x0000000306385370, fp=0x0000000000000000, pc=0x0000000111fe9604)
org.springframework.core.SerializableTypeWrapper$TypeProxyInvocationHandler.invoke(SerializableTypeWrapper.java:217) - invokeinterface @ bci 314 
     Created vframeArray 0x00007fcbf4091020
DEOPT UNPACKING thread 0x00007fcbf200b000 vframeArray 0x00007fcbf4091020 mode 2
     {method} {0x000000010ebd03c0} &apos;invoke&apos; &apos;(Ljava/lang/Object;Ljava/lang/reflect/Method;[Ljava/lang/Object;)Ljava/lang/Object;&apos; in &apos;org/springframework/core/SerializableTypeWrapper$TypeProxyInvocationHandler&apos; - invokeinterface @ bci 314 sp = 0x0000000306385398
<uncommon_trap thread='8963' reason='class_check' action='maybe_recompile' compile_id='1634' compiler='C2' count='1' state='class_check' stamp='11.030'>
Uncommon trap occurred in org.springframework.core.SerializableTypeWrapper$TypeProxyInvocationHandler::invoke (@0x0000000111fe9604) thread=8963 reason=class_check action=maybe_recompile unloaded_class_index=-1
<jvms bci='314' method='org/springframework/core/SerializableTypeWrapper$TypeProxyInvocationHandler invoke (Ljava/lang/Object;Ljava/lang/reflect/Method;[Ljava/lang/Object;)Ljava/lang/Object;' bytes='324' count='5' backedge_count='5' iicount='12' decompiles='1' class_check_traps='1' bimorphic_traps='5'/>
</uncommon_trap>
DEOPT PACKING thread 0x00007fcbf200b000 Compiled frame (sp=0x0000000306385370 unextended sp=0x0000000306385370, fp=0x0000000000000000, real_fp=0x0000000306385410, pc=0x0000000111fe9604)
     nmethod  11030 1634             org.springframework.core.SerializableTypeWrapper$TypeProxyInvocationHandler::invoke (324 bytes)

     Virtual frames (innermost first):
        0 - frame( sp=0x0000000306385370, unextended_sp=0x0000000306385370, fp=0x0000000000000000, pc=0x0000000111fe9604)
org.springframework.core.SerializableTypeWrapper$TypeProxyInvocationHandler.invoke(SerializableTypeWrapper.java:217) - invokeinterface @ bci 314 
     Created vframeArray 0x00007fcbf3888020
DEOPT UNPACKING thread 0x00007fcbf200b000 vframeArray 0x00007fcbf3888020 mode 2
     {method} {0x000000010ebd03c0} &apos;invoke&apos; &apos;(Ljava/lang/Object;Ljava/lang/reflect/Method;[Ljava/lang/Object;)Ljava/lang/Object;&apos; in &apos;org/springframework/core/SerializableTypeWrapper$TypeProxyInvocationHandler&apos; - invokeinterface @ bci 314 sp = 0x0000000306385398
<uncommon_trap thread='8963' reason='bimorphic' action='maybe_recompile' compile_id='1634' compiler='C2' count='5' state='#7' stamp='11.050'>
Uncommon trap occurred in org.springframework.core.SerializableTypeWrapper$TypeProxyInvocationHandler::invoke (@0x0000000111fe9620) thread=8963 reason=bimorphic action=maybe_recompile unloaded_class_index=-1
<jvms bci='236' method='org/springframework/core/SerializableTypeWrapper$TypeProxyInvocationHandler invoke (Ljava/lang/Object;Ljava/lang/reflect/Method;[Ljava/lang/Object;)Ljava/lang/Object;' bytes='324' count='5' backedge_count='5' iicount='12' decompiles='1' class_check_traps='2' bimorphic_traps='5'/>
</uncommon_trap>
DEOPT PACKING thread 0x00007fcbf200b000 Compiled frame (sp=0x0000000306385600 unextended sp=0x0000000306385600, fp=0x00000007959d13c8, real_fp=0x00000003063856a0, pc=0x0000000111fe9620)
     nmethod  11050 1634             org.springframework.core.SerializableTypeWrapper$TypeProxyInvocationHandler::invoke (324 bytes)

     Virtual frames (innermost first):
        0 - frame( sp=0x0000000306385600, unextended_sp=0x0000000306385600, fp=0x00000007959d13c8, pc=0x0000000111fe9620)
org.springframework.core.SerializableTypeWrapper$TypeProxyInvocationHandler.invoke(SerializableTypeWrapper.java:206) - invokeinterface @ bci 236 
     Created vframeArray 0x00007fcbf2084420
DEOPT UNPACKING thread 0x00007fcbf200b000 vframeArray 0x00007fcbf2084420 mode 2
     {method} {0x000000010ebd03c0} &apos;invoke&apos; &apos;(Ljava/lang/Object;Ljava/lang/reflect/Method;[Ljava/lang/Object;)Ljava/lang/Object;&apos; in &apos;org/springframework/core/SerializableTypeWrapper$TypeProxyInvocationHandler&apos; - invokeinterface @ bci 236 sp = 0x0000000306385608
<uncommon_trap thread='8963' reason='class_check' action='maybe_recompile' compile_id='1510' compiler='C2' count='2' state='class_check' stamp='11.095'>
Uncommon trap occurred in sun.reflect.generics.repository.FieldRepository::getGenericType (@0x0000000111fa01b4) thread=8963 reason=class_check action=maybe_recompile unloaded_class_index=-1
<jvms bci='20' method='sun/reflect/generics/repository/FieldRepository getGenericType ()Ljava/lang/reflect/Type;' bytes='38' count='5' backedge_count='1' iicount='10' class_check_traps='2'/>
</uncommon_trap>
DEOPT PACKING thread 0x00007fcbf200b000 Compiled frame (sp=0x00000003063855b0 unextended sp=0x00000003063855b0, fp=0x0000000795a17aa8, real_fp=0x00000003063855f0, pc=0x0000000111fa01b4)
     nmethod  11095 1510             sun.reflect.generics.repository.FieldRepository::getGenericType (38 bytes)

     Virtual frames (innermost first):
        0 - frame( sp=0x00000003063855b0, unextended_sp=0x00000003063855b0, fp=0x0000000795a17aa8, pc=0x0000000111fa01b4)
sun.reflect.generics.repository.FieldRepository.getGenericType(FieldRepository.java:85) - invokeinterface @ bci 20 
     Created vframeArray 0x00007fcbf308f620
DEOPT UNPACKING thread 0x00007fcbf200b000 vframeArray 0x00007fcbf308f620 mode 2
     {method} {0x000000010ebdaea0} &apos;getGenericType&apos; &apos;()Ljava/lang/reflect/Type;&apos; in &apos;sun/reflect/generics/repository/FieldRepository&apos; - invokeinterface @ bci 20 sp = 0x0000000306385580
<uncommon_trap thread='8963' reason='unloaded' action='reinterpret' index='81' compile_id='1744' compiler='C2' unresolved='1' name='java/lang/Boolean' stamp='11.098'>
Uncommon trap occurred in org.springframework.core.SerializableTypeWrapper$TypeProxyInvocationHandler::invoke (@0x000000011201de48) thread=8963 reason=unloaded action=reinterpret unloaded_class_index=81 unresolved class: java/lang/Boolean
<jvms bci='157' method='org/springframework/core/SerializableTypeWrapper$TypeProxyInvocationHandler invoke (Ljava/lang/Object;Ljava/lang/reflect/Method;[Ljava/lang/Object;)Ljava/lang/Object;' bytes='324' count='5' backedge_count='5' iicount='13' decompiles='2' class_check_traps='2' bimorphic_traps='6'/>
</uncommon_trap>
DEOPT PACKING thread 0x00007fcbf200b000 Compiled frame (sp=0x00000003063853e0 unextended sp=0x00000003063853e0, fp=0x0000000000000000, real_fp=0x0000000306385480, pc=0x000000011201de48)
     nmethod  11098 1744             org.springframework.core.SerializableTypeWrapper$TypeProxyInvocationHandler::invoke (324 bytes)

     Virtual frames (innermost first):
        0 - frame( sp=0x00000003063853e0, unextended_sp=0x00000003063853e0, fp=0x0000000000000000, pc=0x000000011201de48)
org.springframework.core.SerializableTypeWrapper$TypeProxyInvocationHandler.invoke(SerializableTypeWrapper.java:195) - invokestatic @ bci 157 
     Created vframeArray 0x00007fcbf2084420
DEOPT UNPACKING thread 0x00007fcbf200b000 vframeArray 0x00007fcbf2084420 mode 2
     {method} {0x000000010ebd03c0} &apos;invoke&apos; &apos;(Ljava/lang/Object;Ljava/lang/reflect/Method;[Ljava/lang/Object;)Ljava/lang/Object;&apos; in &apos;org/springframework/core/SerializableTypeWrapper$TypeProxyInvocationHandler&apos; - invokestatic @ bci 157 sp = 0x0000000306385410
<uncommon_trap thread='8963' reason='class_check' action='maybe_recompile' compile_id='1592' compiler='C2' count='1' state='class_check' stamp='11.108'>
Uncommon trap occurred in org.springframework.core.ResolvableType::getGenerics (@0x0000000111fdb5ec) thread=8963 reason=class_check action=maybe_recompile unloaded_class_index=-1
<jvms bci='78' method='org/springframework/core/ResolvableType getGenerics ()[Lorg/springframework/core/ResolvableType;' bytes='148' count='5' backedge_count='2' iicount='8' class_check_traps='1'/>
</uncommon_trap>
DEOPT PACKING thread 0x00007fcbf200b000 Compiled frame (sp=0x00000003063856d0 unextended sp=0x00000003063856d0, fp=0x0000000795a181a8, real_fp=0x0000000306385730, pc=0x0000000111fdb5ec)
     nmethod  11108 1592             org.springframework.core.ResolvableType::getGenerics (148 bytes)

     Virtual frames (innermost first):
        0 - frame( sp=0x00000003063856d0, unextended_sp=0x00000003063856d0, fp=0x0000000795a181a8, pc=0x0000000111fdb5ec)
org.springframework.core.ResolvableType.getGenerics(ResolvableType.java:734) - instanceof @ bci 78 
     Created vframeArray 0x00007fcbf308f620
DEOPT UNPACKING thread 0x00007fcbf200b000 vframeArray 0x00007fcbf308f620 mode 2
     {method} {0x000000010ead1780} &apos;getGenerics&apos; &apos;()[Lorg/springframework/core/ResolvableType;&apos; in &apos;org/springframework/core/ResolvableType&apos; - instanceof @ bci 78 sp = 0x00000003063856b8
<uncommon_trap thread='8963' reason='class_check' action='maybe_recompile' compile_id='1592' compiler='C2' count='2' state='class_check' stamp='11.144'>
Uncommon trap occurred in org.springframework.core.ResolvableType::getGenerics (@0x0000000111fdb5ec) thread=8963 reason=class_check action=maybe_recompile unloaded_class_index=-1
<jvms bci='78' method='org/springframework/core/ResolvableType getGenerics ()[Lorg/springframework/core/ResolvableType;' bytes='148' count='5' backedge_count='2' iicount='8' class_check_traps='2'/>
</uncommon_trap>
DEOPT PACKING thread 0x00007fcbf200b000 Compiled frame (sp=0x0000000306385650 unextended sp=0x0000000306385650, fp=0x0000000795a18720, real_fp=0x00000003063856b0, pc=0x0000000111fdb5ec)
     nmethod  11144 1592             org.springframework.core.ResolvableType::getGenerics (148 bytes)

     Virtual frames (innermost first):
        0 - frame( sp=0x0000000306385650, unextended_sp=0x0000000306385650, fp=0x0000000795a18720, pc=0x0000000111fdb5ec)
org.springframework.core.ResolvableType.getGenerics(ResolvableType.java:734) - instanceof @ bci 78 
     Created vframeArray 0x00007fcbf308fe20
DEOPT UNPACKING thread 0x00007fcbf200b000 vframeArray 0x00007fcbf308fe20 mode 2
     {method} {0x000000010ead1780} &apos;getGenerics&apos; &apos;()[Lorg/springframework/core/ResolvableType;&apos; in &apos;org/springframework/core/ResolvableType&apos; - instanceof @ bci 78 sp = 0x0000000306385640
<uncommon_trap thread='8963' reason='predicate' action='maybe_recompile' compile_id='1743' compiler='C2' stamp='11.145'>
Uncommon trap occurred in org.springframework.core.ResolvableType::resolveVariable (@0x0000000112017890) thread=8963 reason=predicate action=maybe_recompile unloaded_class_index=-1
<jvms bci='65' method='org/springframework/core/ResolvableType resolveVariable (Ljava/lang/reflect/TypeVariable;)Lorg/springframework/core/ResolvableType;' bytes='186' count='6' backedge_count='2' iicount='10'/>
</uncommon_trap>
DEOPT PACKING thread 0x00007fcbf200b000 Compiled frame (sp=0x00000003063854b0 unextended sp=0x00000003063854b0, fp=0x0000000795a17990, real_fp=0x0000000306385510, pc=0x0000000112017890)
     nmethod  11145 1743             org.springframework.core.ResolvableType::resolveVariable (186 bytes)

     Virtual frames (innermost first):
        0 - frame( sp=0x00000003063854b0, unextended_sp=0x00000003063854b0, fp=0x0000000795a17990, pc=0x0000000112017890)
org.springframework.core.ResolvableType.resolveVariable(ResolvableType.java:898) - aload @ bci 65 
     Created vframeArray 0x00007fcbf308f620
DEOPT UNPACKING thread 0x00007fcbf200b000 vframeArray 0x00007fcbf308f620 mode 2
     {method} {0x000000010ead2278} &apos;resolveVariable&apos; &apos;(Ljava/lang/reflect/TypeVariable;)Lorg/springframework/core/ResolvableType;&apos; in &apos;org/springframework/core/ResolvableType&apos; - aload @ bci 65 sp = 0x0000000306385488
<uncommon_trap thread='8963' reason='bimorphic' action='maybe_recompile' compile_id='1408' compiler='C2' count='1' state='#7' stamp='11.147'>
Uncommon trap occurred in sun.reflect.generics.visitor.Reifier::reifyTypeArguments (@0x0000000111f75aa0) thread=8963 reason=bimorphic action=maybe_recompile unloaded_class_index=-1
<jvms bci='18' method='sun/reflect/generics/visitor/Reifier reifyTypeArguments ([Lsun/reflect/generics/tree/TypeArgument;)[Ljava/lang/reflect/Type;' bytes='38' count='5' backedge_count='7' iicount='5' bimorphic_traps='1'/>
</uncommon_trap>
DEOPT PACKING thread 0x00007fcbf200b000 Compiled frame (sp=0x00000003063854f0 unextended sp=0x00000003063854f0, fp=0x0000000795a18db0, real_fp=0x0000000306385540, pc=0x0000000111f75aa0)
     nmethod  11147 1408             sun.reflect.generics.visitor.Reifier::reifyTypeArguments (38 bytes)

     Virtual frames (innermost first):
        0 - frame( sp=0x00000003063854f0, unextended_sp=0x00000003063854f0, fp=0x0000000795a18db0, pc=0x0000000111f75aa0)
sun.reflect.generics.visitor.Reifier.reifyTypeArguments(Reifier.java:68) - invokeinterface @ bci 18 
     Created vframeArray 0x00007fcbf3888020
DEOPT UNPACKING thread 0x00007fcbf200b000 vframeArray 0x00007fcbf3888020 mode 2
     {method} {0x000000010ebafcf0} &apos;reifyTypeArguments&apos; &apos;([Lsun/reflect/generics/tree/TypeArgument;)[Ljava/lang/reflect/Type;&apos; in &apos;sun/reflect/generics/visitor/Reifier&apos; - invokeinterface @ bci 18 sp = 0x00000003063854c0
<uncommon_trap thread='8963' reason='class_check' action='maybe_recompile' compile_id='1592' compiler='C2' count='3' state='class_check' stamp='11.177'>
Uncommon trap occurred in org.springframework.core.ResolvableType::getGenerics (@0x0000000111fdb5ec) thread=8963 reason=class_check action=maybe_recompile unloaded_class_index=-1
<jvms bci='78' method='org/springframework/core/ResolvableType getGenerics ()[Lorg/springframework/core/ResolvableType;' bytes='148' count='5' backedge_count='3' iicount='8' class_check_traps='3'/>
</uncommon_trap>
DEOPT PACKING thread 0x00007fcbf200b000 Compiled frame (sp=0x00000003063856d0 unextended sp=0x00000003063856d0, fp=0x0000000795a19ee8, real_fp=0x0000000306385730, pc=0x0000000111fdb5ec)
     nmethod  11177 1592             org.springframework.core.ResolvableType::getGenerics (148 bytes)

     Virtual frames (innermost first):
        0 - frame( sp=0x00000003063856d0, unextended_sp=0x00000003063856d0, fp=0x0000000795a19ee8, pc=0x0000000111fdb5ec)
org.springframework.core.ResolvableType.getGenerics(ResolvableType.java:734) - instanceof @ bci 78 
     Created vframeArray 0x00007fcbf388da20
DEOPT UNPACKING thread 0x00007fcbf200b000 vframeArray 0x00007fcbf388da20 mode 2
     {method} {0x000000010ead1780} &apos;getGenerics&apos; &apos;()[Lorg/springframework/core/ResolvableType;&apos; in &apos;org/springframework/core/ResolvableType&apos; - instanceof @ bci 78 sp = 0x00000003063856b8
<uncommon_trap thread='8963' reason='class_check' action='maybe_recompile' compile_id='1761' compiler='C2' stamp='11.261'>
Uncommon trap occurred in sun.reflect.generics.reflectiveObjects.ParameterizedTypeImpl::equals (@0x00000001120286ec) thread=8963 reason=class_check action=maybe_recompile unloaded_class_index=-1
<jvms bci='1' method='sun/reflect/generics/reflectiveObjects/ParameterizedTypeImpl equals (Ljava/lang/Object;)Z' bytes='81' count='5' backedge_count='1' iicount='10'/>
</uncommon_trap>
DEOPT PACKING thread 0x00007fcbf200b000 Compiled frame (sp=0x0000000306385480 unextended sp=0x0000000306385480, fp=0x00000007959a3840, real_fp=0x00000003063854b0, pc=0x00000001120286ec)
     nmethod  11261 1761             sun.reflect.generics.reflectiveObjects.ParameterizedTypeImpl::equals (81 bytes)

     Virtual frames (innermost first):
        0 - frame( sp=0x0000000306385480, unextended_sp=0x0000000306385480, fp=0x00000007959a3840, pc=0x00000001120286ec)
sun.reflect.generics.reflectiveObjects.ParameterizedTypeImpl.equals(ParameterizedTypeImpl.java:160) - instanceof @ bci 1 
     Created vframeArray 0x00007fcbf2084420
DEOPT UNPACKING thread 0x00007fcbf200b000 vframeArray 0x00007fcbf2084420 mode 2
     {method} {0x000000010ebb4010} &apos;equals&apos; &apos;(Ljava/lang/Object;)Z&apos; in &apos;sun/reflect/generics/reflectiveObjects/ParameterizedTypeImpl&apos; - instanceof @ bci 1 sp = 0x0000000306385430
<uncommon_trap thread='8963' reason='null_check' action='make_not_entrant' compile_id='1585' compiler='C2' stamp='11.262'>
Uncommon trap occurred in org.springframework.core.SerializableTypeWrapper$MethodInvokeTypeProvider::getType (@0x0000000111fd5b28) thread=8963 reason=null_check action=make_not_entrant unloaded_class_index=-1
<jvms bci='32' method='org/springframework/core/SerializableTypeWrapper$MethodInvokeTypeProvider getType ()Ljava/lang/reflect/Type;' bytes='58' count='5' backedge_count='1' iicount='10'/>
</uncommon_trap>
DEOPT PACKING thread 0x00007fcbf200b000 Compiled frame (sp=0x0000000306385270 unextended sp=0x0000000306385270, fp=0x0000000795a1e260, real_fp=0x00000003063852b0, pc=0x0000000111fd5b28)
     nmethod  11261 1585             org.springframework.core.SerializableTypeWrapper$MethodInvokeTypeProvider::getType (58 bytes)

     Virtual frames (innermost first):
        0 - frame( sp=0x0000000306385270, unextended_sp=0x0000000306385270, fp=0x0000000795a1e260, pc=0x0000000111fd5b28)
org.springframework.core.SerializableTypeWrapper$MethodInvokeTypeProvider.getType(SerializableTypeWrapper.java:353) - instanceof @ bci 32 
     Created vframeArray 0x00007fcbf308f620
DEOPT UNPACKING thread 0x00007fcbf200b000 vframeArray 0x00007fcbf308f620 mode 2
     {method} {0x000000010ec27e70} &apos;getType&apos; &apos;()Ljava/lang/reflect/Type;&apos; in &apos;org/springframework/core/SerializableTypeWrapper$MethodInvokeTypeProvider&apos; - instanceof @ bci 32 sp = 0x0000000306385248
<uncommon_trap thread='8963' reason='class_check' action='maybe_recompile' compile_id='1761' compiler='C2' count='1' state='class_check' stamp='11.267'>
Uncommon trap occurred in sun.reflect.generics.reflectiveObjects.ParameterizedTypeImpl::equals (@0x00000001120286ec) thread=8963 reason=class_check action=maybe_recompile unloaded_class_index=-1
<jvms bci='1' method='sun/reflect/generics/reflectiveObjects/ParameterizedTypeImpl equals (Ljava/lang/Object;)Z' bytes='81' count='5' backedge_count='1' iicount='10' class_check_traps='1'/>
</uncommon_trap>
DEOPT PACKING thread 0x00007fcbf200b000 Compiled frame (sp=0x0000000306385400 unextended sp=0x0000000306385400, fp=0x00000007959a3840, real_fp=0x0000000306385430, pc=0x00000001120286ec)
     nmethod  11267 1761             sun.reflect.generics.reflectiveObjects.ParameterizedTypeImpl::equals (81 bytes)

     Virtual frames (innermost first):
        0 - frame( sp=0x0000000306385400, unextended_sp=0x0000000306385400, fp=0x00000007959a3840, pc=0x00000001120286ec)
sun.reflect.generics.reflectiveObjects.ParameterizedTypeImpl.equals(ParameterizedTypeImpl.java:160) - instanceof @ bci 1 
     Created vframeArray 0x00007fcbf2084420
DEOPT UNPACKING thread 0x00007fcbf200b000 vframeArray 0x00007fcbf2084420 mode 2
     {method} {0x000000010ebb4010} &apos;equals&apos; &apos;(Ljava/lang/Object;)Z&apos; in &apos;sun/reflect/generics/reflectiveObjects/ParameterizedTypeImpl&apos; - instanceof @ bci 1 sp = 0x00000003063853b0
<uncommon_trap thread='8963' reason='class_check' action='maybe_recompile' compile_id='1510' compiler='C2' count='3' state='class_check' stamp='11.268'>
Uncommon trap occurred in sun.reflect.generics.repository.FieldRepository::getGenericType (@0x0000000111fa01b4) thread=8963 reason=class_check action=maybe_recompile unloaded_class_index=-1
<jvms bci='20' method='sun/reflect/generics/repository/FieldRepository getGenericType ()Ljava/lang/reflect/Type;' bytes='38' count='5' backedge_count='1' iicount='10' class_check_traps='3'/>
</uncommon_trap>
DEOPT PACKING thread 0x00007fcbf200b000 Compiled frame (sp=0x00000003063855b0 unextended sp=0x00000003063855b0, fp=0x0000000795a1f2a8, real_fp=0x00000003063855f0, pc=0x0000000111fa01b4)
     nmethod  11268 1510             sun.reflect.generics.repository.FieldRepository::getGenericType (38 bytes)

     Virtual frames (innermost first):
        0 - frame( sp=0x00000003063855b0, unextended_sp=0x00000003063855b0, fp=0x0000000795a1f2a8, pc=0x0000000111fa01b4)
sun.reflect.generics.repository.FieldRepository.getGenericType(FieldRepository.java:85) - invokeinterface @ bci 20 
     Created vframeArray 0x00007fcbf4090e20
DEOPT UNPACKING thread 0x00007fcbf200b000 vframeArray 0x00007fcbf4090e20 mode 2
     {method} {0x000000010ebdaea0} &apos;getGenericType&apos; &apos;()Ljava/lang/reflect/Type;&apos; in &apos;sun/reflect/generics/repository/FieldRepository&apos; - invokeinterface @ bci 20 sp = 0x0000000306385580
<uncommon_trap thread='8963' reason='speculate_class_check' action='maybe_recompile' compile_id='1458' compiler='C2' count='2' stamp='11.272'>
Uncommon trap occurred in org.springframework.util.ConcurrentReferenceHashMap$Segment::doTask (@0x0000000111f91e44) thread=8963 reason=speculate_class_check action=maybe_recompile unloaded_class_index=-1
<jvms bci='126' method='org/springframework/util/ConcurrentReferenceHashMap$Segment doTask (ILjava/lang/Object;Lorg/springframework/util/ConcurrentReferenceHashMap$Task;)Ljava/lang/Object;' bytes='179' count='5' backedge_count='1' iicount='10' speculate_class_check_traps='2'/>
</uncommon_trap>
DEOPT PACKING thread 0x00007fcbf200b000 Compiled frame (sp=0x0000000306385670 unextended sp=0x0000000306385670, fp=0x0000000795696ee0, real_fp=0x0000000306385700, pc=0x0000000111f91e44)
     nmethod  11272 1458   !         org.springframework.util.ConcurrentReferenceHashMap$Segment::doTask (179 bytes)

     Virtual frames (innermost first):
        0 - frame( sp=0x0000000306385670, unextended_sp=0x0000000306385670, fp=0x0000000795696ee0, pc=0x0000000111f91e44)
org.springframework.util.ConcurrentReferenceHashMap$Segment.doTask(ConcurrentReferenceHashMap.java:537) - invokevirtual @ bci 126 
     Created vframeArray 0x00007fcbf308f620
DEOPT UNPACKING thread 0x00007fcbf200b000 vframeArray 0x00007fcbf308f620 mode 2
     {method} {0x000000010eac2768} &apos;doTask&apos; &apos;(ILjava/lang/Object;Lorg/springframework/util/ConcurrentReferenceHashMap$Task;)Ljava/lang/Object;&apos; in &apos;org/springframework/util/ConcurrentReferenceHashMap$Segment&apos; - invokevirtual @ bci 126 sp = 0x0000000306385630
<uncommon_trap thread='8963' reason='bimorphic' action='maybe_recompile' compile_id='1750' compiler='C2' count='6' state='class_check' stamp='11.295'>
Uncommon trap occurred in org.springframework.core.SerializableTypeWrapper$TypeProxyInvocationHandler::invoke (@0x0000000112023388) thread=8963 reason=bimorphic action=maybe_recompile unloaded_class_index=-1
<jvms bci='314' method='org/springframework/core/SerializableTypeWrapper$TypeProxyInvocationHandler invoke (Ljava/lang/Object;Ljava/lang/reflect/Method;[Ljava/lang/Object;)Ljava/lang/Object;' bytes='324' count='6' backedge_count='1' iicount='22' decompiles='3' class_check_traps='2' bimorphic_traps='6' unloaded_traps='1'/>
</uncommon_trap>
DEOPT PACKING thread 0x00007fcbf200b000 Compiled frame (sp=0x00000003063854f0 unextended sp=0x00000003063854f0, fp=0x00000000f2b44b4c, real_fp=0x0000000306385590, pc=0x0000000112023388)
     nmethod  11294 1750             org.springframework.core.SerializableTypeWrapper$TypeProxyInvocationHandler::invoke (324 bytes)

     Virtual frames (innermost first):
        0 - frame( sp=0x00000003063854f0, unextended_sp=0x00000003063854f0, fp=0x00000000f2b44b4c, pc=0x0000000112023388)
org.springframework.core.SerializableTypeWrapper$TypeProxyInvocationHandler.invoke(SerializableTypeWrapper.java:217) - invokeinterface @ bci 314 
     Created vframeArray 0x00007fcbf4090e20
DEOPT UNPACKING thread 0x00007fcbf200b000 vframeArray 0x00007fcbf4090e20 mode 2
     {method} {0x000000010ebd03c0} &apos;invoke&apos; &apos;(Ljava/lang/Object;Ljava/lang/reflect/Method;[Ljava/lang/Object;)Ljava/lang/Object;&apos; in &apos;org/springframework/core/SerializableTypeWrapper$TypeProxyInvocationHandler&apos; - invokeinterface @ bci 314 sp = 0x00000003063854f8
<uncommon_trap thread='8963' reason='bimorphic' action='maybe_recompile' compile_id='1741' compiler='C2' state='class_check recompiled' stamp='11.339'>
Uncommon trap occurred in java.lang.reflect.Constructor::newInstance (@0x000000011200c29c) thread=8963 reason=bimorphic action=maybe_recompile unloaded_class_index=-1
<jvms bci='5' method='sun/reflect/DelegatingConstructorAccessorImpl newInstance ([Ljava/lang/Object;)Ljava/lang/Object;' bytes='9' count='7' backedge_count='1' iicount='12' decompiles='1' class_check_traps='5'/>
<jvms bci='79' method='java/lang/reflect/Constructor newInstance ([Ljava/lang/Object;)Ljava/lang/Object;' bytes='87' count='6' backedge_count='1' iicount='20' decompiles='1' class_check_traps='1'/>
</uncommon_trap>
DEOPT PACKING thread 0x00007fcbf200b000 Compiled frame (sp=0x0000000306385560 unextended sp=0x0000000306385560, fp=0x00000000f2b45b3d, real_fp=0x00000003063855a0, pc=0x000000011200c29c)
     nmethod  11338 1741             java.lang.reflect.Constructor::newInstance (87 bytes)

     Virtual frames (innermost first):
        0 - frame( sp=0x0000000306385560, unextended_sp=0x0000000306385560, fp=0x00000000f2b45b3d, pc=0x000000011200c29c)
sun.reflect.DelegatingConstructorAccessorImpl.newInstance(DelegatingConstructorAccessorImpl.java:45) - invokevirtual @ bci 5 
        1 - frame( sp=0x0000000306385560, unextended_sp=0x0000000306385560, fp=0x00000000f2b45b3d, pc=0x000000011200c29c)
java.lang.reflect.Constructor.newInstance(Constructor.java:423) - invokeinterface @ bci 79 
     Created vframeArray 0x00007fcbf308f620
DEOPT UNPACKING thread 0x00007fcbf200b000 vframeArray 0x00007fcbf308f620 mode 2
     {method} {0x000000010e701ce8} &apos;newInstance&apos; &apos;([Ljava/lang/Object;)Ljava/lang/Object;&apos; in &apos;java/lang/reflect/Constructor&apos; - invokeinterface @ bci 79 sp = 0x0000000306385520
     {method} {0x000000010e80e940} &apos;newInstance&apos; &apos;([Ljava/lang/Object;)Ljava/lang/Object;&apos; in &apos;sun/reflect/DelegatingConstructorAccessorImpl&apos; - invokevirtual @ bci 5 sp = 0x00000003063854c0
<uncommon_trap thread='8963' reason='bimorphic' action='maybe_recompile' compile_id='1750' compiler='C2' count='7' state='#7' stamp='11.340'>
Uncommon trap occurred in org.springframework.core.SerializableTypeWrapper$TypeProxyInvocationHandler::invoke (@0x0000000112023388) thread=8963 reason=bimorphic action=maybe_recompile unloaded_class_index=-1
<jvms bci='314' method='org/springframework/core/SerializableTypeWrapper$TypeProxyInvocationHandler invoke (Ljava/lang/Object;Ljava/lang/reflect/Method;[Ljava/lang/Object;)Ljava/lang/Object;' bytes='324' count='6' backedge_count='1' iicount='22' decompiles='3' class_check_traps='2' bimorphic_traps='7' unloaded_traps='1'/>
</uncommon_trap>
DEOPT PACKING thread 0x00007fcbf200b000 Compiled frame (sp=0x00000003063854f0 unextended sp=0x00000003063854f0, fp=0x00000000f2b45be3, real_fp=0x0000000306385590, pc=0x0000000112023388)
     nmethod  11340 1750             org.springframework.core.SerializableTypeWrapper$TypeProxyInvocationHandler::invoke (324 bytes)

     Virtual frames (innermost first):
        0 - frame( sp=0x00000003063854f0, unextended_sp=0x00000003063854f0, fp=0x00000000f2b45be3, pc=0x0000000112023388)
org.springframework.core.SerializableTypeWrapper$TypeProxyInvocationHandler.invoke(SerializableTypeWrapper.java:217) - invokeinterface @ bci 314 
     Created vframeArray 0x00007fcbf3888020
DEOPT UNPACKING thread 0x00007fcbf200b000 vframeArray 0x00007fcbf3888020 mode 2
     {method} {0x000000010ebd03c0} &apos;invoke&apos; &apos;(Ljava/lang/Object;Ljava/lang/reflect/Method;[Ljava/lang/Object;)Ljava/lang/Object;&apos; in &apos;org/springframework/core/SerializableTypeWrapper$TypeProxyInvocationHandler&apos; - invokeinterface @ bci 314 sp = 0x00000003063854f8
<uncommon_trap thread='8963' reason='bimorphic' action='maybe_recompile' compile_id='1408' compiler='C2' count='2' state='#7' stamp='11.392'>
Uncommon trap occurred in sun.reflect.generics.visitor.Reifier::reifyTypeArguments (@0x0000000111f75aa0) thread=8963 reason=bimorphic action=maybe_recompile unloaded_class_index=-1
<jvms bci='18' method='sun/reflect/generics/visitor/Reifier reifyTypeArguments ([Lsun/reflect/generics/tree/TypeArgument;)[Ljava/lang/reflect/Type;' bytes='38' count='5' backedge_count='8' iicount='5' bimorphic_traps='2'/>
</uncommon_trap>
DEOPT PACKING thread 0x00007fcbf200b000 Compiled frame (sp=0x00000003063854d0 unextended sp=0x00000003063854d0, fp=0x0000000795a31d90, real_fp=0x0000000306385520, pc=0x0000000111f75aa0)
     nmethod  11391 1408             sun.reflect.generics.visitor.Reifier::reifyTypeArguments (38 bytes)

     Virtual frames (innermost first):
        0 - frame( sp=0x00000003063854d0, unextended_sp=0x00000003063854d0, fp=0x0000000795a31d90, pc=0x0000000111f75aa0)
sun.reflect.generics.visitor.Reifier.reifyTypeArguments(Reifier.java:68) - invokeinterface @ bci 18 
     Created vframeArray 0x00007fcbf308f620
DEOPT UNPACKING thread 0x00007fcbf200b000 vframeArray 0x00007fcbf308f620 mode 2
     {method} {0x000000010ebafcf0} &apos;reifyTypeArguments&apos; &apos;([Lsun/reflect/generics/tree/TypeArgument;)[Ljava/lang/reflect/Type;&apos; in &apos;sun/reflect/generics/visitor/Reifier&apos; - invokeinterface @ bci 18 sp = 0x00000003063854a0
<uncommon_trap thread='8963' reason='bimorphic' action='maybe_recompile' compile_id='1741' compiler='C2' count='1' state='#15' stamp='11.396'>
Uncommon trap occurred in java.lang.reflect.Constructor::newInstance (@0x000000011200c29c) thread=8963 reason=bimorphic action=maybe_recompile unloaded_class_index=-1
<jvms bci='5' method='sun/reflect/DelegatingConstructorAccessorImpl newInstance ([Ljava/lang/Object;)Ljava/lang/Object;' bytes='9' count='7' backedge_count='1' iicount='12' decompiles='1' class_check_traps='5' bimorphic_traps='1'/>
<jvms bci='79' method='java/lang/reflect/Constructor newInstance ([Ljava/lang/Object;)Ljava/lang/Object;' bytes='87' count='6' backedge_count='1' iicount='20' decompiles='1' class_check_traps='1'/>
</uncommon_trap>
DEOPT PACKING thread 0x00007fcbf200b000 Compiled frame (sp=0x00000003063854a0 unextended sp=0x00000003063854a0, fp=0x00000000f2b45b3d, real_fp=0x00000003063854e0, pc=0x000000011200c29c)
     nmethod  11395 1741             java.lang.reflect.Constructor::newInstance (87 bytes)

     Virtual frames (innermost first):
        0 - frame( sp=0x00000003063854a0, unextended_sp=0x00000003063854a0, fp=0x00000000f2b45b3d, pc=0x000000011200c29c)
sun.reflect.DelegatingConstructorAccessorImpl.newInstance(DelegatingConstructorAccessorImpl.java:45) - invokevirtual @ bci 5 
        1 - frame( sp=0x00000003063854a0, unextended_sp=0x00000003063854a0, fp=0x00000000f2b45b3d, pc=0x000000011200c29c)
java.lang.reflect.Constructor.newInstance(Constructor.java:423) - invokeinterface @ bci 79 
     Created vframeArray 0x00007fcbf2084420
DEOPT UNPACKING thread 0x00007fcbf200b000 vframeArray 0x00007fcbf2084420 mode 2
     {method} {0x000000010e701ce8} &apos;newInstance&apos; &apos;([Ljava/lang/Object;)Ljava/lang/Object;&apos; in &apos;java/lang/reflect/Constructor&apos; - invokeinterface @ bci 79 sp = 0x0000000306385460
     {method} {0x000000010e80e940} &apos;newInstance&apos; &apos;([Ljava/lang/Object;)Ljava/lang/Object;&apos; in &apos;sun/reflect/DelegatingConstructorAccessorImpl&apos; - invokevirtual @ bci 5 sp = 0x0000000306385400
<uncommon_trap thread='8963' reason='speculate_class_check' action='maybe_recompile' compile_id='1458' compiler='C2' count='3' stamp='11.397'>
Uncommon trap occurred in org.springframework.util.ConcurrentReferenceHashMap$Segment::doTask (@0x0000000111f91e44) thread=8963 reason=speculate_class_check action=maybe_recompile unloaded_class_index=-1
<jvms bci='126' method='org/springframework/util/ConcurrentReferenceHashMap$Segment doTask (ILjava/lang/Object;Lorg/springframework/util/ConcurrentReferenceHashMap$Task;)Ljava/lang/Object;' bytes='179' count='5' backedge_count='1' iicount='10' speculate_class_check_traps='3'/>
</uncommon_trap>
DEOPT PACKING thread 0x00007fcbf200b000 Compiled frame (sp=0x0000000306385670 unextended sp=0x0000000306385670, fp=0x000000079568a2d8, real_fp=0x0000000306385700, pc=0x0000000111f91e44)
     nmethod  11397 1458   !         org.springframework.util.ConcurrentReferenceHashMap$Segment::doTask (179 bytes)

     Virtual frames (innermost first):
        0 - frame( sp=0x0000000306385670, unextended_sp=0x0000000306385670, fp=0x000000079568a2d8, pc=0x0000000111f91e44)
org.springframework.util.ConcurrentReferenceHashMap$Segment.doTask(ConcurrentReferenceHashMap.java:537) - invokevirtual @ bci 126 
     Created vframeArray 0x00007fcbf308f620
DEOPT UNPACKING thread 0x00007fcbf200b000 vframeArray 0x00007fcbf308f620 mode 2
     {method} {0x000000010eac2768} &apos;doTask&apos; &apos;(ILjava/lang/Object;Lorg/springframework/util/ConcurrentReferenceHashMap$Task;)Ljava/lang/Object;&apos; in &apos;org/springframework/util/ConcurrentReferenceHashMap$Segment&apos; - invokevirtual @ bci 126 sp = 0x0000000306385630
<uncommon_trap thread='8963' reason='bimorphic' action='maybe_recompile' compile_id='1741' compiler='C2' count='2' state='#15' stamp='11.418'>
Uncommon trap occurred in java.lang.reflect.Constructor::newInstance (@0x000000011200c29c) thread=8963 reason=bimorphic action=maybe_recompile unloaded_class_index=-1
<jvms bci='5' method='sun/reflect/DelegatingConstructorAccessorImpl newInstance ([Ljava/lang/Object;)Ljava/lang/Object;' bytes='9' count='7' backedge_count='1' iicount='12' decompiles='1' class_check_traps='5' bimorphic_traps='2'/>
<jvms bci='79' method='java/lang/reflect/Constructor newInstance ([Ljava/lang/Object;)Ljava/lang/Object;' bytes='87' count='6' backedge_count='1' iicount='20' decompiles='1' class_check_traps='1'/>
</uncommon_trap>
DEOPT PACKING thread 0x00007fcbf200b000 Compiled frame (sp=0x00000003063854a0 unextended sp=0x00000003063854a0, fp=0x00000000f2b45b3d, real_fp=0x00000003063854e0, pc=0x000000011200c29c)
     nmethod  11417 1741             java.lang.reflect.Constructor::newInstance (87 bytes)

     Virtual frames (innermost first):
        0 - frame( sp=0x00000003063854a0, unextended_sp=0x00000003063854a0, fp=0x00000000f2b45b3d, pc=0x000000011200c29c)
sun.reflect.DelegatingConstructorAccessorImpl.newInstance(DelegatingConstructorAccessorImpl.java:45) - invokevirtual @ bci 5 
        1 - frame( sp=0x00000003063854a0, unextended_sp=0x00000003063854a0, fp=0x00000000f2b45b3d, pc=0x000000011200c29c)
java.lang.reflect.Constructor.newInstance(Constructor.java:423) - invokeinterface @ bci 79 
     Created vframeArray 0x00007fcbf4090e20
DEOPT UNPACKING thread 0x00007fcbf200b000 vframeArray 0x00007fcbf4090e20 mode 2
     {method} {0x000000010e701ce8} &apos;newInstance&apos; &apos;([Ljava/lang/Object;)Ljava/lang/Object;&apos; in &apos;java/lang/reflect/Constructor&apos; - invokeinterface @ bci 79 sp = 0x0000000306385460
     {method} {0x000000010e80e940} &apos;newInstance&apos; &apos;([Ljava/lang/Object;)Ljava/lang/Object;&apos; in &apos;sun/reflect/DelegatingConstructorAccessorImpl&apos; - invokevirtual @ bci 5 sp = 0x0000000306385400
<uncommon_trap thread='8963' reason='bimorphic' action='maybe_recompile' compile_id='1408' compiler='C2' count='3' state='#7' stamp='11.426'>
Uncommon trap occurred in sun.reflect.generics.visitor.Reifier::reifyTypeArguments (@0x0000000111f75aa0) thread=8963 reason=bimorphic action=maybe_recompile unloaded_class_index=-1
<jvms bci='18' method='sun/reflect/generics/visitor/Reifier reifyTypeArguments ([Lsun/reflect/generics/tree/TypeArgument;)[Ljava/lang/reflect/Type;' bytes='38' count='5' backedge_count='9' iicount='5' bimorphic_traps='3'/>
</uncommon_trap>
DEOPT PACKING thread 0x00007fcbf200b000 Compiled frame (sp=0x0000000306385350 unextended sp=0x0000000306385350, fp=0x0000000795a3e080, real_fp=0x00000003063853a0, pc=0x0000000111f75aa0)
     nmethod  11425 1408             sun.reflect.generics.visitor.Reifier::reifyTypeArguments (38 bytes)

     Virtual frames (innermost first):
        0 - frame( sp=0x0000000306385350, unextended_sp=0x0000000306385350, fp=0x0000000795a3e080, pc=0x0000000111f75aa0)
sun.reflect.generics.visitor.Reifier.reifyTypeArguments(Reifier.java:68) - invokeinterface @ bci 18 
     Created vframeArray 0x00007fcbf4092a20
DEOPT UNPACKING thread 0x00007fcbf200b000 vframeArray 0x00007fcbf4092a20 mode 2
     {method} {0x000000010ebafcf0} &apos;reifyTypeArguments&apos; &apos;([Lsun/reflect/generics/tree/TypeArgument;)[Ljava/lang/reflect/Type;&apos; in &apos;sun/reflect/generics/visitor/Reifier&apos; - invokeinterface @ bci 18 sp = 0x0000000306385320
<uncommon_trap thread='8963' reason='bimorphic' action='maybe_recompile' compile_id='1741' compiler='C2' count='3' state='#15' stamp='11.427'>
Uncommon trap occurred in java.lang.reflect.Constructor::newInstance (@0x000000011200c29c) thread=8963 reason=bimorphic action=maybe_recompile unloaded_class_index=-1
<jvms bci='5' method='sun/reflect/DelegatingConstructorAccessorImpl newInstance ([Ljava/lang/Object;)Ljava/lang/Object;' bytes='9' count='7' backedge_count='1' iicount='12' decompiles='1' class_check_traps='5' bimorphic_traps='3'/>
<jvms bci='79' method='java/lang/reflect/Constructor newInstance ([Ljava/lang/Object;)Ljava/lang/Object;' bytes='87' count='6' backedge_count='1' iicount='20' decompiles='1' class_check_traps='1'/>
</uncommon_trap>
DEOPT PACKING thread 0x00007fcbf200b000 Compiled frame (sp=0x00000003063854a0 unextended sp=0x00000003063854a0, fp=0x00000000f2b45b3d, real_fp=0x00000003063854e0, pc=0x000000011200c29c)
     nmethod  11426 1741             java.lang.reflect.Constructor::newInstance (87 bytes)

     Virtual frames (innermost first):
        0 - frame( sp=0x00000003063854a0, unextended_sp=0x00000003063854a0, fp=0x00000000f2b45b3d, pc=0x000000011200c29c)
sun.reflect.DelegatingConstructorAccessorImpl.newInstance(DelegatingConstructorAccessorImpl.java:45) - invokevirtual @ bci 5 
        1 - frame( sp=0x00000003063854a0, unextended_sp=0x00000003063854a0, fp=0x00000000f2b45b3d, pc=0x000000011200c29c)
java.lang.reflect.Constructor.newInstance(Constructor.java:423) - invokeinterface @ bci 79 
     Created vframeArray 0x00007fcbf308f620
DEOPT UNPACKING thread 0x00007fcbf200b000 vframeArray 0x00007fcbf308f620 mode 2
     {method} {0x000000010e701ce8} &apos;newInstance&apos; &apos;([Ljava/lang/Object;)Ljava/lang/Object;&apos; in &apos;java/lang/reflect/Constructor&apos; - invokeinterface @ bci 79 sp = 0x0000000306385460
     {method} {0x000000010e80e940} &apos;newInstance&apos; &apos;([Ljava/lang/Object;)Ljava/lang/Object;&apos; in &apos;sun/reflect/DelegatingConstructorAccessorImpl&apos; - invokevirtual @ bci 5 sp = 0x0000000306385400
<uncommon_trap thread='8963' reason='class_check' action='maybe_recompile' compile_id='1795' compiler='C2' count='2' stamp='11.460'>
Uncommon trap occurred in org.springframework.core.SerializableTypeWrapper$TypeProxyInvocationHandler::invoke (@0x0000000111eb7c78) thread=8963 reason=class_check action=maybe_recompile unloaded_class_index=-1
<jvms bci='127' method='org/springframework/core/SerializableTypeWrapper$TypeProxyInvocationHandler invoke (Ljava/lang/Object;Ljava/lang/reflect/Method;[Ljava/lang/Object;)Ljava/lang/Object;' bytes='324' count='6' backedge_count='1' iicount='26' decompiles='4' class_check_traps='2' bimorphic_traps='8' unloaded_traps='1'/>
</uncommon_trap>
DEOPT PACKING thread 0x00007fcbf200b000 Compiled frame (sp=0x0000000306385310 unextended sp=0x0000000306385310, fp=0x0000000795a28d60, real_fp=0x00000003063853b0, pc=0x0000000111eb7c78)
     nmethod  11460 1795             org.springframework.core.SerializableTypeWrapper$TypeProxyInvocationHandler::invoke (324 bytes)

     Virtual frames (innermost first):
        0 - frame( sp=0x0000000306385310, unextended_sp=0x0000000306385310, fp=0x0000000795a28d60, pc=0x0000000111eb7c78)
org.springframework.core.SerializableTypeWrapper$TypeProxyInvocationHandler.invoke(SerializableTypeWrapper.java:192) - instanceof @ bci 127 
     Created vframeArray 0x00007fcbf3888020
DEOPT UNPACKING thread 0x00007fcbf200b000 vframeArray 0x00007fcbf3888020 mode 2
     {method} {0x000000010ebd03c0} &apos;invoke&apos; &apos;(Ljava/lang/Object;Ljava/lang/reflect/Method;[Ljava/lang/Object;)Ljava/lang/Object;&apos; in &apos;org/springframework/core/SerializableTypeWrapper$TypeProxyInvocationHandler&apos; - instanceof @ bci 127 sp = 0x0000000306385340
<uncommon_trap thread='8963' reason='class_check' action='maybe_recompile' compile_id='1761' compiler='C2' count='2' state='class_check' stamp='11.461'>
Uncommon trap occurred in sun.reflect.generics.reflectiveObjects.ParameterizedTypeImpl::equals (@0x00000001120286ec) thread=8963 reason=class_check action=maybe_recompile unloaded_class_index=-1
<jvms bci='1' method='sun/reflect/generics/reflectiveObjects/ParameterizedTypeImpl equals (Ljava/lang/Object;)Z' bytes='81' count='5' backedge_count='1' iicount='10' class_check_traps='2'/>
</uncommon_trap>
DEOPT PACKING thread 0x00007fcbf200b000 Compiled frame (sp=0x0000000306385510 unextended sp=0x0000000306385510, fp=0x00000007959e6988, real_fp=0x0000000306385540, pc=0x00000001120286ec)
     nmethod  11461 1761             sun.reflect.generics.reflectiveObjects.ParameterizedTypeImpl::equals (81 bytes)

     Virtual frames (innermost first):
        0 - frame( sp=0x0000000306385510, unextended_sp=0x0000000306385510, fp=0x00000007959e6988, pc=0x00000001120286ec)
sun.reflect.generics.reflectiveObjects.ParameterizedTypeImpl.equals(ParameterizedTypeImpl.java:160) - instanceof @ bci 1 
     Created vframeArray 0x00007fcbf308f620
DEOPT UNPACKING thread 0x00007fcbf200b000 vframeArray 0x00007fcbf308f620 mode 2
     {method} {0x000000010ebb4010} &apos;equals&apos; &apos;(Ljava/lang/Object;)Z&apos; in &apos;sun/reflect/generics/reflectiveObjects/ParameterizedTypeImpl&apos; - instanceof @ bci 1 sp = 0x00000003063854c0
<uncommon_trap thread='8963' reason='class_check' action='maybe_recompile' compile_id='1761' compiler='C2' count='3' state='class_check' stamp='11.463'>
Uncommon trap occurred in sun.reflect.generics.reflectiveObjects.ParameterizedTypeImpl::equals (@0x00000001120286ec) thread=8963 reason=class_check action=maybe_recompile unloaded_class_index=-1
<jvms bci='1' method='sun/reflect/generics/reflectiveObjects/ParameterizedTypeImpl equals (Ljava/lang/Object;)Z' bytes='81' count='5' backedge_count='1' iicount='10' class_check_traps='3'/>
</uncommon_trap>
DEOPT PACKING thread 0x00007fcbf200b000 Compiled frame (sp=0x00000003063854b0 unextended sp=0x00000003063854b0, fp=0x00000007959e6988, real_fp=0x00000003063854e0, pc=0x00000001120286ec)
     nmethod  11463 1761             sun.reflect.generics.reflectiveObjects.ParameterizedTypeImpl::equals (81 bytes)

     Virtual frames (innermost first):
        0 - frame( sp=0x00000003063854b0, unextended_sp=0x00000003063854b0, fp=0x00000007959e6988, pc=0x00000001120286ec)
sun.reflect.generics.reflectiveObjects.ParameterizedTypeImpl.equals(ParameterizedTypeImpl.java:160) - instanceof @ bci 1 
     Created vframeArray 0x00007fcbf3888020
DEOPT UNPACKING thread 0x00007fcbf200b000 vframeArray 0x00007fcbf3888020 mode 2
     {method} {0x000000010ebb4010} &apos;equals&apos; &apos;(Ljava/lang/Object;)Z&apos; in &apos;sun/reflect/generics/reflectiveObjects/ParameterizedTypeImpl&apos; - instanceof @ bci 1 sp = 0x0000000306385460
<uncommon_trap thread='8963' reason='predicate' action='maybe_recompile' compile_id='1719' compiler='C2' stamp='12.002'>
Uncommon trap occurred in org.springframework.util.ConcurrentReferenceHashMap$Segment::restructure (@0x000000011200a3e8) thread=8963 reason=predicate action=maybe_recompile unloaded_class_index=-1
<jvms bci='177' method='org/springframework/util/ConcurrentReferenceHashMap$Segment restructure (ZLorg/springframework/util/ConcurrentReferenceHashMap$Reference;)V' bytes='316' count='3' backedge_count='25' iicount='3'/>
</uncommon_trap>
DEOPT PACKING thread 0x00007fcbf200b000 Compiled frame (sp=0x0000000306385430 unextended sp=0x0000000306385430, fp=0x00000007958e6388, real_fp=0x00000003063854c0, pc=0x000000011200a3e8)
     nmethod  12002 1719   !         org.springframework.util.ConcurrentReferenceHashMap$Segment::restructure (316 bytes)

     Virtual frames (innermost first):
        0 - frame( sp=0x0000000306385430, unextended_sp=0x0000000306385430, fp=0x00000007958e6388, pc=0x000000011200a3e8)
org.springframework.util.ConcurrentReferenceHashMap$Segment.restructure(ConcurrentReferenceHashMap.java:616) - aload @ bci 177 
     Created vframeArray 0x00007fcbf388da20
DEOPT UNPACKING thread 0x00007fcbf200b000 vframeArray 0x00007fcbf388da20 mode 2
     {method} {0x000000010eac2d18} &apos;restructure&apos; &apos;(ZLorg/springframework/util/ConcurrentReferenceHashMap$Reference;)V&apos; in &apos;org/springframework/util/ConcurrentReferenceHashMap$Segment&apos; - aload @ bci 177 sp = 0x0000000306385408
<uncommon_trap thread='8963' reason='class_check' action='maybe_recompile' compile_id='1842' compiler='C2' stamp='12.083'>
Uncommon trap occurred in org.springframework.util.ConcurrentReferenceHashMap$Segment::restructure (@0x0000000112050b6c) thread=8963 reason=class_check action=maybe_recompile unloaded_class_index=-1
<jvms bci='59' method='org/springframework/util/ConcurrentReferenceHashMap$Segment restructure (ZLorg/springframework/util/ConcurrentReferenceHashMap$Reference;)V' bytes='316' count='4' backedge_count='30' iicount='4' decompiles='1' predicate_traps='1'/>
</uncommon_trap>
DEOPT PACKING thread 0x00007fcbf200b000 Compiled frame (sp=0x0000000306385440 unextended sp=0x0000000306385440, fp=0x00000007958e6388, real_fp=0x00000003063854c0, pc=0x0000000112050b6c)
     nmethod  12083 1842   !         org.springframework.util.ConcurrentReferenceHashMap$Segment::restructure (316 bytes)

     Virtual frames (innermost first):
        0 - frame( sp=0x0000000306385440, unextended_sp=0x0000000306385440, fp=0x00000007958e6388, pc=0x0000000112050b6c)
org.springframework.util.ConcurrentReferenceHashMap$Segment.restructure(ConcurrentReferenceHashMap.java:593) - invokeinterface @ bci 59 
     Created vframeArray 0x00007fcbf4092a20
DEOPT UNPACKING thread 0x00007fcbf200b000 vframeArray 0x00007fcbf4092a20 mode 2
     {method} {0x000000010eac2d18} &apos;restructure&apos; &apos;(ZLorg/springframework/util/ConcurrentReferenceHashMap$Reference;)V&apos; in &apos;org/springframework/util/ConcurrentReferenceHashMap$Segment&apos; - invokeinterface @ bci 59 sp = 0x00000003063853f8
<uncommon_trap thread='8963' reason='class_check' action='maybe_recompile' compile_id='1842' compiler='C2' count='1' state='class_check' stamp='12.084'>
Uncommon trap occurred in org.springframework.util.ConcurrentReferenceHashMap$Segment::restructure (@0x0000000112050b6c) thread=8963 reason=class_check action=maybe_recompile unloaded_class_index=-1
<jvms bci='59' method='org/springframework/util/ConcurrentReferenceHashMap$Segment restructure (ZLorg/springframework/util/ConcurrentReferenceHashMap$Reference;)V' bytes='316' count='4' backedge_count='58' iicount='4' decompiles='1' class_check_traps='1' predicate_traps='1'/>
</uncommon_trap>
DEOPT PACKING thread 0x00007fcbf200b000 Compiled frame (sp=0x0000000306385420 unextended sp=0x0000000306385420, fp=0x00000007958e61a8, real_fp=0x00000003063854a0, pc=0x0000000112050b6c)
     nmethod  12084 1842   !         org.springframework.util.ConcurrentReferenceHashMap$Segment::restructure (316 bytes)

     Virtual frames (innermost first):
        0 - frame( sp=0x0000000306385420, unextended_sp=0x0000000306385420, fp=0x00000007958e61a8, pc=0x0000000112050b6c)
org.springframework.util.ConcurrentReferenceHashMap$Segment.restructure(ConcurrentReferenceHashMap.java:593) - invokeinterface @ bci 59 
     Created vframeArray 0x00007fcbf2084420
DEOPT UNPACKING thread 0x00007fcbf200b000 vframeArray 0x00007fcbf2084420 mode 2
     {method} {0x000000010eac2d18} &apos;restructure&apos; &apos;(ZLorg/springframework/util/ConcurrentReferenceHashMap$Reference;)V&apos; in &apos;org/springframework/util/ConcurrentReferenceHashMap$Segment&apos; - invokeinterface @ bci 59 sp = 0x00000003063853d8
<uncommon_trap thread='8963' reason='null_check' action='make_not_entrant' compile_id='655' compiler='C2' stamp='12.111'>
Uncommon trap occurred in java.lang.reflect.Array::newInstance (@0x0000000111de5280) thread=8963 reason=null_check action=make_not_entrant unloaded_class_index=-1
<jvms bci='2' method='java/lang/reflect/Array newInstance (Ljava/lang/Class;I)Ljava/lang/Object;' bytes='6' count='2' backedge_count='1' iicount='10'/>
</uncommon_trap>
DEOPT PACKING thread 0x00007fcbf200b000 Compiled frame (sp=0x0000000306385660 unextended sp=0x0000000306385660, fp=0x00000007959fd0e8, real_fp=0x0000000306385690, pc=0x0000000111de5280)
     nmethod  12110  655             java.lang.reflect.Array::newInstance (6 bytes)

     Virtual frames (innermost first):
        0 - frame( sp=0x0000000306385660, unextended_sp=0x0000000306385660, fp=0x00000007959fd0e8, pc=0x0000000111de5280)
java.lang.reflect.Array.newInstance(Array.java:75) - invokestatic @ bci 2 
     Created vframeArray 0x00007fcbf4092a20
DEOPT UNPACKING thread 0x00007fcbf200b000 vframeArray 0x00007fcbf4092a20 mode 2
     {method} {0x000000010ea1a440} &apos;newInstance&apos; &apos;(Ljava/lang/Class;I)Ljava/lang/Object;&apos; in &apos;java/lang/reflect/Array&apos; - invokestatic @ bci 2 sp = 0x0000000306385620
<uncommon_trap thread='8963' reason='class_check' action='maybe_recompile' compile_id='1842' compiler='C2' count='2' state='class_check' stamp='12.125'>
Uncommon trap occurred in org.springframework.util.ConcurrentReferenceHashMap$Segment::restructure (@0x0000000112050b6c) thread=8963 reason=class_check action=maybe_recompile unloaded_class_index=-1
<jvms bci='59' method='org/springframework/util/ConcurrentReferenceHashMap$Segment restructure (ZLorg/springframework/util/ConcurrentReferenceHashMap$Reference;)V' bytes='316' count='4' backedge_count='86' iicount='4' decompiles='1' class_check_traps='2' predicate_traps='1'/>
</uncommon_trap>
DEOPT PACKING thread 0x00007fcbf200b000 Compiled frame (sp=0x0000000306385470 unextended sp=0x0000000306385470, fp=0x00000007958e6388, real_fp=0x00000003063854f0, pc=0x0000000112050b6c)
     nmethod  12124 1842   !         org.springframework.util.ConcurrentReferenceHashMap$Segment::restructure (316 bytes)

     Virtual frames (innermost first):
        0 - frame( sp=0x0000000306385470, unextended_sp=0x0000000306385470, fp=0x00000007958e6388, pc=0x0000000112050b6c)
org.springframework.util.ConcurrentReferenceHashMap$Segment.restructure(ConcurrentReferenceHashMap.java:593) - invokeinterface @ bci 59 
     Created vframeArray 0x00007fcbf2084420
DEOPT UNPACKING thread 0x00007fcbf200b000 vframeArray 0x00007fcbf2084420 mode 2
     {method} {0x000000010eac2d18} &apos;restructure&apos; &apos;(ZLorg/springframework/util/ConcurrentReferenceHashMap$Reference;)V&apos; in &apos;org/springframework/util/ConcurrentReferenceHashMap$Segment&apos; - invokeinterface @ bci 59 sp = 0x0000000306385428
<uncommon_trap thread='8963' reason='class_check' action='maybe_recompile' compile_id='1795' compiler='C2' count='3' state='class_check' stamp='12.126'>
Uncommon trap occurred in org.springframework.core.SerializableTypeWrapper$TypeProxyInvocationHandler::invoke (@0x0000000111eb7c78) thread=8963 reason=class_check action=maybe_recompile unloaded_class_index=-1
<jvms bci='127' method='org/springframework/core/SerializableTypeWrapper$TypeProxyInvocationHandler invoke (Ljava/lang/Object;Ljava/lang/reflect/Method;[Ljava/lang/Object;)Ljava/lang/Object;' bytes='324' count='6' backedge_count='1' iicount='26' decompiles='4' class_check_traps='3' bimorphic_traps='8' unloaded_traps='1'/>
</uncommon_trap>
DEOPT PACKING thread 0x00007fcbf200b000 Compiled frame (sp=0x00000003063852d0 unextended sp=0x00000003063852d0, fp=0x0000000795b102f8, real_fp=0x0000000306385370, pc=0x0000000111eb7c78)
     nmethod  12125 1795             org.springframework.core.SerializableTypeWrapper$TypeProxyInvocationHandler::invoke (324 bytes)

     Virtual frames (innermost first):
        0 - frame( sp=0x00000003063852d0, unextended_sp=0x00000003063852d0, fp=0x0000000795b102f8, pc=0x0000000111eb7c78)
org.springframework.core.SerializableTypeWrapper$TypeProxyInvocationHandler.invoke(SerializableTypeWrapper.java:192) - instanceof @ bci 127 
     Created vframeArray 0x00007fcbf3066620
DEOPT UNPACKING thread 0x00007fcbf200b000 vframeArray 0x00007fcbf3066620 mode 2
     {method} {0x000000010ebd03c0} &apos;invoke&apos; &apos;(Ljava/lang/Object;Ljava/lang/reflect/Method;[Ljava/lang/Object;)Ljava/lang/Object;&apos; in &apos;org/springframework/core/SerializableTypeWrapper$TypeProxyInvocationHandler&apos; - instanceof @ bci 127 sp = 0x0000000306385300
<uncommon_trap thread='8963' reason='class_check' action='maybe_recompile' compile_id='1747' compiler='C2' stamp='12.304'>
Uncommon trap occurred in org.springframework.core.SerializableTypeWrapper::unwrap (@0x000000011201b004) thread=8963 reason=class_check action=maybe_recompile unloaded_class_index=-1
<jvms bci='13' method='org/springframework/core/SerializableTypeWrapper unwrap (Ljava/lang/reflect/Type;)Ljava/lang/reflect/Type;' bytes='34' count='5' backedge_count='1' iicount='10'/>
</uncommon_trap>
DEOPT PACKING thread 0x00007fcbf200b000 Compiled frame (sp=0x0000000306385380 unextended sp=0x0000000306385380, fp=0x0000000795b43248, real_fp=0x00000003063853b0, pc=0x000000011201b004)
     nmethod  12304 1747             org.springframework.core.SerializableTypeWrapper::unwrap (34 bytes)

     Virtual frames (innermost first):
        0 - frame( sp=0x0000000306385380, unextended_sp=0x0000000306385380, fp=0x0000000795b43248, pc=0x000000011201b004)
org.springframework.core.SerializableTypeWrapper.unwrap(SerializableTypeWrapper.java:94) - invokeinterface @ bci 13 
     Created vframeArray 0x00007fcbf2084420
DEOPT UNPACKING thread 0x00007fcbf200b000 vframeArray 0x00007fcbf2084420 mode 2
     {method} {0x000000010ebce4c0} &apos;unwrap&apos; &apos;(Ljava/lang/reflect/Type;)Ljava/lang/reflect/Type;&apos; in &apos;org/springframework/core/SerializableTypeWrapper&apos; - invokeinterface @ bci 13 sp = 0x0000000306385348
<uncommon_trap thread='8963' reason='class_check' action='maybe_recompile' compile_id='1747' compiler='C2' count='1' state='class_check' stamp='12.305'>
Uncommon trap occurred in org.springframework.core.SerializableTypeWrapper::unwrap (@0x000000011201b004) thread=8963 reason=class_check action=maybe_recompile unloaded_class_index=-1
<jvms bci='13' method='org/springframework/core/SerializableTypeWrapper unwrap (Ljava/lang/reflect/Type;)Ljava/lang/reflect/Type;' bytes='34' count='5' backedge_count='1' iicount='10' class_check_traps='1'/>
</uncommon_trap>
DEOPT PACKING thread 0x00007fcbf200b000 Compiled frame (sp=0x0000000306385380 unextended sp=0x0000000306385380, fp=0x0000000795b43248, real_fp=0x00000003063853b0, pc=0x000000011201b004)
     nmethod  12305 1747             org.springframework.core.SerializableTypeWrapper::unwrap (34 bytes)

     Virtual frames (innermost first):
        0 - frame( sp=0x0000000306385380, unextended_sp=0x0000000306385380, fp=0x0000000795b43248, pc=0x000000011201b004)
org.springframework.core.SerializableTypeWrapper.unwrap(SerializableTypeWrapper.java:94) - invokeinterface @ bci 13 
     Created vframeArray 0x00007fcbf4092a20
DEOPT UNPACKING thread 0x00007fcbf200b000 vframeArray 0x00007fcbf4092a20 mode 2
     {method} {0x000000010ebce4c0} &apos;unwrap&apos; &apos;(Ljava/lang/reflect/Type;)Ljava/lang/reflect/Type;&apos; in &apos;org/springframework/core/SerializableTypeWrapper&apos; - invokeinterface @ bci 13 sp = 0x0000000306385348
<uncommon_trap thread='8963' reason='class_check' action='maybe_recompile' compile_id='1842' compiler='C2' count='3' state='class_check' stamp='12.307'>
Uncommon trap occurred in org.springframework.util.ConcurrentReferenceHashMap$Segment::restructure (@0x0000000112050b6c) thread=8963 reason=class_check action=maybe_recompile unloaded_class_index=-1
<jvms bci='59' method='org/springframework/util/ConcurrentReferenceHashMap$Segment restructure (ZLorg/springframework/util/ConcurrentReferenceHashMap$Reference;)V' bytes='316' count='4' backedge_count='114' iicount='4' decompiles='1' class_check_traps='3' predicate_traps='1'/>
</uncommon_trap>
DEOPT PACKING thread 0x00007fcbf200b000 Compiled frame (sp=0x0000000306385510 unextended sp=0x0000000306385510, fp=0x00000007958e61a8, real_fp=0x0000000306385590, pc=0x0000000112050b6c)
     nmethod  12307 1842   !         org.springframework.util.ConcurrentReferenceHashMap$Segment::restructure (316 bytes)

     Virtual frames (innermost first):
        0 - frame( sp=0x0000000306385510, unextended_sp=0x0000000306385510, fp=0x00000007958e61a8, pc=0x0000000112050b6c)
org.springframework.util.ConcurrentReferenceHashMap$Segment.restructure(ConcurrentReferenceHashMap.java:593) - invokeinterface @ bci 59 
     Created vframeArray 0x00007fcbf3066620
DEOPT UNPACKING thread 0x00007fcbf200b000 vframeArray 0x00007fcbf3066620 mode 2
     {method} {0x000000010eac2d18} &apos;restructure&apos; &apos;(ZLorg/springframework/util/ConcurrentReferenceHashMap$Reference;)V&apos; in &apos;org/springframework/util/ConcurrentReferenceHashMap$Segment&apos; - invokeinterface @ bci 59 sp = 0x00000003063854c8
<uncommon_trap thread='8963' reason='bimorphic' action='maybe_recompile' compile_id='1854' compiler='C2' count='8' stamp='12.384'>
Uncommon trap occurred in org.springframework.core.SerializableTypeWrapper$TypeProxyInvocationHandler::invoke (@0x000000011205636c) thread=8963 reason=bimorphic action=maybe_recompile unloaded_class_index=-1
<jvms bci='147' method='org/springframework/core/SerializableTypeWrapper$TypeProxyInvocationHandler invoke (Ljava/lang/Object;Ljava/lang/reflect/Method;[Ljava/lang/Object;)Ljava/lang/Object;' bytes='324' count='5' backedge_count='1' iicount='29' decompiles='5' class_check_traps='4' bimorphic_traps='8' unloaded_traps='1'/>
</uncommon_trap>
DEOPT PACKING thread 0x00007fcbf200b000 Compiled frame (sp=0x0000000306385420 unextended sp=0x0000000306385420, fp=0x0000000795a17b58, real_fp=0x00000003063854c0, pc=0x000000011205636c)
     nmethod  12384 1854             org.springframework.core.SerializableTypeWrapper$TypeProxyInvocationHandler::invoke (324 bytes)

     Virtual frames (innermost first):
        0 - frame( sp=0x0000000306385420, unextended_sp=0x0000000306385420, fp=0x0000000795a17b58, pc=0x000000011205636c)
org.springframework.core.SerializableTypeWrapper$TypeProxyInvocationHandler.invoke(SerializableTypeWrapper.java:195) - invokeinterface @ bci 147 
     Created vframeArray 0x00007fcbf3068c20
DEOPT UNPACKING thread 0x00007fcbf200b000 vframeArray 0x00007fcbf3068c20 mode 2
     {method} {0x000000010ebd03c0} &apos;invoke&apos; &apos;(Ljava/lang/Object;Ljava/lang/reflect/Method;[Ljava/lang/Object;)Ljava/lang/Object;&apos; in &apos;org/springframework/core/SerializableTypeWrapper$TypeProxyInvocationHandler&apos; - invokeinterface @ bci 147 sp = 0x0000000306385430
<uncommon_trap thread='8963' reason='bimorphic' action='maybe_recompile' compile_id='1854' compiler='C2' count='9' state='#7' stamp='12.385'>
Uncommon trap occurred in org.springframework.core.SerializableTypeWrapper$TypeProxyInvocationHandler::invoke (@0x000000011205636c) thread=8963 reason=bimorphic action=maybe_recompile unloaded_class_index=-1
<jvms bci='147' method='org/springframework/core/SerializableTypeWrapper$TypeProxyInvocationHandler invoke (Ljava/lang/Object;Ljava/lang/reflect/Method;[Ljava/lang/Object;)Ljava/lang/Object;' bytes='324' count='5' backedge_count='1' iicount='29' decompiles='5' class_check_traps='4' bimorphic_traps='9' unloaded_traps='1'/>
</uncommon_trap>
DEOPT PACKING thread 0x00007fcbf200b000 Compiled frame (sp=0x00000003063853c0 unextended sp=0x00000003063853c0, fp=0x0000000795a17b58, real_fp=0x0000000306385460, pc=0x000000011205636c)
     nmethod  12384 1854             org.springframework.core.SerializableTypeWrapper$TypeProxyInvocationHandler::invoke (324 bytes)

     Virtual frames (innermost first):
        0 - frame( sp=0x00000003063853c0, unextended_sp=0x00000003063853c0, fp=0x0000000795a17b58, pc=0x000000011205636c)
org.springframework.core.SerializableTypeWrapper$TypeProxyInvocationHandler.invoke(SerializableTypeWrapper.java:195) - invokeinterface @ bci 147 
     Created vframeArray 0x00007fcbf388da20
DEOPT UNPACKING thread 0x00007fcbf200b000 vframeArray 0x00007fcbf388da20 mode 2
     {method} {0x000000010ebd03c0} &apos;invoke&apos; &apos;(Ljava/lang/Object;Ljava/lang/reflect/Method;[Ljava/lang/Object;)Ljava/lang/Object;&apos; in &apos;org/springframework/core/SerializableTypeWrapper$TypeProxyInvocationHandler&apos; - invokeinterface @ bci 147 sp = 0x00000003063853d0
<uncommon_trap thread='8963' reason='class_check' action='maybe_recompile' compile_id='1747' compiler='C2' count='2' state='class_check' stamp='12.429'>
Uncommon trap occurred in org.springframework.core.SerializableTypeWrapper::unwrap (@0x000000011201b004) thread=8963 reason=class_check action=maybe_recompile unloaded_class_index=-1
<jvms bci='13' method='org/springframework/core/SerializableTypeWrapper unwrap (Ljava/lang/reflect/Type;)Ljava/lang/reflect/Type;' bytes='34' count='5' backedge_count='1' iicount='10' class_check_traps='2'/>
</uncommon_trap>
DEOPT PACKING thread 0x00007fcbf200b000 Compiled frame (sp=0x0000000306385380 unextended sp=0x0000000306385380, fp=0x0000000795bcb698, real_fp=0x00000003063853b0, pc=0x000000011201b004)
     nmethod  12429 1747             org.springframework.core.SerializableTypeWrapper::unwrap (34 bytes)

     Virtual frames (innermost first):
        0 - frame( sp=0x0000000306385380, unextended_sp=0x0000000306385380, fp=0x0000000795bcb698, pc=0x000000011201b004)
org.springframework.core.SerializableTypeWrapper.unwrap(SerializableTypeWrapper.java:94) - invokeinterface @ bci 13 
     Created vframeArray 0x00007fcbf3890620
DEOPT UNPACKING thread 0x00007fcbf200b000 vframeArray 0x00007fcbf3890620 mode 2
     {method} {0x000000010ebce4c0} &apos;unwrap&apos; &apos;(Ljava/lang/reflect/Type;)Ljava/lang/reflect/Type;&apos; in &apos;org/springframework/core/SerializableTypeWrapper&apos; - invokeinterface @ bci 13 sp = 0x0000000306385348
<uncommon_trap thread='8963' reason='class_check' action='maybe_recompile' compile_id='1747' compiler='C2' count='3' state='class_check' stamp='12.454'>
Uncommon trap occurred in org.springframework.core.SerializableTypeWrapper::unwrap (@0x000000011201b004) thread=8963 reason=class_check action=maybe_recompile unloaded_class_index=-1
<jvms bci='13' method='org/springframework/core/SerializableTypeWrapper unwrap (Ljava/lang/reflect/Type;)Ljava/lang/reflect/Type;' bytes='34' count='5' backedge_count='1' iicount='10' class_check_traps='3'/>
</uncommon_trap>
DEOPT PACKING thread 0x00007fcbf200b000 Compiled frame (sp=0x0000000306385380 unextended sp=0x0000000306385380, fp=0x0000000795c93070, real_fp=0x00000003063853b0, pc=0x000000011201b004)
     nmethod  12453 1747             org.springframework.core.SerializableTypeWrapper::unwrap (34 bytes)

     Virtual frames (innermost first):
        0 - frame( sp=0x0000000306385380, unextended_sp=0x0000000306385380, fp=0x0000000795c93070, pc=0x000000011201b004)
org.springframework.core.SerializableTypeWrapper.unwrap(SerializableTypeWrapper.java:94) - invokeinterface @ bci 13 
     Created vframeArray 0x00007fcbf4092a20
DEOPT UNPACKING thread 0x00007fcbf200b000 vframeArray 0x00007fcbf4092a20 mode 2
     {method} {0x000000010ebce4c0} &apos;unwrap&apos; &apos;(Ljava/lang/reflect/Type;)Ljava/lang/reflect/Type;&apos; in &apos;org/springframework/core/SerializableTypeWrapper&apos; - invokeinterface @ bci 13 sp = 0x0000000306385348
<uncommon_trap thread='8963' reason='unstable_if' action='reinterpret' compile_id='1881' compile_kind='osr' compiler='C2' stamp='12.595'>
Uncommon trap occurred in repro.ResolvableTypeC2Repro::exerciseSharedCacheRingOsr (@0x0000000112072978) thread=8963 reason=unstable_if action=reinterpret unloaded_class_index=-1
<jvms bci='28' method='repro/ResolvableTypeC2Repro exerciseSharedCacheRingOsr (II)V' bytes='595' count='1' backedge_count='1026' iicount='1'/>
</uncommon_trap>
DEOPT PACKING thread 0x00007fcbf200b000 Compiled frame (sp=0x00000003063857d0 unextended sp=0x00000003063857d0, fp=0x0000000000000000, real_fp=0x00000003063858b0, pc=0x0000000112072978)
     nmethod  12595 1881 % !         repro.ResolvableTypeC2Repro::exerciseSharedCacheRingOsr @ -2 (595 bytes)

     Virtual frames (innermost first):
        0 - frame( sp=0x00000003063857d0, unextended_sp=0x00000003063857d0, fp=0x0000000000000000, pc=0x0000000112072978)
repro.ResolvableTypeC2Repro.exerciseSharedCacheRingOsr(ResolvableTypeC2Repro.java:537) - if_icmpge @ bci 28 
     Created vframeArray 0x00007fcbf4093220
DEOPT UNPACKING thread 0x00007fcbf200b000 vframeArray 0x00007fcbf4093220 mode 2
     {method} {0x000000010eab00d0} &apos;exerciseSharedCacheRingOsr&apos; &apos;(II)V&apos; in &apos;repro/ResolvableTypeC2Repro&apos; - if_icmpge @ bci 28 sp = 0x00000003063857d0
C1 Runtime statistics:
 _resolve_invoke_virtual_cnt:     91
 _resolve_invoke_opt_virtual_cnt: 2372
 _resolve_invoke_static_cnt:      1168
 _handle_wrong_method_cnt:        114
 _ic_miss_cnt:                    55
 _generic_arraycopy_cnt:          0
 _generic_arraycopystub_cnt:      0
 _byte_arraycopy_cnt:             0
 _short_arraycopy_cnt:            0
 _int_arraycopy_cnt:              0
 _long_arraycopy_cnt:             0
 _primitive_arraycopy_cnt:        0
 _oop_arraycopy_cnt (C):          0
 _oop_arraycopy_cnt (stub):       0
 _arraycopy_slowcase_cnt:         0
 _arraycopy_checkcast_cnt:        0
 _arraycopy_checkcast_attempt_cnt:0
 _new_type_array_slowcase_cnt:    0
 _new_object_array_slowcase_cnt:  0
 _new_instance_slowcase_cnt:      0
 _new_multi_array_slowcase_cnt:   0
 _monitorenter_slowcase_cnt:      0
 _monitorexit_slowcase_cnt:       0
 _patch_code_slowcase_cnt:        0
 _throw_range_check_exception_count:            0:
 _throw_index_exception_count:                  0:
 _throw_div0_exception_count:                   0:
 _throw_null_pointer_exception_count:           0:
 _throw_class_cast_exception_count:             0:
 _throw_incompatible_class_change_error_count:  0:
 _throw_array_store_exception_count:            0:
 _throw_count:                                  0:

<statistics type='deoptimization'>
Deoptimization traps recorded:
   232 (100.0%) total
     null_check/make_not_entrant/checkcast: 2 (0.9%)
    null_check/make_not_entrant/instanceof: 2 (0.9%)
       null_check/make_not_entrant/aastore: 1 (0.4%)
  null_check/make_not_entrant/invokestatic: 1 (0.4%)
   null_assert/make_not_entrant/instanceof: 1 (0.4%)
     null_assert/make_not_entrant/astore_3: 1 (0.4%)
      null_assert/make_not_entrant/areturn: 1 (0.4%)
  class_check/maybe_recompile/invokevirtual: 52 (22.4%)
    class_check/maybe_recompile/instanceof: 23 (9.9%)
  class_check/maybe_recompile/invokeinterface: 30 (12.9%)
       array_check/maybe_recompile/aastore: 8 (3.4%)
   bimorphic/maybe_recompile/invokevirtual: 21 (9.1%)
  bimorphic/maybe_recompile/invokeinterface: 14 (6.0%)
                  unloaded/reinterpret/new: 6 (2.6%)
         unloaded/reinterpret/invokestatic: 2 (0.9%)
       uninitialized/reinterpret/getstatic: 39 (16.8%)
                       constraint/none/nop: 4 (1.7%)
           predicate/maybe_recompile/aload: 3 (1.3%)
         predicate/maybe_recompile/aload_0: 2 (0.9%)
    loop_limit_check/maybe_recompile/aload: 2 (0.9%)
    loop_limit_check/maybe_recompile/iload: 1 (0.4%)
  loop_limit_check/maybe_recompile/aload_0: 1 (0.4%)
  speculate_class_check/maybe_recompile/instanceof: 3 (1.3%)
  speculate_class_check/maybe_recompile/invokevirtual: 4 (1.7%)
         unstable_if/reinterpret/if_icmpeq: 1 (0.4%)
         unstable_if/reinterpret/if_icmpge: 2 (0.9%)
              unstable_if/reinterpret/iflt: 1 (0.4%)
               unstable_if/reinterpret/nop: 4 (1.7%)
</statistics>
<statistics type='SharedRuntime'>
   20 new instance requires GC
   11 new array requires GC
   55 inline cache miss in compiled
  114 wrong method
 1168 unresolved static call site
   91 unresolved virtual call site
 2372 unresolved opt virtual call site
190387 slow partial subtype
 1266 byte array copies
10317 short array copies
  880 int array copies
78422 long array copies
  213 checkcast array copies
  142 find exception handler
  135 rethrow handler
AdapterHandlerTable: empty 154 longest 3 total 185 average 1.330935
AdapterHandlerTable: lookups 9193 buckets 9598 equals 8733 hits 8733 compact 8733
</statistics>
<statistics type='nmethod'>
Statistics for 128 native nmethods:
 N. total size  = 124240
 N. relocation  = 10496
 N. main code   = 73104
Statistics for 1761 bytecoded nmethods:
 total in heap  = 3923712
 relocation     = 207520
 constants      = 4224
 main code      = 1428416
 stub code      = 111424
 oops           = 4944
 scopes data    = 456120
 scopes pcs     = 898928
 dependencies   = 15312
 handler table  = 152552
 nul chk table  = 27464
Debug Data Chunks: 106121, shared 14927+31699, non-SP&apos;s elided 487
PcDesc Statistics:  7780 queries, 8.52 comparisons per query
  caches=1761 queries=7780/0, hits=0+1792, tests=28208+38061, adds=5988
</statistics>
<statistics type='opto'>
--- Compiler Statistics ---
Methods seen: 6083  Methods parsed: 6083  Nodes created: 1392967
Blocks parsed: 17228  Blocks seen: 18751
22375 original NULL checks - 16770 elided (74%); optimizer leaves 6155,
2554 made implicit (41%)
CCP: 1761  constants found: 11
Total frameslots = 11492, Max frameslots = 64
Inserted 0 spill loads, 0 spill stores, 0 mem-mem moves and 0 copies.
Total load cost=      0, store cost =      0, mem-mem cost =  0.00, copy cost =     0.
Adjusted spill cost =       0.
Conservatively coalesced 18478 copies, 0 pairs, 25916 post alloc.
Used cisc instruction  986,  remained in register 6797
Average allocation trips 1.736635
High Pressure Blocks = 0, Low Pressure Blocks = 0
Nops added 0 bytes to total of 1401378 bytes, for 0.00%
Peephole: peephole rules applied: 0
PhaseIdealLoop=5727, sum _unique=2973163
</statistics>
<statistics type='intrinsic'>
Compiler intrinsic usage:
    29 ( 4.8%) _hashCode (worked,virtual,nonvirtual)
    61 (10.0%) _getClass (worked)
    35 ( 5.7%) _clone (worked)
    34 ( 5.6%) _min (worked)
    16 ( 2.6%) _max (worked)
     1 ( 0.2%) _floatToRawIntBits (worked)
     1 ( 0.2%) _numberOfLeadingZeros_i (worked)
     5 ( 0.8%) _identityHashCode (worked)
     3 ( 0.5%) _currentTimeMillis (worked)
     7 ( 1.1%) _nanoTime (worked)
    51 ( 8.4%) _arraycopy (worked)
     3 ( 0.5%) _isInterrupted (worked)
    15 ( 2.5%) _currentThread (worked)
    22 ( 3.6%) _isAssignableFrom (worked)
     2 ( 0.3%) _isInstance (worked)
    11 ( 1.8%) _getModifiers (worked)
    27 ( 4.4%) _isInterface (worked)
    26 ( 4.3%) _isArray (worked)
    43 ( 7.0%) _isPrimitive (worked)
    13 ( 2.1%) _getSuperclass (worked)
    10 ( 1.6%) _getComponentType (worked)
     7 ( 1.1%) _getClassAccessFlags (worked)
    15 ( 2.5%) _getCallerClass (worked,failed)
     4 ( 0.7%) _newArray (worked)
     3 ( 0.5%) _copyOf (worked)
     5 ( 0.8%) _copyOfRange (worked)
     1 ( 0.2%) _equalsC (worked)
    15 ( 2.5%) _indexOf (worked)
    74 (12.1%) _equals (worked)
     0 ( 0.0%) _checkIndex (disabled)
    26 ( 4.3%) _Reference_get (worked)
     2 ( 0.3%) _updateBytesCRC32 (worked)
    12 ( 2.0%) _getObjectVolatile (worked)
     2 ( 0.3%) _getIntVolatile (worked)
     4 ( 0.7%) _putObjectVolatile (worked)
     3 ( 0.5%) _getLong_raw (worked)
     2 ( 0.3%) _putLong_raw (worked)
     5 ( 0.8%) _compareAndSwapObject (worked)
     2 ( 0.3%) _compareAndSwapLong (worked)
    11 ( 1.8%) _compareAndSwapInt (worked)
     2 ( 0.3%) _getAndAddInt (worked)
   610 (100.0%) total (worked,failed,disabled,virtual,nonvirtual)
</statistics>
<writer thread='16899'/>
<destroy_vm stamp='12.638'/>
<tty_done stamp='12.662'/>
</tty>
<hotspot_log_done stamp='12.662'/>
</hotspot_log>
