<?xml version='1.0' encoding='UTF-8'?>
<hotspot_log version='160 1' process='65908' time_ms='1783157346221'>
<vm_version>
<name>
OpenJDK 64-Bit Server VM
</name>
<release>
25.512-b00-fastdebug
</release>
<info>
OpenJDK 64-Bit Server VM (25.512-b00-fastdebug) for bsd-amd64 JRE (1.8.0_512-internal-xiezhaokun_2026_07_04_16_29-b00), built on Jul  4 2026 16:33:53 by &quot;xiezhaokun&quot; with gcc Apple LLVM 16.0.0 (clang-1600.0.26.6)
</info>
</vm_version>
<vm_arguments>
<args>
-Xbatch -XX:CompileThreshold=100 -XX:-TieredCompilation -XX:CICompilerCount=1 -XX:+UnlockDiagnosticVMOptions -XX:CompileCommand=quiet -XX:+StressGCM -XX:+StressLCM -XX:+StressReflectiveCode -XX:+TraceDeoptimization -Drepro.iterations=10000000 -Drepro.seconds=0 -Drepro.clearCacheEvery=257 -Drepro.deoptAfter=3000000 -Drepro.target=advanced 
</args>
<command>
repro.ResolvableTypeC2Repro
</command>
<launcher>
SUN_STANDARD
</launcher>
<properties>
java.vm.specification.name=Java Virtual Machine Specification
java.vm.version=25.512-b00-fastdebug
java.vm.name=OpenJDK 64-Bit Server VM
java.vm.info=mixed mode, sharing
java.ext.dirs=/Users/xiezhaokun/Library/Java/Extensions:/Users/xiezhaokun/workspace/jdk8u-dev/build/codex-fastdebug-x86_64/jdk/lib/ext:/Library/Java/Extensions:/Network/Library/Java/Extensions:/System/Library/Java/Extensions:/usr/lib/java
java.endorsed.dirs=/Users/xiezhaokun/workspace/jdk8u-dev/build/codex-fastdebug-x86_64/jdk/lib/endorsed
sun.boot.library.path=/Users/xiezhaokun/workspace/jdk8u-dev/build/codex-fastdebug-x86_64/jdk/lib
java.library.path=/Users/xiezhaokun/Library/Java/Extensions:/Library/Java/Extensions:/Network/Library/Java/Extensions:/System/Library/Java/Extensions:/usr/lib/java:.
java.home=/Users/xiezhaokun/workspace/jdk8u-dev/build/codex-fastdebug-x86_64/jdk
java.class.path=/Users/xiezhaokun/workspace/jdk8u-dev/repro/spring-resolvabletype-c2/target/classes:/Users/xiezhaokun/workspace/jdk8u-dev/repro/spring-resolvabletype-c2/target/dependency/spring-core-5.3.31.jar:/Users/xiezhaokun/workspace/jdk8u-dev/repro/spring-resolvabletype-c2/target/dependency/spring-jcl-5.3.31.jar
sun.boot.class.path=/Users/xiezhaokun/workspace/jdk8u-dev/build/codex-fastdebug-x86_64/jdk/lib/resources.jar:/Users/xiezhaokun/workspace/jdk8u-dev/build/codex-fastdebug-x86_64/jdk/lib/rt.jar:/Users/xiezhaokun/workspace/jdk8u-dev/build/codex-fastdebug-x86_64/jdk/lib/sunrsasign.jar:/Users/xiezhaokun/workspace/jdk8u-dev/build/codex-fastdebug-x86_64/jdk/lib/jsse.jar:/Users/xiezhaokun/workspace/jdk8u-dev/build/codex-fastdebug-x86_64/jdk/lib/jce.jar:/Users/xiezhaokun/workspace/jdk8u-dev/build/codex-fastdebug-x86_64/jdk/lib/charsets.jar:/Users/xiezhaokun/workspace/jdk8u-dev/build/codex-fastdebug-x86_64/jdk/lib/jfr.jar:/Users/xiezhaokun/workspace/jdk8u-dev/build/codex-fastdebug-x86_64/jdk/classes
java.vm.specification.vendor=Oracle Corporation
java.vm.specification.version=1.8
java.vm.vendor=Oracle Corporation
repro.iterations=10000000
repro.seconds=0
repro.clearCacheEvery=257
repro.deoptAfter=3000000
repro.target=advanced
sun.java.command=repro.ResolvableTypeC2Repro
sun.java.launcher=SUN_STANDARD
</properties>
</vm_arguments>
<tty>
<blob name='MethodHandlesAdapterBlob' size='182000'>
<sect index='1' size='182000' free='177710'/>
</blob>
<writer thread='8963'/>
<uncommon_trap thread='8963' reason='unstable_if' action='reinterpret' compile_id='2' compiler='C2' stamp='0.328'>
Uncommon trap occurred in java.lang.String::equals (@0x0000000111c7a784) thread=8963 reason=unstable_if action=reinterpret unloaded_class_index=-1
<jvms bci='66' method='java/lang/String equals (Ljava/lang/Object;)Z' bytes='81' count='50' backedge_count='50' iicount='251'/>
</uncommon_trap>
DEOPT PACKING thread 0x00007f7bf000c800 Compiled frame (sp=0x00000003062b8f20 unextended sp=0x00000003062b8f20, fp=0x0000000000000000, real_fp=0x00000003062b8f60, pc=0x0000000111c7a784)
     nmethod    328    2             java.lang.String::equals (81 bytes)

     Virtual frames (innermost first):
        0 - frame( sp=0x00000003062b8f20, unextended_sp=0x00000003062b8f20, fp=0x0000000000000000, pc=0x0000000111c7a784)
java.lang.String.equals(String.java:988) - if_icmpeq @ bci 66 
     Created vframeArray 0x00007f7be703f220
DEOPT UNPACKING thread 0x00007f7bf000c800 vframeArray 0x00007f7be703f220 mode 2
     {method} {0x000000010e6b0488} &apos;equals&apos; &apos;(Ljava/lang/Object;)Z&apos; in &apos;java/lang/String&apos; - if_icmpeq @ bci 66 sp = 0x00000003062b8ed8
<dependency_failed type='abstract_with_unique_concrete_subtype' ctxk='java/nio/ByteBuffer' x='java/nio/HeapByteBuffer' witness='java/nio/DirectByteBuffer' stamp='0.354'/>
<uncommon_trap thread='8963' reason='unstable_if' action='reinterpret' compile_id='7' compiler='C2' stamp='0.472'>
Uncommon trap occurred in java.lang.String::replace (@0x0000000111cade30) thread=8963 reason=unstable_if action=reinterpret unloaded_class_index=-1
<jvms bci='26' method='java/lang/String replace (CC)Ljava/lang/String;' bytes='127' count='12' backedge_count='77' iicount='12'/>
</uncommon_trap>
DEOPT PACKING thread 0x00007f7bf000c800 Compiled frame (sp=0x00000003062bb640 unextended sp=0x00000003062bb640, fp=0x000000000000002e, real_fp=0x00000003062bb6b0, pc=0x0000000111cade30)
     nmethod    471    7             java.lang.String::replace (127 bytes)

     Virtual frames (innermost first):
        0 - frame( sp=0x00000003062bb640, unextended_sp=0x00000003062bb640, fp=0x000000000000002e, pc=0x0000000111cade30)
java.lang.String.replace(String.java:2072) - if_icmpge @ bci 26 
     Created vframeArray 0x00007f7be6066620
DEOPT UNPACKING thread 0x00007f7bf000c800 vframeArray 0x00007f7be6066620 mode 2
     {method} {0x000000010e6b27c8} &apos;replace&apos; &apos;(CC)Ljava/lang/String;&apos; in &apos;java/lang/String&apos; - if_icmpge @ bci 26 sp = 0x00000003062bb628
<uncommon_trap thread='8963' reason='loop_limit_check' action='maybe_recompile' compile_id='17' compiler='C2' stamp='0.492'>
Uncommon trap occurred in java.lang.String::equals (@0x0000000111cb55a4) thread=8963 reason=loop_limit_check action=maybe_recompile unloaded_class_index=-1
<jvms bci='56' method='java/lang/String equals (Ljava/lang/Object;)Z' bytes='81' count='33' backedge_count='51' iicount='283' decompiles='1' unstable_if_traps='1'/>
</uncommon_trap>
DEOPT PACKING thread 0x00007f7bf000c800 Compiled frame (sp=0x00000003062baf40 unextended sp=0x00000003062baf40, fp=0x0000000000000000, real_fp=0x00000003062baf80, pc=0x0000000111cb55a4)
     nmethod    492   17             java.lang.String::equals (81 bytes)

     Virtual frames (innermost first):
        0 - frame( sp=0x00000003062baf40, unextended_sp=0x00000003062baf40, fp=0x0000000000000000, pc=0x0000000111cb55a4)
java.lang.String.equals(String.java:988) - aload @ bci 56 
     Created vframeArray 0x00007f7be703f220
DEOPT UNPACKING thread 0x00007f7bf000c800 vframeArray 0x00007f7be703f220 mode 2
     {method} {0x000000010e6b0488} &apos;equals&apos; &apos;(Ljava/lang/Object;)Z&apos; in &apos;java/lang/String&apos; - aload @ bci 56 sp = 0x00000003062baf08
<uncommon_trap thread='8963' reason='predicate' action='maybe_recompile' compile_id='29' compiler='C2' stamp='0.550'>
Uncommon trap occurred in sun.net.www.ParseUtil::encodePath (@0x0000000111cbaa20) thread=8963 reason=predicate action=maybe_recompile unloaded_class_index=-1
<jvms bci='36' method='sun/net/www/ParseUtil encodePath (Ljava/lang/String;Z)Ljava/lang/String;' bytes='336' count='7' backedge_count='83' iicount='7'/>
</uncommon_trap>
DEOPT PACKING thread 0x00007f7bf000c800 Compiled frame (sp=0x00000003062ba5d0 unextended sp=0x00000003062ba5d0, fp=0x00000007955eb328, real_fp=0x00000003062ba650, pc=0x0000000111cbaa20)
     nmethod    550   29             sun.net.www.ParseUtil::encodePath (336 bytes)

     Virtual frames (innermost first):
        0 - frame( sp=0x00000003062ba5d0, unextended_sp=0x00000003062ba5d0, fp=0x00000007955eb328, pc=0x0000000111cbaa20)
sun.net.www.ParseUtil.encodePath(ParseUtil.java:111) - aload @ bci 36 
     Created vframeArray 0x00007f7be6066620
DEOPT UNPACKING thread 0x00007f7bf000c800 vframeArray 0x00007f7be6066620 mode 2
     {method} {0x000000010e8876b0} &apos;encodePath&apos; &apos;(Ljava/lang/String;Z)Ljava/lang/String;&apos; in &apos;sun/net/www/ParseUtil&apos; - aload @ bci 36 sp = 0x00000003062ba5c0
<dependency_failed type='leaf_type' ctxk='java/util/concurrent/ConcurrentHashMap$Node' witness='java/util/concurrent/ConcurrentHashMap$ForwardingNode' stamp='0.582'/>
<uncommon_trap thread='8963' reason='unstable_if' action='reinterpret' compile_id='77' compiler='C2' stamp='0.884'>
Uncommon trap occurred in java.util.zip.ZipCoder::getBytes (@0x0000000111cd1200) thread=8963 reason=unstable_if action=reinterpret unloaded_class_index=-1
<jvms bci='4' method='java/util/zip/ZipCoder encoder ()Ljava/nio/charset/CharsetEncoder;' bytes='35' count='50' backedge_count='1' iicount='100'/>
<jvms bci='1' method='java/util/zip/ZipCoder getBytes (Ljava/lang/String;)[B' bytes='192' count='50' backedge_count='1' iicount='100'/>
</uncommon_trap>
DEOPT PACKING thread 0x00007f7bf000c800 Compiled frame (sp=0x00000003062b89d0 unextended sp=0x00000003062b89d0, fp=0x00000003062b8aa8, real_fp=0x00000003062b8a30, pc=0x0000000111cd1200)
     nmethod    884   77             java.util.zip.ZipCoder::getBytes (192 bytes)

     Virtual frames (innermost first):
        0 - frame( sp=0x00000003062b89d0, unextended_sp=0x00000003062b89d0, fp=0x00000003062b8aa8, pc=0x0000000111cd1200)
java.util.zip.ZipCoder.encoder(ZipCoder.java:152) - ifnonnull @ bci 4 
        1 - frame( sp=0x00000003062b89d0, unextended_sp=0x00000003062b89d0, fp=0x00000003062b8aa8, pc=0x0000000111cd1200)
java.util.zip.ZipCoder.getBytes(ZipCoder.java:77) - invokespecial @ bci 1 
     Created vframeArray 0x00007f7bf0047e20
DEOPT UNPACKING thread 0x00007f7bf000c800 vframeArray 0x00007f7bf0047e20 mode 2
     {method} {0x000000010e918098} &apos;getBytes&apos; &apos;(Ljava/lang/String;)[B&apos; in &apos;java/util/zip/ZipCoder&apos; - invokespecial @ bci 1 sp = 0x00000003062b89a0
     {method} {0x000000010e918668} &apos;encoder&apos; &apos;()Ljava/nio/charset/CharsetEncoder;&apos; in &apos;java/util/zip/ZipCoder&apos; - ifnonnull @ bci 4 sp = 0x00000003062b8948
<uncommon_trap thread='8963' reason='class_check' action='maybe_recompile' compile_id='76' compiler='C2' stamp='0.892'>
Uncommon trap occurred in java.net.URL::&lt;init&gt; (@0x0000000111cd470c) thread=8963 reason=class_check action=maybe_recompile unloaded_class_index=-1
<jvms bci='504' method='java/net/URL &lt;init&gt; (Ljava/net/URL;Ljava/lang/String;Ljava/net/URLStreamHandler;)V' bytes='543' count='27' backedge_count='51' iicount='27'/>
</uncommon_trap>
DEOPT PACKING thread 0x00007f7bf000c800 Compiled frame (sp=0x00000003062ba540 unextended sp=0x00000003062ba540, fp=0x00000007956391a8, real_fp=0x00000003062ba5a0, pc=0x0000000111cd470c)
     nmethod    891   76   !         java.net.URL::&lt;init&gt; (543 bytes)

     Virtual frames (innermost first):
        0 - frame( sp=0x00000003062ba540, unextended_sp=0x00000003062ba540, fp=0x00000007956391a8, pc=0x0000000111cd470c)
java.net.URL.&lt;init&gt;(URL.java:640) - invokevirtual @ bci 504 
     Created vframeArray 0x00007f7be6066620
DEOPT UNPACKING thread 0x00007f7bf000c800 vframeArray 0x00007f7be6066620 mode 2
     {method} {0x000000010e753008} &apos;&lt;init&gt;&apos; &apos;(Ljava/net/URL;Ljava/lang/String;Ljava/net/URLStreamHandler;)V&apos; in &apos;java/net/URL&apos; - invokevirtual @ bci 504 sp = 0x00000003062ba4d8
<dependency_failed type='abstract_with_unique_concrete_subtype' ctxk='sun/misc/Resource' x='sun/misc/URLClassPath$FileLoader$1' witness='sun/misc/URLClassPath$JarLoader$2' stamp='0.892'/>
SAVED OOP RESULT 0x0000000795639f58 in thread 0x00007f7bf000c800
DEOPT PACKING thread 0x00007f7bf000c800 Deoptimized frame (sp=0x00000003062ba730 unextended sp=0x00000003062ba730, fp=0x0000000000000001, real_fp=0x00000003062ba780, pc=0x0000000111ce29fc)
     nmethod    895  104             sun.misc.URLClassPath::getResource (83 bytes)

     Virtual frames (innermost first):
        0 - frame( sp=0x00000003062ba730, unextended_sp=0x00000003062ba730, fp=0x0000000000000001, pc=0x0000000111ce29fc)
sun.misc.URLClassPath.getResource(URLClassPath.java:250) - invokevirtual @ bci 62 
     Created vframeArray 0x00007f7bf0047e20
DEOPT UNPACKING thread 0x00007f7bf000c800 vframeArray 0x00007f7bf0047e20 mode 0
     {method} {0x000000010e8cdd78} &apos;getResource&apos; &apos;(Ljava/lang/String;Z)Lsun/misc/Resource;&apos; in &apos;sun/misc/URLClassPath&apos; - invokevirtual @ bci 62 sp = 0x00000003062ba710
<uncommon_trap thread='8963' reason='bimorphic' action='maybe_recompile' compile_id='107' compiler='C2' stamp='0.992'>
Uncommon trap occurred in java.util.HashMap::getNode (@0x0000000111ce01b0) thread=8963 reason=bimorphic action=maybe_recompile unloaded_class_index=-1
<jvms bci='59' method='java/util/HashMap getNode (ILjava/lang/Object;)Ljava/util/HashMap$Node;' bytes='148' count='50' backedge_count='1' iicount='100'/>
</uncommon_trap>
DEOPT PACKING thread 0x00007f7bf000c800 Compiled frame (sp=0x00000003062ba3e0 unextended sp=0x00000003062ba3e0, fp=0x00000000f59c21e1, real_fp=0x00000003062ba420, pc=0x0000000111ce01b0)
     nmethod    992  107             java.util.HashMap::getNode (148 bytes)

     Virtual frames (innermost first):
        0 - frame( sp=0x00000003062ba3e0, unextended_sp=0x00000003062ba3e0, fp=0x00000000f59c21e1, pc=0x0000000111ce01b0)
java.util.HashMap.getNode(HashMap.java:573) - invokevirtual @ bci 59 
     Created vframeArray 0x00007f7be7824820
DEOPT UNPACKING thread 0x00007f7bf000c800 vframeArray 0x00007f7be7824820 mode 2
     {method} {0x000000010e7c0c80} &apos;getNode&apos; &apos;(ILjava/lang/Object;)Ljava/util/HashMap$Node;&apos; in &apos;java/util/HashMap&apos; - invokevirtual @ bci 59 sp = 0x00000003062ba398
<uncommon_trap thread='8963' reason='bimorphic' action='maybe_recompile' compile_id='107' compiler='C2' count='1' state='#7' stamp='0.993'>
Uncommon trap occurred in java.util.HashMap::getNode (@0x0000000111ce01b0) thread=8963 reason=bimorphic action=maybe_recompile unloaded_class_index=-1
<jvms bci='59' method='java/util/HashMap getNode (ILjava/lang/Object;)Ljava/util/HashMap$Node;' bytes='148' count='50' backedge_count='1' iicount='100' bimorphic_traps='1'/>
</uncommon_trap>
DEOPT PACKING thread 0x00007f7bf000c800 Compiled frame (sp=0x00000003062ba3e0 unextended sp=0x00000003062ba3e0, fp=0x000000006499bd24, real_fp=0x00000003062ba420, pc=0x0000000111ce01b0)
     nmethod    993  107             java.util.HashMap::getNode (148 bytes)

     Virtual frames (innermost first):
        0 - frame( sp=0x00000003062ba3e0, unextended_sp=0x00000003062ba3e0, fp=0x000000006499bd24, pc=0x0000000111ce01b0)
java.util.HashMap.getNode(HashMap.java:573) - invokevirtual @ bci 59 
     Created vframeArray 0x00007f7be7027c20
DEOPT UNPACKING thread 0x00007f7bf000c800 vframeArray 0x00007f7be7027c20 mode 2
     {method} {0x000000010e7c0c80} &apos;getNode&apos; &apos;(ILjava/lang/Object;)Ljava/util/HashMap$Node;&apos; in &apos;java/util/HashMap&apos; - invokevirtual @ bci 59 sp = 0x00000003062ba398
<uncommon_trap thread='8963' reason='class_check' action='maybe_recompile' compile_id='76' compiler='C2' count='1' state='class_check' stamp='1.054'>
Uncommon trap occurred in java.net.URL::&lt;init&gt; (@0x0000000111cd470c) thread=8963 reason=class_check action=maybe_recompile unloaded_class_index=-1
<jvms bci='504' method='java/net/URL &lt;init&gt; (Ljava/net/URL;Ljava/lang/String;Ljava/net/URLStreamHandler;)V' bytes='543' count='27' backedge_count='51' iicount='27' class_check_traps='1'/>
</uncommon_trap>
DEOPT PACKING thread 0x00007f7bf000c800 Compiled frame (sp=0x00000003062b9fa0 unextended sp=0x00000003062b9fa0, fp=0x0000000795651e50, real_fp=0x00000003062ba000, pc=0x0000000111cd470c)
     nmethod   1053   76   !         java.net.URL::&lt;init&gt; (543 bytes)

     Virtual frames (innermost first):
        0 - frame( sp=0x00000003062b9fa0, unextended_sp=0x00000003062b9fa0, fp=0x0000000795651e50, pc=0x0000000111cd470c)
java.net.URL.&lt;init&gt;(URL.java:640) - invokevirtual @ bci 504 
     Created vframeArray 0x00007f7bf0047e20
DEOPT UNPACKING thread 0x00007f7bf000c800 vframeArray 0x00007f7bf0047e20 mode 2
     {method} {0x000000010e753008} &apos;&lt;init&gt;&apos; &apos;(Ljava/net/URL;Ljava/lang/String;Ljava/net/URLStreamHandler;)V&apos; in &apos;java/net/URL&apos; - invokevirtual @ bci 504 sp = 0x00000003062b9f38
<uncommon_trap thread='8963' reason='bimorphic' action='maybe_recompile' compile_id='107' compiler='C2' count='2' state='#7' stamp='1.054'>
Uncommon trap occurred in java.util.HashMap::getNode (@0x0000000111ce01b0) thread=8963 reason=bimorphic action=maybe_recompile unloaded_class_index=-1
<jvms bci='59' method='java/util/HashMap getNode (ILjava/lang/Object;)Ljava/util/HashMap$Node;' bytes='148' count='50' backedge_count='1' iicount='100' bimorphic_traps='2'/>
</uncommon_trap>
DEOPT PACKING thread 0x00007f7bf000c800 Compiled frame (sp=0x00000003062b9e50 unextended sp=0x00000003062b9e50, fp=0x00000000f59c21e1, real_fp=0x00000003062b9e90, pc=0x0000000111ce01b0)
     nmethod   1054  107             java.util.HashMap::getNode (148 bytes)

     Virtual frames (innermost first):
        0 - frame( sp=0x00000003062b9e50, unextended_sp=0x00000003062b9e50, fp=0x00000000f59c21e1, pc=0x0000000111ce01b0)
java.util.HashMap.getNode(HashMap.java:573) - invokevirtual @ bci 59 
     Created vframeArray 0x00007f7be6066620
DEOPT UNPACKING thread 0x00007f7bf000c800 vframeArray 0x00007f7be6066620 mode 2
     {method} {0x000000010e7c0c80} &apos;getNode&apos; &apos;(ILjava/lang/Object;)Ljava/util/HashMap$Node;&apos; in &apos;java/util/HashMap&apos; - invokevirtual @ bci 59 sp = 0x00000003062b9e08
<uncommon_trap thread='8963' reason='bimorphic' action='maybe_recompile' compile_id='107' compiler='C2' count='3' state='#7' stamp='1.055'>
Uncommon trap occurred in java.util.HashMap::getNode (@0x0000000111ce01b0) thread=8963 reason=bimorphic action=maybe_recompile unloaded_class_index=-1
<jvms bci='59' method='java/util/HashMap getNode (ILjava/lang/Object;)Ljava/util/HashMap$Node;' bytes='148' count='50' backedge_count='1' iicount='100' bimorphic_traps='3'/>
</uncommon_trap>
DEOPT PACKING thread 0x00007f7bf000c800 Compiled frame (sp=0x00000003062b9e50 unextended sp=0x00000003062b9e50, fp=0x000000006499bd24, real_fp=0x00000003062b9e90, pc=0x0000000111ce01b0)
     nmethod   1054  107             java.util.HashMap::getNode (148 bytes)

     Virtual frames (innermost first):
        0 - frame( sp=0x00000003062b9e50, unextended_sp=0x00000003062b9e50, fp=0x000000006499bd24, pc=0x0000000111ce01b0)
java.util.HashMap.getNode(HashMap.java:573) - invokevirtual @ bci 59 
     Created vframeArray 0x00007f7be6068c20
DEOPT UNPACKING thread 0x00007f7bf000c800 vframeArray 0x00007f7be6068c20 mode 2
     {method} {0x000000010e7c0c80} &apos;getNode&apos; &apos;(ILjava/lang/Object;)Ljava/util/HashMap$Node;&apos; in &apos;java/util/HashMap&apos; - invokevirtual @ bci 59 sp = 0x00000003062b9e08
<uncommon_trap thread='8963' reason='unstable_if' action='reinterpret' compile_id='26' compiler='C2' stamp='1.099'>
Uncommon trap occurred in java.lang.Math::max (@0x0000000111cb27d0) thread=8963 reason=unstable_if action=reinterpret unloaded_class_index=-1
<jvms bci='2' method='java/lang/Math max (II)I' bytes='11' count='50' backedge_count='1' iicount='100'/>
</uncommon_trap>
DEOPT PACKING thread 0x00007f7bf000c800 Compiled frame (sp=0x00000003062bab40 unextended sp=0x00000003062bab40, fp=0x00000003062babd0, real_fp=0x00000003062bab70, pc=0x0000000111cb27d0)
     nmethod   1098   26             java.lang.Math::max (11 bytes)

     Virtual frames (innermost first):
        0 - frame( sp=0x00000003062bab40, unextended_sp=0x00000003062bab40, fp=0x00000003062babd0, pc=0x0000000111cb27d0)
java.lang.Math.max(Math.java:1252) - if_icmplt @ bci 2 
     Created vframeArray 0x00007f7be6066620
DEOPT UNPACKING thread 0x00007f7bf000c800 vframeArray 0x00007f7be6066620 mode 2
     {method} {0x000000010e7cea80} &apos;max&apos; &apos;(II)I&apos; in &apos;java/lang/Math&apos; - if_icmplt @ bci 2 sp = 0x00000003062bab10
<uncommon_trap thread='8963' reason='unstable_if' action='reinterpret' compile_id='149' compiler='C2' stamp='1.141'>
Uncommon trap occurred in java.lang.ClassLoader::loadClass (@0x0000000111cf59ec) thread=8963 reason=unstable_if action=reinterpret unloaded_class_index=-1
<jvms bci='28' method='java/lang/ClassLoader getClassLoadingLock (Ljava/lang/String;)Ljava/lang/Object;' bytes='35' count='50' backedge_count='1' iicount='100'/>
<jvms bci='2' method='java/lang/ClassLoader loadClass (Ljava/lang/String;Z)Ljava/lang/Class;' bytes='122' count='50' backedge_count='1' iicount='100' throwouts='24'/>
</uncommon_trap>
DEOPT PACKING thread 0x00007f7bf000c800 Compiled frame (sp=0x00000003062b8ee0 unextended sp=0x00000003062b8ee0, fp=0x00000007955c4f78, real_fp=0x00000003062b8f50, pc=0x0000000111cf59ec)
     nmethod   1140  149   !         java.lang.ClassLoader::loadClass (122 bytes)

     Virtual frames (innermost first):
        0 - frame( sp=0x00000003062b8ee0, unextended_sp=0x00000003062b8ee0, fp=0x00000007955c4f78, pc=0x0000000111cf59ec)
java.lang.ClassLoader.getClassLoadingLock(ClassLoader.java:458) - ifnonnull @ bci 28 
        1 - frame( sp=0x00000003062b8ee0, unextended_sp=0x00000003062b8ee0, fp=0x00000007955c4f78, pc=0x0000000111cf59ec)
java.lang.ClassLoader.loadClass(ClassLoader.java:398) - invokevirtual @ bci 2 
     Created vframeArray 0x00007f7bf0047e20
DEOPT UNPACKING thread 0x00007f7bf000c800 vframeArray 0x00007f7bf0047e20 mode 2
     {method} {0x000000010e6c3d60} &apos;loadClass&apos; &apos;(Ljava/lang/String;Z)Ljava/lang/Class;&apos; in &apos;java/lang/ClassLoader&apos; - invokevirtual @ bci 2 sp = 0x00000003062b8ea8
     {method} {0x000000010e6c3e58} &apos;getClassLoadingLock&apos; &apos;(Ljava/lang/String;)Ljava/lang/Object;&apos; in &apos;java/lang/ClassLoader&apos; - ifnonnull @ bci 28 sp = 0x00000003062b8e50
<uncommon_trap thread='8963' reason='unstable_if' action='reinterpret' compile_id='173' compiler='C2' stamp='1.308'>
Uncommon trap occurred in java.lang.invoke.MemberName::isInvocable (@0x0000000111cff688) thread=8963 reason=unstable_if action=reinterpret unloaded_class_index=-1
<jvms bci='6' method='java/lang/invoke/MemberName testAnyFlags (I)Z' bytes='15' count='50' backedge_count='1' iicount='100'/>
<jvms bci='3' method='java/lang/invoke/MemberName isInvocable ()Z' bytes='7' count='50' backedge_count='1' iicount='100'/>
</uncommon_trap>
DEOPT PACKING thread 0x00007f7bf000c800 Compiled frame (sp=0x00000003062b8fb0 unextended sp=0x00000003062b8fb0, fp=0x0000000000000001, real_fp=0x00000003062b8fd0, pc=0x0000000111cff688)
     nmethod   1307  173             java.lang.invoke.MemberName::isInvocable (7 bytes)

     Virtual frames (innermost first):
        0 - frame( sp=0x00000003062b8fb0, unextended_sp=0x00000003062b8fb0, fp=0x0000000000000001, pc=0x0000000111cff688)
java.lang.invoke.MemberName.testAnyFlags(MemberName.java:340) - ifne @ bci 6 
        1 - frame( sp=0x00000003062b8fb0, unextended_sp=0x00000003062b8fb0, fp=0x0000000000000001, pc=0x0000000111cff688)
java.lang.invoke.MemberName.isInvocable(MemberName.java:443) - invokespecial @ bci 3 
     Created vframeArray 0x00007f7be6076620
DEOPT UNPACKING thread 0x00007f7bf000c800 vframeArray 0x00007f7be6076620 mode 2
     {method} {0x000000010e7165c8} &apos;isInvocable&apos; &apos;()Z&apos; in &apos;java/lang/invoke/MemberName&apos; - invokespecial @ bci 3 sp = 0x00000003062b8f70
     {method} {0x000000010e715a58} &apos;testAnyFlags&apos; &apos;(I)Z&apos; in &apos;java/lang/invoke/MemberName&apos; - ifne @ bci 6 sp = 0x00000003062b8f18
<uncommon_trap thread='8963' reason='unstable_if' action='reinterpret' compile_id='174' compiler='C2' count='1' state='intrinsic recompiled' stamp='1.308'>
Uncommon trap occurred in java.lang.invoke.MemberName::testAnyFlags (@0x0000000111cff380) thread=8963 reason=unstable_if action=reinterpret unloaded_class_index=-1
<jvms bci='6' method='java/lang/invoke/MemberName testAnyFlags (I)Z' bytes='15' count='1' backedge_count='1' iicount='100' unstable_if_traps='1'/>
</uncommon_trap>
DEOPT PACKING thread 0x00007f7bf000c800 Compiled frame (sp=0x00000003062b8ee0 unextended sp=0x00000003062b8ee0, fp=0x0000000000000001, real_fp=0x00000003062b8f00, pc=0x0000000111cff380)
     nmethod   1308  174             java.lang.invoke.MemberName::testAnyFlags (15 bytes)

     Virtual frames (innermost first):
        0 - frame( sp=0x00000003062b8ee0, unextended_sp=0x00000003062b8ee0, fp=0x0000000000000001, pc=0x0000000111cff380)
java.lang.invoke.MemberName.testAnyFlags(MemberName.java:340) - ifne @ bci 6 
     Created vframeArray 0x00007f7be6077a20
DEOPT UNPACKING thread 0x00007f7bf000c800 vframeArray 0x00007f7be6077a20 mode 2
     {method} {0x000000010e715a58} &apos;testAnyFlags&apos; &apos;(I)Z&apos; in &apos;java/lang/invoke/MemberName&apos; - ifne @ bci 6 sp = 0x00000003062b8ea8
<uncommon_trap thread='8963' reason='unstable_if' action='reinterpret' compile_id='208' compiler='C2' stamp='1.488'>
Uncommon trap occurred in java.util.SubList$1::hasNext (@0x0000000111d0b934) thread=8963 reason=unstable_if action=reinterpret unloaded_class_index=-1
<jvms bci='11' method='java/util/SubList$1 hasNext ()Z' bytes='20' count='50' backedge_count='1' iicount='100'/>
</uncommon_trap>
DEOPT PACKING thread 0x00007f7bf000c800 Compiled frame (sp=0x00000003062ba8a0 unextended sp=0x00000003062ba8a0, fp=0x0000000000000048, real_fp=0x00000003062ba8d0, pc=0x0000000111d0b934)
     nmethod   1487  208             java.util.SubList$1::hasNext (20 bytes)

     Virtual frames (innermost first):
        0 - frame( sp=0x00000003062ba8a0, unextended_sp=0x00000003062ba8a0, fp=0x0000000000000048, pc=0x0000000111d0b934)
java.util.SubList$1.hasNext(AbstractList.java:702) - if_icmpge @ bci 11 
     Created vframeArray 0x00007f7be7027c20
DEOPT UNPACKING thread 0x00007f7bf000c800 vframeArray 0x00007f7be7027c20 mode 2
     {method} {0x000000010ea60e60} &apos;hasNext&apos; &apos;()Z&apos; in &apos;java/util/SubList$1&apos; - if_icmpge @ bci 11 sp = 0x00000003062ba870
<uncommon_trap thread='8963' reason='unstable_if' action='reinterpret' compile_id='194' compiler='C2' stamp='1.489'>
Uncommon trap occurred in java.lang.invoke.MemberName::getMethodType (@0x0000000111d0875c) thread=8963 reason=unstable_if action=reinterpret unloaded_class_index=-1
<jvms bci='4' method='java/lang/invoke/MemberName getMethodType ()Ljava/lang/invoke/MethodType;' bytes='208' count='50' backedge_count='1' iicount='100'/>
</uncommon_trap>
DEOPT PACKING thread 0x00007f7bf000c800 Compiled frame (sp=0x00000003062baac0 unextended sp=0x00000003062baac0, fp=0x00000007956a02e0, real_fp=0x00000003062bab00, pc=0x0000000111d0875c)
     nmethod   1488  194   !         java.lang.invoke.MemberName::getMethodType (208 bytes)

     Virtual frames (innermost first):
        0 - frame( sp=0x00000003062baac0, unextended_sp=0x00000003062baac0, fp=0x00000007956a02e0, pc=0x0000000111d0875c)
java.lang.invoke.MemberName.getMethodType(MemberName.java:122) - ifnonnull @ bci 4 
     Created vframeArray 0x00007f7bf0047e20
DEOPT UNPACKING thread 0x00007f7bf000c800 vframeArray 0x00007f7bf0047e20 mode 2
     {method} {0x000000010e7148a8} &apos;getMethodType&apos; &apos;()Ljava/lang/invoke/MethodType;&apos; in &apos;java/lang/invoke/MemberName&apos; - ifnonnull @ bci 4 sp = 0x00000003062baa78
<uncommon_trap thread='8963' reason='unstable_if' action='reinterpret' compile_id='150' compiler='C2' count='1' state='intrinsic recompiled' stamp='1.490'>
Uncommon trap occurred in java.lang.ClassLoader::getClassLoadingLock (@0x0000000111cf03b4) thread=8963 reason=unstable_if action=reinterpret unloaded_class_index=-1
<jvms bci='28' method='java/lang/ClassLoader getClassLoadingLock (Ljava/lang/String;)Ljava/lang/Object;' bytes='35' count='1' backedge_count='1' iicount='100' unstable_if_traps='1'/>
</uncommon_trap>
DEOPT PACKING thread 0x00007f7bf000c800 Compiled frame (sp=0x00000003062ba6b0 unextended sp=0x00000003062ba6b0, fp=0x00000007956a27f8, real_fp=0x00000003062ba6f0, pc=0x0000000111cf03b4)
     nmethod   1490  150             java.lang.ClassLoader::getClassLoadingLock (35 bytes)

     Virtual frames (innermost first):
        0 - frame( sp=0x00000003062ba6b0, unextended_sp=0x00000003062ba6b0, fp=0x00000007956a27f8, pc=0x0000000111cf03b4)
java.lang.ClassLoader.getClassLoadingLock(ClassLoader.java:458) - ifnonnull @ bci 28 
     Created vframeArray 0x00007f7be7027c20
DEOPT UNPACKING thread 0x00007f7bf000c800 vframeArray 0x00007f7be7027c20 mode 2
     {method} {0x000000010e6c3e58} &apos;getClassLoadingLock&apos; &apos;(Ljava/lang/String;)Ljava/lang/Object;&apos; in &apos;java/lang/ClassLoader&apos; - ifnonnull @ bci 28 sp = 0x00000003062ba688
<uncommon_trap thread='8963' reason='class_check' action='maybe_recompile' compile_id='192' compiler='C2' stamp='1.657'>
Uncommon trap occurred in java.util.concurrent.ConcurrentHashMap::get (@0x0000000111d06ccc) thread=8963 reason=class_check action=maybe_recompile unloaded_class_index=-1
<jvms bci='1' method='java/util/concurrent/ConcurrentHashMap get (Ljava/lang/Object;)Ljava/lang/Object;' bytes='162' count='50' backedge_count='5' iicount='95'/>
</uncommon_trap>
DEOPT PACKING thread 0x00007f7bf000c800 Compiled frame (sp=0x00000003062bba70 unextended sp=0x00000003062bba70, fp=0x00000007956655e8, real_fp=0x00000003062bbab0, pc=0x0000000111d06ccc)
     nmethod   1657  192             java.util.concurrent.ConcurrentHashMap::get (162 bytes)

     Virtual frames (innermost first):
        0 - frame( sp=0x00000003062bba70, unextended_sp=0x00000003062bba70, fp=0x00000007956655e8, pc=0x0000000111d06ccc)
java.util.concurrent.ConcurrentHashMap.get(ConcurrentHashMap.java:936) - invokevirtual @ bci 1 
     Created vframeArray 0x00007f7bf0047e20
DEOPT UNPACKING thread 0x00007f7bf000c800 vframeArray 0x00007f7bf0047e20 mode 2
     {method} {0x000000010e8a3c88} &apos;get&apos; &apos;(Ljava/lang/Object;)Ljava/lang/Object;&apos; in &apos;java/util/concurrent/ConcurrentHashMap&apos; - invokevirtual @ bci 1 sp = 0x00000003062bba20
<uncommon_trap thread='8963' reason='unstable_if' action='reinterpret' compile_id='143' compiler='C2' stamp='1.658'>
Uncommon trap occurred in java.lang.Class::getClassLoader (@0x0000000111ce4f74) thread=8963 reason=unstable_if action=reinterpret unloaded_class_index=-1
<jvms bci='6' method='java/lang/Class getClassLoader ()Ljava/lang/ClassLoader;' bytes='28' count='50' backedge_count='1' iicount='100'/>
</uncommon_trap>
DEOPT PACKING thread 0x00007f7bf000c800 Compiled frame (sp=0x00000003062bb7b0 unextended sp=0x00000003062bb7b0, fp=0x00000003062bb838, real_fp=0x00000003062bb7e0, pc=0x0000000111ce4f74)
     nmethod   1657  143             java.lang.Class::getClassLoader (28 bytes)

     Virtual frames (innermost first):
        0 - frame( sp=0x00000003062bb7b0, unextended_sp=0x00000003062bb7b0, fp=0x00000003062bb838, pc=0x0000000111ce4f74)
java.lang.Class.getClassLoader(Class.java:679) - ifnonnull @ bci 6 
     Created vframeArray 0x00007f7bf0048e20
DEOPT UNPACKING thread 0x00007f7bf000c800 vframeArray 0x00007f7bf0048e20 mode 2
     {method} {0x000000010e6ba320} &apos;getClassLoader&apos; &apos;()Ljava/lang/ClassLoader;&apos; in &apos;java/lang/Class&apos; - ifnonnull @ bci 6 sp = 0x00000003062bb778
<uncommon_trap thread='8963' reason='unstable_if' action='reinterpret' compile_id='163' compiler='C2' count='1' state='intrinsic recompiled' stamp='1.659'>
Uncommon trap occurred in sun.invoke.util.VerifyAccess::isSamePackage (@0x0000000111cf845c) thread=8963 reason=unstable_if action=reinterpret unloaded_class_index=-1
<jvms bci='6' method='java/lang/Class getClassLoader ()Ljava/lang/ClassLoader;' bytes='28' count='1' backedge_count='1' iicount='100' decompiles='1' unstable_if_traps='1'/>
<jvms bci='40' method='sun/invoke/util/VerifyAccess isSamePackage (Ljava/lang/Class;Ljava/lang/Class;)Z' bytes='114' count='8' backedge_count='66' iicount='8'/>
</uncommon_trap>
DEOPT PACKING thread 0x00007f7bf000c800 Compiled frame (sp=0x00000003062bb770 unextended sp=0x00000003062bb770, fp=0x0000000795582920, real_fp=0x00000003062bb7c0, pc=0x0000000111cf845c)
     nmethod   1658  163             sun.invoke.util.VerifyAccess::isSamePackage (114 bytes)

     Virtual frames (innermost first):
        0 - frame( sp=0x00000003062bb770, unextended_sp=0x00000003062bb770, fp=0x0000000795582920, pc=0x0000000111cf845c)
java.lang.Class.getClassLoader(Class.java:679) - ifnonnull @ bci 6 
        1 - frame( sp=0x00000003062bb770, unextended_sp=0x00000003062bb770, fp=0x0000000795582920, pc=0x0000000111cf845c)
sun.invoke.util.VerifyAccess.isSamePackage(VerifyAccess.java:275) - invokevirtual @ bci 40 
     Created vframeArray 0x00007f7be7027c20
DEOPT UNPACKING thread 0x00007f7bf000c800 vframeArray 0x00007f7be7027c20 mode 2
     {method} {0x000000010e9e0608} &apos;isSamePackage&apos; &apos;(Ljava/lang/Class;Ljava/lang/Class;)Z&apos; in &apos;sun/invoke/util/VerifyAccess&apos; - invokevirtual @ bci 40 sp = 0x00000003062bb730
     {method} {0x000000010e6ba320} &apos;getClassLoader&apos; &apos;()Ljava/lang/ClassLoader;&apos; in &apos;java/lang/Class&apos; - ifnonnull @ bci 6 sp = 0x00000003062bb6d8
<uncommon_trap thread='8963' reason='loop_limit_check' action='maybe_recompile' compile_id='331' compiler='C2' stamp='2.178'>
Uncommon trap occurred in java.lang.invoke.LambdaForm::shortenSignature (@0x0000000111d4f2e0) thread=8963 reason=loop_limit_check action=maybe_recompile unloaded_class_index=-1
<jvms bci='97' method='java/lang/invoke/LambdaForm shortenSignature (Ljava/lang/String;)Ljava/lang/String;' bytes='166' count='17' backedge_count='60' iicount='17'/>
</uncommon_trap>
DEOPT PACKING thread 0x00007f7bf000c800 Compiled frame (sp=0x00000003062b9b60 unextended sp=0x00000003062b9b60, fp=0x0000000795790f88, real_fp=0x00000003062b9be0, pc=0x0000000111d4f2e0)
     nmethod   2178  331             java.lang.invoke.LambdaForm::shortenSignature (166 bytes)

     Virtual frames (innermost first):
        0 - frame( sp=0x00000003062b9b60, unextended_sp=0x00000003062b9b60, fp=0x0000000795790f88, pc=0x0000000111d4f2e0)
java.lang.invoke.LambdaForm.shortenSignature(LambdaForm.java:1360) - aload @ bci 97 
     Created vframeArray 0x00007f7be784b020
DEOPT UNPACKING thread 0x00007f7bf000c800 vframeArray 0x00007f7be784b020 mode 2
     {method} {0x000000010e7245d8} &apos;shortenSignature&apos; &apos;(Ljava/lang/String;)Ljava/lang/String;&apos; in &apos;java/lang/invoke/LambdaForm&apos; - aload @ bci 97 sp = 0x00000003062b9b48
<uncommon_trap thread='8963' reason='unstable_if' action='reinterpret' compile_id='306' compiler='C2' stamp='2.214'>
Uncommon trap occurred in jdk.internal.org.objectweb.asm.ByteVector::enlarge (@0x0000000111d3e930) thread=8963 reason=unstable_if action=reinterpret unloaded_class_index=-1
<jvms bci='17' method='jdk/internal/org/objectweb/asm/ByteVector enlarge (I)V' bytes='51' count='51' backedge_count='1' iicount='101'/>
</uncommon_trap>
DEOPT PACKING thread 0x00007f7bf000c800 Compiled frame (sp=0x00000003062b94e0 unextended sp=0x00000003062b94e0, fp=0x0000000000000108, real_fp=0x00000003062b9530, pc=0x0000000111d3e930)
     nmethod   2214  306             jdk.internal.org.objectweb.asm.ByteVector::enlarge (51 bytes)

     Virtual frames (innermost first):
        0 - frame( sp=0x00000003062b94e0, unextended_sp=0x00000003062b94e0, fp=0x0000000000000108, pc=0x0000000111d3e930)
jdk.internal.org.objectweb.asm.ByteVector.enlarge(ByteVector.java:364) - if_icmple @ bci 17 
     Created vframeArray 0x00007f7be784b820
DEOPT UNPACKING thread 0x00007f7bf000c800 vframeArray 0x00007f7be784b820 mode 2
     {method} {0x000000010ea22200} &apos;enlarge&apos; &apos;(I)V&apos; in &apos;jdk/internal/org/objectweb/asm/ByteVector&apos; - if_icmple @ bci 17 sp = 0x00000003062b94a8
<uncommon_trap thread='8963' reason='unstable_if' action='reinterpret' compile_id='187' compiler='C2' stamp='2.214'>
Uncommon trap occurred in jdk.internal.org.objectweb.asm.ByteVector::putByte (@0x0000000111d03148) thread=8963 reason=unstable_if action=reinterpret unloaded_class_index=-1
<jvms bci='13' method='jdk/internal/org/objectweb/asm/ByteVector putByte (I)Ljdk/internal/org/objectweb/asm/ByteVector;' bytes='39' count='50' backedge_count='1' iicount='100'/>
</uncommon_trap>
DEOPT PACKING thread 0x00007f7bf000c800 Compiled frame (sp=0x00000003062b9680 unextended sp=0x00000003062b9680, fp=0x000000079579b930, real_fp=0x00000003062b96c0, pc=0x0000000111d03148)
     nmethod   2214  187             jdk.internal.org.objectweb.asm.ByteVector::putByte (39 bytes)

     Virtual frames (innermost first):
        0 - frame( sp=0x00000003062b9680, unextended_sp=0x00000003062b9680, fp=0x000000079579b930, pc=0x0000000111d03148)
jdk.internal.org.objectweb.asm.ByteVector.putByte(ByteVector.java:108) - if_icmple @ bci 13 
     Created vframeArray 0x00007f7be7027c20
DEOPT UNPACKING thread 0x00007f7bf000c800 vframeArray 0x00007f7be7027c20 mode 2
     {method} {0x000000010ea215a8} &apos;putByte&apos; &apos;(I)Ljdk/internal/org/objectweb/asm/ByteVector;&apos; in &apos;jdk/internal/org/objectweb/asm/ByteVector&apos; - if_icmple @ bci 13 sp = 0x00000003062b9648
<uncommon_trap thread='8963' reason='loop_limit_check' action='maybe_recompile' compile_id='353' compiler='C2' stamp='2.256'>
Uncommon trap occurred in java.lang.invoke.LambdaForm$Name::useCount (@0x0000000111d56e80) thread=8963 reason=loop_limit_check action=maybe_recompile unloaded_class_index=-1
<jvms bci='24' method='java/lang/invoke/LambdaForm$Name useCount (Ljava/lang/invoke/LambdaForm$Name;)I' bytes='42' count='27' backedge_count='51' iicount='27'/>
</uncommon_trap>
DEOPT PACKING thread 0x00007f7bf000c800 Compiled frame (sp=0x00000003062b99b0 unextended sp=0x00000003062b99b0, fp=0x000000079579a948, real_fp=0x00000003062b99f0, pc=0x0000000111d56e80)
     nmethod   2256  353             java.lang.invoke.LambdaForm$Name::useCount (42 bytes)

     Virtual frames (innermost first):
        0 - frame( sp=0x00000003062b99b0, unextended_sp=0x00000003062b99b0, fp=0x000000079579a948, pc=0x0000000111d56e80)
java.lang.invoke.LambdaForm$Name.useCount(LambdaForm.java:1582) - fast_aaccess_0 @ bci 24 
     Created vframeArray 0x00007f7be784b820
DEOPT UNPACKING thread 0x00007f7bf000c800 vframeArray 0x00007f7be784b820 mode 2
     {method} {0x000000010e9f2cb8} &apos;useCount&apos; &apos;(Ljava/lang/invoke/LambdaForm$Name;)I&apos; in &apos;java/lang/invoke/LambdaForm$Name&apos; - aload_0 @ bci 24 sp = 0x00000003062b9990
<uncommon_trap thread='8963' reason='unstable_if' action='reinterpret' compile_id='272' compiler='C2' stamp='2.376'>
Uncommon trap occurred in java.lang.invoke.LambdaForm::argument (@0x0000000111d2f95c) thread=8963 reason=unstable_if action=reinterpret unloaded_class_index=-1
<jvms bci='3' method='java/lang/invoke/LambdaForm argument (ILjava/lang/invoke/LambdaForm$BasicType;)Ljava/lang/invoke/LambdaForm$Name;' bytes='27' count='50' backedge_count='1' iicount='100'/>
</uncommon_trap>
DEOPT PACKING thread 0x00007f7bf000c800 Compiled frame (sp=0x00000003062b9850 unextended sp=0x00000003062b9850, fp=0x000000000000000b, real_fp=0x00000003062b9880, pc=0x0000000111d2f95c)
     nmethod   2375  272             java.lang.invoke.LambdaForm::argument (27 bytes)

     Virtual frames (innermost first):
        0 - frame( sp=0x00000003062b9850, unextended_sp=0x00000003062b9850, fp=0x000000000000000b, pc=0x0000000111d2f95c)
java.lang.invoke.LambdaForm.argument(LambdaForm.java:1647) - if_icmplt @ bci 3 
     Created vframeArray 0x00007f7be784b020
DEOPT UNPACKING thread 0x00007f7bf000c800 vframeArray 0x00007f7be784b020 mode 2
     {method} {0x000000010e724a10} &apos;argument&apos; &apos;(ILjava/lang/invoke/LambdaForm$BasicType;)Ljava/lang/invoke/LambdaForm$Name;&apos; in &apos;java/lang/invoke/LambdaForm&apos; - if_icmplt @ bci 3 sp = 0x00000003062b9810
<uncommon_trap thread='8963' reason='unstable_if' action='reinterpret' compile_id='258' compiler='C2' stamp='2.391'>
Uncommon trap occurred in jdk.internal.org.objectweb.asm.Frame::push (@0x0000000111cfc9b0) thread=8963 reason=unstable_if action=reinterpret unloaded_class_index=-1
<jvms bci='26' method='jdk/internal/org/objectweb/asm/Frame push (I)V' bytes='110' count='52' backedge_count='1' iicount='102'/>
</uncommon_trap>
DEOPT PACKING thread 0x00007f7bf000c800 Compiled frame (sp=0x00000003062b9500 unextended sp=0x00000003062b9500, fp=0x000000000000000a, real_fp=0x00000003062b9540, pc=0x0000000111cfc9b0)
     nmethod   2391  258             jdk.internal.org.objectweb.asm.Frame::push (110 bytes)

     Virtual frames (innermost first):
        0 - frame( sp=0x00000003062b9500, unextended_sp=0x00000003062b9500, fp=0x000000000000000a, pc=0x0000000111cfc9b0)
jdk.internal.org.objectweb.asm.Frame.push(Frame.java:610) - if_icmplt @ bci 26 
     Created vframeArray 0x00007f7be705ca20
DEOPT UNPACKING thread 0x00007f7bf000c800 vframeArray 0x00007f7be705ca20 mode 2
     {method} {0x000000010ea36dd0} &apos;push&apos; &apos;(I)V&apos; in &apos;jdk/internal/org/objectweb/asm/Frame&apos; - if_icmplt @ bci 26 sp = 0x00000003062b94c0
<uncommon_trap thread='8963' reason='unstable_if' action='reinterpret' compile_id='368' compiler='C2' stamp='2.407'>
Uncommon trap occurred in java.lang.invoke.MemberName$Factory::resolveOrFail (@0x0000000111d615fc) thread=8963 reason=unstable_if action=reinterpret unloaded_class_index=-1
<jvms bci='4' method='java/lang/invoke/MemberName isResolved ()Z' bytes='13' count='50' backedge_count='1' iicount='100'/>
<jvms bci='11' method='java/lang/invoke/MemberName$Factory resolveOrFail (BLjava/lang/invoke/MemberName;Ljava/lang/Class;Ljava/lang/Class;)Ljava/lang/invoke/MemberName;' bytes='52' count='50' backedge_count='1' iicount='100'/>
</uncommon_trap>
DEOPT PACKING thread 0x00007f7bf000c800 Compiled frame (sp=0x00000003062b9ea0 unextended sp=0x00000003062b9ea0, fp=0x00000000f2afad50, real_fp=0x00000003062b9ed0, pc=0x0000000111d615fc)
     nmethod   2406  368             java.lang.invoke.MemberName$Factory::resolveOrFail (52 bytes)

     Virtual frames (innermost first):
        0 - frame( sp=0x00000003062b9ea0, unextended_sp=0x00000003062b9ea0, fp=0x00000000f2afad50, pc=0x0000000111d615fc)
java.lang.invoke.MemberName.isResolved(MemberName.java:774) - ifnonnull @ bci 4 
        1 - frame( sp=0x00000003062b9ea0, unextended_sp=0x00000003062b9ea0, fp=0x00000000f2afad50, pc=0x0000000111d615fc)
java.lang.invoke.MemberName$Factory.resolveOrFail(MemberName.java:1001) - invokevirtual @ bci 11 
     Created vframeArray 0x00007f7be705de20
DEOPT UNPACKING thread 0x00007f7bf000c800 vframeArray 0x00007f7be705de20 mode 2
     {method} {0x000000010e8eae90} &apos;resolveOrFail&apos; &apos;(BLjava/lang/invoke/MemberName;Ljava/lang/Class;Ljava/lang/Class;)Ljava/lang/invoke/MemberName;&apos; in &apos;java/lang/invoke/MemberName$Factory&apos; - invokevirtual @ bci 11 sp = 0x00000003062b9e68
     {method} {0x000000010e718758} &apos;isResolved&apos; &apos;()Z&apos; in &apos;java/lang/invoke/MemberName&apos; - ifnonnull @ bci 4 sp = 0x00000003062b9e10
<uncommon_trap thread='8963' reason='unstable_if' action='reinterpret' compile_id='244' compiler='C2' count='1' state='intrinsic recompiled' stamp='2.407'>
Uncommon trap occurred in java.lang.invoke.MemberName::isResolved (@0x0000000111d25034) thread=8963 reason=unstable_if action=reinterpret unloaded_class_index=-1
<jvms bci='4' method='java/lang/invoke/MemberName isResolved ()Z' bytes='13' count='1' backedge_count='1' iicount='100' unstable_if_traps='1'/>
</uncommon_trap>
DEOPT PACKING thread 0x00007f7bf000c800 Compiled frame (sp=0x00000003062b9d70 unextended sp=0x00000003062b9d70, fp=0x00000000f2afad50, real_fp=0x00000003062b9d90, pc=0x0000000111d25034)
     nmethod   2407  244             java.lang.invoke.MemberName::isResolved (13 bytes)

     Virtual frames (innermost first):
        0 - frame( sp=0x00000003062b9d70, unextended_sp=0x00000003062b9d70, fp=0x00000000f2afad50, pc=0x0000000111d25034)
java.lang.invoke.MemberName.isResolved(MemberName.java:774) - ifnonnull @ bci 4 
     Created vframeArray 0x00007f7bf0022420
DEOPT UNPACKING thread 0x00007f7bf000c800 vframeArray 0x00007f7bf0022420 mode 2
     {method} {0x000000010e718758} &apos;isResolved&apos; &apos;()Z&apos; in &apos;java/lang/invoke/MemberName&apos; - ifnonnull @ bci 4 sp = 0x00000003062b9d38
<uncommon_trap thread='8963' reason='unstable_if' action='reinterpret' compile_id='391' compiler='C2' stamp='2.409'>
Uncommon trap occurred in java.lang.Class::getSimpleName (@0x0000000111d67674) thread=8963 reason=unstable_if action=reinterpret unloaded_class_index=-1
<jvms bci='4' method='java/lang/Class getSimpleName ()Ljava/lang/String;' bytes='120' count='50' backedge_count='1' iicount='100'/>
</uncommon_trap>
DEOPT PACKING thread 0x00007f7bf000c800 Compiled frame (sp=0x00000003062b9c00 unextended sp=0x00000003062b9c00, fp=0x0000000795584090, real_fp=0x00000003062b9c50, pc=0x0000000111d67674)
     nmethod   2408  391             java.lang.Class::getSimpleName (120 bytes)

     Virtual frames (innermost first):
        0 - frame( sp=0x00000003062b9c00, unextended_sp=0x00000003062b9c00, fp=0x0000000795584090, pc=0x0000000111d67674)
java.lang.Class.getSimpleName(Class.java:1306) - ifeq @ bci 4 
     Created vframeArray 0x00007f7be6085620
DEOPT UNPACKING thread 0x00007f7bf000c800 vframeArray 0x00007f7be6085620 mode 2
     {method} {0x000000010e6bb770} &apos;getSimpleName&apos; &apos;()Ljava/lang/String;&apos; in &apos;java/lang/Class&apos; - ifeq @ bci 4 sp = 0x00000003062b9be0
<uncommon_trap thread='8963' reason='null_check' action='make_not_entrant' compile_id='230' compiler='C2' stamp='2.412'>
Uncommon trap occurred in java.util.ArrayList::add (@0x0000000111d1c5a8) thread=8963 reason=null_check action=make_not_entrant unloaded_class_index=-1
<jvms bci='26' method='java/util/ArrayList add (Ljava/lang/Object;)Z' bytes='29' count='50' backedge_count='1' iicount='100'/>
</uncommon_trap>
DEOPT PACKING thread 0x00007f7bf000c800 Compiled frame (sp=0x00000003062ba030 unextended sp=0x00000003062ba030, fp=0x00000000f2afb008, real_fp=0x00000003062ba060, pc=0x0000000111d1c5a8)
     nmethod   2412  230             java.util.ArrayList::add (29 bytes)

     Virtual frames (innermost first):
        0 - frame( sp=0x00000003062ba030, unextended_sp=0x00000003062ba030, fp=0x00000000f2afb008, pc=0x0000000111d1c5a8)
java.util.ArrayList.add(ArrayList.java:465) - aastore @ bci 26 
     Created vframeArray 0x00007f7be705c420
DEOPT UNPACKING thread 0x00007f7bf000c800 vframeArray 0x00007f7be705c420 mode 2
     {method} {0x000000010e7a2970} &apos;add&apos; &apos;(Ljava/lang/Object;)Z&apos; in &apos;java/util/ArrayList&apos; - aastore @ bci 26 sp = 0x00000003062b9ff8
<uncommon_trap thread='8963' reason='bimorphic' action='maybe_recompile' compile_id='359' compiler='C2' stamp='2.451'>
Uncommon trap occurred in java.lang.invoke.InvokerBytecodeGenerator::generateCustomizedCodeBytes (@0x0000000111d644b4) thread=8963 reason=bimorphic action=maybe_recompile unloaded_class_index=-1
<jvms bci='17' method='java/lang/invoke/LambdaForm$NamedFunction intrinsicName ()Ljava/lang/invoke/MethodHandleImpl$Intrinsic;' bytes='21' count='64' iicount='64'/>
<jvms bci='180' method='java/lang/invoke/InvokerBytecodeGenerator generateCustomizedCodeBytes ()[B' bytes='604' count='40' backedge_count='52' iicount='40'/>
</uncommon_trap>
DEOPT PACKING thread 0x00007f7bf000c800 Compiled frame (sp=0x00000003062b99f0 unextended sp=0x00000003062b99f0, fp=0x00000000f2aee7c5, real_fp=0x00000003062b9a60, pc=0x0000000111d644b4)
     nmethod   2451  359             java.lang.invoke.InvokerBytecodeGenerator::generateCustomizedCodeBytes (604 bytes)

     Virtual frames (innermost first):
        0 - frame( sp=0x00000003062b99f0, unextended_sp=0x00000003062b99f0, fp=0x00000000f2aee7c5, pc=0x0000000111d644b4)
java.lang.invoke.LambdaForm$NamedFunction.intrinsicName(LambdaForm.java:1328) - invokevirtual @ bci 17 
        1 - frame( sp=0x00000003062b99f0, unextended_sp=0x00000003062b99f0, fp=0x00000000f2aee7c5, pc=0x0000000111d644b4)
java.lang.invoke.InvokerBytecodeGenerator.generateCustomizedCodeBytes(InvokerBytecodeGenerator.java:668) - invokevirtual @ bci 180 
     Created vframeArray 0x00007f7be784d220
DEOPT UNPACKING thread 0x00007f7bf000c800 vframeArray 0x00007f7be784d220 mode 2
     {method} {0x000000010ea13a70} &apos;generateCustomizedCodeBytes&apos; &apos;()[B&apos; in &apos;java/lang/invoke/InvokerBytecodeGenerator&apos; - invokevirtual @ bci 180 sp = 0x00000003062b99e0
     {method} {0x000000010e9f7ae8} &apos;intrinsicName&apos; &apos;()Ljava/lang/invoke/MethodHandleImpl$Intrinsic;&apos; in &apos;java/lang/invoke/LambdaForm$NamedFunction&apos; - invokevirtual @ bci 17 sp = 0x00000003062b9988
<uncommon_trap thread='8963' reason='unstable_if' action='reinterpret' compile_id='365' compiler='C2' stamp='2.505'>
Uncommon trap occurred in java.lang.invoke.InvokerBytecodeGenerator::getInternalName (@0x0000000111d52394) thread=8963 reason=unstable_if action=reinterpret unloaded_class_index=-1
<jvms bci='12' method='java/lang/invoke/InvokerBytecodeGenerator getInternalName (Ljava/lang/Class;)Ljava/lang/String;' bytes='75' count='50' backedge_count='1' iicount='100'/>
</uncommon_trap>
DEOPT PACKING thread 0x00007f7bf000c800 Compiled frame (sp=0x00000003062b98b0 unextended sp=0x00000003062b98b0, fp=0x00000003062b9930, real_fp=0x00000003062b98e0, pc=0x0000000111d52394)
     nmethod   2504  365             java.lang.invoke.InvokerBytecodeGenerator::getInternalName (75 bytes)

     Virtual frames (innermost first):
        0 - frame( sp=0x00000003062b98b0, unextended_sp=0x00000003062b98b0, fp=0x00000003062b9930, pc=0x0000000111d52394)
java.lang.invoke.InvokerBytecodeGenerator.getInternalName(InvokerBytecodeGenerator.java:606) - if_acmpne @ bci 12 
     Created vframeArray 0x00007f7bf0022420
DEOPT UNPACKING thread 0x00007f7bf000c800 vframeArray 0x00007f7bf0022420 mode 2
     {method} {0x000000010ea13510} &apos;getInternalName&apos; &apos;(Ljava/lang/Class;)Ljava/lang/String;&apos; in &apos;java/lang/invoke/InvokerBytecodeGenerator&apos; - if_acmpne @ bci 12 sp = 0x00000003062b9880
<uncommon_trap thread='8963' reason='loop_limit_check' action='maybe_recompile' compile_id='429' compiler='C2' stamp='2.516'>
Uncommon trap occurred in java.lang.invoke.LambdaForm::useCount (@0x0000000111d7d130) thread=8963 reason=loop_limit_check action=maybe_recompile unloaded_class_index=-1
<jvms bci='74' method='java/lang/invoke/LambdaForm useCount (Ljava/lang/invoke/LambdaForm$Name;)I' bytes='99' count='50' backedge_count='51' iicount='50'/>
</uncommon_trap>
DEOPT PACKING thread 0x00007f7bf000c800 Compiled frame (sp=0x00000003062b9760 unextended sp=0x00000003062b9760, fp=0x0000000000000000, real_fp=0x00000003062b97a0, pc=0x0000000111d7d130)
     nmethod   2515  429             java.lang.invoke.LambdaForm::useCount (99 bytes)

     Virtual frames (innermost first):
        0 - frame( sp=0x00000003062b9760, unextended_sp=0x00000003062b9760, fp=0x0000000000000000, pc=0x0000000111d7d130)
java.lang.invoke.LambdaForm.useCount(LambdaForm.java:1638) - fast_iload @ bci 74 
     Created vframeArray 0x00007f7be784d220
DEOPT UNPACKING thread 0x00007f7bf000c800 vframeArray 0x00007f7be784d220 mode 2
     {method} {0x000000010e724878} &apos;useCount&apos; &apos;(Ljava/lang/invoke/LambdaForm$Name;)I&apos; in &apos;java/lang/invoke/LambdaForm&apos; - iload @ bci 74 sp = 0x00000003062b9720
<uncommon_trap thread='8963' reason='bimorphic' action='maybe_recompile' compile_id='359' compiler='C2' count='1' state='#7' stamp='2.529'>
Uncommon trap occurred in java.lang.invoke.InvokerBytecodeGenerator::generateCustomizedCodeBytes (@0x0000000111d644b4) thread=8963 reason=bimorphic action=maybe_recompile unloaded_class_index=-1
<jvms bci='17' method='java/lang/invoke/LambdaForm$NamedFunction intrinsicName ()Ljava/lang/invoke/MethodHandleImpl$Intrinsic;' bytes='21' count='66' iicount='66' bimorphic_traps='1'/>
<jvms bci='180' method='java/lang/invoke/InvokerBytecodeGenerator generateCustomizedCodeBytes ()[B' bytes='604' count='40' backedge_count='55' iicount='40'/>
</uncommon_trap>
DEOPT PACKING thread 0x00007f7bf000c800 Compiled frame (sp=0x00000003062baa30 unextended sp=0x00000003062baa30, fp=0x00000000f2aee7c5, real_fp=0x00000003062baaa0, pc=0x0000000111d644b4)
     nmethod   2528  359             java.lang.invoke.InvokerBytecodeGenerator::generateCustomizedCodeBytes (604 bytes)

     Virtual frames (innermost first):
        0 - frame( sp=0x00000003062baa30, unextended_sp=0x00000003062baa30, fp=0x00000000f2aee7c5, pc=0x0000000111d644b4)
java.lang.invoke.LambdaForm$NamedFunction.intrinsicName(LambdaForm.java:1328) - invokevirtual @ bci 17 
        1 - frame( sp=0x00000003062baa30, unextended_sp=0x00000003062baa30, fp=0x00000000f2aee7c5, pc=0x0000000111d644b4)
java.lang.invoke.InvokerBytecodeGenerator.generateCustomizedCodeBytes(InvokerBytecodeGenerator.java:668) - invokevirtual @ bci 180 
     Created vframeArray 0x00007f7bf0022420
DEOPT UNPACKING thread 0x00007f7bf000c800 vframeArray 0x00007f7bf0022420 mode 2
     {method} {0x000000010ea13a70} &apos;generateCustomizedCodeBytes&apos; &apos;()[B&apos; in &apos;java/lang/invoke/InvokerBytecodeGenerator&apos; - invokevirtual @ bci 180 sp = 0x00000003062baa20
     {method} {0x000000010e9f7ae8} &apos;intrinsicName&apos; &apos;()Ljava/lang/invoke/MethodHandleImpl$Intrinsic;&apos; in &apos;java/lang/invoke/LambdaForm$NamedFunction&apos; - invokevirtual @ bci 17 sp = 0x00000003062ba9c8
<uncommon_trap thread='8963' reason='unstable_if' action='reinterpret' compile_id='432' compiler='C2' stamp='2.548'>
Uncommon trap occurred in jdk.internal.org.objectweb.asm.Frame::pop (@0x0000000111d7cae4) thread=8963 reason=unstable_if action=reinterpret unloaded_class_index=-1
<jvms bci='9' method='jdk/internal/org/objectweb/asm/Frame pop (Ljava/lang/String;)V' bytes='53' count='51' backedge_count='1' iicount='101'/>
</uncommon_trap>
DEOPT PACKING thread 0x00007f7bf000c800 Compiled frame (sp=0x00000003062baeb0 unextended sp=0x00000003062baeb0, fp=0x000000000000004c, real_fp=0x00000003062baef0, pc=0x0000000111d7cae4)
     nmethod   2548  432             jdk.internal.org.objectweb.asm.Frame::pop (53 bytes)

     Virtual frames (innermost first):
        0 - frame( sp=0x00000003062baeb0, unextended_sp=0x00000003062baeb0, fp=0x000000000000004c, pc=0x0000000111d7cae4)
jdk.internal.org.objectweb.asm.Frame.pop(Frame.java:760) - if_icmpne @ bci 9 
     Created vframeArray 0x00007f7bf004ac20
DEOPT UNPACKING thread 0x00007f7bf000c800 vframeArray 0x00007f7bf004ac20 mode 2
     {method} {0x000000010ea374a0} &apos;pop&apos; &apos;(Ljava/lang/String;)V&apos; in &apos;jdk/internal/org/objectweb/asm/Frame&apos; - if_icmpne @ bci 9 sp = 0x00000003062bae78
<uncommon_trap thread='8963' reason='unstable_if' action='reinterpret' compile_id='197' compiler='C2' stamp='2.549'>
Uncommon trap occurred in jdk.internal.org.objectweb.asm.ByteVector::put12 (@0x0000000111d0c9a4) thread=8963 reason=unstable_if action=reinterpret unloaded_class_index=-1
<jvms bci='13' method='jdk/internal/org/objectweb/asm/ByteVector put12 (II)Ljdk/internal/org/objectweb/asm/ByteVector;' bytes='64' count='50' backedge_count='1' iicount='100'/>
</uncommon_trap>
DEOPT PACKING thread 0x00007f7bf000c800 Compiled frame (sp=0x00000003062bae50 unextended sp=0x00000003062bae50, fp=0x0000000000000200, real_fp=0x00000003062bae90, pc=0x0000000111d0c9a4)
     nmethod   2549  197             jdk.internal.org.objectweb.asm.ByteVector::put12 (64 bytes)

     Virtual frames (innermost first):
        0 - frame( sp=0x00000003062bae50, unextended_sp=0x00000003062bae50, fp=0x0000000000000200, pc=0x0000000111d0c9a4)
jdk.internal.org.objectweb.asm.ByteVector.put12(ByteVector.java:170) - if_icmple @ bci 13 
     Created vframeArray 0x00007f7be784d220
DEOPT UNPACKING thread 0x00007f7bf000c800 vframeArray 0x00007f7be784d220 mode 2
     {method} {0x000000010ea218f8} &apos;put12&apos; &apos;(II)Ljdk/internal/org/objectweb/asm/ByteVector;&apos; in &apos;jdk/internal/org/objectweb/asm/ByteVector&apos; - if_icmple @ bci 13 sp = 0x00000003062bae08
<uncommon_trap thread='8963' reason='unstable_if' action='reinterpret' compile_id='431' compiler='C2' stamp='2.551'>
Uncommon trap occurred in jdk.internal.org.objectweb.asm.ClassWriter::newMethodItem (@0x0000000111d80c08) thread=8963 reason=unstable_if action=reinterpret unloaded_class_index=-1
<jvms bci='38' method='jdk/internal/org/objectweb/asm/ClassWriter newMethodItem (Ljava/lang/String;Ljava/lang/String;Ljava/lang/String;Z)Ljdk/internal/org/objectweb/asm/Item;' bytes='91' count='50' backedge_count='1' iicount='100'/>
</uncommon_trap>
DEOPT PACKING thread 0x00007f7bf000c800 Compiled frame (sp=0x00000003062baf20 unextended sp=0x00000003062baf20, fp=0x0000000795810260, real_fp=0x00000003062baf70, pc=0x0000000111d80c08)
     nmethod   2550  431             jdk.internal.org.objectweb.asm.ClassWriter::newMethodItem (91 bytes)

     Virtual frames (innermost first):
        0 - frame( sp=0x00000003062baf20, unextended_sp=0x00000003062baf20, fp=0x0000000795810260, pc=0x0000000111d80c08)
jdk.internal.org.objectweb.asm.ClassWriter.newMethodItem(ClassWriter.java:1435) - ifnonnull @ bci 38 
     Created vframeArray 0x00007f7be784ea20
DEOPT UNPACKING thread 0x00007f7bf000c800 vframeArray 0x00007f7be784ea20 mode 2
     {method} {0x000000010ea1d380} &apos;newMethodItem&apos; &apos;(Ljava/lang/String;Ljava/lang/String;Ljava/lang/String;Z)Ljdk/internal/org/objectweb/asm/Item;&apos; in &apos;jdk/internal/org/objectweb/asm/ClassWriter&apos; - ifnonnull @ bci 38 sp = 0x00000003062baee0
<uncommon_trap thread='8963' reason='null_assert' action='make_not_entrant' compile_id='337' compiler='C2' stamp='2.554'>
Uncommon trap occurred in jdk.internal.org.objectweb.asm.ClassWriter::toByteArray (@0x0000000111d5afb0) thread=8963 reason=null_assert action=make_not_entrant unloaded_class_index=-1
<jvms bci='35' method='jdk/internal/org/objectweb/asm/ClassWriter toByteArray ()[B' bytes='1289' count='34' backedge_count='52' iicount='34'/>
</uncommon_trap>
DEOPT PACKING thread 0x00007f7bf000c800 Compiled frame (sp=0x00000003062baf80 unextended sp=0x00000003062baf80, fp=0x0000000795810260, real_fp=0x00000003062bafe0, pc=0x0000000111d5afb0)
     nmethod   2553  337             jdk.internal.org.objectweb.asm.ClassWriter::toByteArray (1289 bytes)

     Virtual frames (innermost first):
        0 - frame( sp=0x00000003062baf80, unextended_sp=0x00000003062baf80, fp=0x0000000795810260, pc=0x0000000111d5afb0)
jdk.internal.org.objectweb.asm.ClassWriter.toByteArray(ClassWriter.java:846) - astore_3 @ bci 35 
     Created vframeArray 0x00007f7be784d220
DEOPT UNPACKING thread 0x00007f7bf000c800 vframeArray 0x00007f7be784d220 mode 2
     {method} {0x000000010ea1c1b0} &apos;toByteArray&apos; &apos;()[B&apos; in &apos;jdk/internal/org/objectweb/asm/ClassWriter&apos; - astore_3 @ bci 35 sp = 0x00000003062baf40
<uncommon_trap thread='8963' reason='unstable_if' action='reinterpret' compile_id='372' compiler='C2' stamp='2.557'>
Uncommon trap occurred in java.lang.invoke.MemberName::checkForTypeAlias (@0x0000000111d66a04) thread=8963 reason=unstable_if action=reinterpret unloaded_class_index=-1
<jvms bci='4' method='java/lang/invoke/MemberName checkForTypeAlias (Ljava/lang/Class;)V' bytes='168' count='50' backedge_count='1' iicount='100'/>
</uncommon_trap>
DEOPT PACKING thread 0x00007f7bf000c800 Compiled frame (sp=0x00000003062baf30 unextended sp=0x00000003062baf30, fp=0x000000079581fca0, real_fp=0x00000003062baf60, pc=0x0000000111d66a04)
     nmethod   2556  372             java.lang.invoke.MemberName::checkForTypeAlias (168 bytes)

     Virtual frames (innermost first):
        0 - frame( sp=0x00000003062baf30, unextended_sp=0x00000003062baf30, fp=0x000000079581fca0, pc=0x0000000111d66a04)
java.lang.invoke.MemberName.checkForTypeAlias(MemberName.java:785) - ifeq @ bci 4 
     Created vframeArray 0x00007f7be784e620
DEOPT UNPACKING thread 0x00007f7bf000c800 vframeArray 0x00007f7be784e620 mode 2
     {method} {0x000000010e7189e8} &apos;checkForTypeAlias&apos; &apos;(Ljava/lang/Class;)V&apos; in &apos;java/lang/invoke/MemberName&apos; - ifeq @ bci 4 sp = 0x00000003062baef0
<dependency_failed type='abstract_with_unique_concrete_subtype' ctxk='java/util/HashMap$HashIterator' x='java/util/HashMap$ValueIterator' witness='java/util/HashMap$EntryIterator' stamp='2.559'/>
<uncommon_trap thread='8963' reason='class_check' action='maybe_recompile' compile_id='193' compiler='C2' stamp='2.560'>
Uncommon trap occurred in java.util.Arrays::equals (@0x0000000111d0626c) thread=8963 reason=class_check action=maybe_recompile unloaded_class_index=-1
<jvms bci='62' method='java/util/Arrays equals ([Ljava/lang/Object;[Ljava/lang/Object;)Z' bytes='78' count='34' backedge_count='52' iicount='34'/>
</uncommon_trap>
DEOPT PACKING thread 0x00007f7bf000c800 Compiled frame (sp=0x00000003062bb4e0 unextended sp=0x00000003062bb4e0, fp=0x00000007957f0528, real_fp=0x00000003062bb520, pc=0x0000000111d0626c)
     nmethod   2560  193             java.util.Arrays::equals (78 bytes)

     Virtual frames (innermost first):
        0 - frame( sp=0x00000003062bb4e0, unextended_sp=0x00000003062bb4e0, fp=0x00000007957f0528, pc=0x0000000111d0626c)
java.util.Arrays.equals(Arrays.java:2829) - invokevirtual @ bci 62 
     Created vframeArray 0x00007f7be784d220
DEOPT UNPACKING thread 0x00007f7bf000c800 vframeArray 0x00007f7be784d220 mode 2
     {method} {0x000000010e7f8de0} &apos;equals&apos; &apos;([Ljava/lang/Object;[Ljava/lang/Object;)Z&apos; in &apos;java/util/Arrays&apos; - invokevirtual @ bci 62 sp = 0x00000003062bb4a0
<uncommon_trap thread='8963' reason='unstable_if' action='reinterpret' compile_id='249' compiler='C2' stamp='2.561'>
Uncommon trap occurred in java.lang.invoke.LambdaForm::normalize (@0x0000000111d2579c) thread=8963 reason=unstable_if action=reinterpret unloaded_class_index=-1
<jvms bci='35' method='java/lang/invoke/LambdaForm normalize ()I' bytes='322' count='19' backedge_count='66' iicount='19'/>
</uncommon_trap>
DEOPT PACKING thread 0x00007f7bf000c800 Compiled frame (sp=0x00000003062bb380 unextended sp=0x00000003062bb380, fp=0x0000000795820ae0, real_fp=0x00000003062bb3d0, pc=0x0000000111d2579c)
     nmethod   2560  249             java.lang.invoke.LambdaForm::normalize (322 bytes)

     Virtual frames (innermost first):
        0 - frame( sp=0x00000003062bb380, unextended_sp=0x00000003062bb380, fp=0x0000000795820ae0, pc=0x0000000111d2579c)
java.lang.invoke.LambdaForm.normalize(LambdaForm.java:412) - ifne @ bci 35 
     Created vframeArray 0x00007f7be6085620
DEOPT UNPACKING thread 0x00007f7bf000c800 vframeArray 0x00007f7be6085620 mode 2
     {method} {0x000000010e720d08} &apos;normalize&apos; &apos;()I&apos; in &apos;java/lang/invoke/LambdaForm&apos; - ifne @ bci 35 sp = 0x00000003062bb338
<uncommon_trap thread='8963' reason='class_check' action='maybe_recompile' compile_id='193' compiler='C2' count='1' state='class_check' stamp='2.621'>
Uncommon trap occurred in java.util.Arrays::equals (@0x0000000111d0626c) thread=8963 reason=class_check action=maybe_recompile unloaded_class_index=-1
<jvms bci='62' method='java/util/Arrays equals ([Ljava/lang/Object;[Ljava/lang/Object;)Z' bytes='78' count='34' backedge_count='53' iicount='34' class_check_traps='1'/>
</uncommon_trap>
DEOPT PACKING thread 0x00007f7bf000c800 Compiled frame (sp=0x00000003062bb5b0 unextended sp=0x00000003062bb5b0, fp=0x000000079580cbe0, real_fp=0x00000003062bb5f0, pc=0x0000000111d0626c)
     nmethod   2621  193             java.util.Arrays::equals (78 bytes)

     Virtual frames (innermost first):
        0 - frame( sp=0x00000003062bb5b0, unextended_sp=0x00000003062bb5b0, fp=0x000000079580cbe0, pc=0x0000000111d0626c)
java.util.Arrays.equals(Arrays.java:2829) - invokevirtual @ bci 62 
     Created vframeArray 0x00007f7be6086a20
DEOPT UNPACKING thread 0x00007f7bf000c800 vframeArray 0x00007f7be6086a20 mode 2
     {method} {0x000000010e7f8de0} &apos;equals&apos; &apos;([Ljava/lang/Object;[Ljava/lang/Object;)Z&apos; in &apos;java/util/Arrays&apos; - invokevirtual @ bci 62 sp = 0x00000003062bb570
<uncommon_trap thread='8963' reason='class_check' action='maybe_recompile' compile_id='193' compiler='C2' count='2' state='class_check' stamp='2.657'>
Uncommon trap occurred in java.util.Arrays::equals (@0x0000000111d0626c) thread=8963 reason=class_check action=maybe_recompile unloaded_class_index=-1
<jvms bci='62' method='java/util/Arrays equals ([Ljava/lang/Object;[Ljava/lang/Object;)Z' bytes='78' count='34' backedge_count='54' iicount='34' class_check_traps='2'/>
</uncommon_trap>
DEOPT PACKING thread 0x00007f7bf000c800 Compiled frame (sp=0x00000003062bb5b0 unextended sp=0x00000003062bb5b0, fp=0x0000000795823720, real_fp=0x00000003062bb5f0, pc=0x0000000111d0626c)
     nmethod   2656  193             java.util.Arrays::equals (78 bytes)

     Virtual frames (innermost first):
        0 - frame( sp=0x00000003062bb5b0, unextended_sp=0x00000003062bb5b0, fp=0x0000000795823720, pc=0x0000000111d0626c)
java.util.Arrays.equals(Arrays.java:2829) - invokevirtual @ bci 62 
     Created vframeArray 0x00007f7be784d220
DEOPT UNPACKING thread 0x00007f7bf000c800 vframeArray 0x00007f7be784d220 mode 2
     {method} {0x000000010e7f8de0} &apos;equals&apos; &apos;([Ljava/lang/Object;[Ljava/lang/Object;)Z&apos; in &apos;java/util/Arrays&apos; - invokevirtual @ bci 62 sp = 0x00000003062bb570
<uncommon_trap thread='8963' reason='class_check' action='maybe_recompile' compile_id='193' compiler='C2' count='3' state='class_check' stamp='2.657'>
Uncommon trap occurred in java.util.Arrays::equals (@0x0000000111d0626c) thread=8963 reason=class_check action=maybe_recompile unloaded_class_index=-1
<jvms bci='62' method='java/util/Arrays equals ([Ljava/lang/Object;[Ljava/lang/Object;)Z' bytes='78' count='34' backedge_count='55' iicount='34' class_check_traps='3'/>
</uncommon_trap>
DEOPT PACKING thread 0x00007f7bf000c800 Compiled frame (sp=0x00000003062bb5b0 unextended sp=0x00000003062bb5b0, fp=0x00000007958239a0, real_fp=0x00000003062bb5f0, pc=0x0000000111d0626c)
     nmethod   2656  193             java.util.Arrays::equals (78 bytes)

     Virtual frames (innermost first):
        0 - frame( sp=0x00000003062bb5b0, unextended_sp=0x00000003062bb5b0, fp=0x00000007958239a0, pc=0x0000000111d0626c)
java.util.Arrays.equals(Arrays.java:2829) - invokevirtual @ bci 62 
     Created vframeArray 0x00007f7be784e620
DEOPT UNPACKING thread 0x00007f7bf000c800 vframeArray 0x00007f7be784e620 mode 2
     {method} {0x000000010e7f8de0} &apos;equals&apos; &apos;([Ljava/lang/Object;[Ljava/lang/Object;)Z&apos; in &apos;java/util/Arrays&apos; - invokevirtual @ bci 62 sp = 0x00000003062bb570
<uncommon_trap thread='8963' reason='unstable_if' action='reinterpret' compile_id='385' compiler='C2' stamp='2.792'>
Uncommon trap occurred in jdk.internal.org.objectweb.asm.ByteVector::put11 (@0x0000000111d6fb44) thread=8963 reason=unstable_if action=reinterpret unloaded_class_index=-1
<jvms bci='13' method='jdk/internal/org/objectweb/asm/ByteVector put11 (II)Ljdk/internal/org/objectweb/asm/ByteVector;' bytes='52' count='51' backedge_count='1' iicount='101'/>
</uncommon_trap>
DEOPT PACKING thread 0x00007f7bf000c800 Compiled frame (sp=0x00000003062bb2e0 unextended sp=0x00000003062bb2e0, fp=0x000000079584f710, real_fp=0x00000003062bb320, pc=0x0000000111d6fb44)
     nmethod   2791  385             jdk.internal.org.objectweb.asm.ByteVector::put11 (52 bytes)

     Virtual frames (innermost first):
        0 - frame( sp=0x00000003062bb2e0, unextended_sp=0x00000003062bb2e0, fp=0x000000079584f710, pc=0x0000000111d6fb44)
jdk.internal.org.objectweb.asm.ByteVector.put11(ByteVector.java:128) - if_icmple @ bci 13 
     Created vframeArray 0x00007f7be784da20
DEOPT UNPACKING thread 0x00007f7bf000c800 vframeArray 0x00007f7be784da20 mode 2
     {method} {0x000000010ea216c0} &apos;put11&apos; &apos;(II)Ljdk/internal/org/objectweb/asm/ByteVector;&apos; in &apos;jdk/internal/org/objectweb/asm/ByteVector&apos; - if_icmple @ bci 13 sp = 0x00000003062bb298
<uncommon_trap thread='8963' reason='unstable_if' action='reinterpret' compile_id='275' compiler='C2' stamp='2.834'>
Uncommon trap occurred in sun.invoke.util.BytecodeDescriptor::unparseSig (@0x0000000111d3685c) thread=8963 reason=unstable_if action=reinterpret unloaded_class_index=-1
<jvms bci='27' method='sun/invoke/util/BytecodeDescriptor unparseSig (Ljava/lang/Class;Ljava/lang/StringBuilder;)V' bytes='75' count='50' backedge_count='1' iicount='100'/>
</uncommon_trap>
DEOPT PACKING thread 0x00007f7bf000c800 Compiled frame (sp=0x00000003062bb190 unextended sp=0x00000003062bb190, fp=0x0000000795584090, real_fp=0x00000003062bb1c0, pc=0x0000000111d3685c)
     nmethod   2834  275             sun.invoke.util.BytecodeDescriptor::unparseSig (75 bytes)

     Virtual frames (innermost first):
        0 - frame( sp=0x00000003062bb190, unextended_sp=0x00000003062bb190, fp=0x0000000795584090, pc=0x0000000111d3685c)
sun.invoke.util.BytecodeDescriptor.unparseSig(BytecodeDescriptor.java:130) - ifne @ bci 27 
     Created vframeArray 0x00007f7bf0022420
DEOPT UNPACKING thread 0x00007f7bf000c800 vframeArray 0x00007f7bf0022420 mode 2
     {method} {0x000000010ea075c0} &apos;unparseSig&apos; &apos;(Ljava/lang/Class;Ljava/lang/StringBuilder;)V&apos; in &apos;sun/invoke/util/BytecodeDescriptor&apos; - ifne @ bci 27 sp = 0x00000003062bb148
<uncommon_trap thread='8963' reason='unstable_if' action='reinterpret' compile_id='455' compiler='C2' stamp='2.840'>
Uncommon trap occurred in jdk.internal.org.objectweb.asm.MethodWriter::&lt;init&gt; (@0x0000000111d91364) thread=8963 reason=unstable_if action=reinterpret unloaded_class_index=-1
<jvms bci='171' method='jdk/internal/org/objectweb/asm/MethodWriter &lt;init&gt; (Ljdk/internal/org/objectweb/asm/ClassWriter;ILjava/lang/String;Ljava/lang/String;Ljava/lang/String;[Ljava/lang/String;ZZ)V' bytes='268' count='50' backedge_count='10' iicount='90'/>
</uncommon_trap>
DEOPT PACKING thread 0x00007f7bf000c800 Compiled frame (sp=0x00000003062bb670 unextended sp=0x00000003062bb670, fp=0x00000007c0000bd0, real_fp=0x00000003062bb6f0, pc=0x0000000111d91364)
     nmethod   2839  455             jdk.internal.org.objectweb.asm.MethodWriter::&lt;init&gt; (268 bytes)

     Virtual frames (innermost first):
        0 - frame( sp=0x00000003062bb670, unextended_sp=0x00000003062bb670, fp=0x00000007c0000bd0, pc=0x0000000111d91364)
jdk.internal.org.objectweb.asm.MethodWriter.&lt;init&gt;(MethodWriter.java:510) - ifeq @ bci 171 
     Created vframeArray 0x00007f7be705e420
DEOPT UNPACKING thread 0x00007f7bf000c800 vframeArray 0x00007f7be705e420 mode 2
     {method} {0x000000010ea25e58} &apos;&lt;init&gt;&apos; &apos;(Ljdk/internal/org/objectweb/asm/ClassWriter;ILjava/lang/String;Ljava/lang/String;Ljava/lang/String;[Ljava/lang/String;ZZ)V&apos; in &apos;jdk/internal/org/objectweb/asm/MethodWriter&apos; - ifeq @ bci 171 sp = 0x00000003062bb640
<uncommon_trap thread='8963' reason='unstable_if' action='reinterpret' compile_id='467' compiler='C2' stamp='2.841'>
Uncommon trap occurred in jdk.internal.org.objectweb.asm.MethodWriter::visitLabel (@0x0000000111d9391c) thread=8963 reason=unstable_if action=reinterpret unloaded_class_index=-1
<jvms bci='42' method='jdk/internal/org/objectweb/asm/MethodWriter visitLabel (Ljdk/internal/org/objectweb/asm/Label;)V' bytes='281' count='50' backedge_count='1' iicount='100'/>
</uncommon_trap>
DEOPT PACKING thread 0x00007f7bf000c800 Compiled frame (sp=0x00000003062bb5e0 unextended sp=0x00000003062bb5e0, fp=0x0000000795856f48, real_fp=0x00000003062bb630, pc=0x0000000111d9391c)
     nmethod   2840  467             jdk.internal.org.objectweb.asm.MethodWriter::visitLabel (281 bytes)

     Virtual frames (innermost first):
        0 - frame( sp=0x00000003062bb5e0, unextended_sp=0x00000003062bb5e0, fp=0x0000000795856f48, pc=0x0000000111d9391c)
jdk.internal.org.objectweb.asm.MethodWriter.visitLabel(MethodWriter.java:1105) - ifne @ bci 42 
     Created vframeArray 0x00007f7be6086a20
DEOPT UNPACKING thread 0x00007f7bf000c800 vframeArray 0x00007f7be6086a20 mode 2
     {method} {0x000000010ea27ad8} &apos;visitLabel&apos; &apos;(Ljdk/internal/org/objectweb/asm/Label;)V&apos; in &apos;jdk/internal/org/objectweb/asm/MethodWriter&apos; - ifne @ bci 42 sp = 0x00000003062bb5d8
<uncommon_trap thread='8963' reason='unstable_if' action='reinterpret' compile_id='316' compiler='C2' stamp='2.841'>
Uncommon trap occurred in jdk.internal.org.objectweb.asm.MethodWriter::visitVarInsn (@0x0000000111d4a1dc) thread=8963 reason=unstable_if action=reinterpret unloaded_class_index=-1
<jvms bci='22' method='jdk/internal/org/objectweb/asm/MethodWriter visitVarInsn (II)V' bytes='292' count='50' backedge_count='1' iicount='100'/>
</uncommon_trap>
DEOPT PACKING thread 0x00007f7bf000c800 Compiled frame (sp=0x00000003062bb740 unextended sp=0x00000003062bb740, fp=0x0000000000000001, real_fp=0x00000003062bb780, pc=0x0000000111d4a1dc)
     nmethod   2840  316             jdk.internal.org.objectweb.asm.MethodWriter::visitVarInsn (292 bytes)

     Virtual frames (innermost first):
        0 - frame( sp=0x00000003062bb740, unextended_sp=0x00000003062bb740, fp=0x0000000000000001, pc=0x0000000111d4a1dc)
jdk.internal.org.objectweb.asm.MethodWriter.visitVarInsn(MethodWriter.java:798) - ifne @ bci 22 
     Created vframeArray 0x00007f7bf0022420
DEOPT UNPACKING thread 0x00007f7bf000c800 vframeArray 0x00007f7bf0022420 mode 2
     {method} {0x000000010ea26f28} &apos;visitVarInsn&apos; &apos;(II)V&apos; in &apos;jdk/internal/org/objectweb/asm/MethodWriter&apos; - ifne @ bci 22 sp = 0x00000003062bb720
<uncommon_trap thread='8963' reason='unstable_if' action='reinterpret' compile_id='430' compiler='C2' stamp='2.841'>
Uncommon trap occurred in jdk.internal.org.objectweb.asm.MethodWriter::visitMethodInsn (@0x0000000111d800e4) thread=8963 reason=unstable_if action=reinterpret unloaded_class_index=-1
<jvms bci='44' method='jdk/internal/org/objectweb/asm/MethodWriter visitMethodInsn (ILjava/lang/String;Ljava/lang/String;Ljava/lang/String;Z)V' bytes='220' count='50' backedge_count='1' iicount='100'/>
</uncommon_trap>
DEOPT PACKING thread 0x00007f7bf000c800 Compiled frame (sp=0x00000003062bb710 unextended sp=0x00000003062bb710, fp=0x0000000795856f48, real_fp=0x00000003062bb760, pc=0x0000000111d800e4)
     nmethod   2841  430             jdk.internal.org.objectweb.asm.MethodWriter::visitMethodInsn (220 bytes)

     Virtual frames (innermost first):
        0 - frame( sp=0x00000003062bb710, unextended_sp=0x00000003062bb710, fp=0x0000000795856f48, pc=0x0000000111d800e4)
jdk.internal.org.objectweb.asm.MethodWriter.visitMethodInsn(MethodWriter.java:921) - ifne @ bci 44 
     Created vframeArray 0x00007f7be6086a20
DEOPT UNPACKING thread 0x00007f7bf000c800 vframeArray 0x00007f7be6086a20 mode 2
     {method} {0x000000010ea274c0} &apos;visitMethodInsn&apos; &apos;(ILjava/lang/String;Ljava/lang/String;Ljava/lang/String;Z)V&apos; in &apos;jdk/internal/org/objectweb/asm/MethodWriter&apos; - ifne @ bci 44 sp = 0x00000003062bb6f0
<uncommon_trap thread='8963' reason='unstable_if' action='reinterpret' compile_id='449' compiler='C2' stamp='2.842'>
Uncommon trap occurred in jdk.internal.org.objectweb.asm.MethodWriter::visitInsn (@0x0000000111d84e84) thread=8963 reason=unstable_if action=reinterpret unloaded_class_index=-1
<jvms bci='31' method='jdk/internal/org/objectweb/asm/MethodWriter visitInsn (I)V' bytes='106' count='50' backedge_count='1' iicount='100'/>
</uncommon_trap>
DEOPT PACKING thread 0x00007f7bf000c800 Compiled frame (sp=0x00000003062bb750 unextended sp=0x00000003062bb750, fp=0x0000000000000001, real_fp=0x00000003062bb780, pc=0x0000000111d84e84)
     nmethod   2841  449             jdk.internal.org.objectweb.asm.MethodWriter::visitInsn (106 bytes)

     Virtual frames (innermost first):
        0 - frame( sp=0x00000003062bb750, unextended_sp=0x00000003062bb750, fp=0x0000000000000001, pc=0x0000000111d84e84)
jdk.internal.org.objectweb.asm.MethodWriter.visitInsn(MethodWriter.java:750) - ifne @ bci 31 
     Created vframeArray 0x00007f7be705e420
DEOPT UNPACKING thread 0x00007f7bf000c800 vframeArray 0x00007f7be705e420 mode 2
     {method} {0x000000010ea26ba0} &apos;visitInsn&apos; &apos;(I)V&apos; in &apos;jdk/internal/org/objectweb/asm/MethodWriter&apos; - ifne @ bci 31 sp = 0x00000003062bb720
<uncommon_trap thread='8963' reason='unstable_if' action='reinterpret' compile_id='471' compiler='C2' stamp='2.842'>
Uncommon trap occurred in jdk.internal.org.objectweb.asm.MethodWriter::noSuccessor (@0x0000000111d96b50) thread=8963 reason=unstable_if action=reinterpret unloaded_class_index=-1
<jvms bci='4' method='jdk/internal/org/objectweb/asm/MethodWriter noSuccessor ()V' bytes='87' count='50' backedge_count='1' iicount='100'/>
</uncommon_trap>
DEOPT PACKING thread 0x00007f7bf000c800 Compiled frame (sp=0x00000003062bb6c0 unextended sp=0x00000003062bb6c0, fp=0x0000000795856f48, real_fp=0x00000003062bb710, pc=0x0000000111d96b50)
     nmethod   2842  471             jdk.internal.org.objectweb.asm.MethodWriter::noSuccessor (87 bytes)

     Virtual frames (innermost first):
        0 - frame( sp=0x00000003062bb6c0, unextended_sp=0x00000003062bb6c0, fp=0x0000000795856f48, pc=0x0000000111d96b50)
jdk.internal.org.objectweb.asm.MethodWriter.noSuccessor(MethodWriter.java:1710) - ifne @ bci 4 
     Created vframeArray 0x00007f7bf0022420
DEOPT UNPACKING thread 0x00007f7bf000c800 vframeArray 0x00007f7bf0022420 mode 2
     {method} {0x000000010ea29730} &apos;noSuccessor&apos; &apos;()V&apos; in &apos;jdk/internal/org/objectweb/asm/MethodWriter&apos; - ifne @ bci 4 sp = 0x00000003062bb6b0
<dependency_failed type='abstract_with_unique_concrete_subtype' ctxk='jdk/internal/org/objectweb/asm/MethodVisitor' x='jdk/internal/org/objectweb/asm/MethodWriter' witness='java/lang/invoke/TypeConvertingMethodAdapter' stamp='2.843'/>
<dependency_failed type='abstract_with_unique_concrete_subtype' ctxk='jdk/internal/org/objectweb/asm/MethodVisitor' x='jdk/internal/org/objectweb/asm/MethodWriter' witness='java/lang/invoke/TypeConvertingMethodAdapter' stamp='2.843'/>
<dependency_failed type='abstract_with_unique_concrete_subtype' ctxk='jdk/internal/org/objectweb/asm/MethodVisitor' x='jdk/internal/org/objectweb/asm/MethodWriter' witness='java/lang/invoke/TypeConvertingMethodAdapter' stamp='2.843'/>
<dependency_failed type='abstract_with_unique_concrete_subtype' ctxk='jdk/internal/org/objectweb/asm/MethodVisitor' x='jdk/internal/org/objectweb/asm/MethodWriter' witness='java/lang/invoke/TypeConvertingMethodAdapter' stamp='2.843'/>
<dependency_failed type='abstract_with_unique_concrete_subtype' ctxk='jdk/internal/org/objectweb/asm/MethodVisitor' x='jdk/internal/org/objectweb/asm/MethodWriter' witness='java/lang/invoke/TypeConvertingMethodAdapter' stamp='2.843'/>
<dependency_failed type='abstract_with_unique_concrete_subtype' ctxk='jdk/internal/org/objectweb/asm/MethodVisitor' x='jdk/internal/org/objectweb/asm/MethodWriter' witness='java/lang/invoke/TypeConvertingMethodAdapter' stamp='2.843'/>
<dependency_failed type='abstract_with_unique_concrete_subtype' ctxk='jdk/internal/org/objectweb/asm/MethodVisitor' x='jdk/internal/org/objectweb/asm/MethodWriter' witness='java/lang/invoke/TypeConvertingMethodAdapter' stamp='2.843'/>
<dependency_failed type='abstract_with_unique_concrete_subtype' ctxk='jdk/internal/org/objectweb/asm/MethodVisitor' x='jdk/internal/org/objectweb/asm/MethodWriter' witness='java/lang/invoke/TypeConvertingMethodAdapter' stamp='2.843'/>
<dependency_failed type='abstract_with_unique_concrete_subtype' ctxk='jdk/internal/org/objectweb/asm/MethodVisitor' x='jdk/internal/org/objectweb/asm/MethodWriter' witness='java/lang/invoke/TypeConvertingMethodAdapter' stamp='2.843'/>
<uncommon_trap thread='8963' reason='class_check' action='maybe_recompile' compile_id='76' compiler='C2' count='2' state='class_check' stamp='3.100'>
Uncommon trap occurred in java.net.URL::&lt;init&gt; (@0x0000000111cd470c) thread=8963 reason=class_check action=maybe_recompile unloaded_class_index=-1
<jvms bci='504' method='java/net/URL &lt;init&gt; (Ljava/net/URL;Ljava/lang/String;Ljava/net/URLStreamHandler;)V' bytes='543' count='13' backedge_count='51' iicount='27' class_check_traps='2'/>
</uncommon_trap>
DEOPT PACKING thread 0x00007f7bf000c800 Compiled frame (sp=0x00000003062ba1c0 unextended sp=0x00000003062ba1c0, fp=0x0000000795861e30, real_fp=0x00000003062ba220, pc=0x0000000111cd470c)
     nmethod   3100   76   !         java.net.URL::&lt;init&gt; (543 bytes)

     Virtual frames (innermost first):
        0 - frame( sp=0x00000003062ba1c0, unextended_sp=0x00000003062ba1c0, fp=0x0000000795861e30, pc=0x0000000111cd470c)
java.net.URL.&lt;init&gt;(URL.java:640) - invokevirtual @ bci 504 
     Created vframeArray 0x00007f7be705e420
DEOPT UNPACKING thread 0x00007f7bf000c800 vframeArray 0x00007f7be705e420 mode 2
     {method} {0x000000010e753008} &apos;&lt;init&gt;&apos; &apos;(Ljava/net/URL;Ljava/lang/String;Ljava/net/URLStreamHandler;)V&apos; in &apos;java/net/URL&apos; - invokevirtual @ bci 504 sp = 0x00000003062ba158
<uncommon_trap thread='8963' reason='class_check' action='maybe_recompile' compile_id='76' compiler='C2' count='3' state='class_check' stamp='3.234'>
Uncommon trap occurred in java.net.URL::&lt;init&gt; (@0x0000000111cd470c) thread=8963 reason=class_check action=maybe_recompile unloaded_class_index=-1
<jvms bci='504' method='java/net/URL &lt;init&gt; (Ljava/net/URL;Ljava/lang/String;Ljava/net/URLStreamHandler;)V' bytes='543' count='13' backedge_count='51' iicount='27' class_check_traps='3'/>
</uncommon_trap>
DEOPT PACKING thread 0x00007f7bf000c800 Compiled frame (sp=0x00000003062b9360 unextended sp=0x00000003062b9360, fp=0x000000079587b8c0, real_fp=0x00000003062b93c0, pc=0x0000000111cd470c)
     nmethod   3234   76   !         java.net.URL::&lt;init&gt; (543 bytes)

     Virtual frames (innermost first):
        0 - frame( sp=0x00000003062b9360, unextended_sp=0x00000003062b9360, fp=0x000000079587b8c0, pc=0x0000000111cd470c)
java.net.URL.&lt;init&gt;(URL.java:640) - invokevirtual @ bci 504 
     Created vframeArray 0x00007f7be6086a20
DEOPT UNPACKING thread 0x00007f7bf000c800 vframeArray 0x00007f7be6086a20 mode 2
     {method} {0x000000010e753008} &apos;&lt;init&gt;&apos; &apos;(Ljava/net/URL;Ljava/lang/String;Ljava/net/URLStreamHandler;)V&apos; in &apos;java/net/URL&apos; - invokevirtual @ bci 504 sp = 0x00000003062b92f8
<uncommon_trap thread='8963' reason='null_check' action='make_not_entrant' compile_id='279' compiler='C2' stamp='3.519'>
Uncommon trap occurred in java.lang.reflect.Array::newInstance (@0x0000000111d36fc0) thread=8963 reason=null_check action=make_not_entrant unloaded_class_index=-1
<jvms bci='2' method='java/lang/reflect/Array newInstance (Ljava/lang/Class;I)Ljava/lang/Object;' bytes='6' count='50' backedge_count='1' iicount='100'/>
</uncommon_trap>
DEOPT PACKING thread 0x00007f7bf000c800 Compiled frame (sp=0x00000003062bbc60 unextended sp=0x00000003062bbc60, fp=0x00000007958cf8b0, real_fp=0x00000003062bbc90, pc=0x0000000111d36fc0)
     nmethod   3518  279             java.lang.reflect.Array::newInstance (6 bytes)

     Virtual frames (innermost first):
        0 - frame( sp=0x00000003062bbc60, unextended_sp=0x00000003062bbc60, fp=0x00000007958cf8b0, pc=0x0000000111d36fc0)
java.lang.reflect.Array.newInstance(Array.java:75) - invokestatic @ bci 2 
     Created vframeArray 0x00007f7be6091820
DEOPT UNPACKING thread 0x00007f7bf000c800 vframeArray 0x00007f7be6091820 mode 2
     {method} {0x000000010e9ea228} &apos;newInstance&apos; &apos;(Ljava/lang/Class;I)Ljava/lang/Object;&apos; in &apos;java/lang/reflect/Array&apos; - invokestatic @ bci 2 sp = 0x00000003062bbc30
<uncommon_trap thread='8963' reason='unstable_if' action='reinterpret' compile_id='520' compiler='C2' stamp='3.576'>
Uncommon trap occurred in sun.reflect.generics.parser.SignatureParser::current (@0x0000000111dbe2c4) thread=8963 reason=unstable_if action=reinterpret unloaded_class_index=-1
<jvms bci='39' method='sun/reflect/generics/parser/SignatureParser current ()C' bytes='59' count='50' backedge_count='1' iicount='100'/>
</uncommon_trap>
DEOPT PACKING thread 0x00007f7bf000c800 Compiled frame (sp=0x00000003062bc240 unextended sp=0x00000003062bc240, fp=0x000000000000005d, real_fp=0x00000003062bc270, pc=0x0000000111dbe2c4)
     nmethod   3576  520             sun.reflect.generics.parser.SignatureParser::current (59 bytes)

     Virtual frames (innermost first):
        0 - frame( sp=0x00000003062bc240, unextended_sp=0x00000003062bc240, fp=0x000000000000005d, pc=0x0000000111dbe2c4)
sun.reflect.generics.parser.SignatureParser.current(SignatureParser.java:93) - if_icmpge @ bci 39 
     Created vframeArray 0x00007f7be705ea20
DEOPT UNPACKING thread 0x00007f7bf000c800 vframeArray 0x00007f7be705ea20 mode 2
     {method} {0x000000010eb12650} &apos;current&apos; &apos;()C&apos; in &apos;sun/reflect/generics/parser/SignatureParser&apos; - if_icmpge @ bci 39 sp = 0x00000003062bc210
<uncommon_trap thread='8963' reason='class_check' action='maybe_recompile' compile_id='192' compiler='C2' count='1' state='class_check' stamp='3.578'>
Uncommon trap occurred in java.util.concurrent.ConcurrentHashMap::get (@0x0000000111d06ccc) thread=8963 reason=class_check action=maybe_recompile unloaded_class_index=-1
<jvms bci='1' method='java/util/concurrent/ConcurrentHashMap get (Ljava/lang/Object;)Ljava/lang/Object;' bytes='162' count='50' backedge_count='5' iicount='95' class_check_traps='1'/>
</uncommon_trap>
DEOPT PACKING thread 0x00007f7bf000c800 Compiled frame (sp=0x00000003062bba80 unextended sp=0x00000003062bba80, fp=0x00000007956655e8, real_fp=0x00000003062bbac0, pc=0x0000000111d06ccc)
     nmethod   3578  192             java.util.concurrent.ConcurrentHashMap::get (162 bytes)

     Virtual frames (innermost first):
        0 - frame( sp=0x00000003062bba80, unextended_sp=0x00000003062bba80, fp=0x00000007956655e8, pc=0x0000000111d06ccc)
java.util.concurrent.ConcurrentHashMap.get(ConcurrentHashMap.java:936) - invokevirtual @ bci 1 
     Created vframeArray 0x00007f7be6091820
DEOPT UNPACKING thread 0x00007f7bf000c800 vframeArray 0x00007f7be6091820 mode 2
     {method} {0x000000010e8a3c88} &apos;get&apos; &apos;(Ljava/lang/Object;)Ljava/lang/Object;&apos; in &apos;java/util/concurrent/ConcurrentHashMap&apos; - invokevirtual @ bci 1 sp = 0x00000003062bba30
<uncommon_trap thread='8963' reason='unstable_if' action='reinterpret' compile_id='442' compiler='C2' stamp='3.579'>
Uncommon trap occurred in java.lang.invoke.MethodHandles$Lookup::lookupClassOrNull (@0x0000000111d77bf8) thread=8963 reason=unstable_if action=reinterpret unloaded_class_index=-1
<jvms bci='5' method='java/lang/invoke/MethodHandles$Lookup lookupClassOrNull ()Ljava/lang/Class;' bytes='17' count='50' backedge_count='1' iicount='100'/>
</uncommon_trap>
DEOPT PACKING thread 0x00007f7bf000c800 Compiled frame (sp=0x00000003062bba30 unextended sp=0x00000003062bba30, fp=0x00000007958ebb40, real_fp=0x00000003062bba60, pc=0x0000000111d77bf8)
     nmethod   3579  442             java.lang.invoke.MethodHandles$Lookup::lookupClassOrNull (17 bytes)

     Virtual frames (innermost first):
        0 - frame( sp=0x00000003062bba30, unextended_sp=0x00000003062bba30, fp=0x00000007958ebb40, pc=0x0000000111d77bf8)
java.lang.invoke.MethodHandles$Lookup.lookupClassOrNull(MethodHandles.java:571) - if_icmpne @ bci 5 
     Created vframeArray 0x00007f7bf0055020
DEOPT UNPACKING thread 0x00007f7bf000c800 vframeArray 0x00007f7bf0055020 mode 2
     {method} {0x000000010e9c1ba0} &apos;lookupClassOrNull&apos; &apos;()Ljava/lang/Class;&apos; in &apos;java/lang/invoke/MethodHandles$Lookup&apos; - if_icmpne @ bci 5 sp = 0x00000003062bba00
<uncommon_trap thread='8963' reason='class_check' action='maybe_recompile' compile_id='192' compiler='C2' count='2' state='class_check' stamp='3.580'>
Uncommon trap occurred in java.util.concurrent.ConcurrentHashMap::get (@0x0000000111d06ccc) thread=8963 reason=class_check action=maybe_recompile unloaded_class_index=-1
<jvms bci='1' method='java/util/concurrent/ConcurrentHashMap get (Ljava/lang/Object;)Ljava/lang/Object;' bytes='162' count='50' backedge_count='5' iicount='95' class_check_traps='2'/>
</uncommon_trap>
DEOPT PACKING thread 0x00007f7bf000c800 Compiled frame (sp=0x00000003062bba80 unextended sp=0x00000003062bba80, fp=0x00000007956655e8, real_fp=0x00000003062bbac0, pc=0x0000000111d06ccc)
     nmethod   3579  192             java.util.concurrent.ConcurrentHashMap::get (162 bytes)

     Virtual frames (innermost first):
        0 - frame( sp=0x00000003062bba80, unextended_sp=0x00000003062bba80, fp=0x00000007956655e8, pc=0x0000000111d06ccc)
java.util.concurrent.ConcurrentHashMap.get(ConcurrentHashMap.java:936) - invokevirtual @ bci 1 
     Created vframeArray 0x00007f7be784da20
DEOPT UNPACKING thread 0x00007f7bf000c800 vframeArray 0x00007f7be784da20 mode 2
     {method} {0x000000010e8a3c88} &apos;get&apos; &apos;(Ljava/lang/Object;)Ljava/lang/Object;&apos; in &apos;java/util/concurrent/ConcurrentHashMap&apos; - invokevirtual @ bci 1 sp = 0x00000003062bba30
<uncommon_trap thread='8963' reason='class_check' action='maybe_recompile' compile_id='192' compiler='C2' count='3' state='class_check' stamp='3.643'>
Uncommon trap occurred in java.util.concurrent.ConcurrentHashMap::get (@0x0000000111d06ccc) thread=8963 reason=class_check action=maybe_recompile unloaded_class_index=-1
<jvms bci='1' method='java/util/concurrent/ConcurrentHashMap get (Ljava/lang/Object;)Ljava/lang/Object;' bytes='162' count='50' backedge_count='5' iicount='95' class_check_traps='3'/>
</uncommon_trap>
DEOPT PACKING thread 0x00007f7bf000c800 Compiled frame (sp=0x00000003062bb7a0 unextended sp=0x00000003062bb7a0, fp=0x00000007956655e8, real_fp=0x00000003062bb7e0, pc=0x0000000111d06ccc)
     nmethod   3642  192             java.util.concurrent.ConcurrentHashMap::get (162 bytes)

     Virtual frames (innermost first):
        0 - frame( sp=0x00000003062bb7a0, unextended_sp=0x00000003062bb7a0, fp=0x00000007956655e8, pc=0x0000000111d06ccc)
java.util.concurrent.ConcurrentHashMap.get(ConcurrentHashMap.java:936) - invokevirtual @ bci 1 
     Created vframeArray 0x00007f7bf0055020
DEOPT UNPACKING thread 0x00007f7bf000c800 vframeArray 0x00007f7bf0055020 mode 2
     {method} {0x000000010e8a3c88} &apos;get&apos; &apos;(Ljava/lang/Object;)Ljava/lang/Object;&apos; in &apos;java/util/concurrent/ConcurrentHashMap&apos; - invokevirtual @ bci 1 sp = 0x00000003062bb750
<uncommon_trap thread='8963' reason='unstable_if' action='reinterpret' compile_id='459' compiler='C2' stamp='3.824'>
Uncommon trap occurred in java.lang.AbstractStringBuilder::append (@0x0000000111d9458c) thread=8963 reason=unstable_if action=reinterpret unloaded_class_index=-1
<jvms bci='8' method='java/lang/Integer stringSize (I)I' bytes='21' count='50' backedge_count='5' iicount='95'/>
<jvms bci='30' method='java/lang/AbstractStringBuilder append (I)Ljava/lang/AbstractStringBuilder;' bytes='62' count='50' backedge_count='1' iicount='100'/>
</uncommon_trap>
DEOPT PACKING thread 0x00007f7bf000c800 Compiled frame (sp=0x00000003062bbfb0 unextended sp=0x00000003062bbfb0, fp=0x0000000000000009, real_fp=0x00000003062bbff0, pc=0x0000000111d9458c)
     nmethod   3824  459             java.lang.AbstractStringBuilder::append (62 bytes)

     Virtual frames (innermost first):
        0 - frame( sp=0x00000003062bbfb0, unextended_sp=0x00000003062bbfb0, fp=0x0000000000000009, pc=0x0000000111d9458c)
java.lang.Integer.stringSize(Integer.java:473) - if_icmpgt @ bci 8 
        1 - frame( sp=0x00000003062bbfb0, unextended_sp=0x00000003062bbfb0, fp=0x0000000000000009, pc=0x0000000111d9458c)
java.lang.AbstractStringBuilder.append(AbstractStringBuilder.java:672) - invokestatic @ bci 30 
     Created vframeArray 0x00007f7be6086220
DEOPT UNPACKING thread 0x00007f7bf000c800 vframeArray 0x00007f7be6086220 mode 2
     {method} {0x000000010e738418} &apos;append&apos; &apos;(I)Ljava/lang/AbstractStringBuilder;&apos; in &apos;java/lang/AbstractStringBuilder&apos; - invokestatic @ bci 30 sp = 0x00000003062bbf70
     {method} {0x000000010e771260} &apos;stringSize&apos; &apos;(I)I&apos; in &apos;java/lang/Integer&apos; - if_icmpgt @ bci 8 sp = 0x00000003062bbf10
<uncommon_trap thread='8963' reason='unstable_if' action='reinterpret' compile_id='457' compiler='C2' stamp='3.825'>
Uncommon trap occurred in java.lang.Integer::getChars (@0x0000000111d877ec) thread=8963 reason=unstable_if action=reinterpret unloaded_class_index=-1
<jvms bci='110' method='java/lang/Integer getChars (II[C)V' bytes='131' count='50' backedge_count='5' iicount='95'/>
</uncommon_trap>
DEOPT PACKING thread 0x00007f7bf000c800 Compiled frame (sp=0x00000003062bbf20 unextended sp=0x00000003062bbf20, fp=0x0000000000000030, real_fp=0x00000003062bbf60, pc=0x0000000111d877ec)
     nmethod   3824  457             java.lang.Integer::getChars (131 bytes)

     Virtual frames (innermost first):
        0 - frame( sp=0x00000003062bbf20, unextended_sp=0x00000003062bbf20, fp=0x0000000000000030, pc=0x0000000111d877ec)
java.lang.Integer.getChars(Integer.java:460) - ifne @ bci 110 
     Created vframeArray 0x00007f7be6086a20
DEOPT UNPACKING thread 0x00007f7bf000c800 vframeArray 0x00007f7be6086a20 mode 2
     {method} {0x000000010e771188} &apos;getChars&apos; &apos;(II[C)V&apos; in &apos;java/lang/Integer&apos; - ifne @ bci 110 sp = 0x00000003062bbee8
<uncommon_trap thread='8963' reason='unstable_if' action='reinterpret' compile_id='456' compiler='C2' count='1' state='intrinsic recompiled' stamp='3.825'>
Uncommon trap occurred in java.lang.Integer::stringSize (@0x0000000111d8fd24) thread=8963 reason=unstable_if action=reinterpret unloaded_class_index=-1
<jvms bci='8' method='java/lang/Integer stringSize (I)I' bytes='21' count='1' backedge_count='6' iicount='95' unstable_if_traps='1'/>
</uncommon_trap>
DEOPT PACKING thread 0x00007f7bf000c800 Compiled frame (sp=0x00000003062bbf30 unextended sp=0x00000003062bbf30, fp=0x00000003062bbfb8, real_fp=0x00000003062bbf60, pc=0x0000000111d8fd24)
     nmethod   3825  456             java.lang.Integer::stringSize (21 bytes)

     Virtual frames (innermost first):
        0 - frame( sp=0x00000003062bbf30, unextended_sp=0x00000003062bbf30, fp=0x00000003062bbfb8, pc=0x0000000111d8fd24)
java.lang.Integer.stringSize(Integer.java:473) - if_icmpgt @ bci 8 
     Created vframeArray 0x00007f7bf0055020
DEOPT UNPACKING thread 0x00007f7bf000c800 vframeArray 0x00007f7bf0055020 mode 2
     {method} {0x000000010e771260} &apos;stringSize&apos; &apos;(I)I&apos; in &apos;java/lang/Integer&apos; - if_icmpgt @ bci 8 sp = 0x00000003062bbef8
<uncommon_trap thread='8963' reason='unstable_if' action='reinterpret' compile_id='507' compiler='C2' stamp='3.845'>
Uncommon trap occurred in java.util.HashMap::getNode (@0x0000000111dac554) thread=8963 reason=unstable_if action=reinterpret unloaded_class_index=-1
<jvms bci='49' method='java/util/HashMap getNode (ILjava/lang/Object;)Ljava/util/HashMap$Node;' bytes='148' count='51' backedge_count='1' iicount='150' decompiles='1' bimorphic_traps='4'/>
</uncommon_trap>
DEOPT PACKING thread 0x00007f7bf000c800 Compiled frame (sp=0x00000003062bbf30 unextended sp=0x00000003062bbf30, fp=0x000000006c5e6e2c, real_fp=0x00000003062bbf70, pc=0x0000000111dac554)
     nmethod   3845  507             java.util.HashMap::getNode (148 bytes)

     Virtual frames (innermost first):
        0 - frame( sp=0x00000003062bbf30, unextended_sp=0x00000003062bbf30, fp=0x000000006c5e6e2c, pc=0x0000000111dac554)
java.util.HashMap.getNode(HashMap.java:572) - if_acmpeq @ bci 49 
     Created vframeArray 0x00007f7be6086a20
DEOPT UNPACKING thread 0x00007f7bf000c800 vframeArray 0x00007f7be6086a20 mode 2
     {method} {0x000000010e7c0c80} &apos;getNode&apos; &apos;(ILjava/lang/Object;)Ljava/util/HashMap$Node;&apos; in &apos;java/util/HashMap&apos; - if_acmpeq @ bci 49 sp = 0x00000003062bbed0
<uncommon_trap thread='8963' reason='unstable_if' action='reinterpret' compile_id='607' compiler='C2' stamp='3.964'>
Uncommon trap occurred in sun.misc.ProxyGenerator$ConstantPool$IndirectEntry::equals (@0x0000000111de1030) thread=8963 reason=unstable_if action=reinterpret unloaded_class_index=-1
<jvms bci='31' method='sun/misc/ProxyGenerator$ConstantPool$IndirectEntry equals (Ljava/lang/Object;)Z' bytes='49' count='51' backedge_count='1' iicount='101'/>
</uncommon_trap>
DEOPT PACKING thread 0x00007f7bf000c800 Compiled frame (sp=0x00000003062bbe50 unextended sp=0x00000003062bbe50, fp=0x000000000000001f, real_fp=0x00000003062bbe90, pc=0x0000000111de1030)
     nmethod   3963  607             sun.misc.ProxyGenerator$ConstantPool$IndirectEntry::equals (49 bytes)

     Virtual frames (innermost first):
        0 - frame( sp=0x00000003062bbe50, unextended_sp=0x00000003062bbe50, fp=0x000000000000001f, pc=0x0000000111de1030)
sun.misc.ProxyGenerator$ConstantPool$IndirectEntry.equals(ProxyGenerator.java:2021) - if_icmpne @ bci 31 
     Created vframeArray 0x00007f7be784da20
DEOPT UNPACKING thread 0x00007f7bf000c800 vframeArray 0x00007f7be784da20 mode 2
     {method} {0x000000010eb662a8} &apos;equals&apos; &apos;(Ljava/lang/Object;)Z&apos; in &apos;sun/misc/ProxyGenerator$ConstantPool$IndirectEntry&apos; - if_icmpne @ bci 31 sp = 0x00000003062bbe18
<uncommon_trap thread='8963' reason='class_check' action='maybe_recompile' compile_id='612' compiler='C2' stamp='3.973'>
Uncommon trap occurred in java.io.DataOutputStream::writeShort (@0x0000000111de2a84) thread=8963 reason=class_check action=maybe_recompile unloaded_class_index=-1
<jvms bci='12' method='java/io/DataOutputStream writeShort (I)V' bytes='35' count='50' backedge_count='1' iicount='100'/>
</uncommon_trap>
DEOPT PACKING thread 0x00007f7bf000c800 Compiled frame (sp=0x00000003062bc140 unextended sp=0x00000003062bc140, fp=0x00000000000000c0, real_fp=0x00000003062bc170, pc=0x0000000111de2a84)
     nmethod   3973  612             java.io.DataOutputStream::writeShort (35 bytes)

     Virtual frames (innermost first):
        0 - frame( sp=0x00000003062bc140, unextended_sp=0x00000003062bc140, fp=0x00000000000000c0, pc=0x0000000111de2a84)
java.io.DataOutputStream.writeShort(DataOutputStream.java:167) - invokevirtual @ bci 12 
     Created vframeArray 0x00007f7bf0055020
DEOPT UNPACKING thread 0x00007f7bf000c800 vframeArray 0x00007f7bf0055020 mode 2
     {method} {0x000000010eb64b58} &apos;writeShort&apos; &apos;(I)V&apos; in &apos;java/io/DataOutputStream&apos; - invokevirtual @ bci 12 sp = 0x00000003062bc110
<uncommon_trap thread='8963' reason='class_check' action='maybe_recompile' compile_id='604' compiler='C2' stamp='3.974'>
Uncommon trap occurred in java.io.DataOutputStream::writeByte (@0x0000000111de1ec4) thread=8963 reason=class_check action=maybe_recompile unloaded_class_index=-1
<jvms bci='5' method='java/io/DataOutputStream writeByte (I)V' bytes='14' count='50' backedge_count='1' iicount='100'/>
</uncommon_trap>
DEOPT PACKING thread 0x00007f7bf000c800 Compiled frame (sp=0x00000003062bc0e0 unextended sp=0x00000003062bc0e0, fp=0x00000007959794b8, real_fp=0x00000003062bc110, pc=0x0000000111de1ec4)
     nmethod   3973  604             java.io.DataOutputStream::writeByte (14 bytes)

     Virtual frames (innermost first):
        0 - frame( sp=0x00000003062bc0e0, unextended_sp=0x00000003062bc0e0, fp=0x00000007959794b8, pc=0x0000000111de1ec4)
java.io.DataOutputStream.writeByte(DataOutputStream.java:153) - invokevirtual @ bci 5 
     Created vframeArray 0x00007f7be7061a20
DEOPT UNPACKING thread 0x00007f7bf000c800 vframeArray 0x00007f7be7061a20 mode 2
     {method} {0x000000010eb64a70} &apos;writeByte&apos; &apos;(I)V&apos; in &apos;java/io/DataOutputStream&apos; - invokevirtual @ bci 5 sp = 0x00000003062bc0b0
<uncommon_trap thread='8963' reason='class_check' action='maybe_recompile' compile_id='604' compiler='C2' count='1' state='class_check' stamp='3.974'>
Uncommon trap occurred in java.io.DataOutputStream::writeByte (@0x0000000111de1ec4) thread=8963 reason=class_check action=maybe_recompile unloaded_class_index=-1
<jvms bci='5' method='java/io/DataOutputStream writeByte (I)V' bytes='14' count='50' backedge_count='1' iicount='100' class_check_traps='1'/>
</uncommon_trap>
DEOPT PACKING thread 0x00007f7bf000c800 Compiled frame (sp=0x00000003062bc0e0 unextended sp=0x00000003062bc0e0, fp=0x00000007959794b8, real_fp=0x00000003062bc110, pc=0x0000000111de1ec4)
     nmethod   3974  604             java.io.DataOutputStream::writeByte (14 bytes)

     Virtual frames (innermost first):
        0 - frame( sp=0x00000003062bc0e0, unextended_sp=0x00000003062bc0e0, fp=0x00000007959794b8, pc=0x0000000111de1ec4)
java.io.DataOutputStream.writeByte(DataOutputStream.java:153) - invokevirtual @ bci 5 
     Created vframeArray 0x00007f7be784da20
DEOPT UNPACKING thread 0x00007f7bf000c800 vframeArray 0x00007f7be784da20 mode 2
     {method} {0x000000010eb64a70} &apos;writeByte&apos; &apos;(I)V&apos; in &apos;java/io/DataOutputStream&apos; - invokevirtual @ bci 5 sp = 0x00000003062bc0b0
<uncommon_trap thread='8963' reason='class_check' action='maybe_recompile' compile_id='604' compiler='C2' count='2' state='class_check' stamp='3.975'>
Uncommon trap occurred in java.io.DataOutputStream::writeByte (@0x0000000111de1ec4) thread=8963 reason=class_check action=maybe_recompile unloaded_class_index=-1
<jvms bci='5' method='java/io/DataOutputStream writeByte (I)V' bytes='14' count='50' backedge_count='1' iicount='100' class_check_traps='2'/>
</uncommon_trap>
DEOPT PACKING thread 0x00007f7bf000c800 Compiled frame (sp=0x00000003062bc0e0 unextended sp=0x00000003062bc0e0, fp=0x00000007959794b8, real_fp=0x00000003062bc110, pc=0x0000000111de1ec4)
     nmethod   3974  604             java.io.DataOutputStream::writeByte (14 bytes)

     Virtual frames (innermost first):
        0 - frame( sp=0x00000003062bc0e0, unextended_sp=0x00000003062bc0e0, fp=0x00000007959794b8, pc=0x0000000111de1ec4)
java.io.DataOutputStream.writeByte(DataOutputStream.java:153) - invokevirtual @ bci 5 
     Created vframeArray 0x00007f7be6086a20
DEOPT UNPACKING thread 0x00007f7bf000c800 vframeArray 0x00007f7be6086a20 mode 2
     {method} {0x000000010eb64a70} &apos;writeByte&apos; &apos;(I)V&apos; in &apos;java/io/DataOutputStream&apos; - invokevirtual @ bci 5 sp = 0x00000003062bc0b0
<uncommon_trap thread='8963' reason='class_check' action='maybe_recompile' compile_id='604' compiler='C2' count='3' state='class_check' stamp='3.975'>
Uncommon trap occurred in java.io.DataOutputStream::writeByte (@0x0000000111de1ec4) thread=8963 reason=class_check action=maybe_recompile unloaded_class_index=-1
<jvms bci='5' method='java/io/DataOutputStream writeByte (I)V' bytes='14' count='50' backedge_count='1' iicount='100' class_check_traps='3'/>
</uncommon_trap>
DEOPT PACKING thread 0x00007f7bf000c800 Compiled frame (sp=0x00000003062bc0e0 unextended sp=0x00000003062bc0e0, fp=0x00000007959794b8, real_fp=0x00000003062bc110, pc=0x0000000111de1ec4)
     nmethod   3974  604             java.io.DataOutputStream::writeByte (14 bytes)

     Virtual frames (innermost first):
        0 - frame( sp=0x00000003062bc0e0, unextended_sp=0x00000003062bc0e0, fp=0x00000007959794b8, pc=0x0000000111de1ec4)
java.io.DataOutputStream.writeByte(DataOutputStream.java:153) - invokevirtual @ bci 5 
     Created vframeArray 0x00007f7bf0059020
DEOPT UNPACKING thread 0x00007f7bf000c800 vframeArray 0x00007f7bf0059020 mode 2
     {method} {0x000000010eb64a70} &apos;writeByte&apos; &apos;(I)V&apos; in &apos;java/io/DataOutputStream&apos; - invokevirtual @ bci 5 sp = 0x00000003062bc0b0
<uncommon_trap thread='8963' reason='class_check' action='maybe_recompile' compile_id='612' compiler='C2' count='1' state='class_check' stamp='4.003'>
Uncommon trap occurred in java.io.DataOutputStream::writeShort (@0x0000000111de2a84) thread=8963 reason=class_check action=maybe_recompile unloaded_class_index=-1
<jvms bci='12' method='java/io/DataOutputStream writeShort (I)V' bytes='35' count='50' backedge_count='1' iicount='100' class_check_traps='1'/>
</uncommon_trap>
DEOPT PACKING thread 0x00007f7bf000c800 Compiled frame (sp=0x00000003062bc0e0 unextended sp=0x00000003062bc0e0, fp=0x0000000000000005, real_fp=0x00000003062bc110, pc=0x0000000111de2a84)
     nmethod   4002  612             java.io.DataOutputStream::writeShort (35 bytes)

     Virtual frames (innermost first):
        0 - frame( sp=0x00000003062bc0e0, unextended_sp=0x00000003062bc0e0, fp=0x0000000000000005, pc=0x0000000111de2a84)
java.io.DataOutputStream.writeShort(DataOutputStream.java:167) - invokevirtual @ bci 12 
     Created vframeArray 0x00007f7bf0056220
DEOPT UNPACKING thread 0x00007f7bf000c800 vframeArray 0x00007f7bf0056220 mode 2
     {method} {0x000000010eb64b58} &apos;writeShort&apos; &apos;(I)V&apos; in &apos;java/io/DataOutputStream&apos; - invokevirtual @ bci 12 sp = 0x00000003062bc0b0
<uncommon_trap thread='8963' reason='class_check' action='maybe_recompile' compile_id='612' compiler='C2' count='2' state='class_check' stamp='4.003'>
Uncommon trap occurred in java.io.DataOutputStream::writeShort (@0x0000000111de2a84) thread=8963 reason=class_check action=maybe_recompile unloaded_class_index=-1
<jvms bci='12' method='java/io/DataOutputStream writeShort (I)V' bytes='35' count='50' backedge_count='1' iicount='100' class_check_traps='2'/>
</uncommon_trap>
DEOPT PACKING thread 0x00007f7bf000c800 Compiled frame (sp=0x00000003062bc0e0 unextended sp=0x00000003062bc0e0, fp=0x0000000000000001, real_fp=0x00000003062bc110, pc=0x0000000111de2a84)
     nmethod   4003  612             java.io.DataOutputStream::writeShort (35 bytes)

     Virtual frames (innermost first):
        0 - frame( sp=0x00000003062bc0e0, unextended_sp=0x00000003062bc0e0, fp=0x0000000000000001, pc=0x0000000111de2a84)
java.io.DataOutputStream.writeShort(DataOutputStream.java:167) - invokevirtual @ bci 12 
     Created vframeArray 0x00007f7bf0059020
DEOPT UNPACKING thread 0x00007f7bf000c800 vframeArray 0x00007f7bf0059020 mode 2
     {method} {0x000000010eb64b58} &apos;writeShort&apos; &apos;(I)V&apos; in &apos;java/io/DataOutputStream&apos; - invokevirtual @ bci 12 sp = 0x00000003062bc0b0
<uncommon_trap thread='8963' reason='class_check' action='maybe_recompile' compile_id='612' compiler='C2' count='3' state='class_check' stamp='4.003'>
Uncommon trap occurred in java.io.DataOutputStream::writeShort (@0x0000000111de2a84) thread=8963 reason=class_check action=maybe_recompile unloaded_class_index=-1
<jvms bci='12' method='java/io/DataOutputStream writeShort (I)V' bytes='35' count='50' backedge_count='1' iicount='100' class_check_traps='3'/>
</uncommon_trap>
DEOPT PACKING thread 0x00007f7bf000c800 Compiled frame (sp=0x00000003062bc0e0 unextended sp=0x00000003062bc0e0, fp=0x0000000000000002, real_fp=0x00000003062bc110, pc=0x0000000111de2a84)
     nmethod   4003  612             java.io.DataOutputStream::writeShort (35 bytes)

     Virtual frames (innermost first):
        0 - frame( sp=0x00000003062bc0e0, unextended_sp=0x00000003062bc0e0, fp=0x0000000000000002, pc=0x0000000111de2a84)
java.io.DataOutputStream.writeShort(DataOutputStream.java:167) - invokevirtual @ bci 12 
     Created vframeArray 0x00007f7be7061a20
DEOPT UNPACKING thread 0x00007f7bf000c800 vframeArray 0x00007f7be7061a20 mode 2
     {method} {0x000000010eb64b58} &apos;writeShort&apos; &apos;(I)V&apos; in &apos;java/io/DataOutputStream&apos; - invokevirtual @ bci 12 sp = 0x00000003062bc0b0
C1 Runtime statistics:
 _resolve_invoke_virtual_cnt:     14
 _resolve_invoke_opt_virtual_cnt: 599
 _resolve_invoke_static_cnt:      498
 _handle_wrong_method_cnt:        31
 _ic_miss_cnt:                    8
 _generic_arraycopy_cnt:          0
 _generic_arraycopystub_cnt:      0
 _byte_arraycopy_cnt:             0
 _short_arraycopy_cnt:            0
 _int_arraycopy_cnt:              0
 _long_arraycopy_cnt:             0
 _primitive_arraycopy_cnt:        0
 _oop_arraycopy_cnt (C):          0
 _oop_arraycopy_cnt (stub):       0
 _arraycopy_slowcase_cnt:         0
 _arraycopy_checkcast_cnt:        0
 _arraycopy_checkcast_attempt_cnt:0
 _new_type_array_slowcase_cnt:    0
 _new_object_array_slowcase_cnt:  0
 _new_instance_slowcase_cnt:      0
 _new_multi_array_slowcase_cnt:   0
 _monitorenter_slowcase_cnt:      0
 _monitorexit_slowcase_cnt:       0
 _patch_code_slowcase_cnt:        0
 _throw_range_check_exception_count:            0:
 _throw_index_exception_count:                  0:
 _throw_div0_exception_count:                   0:
 _throw_null_pointer_exception_count:           0:
 _throw_class_cast_exception_count:             0:
 _throw_incompatible_class_change_error_count:  0:
 _throw_array_store_exception_count:            0:
 _throw_count:                                  0:

<statistics type='deoptimization'>
Deoptimization traps recorded:
    75 (100.0%) total
       null_check/make_not_entrant/aastore: 1 (1.3%)
  null_check/make_not_entrant/invokestatic: 1 (1.3%)
     null_assert/make_not_entrant/astore_3: 1 (1.3%)
  class_check/maybe_recompile/invokevirtual: 20 (26.7%)
   bimorphic/maybe_recompile/invokevirtual: 6 (8.0%)
                       constraint/none/nop: 1 (1.3%)
           predicate/maybe_recompile/aload: 1 (1.3%)
    loop_limit_check/maybe_recompile/aload: 2 (2.7%)
  loop_limit_check/maybe_recompile/aload_0: 1 (1.3%)
    loop_limit_check/maybe_recompile/iload: 1 (1.3%)
         unstable_if/reinterpret/if_icmpeq: 1 (1.3%)
         unstable_if/reinterpret/if_icmpge: 3 (4.0%)
         unstable_if/reinterpret/ifnonnull: 9 (12.0%)
               unstable_if/reinterpret/nop: 27 (36.0%)
</statistics>
<statistics type='SharedRuntime'>
    4 new array requires GC
    8 inline cache miss in compiled
   31 wrong method
  498 unresolved static call site
   14 unresolved virtual call site
  599 unresolved opt virtual call site
  133 slow partial subtype
  598 byte array copies
 7912 short array copies
  619 int array copies
 1496 long array copies
   10 checkcast array copies
   72 find exception handler
   43 rethrow handler
AdapterHandlerTable: empty 157 longest 3 total 182 average 1.338235
AdapterHandlerTable: lookups 8887 buckets 9247 equals 8430 hits 8430 compact 8430
</statistics>
<statistics type='nmethod'>
Statistics for 81 native nmethods:
 N. total size  = 76504
 N. relocation  = 6736
 N. main code   = 44168
Statistics for 548 bytecoded nmethods:
 total in heap  = 1143304
 relocation     = 53008
 constants      = 3136
 main code      = 384960
 stub code      = 32016
 oops           = 720
 scopes data    = 144624
 scopes pcs     = 283856
 dependencies   = 4632
 handler table  = 39392
 nul chk table  = 8744
Debug Data Chunks: 30642, shared 4405+7769, non-SP&apos;s elided 116
PcDesc Statistics:  2070 queries, 8.32 comparisons per query
  caches=548 queries=2070/0, hits=0+492, tests=7409+9812, adds=1578
</statistics>
<statistics type='opto'>
--- Compiler Statistics ---
Methods seen: 1426  Methods parsed: 1426  Nodes created: 409511
Blocks parsed: 5090  Blocks seen: 6161
6391 original NULL checks - 4628 elided (72%); optimizer leaves 1786,
785 made implicit (43%)
CCP: 548  constants found: 5
Total frameslots = 3592, Max frameslots = 56
Inserted 0 spill loads, 0 spill stores, 0 mem-mem moves and 0 copies.
Total load cost=      0, store cost =      0, mem-mem cost =  0.00, copy cost =     0.
Adjusted spill cost =       0.
Conservatively coalesced 4859 copies, 0 pairs, 8160 post alloc.
Used cisc instruction  425,  remained in register 2254
Average allocation trips 1.726950
High Pressure Blocks = 0, Low Pressure Blocks = 0
Nops added 0 bytes to total of 377816 bytes, for 0.00%
Peephole: peephole rules applied: 0
PhaseIdealLoop=1845, sum _unique=924910
</statistics>
<statistics type='intrinsic'>
Compiler intrinsic usage:
    11 ( 5.5%) _hashCode (worked,virtual,nonvirtual)
     6 ( 3.0%) _getClass (worked)
     9 ( 4.5%) _clone (worked)
    18 ( 9.0%) _min (worked)
     9 ( 4.5%) _max (worked)
     6 ( 3.0%) _nanoTime (worked)
    28 (14.0%) _arraycopy (worked)
     4 ( 2.0%) _currentThread (worked)
     3 ( 1.5%) _isAssignableFrom (worked)
     1 ( 0.5%) _getModifiers (worked)
     5 ( 2.5%) _isInterface (worked)
     8 ( 4.0%) _isArray (worked)
    18 ( 9.0%) _isPrimitive (worked)
     4 ( 2.0%) _getComponentType (worked)
     9 ( 4.5%) _getCallerClass (worked,failed)
     3 ( 1.5%) _newArray (worked)
     2 ( 1.0%) _copyOf (worked)
     1 ( 0.5%) _copyOfRange (worked)
     4 ( 2.0%) _indexOf (worked)
    19 ( 9.5%) _equals (worked)
     0 ( 0.0%) _checkIndex (disabled)
    11 ( 5.5%) _Reference_get (worked)
     8 ( 4.0%) _getObjectVolatile (worked)
     1 ( 0.5%) _putObjectVolatile (worked)
     3 ( 1.5%) _getLong_raw (worked)
     2 ( 1.0%) _putLong_raw (worked)
     2 ( 1.0%) _compareAndSwapObject (worked)
     1 ( 0.5%) _compareAndSwapLong (worked)
     4 ( 2.0%) _compareAndSwapInt (worked)
   200 (100.0%) total (worked,failed,disabled,virtual,nonvirtual)
</statistics>
<writer thread='21251'/>
<destroy_vm stamp='4.113'/>
<tty_done stamp='4.124'/>
</tty>
<hotspot_log_done stamp='4.124'/>
</hotspot_log>
