<?xml version='1.0' encoding='UTF-8'?>
<hotspot_log version='160 1' process='75522' time_ms='1783157939912'>
<vm_version>
<name>
OpenJDK 64-Bit Server VM
</name>
<release>
25.512-b00-fastdebug
</release>
<info>
OpenJDK 64-Bit Server VM (25.512-b00-fastdebug) for bsd-amd64 JRE (1.8.0_512-internal-xiezhaokun_2026_07_04_16_29-b00), built on Jul  4 2026 16:33:53 by &quot;xiezhaokun&quot; with gcc Apple LLVM 16.0.0 (clang-1600.0.26.6)
</info>
</vm_version>
<vm_arguments>
<args>
-Xbatch -XX:CompileThreshold=100 -XX:-TieredCompilation -XX:CICompilerCount=1 -XX:+UnlockDiagnosticVMOptions -XX:CompileCommand=quiet -XX:+StressGCM -XX:+StressLCM -XX:+StressReflectiveCode -XX:+TraceDeoptimization -Drepro.iterations=10000000 -Drepro.seconds=0 -Drepro.clearCacheEvery=257 -Drepro.deoptAfter=3000000 -Drepro.target=advanced 
</args>
<command>
repro.ResolvableTypeC2Repro
</command>
<launcher>
SUN_STANDARD
</launcher>
<properties>
java.vm.specification.name=Java Virtual Machine Specification
java.vm.version=25.512-b00-fastdebug
java.vm.name=OpenJDK 64-Bit Server VM
java.vm.info=mixed mode, sharing
java.ext.dirs=/Users/xiezhaokun/Library/Java/Extensions:/Users/xiezhaokun/workspace/jdk8u-dev/build/codex-fastdebug-x86_64/jdk/lib/ext:/Library/Java/Extensions:/Network/Library/Java/Extensions:/System/Library/Java/Extensions:/usr/lib/java
java.endorsed.dirs=/Users/xiezhaokun/workspace/jdk8u-dev/build/codex-fastdebug-x86_64/jdk/lib/endorsed
sun.boot.library.path=/Users/xiezhaokun/workspace/jdk8u-dev/build/codex-fastdebug-x86_64/jdk/lib
java.library.path=/Users/xiezhaokun/Library/Java/Extensions:/Library/Java/Extensions:/Network/Library/Java/Extensions:/System/Library/Java/Extensions:/usr/lib/java:.
java.home=/Users/xiezhaokun/workspace/jdk8u-dev/build/codex-fastdebug-x86_64/jdk
java.class.path=/Users/xiezhaokun/workspace/jdk8u-dev/repro/spring-resolvabletype-c2/target/classes:/Users/xiezhaokun/workspace/jdk8u-dev/repro/spring-resolvabletype-c2/target/dependency/spring-core-5.3.31.jar:/Users/xiezhaokun/workspace/jdk8u-dev/repro/spring-resolvabletype-c2/target/dependency/spring-jcl-5.3.31.jar
sun.boot.class.path=/Users/xiezhaokun/workspace/jdk8u-dev/build/codex-fastdebug-x86_64/jdk/lib/resources.jar:/Users/xiezhaokun/workspace/jdk8u-dev/build/codex-fastdebug-x86_64/jdk/lib/rt.jar:/Users/xiezhaokun/workspace/jdk8u-dev/build/codex-fastdebug-x86_64/jdk/lib/sunrsasign.jar:/Users/xiezhaokun/workspace/jdk8u-dev/build/codex-fastdebug-x86_64/jdk/lib/jsse.jar:/Users/xiezhaokun/workspace/jdk8u-dev/build/codex-fastdebug-x86_64/jdk/lib/jce.jar:/Users/xiezhaokun/workspace/jdk8u-dev/build/codex-fastdebug-x86_64/jdk/lib/charsets.jar:/Users/xiezhaokun/workspace/jdk8u-dev/build/codex-fastdebug-x86_64/jdk/lib/jfr.jar:/Users/xiezhaokun/workspace/jdk8u-dev/build/codex-fastdebug-x86_64/jdk/classes
java.vm.specification.vendor=Oracle Corporation
java.vm.specification.version=1.8
java.vm.vendor=Oracle Corporation
repro.iterations=10000000
repro.seconds=0
repro.clearCacheEvery=257
repro.deoptAfter=3000000
repro.target=advanced
sun.java.command=repro.ResolvableTypeC2Repro
sun.java.launcher=SUN_STANDARD
</properties>
</vm_arguments>
<tty>
<blob name='MethodHandlesAdapterBlob' size='182000'>
<sect index='1' size='182000' free='177710'/>
</blob>
<writer thread='9987'/>
<uncommon_trap thread='9987' reason='unstable_if' action='reinterpret' compile_id='2' compiler='C2' stamp='0.421'>
Uncommon trap occurred in java.lang.String::equals (@0x0000000114c7a784) thread=9987 reason=unstable_if action=reinterpret unloaded_class_index=-1
<jvms bci='66' method='java/lang/String equals (Ljava/lang/Object;)Z' bytes='81' count='50' backedge_count='50' iicount='251'/>
</uncommon_trap>
DEOPT PACKING thread 0x00007fbb29009000 Compiled frame (sp=0x000000030c9bef20 unextended sp=0x000000030c9bef20, fp=0x0000000000000000, real_fp=0x000000030c9bef60, pc=0x0000000114c7a784)
     nmethod    421    2             java.lang.String::equals (81 bytes)

     Virtual frames (innermost first):
        0 - frame( sp=0x000000030c9bef20, unextended_sp=0x000000030c9bef20, fp=0x0000000000000000, pc=0x0000000114c7a784)
java.lang.String.equals(String.java:988) - if_icmpeq @ bci 66 
     Created vframeArray 0x00007fbb2a053820
DEOPT UNPACKING thread 0x00007fbb29009000 vframeArray 0x00007fbb2a053820 mode 2
     {method} {0x0000000111806488} &apos;equals&apos; &apos;(Ljava/lang/Object;)Z&apos; in &apos;java/lang/String&apos; - if_icmpeq @ bci 66 sp = 0x000000030c9beed8
<dependency_failed type='abstract_with_unique_concrete_subtype' ctxk='java/nio/ByteBuffer' x='java/nio/HeapByteBuffer' witness='java/nio/DirectByteBuffer' stamp='0.454'/>
<uncommon_trap thread='9987' reason='unstable_if' action='reinterpret' compile_id='7' compiler='C2' stamp='0.591'>
Uncommon trap occurred in java.lang.String::replace (@0x0000000114cade30) thread=9987 reason=unstable_if action=reinterpret unloaded_class_index=-1
<jvms bci='26' method='java/lang/String replace (CC)Ljava/lang/String;' bytes='127' count='12' backedge_count='77' iicount='12'/>
</uncommon_trap>
DEOPT PACKING thread 0x00007fbb29009000 Compiled frame (sp=0x000000030c9c1640 unextended sp=0x000000030c9c1640, fp=0x000000000000002e, real_fp=0x000000030c9c16b0, pc=0x0000000114cade30)
     nmethod    591    7             java.lang.String::replace (127 bytes)

     Virtual frames (innermost first):
        0 - frame( sp=0x000000030c9c1640, unextended_sp=0x000000030c9c1640, fp=0x000000000000002e, pc=0x0000000114cade30)
java.lang.String.replace(String.java:2072) - if_icmpge @ bci 26 
     Created vframeArray 0x00007fbb2a056820
DEOPT UNPACKING thread 0x00007fbb29009000 vframeArray 0x00007fbb2a056820 mode 2
     {method} {0x00000001118087c8} &apos;replace&apos; &apos;(CC)Ljava/lang/String;&apos; in &apos;java/lang/String&apos; - if_icmpge @ bci 26 sp = 0x000000030c9c1628
<uncommon_trap thread='9987' reason='loop_limit_check' action='maybe_recompile' compile_id='17' compiler='C2' stamp='0.617'>
Uncommon trap occurred in java.lang.String::equals (@0x0000000114cb55a4) thread=9987 reason=loop_limit_check action=maybe_recompile unloaded_class_index=-1
<jvms bci='56' method='java/lang/String equals (Ljava/lang/Object;)Z' bytes='81' count='33' backedge_count='51' iicount='283' decompiles='1' unstable_if_traps='1'/>
</uncommon_trap>
DEOPT PACKING thread 0x00007fbb29009000 Compiled frame (sp=0x000000030c9c0f40 unextended sp=0x000000030c9c0f40, fp=0x0000000000000000, real_fp=0x000000030c9c0f80, pc=0x0000000114cb55a4)
     nmethod    617   17             java.lang.String::equals (81 bytes)

     Virtual frames (innermost first):
        0 - frame( sp=0x000000030c9c0f40, unextended_sp=0x000000030c9c0f40, fp=0x0000000000000000, pc=0x0000000114cb55a4)
java.lang.String.equals(String.java:988) - aload @ bci 56 
     Created vframeArray 0x00007fbb2b03ba20
DEOPT UNPACKING thread 0x00007fbb29009000 vframeArray 0x00007fbb2b03ba20 mode 2
     {method} {0x0000000111806488} &apos;equals&apos; &apos;(Ljava/lang/Object;)Z&apos; in &apos;java/lang/String&apos; - aload @ bci 56 sp = 0x000000030c9c0f08
<uncommon_trap thread='9987' reason='predicate' action='maybe_recompile' compile_id='29' compiler='C2' stamp='0.686'>
Uncommon trap occurred in sun.net.www.ParseUtil::encodePath (@0x0000000114cbaa20) thread=9987 reason=predicate action=maybe_recompile unloaded_class_index=-1
<jvms bci='36' method='sun/net/www/ParseUtil encodePath (Ljava/lang/String;Z)Ljava/lang/String;' bytes='336' count='7' backedge_count='83' iicount='7'/>
</uncommon_trap>
DEOPT PACKING thread 0x00007fbb29009000 Compiled frame (sp=0x000000030c9c05d0 unextended sp=0x000000030c9c05d0, fp=0x00000007955eba88, real_fp=0x000000030c9c0650, pc=0x0000000114cbaa20)
     nmethod    686   29             sun.net.www.ParseUtil::encodePath (336 bytes)

     Virtual frames (innermost first):
        0 - frame( sp=0x000000030c9c05d0, unextended_sp=0x000000030c9c05d0, fp=0x00000007955eba88, pc=0x0000000114cbaa20)
sun.net.www.ParseUtil.encodePath(ParseUtil.java:111) - aload @ bci 36 
     Created vframeArray 0x00007fbb2b01b220
DEOPT UNPACKING thread 0x00007fbb29009000 vframeArray 0x00007fbb2b01b220 mode 2
     {method} {0x00000001119dd6b0} &apos;encodePath&apos; &apos;(Ljava/lang/String;Z)Ljava/lang/String;&apos; in &apos;sun/net/www/ParseUtil&apos; - aload @ bci 36 sp = 0x000000030c9c05c0
<dependency_failed type='leaf_type' ctxk='java/util/concurrent/ConcurrentHashMap$Node' witness='java/util/concurrent/ConcurrentHashMap$ForwardingNode' stamp='0.722'/>
<uncommon_trap thread='9987' reason='unstable_if' action='reinterpret' compile_id='77' compiler='C2' stamp='1.068'>
Uncommon trap occurred in java.util.zip.ZipCoder::getBytes (@0x0000000114cd12b8) thread=9987 reason=unstable_if action=reinterpret unloaded_class_index=-1
<jvms bci='4' method='java/util/zip/ZipCoder encoder ()Ljava/nio/charset/CharsetEncoder;' bytes='35' count='50' backedge_count='1' iicount='100'/>
<jvms bci='1' method='java/util/zip/ZipCoder getBytes (Ljava/lang/String;)[B' bytes='192' count='50' backedge_count='1' iicount='100'/>
</uncommon_trap>
DEOPT PACKING thread 0x00007fbb29009000 Compiled frame (sp=0x000000030c9be9c0 unextended sp=0x000000030c9be9c0, fp=0x000000030c9bea98, real_fp=0x000000030c9bea20, pc=0x0000000114cd12b8)
     nmethod   1068   77             java.util.zip.ZipCoder::getBytes (192 bytes)

     Virtual frames (innermost first):
        0 - frame( sp=0x000000030c9be9c0, unextended_sp=0x000000030c9be9c0, fp=0x000000030c9bea98, pc=0x0000000114cd12b8)
java.util.zip.ZipCoder.encoder(ZipCoder.java:152) - ifnonnull @ bci 4 
        1 - frame( sp=0x000000030c9be9c0, unextended_sp=0x000000030c9be9c0, fp=0x000000030c9bea98, pc=0x0000000114cd12b8)
java.util.zip.ZipCoder.getBytes(ZipCoder.java:77) - invokespecial @ bci 1 
     Created vframeArray 0x00007fbb2b03ba20
DEOPT UNPACKING thread 0x00007fbb29009000 vframeArray 0x00007fbb2b03ba20 mode 2
     {method} {0x0000000111a6e098} &apos;getBytes&apos; &apos;(Ljava/lang/String;)[B&apos; in &apos;java/util/zip/ZipCoder&apos; - invokespecial @ bci 1 sp = 0x000000030c9be990
     {method} {0x0000000111a6e668} &apos;encoder&apos; &apos;()Ljava/nio/charset/CharsetEncoder;&apos; in &apos;java/util/zip/ZipCoder&apos; - ifnonnull @ bci 4 sp = 0x000000030c9be938
<uncommon_trap thread='9987' reason='class_check' action='maybe_recompile' compile_id='76' compiler='C2' stamp='1.075'>
Uncommon trap occurred in java.net.URL::&lt;init&gt; (@0x0000000114cd4760) thread=9987 reason=class_check action=maybe_recompile unloaded_class_index=-1
<jvms bci='504' method='java/net/URL &lt;init&gt; (Ljava/net/URL;Ljava/lang/String;Ljava/net/URLStreamHandler;)V' bytes='543' count='27' backedge_count='51' iicount='27'/>
</uncommon_trap>
DEOPT PACKING thread 0x00007fbb29009000 Compiled frame (sp=0x000000030c9c0540 unextended sp=0x000000030c9c0540, fp=0x0000000795647a18, real_fp=0x000000030c9c05a0, pc=0x0000000114cd4760)
     nmethod   1075   76   !         java.net.URL::&lt;init&gt; (543 bytes)

     Virtual frames (innermost first):
        0 - frame( sp=0x000000030c9c0540, unextended_sp=0x000000030c9c0540, fp=0x0000000795647a18, pc=0x0000000114cd4760)
java.net.URL.&lt;init&gt;(URL.java:640) - invokevirtual @ bci 504 
     Created vframeArray 0x00007fbb2904ee20
DEOPT UNPACKING thread 0x00007fbb29009000 vframeArray 0x00007fbb2904ee20 mode 2
     {method} {0x00000001118a9008} &apos;&lt;init&gt;&apos; &apos;(Ljava/net/URL;Ljava/lang/String;Ljava/net/URLStreamHandler;)V&apos; in &apos;java/net/URL&apos; - invokevirtual @ bci 504 sp = 0x000000030c9c04d8
<dependency_failed type='abstract_with_unique_concrete_subtype' ctxk='sun/misc/Resource' x='sun/misc/URLClassPath$FileLoader$1' witness='sun/misc/URLClassPath$JarLoader$2' stamp='1.076'/>
SAVED OOP RESULT 0x00000007956487c8 in thread 0x00007fbb29009000
DEOPT PACKING thread 0x00007fbb29009000 Deoptimized frame (sp=0x000000030c9c0730 unextended sp=0x000000030c9c0730, fp=0x0000000000000001, real_fp=0x000000030c9c0780, pc=0x0000000114ccbd7c)
     nmethod   1077   99             sun.misc.URLClassPath::getResource (83 bytes)

     Virtual frames (innermost first):
        0 - frame( sp=0x000000030c9c0730, unextended_sp=0x000000030c9c0730, fp=0x0000000000000001, pc=0x0000000114ccbd7c)
sun.misc.URLClassPath.getResource(URLClassPath.java:250) - invokevirtual @ bci 62 
     Created vframeArray 0x00007fbb2a01a820
DEOPT UNPACKING thread 0x00007fbb29009000 vframeArray 0x00007fbb2a01a820 mode 0
     {method} {0x0000000111a23d78} &apos;getResource&apos; &apos;(Ljava/lang/String;Z)Lsun/misc/Resource;&apos; in &apos;sun/misc/URLClassPath&apos; - invokevirtual @ bci 62 sp = 0x000000030c9c0710
<uncommon_trap thread='9987' reason='bimorphic' action='maybe_recompile' compile_id='108' compiler='C2' stamp='1.207'>
Uncommon trap occurred in java.util.HashMap::getNode (@0x0000000114ce2680) thread=9987 reason=bimorphic action=maybe_recompile unloaded_class_index=-1
<jvms bci='59' method='java/util/HashMap getNode (ILjava/lang/Object;)Ljava/util/HashMap$Node;' bytes='148' count='50' backedge_count='1' iicount='100'/>
</uncommon_trap>
DEOPT PACKING thread 0x00007fbb29009000 Compiled frame (sp=0x000000030c9c03e0 unextended sp=0x000000030c9c03e0, fp=0x00000000f59c21e1, real_fp=0x000000030c9c0420, pc=0x0000000114ce2680)
     nmethod   1207  108             java.util.HashMap::getNode (148 bytes)

     Virtual frames (innermost first):
        0 - frame( sp=0x000000030c9c03e0, unextended_sp=0x000000030c9c03e0, fp=0x00000000f59c21e1, pc=0x0000000114ce2680)
java.util.HashMap.getNode(HashMap.java:573) - invokevirtual @ bci 59 
     Created vframeArray 0x00007fbb2a847220
DEOPT UNPACKING thread 0x00007fbb29009000 vframeArray 0x00007fbb2a847220 mode 2
     {method} {0x0000000111916c80} &apos;getNode&apos; &apos;(ILjava/lang/Object;)Ljava/util/HashMap$Node;&apos; in &apos;java/util/HashMap&apos; - invokevirtual @ bci 59 sp = 0x000000030c9c0398
<uncommon_trap thread='9987' reason='bimorphic' action='maybe_recompile' compile_id='108' compiler='C2' count='1' state='#7' stamp='1.208'>
Uncommon trap occurred in java.util.HashMap::getNode (@0x0000000114ce2680) thread=9987 reason=bimorphic action=maybe_recompile unloaded_class_index=-1
<jvms bci='59' method='java/util/HashMap getNode (ILjava/lang/Object;)Ljava/util/HashMap$Node;' bytes='148' count='50' backedge_count='1' iicount='100' bimorphic_traps='1'/>
</uncommon_trap>
DEOPT PACKING thread 0x00007fbb29009000 Compiled frame (sp=0x000000030c9c03e0 unextended sp=0x000000030c9c03e0, fp=0x000000006499bd24, real_fp=0x000000030c9c0420, pc=0x0000000114ce2680)
     nmethod   1208  108             java.util.HashMap::getNode (148 bytes)

     Virtual frames (innermost first):
        0 - frame( sp=0x000000030c9c03e0, unextended_sp=0x000000030c9c03e0, fp=0x000000006499bd24, pc=0x0000000114ce2680)
java.util.HashMap.getNode(HashMap.java:573) - invokevirtual @ bci 59 
     Created vframeArray 0x00007fbb19008820
DEOPT UNPACKING thread 0x00007fbb29009000 vframeArray 0x00007fbb19008820 mode 2
     {method} {0x0000000111916c80} &apos;getNode&apos; &apos;(ILjava/lang/Object;)Ljava/util/HashMap$Node;&apos; in &apos;java/util/HashMap&apos; - invokevirtual @ bci 59 sp = 0x000000030c9c0398
<uncommon_trap thread='9987' reason='class_check' action='maybe_recompile' compile_id='76' compiler='C2' count='1' state='class_check' stamp='1.310'>
Uncommon trap occurred in java.net.URL::&lt;init&gt; (@0x0000000114cd4760) thread=9987 reason=class_check action=maybe_recompile unloaded_class_index=-1
<jvms bci='504' method='java/net/URL &lt;init&gt; (Ljava/net/URL;Ljava/lang/String;Ljava/net/URLStreamHandler;)V' bytes='543' count='27' backedge_count='51' iicount='27' class_check_traps='1'/>
</uncommon_trap>
DEOPT PACKING thread 0x00007fbb29009000 Compiled frame (sp=0x000000030c9bffc0 unextended sp=0x000000030c9bffc0, fp=0x0000000795660da0, real_fp=0x000000030c9c0020, pc=0x0000000114cd4760)
     nmethod   1310   76   !         java.net.URL::&lt;init&gt; (543 bytes)

     Virtual frames (innermost first):
        0 - frame( sp=0x000000030c9bffc0, unextended_sp=0x000000030c9bffc0, fp=0x0000000795660da0, pc=0x0000000114cd4760)
java.net.URL.&lt;init&gt;(URL.java:640) - invokevirtual @ bci 504 
     Created vframeArray 0x00007fbb2b03ba20
DEOPT UNPACKING thread 0x00007fbb29009000 vframeArray 0x00007fbb2b03ba20 mode 2
     {method} {0x00000001118a9008} &apos;&lt;init&gt;&apos; &apos;(Ljava/net/URL;Ljava/lang/String;Ljava/net/URLStreamHandler;)V&apos; in &apos;java/net/URL&apos; - invokevirtual @ bci 504 sp = 0x000000030c9bff58
<uncommon_trap thread='9987' reason='bimorphic' action='maybe_recompile' compile_id='108' compiler='C2' count='2' state='#7' stamp='1.313'>
Uncommon trap occurred in java.util.HashMap::getNode (@0x0000000114ce2680) thread=9987 reason=bimorphic action=maybe_recompile unloaded_class_index=-1
<jvms bci='59' method='java/util/HashMap getNode (ILjava/lang/Object;)Ljava/util/HashMap$Node;' bytes='148' count='50' backedge_count='1' iicount='100' bimorphic_traps='2'/>
</uncommon_trap>
DEOPT PACKING thread 0x00007fbb29009000 Compiled frame (sp=0x000000030c9bfea0 unextended sp=0x000000030c9bfea0, fp=0x00000000f59c21e1, real_fp=0x000000030c9bfee0, pc=0x0000000114ce2680)
     nmethod   1313  108             java.util.HashMap::getNode (148 bytes)

     Virtual frames (innermost first):
        0 - frame( sp=0x000000030c9bfea0, unextended_sp=0x000000030c9bfea0, fp=0x00000000f59c21e1, pc=0x0000000114ce2680)
java.util.HashMap.getNode(HashMap.java:573) - invokevirtual @ bci 59 
     Created vframeArray 0x00007fbb2a01a820
DEOPT UNPACKING thread 0x00007fbb29009000 vframeArray 0x00007fbb2a01a820 mode 2
     {method} {0x0000000111916c80} &apos;getNode&apos; &apos;(ILjava/lang/Object;)Ljava/util/HashMap$Node;&apos; in &apos;java/util/HashMap&apos; - invokevirtual @ bci 59 sp = 0x000000030c9bfe40
<uncommon_trap thread='9987' reason='bimorphic' action='maybe_recompile' compile_id='108' compiler='C2' count='3' state='#7' stamp='1.313'>
Uncommon trap occurred in java.util.HashMap::getNode (@0x0000000114ce2680) thread=9987 reason=bimorphic action=maybe_recompile unloaded_class_index=-1
<jvms bci='59' method='java/util/HashMap getNode (ILjava/lang/Object;)Ljava/util/HashMap$Node;' bytes='148' count='50' backedge_count='1' iicount='100' bimorphic_traps='3'/>
</uncommon_trap>
DEOPT PACKING thread 0x00007fbb29009000 Compiled frame (sp=0x000000030c9bfea0 unextended sp=0x000000030c9bfea0, fp=0x000000006499bd24, real_fp=0x000000030c9bfee0, pc=0x0000000114ce2680)
     nmethod   1313  108             java.util.HashMap::getNode (148 bytes)

     Virtual frames (innermost first):
        0 - frame( sp=0x000000030c9bfea0, unextended_sp=0x000000030c9bfea0, fp=0x000000006499bd24, pc=0x0000000114ce2680)
java.util.HashMap.getNode(HashMap.java:573) - invokevirtual @ bci 59 
     Created vframeArray 0x00007fbb2a072820
DEOPT UNPACKING thread 0x00007fbb29009000 vframeArray 0x00007fbb2a072820 mode 2
     {method} {0x0000000111916c80} &apos;getNode&apos; &apos;(ILjava/lang/Object;)Ljava/util/HashMap$Node;&apos; in &apos;java/util/HashMap&apos; - invokevirtual @ bci 59 sp = 0x000000030c9bfe40
<uncommon_trap thread='9987' reason='unstable_if' action='reinterpret' compile_id='26' compiler='C2' stamp='1.358'>
Uncommon trap occurred in java.lang.Math::max (@0x0000000114cb27d0) thread=9987 reason=unstable_if action=reinterpret unloaded_class_index=-1
<jvms bci='2' method='java/lang/Math max (II)I' bytes='11' count='50' backedge_count='1' iicount='100'/>
</uncommon_trap>
DEOPT PACKING thread 0x00007fbb29009000 Compiled frame (sp=0x000000030c9c0b40 unextended sp=0x000000030c9c0b40, fp=0x000000030c9c0bd0, real_fp=0x000000030c9c0b70, pc=0x0000000114cb27d0)
     nmethod   1358   26             java.lang.Math::max (11 bytes)

     Virtual frames (innermost first):
        0 - frame( sp=0x000000030c9c0b40, unextended_sp=0x000000030c9c0b40, fp=0x000000030c9c0bd0, pc=0x0000000114cb27d0)
java.lang.Math.max(Math.java:1252) - if_icmplt @ bci 2 
     Created vframeArray 0x00007fbb2904f820
DEOPT UNPACKING thread 0x00007fbb29009000 vframeArray 0x00007fbb2904f820 mode 2
     {method} {0x0000000111924a80} &apos;max&apos; &apos;(II)I&apos; in &apos;java/lang/Math&apos; - if_icmplt @ bci 2 sp = 0x000000030c9c0b10
<uncommon_trap thread='9987' reason='unstable_if' action='reinterpret' compile_id='136' compiler='C2' stamp='1.375'>
Uncommon trap occurred in java.lang.ClassLoader::loadClass (@0x0000000114cec8f0) thread=9987 reason=unstable_if action=reinterpret unloaded_class_index=-1
<jvms bci='28' method='java/lang/ClassLoader getClassLoadingLock (Ljava/lang/String;)Ljava/lang/Object;' bytes='35' count='50' backedge_count='1' iicount='100'/>
<jvms bci='2' method='java/lang/ClassLoader loadClass (Ljava/lang/String;Z)Ljava/lang/Class;' bytes='122' count='50' backedge_count='1' iicount='100' throwouts='27'/>
</uncommon_trap>
DEOPT PACKING thread 0x00007fbb29009000 Compiled frame (sp=0x000000030c9beef0 unextended sp=0x000000030c9beef0, fp=0x00000007955c4f78, real_fp=0x000000030c9bef50, pc=0x0000000114cec8f0)
     nmethod   1374  136   !         java.lang.ClassLoader::loadClass (122 bytes)

     Virtual frames (innermost first):
        0 - frame( sp=0x000000030c9beef0, unextended_sp=0x000000030c9beef0, fp=0x00000007955c4f78, pc=0x0000000114cec8f0)
java.lang.ClassLoader.getClassLoadingLock(ClassLoader.java:458) - ifnonnull @ bci 28 
        1 - frame( sp=0x000000030c9beef0, unextended_sp=0x000000030c9beef0, fp=0x00000007955c4f78, pc=0x0000000114cec8f0)
java.lang.ClassLoader.loadClass(ClassLoader.java:398) - invokevirtual @ bci 2 
     Created vframeArray 0x00007fbb2a847220
DEOPT UNPACKING thread 0x00007fbb29009000 vframeArray 0x00007fbb2a847220 mode 2
     {method} {0x0000000111819d60} &apos;loadClass&apos; &apos;(Ljava/lang/String;Z)Ljava/lang/Class;&apos; in &apos;java/lang/ClassLoader&apos; - invokevirtual @ bci 2 sp = 0x000000030c9beea8
     {method} {0x0000000111819e58} &apos;getClassLoadingLock&apos; &apos;(Ljava/lang/String;)Ljava/lang/Object;&apos; in &apos;java/lang/ClassLoader&apos; - ifnonnull @ bci 28 sp = 0x000000030c9bee50
<uncommon_trap thread='9987' reason='unstable_if' action='reinterpret' compile_id='179' compiler='C2' stamp='1.549'>
Uncommon trap occurred in java.lang.invoke.MemberName::isInvocable (@0x0000000114d02208) thread=9987 reason=unstable_if action=reinterpret unloaded_class_index=-1
<jvms bci='6' method='java/lang/invoke/MemberName testAnyFlags (I)Z' bytes='15' count='50' backedge_count='1' iicount='100'/>
<jvms bci='3' method='java/lang/invoke/MemberName isInvocable ()Z' bytes='7' count='50' backedge_count='1' iicount='100'/>
</uncommon_trap>
DEOPT PACKING thread 0x00007fbb29009000 Compiled frame (sp=0x000000030c9befb0 unextended sp=0x000000030c9befb0, fp=0x0000000000000001, real_fp=0x000000030c9befd0, pc=0x0000000114d02208)
     nmethod   1549  179             java.lang.invoke.MemberName::isInvocable (7 bytes)

     Virtual frames (innermost first):
        0 - frame( sp=0x000000030c9befb0, unextended_sp=0x000000030c9befb0, fp=0x0000000000000001, pc=0x0000000114d02208)
java.lang.invoke.MemberName.testAnyFlags(MemberName.java:340) - ifne @ bci 6 
        1 - frame( sp=0x000000030c9befb0, unextended_sp=0x000000030c9befb0, fp=0x0000000000000001, pc=0x0000000114d02208)
java.lang.invoke.MemberName.isInvocable(MemberName.java:443) - invokespecial @ bci 3 
     Created vframeArray 0x00007fbb2a072820
DEOPT UNPACKING thread 0x00007fbb29009000 vframeArray 0x00007fbb2a072820 mode 2
     {method} {0x000000011186c5c8} &apos;isInvocable&apos; &apos;()Z&apos; in &apos;java/lang/invoke/MemberName&apos; - invokespecial @ bci 3 sp = 0x000000030c9bef70
     {method} {0x000000011186ba58} &apos;testAnyFlags&apos; &apos;(I)Z&apos; in &apos;java/lang/invoke/MemberName&apos; - ifne @ bci 6 sp = 0x000000030c9bef18
<uncommon_trap thread='9987' reason='unstable_if' action='reinterpret' compile_id='180' compiler='C2' count='1' state='intrinsic recompiled' stamp='1.549'>
Uncommon trap occurred in java.lang.invoke.MemberName::testAnyFlags (@0x0000000114d01f40) thread=9987 reason=unstable_if action=reinterpret unloaded_class_index=-1
<jvms bci='6' method='java/lang/invoke/MemberName testAnyFlags (I)Z' bytes='15' count='1' backedge_count='1' iicount='100' unstable_if_traps='1'/>
</uncommon_trap>
DEOPT PACKING thread 0x00007fbb29009000 Compiled frame (sp=0x000000030c9beee0 unextended sp=0x000000030c9beee0, fp=0x0000000000000001, real_fp=0x000000030c9bef00, pc=0x0000000114d01f40)
     nmethod   1549  180             java.lang.invoke.MemberName::testAnyFlags (15 bytes)

     Virtual frames (innermost first):
        0 - frame( sp=0x000000030c9beee0, unextended_sp=0x000000030c9beee0, fp=0x0000000000000001, pc=0x0000000114d01f40)
java.lang.invoke.MemberName.testAnyFlags(MemberName.java:340) - ifne @ bci 6 
     Created vframeArray 0x00007fbb2b03ba20
DEOPT UNPACKING thread 0x00007fbb29009000 vframeArray 0x00007fbb2b03ba20 mode 2
     {method} {0x000000011186ba58} &apos;testAnyFlags&apos; &apos;(I)Z&apos; in &apos;java/lang/invoke/MemberName&apos; - ifne @ bci 6 sp = 0x000000030c9beea8
<uncommon_trap thread='9987' reason='unstable_if' action='reinterpret' compile_id='213' compiler='C2' stamp='1.738'>
Uncommon trap occurred in java.util.SubList$1::hasNext (@0x0000000114d10774) thread=9987 reason=unstable_if action=reinterpret unloaded_class_index=-1
<jvms bci='11' method='java/util/SubList$1 hasNext ()Z' bytes='20' count='50' backedge_count='1' iicount='100'/>
</uncommon_trap>
DEOPT PACKING thread 0x00007fbb29009000 Compiled frame (sp=0x000000030c9c08a0 unextended sp=0x000000030c9c08a0, fp=0x0000000000000048, real_fp=0x000000030c9c08d0, pc=0x0000000114d10774)
     nmethod   1738  213             java.util.SubList$1::hasNext (20 bytes)

     Virtual frames (innermost first):
        0 - frame( sp=0x000000030c9c08a0, unextended_sp=0x000000030c9c08a0, fp=0x0000000000000048, pc=0x0000000114d10774)
java.util.SubList$1.hasNext(AbstractList.java:702) - if_icmpge @ bci 11 
     Created vframeArray 0x00007fbb2a072820
DEOPT UNPACKING thread 0x00007fbb29009000 vframeArray 0x00007fbb2a072820 mode 2
     {method} {0x0000000111bb7308} &apos;hasNext&apos; &apos;()Z&apos; in &apos;java/util/SubList$1&apos; - if_icmpge @ bci 11 sp = 0x000000030c9c0870
<uncommon_trap thread='9987' reason='unstable_if' action='reinterpret' compile_id='200' compiler='C2' stamp='1.739'>
Uncommon trap occurred in java.lang.invoke.MemberName::getMethodType (@0x0000000114d0ad00) thread=9987 reason=unstable_if action=reinterpret unloaded_class_index=-1
<jvms bci='4' method='java/lang/invoke/MemberName getMethodType ()Ljava/lang/invoke/MethodType;' bytes='208' count='50' backedge_count='1' iicount='100'/>
</uncommon_trap>
DEOPT PACKING thread 0x00007fbb29009000 Compiled frame (sp=0x000000030c9c0ac0 unextended sp=0x000000030c9c0ac0, fp=0x00000007956aebe0, real_fp=0x000000030c9c0b00, pc=0x0000000114d0ad00)
     nmethod   1739  200   !         java.lang.invoke.MemberName::getMethodType (208 bytes)

     Virtual frames (innermost first):
        0 - frame( sp=0x000000030c9c0ac0, unextended_sp=0x000000030c9c0ac0, fp=0x00000007956aebe0, pc=0x0000000114d0ad00)
java.lang.invoke.MemberName.getMethodType(MemberName.java:122) - ifnonnull @ bci 4 
     Created vframeArray 0x00007fbb2a81e020
DEOPT UNPACKING thread 0x00007fbb29009000 vframeArray 0x00007fbb2a81e020 mode 2
     {method} {0x000000011186a8a8} &apos;getMethodType&apos; &apos;()Ljava/lang/invoke/MethodType;&apos; in &apos;java/lang/invoke/MemberName&apos; - ifnonnull @ bci 4 sp = 0x000000030c9c0a78
<uncommon_trap thread='9987' reason='unstable_if' action='reinterpret' compile_id='137' compiler='C2' count='1' state='intrinsic recompiled' stamp='1.740'>
Uncommon trap occurred in java.lang.ClassLoader::getClassLoadingLock (@0x0000000114cee1a4) thread=9987 reason=unstable_if action=reinterpret unloaded_class_index=-1
<jvms bci='28' method='java/lang/ClassLoader getClassLoadingLock (Ljava/lang/String;)Ljava/lang/Object;' bytes='35' count='1' backedge_count='1' iicount='100' unstable_if_traps='1'/>
</uncommon_trap>
DEOPT PACKING thread 0x00007fbb29009000 Compiled frame (sp=0x000000030c9c06b0 unextended sp=0x000000030c9c06b0, fp=0x00000007956b1088, real_fp=0x000000030c9c06f0, pc=0x0000000114cee1a4)
     nmethod   1740  137             java.lang.ClassLoader::getClassLoadingLock (35 bytes)

     Virtual frames (innermost first):
        0 - frame( sp=0x000000030c9c06b0, unextended_sp=0x000000030c9c06b0, fp=0x00000007956b1088, pc=0x0000000114cee1a4)
java.lang.ClassLoader.getClassLoadingLock(ClassLoader.java:458) - ifnonnull @ bci 28 
     Created vframeArray 0x00007fbb2905f420
DEOPT UNPACKING thread 0x00007fbb29009000 vframeArray 0x00007fbb2905f420 mode 2
     {method} {0x0000000111819e58} &apos;getClassLoadingLock&apos; &apos;(Ljava/lang/String;)Ljava/lang/Object;&apos; in &apos;java/lang/ClassLoader&apos; - ifnonnull @ bci 28 sp = 0x000000030c9c0688
<uncommon_trap thread='9987' reason='class_check' action='maybe_recompile' compile_id='195' compiler='C2' stamp='1.920'>
Uncommon trap occurred in java.util.concurrent.ConcurrentHashMap::get (@0x0000000114d07b50) thread=9987 reason=class_check action=maybe_recompile unloaded_class_index=-1
<jvms bci='1' method='java/util/concurrent/ConcurrentHashMap get (Ljava/lang/Object;)Ljava/lang/Object;' bytes='162' count='50' backedge_count='14' iicount='86'/>
</uncommon_trap>
DEOPT PACKING thread 0x00007fbb29009000 Compiled frame (sp=0x000000030c9c1a70 unextended sp=0x000000030c9c1a70, fp=0x0000000795673e18, real_fp=0x000000030c9c1ab0, pc=0x0000000114d07b50)
     nmethod   1920  195             java.util.concurrent.ConcurrentHashMap::get (162 bytes)

     Virtual frames (innermost first):
        0 - frame( sp=0x000000030c9c1a70, unextended_sp=0x000000030c9c1a70, fp=0x0000000795673e18, pc=0x0000000114d07b50)
java.util.concurrent.ConcurrentHashMap.get(ConcurrentHashMap.java:936) - invokevirtual @ bci 1 
     Created vframeArray 0x00007fbb2b01b220
DEOPT UNPACKING thread 0x00007fbb29009000 vframeArray 0x00007fbb2b01b220 mode 2
     {method} {0x00000001119f9c88} &apos;get&apos; &apos;(Ljava/lang/Object;)Ljava/lang/Object;&apos; in &apos;java/util/concurrent/ConcurrentHashMap&apos; - invokevirtual @ bci 1 sp = 0x000000030c9c1a20
<uncommon_trap thread='9987' reason='unstable_if' action='reinterpret' compile_id='152' compiler='C2' stamp='1.921'>
Uncommon trap occurred in java.lang.Class::getClassLoader (@0x0000000114cf27b4) thread=9987 reason=unstable_if action=reinterpret unloaded_class_index=-1
<jvms bci='6' method='java/lang/Class getClassLoader ()Ljava/lang/ClassLoader;' bytes='28' count='50' backedge_count='1' iicount='100'/>
</uncommon_trap>
DEOPT PACKING thread 0x00007fbb29009000 Compiled frame (sp=0x000000030c9c17b0 unextended sp=0x000000030c9c17b0, fp=0x000000030c9c1838, real_fp=0x000000030c9c17e0, pc=0x0000000114cf27b4)
     nmethod   1920  152             java.lang.Class::getClassLoader (28 bytes)

     Virtual frames (innermost first):
        0 - frame( sp=0x000000030c9c17b0, unextended_sp=0x000000030c9c17b0, fp=0x000000030c9c1838, pc=0x0000000114cf27b4)
java.lang.Class.getClassLoader(Class.java:679) - ifnonnull @ bci 6 
     Created vframeArray 0x00007fbb2b049e20
DEOPT UNPACKING thread 0x00007fbb29009000 vframeArray 0x00007fbb2b049e20 mode 2
     {method} {0x0000000111810320} &apos;getClassLoader&apos; &apos;()Ljava/lang/ClassLoader;&apos; in &apos;java/lang/Class&apos; - ifnonnull @ bci 6 sp = 0x000000030c9c1778
<uncommon_trap thread='9987' reason='unstable_if' action='reinterpret' compile_id='168' compiler='C2' count='1' state='intrinsic recompiled' stamp='1.922'>
Uncommon trap occurred in sun.invoke.util.VerifyAccess::isSamePackage (@0x0000000114cf93d0) thread=9987 reason=unstable_if action=reinterpret unloaded_class_index=-1
<jvms bci='6' method='java/lang/Class getClassLoader ()Ljava/lang/ClassLoader;' bytes='28' count='1' backedge_count='1' iicount='100' decompiles='1' unstable_if_traps='1'/>
<jvms bci='40' method='sun/invoke/util/VerifyAccess isSamePackage (Ljava/lang/Class;Ljava/lang/Class;)Z' bytes='114' count='8' backedge_count='66' iicount='8'/>
</uncommon_trap>
DEOPT PACKING thread 0x00007fbb29009000 Compiled frame (sp=0x000000030c9c1770 unextended sp=0x000000030c9c1770, fp=0x0000000795582920, real_fp=0x000000030c9c17c0, pc=0x0000000114cf93d0)
     nmethod   1922  168             sun.invoke.util.VerifyAccess::isSamePackage (114 bytes)

     Virtual frames (innermost first):
        0 - frame( sp=0x000000030c9c1770, unextended_sp=0x000000030c9c1770, fp=0x0000000795582920, pc=0x0000000114cf93d0)
java.lang.Class.getClassLoader(Class.java:679) - ifnonnull @ bci 6 
        1 - frame( sp=0x000000030c9c1770, unextended_sp=0x000000030c9c1770, fp=0x0000000795582920, pc=0x0000000114cf93d0)
sun.invoke.util.VerifyAccess.isSamePackage(VerifyAccess.java:275) - invokevirtual @ bci 40 
     Created vframeArray 0x00007fbb2b01b220
DEOPT UNPACKING thread 0x00007fbb29009000 vframeArray 0x00007fbb2b01b220 mode 2
     {method} {0x0000000111b36c60} &apos;isSamePackage&apos; &apos;(Ljava/lang/Class;Ljava/lang/Class;)Z&apos; in &apos;sun/invoke/util/VerifyAccess&apos; - invokevirtual @ bci 40 sp = 0x000000030c9c1730
     {method} {0x0000000111810320} &apos;getClassLoader&apos; &apos;()Ljava/lang/ClassLoader;&apos; in &apos;java/lang/Class&apos; - ifnonnull @ bci 6 sp = 0x000000030c9c16d8
<uncommon_trap thread='9987' reason='loop_limit_check' action='maybe_recompile' compile_id='335' compiler='C2' stamp='2.465'>
Uncommon trap occurred in java.lang.invoke.LambdaForm::shortenSignature (@0x0000000114d52ad4) thread=9987 reason=loop_limit_check action=maybe_recompile unloaded_class_index=-1
<jvms bci='97' method='java/lang/invoke/LambdaForm shortenSignature (Ljava/lang/String;)Ljava/lang/String;' bytes='166' count='17' backedge_count='60' iicount='17'/>
</uncommon_trap>
DEOPT PACKING thread 0x00007fbb29009000 Compiled frame (sp=0x000000030c9bfb60 unextended sp=0x000000030c9bfb60, fp=0x00000007956f8e88, real_fp=0x000000030c9bfbe0, pc=0x0000000114d52ad4)
     nmethod   2465  335             java.lang.invoke.LambdaForm::shortenSignature (166 bytes)

     Virtual frames (innermost first):
        0 - frame( sp=0x000000030c9bfb60, unextended_sp=0x000000030c9bfb60, fp=0x00000007956f8e88, pc=0x0000000114d52ad4)
java.lang.invoke.LambdaForm.shortenSignature(LambdaForm.java:1360) - aload @ bci 97 
     Created vframeArray 0x00007fbb29066a20
DEOPT UNPACKING thread 0x00007fbb29009000 vframeArray 0x00007fbb29066a20 mode 2
     {method} {0x000000011187a5d8} &apos;shortenSignature&apos; &apos;(Ljava/lang/String;)Ljava/lang/String;&apos; in &apos;java/lang/invoke/LambdaForm&apos; - aload @ bci 97 sp = 0x000000030c9bfb48
<uncommon_trap thread='9987' reason='unstable_if' action='reinterpret' compile_id='310' compiler='C2' stamp='2.502'>
Uncommon trap occurred in jdk.internal.org.objectweb.asm.ByteVector::enlarge (@0x0000000114d46dc4) thread=9987 reason=unstable_if action=reinterpret unloaded_class_index=-1
<jvms bci='17' method='jdk/internal/org/objectweb/asm/ByteVector enlarge (I)V' bytes='51' count='51' backedge_count='1' iicount='101'/>
</uncommon_trap>
DEOPT PACKING thread 0x00007fbb29009000 Compiled frame (sp=0x000000030c9bf4f0 unextended sp=0x000000030c9bf4f0, fp=0x0000000795703830, real_fp=0x000000030c9bf530, pc=0x0000000114d46dc4)
     nmethod   2501  310             jdk.internal.org.objectweb.asm.ByteVector::enlarge (51 bytes)

     Virtual frames (innermost first):
        0 - frame( sp=0x000000030c9bf4f0, unextended_sp=0x000000030c9bf4f0, fp=0x0000000795703830, pc=0x0000000114d46dc4)
jdk.internal.org.objectweb.asm.ByteVector.enlarge(ByteVector.java:364) - if_icmple @ bci 17 
     Created vframeArray 0x00007fbb2a075a20
DEOPT UNPACKING thread 0x00007fbb29009000 vframeArray 0x00007fbb2a075a20 mode 2
     {method} {0x0000000111b78858} &apos;enlarge&apos; &apos;(I)V&apos; in &apos;jdk/internal/org/objectweb/asm/ByteVector&apos; - if_icmple @ bci 17 sp = 0x000000030c9bf4a8
<uncommon_trap thread='9987' reason='unstable_if' action='reinterpret' compile_id='192' compiler='C2' stamp='2.502'>
Uncommon trap occurred in jdk.internal.org.objectweb.asm.ByteVector::putByte (@0x0000000114d02708) thread=9987 reason=unstable_if action=reinterpret unloaded_class_index=-1
<jvms bci='13' method='jdk/internal/org/objectweb/asm/ByteVector putByte (I)Ljdk/internal/org/objectweb/asm/ByteVector;' bytes='39' count='50' backedge_count='1' iicount='100'/>
</uncommon_trap>
DEOPT PACKING thread 0x00007fbb29009000 Compiled frame (sp=0x000000030c9bf680 unextended sp=0x000000030c9bf680, fp=0x0000000795703830, real_fp=0x000000030c9bf6c0, pc=0x0000000114d02708)
     nmethod   2502  192             jdk.internal.org.objectweb.asm.ByteVector::putByte (39 bytes)

     Virtual frames (innermost first):
        0 - frame( sp=0x000000030c9bf680, unextended_sp=0x000000030c9bf680, fp=0x0000000795703830, pc=0x0000000114d02708)
jdk.internal.org.objectweb.asm.ByteVector.putByte(ByteVector.java:108) - if_icmple @ bci 13 
     Created vframeArray 0x00007fbb29066a20
DEOPT UNPACKING thread 0x00007fbb29009000 vframeArray 0x00007fbb29066a20 mode 2
     {method} {0x0000000111b77c00} &apos;putByte&apos; &apos;(I)Ljdk/internal/org/objectweb/asm/ByteVector;&apos; in &apos;jdk/internal/org/objectweb/asm/ByteVector&apos; - if_icmple @ bci 13 sp = 0x000000030c9bf648
<uncommon_trap thread='9987' reason='loop_limit_check' action='maybe_recompile' compile_id='357' compiler='C2' stamp='2.541'>
Uncommon trap occurred in java.lang.invoke.LambdaForm$Name::useCount (@0x0000000114d5658c) thread=9987 reason=loop_limit_check action=maybe_recompile unloaded_class_index=-1
<jvms bci='24' method='java/lang/invoke/LambdaForm$Name useCount (Ljava/lang/invoke/LambdaForm$Name;)I' bytes='42' count='27' backedge_count='51' iicount='27'/>
</uncommon_trap>
DEOPT PACKING thread 0x00007fbb29009000 Compiled frame (sp=0x000000030c9bf9b0 unextended sp=0x000000030c9bf9b0, fp=0x0000000795702868, real_fp=0x000000030c9bf9f0, pc=0x0000000114d5658c)
     nmethod   2541  357             java.lang.invoke.LambdaForm$Name::useCount (42 bytes)

     Virtual frames (innermost first):
        0 - frame( sp=0x000000030c9bf9b0, unextended_sp=0x000000030c9bf9b0, fp=0x0000000795702868, pc=0x0000000114d5658c)
java.lang.invoke.LambdaForm$Name.useCount(LambdaForm.java:1582) - fast_aaccess_0 @ bci 24 
     Created vframeArray 0x00007fbb2a075a20
DEOPT UNPACKING thread 0x00007fbb29009000 vframeArray 0x00007fbb2a075a20 mode 2
     {method} {0x0000000111b49310} &apos;useCount&apos; &apos;(Ljava/lang/invoke/LambdaForm$Name;)I&apos; in &apos;java/lang/invoke/LambdaForm$Name&apos; - aload_0 @ bci 24 sp = 0x000000030c9bf990
<uncommon_trap thread='9987' reason='unstable_if' action='reinterpret' compile_id='276' compiler='C2' stamp='2.670'>
Uncommon trap occurred in java.lang.invoke.LambdaForm::argument (@0x0000000114d3425c) thread=9987 reason=unstable_if action=reinterpret unloaded_class_index=-1
<jvms bci='3' method='java/lang/invoke/LambdaForm argument (ILjava/lang/invoke/LambdaForm$BasicType;)Ljava/lang/invoke/LambdaForm$Name;' bytes='27' count='50' backedge_count='1' iicount='100'/>
</uncommon_trap>
DEOPT PACKING thread 0x00007fbb29009000 Compiled frame (sp=0x000000030c9bf850 unextended sp=0x000000030c9bf850, fp=0x0000000795728030, real_fp=0x000000030c9bf880, pc=0x0000000114d3425c)
     nmethod   2670  276             java.lang.invoke.LambdaForm::argument (27 bytes)

     Virtual frames (innermost first):
        0 - frame( sp=0x000000030c9bf850, unextended_sp=0x000000030c9bf850, fp=0x0000000795728030, pc=0x0000000114d3425c)
java.lang.invoke.LambdaForm.argument(LambdaForm.java:1647) - if_icmplt @ bci 3 
     Created vframeArray 0x00007fbb2b04cc20
DEOPT UNPACKING thread 0x00007fbb29009000 vframeArray 0x00007fbb2b04cc20 mode 2
     {method} {0x000000011187aa10} &apos;argument&apos; &apos;(ILjava/lang/invoke/LambdaForm$BasicType;)Ljava/lang/invoke/LambdaForm$Name;&apos; in &apos;java/lang/invoke/LambdaForm&apos; - if_icmplt @ bci 3 sp = 0x000000030c9bf810
<uncommon_trap thread='9987' reason='unstable_if' action='reinterpret' compile_id='262' compiler='C2' stamp='2.690'>
Uncommon trap occurred in jdk.internal.org.objectweb.asm.Frame::push (@0x0000000114d012c4) thread=9987 reason=unstable_if action=reinterpret unloaded_class_index=-1
<jvms bci='26' method='jdk/internal/org/objectweb/asm/Frame push (I)V' bytes='110' count='52' backedge_count='1' iicount='102'/>
</uncommon_trap>
DEOPT PACKING thread 0x00007fbb29009000 Compiled frame (sp=0x000000030c9bf500 unextended sp=0x000000030c9bf500, fp=0x0000000795729d88, real_fp=0x000000030c9bf540, pc=0x0000000114d012c4)
     nmethod   2689  262             jdk.internal.org.objectweb.asm.Frame::push (110 bytes)

     Virtual frames (innermost first):
        0 - frame( sp=0x000000030c9bf500, unextended_sp=0x000000030c9bf500, fp=0x0000000795729d88, pc=0x0000000114d012c4)
jdk.internal.org.objectweb.asm.Frame.push(Frame.java:610) - if_icmplt @ bci 26 
     Created vframeArray 0x00007fbb2a075a20
DEOPT UNPACKING thread 0x00007fbb29009000 vframeArray 0x00007fbb2a075a20 mode 2
     {method} {0x0000000111b8d428} &apos;push&apos; &apos;(I)V&apos; in &apos;jdk/internal/org/objectweb/asm/Frame&apos; - if_icmplt @ bci 26 sp = 0x000000030c9bf4c0
<uncommon_trap thread='9987' reason='unstable_if' action='reinterpret' compile_id='372' compiler='C2' stamp='2.704'>
Uncommon trap occurred in java.lang.invoke.MemberName$Factory::resolveOrFail (@0x0000000114d6177c) thread=9987 reason=unstable_if action=reinterpret unloaded_class_index=-1
<jvms bci='4' method='java/lang/invoke/MemberName isResolved ()Z' bytes='13' count='50' backedge_count='1' iicount='100'/>
<jvms bci='11' method='java/lang/invoke/MemberName$Factory resolveOrFail (BLjava/lang/invoke/MemberName;Ljava/lang/Class;Ljava/lang/Class;)Ljava/lang/invoke/MemberName;' bytes='52' count='50' backedge_count='1' iicount='100'/>
</uncommon_trap>
DEOPT PACKING thread 0x00007fbb29009000 Compiled frame (sp=0x000000030c9bfea0 unextended sp=0x000000030c9bfea0, fp=0x00000000f2ae7d30, real_fp=0x000000030c9bfed0, pc=0x0000000114d6177c)
     nmethod   2704  372             java.lang.invoke.MemberName$Factory::resolveOrFail (52 bytes)

     Virtual frames (innermost first):
        0 - frame( sp=0x000000030c9bfea0, unextended_sp=0x000000030c9bfea0, fp=0x00000000f2ae7d30, pc=0x0000000114d6177c)
java.lang.invoke.MemberName.isResolved(MemberName.java:774) - ifnonnull @ bci 4 
        1 - frame( sp=0x000000030c9bfea0, unextended_sp=0x000000030c9bfea0, fp=0x00000000f2ae7d30, pc=0x0000000114d6177c)
java.lang.invoke.MemberName$Factory.resolveOrFail(MemberName.java:1001) - invokevirtual @ bci 11 
     Created vframeArray 0x00007fbb2a07d020
DEOPT UNPACKING thread 0x00007fbb29009000 vframeArray 0x00007fbb2a07d020 mode 2
     {method} {0x0000000111a40e90} &apos;resolveOrFail&apos; &apos;(BLjava/lang/invoke/MemberName;Ljava/lang/Class;Ljava/lang/Class;)Ljava/lang/invoke/MemberName;&apos; in &apos;java/lang/invoke/MemberName$Factory&apos; - invokevirtual @ bci 11 sp = 0x000000030c9bfe68
     {method} {0x000000011186e758} &apos;isResolved&apos; &apos;()Z&apos; in &apos;java/lang/invoke/MemberName&apos; - ifnonnull @ bci 4 sp = 0x000000030c9bfe10
<uncommon_trap thread='9987' reason='unstable_if' action='reinterpret' compile_id='248' compiler='C2' count='1' state='intrinsic recompiled' stamp='2.705'>
Uncommon trap occurred in java.lang.invoke.MemberName::isResolved (@0x0000000114d217f4) thread=9987 reason=unstable_if action=reinterpret unloaded_class_index=-1
<jvms bci='4' method='java/lang/invoke/MemberName isResolved ()Z' bytes='13' count='1' backedge_count='1' iicount='100' unstable_if_traps='1'/>
</uncommon_trap>
DEOPT PACKING thread 0x00007fbb29009000 Compiled frame (sp=0x000000030c9bfd70 unextended sp=0x000000030c9bfd70, fp=0x00000000f2ae7d30, real_fp=0x000000030c9bfd90, pc=0x0000000114d217f4)
     nmethod   2705  248             java.lang.invoke.MemberName::isResolved (13 bytes)

     Virtual frames (innermost first):
        0 - frame( sp=0x000000030c9bfd70, unextended_sp=0x000000030c9bfd70, fp=0x00000000f2ae7d30, pc=0x0000000114d217f4)
java.lang.invoke.MemberName.isResolved(MemberName.java:774) - ifnonnull @ bci 4 
     Created vframeArray 0x00007fbb2a075a20
DEOPT UNPACKING thread 0x00007fbb29009000 vframeArray 0x00007fbb2a075a20 mode 2
     {method} {0x000000011186e758} &apos;isResolved&apos; &apos;()Z&apos; in &apos;java/lang/invoke/MemberName&apos; - ifnonnull @ bci 4 sp = 0x000000030c9bfd38
<uncommon_trap thread='9987' reason='unstable_if' action='reinterpret' compile_id='395' compiler='C2' stamp='2.706'>
Uncommon trap occurred in java.lang.Class::getSimpleName (@0x0000000114d6da18) thread=9987 reason=unstable_if action=reinterpret unloaded_class_index=-1
<jvms bci='4' method='java/lang/Class getSimpleName ()Ljava/lang/String;' bytes='120' count='50' backedge_count='1' iicount='100'/>
</uncommon_trap>
DEOPT PACKING thread 0x00007fbb29009000 Compiled frame (sp=0x000000030c9bfc10 unextended sp=0x000000030c9bfc10, fp=0x0000000795584090, real_fp=0x000000030c9bfc50, pc=0x0000000114d6da18)
     nmethod   2706  395             java.lang.Class::getSimpleName (120 bytes)

     Virtual frames (innermost first):
        0 - frame( sp=0x000000030c9bfc10, unextended_sp=0x000000030c9bfc10, fp=0x0000000795584090, pc=0x0000000114d6da18)
java.lang.Class.getSimpleName(Class.java:1306) - ifeq @ bci 4 
     Created vframeArray 0x00007fbb2b04cc20
DEOPT UNPACKING thread 0x00007fbb29009000 vframeArray 0x00007fbb2b04cc20 mode 2
     {method} {0x0000000111811770} &apos;getSimpleName&apos; &apos;()Ljava/lang/String;&apos; in &apos;java/lang/Class&apos; - ifeq @ bci 4 sp = 0x000000030c9bfbe0
<uncommon_trap thread='9987' reason='null_check' action='make_not_entrant' compile_id='237' compiler='C2' stamp='2.719'>
Uncommon trap occurred in java.util.ArrayList::add (@0x0000000114d20eec) thread=9987 reason=null_check action=make_not_entrant unloaded_class_index=-1
<jvms bci='26' method='java/util/ArrayList add (Ljava/lang/Object;)Z' bytes='29' count='50' backedge_count='1' iicount='100'/>
</uncommon_trap>
DEOPT PACKING thread 0x00007fbb29009000 Compiled frame (sp=0x000000030c9c0030 unextended sp=0x000000030c9c0030, fp=0x00000000f2ae7fe8, real_fp=0x000000030c9c0060, pc=0x0000000114d20eec)
     nmethod   2719  237             java.util.ArrayList::add (29 bytes)

     Virtual frames (innermost first):
        0 - frame( sp=0x000000030c9c0030, unextended_sp=0x000000030c9c0030, fp=0x00000000f2ae7fe8, pc=0x0000000114d20eec)
java.util.ArrayList.add(ArrayList.java:465) - aastore @ bci 26 
     Created vframeArray 0x00007fbb2a84c220
DEOPT UNPACKING thread 0x00007fbb29009000 vframeArray 0x00007fbb2a84c220 mode 2
     {method} {0x00000001118f8970} &apos;add&apos; &apos;(Ljava/lang/Object;)Z&apos; in &apos;java/util/ArrayList&apos; - aastore @ bci 26 sp = 0x000000030c9bfff8
<uncommon_trap thread='9987' reason='bimorphic' action='maybe_recompile' compile_id='363' compiler='C2' stamp='2.761'>
Uncommon trap occurred in java.lang.invoke.InvokerBytecodeGenerator::generateCustomizedCodeBytes (@0x0000000114d6611c) thread=9987 reason=bimorphic action=maybe_recompile unloaded_class_index=-1
<jvms bci='17' method='java/lang/invoke/LambdaForm$NamedFunction intrinsicName ()Ljava/lang/invoke/MethodHandleImpl$Intrinsic;' bytes='21' count='64' iicount='64'/>
<jvms bci='180' method='java/lang/invoke/InvokerBytecodeGenerator generateCustomizedCodeBytes ()[B' bytes='604' count='40' backedge_count='52' iicount='40'/>
</uncommon_trap>
DEOPT PACKING thread 0x00007fbb29009000 Compiled frame (sp=0x000000030c9bf9f0 unextended sp=0x000000030c9bf9f0, fp=0x0000000000000002, real_fp=0x000000030c9bfa60, pc=0x0000000114d6611c)
     nmethod   2760  363             java.lang.invoke.InvokerBytecodeGenerator::generateCustomizedCodeBytes (604 bytes)

     Virtual frames (innermost first):
        0 - frame( sp=0x000000030c9bf9f0, unextended_sp=0x000000030c9bf9f0, fp=0x0000000000000002, pc=0x0000000114d6611c)
java.lang.invoke.LambdaForm$NamedFunction.intrinsicName(LambdaForm.java:1328) - invokevirtual @ bci 17 
        1 - frame( sp=0x000000030c9bf9f0, unextended_sp=0x000000030c9bf9f0, fp=0x0000000000000002, pc=0x0000000114d6611c)
java.lang.invoke.InvokerBytecodeGenerator.generateCustomizedCodeBytes(InvokerBytecodeGenerator.java:668) - invokevirtual @ bci 180 
     Created vframeArray 0x00007fbb2a075a20
DEOPT UNPACKING thread 0x00007fbb29009000 vframeArray 0x00007fbb2a075a20 mode 2
     {method} {0x0000000111b6a0c8} &apos;generateCustomizedCodeBytes&apos; &apos;()[B&apos; in &apos;java/lang/invoke/InvokerBytecodeGenerator&apos; - invokevirtual @ bci 180 sp = 0x000000030c9bf9e0
     {method} {0x0000000111b4e140} &apos;intrinsicName&apos; &apos;()Ljava/lang/invoke/MethodHandleImpl$Intrinsic;&apos; in &apos;java/lang/invoke/LambdaForm$NamedFunction&apos; - invokevirtual @ bci 17 sp = 0x000000030c9bf988
<uncommon_trap thread='9987' reason='unstable_if' action='reinterpret' compile_id='369' compiler='C2' stamp='2.821'>
Uncommon trap occurred in java.lang.invoke.InvokerBytecodeGenerator::getInternalName (@0x0000000114d636d0) thread=9987 reason=unstable_if action=reinterpret unloaded_class_index=-1
<jvms bci='12' method='java/lang/invoke/InvokerBytecodeGenerator getInternalName (Ljava/lang/Class;)Ljava/lang/String;' bytes='75' count='50' backedge_count='1' iicount='100'/>
</uncommon_trap>
DEOPT PACKING thread 0x00007fbb29009000 Compiled frame (sp=0x000000030c9bf8b0 unextended sp=0x000000030c9bf8b0, fp=0x000000030c9bf930, real_fp=0x000000030c9bf8e0, pc=0x0000000114d636d0)
     nmethod   2820  369             java.lang.invoke.InvokerBytecodeGenerator::getInternalName (75 bytes)

     Virtual frames (innermost first):
        0 - frame( sp=0x000000030c9bf8b0, unextended_sp=0x000000030c9bf8b0, fp=0x000000030c9bf930, pc=0x0000000114d636d0)
java.lang.invoke.InvokerBytecodeGenerator.getInternalName(InvokerBytecodeGenerator.java:606) - if_acmpne @ bci 12 
     Created vframeArray 0x00007fbb2a076220
DEOPT UNPACKING thread 0x00007fbb29009000 vframeArray 0x00007fbb2a076220 mode 2
     {method} {0x0000000111b69b68} &apos;getInternalName&apos; &apos;(Ljava/lang/Class;)Ljava/lang/String;&apos; in &apos;java/lang/invoke/InvokerBytecodeGenerator&apos; - if_acmpne @ bci 12 sp = 0x000000030c9bf880
<uncommon_trap thread='9987' reason='loop_limit_check' action='maybe_recompile' compile_id='433' compiler='C2' stamp='2.834'>
Uncommon trap occurred in java.lang.invoke.LambdaForm::useCount (@0x0000000114d7f570) thread=9987 reason=loop_limit_check action=maybe_recompile unloaded_class_index=-1
<jvms bci='74' method='java/lang/invoke/LambdaForm useCount (Ljava/lang/invoke/LambdaForm$Name;)I' bytes='99' count='50' backedge_count='51' iicount='50'/>
</uncommon_trap>
DEOPT PACKING thread 0x00007fbb29009000 Compiled frame (sp=0x000000030c9bf760 unextended sp=0x000000030c9bf760, fp=0x0000000000000000, real_fp=0x000000030c9bf7a0, pc=0x0000000114d7f570)
     nmethod   2833  433             java.lang.invoke.LambdaForm::useCount (99 bytes)

     Virtual frames (innermost first):
        0 - frame( sp=0x000000030c9bf760, unextended_sp=0x000000030c9bf760, fp=0x0000000000000000, pc=0x0000000114d7f570)
java.lang.invoke.LambdaForm.useCount(LambdaForm.java:1638) - fast_iload @ bci 74 
     Created vframeArray 0x00007fbb29066a20
DEOPT UNPACKING thread 0x00007fbb29009000 vframeArray 0x00007fbb29066a20 mode 2
     {method} {0x000000011187a878} &apos;useCount&apos; &apos;(Ljava/lang/invoke/LambdaForm$Name;)I&apos; in &apos;java/lang/invoke/LambdaForm&apos; - iload @ bci 74 sp = 0x000000030c9bf720
<uncommon_trap thread='9987' reason='bimorphic' action='maybe_recompile' compile_id='363' compiler='C2' count='1' state='#7' stamp='2.849'>
Uncommon trap occurred in java.lang.invoke.InvokerBytecodeGenerator::generateCustomizedCodeBytes (@0x0000000114d6611c) thread=9987 reason=bimorphic action=maybe_recompile unloaded_class_index=-1
<jvms bci='17' method='java/lang/invoke/LambdaForm$NamedFunction intrinsicName ()Ljava/lang/invoke/MethodHandleImpl$Intrinsic;' bytes='21' count='66' iicount='66' bimorphic_traps='1'/>
<jvms bci='180' method='java/lang/invoke/InvokerBytecodeGenerator generateCustomizedCodeBytes ()[B' bytes='604' count='40' backedge_count='55' iicount='40'/>
</uncommon_trap>
DEOPT PACKING thread 0x00007fbb29009000 Compiled frame (sp=0x000000030c9c0a30 unextended sp=0x000000030c9c0a30, fp=0x0000000000000001, real_fp=0x000000030c9c0aa0, pc=0x0000000114d6611c)
     nmethod   2849  363             java.lang.invoke.InvokerBytecodeGenerator::generateCustomizedCodeBytes (604 bytes)

     Virtual frames (innermost first):
        0 - frame( sp=0x000000030c9c0a30, unextended_sp=0x000000030c9c0a30, fp=0x0000000000000001, pc=0x0000000114d6611c)
java.lang.invoke.LambdaForm$NamedFunction.intrinsicName(LambdaForm.java:1328) - invokevirtual @ bci 17 
        1 - frame( sp=0x000000030c9c0a30, unextended_sp=0x000000030c9c0a30, fp=0x0000000000000001, pc=0x0000000114d6611c)
java.lang.invoke.InvokerBytecodeGenerator.generateCustomizedCodeBytes(InvokerBytecodeGenerator.java:668) - invokevirtual @ bci 180 
     Created vframeArray 0x00007fbb2b04cc20
DEOPT UNPACKING thread 0x00007fbb29009000 vframeArray 0x00007fbb2b04cc20 mode 2
     {method} {0x0000000111b6a0c8} &apos;generateCustomizedCodeBytes&apos; &apos;()[B&apos; in &apos;java/lang/invoke/InvokerBytecodeGenerator&apos; - invokevirtual @ bci 180 sp = 0x000000030c9c0a20
     {method} {0x0000000111b4e140} &apos;intrinsicName&apos; &apos;()Ljava/lang/invoke/MethodHandleImpl$Intrinsic;&apos; in &apos;java/lang/invoke/LambdaForm$NamedFunction&apos; - invokevirtual @ bci 17 sp = 0x000000030c9c09c8
<uncommon_trap thread='9987' reason='unstable_if' action='reinterpret' compile_id='436' compiler='C2' stamp='2.869'>
Uncommon trap occurred in jdk.internal.org.objectweb.asm.Frame::pop (@0x0000000114d7ffa0) thread=9987 reason=unstable_if action=reinterpret unloaded_class_index=-1
<jvms bci='9' method='jdk/internal/org/objectweb/asm/Frame pop (Ljava/lang/String;)V' bytes='53' count='51' backedge_count='1' iicount='101'/>
</uncommon_trap>
DEOPT PACKING thread 0x00007fbb29009000 Compiled frame (sp=0x000000030c9c0eb0 unextended sp=0x000000030c9c0eb0, fp=0x000000000000004c, real_fp=0x000000030c9c0ef0, pc=0x0000000114d7ffa0)
     nmethod   2868  436             jdk.internal.org.objectweb.asm.Frame::pop (53 bytes)

     Virtual frames (innermost first):
        0 - frame( sp=0x000000030c9c0eb0, unextended_sp=0x000000030c9c0eb0, fp=0x000000000000004c, pc=0x0000000114d7ffa0)
jdk.internal.org.objectweb.asm.Frame.pop(Frame.java:760) - if_icmpne @ bci 9 
     Created vframeArray 0x00007fbb2b04e020
DEOPT UNPACKING thread 0x00007fbb29009000 vframeArray 0x00007fbb2b04e020 mode 2
     {method} {0x0000000111b8daf8} &apos;pop&apos; &apos;(Ljava/lang/String;)V&apos; in &apos;jdk/internal/org/objectweb/asm/Frame&apos; - if_icmpne @ bci 9 sp = 0x000000030c9c0e78
<uncommon_trap thread='9987' reason='unstable_if' action='reinterpret' compile_id='203' compiler='C2' stamp='2.869'>
Uncommon trap occurred in jdk.internal.org.objectweb.asm.ByteVector::put12 (@0x0000000114d0bb28) thread=9987 reason=unstable_if action=reinterpret unloaded_class_index=-1
<jvms bci='13' method='jdk/internal/org/objectweb/asm/ByteVector put12 (II)Ljdk/internal/org/objectweb/asm/ByteVector;' bytes='64' count='50' backedge_count='1' iicount='100'/>
</uncommon_trap>
DEOPT PACKING thread 0x00007fbb29009000 Compiled frame (sp=0x000000030c9c0e50 unextended sp=0x000000030c9c0e50, fp=0x000000079581ee18, real_fp=0x000000030c9c0e90, pc=0x0000000114d0bb28)
     nmethod   2869  203             jdk.internal.org.objectweb.asm.ByteVector::put12 (64 bytes)

     Virtual frames (innermost first):
        0 - frame( sp=0x000000030c9c0e50, unextended_sp=0x000000030c9c0e50, fp=0x000000079581ee18, pc=0x0000000114d0bb28)
jdk.internal.org.objectweb.asm.ByteVector.put12(ByteVector.java:170) - if_icmple @ bci 13 
     Created vframeArray 0x00007fbb29066a20
DEOPT UNPACKING thread 0x00007fbb29009000 vframeArray 0x00007fbb29066a20 mode 2
     {method} {0x0000000111b77f50} &apos;put12&apos; &apos;(II)Ljdk/internal/org/objectweb/asm/ByteVector;&apos; in &apos;jdk/internal/org/objectweb/asm/ByteVector&apos; - if_icmple @ bci 13 sp = 0x000000030c9c0e08
<uncommon_trap thread='9987' reason='unstable_if' action='reinterpret' compile_id='435' compiler='C2' stamp='2.871'>
Uncommon trap occurred in jdk.internal.org.objectweb.asm.ClassWriter::newMethodItem (@0x0000000114d8084c) thread=9987 reason=unstable_if action=reinterpret unloaded_class_index=-1
<jvms bci='38' method='jdk/internal/org/objectweb/asm/ClassWriter newMethodItem (Ljava/lang/String;Ljava/lang/String;Ljava/lang/String;Z)Ljdk/internal/org/objectweb/asm/Item;' bytes='91' count='50' backedge_count='1' iicount='100'/>
</uncommon_trap>
DEOPT PACKING thread 0x00007fbb29009000 Compiled frame (sp=0x000000030c9c0f30 unextended sp=0x000000030c9c0f30, fp=0x000000079581ed70, real_fp=0x000000030c9c0f80, pc=0x0000000114d8084c)
     nmethod   2871  435             jdk.internal.org.objectweb.asm.ClassWriter::newMethodItem (91 bytes)

     Virtual frames (innermost first):
        0 - frame( sp=0x000000030c9c0f30, unextended_sp=0x000000030c9c0f30, fp=0x000000079581ed70, pc=0x0000000114d8084c)
jdk.internal.org.objectweb.asm.ClassWriter.newMethodItem(ClassWriter.java:1435) - ifnonnull @ bci 38 
     Created vframeArray 0x00007fbb2a076220
DEOPT UNPACKING thread 0x00007fbb29009000 vframeArray 0x00007fbb2a076220 mode 2
     {method} {0x0000000111b739d8} &apos;newMethodItem&apos; &apos;(Ljava/lang/String;Ljava/lang/String;Ljava/lang/String;Z)Ljdk/internal/org/objectweb/asm/Item;&apos; in &apos;jdk/internal/org/objectweb/asm/ClassWriter&apos; - ifnonnull @ bci 38 sp = 0x000000030c9c0ef0
<uncommon_trap thread='9987' reason='null_assert' action='make_not_entrant' compile_id='341' compiler='C2' stamp='2.874'>
Uncommon trap occurred in jdk.internal.org.objectweb.asm.ClassWriter::toByteArray (@0x0000000114d5d51c) thread=9987 reason=null_assert action=make_not_entrant unloaded_class_index=-1
<jvms bci='35' method='jdk/internal/org/objectweb/asm/ClassWriter toByteArray ()[B' bytes='1289' count='34' backedge_count='52' iicount='34'/>
</uncommon_trap>
DEOPT PACKING thread 0x00007fbb29009000 Compiled frame (sp=0x000000030c9c0f80 unextended sp=0x000000030c9c0f80, fp=0x000000079581ed70, real_fp=0x000000030c9c0fe0, pc=0x0000000114d5d51c)
     nmethod   2874  341             jdk.internal.org.objectweb.asm.ClassWriter::toByteArray (1289 bytes)

     Virtual frames (innermost first):
        0 - frame( sp=0x000000030c9c0f80, unextended_sp=0x000000030c9c0f80, fp=0x000000079581ed70, pc=0x0000000114d5d51c)
jdk.internal.org.objectweb.asm.ClassWriter.toByteArray(ClassWriter.java:846) - astore_3 @ bci 35 
     Created vframeArray 0x00007fbb2a84d620
DEOPT UNPACKING thread 0x00007fbb29009000 vframeArray 0x00007fbb2a84d620 mode 2
     {method} {0x0000000111b72808} &apos;toByteArray&apos; &apos;()[B&apos; in &apos;jdk/internal/org/objectweb/asm/ClassWriter&apos; - astore_3 @ bci 35 sp = 0x000000030c9c0f40
<uncommon_trap thread='9987' reason='unstable_if' action='reinterpret' compile_id='376' compiler='C2' stamp='2.878'>
Uncommon trap occurred in java.lang.invoke.MemberName::checkForTypeAlias (@0x0000000114d69cc8) thread=9987 reason=unstable_if action=reinterpret unloaded_class_index=-1
<jvms bci='4' method='java/lang/invoke/MemberName checkForTypeAlias (Ljava/lang/Class;)V' bytes='168' count='50' backedge_count='1' iicount='100'/>
</uncommon_trap>
DEOPT PACKING thread 0x00007fbb29009000 Compiled frame (sp=0x000000030c9c0f30 unextended sp=0x000000030c9c0f30, fp=0x000000079582e778, real_fp=0x000000030c9c0f60, pc=0x0000000114d69cc8)
     nmethod   2878  376             java.lang.invoke.MemberName::checkForTypeAlias (168 bytes)

     Virtual frames (innermost first):
        0 - frame( sp=0x000000030c9c0f30, unextended_sp=0x000000030c9c0f30, fp=0x000000079582e778, pc=0x0000000114d69cc8)
java.lang.invoke.MemberName.checkForTypeAlias(MemberName.java:785) - ifeq @ bci 4 
     Created vframeArray 0x00007fbb2b04e020
DEOPT UNPACKING thread 0x00007fbb29009000 vframeArray 0x00007fbb2b04e020 mode 2
     {method} {0x000000011186e9e8} &apos;checkForTypeAlias&apos; &apos;(Ljava/lang/Class;)V&apos; in &apos;java/lang/invoke/MemberName&apos; - ifeq @ bci 4 sp = 0x000000030c9c0ef0
<dependency_failed type='abstract_with_unique_concrete_subtype' ctxk='java/util/HashMap$HashIterator' x='java/util/HashMap$ValueIterator' witness='java/util/HashMap$EntryIterator' stamp='2.880'/>
<uncommon_trap thread='9987' reason='class_check' action='maybe_recompile' compile_id='198' compiler='C2' stamp='2.881'>
Uncommon trap occurred in java.util.Arrays::equals (@0x0000000114d070e0) thread=9987 reason=class_check action=maybe_recompile unloaded_class_index=-1
<jvms bci='62' method='java/util/Arrays equals ([Ljava/lang/Object;[Ljava/lang/Object;)Z' bytes='78' count='34' backedge_count='52' iicount='34'/>
</uncommon_trap>
DEOPT PACKING thread 0x00007fbb29009000 Compiled frame (sp=0x000000030c9c14e0 unextended sp=0x000000030c9c14e0, fp=0x0000000795758428, real_fp=0x000000030c9c1520, pc=0x0000000114d070e0)
     nmethod   2881  198             java.util.Arrays::equals (78 bytes)

     Virtual frames (innermost first):
        0 - frame( sp=0x000000030c9c14e0, unextended_sp=0x000000030c9c14e0, fp=0x0000000795758428, pc=0x0000000114d070e0)
java.util.Arrays.equals(Arrays.java:2829) - invokevirtual @ bci 62 
     Created vframeArray 0x00007fbb2a076220
DEOPT UNPACKING thread 0x00007fbb29009000 vframeArray 0x00007fbb2a076220 mode 2
     {method} {0x000000011194ede0} &apos;equals&apos; &apos;([Ljava/lang/Object;[Ljava/lang/Object;)Z&apos; in &apos;java/util/Arrays&apos; - invokevirtual @ bci 62 sp = 0x000000030c9c14a0
<uncommon_trap thread='9987' reason='unstable_if' action='reinterpret' compile_id='253' compiler='C2' stamp='2.882'>
Uncommon trap occurred in java.lang.invoke.LambdaForm::normalize (@0x0000000114d272d4) thread=9987 reason=unstable_if action=reinterpret unloaded_class_index=-1
<jvms bci='35' method='java/lang/invoke/LambdaForm normalize ()I' bytes='322' count='19' backedge_count='66' iicount='19'/>
</uncommon_trap>
DEOPT PACKING thread 0x00007fbb29009000 Compiled frame (sp=0x000000030c9c1380 unextended sp=0x000000030c9c1380, fp=0x000000079582f3e0, real_fp=0x000000030c9c13d0, pc=0x0000000114d272d4)
     nmethod   2882  253             java.lang.invoke.LambdaForm::normalize (322 bytes)

     Virtual frames (innermost first):
        0 - frame( sp=0x000000030c9c1380, unextended_sp=0x000000030c9c1380, fp=0x000000079582f3e0, pc=0x0000000114d272d4)
java.lang.invoke.LambdaForm.normalize(LambdaForm.java:412) - ifne @ bci 35 
     Created vframeArray 0x00007fbb2b04e020
DEOPT UNPACKING thread 0x00007fbb29009000 vframeArray 0x00007fbb2b04e020 mode 2
     {method} {0x0000000111876d08} &apos;normalize&apos; &apos;()I&apos; in &apos;java/lang/invoke/LambdaForm&apos; - ifne @ bci 35 sp = 0x000000030c9c1338
<uncommon_trap thread='9987' reason='class_check' action='maybe_recompile' compile_id='198' compiler='C2' count='1' state='class_check' stamp='2.960'>
Uncommon trap occurred in java.util.Arrays::equals (@0x0000000114d070e0) thread=9987 reason=class_check action=maybe_recompile unloaded_class_index=-1
<jvms bci='62' method='java/util/Arrays equals ([Ljava/lang/Object;[Ljava/lang/Object;)Z' bytes='78' count='34' backedge_count='53' iicount='34' class_check_traps='1'/>
</uncommon_trap>
DEOPT PACKING thread 0x00007fbb29009000 Compiled frame (sp=0x000000030c9c15b0 unextended sp=0x000000030c9c15b0, fp=0x000000079581b6f0, real_fp=0x000000030c9c15f0, pc=0x0000000114d070e0)
     nmethod   2960  198             java.util.Arrays::equals (78 bytes)

     Virtual frames (innermost first):
        0 - frame( sp=0x000000030c9c15b0, unextended_sp=0x000000030c9c15b0, fp=0x000000079581b6f0, pc=0x0000000114d070e0)
java.util.Arrays.equals(Arrays.java:2829) - invokevirtual @ bci 62 
     Created vframeArray 0x00007fbb2a076220
DEOPT UNPACKING thread 0x00007fbb29009000 vframeArray 0x00007fbb2a076220 mode 2
     {method} {0x000000011194ede0} &apos;equals&apos; &apos;([Ljava/lang/Object;[Ljava/lang/Object;)Z&apos; in &apos;java/util/Arrays&apos; - invokevirtual @ bci 62 sp = 0x000000030c9c1570
<uncommon_trap thread='9987' reason='class_check' action='maybe_recompile' compile_id='198' compiler='C2' count='2' state='class_check' stamp='3.004'>
Uncommon trap occurred in java.util.Arrays::equals (@0x0000000114d070e0) thread=9987 reason=class_check action=maybe_recompile unloaded_class_index=-1
<jvms bci='62' method='java/util/Arrays equals ([Ljava/lang/Object;[Ljava/lang/Object;)Z' bytes='78' count='34' backedge_count='54' iicount='34' class_check_traps='2'/>
</uncommon_trap>
DEOPT PACKING thread 0x00007fbb29009000 Compiled frame (sp=0x000000030c9c15b0 unextended sp=0x000000030c9c15b0, fp=0x0000000795832020, real_fp=0x000000030c9c15f0, pc=0x0000000114d070e0)
     nmethod   3003  198             java.util.Arrays::equals (78 bytes)

     Virtual frames (innermost first):
        0 - frame( sp=0x000000030c9c15b0, unextended_sp=0x000000030c9c15b0, fp=0x0000000795832020, pc=0x0000000114d070e0)
java.util.Arrays.equals(Arrays.java:2829) - invokevirtual @ bci 62 
     Created vframeArray 0x00007fbb2a84d620
DEOPT UNPACKING thread 0x00007fbb29009000 vframeArray 0x00007fbb2a84d620 mode 2
     {method} {0x000000011194ede0} &apos;equals&apos; &apos;([Ljava/lang/Object;[Ljava/lang/Object;)Z&apos; in &apos;java/util/Arrays&apos; - invokevirtual @ bci 62 sp = 0x000000030c9c1570
<uncommon_trap thread='9987' reason='class_check' action='maybe_recompile' compile_id='198' compiler='C2' count='3' state='class_check' stamp='3.004'>
Uncommon trap occurred in java.util.Arrays::equals (@0x0000000114d070e0) thread=9987 reason=class_check action=maybe_recompile unloaded_class_index=-1
<jvms bci='62' method='java/util/Arrays equals ([Ljava/lang/Object;[Ljava/lang/Object;)Z' bytes='78' count='34' backedge_count='55' iicount='34' class_check_traps='3'/>
</uncommon_trap>
DEOPT PACKING thread 0x00007fbb29009000 Compiled frame (sp=0x000000030c9c15b0 unextended sp=0x000000030c9c15b0, fp=0x00000007958322a0, real_fp=0x000000030c9c15f0, pc=0x0000000114d070e0)
     nmethod   3004  198             java.util.Arrays::equals (78 bytes)

     Virtual frames (innermost first):
        0 - frame( sp=0x000000030c9c15b0, unextended_sp=0x000000030c9c15b0, fp=0x00000007958322a0, pc=0x0000000114d070e0)
java.util.Arrays.equals(Arrays.java:2829) - invokevirtual @ bci 62 
     Created vframeArray 0x00007fbb29066a20
DEOPT UNPACKING thread 0x00007fbb29009000 vframeArray 0x00007fbb29066a20 mode 2
     {method} {0x000000011194ede0} &apos;equals&apos; &apos;([Ljava/lang/Object;[Ljava/lang/Object;)Z&apos; in &apos;java/util/Arrays&apos; - invokevirtual @ bci 62 sp = 0x000000030c9c1570
<uncommon_trap thread='9987' reason='unstable_if' action='reinterpret' compile_id='389' compiler='C2' stamp='3.516'>
Uncommon trap occurred in jdk.internal.org.objectweb.asm.ByteVector::put11 (@0x0000000114d6aed8) thread=9987 reason=unstable_if action=reinterpret unloaded_class_index=-1
<jvms bci='13' method='jdk/internal/org/objectweb/asm/ByteVector put11 (II)Ljdk/internal/org/objectweb/asm/ByteVector;' bytes='52' count='51' backedge_count='1' iicount='101'/>
</uncommon_trap>
DEOPT PACKING thread 0x00007fbb29009000 Compiled frame (sp=0x000000030c9c12e0 unextended sp=0x000000030c9c12e0, fp=0x000000079585e010, real_fp=0x000000030c9c1320, pc=0x0000000114d6aed8)
     nmethod   3516  389             jdk.internal.org.objectweb.asm.ByteVector::put11 (52 bytes)

     Virtual frames (innermost first):
        0 - frame( sp=0x000000030c9c12e0, unextended_sp=0x000000030c9c12e0, fp=0x000000079585e010, pc=0x0000000114d6aed8)
jdk.internal.org.objectweb.asm.ByteVector.put11(ByteVector.java:128) - if_icmple @ bci 13 
     Created vframeArray 0x00007fbb2906da20
DEOPT UNPACKING thread 0x00007fbb29009000 vframeArray 0x00007fbb2906da20 mode 2
     {method} {0x0000000111b77d18} &apos;put11&apos; &apos;(II)Ljdk/internal/org/objectweb/asm/ByteVector;&apos; in &apos;jdk/internal/org/objectweb/asm/ByteVector&apos; - if_icmple @ bci 13 sp = 0x000000030c9c1298
<uncommon_trap thread='9987' reason='unstable_if' action='reinterpret' compile_id='279' compiler='C2' stamp='3.605'>
Uncommon trap occurred in sun.invoke.util.BytecodeDescriptor::unparseSig (@0x0000000114d382d0) thread=9987 reason=unstable_if action=reinterpret unloaded_class_index=-1
<jvms bci='27' method='sun/invoke/util/BytecodeDescriptor unparseSig (Ljava/lang/Class;Ljava/lang/StringBuilder;)V' bytes='75' count='50' backedge_count='1' iicount='100'/>
</uncommon_trap>
DEOPT PACKING thread 0x00007fbb29009000 Compiled frame (sp=0x000000030c9c1190 unextended sp=0x000000030c9c1190, fp=0x0000000795584090, real_fp=0x000000030c9c11c0, pc=0x0000000114d382d0)
     nmethod   3605  279             sun.invoke.util.BytecodeDescriptor::unparseSig (75 bytes)

     Virtual frames (innermost first):
        0 - frame( sp=0x000000030c9c1190, unextended_sp=0x000000030c9c1190, fp=0x0000000795584090, pc=0x0000000114d382d0)
sun.invoke.util.BytecodeDescriptor.unparseSig(BytecodeDescriptor.java:130) - ifne @ bci 27 
     Created vframeArray 0x00007fbb2b04cc20
DEOPT UNPACKING thread 0x00007fbb29009000 vframeArray 0x00007fbb2b04cc20 mode 2
     {method} {0x0000000111b5dc18} &apos;unparseSig&apos; &apos;(Ljava/lang/Class;Ljava/lang/StringBuilder;)V&apos; in &apos;sun/invoke/util/BytecodeDescriptor&apos; - ifne @ bci 27 sp = 0x000000030c9c1148
<uncommon_trap thread='9987' reason='unstable_if' action='reinterpret' compile_id='460' compiler='C2' stamp='3.614'>
Uncommon trap occurred in jdk.internal.org.objectweb.asm.MethodWriter::&lt;init&gt; (@0x0000000114d9675c) thread=9987 reason=unstable_if action=reinterpret unloaded_class_index=-1
<jvms bci='171' method='jdk/internal/org/objectweb/asm/MethodWriter &lt;init&gt; (Ljdk/internal/org/objectweb/asm/ClassWriter;ILjava/lang/String;Ljava/lang/String;Ljava/lang/String;[Ljava/lang/String;ZZ)V' bytes='268' count='50' backedge_count='10' iicount='90'/>
</uncommon_trap>
DEOPT PACKING thread 0x00007fbb29009000 Compiled frame (sp=0x000000030c9c1680 unextended sp=0x000000030c9c1680, fp=0x0000000795865848, real_fp=0x000000030c9c16f0, pc=0x0000000114d9675c)
     nmethod   3614  460             jdk.internal.org.objectweb.asm.MethodWriter::&lt;init&gt; (268 bytes)

     Virtual frames (innermost first):
        0 - frame( sp=0x000000030c9c1680, unextended_sp=0x000000030c9c1680, fp=0x0000000795865848, pc=0x0000000114d9675c)
jdk.internal.org.objectweb.asm.MethodWriter.&lt;init&gt;(MethodWriter.java:510) - ifeq @ bci 171 
     Created vframeArray 0x00007fbb2b04d420
DEOPT UNPACKING thread 0x00007fbb29009000 vframeArray 0x00007fbb2b04d420 mode 2
     {method} {0x0000000111b7c4b0} &apos;&lt;init&gt;&apos; &apos;(Ljdk/internal/org/objectweb/asm/ClassWriter;ILjava/lang/String;Ljava/lang/String;Ljava/lang/String;[Ljava/lang/String;ZZ)V&apos; in &apos;jdk/internal/org/objectweb/asm/MethodWriter&apos; - ifeq @ bci 171 sp = 0x000000030c9c1640
<uncommon_trap thread='9987' reason='unstable_if' action='reinterpret' compile_id='471' compiler='C2' stamp='3.616'>
Uncommon trap occurred in jdk.internal.org.objectweb.asm.MethodWriter::visitLabel (@0x0000000114d90894) thread=9987 reason=unstable_if action=reinterpret unloaded_class_index=-1
<jvms bci='42' method='jdk/internal/org/objectweb/asm/MethodWriter visitLabel (Ljdk/internal/org/objectweb/asm/Label;)V' bytes='281' count='50' backedge_count='1' iicount='100'/>
</uncommon_trap>
DEOPT PACKING thread 0x00007fbb29009000 Compiled frame (sp=0x000000030c9c15e0 unextended sp=0x000000030c9c15e0, fp=0x0000000000000001, real_fp=0x000000030c9c1630, pc=0x0000000114d90894)
     nmethod   3615  471             jdk.internal.org.objectweb.asm.MethodWriter::visitLabel (281 bytes)

     Virtual frames (innermost first):
        0 - frame( sp=0x000000030c9c15e0, unextended_sp=0x000000030c9c15e0, fp=0x0000000000000001, pc=0x0000000114d90894)
jdk.internal.org.objectweb.asm.MethodWriter.visitLabel(MethodWriter.java:1105) - ifne @ bci 42 
     Created vframeArray 0x00007fbb2b04cc20
DEOPT UNPACKING thread 0x00007fbb29009000 vframeArray 0x00007fbb2b04cc20 mode 2
     {method} {0x0000000111b7e130} &apos;visitLabel&apos; &apos;(Ljdk/internal/org/objectweb/asm/Label;)V&apos; in &apos;jdk/internal/org/objectweb/asm/MethodWriter&apos; - ifne @ bci 42 sp = 0x000000030c9c15d8
<uncommon_trap thread='9987' reason='unstable_if' action='reinterpret' compile_id='321' compiler='C2' stamp='3.617'>
Uncommon trap occurred in jdk.internal.org.objectweb.asm.MethodWriter::visitVarInsn (@0x0000000114d4b030) thread=9987 reason=unstable_if action=reinterpret unloaded_class_index=-1
<jvms bci='22' method='jdk/internal/org/objectweb/asm/MethodWriter visitVarInsn (II)V' bytes='292' count='50' backedge_count='1' iicount='100'/>
</uncommon_trap>
DEOPT PACKING thread 0x00007fbb29009000 Compiled frame (sp=0x000000030c9c1740 unextended sp=0x000000030c9c1740, fp=0x0000000000000001, real_fp=0x000000030c9c1780, pc=0x0000000114d4b030)
     nmethod   3616  321             jdk.internal.org.objectweb.asm.MethodWriter::visitVarInsn (292 bytes)

     Virtual frames (innermost first):
        0 - frame( sp=0x000000030c9c1740, unextended_sp=0x000000030c9c1740, fp=0x0000000000000001, pc=0x0000000114d4b030)
jdk.internal.org.objectweb.asm.MethodWriter.visitVarInsn(MethodWriter.java:798) - ifne @ bci 22 
     Created vframeArray 0x00007fbb2a076220
DEOPT UNPACKING thread 0x00007fbb29009000 vframeArray 0x00007fbb2a076220 mode 2
     {method} {0x0000000111b7d580} &apos;visitVarInsn&apos; &apos;(II)V&apos; in &apos;jdk/internal/org/objectweb/asm/MethodWriter&apos; - ifne @ bci 22 sp = 0x000000030c9c1720
<uncommon_trap thread='9987' reason='unstable_if' action='reinterpret' compile_id='434' compiler='C2' stamp='3.617'>
Uncommon trap occurred in jdk.internal.org.objectweb.asm.MethodWriter::visitMethodInsn (@0x0000000114d7ecec) thread=9987 reason=unstable_if action=reinterpret unloaded_class_index=-1
<jvms bci='44' method='jdk/internal/org/objectweb/asm/MethodWriter visitMethodInsn (ILjava/lang/String;Ljava/lang/String;Ljava/lang/String;Z)V' bytes='220' count='50' backedge_count='1' iicount='100'/>
</uncommon_trap>
DEOPT PACKING thread 0x00007fbb29009000 Compiled frame (sp=0x000000030c9c1720 unextended sp=0x000000030c9c1720, fp=0x0000000000000000, real_fp=0x000000030c9c1760, pc=0x0000000114d7ecec)
     nmethod   3617  434             jdk.internal.org.objectweb.asm.MethodWriter::visitMethodInsn (220 bytes)

     Virtual frames (innermost first):
        0 - frame( sp=0x000000030c9c1720, unextended_sp=0x000000030c9c1720, fp=0x0000000000000000, pc=0x0000000114d7ecec)
jdk.internal.org.objectweb.asm.MethodWriter.visitMethodInsn(MethodWriter.java:921) - ifne @ bci 44 
     Created vframeArray 0x00007fbb2a84d020
DEOPT UNPACKING thread 0x00007fbb29009000 vframeArray 0x00007fbb2a84d020 mode 2
     {method} {0x0000000111b7db18} &apos;visitMethodInsn&apos; &apos;(ILjava/lang/String;Ljava/lang/String;Ljava/lang/String;Z)V&apos; in &apos;jdk/internal/org/objectweb/asm/MethodWriter&apos; - ifne @ bci 44 sp = 0x000000030c9c16f0
<uncommon_trap thread='9987' reason='unstable_if' action='reinterpret' compile_id='453' compiler='C2' stamp='3.618'>
Uncommon trap occurred in jdk.internal.org.objectweb.asm.MethodWriter::visitInsn (@0x0000000114d87110) thread=9987 reason=unstable_if action=reinterpret unloaded_class_index=-1
<jvms bci='31' method='jdk/internal/org/objectweb/asm/MethodWriter visitInsn (I)V' bytes='106' count='50' backedge_count='1' iicount='100'/>
</uncommon_trap>
DEOPT PACKING thread 0x00007fbb29009000 Compiled frame (sp=0x000000030c9c1750 unextended sp=0x000000030c9c1750, fp=0x0000000795865848, real_fp=0x000000030c9c1780, pc=0x0000000114d87110)
     nmethod   3617  453             jdk.internal.org.objectweb.asm.MethodWriter::visitInsn (106 bytes)

     Virtual frames (innermost first):
        0 - frame( sp=0x000000030c9c1750, unextended_sp=0x000000030c9c1750, fp=0x0000000795865848, pc=0x0000000114d87110)
jdk.internal.org.objectweb.asm.MethodWriter.visitInsn(MethodWriter.java:750) - ifne @ bci 31 
     Created vframeArray 0x00007fbb2b04cc20
DEOPT UNPACKING thread 0x00007fbb29009000 vframeArray 0x00007fbb2b04cc20 mode 2
     {method} {0x0000000111b7d1f8} &apos;visitInsn&apos; &apos;(I)V&apos; in &apos;jdk/internal/org/objectweb/asm/MethodWriter&apos; - ifne @ bci 31 sp = 0x000000030c9c1720
<uncommon_trap thread='9987' reason='unstable_if' action='reinterpret' compile_id='475' compiler='C2' stamp='3.618'>
Uncommon trap occurred in jdk.internal.org.objectweb.asm.MethodWriter::noSuccessor (@0x0000000114d94e44) thread=9987 reason=unstable_if action=reinterpret unloaded_class_index=-1
<jvms bci='4' method='jdk/internal/org/objectweb/asm/MethodWriter noSuccessor ()V' bytes='87' count='50' backedge_count='1' iicount='100'/>
</uncommon_trap>
DEOPT PACKING thread 0x00007fbb29009000 Compiled frame (sp=0x000000030c9c16c0 unextended sp=0x000000030c9c16c0, fp=0x0000000795865848, real_fp=0x000000030c9c1710, pc=0x0000000114d94e44)
     nmethod   3618  475             jdk.internal.org.objectweb.asm.MethodWriter::noSuccessor (87 bytes)

     Virtual frames (innermost first):
        0 - frame( sp=0x000000030c9c16c0, unextended_sp=0x000000030c9c16c0, fp=0x0000000795865848, pc=0x0000000114d94e44)
jdk.internal.org.objectweb.asm.MethodWriter.noSuccessor(MethodWriter.java:1710) - ifne @ bci 4 
     Created vframeArray 0x00007fbb29066a20
DEOPT UNPACKING thread 0x00007fbb29009000 vframeArray 0x00007fbb29066a20 mode 2
     {method} {0x0000000111b7fd88} &apos;noSuccessor&apos; &apos;()V&apos; in &apos;jdk/internal/org/objectweb/asm/MethodWriter&apos; - ifne @ bci 4 sp = 0x000000030c9c16b0
<dependency_failed type='abstract_with_unique_concrete_subtype' ctxk='jdk/internal/org/objectweb/asm/MethodVisitor' x='jdk/internal/org/objectweb/asm/MethodWriter' witness='java/lang/invoke/TypeConvertingMethodAdapter' stamp='3.619'/>
<dependency_failed type='abstract_with_unique_concrete_subtype' ctxk='jdk/internal/org/objectweb/asm/MethodVisitor' x='jdk/internal/org/objectweb/asm/MethodWriter' witness='java/lang/invoke/TypeConvertingMethodAdapter' stamp='3.619'/>
<dependency_failed type='abstract_with_unique_concrete_subtype' ctxk='jdk/internal/org/objectweb/asm/MethodVisitor' x='jdk/internal/org/objectweb/asm/MethodWriter' witness='java/lang/invoke/TypeConvertingMethodAdapter' stamp='3.619'/>
<dependency_failed type='abstract_with_unique_concrete_subtype' ctxk='jdk/internal/org/objectweb/asm/MethodVisitor' x='jdk/internal/org/objectweb/asm/MethodWriter' witness='java/lang/invoke/TypeConvertingMethodAdapter' stamp='3.619'/>
<dependency_failed type='abstract_with_unique_concrete_subtype' ctxk='jdk/internal/org/objectweb/asm/MethodVisitor' x='jdk/internal/org/objectweb/asm/MethodWriter' witness='java/lang/invoke/TypeConvertingMethodAdapter' stamp='3.619'/>
<dependency_failed type='abstract_with_unique_concrete_subtype' ctxk='jdk/internal/org/objectweb/asm/MethodVisitor' x='jdk/internal/org/objectweb/asm/MethodWriter' witness='java/lang/invoke/TypeConvertingMethodAdapter' stamp='3.619'/>
<dependency_failed type='abstract_with_unique_concrete_subtype' ctxk='jdk/internal/org/objectweb/asm/MethodVisitor' x='jdk/internal/org/objectweb/asm/MethodWriter' witness='java/lang/invoke/TypeConvertingMethodAdapter' stamp='3.619'/>
<dependency_failed type='abstract_with_unique_concrete_subtype' ctxk='jdk/internal/org/objectweb/asm/MethodVisitor' x='jdk/internal/org/objectweb/asm/MethodWriter' witness='java/lang/invoke/TypeConvertingMethodAdapter' stamp='3.619'/>
<dependency_failed type='abstract_with_unique_concrete_subtype' ctxk='jdk/internal/org/objectweb/asm/MethodVisitor' x='jdk/internal/org/objectweb/asm/MethodWriter' witness='java/lang/invoke/TypeConvertingMethodAdapter' stamp='3.619'/>
<uncommon_trap thread='9987' reason='class_check' action='maybe_recompile' compile_id='76' compiler='C2' count='2' state='class_check' stamp='3.808'>
Uncommon trap occurred in java.net.URL::&lt;init&gt; (@0x0000000114cd4760) thread=9987 reason=class_check action=maybe_recompile unloaded_class_index=-1
<jvms bci='504' method='java/net/URL &lt;init&gt; (Ljava/net/URL;Ljava/lang/String;Ljava/net/URLStreamHandler;)V' bytes='543' count='13' backedge_count='51' iicount='27' class_check_traps='2'/>
</uncommon_trap>
DEOPT PACKING thread 0x00007fbb29009000 Compiled frame (sp=0x000000030c9c01c0 unextended sp=0x000000030c9c01c0, fp=0x0000000795870590, real_fp=0x000000030c9c0220, pc=0x0000000114cd4760)
     nmethod   3808   76   !         java.net.URL::&lt;init&gt; (543 bytes)

     Virtual frames (innermost first):
        0 - frame( sp=0x000000030c9c01c0, unextended_sp=0x000000030c9c01c0, fp=0x0000000795870590, pc=0x0000000114cd4760)
java.net.URL.&lt;init&gt;(URL.java:640) - invokevirtual @ bci 504 
     Created vframeArray 0x00007fbb2a84d020
DEOPT UNPACKING thread 0x00007fbb29009000 vframeArray 0x00007fbb2a84d020 mode 2
     {method} {0x00000001118a9008} &apos;&lt;init&gt;&apos; &apos;(Ljava/net/URL;Ljava/lang/String;Ljava/net/URLStreamHandler;)V&apos; in &apos;java/net/URL&apos; - invokevirtual @ bci 504 sp = 0x000000030c9c0158
<uncommon_trap thread='9987' reason='class_check' action='maybe_recompile' compile_id='76' compiler='C2' count='3' state='class_check' stamp='3.885'>
Uncommon trap occurred in java.net.URL::&lt;init&gt; (@0x0000000114cd4760) thread=9987 reason=class_check action=maybe_recompile unloaded_class_index=-1
<jvms bci='504' method='java/net/URL &lt;init&gt; (Ljava/net/URL;Ljava/lang/String;Ljava/net/URLStreamHandler;)V' bytes='543' count='13' backedge_count='51' iicount='27' class_check_traps='3'/>
</uncommon_trap>
DEOPT PACKING thread 0x00007fbb29009000 Compiled frame (sp=0x000000030c9bec90 unextended sp=0x000000030c9bec90, fp=0x0000000795889d38, real_fp=0x000000030c9becf0, pc=0x0000000114cd4760)
     nmethod   3885   76   !         java.net.URL::&lt;init&gt; (543 bytes)

     Virtual frames (innermost first):
        0 - frame( sp=0x000000030c9bec90, unextended_sp=0x000000030c9bec90, fp=0x0000000795889d38, pc=0x0000000114cd4760)
java.net.URL.&lt;init&gt;(URL.java:640) - invokevirtual @ bci 504 
     Created vframeArray 0x00007fbb2a07dc20
DEOPT UNPACKING thread 0x00007fbb29009000 vframeArray 0x00007fbb2a07dc20 mode 2
     {method} {0x00000001118a9008} &apos;&lt;init&gt;&apos; &apos;(Ljava/net/URL;Ljava/lang/String;Ljava/net/URLStreamHandler;)V&apos; in &apos;java/net/URL&apos; - invokevirtual @ bci 504 sp = 0x000000030c9bec28
<uncommon_trap thread='9987' reason='null_check' action='make_not_entrant' compile_id='283' compiler='C2' stamp='4.017'>
Uncommon trap occurred in java.lang.reflect.Array::newInstance (@0x0000000114d389fc) thread=9987 reason=null_check action=make_not_entrant unloaded_class_index=-1
<jvms bci='2' method='java/lang/reflect/Array newInstance (Ljava/lang/Class;I)Ljava/lang/Object;' bytes='6' count='50' backedge_count='1' iicount='100'/>
</uncommon_trap>
DEOPT PACKING thread 0x00007fbb29009000 Compiled frame (sp=0x000000030c9c1c60 unextended sp=0x000000030c9c1c60, fp=0x00000007958dd190, real_fp=0x000000030c9c1c90, pc=0x0000000114d389fc)
     nmethod   4016  283             java.lang.reflect.Array::newInstance (6 bytes)

     Virtual frames (innermost first):
        0 - frame( sp=0x000000030c9c1c60, unextended_sp=0x000000030c9c1c60, fp=0x00000007958dd190, pc=0x0000000114d389fc)
java.lang.reflect.Array.newInstance(Array.java:75) - invokestatic @ bci 2 
     Created vframeArray 0x00007fbb2a84d020
DEOPT UNPACKING thread 0x00007fbb29009000 vframeArray 0x00007fbb2a84d020 mode 2
     {method} {0x0000000111b40880} &apos;newInstance&apos; &apos;(Ljava/lang/Class;I)Ljava/lang/Object;&apos; in &apos;java/lang/reflect/Array&apos; - invokestatic @ bci 2 sp = 0x000000030c9c1c30
<uncommon_trap thread='9987' reason='unstable_if' action='reinterpret' compile_id='521' compiler='C2' stamp='4.035'>
Uncommon trap occurred in sun.reflect.generics.parser.SignatureParser::current (@0x0000000114dbf344) thread=9987 reason=unstable_if action=reinterpret unloaded_class_index=-1
<jvms bci='39' method='sun/reflect/generics/parser/SignatureParser current ()C' bytes='59' count='50' backedge_count='1' iicount='100'/>
</uncommon_trap>
DEOPT PACKING thread 0x00007fbb29009000 Compiled frame (sp=0x000000030c9c2240 unextended sp=0x000000030c9c2240, fp=0x000000000000005d, real_fp=0x000000030c9c2270, pc=0x0000000114dbf344)
     nmethod   4034  521             sun.reflect.generics.parser.SignatureParser::current (59 bytes)

     Virtual frames (innermost first):
        0 - frame( sp=0x000000030c9c2240, unextended_sp=0x000000030c9c2240, fp=0x000000000000005d, pc=0x0000000114dbf344)
sun.reflect.generics.parser.SignatureParser.current(SignatureParser.java:93) - if_icmpge @ bci 39 
     Created vframeArray 0x00007fbb2a855620
DEOPT UNPACKING thread 0x00007fbb29009000 vframeArray 0x00007fbb2a855620 mode 2
     {method} {0x0000000111c750a8} &apos;current&apos; &apos;()C&apos; in &apos;sun/reflect/generics/parser/SignatureParser&apos; - if_icmpge @ bci 39 sp = 0x000000030c9c2210
<uncommon_trap thread='9987' reason='class_check' action='maybe_recompile' compile_id='195' compiler='C2' count='1' state='class_check' stamp='4.036'>
Uncommon trap occurred in java.util.concurrent.ConcurrentHashMap::get (@0x0000000114d07b50) thread=9987 reason=class_check action=maybe_recompile unloaded_class_index=-1
<jvms bci='1' method='java/util/concurrent/ConcurrentHashMap get (Ljava/lang/Object;)Ljava/lang/Object;' bytes='162' count='50' backedge_count='14' iicount='86' class_check_traps='1'/>
</uncommon_trap>
DEOPT PACKING thread 0x00007fbb29009000 Compiled frame (sp=0x000000030c9c1a80 unextended sp=0x000000030c9c1a80, fp=0x0000000795673e18, real_fp=0x000000030c9c1ac0, pc=0x0000000114d07b50)
     nmethod   4036  195             java.util.concurrent.ConcurrentHashMap::get (162 bytes)

     Virtual frames (innermost first):
        0 - frame( sp=0x000000030c9c1a80, unextended_sp=0x000000030c9c1a80, fp=0x0000000795673e18, pc=0x0000000114d07b50)
java.util.concurrent.ConcurrentHashMap.get(ConcurrentHashMap.java:936) - invokevirtual @ bci 1 
     Created vframeArray 0x00007fbb2a84d020
DEOPT UNPACKING thread 0x00007fbb29009000 vframeArray 0x00007fbb2a84d020 mode 2
     {method} {0x00000001119f9c88} &apos;get&apos; &apos;(Ljava/lang/Object;)Ljava/lang/Object;&apos; in &apos;java/util/concurrent/ConcurrentHashMap&apos; - invokevirtual @ bci 1 sp = 0x000000030c9c1a30
<uncommon_trap thread='9987' reason='unstable_if' action='reinterpret' compile_id='447' compiler='C2' stamp='4.037'>
Uncommon trap occurred in java.lang.invoke.MethodHandles$Lookup::lookupClassOrNull (@0x0000000114d836b8) thread=9987 reason=unstable_if action=reinterpret unloaded_class_index=-1
<jvms bci='5' method='java/lang/invoke/MethodHandles$Lookup lookupClassOrNull ()Ljava/lang/Class;' bytes='17' count='50' backedge_count='1' iicount='100'/>
</uncommon_trap>
DEOPT PACKING thread 0x00007fbb29009000 Compiled frame (sp=0x000000030c9c1a30 unextended sp=0x000000030c9c1a30, fp=0x00000007958f9e80, real_fp=0x000000030c9c1a60, pc=0x0000000114d836b8)
     nmethod   4036  447             java.lang.invoke.MethodHandles$Lookup::lookupClassOrNull (17 bytes)

     Virtual frames (innermost first):
        0 - frame( sp=0x000000030c9c1a30, unextended_sp=0x000000030c9c1a30, fp=0x00000007958f9e80, pc=0x0000000114d836b8)
java.lang.invoke.MethodHandles$Lookup.lookupClassOrNull(MethodHandles.java:571) - if_icmpne @ bci 5 
     Created vframeArray 0x00007fbb2b04cc20
DEOPT UNPACKING thread 0x00007fbb29009000 vframeArray 0x00007fbb2b04cc20 mode 2
     {method} {0x0000000111b181f8} &apos;lookupClassOrNull&apos; &apos;()Ljava/lang/Class;&apos; in &apos;java/lang/invoke/MethodHandles$Lookup&apos; - if_icmpne @ bci 5 sp = 0x000000030c9c1a00
<uncommon_trap thread='9987' reason='class_check' action='maybe_recompile' compile_id='195' compiler='C2' count='2' state='class_check' stamp='4.037'>
Uncommon trap occurred in java.util.concurrent.ConcurrentHashMap::get (@0x0000000114d07b50) thread=9987 reason=class_check action=maybe_recompile unloaded_class_index=-1
<jvms bci='1' method='java/util/concurrent/ConcurrentHashMap get (Ljava/lang/Object;)Ljava/lang/Object;' bytes='162' count='50' backedge_count='14' iicount='86' class_check_traps='2'/>
</uncommon_trap>
DEOPT PACKING thread 0x00007fbb29009000 Compiled frame (sp=0x000000030c9c1a80 unextended sp=0x000000030c9c1a80, fp=0x0000000795673e18, real_fp=0x000000030c9c1ac0, pc=0x0000000114d07b50)
     nmethod   4037  195             java.util.concurrent.ConcurrentHashMap::get (162 bytes)

     Virtual frames (innermost first):
        0 - frame( sp=0x000000030c9c1a80, unextended_sp=0x000000030c9c1a80, fp=0x0000000795673e18, pc=0x0000000114d07b50)
java.util.concurrent.ConcurrentHashMap.get(ConcurrentHashMap.java:936) - invokevirtual @ bci 1 
     Created vframeArray 0x00007fbb2b051e20
DEOPT UNPACKING thread 0x00007fbb29009000 vframeArray 0x00007fbb2b051e20 mode 2
     {method} {0x00000001119f9c88} &apos;get&apos; &apos;(Ljava/lang/Object;)Ljava/lang/Object;&apos; in &apos;java/util/concurrent/ConcurrentHashMap&apos; - invokevirtual @ bci 1 sp = 0x000000030c9c1a30
<uncommon_trap thread='9987' reason='class_check' action='maybe_recompile' compile_id='195' compiler='C2' count='3' state='class_check' stamp='4.221'>
Uncommon trap occurred in java.util.concurrent.ConcurrentHashMap::get (@0x0000000114d07b50) thread=9987 reason=class_check action=maybe_recompile unloaded_class_index=-1
<jvms bci='1' method='java/util/concurrent/ConcurrentHashMap get (Ljava/lang/Object;)Ljava/lang/Object;' bytes='162' count='50' backedge_count='14' iicount='86' class_check_traps='3'/>
</uncommon_trap>
DEOPT PACKING thread 0x00007fbb29009000 Compiled frame (sp=0x000000030c9c17a0 unextended sp=0x000000030c9c17a0, fp=0x0000000795673e18, real_fp=0x000000030c9c17e0, pc=0x0000000114d07b50)
     nmethod   4220  195             java.util.concurrent.ConcurrentHashMap::get (162 bytes)

     Virtual frames (innermost first):
        0 - frame( sp=0x000000030c9c17a0, unextended_sp=0x000000030c9c17a0, fp=0x0000000795673e18, pc=0x0000000114d07b50)
java.util.concurrent.ConcurrentHashMap.get(ConcurrentHashMap.java:936) - invokevirtual @ bci 1 
     Created vframeArray 0x00007fbb2a07dc20
DEOPT UNPACKING thread 0x00007fbb29009000 vframeArray 0x00007fbb2a07dc20 mode 2
     {method} {0x00000001119f9c88} &apos;get&apos; &apos;(Ljava/lang/Object;)Ljava/lang/Object;&apos; in &apos;java/util/concurrent/ConcurrentHashMap&apos; - invokevirtual @ bci 1 sp = 0x000000030c9c1750
<uncommon_trap thread='9987' reason='unstable_if' action='reinterpret' compile_id='565' compiler='C2' stamp='4.301'>
Uncommon trap occurred in java.util.concurrent.ConcurrentHashMap::get (@0x0000000114dd54d8) thread=9987 reason=unstable_if action=reinterpret unloaded_class_index=-1
<jvms bci='15' method='java/util/concurrent/ConcurrentHashMap get (Ljava/lang/Object;)Ljava/lang/Object;' bytes='162' count='51' backedge_count='20' iicount='117' decompiles='1' class_check_traps='4'/>
</uncommon_trap>
DEOPT PACKING thread 0x00007fbb29009000 Compiled frame (sp=0x000000030c9c2460 unextended sp=0x000000030c9c2460, fp=0x000000079596ed08, real_fp=0x000000030c9c24a0, pc=0x0000000114dd54d8)
     nmethod   4300  565             java.util.concurrent.ConcurrentHashMap::get (162 bytes)

     Virtual frames (innermost first):
        0 - frame( sp=0x000000030c9c2460, unextended_sp=0x000000030c9c2460, fp=0x000000079596ed08, pc=0x0000000114dd54d8)
java.util.concurrent.ConcurrentHashMap.get(ConcurrentHashMap.java:937) - ifnull @ bci 15 
     Created vframeArray 0x00007fbb2a857620
DEOPT UNPACKING thread 0x00007fbb29009000 vframeArray 0x00007fbb2a857620 mode 2
     {method} {0x00000001119f9c88} &apos;get&apos; &apos;(Ljava/lang/Object;)Ljava/lang/Object;&apos; in &apos;java/util/concurrent/ConcurrentHashMap&apos; - ifnull @ bci 15 sp = 0x000000030c9c2410
<uncommon_trap thread='9987' reason='unstable_if' action='reinterpret' compile_id='510' compiler='C2' stamp='4.311'>
Uncommon trap occurred in java.util.HashMap::getNode (@0x0000000114dab4dc) thread=9987 reason=unstable_if action=reinterpret unloaded_class_index=-1
<jvms bci='49' method='java/util/HashMap getNode (ILjava/lang/Object;)Ljava/util/HashMap$Node;' bytes='148' count='51' backedge_count='1' iicount='150' decompiles='1' bimorphic_traps='4'/>
</uncommon_trap>
DEOPT PACKING thread 0x00007fbb29009000 Compiled frame (sp=0x000000030c9c1f30 unextended sp=0x000000030c9c1f30, fp=0x000000006c5e6e2c, real_fp=0x000000030c9c1f70, pc=0x0000000114dab4dc)
     nmethod   4311  510             java.util.HashMap::getNode (148 bytes)

     Virtual frames (innermost first):
        0 - frame( sp=0x000000030c9c1f30, unextended_sp=0x000000030c9c1f30, fp=0x000000006c5e6e2c, pc=0x0000000114dab4dc)
java.util.HashMap.getNode(HashMap.java:572) - if_acmpeq @ bci 49 
     Created vframeArray 0x00007fbb2906ec20
DEOPT UNPACKING thread 0x00007fbb29009000 vframeArray 0x00007fbb2906ec20 mode 2
     {method} {0x0000000111916c80} &apos;getNode&apos; &apos;(ILjava/lang/Object;)Ljava/util/HashMap$Node;&apos; in &apos;java/util/HashMap&apos; - if_acmpeq @ bci 49 sp = 0x000000030c9c1ed0
<uncommon_trap thread='9987' reason='class_check' action='maybe_recompile' compile_id='600' compiler='C2' stamp='4.414'>
Uncommon trap occurred in sun.misc.ProxyGenerator$ConstantPool$IndirectEntry::equals (@0x0000000114ddce1c) thread=9987 reason=class_check action=maybe_recompile unloaded_class_index=-1
<jvms bci='1' method='sun/misc/ProxyGenerator$ConstantPool$IndirectEntry equals (Ljava/lang/Object;)Z' bytes='49' count='51' backedge_count='1' iicount='101'/>
</uncommon_trap>
DEOPT PACKING thread 0x00007fbb29009000 Compiled frame (sp=0x000000030c9c1ec0 unextended sp=0x000000030c9c1ec0, fp=0x000000079597a9f8, real_fp=0x000000030c9c1f00, pc=0x0000000114ddce1c)
     nmethod   4413  600             sun.misc.ProxyGenerator$ConstantPool$IndirectEntry::equals (49 bytes)

     Virtual frames (innermost first):
        0 - frame( sp=0x000000030c9c1ec0, unextended_sp=0x000000030c9c1ec0, fp=0x000000079597a9f8, pc=0x0000000114ddce1c)
sun.misc.ProxyGenerator$ConstantPool$IndirectEntry.equals(ProxyGenerator.java:2019) - instanceof @ bci 1 
     Created vframeArray 0x00007fbb29073c20
DEOPT UNPACKING thread 0x00007fbb29009000 vframeArray 0x00007fbb29073c20 mode 2
     {method} {0x0000000111cc5928} &apos;equals&apos; &apos;(Ljava/lang/Object;)Z&apos; in &apos;sun/misc/ProxyGenerator$ConstantPool$IndirectEntry&apos; - instanceof @ bci 1 sp = 0x000000030c9c1e90
<uncommon_trap thread='9987' reason='unstable_if' action='reinterpret' compile_id='600' compiler='C2' stamp='4.444'>
Uncommon trap occurred in sun.misc.ProxyGenerator$ConstantPool$IndirectEntry::equals (@0x0000000114ddcdf0) thread=9987 reason=unstable_if action=reinterpret unloaded_class_index=-1
<jvms bci='31' method='sun/misc/ProxyGenerator$ConstantPool$IndirectEntry equals (Ljava/lang/Object;)Z' bytes='49' count='52' backedge_count='1' iicount='102' class_check_traps='1'/>
</uncommon_trap>
DEOPT PACKING thread 0x00007fbb29009000 Compiled frame (sp=0x000000030c9c1e60 unextended sp=0x000000030c9c1e60, fp=0x000000000000001f, real_fp=0x000000030c9c1ea0, pc=0x0000000114ddcdf0)
     nmethod   4444  600             sun.misc.ProxyGenerator$ConstantPool$IndirectEntry::equals (49 bytes)

     Virtual frames (innermost first):
        0 - frame( sp=0x000000030c9c1e60, unextended_sp=0x000000030c9c1e60, fp=0x000000000000001f, pc=0x0000000114ddcdf0)
sun.misc.ProxyGenerator$ConstantPool$IndirectEntry.equals(ProxyGenerator.java:2021) - if_icmpne @ bci 31 
     Created vframeArray 0x00007fbb2a857620
DEOPT UNPACKING thread 0x00007fbb29009000 vframeArray 0x00007fbb2a857620 mode 2
     {method} {0x0000000111cc5928} &apos;equals&apos; &apos;(Ljava/lang/Object;)Z&apos; in &apos;sun/misc/ProxyGenerator$ConstantPool$IndirectEntry&apos; - if_icmpne @ bci 31 sp = 0x000000030c9c1e28
<uncommon_trap thread='9987' reason='class_check' action='maybe_recompile' compile_id='597' compiler='C2' stamp='4.451'>
Uncommon trap occurred in java.io.DataOutputStream::writeByte (@0x0000000114ddff4c) thread=9987 reason=class_check action=maybe_recompile unloaded_class_index=-1
<jvms bci='5' method='java/io/DataOutputStream writeByte (I)V' bytes='14' count='50' backedge_count='1' iicount='100'/>
</uncommon_trap>
DEOPT PACKING thread 0x00007fbb29009000 Compiled frame (sp=0x000000030c9c20e0 unextended sp=0x000000030c9c20e0, fp=0x000000079597d570, real_fp=0x000000030c9c2110, pc=0x0000000114ddff4c)
     nmethod   4451  597             java.io.DataOutputStream::writeByte (14 bytes)

     Virtual frames (innermost first):
        0 - frame( sp=0x000000030c9c20e0, unextended_sp=0x000000030c9c20e0, fp=0x000000079597d570, pc=0x0000000114ddff4c)
java.io.DataOutputStream.writeByte(DataOutputStream.java:153) - invokevirtual @ bci 5 
     Created vframeArray 0x00007fbb2a07dc20
DEOPT UNPACKING thread 0x00007fbb29009000 vframeArray 0x00007fbb2a07dc20 mode 2
     {method} {0x0000000111cc40f0} &apos;writeByte&apos; &apos;(I)V&apos; in &apos;java/io/DataOutputStream&apos; - invokevirtual @ bci 5 sp = 0x000000030c9c20b0
<uncommon_trap thread='9987' reason='class_check' action='maybe_recompile' compile_id='597' compiler='C2' count='1' state='class_check' stamp='4.452'>
Uncommon trap occurred in java.io.DataOutputStream::writeByte (@0x0000000114ddff4c) thread=9987 reason=class_check action=maybe_recompile unloaded_class_index=-1
<jvms bci='5' method='java/io/DataOutputStream writeByte (I)V' bytes='14' count='50' backedge_count='1' iicount='100' class_check_traps='1'/>
</uncommon_trap>
DEOPT PACKING thread 0x00007fbb29009000 Compiled frame (sp=0x000000030c9c20e0 unextended sp=0x000000030c9c20e0, fp=0x000000079597d570, real_fp=0x000000030c9c2110, pc=0x0000000114ddff4c)
     nmethod   4451  597             java.io.DataOutputStream::writeByte (14 bytes)

     Virtual frames (innermost first):
        0 - frame( sp=0x000000030c9c20e0, unextended_sp=0x000000030c9c20e0, fp=0x000000079597d570, pc=0x0000000114ddff4c)
java.io.DataOutputStream.writeByte(DataOutputStream.java:153) - invokevirtual @ bci 5 
     Created vframeArray 0x00007fbb2b051220
DEOPT UNPACKING thread 0x00007fbb29009000 vframeArray 0x00007fbb2b051220 mode 2
     {method} {0x0000000111cc40f0} &apos;writeByte&apos; &apos;(I)V&apos; in &apos;java/io/DataOutputStream&apos; - invokevirtual @ bci 5 sp = 0x000000030c9c20b0
<uncommon_trap thread='9987' reason='class_check' action='maybe_recompile' compile_id='597' compiler='C2' count='2' state='class_check' stamp='4.452'>
Uncommon trap occurred in java.io.DataOutputStream::writeByte (@0x0000000114ddff4c) thread=9987 reason=class_check action=maybe_recompile unloaded_class_index=-1
<jvms bci='5' method='java/io/DataOutputStream writeByte (I)V' bytes='14' count='50' backedge_count='1' iicount='100' class_check_traps='2'/>
</uncommon_trap>
DEOPT PACKING thread 0x00007fbb29009000 Compiled frame (sp=0x000000030c9c20e0 unextended sp=0x000000030c9c20e0, fp=0x000000079597d570, real_fp=0x000000030c9c2110, pc=0x0000000114ddff4c)
     nmethod   4451  597             java.io.DataOutputStream::writeByte (14 bytes)

     Virtual frames (innermost first):
        0 - frame( sp=0x000000030c9c20e0, unextended_sp=0x000000030c9c20e0, fp=0x000000079597d570, pc=0x0000000114ddff4c)
java.io.DataOutputStream.writeByte(DataOutputStream.java:153) - invokevirtual @ bci 5 
     Created vframeArray 0x00007fbb2b058c20
DEOPT UNPACKING thread 0x00007fbb29009000 vframeArray 0x00007fbb2b058c20 mode 2
     {method} {0x0000000111cc40f0} &apos;writeByte&apos; &apos;(I)V&apos; in &apos;java/io/DataOutputStream&apos; - invokevirtual @ bci 5 sp = 0x000000030c9c20b0
<uncommon_trap thread='9987' reason='class_check' action='maybe_recompile' compile_id='597' compiler='C2' count='3' state='class_check' stamp='4.452'>
Uncommon trap occurred in java.io.DataOutputStream::writeByte (@0x0000000114ddff4c) thread=9987 reason=class_check action=maybe_recompile unloaded_class_index=-1
<jvms bci='5' method='java/io/DataOutputStream writeByte (I)V' bytes='14' count='50' backedge_count='1' iicount='100' class_check_traps='3'/>
</uncommon_trap>
DEOPT PACKING thread 0x00007fbb29009000 Compiled frame (sp=0x000000030c9c20e0 unextended sp=0x000000030c9c20e0, fp=0x000000079597d570, real_fp=0x000000030c9c2110, pc=0x0000000114ddff4c)
     nmethod   4452  597             java.io.DataOutputStream::writeByte (14 bytes)

     Virtual frames (innermost first):
        0 - frame( sp=0x000000030c9c20e0, unextended_sp=0x000000030c9c20e0, fp=0x000000079597d570, pc=0x0000000114ddff4c)
java.io.DataOutputStream.writeByte(DataOutputStream.java:153) - invokevirtual @ bci 5 
     Created vframeArray 0x00007fbb2a07dc20
DEOPT UNPACKING thread 0x00007fbb29009000 vframeArray 0x00007fbb2a07dc20 mode 2
     {method} {0x0000000111cc40f0} &apos;writeByte&apos; &apos;(I)V&apos; in &apos;java/io/DataOutputStream&apos; - invokevirtual @ bci 5 sp = 0x000000030c9c20b0
<uncommon_trap thread='9987' reason='unstable_if' action='reinterpret' compile_id='464' compiler='C2' stamp='4.575'>
Uncommon trap occurred in java.lang.AbstractStringBuilder::append (@0x0000000114d93810) thread=9987 reason=unstable_if action=reinterpret unloaded_class_index=-1
<jvms bci='8' method='java/lang/Integer stringSize (I)I' bytes='21' count='50' backedge_count='5' iicount='95'/>
<jvms bci='30' method='java/lang/AbstractStringBuilder append (I)Ljava/lang/AbstractStringBuilder;' bytes='62' count='50' backedge_count='1' iicount='100'/>
</uncommon_trap>
DEOPT PACKING thread 0x00007fbb29009000 Compiled frame (sp=0x000000030c9c2840 unextended sp=0x000000030c9c2840, fp=0x0000000000000009, real_fp=0x000000030c9c2880, pc=0x0000000114d93810)
     nmethod   4575  464             java.lang.AbstractStringBuilder::append (62 bytes)

     Virtual frames (innermost first):
        0 - frame( sp=0x000000030c9c2840, unextended_sp=0x000000030c9c2840, fp=0x0000000000000009, pc=0x0000000114d93810)
java.lang.Integer.stringSize(Integer.java:473) - if_icmpgt @ bci 8 
        1 - frame( sp=0x000000030c9c2840, unextended_sp=0x000000030c9c2840, fp=0x0000000000000009, pc=0x0000000114d93810)
java.lang.AbstractStringBuilder.append(AbstractStringBuilder.java:672) - invokestatic @ bci 30 
     Created vframeArray 0x00007fbb2906f220
DEOPT UNPACKING thread 0x00007fbb29009000 vframeArray 0x00007fbb2906f220 mode 2
     {method} {0x000000011188e418} &apos;append&apos; &apos;(I)Ljava/lang/AbstractStringBuilder;&apos; in &apos;java/lang/AbstractStringBuilder&apos; - invokestatic @ bci 30 sp = 0x000000030c9c2800
     {method} {0x00000001118c7260} &apos;stringSize&apos; &apos;(I)I&apos; in &apos;java/lang/Integer&apos; - if_icmpgt @ bci 8 sp = 0x000000030c9c27a0
<uncommon_trap thread='9987' reason='unstable_if' action='reinterpret' compile_id='462' compiler='C2' stamp='4.576'>
Uncommon trap occurred in java.lang.Integer::getChars (@0x0000000114d8ed94) thread=9987 reason=unstable_if action=reinterpret unloaded_class_index=-1
<jvms bci='20' method='java/lang/Integer getChars (II[C)V' bytes='131' count='50' backedge_count='5' iicount='95'/>
</uncommon_trap>
DEOPT PACKING thread 0x00007fbb29009000 Compiled frame (sp=0x000000030c9c27b0 unextended sp=0x000000030c9c27b0, fp=0x000000030c9c2850, real_fp=0x000000030c9c27f0, pc=0x0000000114d8ed94)
     nmethod   4575  462             java.lang.Integer::getChars (131 bytes)

     Virtual frames (innermost first):
        0 - frame( sp=0x000000030c9c27b0, unextended_sp=0x000000030c9c27b0, fp=0x000000030c9c2850, pc=0x0000000114d8ed94)
java.lang.Integer.getChars(Integer.java:444) - if_icmplt @ bci 20 
     Created vframeArray 0x00007fbb2b051220
DEOPT UNPACKING thread 0x00007fbb29009000 vframeArray 0x00007fbb2b051220 mode 2
     {method} {0x00000001118c7188} &apos;getChars&apos; &apos;(II[C)V&apos; in &apos;java/lang/Integer&apos; - if_icmplt @ bci 20 sp = 0x000000030c9c2770
C1 Runtime statistics:
 _resolve_invoke_virtual_cnt:     13
 _resolve_invoke_opt_virtual_cnt: 603
 _resolve_invoke_static_cnt:      498
 _handle_wrong_method_cnt:        30
 _ic_miss_cnt:                    9
 _generic_arraycopy_cnt:          0
 _generic_arraycopystub_cnt:      0
 _byte_arraycopy_cnt:             0
 _short_arraycopy_cnt:            0
 _int_arraycopy_cnt:              0
 _long_arraycopy_cnt:             0
 _primitive_arraycopy_cnt:        0
 _oop_arraycopy_cnt (C):          0
 _oop_arraycopy_cnt (stub):       0
 _arraycopy_slowcase_cnt:         0
 _arraycopy_checkcast_cnt:        0
 _arraycopy_checkcast_attempt_cnt:0
 _new_type_array_slowcase_cnt:    0
 _new_object_array_slowcase_cnt:  0
 _new_instance_slowcase_cnt:      0
 _new_multi_array_slowcase_cnt:   0
 _monitorenter_slowcase_cnt:      0
 _monitorexit_slowcase_cnt:       0
 _patch_code_slowcase_cnt:        0
 _throw_range_check_exception_count:            0:
 _throw_index_exception_count:                  0:
 _throw_div0_exception_count:                   0:
 _throw_null_pointer_exception_count:           0:
 _throw_class_cast_exception_count:             0:
 _throw_incompatible_class_change_error_count:  0:
 _throw_array_store_exception_count:            0:
 _throw_count:                                  0:

<statistics type='deoptimization'>
Deoptimization traps recorded:
    72 (100.0%) total
       null_check/make_not_entrant/aastore: 1 (1.4%)
  null_check/make_not_entrant/invokestatic: 1 (1.4%)
     null_assert/make_not_entrant/astore_3: 1 (1.4%)
  class_check/maybe_recompile/invokevirtual: 16 (22.2%)
    class_check/maybe_recompile/instanceof: 1 (1.4%)
   bimorphic/maybe_recompile/invokevirtual: 6 (8.3%)
                       constraint/none/nop: 1 (1.4%)
           predicate/maybe_recompile/aload: 1 (1.4%)
    loop_limit_check/maybe_recompile/aload: 2 (2.8%)
  loop_limit_check/maybe_recompile/aload_0: 1 (1.4%)
    loop_limit_check/maybe_recompile/iload: 1 (1.4%)
         unstable_if/reinterpret/if_icmpeq: 1 (1.4%)
         unstable_if/reinterpret/if_icmpge: 3 (4.2%)
         unstable_if/reinterpret/ifnonnull: 9 (12.5%)
               unstable_if/reinterpret/nop: 27 (37.5%)
</statistics>
<statistics type='SharedRuntime'>
    2 new array requires GC
    9 inline cache miss in compiled
   30 wrong method
  498 unresolved static call site
   13 unresolved virtual call site
  603 unresolved opt virtual call site
  172 slow partial subtype
  583 byte array copies
 7883 short array copies
  613 int array copies
 1560 long array copies
   10 checkcast array copies
   74 find exception handler
   48 rethrow handler
AdapterHandlerTable: empty 157 longest 3 total 182 average 1.338235
AdapterHandlerTable: lookups 8882 buckets 9244 equals 8425 hits 8425 compact 8425
</statistics>
<statistics type='nmethod'>
Statistics for 81 native nmethods:
 N. total size  = 76504
 N. relocation  = 6736
 N. main code   = 44168
Statistics for 541 bytecoded nmethods:
 total in heap  = 1133976
 relocation     = 52672
 constants      = 3136
 main code      = 381344
 stub code      = 31752
 oops           = 728
 scopes data    = 143096
 scopes pcs     = 282944
 dependencies   = 4576
 handler table  = 39248
 nul chk table  = 8672
Debug Data Chunks: 30544, shared 4377+7921, non-SP&apos;s elided 124
PcDesc Statistics:  2086 queries, 8.29 comparisons per query
  caches=541 queries=2086/0, hits=0+499, tests=7494+9807, adds=1587
</statistics>
<statistics type='opto'>
--- Compiler Statistics ---
Methods seen: 1404  Methods parsed: 1404  Nodes created: 407810
Blocks parsed: 5070  Blocks seen: 6141
6322 original NULL checks - 4576 elided (72%); optimizer leaves 1770,
779 made implicit (44%)
CCP: 541  constants found: 5
Total frameslots = 3564, Max frameslots = 56
Inserted 0 spill loads, 0 spill stores, 0 mem-mem moves and 0 copies.
Total load cost=      0, store cost =      0, mem-mem cost =  0.00, copy cost =     0.
Adjusted spill cost =       0.
Conservatively coalesced 4823 copies, 0 pairs, 8092 post alloc.
Used cisc instruction  416,  remained in register 2301
Average allocation trips 1.727110
High Pressure Blocks = 0, Low Pressure Blocks = 0
Nops added 0 bytes to total of 374638 bytes, for 0.00%
Peephole: peephole rules applied: 0
PhaseIdealLoop=1841, sum _unique=930034
</statistics>
<statistics type='intrinsic'>
Compiler intrinsic usage:
    11 ( 5.5%) _hashCode (worked,virtual,nonvirtual)
     6 ( 3.0%) _getClass (worked)
     9 ( 4.5%) _clone (worked)
    18 ( 9.0%) _min (worked)
     9 ( 4.5%) _max (worked)
     6 ( 3.0%) _nanoTime (worked)
    27 (13.6%) _arraycopy (worked)
     4 ( 2.0%) _currentThread (worked)
     3 ( 1.5%) _isAssignableFrom (worked)
     1 ( 0.5%) _getModifiers (worked)
     5 ( 2.5%) _isInterface (worked)
     8 ( 4.0%) _isArray (worked)
    18 ( 9.0%) _isPrimitive (worked)
     4 ( 2.0%) _getComponentType (worked)
     9 ( 4.5%) _getCallerClass (worked,failed)
     3 ( 1.5%) _newArray (worked)
     2 ( 1.0%) _copyOf (worked)
     1 ( 0.5%) _copyOfRange (worked)
     4 ( 2.0%) _indexOf (worked)
    19 ( 9.5%) _equals (worked)
     0 ( 0.0%) _checkIndex (disabled)
    11 ( 5.5%) _Reference_get (worked)
     8 ( 4.0%) _getObjectVolatile (worked)
     1 ( 0.5%) _putObjectVolatile (worked)
     3 ( 1.5%) _getLong_raw (worked)
     2 ( 1.0%) _putLong_raw (worked)
     2 ( 1.0%) _compareAndSwapObject (worked)
     1 ( 0.5%) _compareAndSwapLong (worked)
     4 ( 2.0%) _compareAndSwapInt (worked)
   199 (100.0%) total (worked,failed,disabled,virtual,nonvirtual)
</statistics>
<writer thread='16643'/>
<destroy_vm stamp='4.589'/>
<tty_done stamp='4.602'/>
</tty>
<hotspot_log_done stamp='4.602'/>
</hotspot_log>
