<?xml version='1.0' encoding='UTF-8'?>
<hotspot_log version='160 1' process='59563' time_ms='1783303238872'>
<vm_version>
<name>
OpenJDK 64-Bit Server VM
</name>
<release>
25.512-b00-fastdebug
</release>
<info>
OpenJDK 64-Bit Server VM (25.512-b00-fastdebug) for bsd-amd64 JRE (1.8.0_512-internal-xiezhaokun_2026_07_04_16_29-b00), built on Jul  4 2026 18:13:54 by &quot;xiezhaokun&quot; with gcc Apple LLVM 16.0.0 (clang-1600.0.26.6)
</info>
</vm_version>
<vm_arguments>
<args>
-Xbatch -XX:CompileThreshold=10 -XX:BackEdgeThreshold=20 -XX:-TieredCompilation -XX:CICompilerCount=1 -XX:+UnlockDiagnosticVMOptions -XX:CompileCommand=quiet -XX:+StressGCM -XX:+StressLCM -XX:+StressReflectiveCode -XX:+TraceDeoptimization -Drepro.iterations=35000 -Drepro.seconds=0 -Drepro.clearCacheEvery=0 -Drepro.deoptAfter=6000 -Drepro.target=sharedCacheOsr 
</args>
<command>
repro.ResolvableTypeC2Repro
</command>
<launcher>
SUN_STANDARD
</launcher>
<properties>
java.vm.specification.name=Java Virtual Machine Specification
java.vm.version=25.512-b00-fastdebug
java.vm.name=OpenJDK 64-Bit Server VM
java.vm.info=mixed mode, sharing
java.ext.dirs=/Users/xiezhaokun/Library/Java/Extensions:/Users/xiezhaokun/workspace/jdk8u-dev/build/codex-fastdebug-x86_64/jdk/lib/ext:/Library/Java/Extensions:/Network/Library/Java/Extensions:/System/Library/Java/Extensions:/usr/lib/java
java.endorsed.dirs=/Users/xiezhaokun/workspace/jdk8u-dev/build/codex-fastdebug-x86_64/jdk/lib/endorsed
sun.boot.library.path=/Users/xiezhaokun/workspace/jdk8u-dev/build/codex-fastdebug-x86_64/jdk/lib
java.library.path=/Users/xiezhaokun/Library/Java/Extensions:/Library/Java/Extensions:/Network/Library/Java/Extensions:/System/Library/Java/Extensions:/usr/lib/java:.
java.home=/Users/xiezhaokun/workspace/jdk8u-dev/build/codex-fastdebug-x86_64/jdk
java.class.path=/Users/xiezhaokun/workspace/jdk8u-dev/repro/spring-resolvabletype-c2/target/classes:/Users/xiezhaokun/workspace/jdk8u-dev/repro/spring-resolvabletype-c2/target/dependency/spring-core-5.3.31.jar:/Users/xiezhaokun/workspace/jdk8u-dev/repro/spring-resolvabletype-c2/target/dependency/spring-jcl-5.3.31.jar
sun.boot.class.path=/Users/xiezhaokun/workspace/jdk8u-dev/build/codex-fastdebug-x86_64/jdk/lib/resources.jar:/Users/xiezhaokun/workspace/jdk8u-dev/build/codex-fastdebug-x86_64/jdk/lib/rt.jar:/Users/xiezhaokun/workspace/jdk8u-dev/build/codex-fastdebug-x86_64/jdk/lib/sunrsasign.jar:/Users/xiezhaokun/workspace/jdk8u-dev/build/codex-fastdebug-x86_64/jdk/lib/jsse.jar:/Users/xiezhaokun/workspace/jdk8u-dev/build/codex-fastdebug-x86_64/jdk/lib/jce.jar:/Users/xiezhaokun/workspace/jdk8u-dev/build/codex-fastdebug-x86_64/jdk/lib/charsets.jar:/Users/xiezhaokun/workspace/jdk8u-dev/build/codex-fastdebug-x86_64/jdk/lib/jfr.jar:/Users/xiezhaokun/workspace/jdk8u-dev/build/codex-fastdebug-x86_64/jdk/classes
java.vm.specification.vendor=Oracle Corporation
java.vm.specification.version=1.8
java.vm.vendor=Oracle Corporation
repro.iterations=35000
repro.seconds=0
repro.clearCacheEvery=0
repro.deoptAfter=6000
repro.target=sharedCacheOsr
sun.java.command=repro.ResolvableTypeC2Repro
sun.java.launcher=SUN_STANDARD
</properties>
</vm_arguments>
<tty>
<blob name='MethodHandlesAdapterBlob' size='182000'>
<sect index='1' size='182000' free='177710'/>
</blob>
<writer thread='9731'/>
<uncommon_trap thread='9731' reason='bimorphic' action='maybe_recompile' compile_id='51' compiler='C2' stamp='0.543'>
Uncommon trap occurred in java.util.concurrent.ConcurrentHashMap::putVal (@0x0000000112cbdfe4) thread=9731 reason=bimorphic action=maybe_recompile unloaded_class_index=-1
<jvms bci='17' method='java/util/concurrent/ConcurrentHashMap putVal (Ljava/lang/Object;Ljava/lang/Object;Z)Ljava/lang/Object;' bytes='362' count='5' backedge_count='6' iicount='39'/>
</uncommon_trap>
DEOPT PACKING thread 0x00007fc901010000 Compiled frame (sp=0x00000003086024f0 unextended sp=0x00000003086024f0, fp=0x00000007955c1f30, real_fp=0x00000003086025c0, pc=0x0000000112cbdfe4)
     nmethod    543   51   !         java.util.concurrent.ConcurrentHashMap::putVal (362 bytes)

     Virtual frames (innermost first):
        0 - frame( sp=0x00000003086024f0, unextended_sp=0x00000003086024f0, fp=0x00000007955c1f30, pc=0x0000000112cbdfe4)
java.util.concurrent.ConcurrentHashMap.putVal(ConcurrentHashMap.java:1012) - invokevirtual @ bci 17 
     Created vframeArray 0x00007fc901030020
DEOPT UNPACKING thread 0x00007fc901010000 vframeArray 0x00007fc901030020 mode 2
     {method} {0x000000010f8c17d8} &apos;putVal&apos; &apos;(Ljava/lang/Object;Ljava/lang/Object;Z)Ljava/lang/Object;&apos; in &apos;java/util/concurrent/ConcurrentHashMap&apos; - invokevirtual @ bci 17 sp = 0x0000000308602500
<uncommon_trap thread='9731' reason='uninitialized' action='reinterpret' compile_id='68' compiler='C2' stamp='0.801'>
Uncommon trap occurred in java.io.ObjectStreamField::&lt;init&gt; (@0x0000000112ccf038) thread=9731 reason=uninitialized action=reinterpret unloaded_class_index=-1
<jvms bci='123' method='java/io/ObjectStreamField getClassSignature (Ljava/lang/Class;)Ljava/lang/String;' bytes='242' count='5' backedge_count='3' iicount='18'/>
<jvms bci='38' method='java/io/ObjectStreamField &lt;init&gt; (Ljava/lang/String;Ljava/lang/Class;Z)V' bytes='53' count='5' backedge_count='1' iicount='18'/>
<jvms bci='4' method='java/io/ObjectStreamField &lt;init&gt; (Ljava/lang/String;Ljava/lang/Class;)V' bytes='8' count='5' backedge_count='1' iicount='18'/>
</uncommon_trap>
DEOPT PACKING thread 0x00007fc901010000 Compiled frame (sp=0x0000000308600120 unextended sp=0x0000000308600120, fp=0x0000000010200031, real_fp=0x0000000308600200, pc=0x0000000112ccf038)
     nmethod    801   68             java.io.ObjectStreamField::&lt;init&gt; (8 bytes)

     Virtual frames (innermost first):
        0 - frame( sp=0x0000000308600120, unextended_sp=0x0000000308600120, fp=0x0000000010200031, pc=0x0000000112ccf038)
java.io.ObjectStreamField.getClassSignature(ObjectStreamField.java:310) - getstatic @ bci 123 
        1 - frame( sp=0x0000000308600120, unextended_sp=0x0000000308600120, fp=0x0000000010200031, pc=0x0000000112ccf038)
java.io.ObjectStreamField.&lt;init&gt;(ObjectStreamField.java:94) - invokestatic @ bci 38 
        2 - frame( sp=0x0000000308600120, unextended_sp=0x0000000308600120, fp=0x0000000010200031, pc=0x0000000112ccf038)
java.io.ObjectStreamField.&lt;init&gt;(ObjectStreamField.java:67) - invokespecial @ bci 4 
     Created vframeArray 0x00007fc90104a220
DEOPT UNPACKING thread 0x00007fc901010000 vframeArray 0x00007fc90104a220 mode 2
     {method} {0x000000010f77df58} &apos;&lt;init&gt;&apos; &apos;(Ljava/lang/String;Ljava/lang/Class;)V&apos; in &apos;java/io/ObjectStreamField&apos; - invokespecial @ bci 4 sp = 0x0000000308600190
     {method} {0x000000010f77e070} &apos;&lt;init&gt;&apos; &apos;(Ljava/lang/String;Ljava/lang/Class;Z)V&apos; in &apos;java/io/ObjectStreamField&apos; - invokestatic @ bci 38 sp = 0x0000000308600128
     {method} {0x000000010f77eeb8} &apos;getClassSignature&apos; &apos;(Ljava/lang/Class;)Ljava/lang/String;&apos; in &apos;java/io/ObjectStreamField&apos; - getstatic @ bci 123 sp = 0x00000003086000d0
<uncommon_trap thread='9731' reason='unstable_if' action='reinterpret' compile_id='13' compiler='C2' stamp='0.938'>
Uncommon trap occurred in java.lang.String::equals (@0x0000000112c7fb98) thread=9731 reason=unstable_if action=reinterpret unloaded_class_index=-1
<jvms bci='66' method='java/lang/String equals (Ljava/lang/Object;)Z' bytes='81' count='5' backedge_count='5' iicount='251'/>
</uncommon_trap>
DEOPT PACKING thread 0x00007fc901010000 Compiled frame (sp=0x00000003085feea0 unextended sp=0x00000003085feea0, fp=0x0000000000000000, real_fp=0x00000003085feee0, pc=0x0000000112c7fb98)
     nmethod    938   13             java.lang.String::equals (81 bytes)

     Virtual frames (innermost first):
        0 - frame( sp=0x00000003085feea0, unextended_sp=0x00000003085feea0, fp=0x0000000000000000, pc=0x0000000112c7fb98)
java.lang.String.equals(String.java:988) - if_icmpeq @ bci 66 
     Created vframeArray 0x00007fc901030020
DEOPT UNPACKING thread 0x00007fc901010000 vframeArray 0x00007fc901030020 mode 2
     {method} {0x000000010f6b0488} &apos;equals&apos; &apos;(Ljava/lang/Object;)Z&apos; in &apos;java/lang/String&apos; - if_icmpeq @ bci 66 sp = 0x00000003085fee58
<dependency_failed type='abstract_with_unique_concrete_subtype' ctxk='java/nio/ByteBuffer' x='java/nio/HeapByteBuffer' witness='java/nio/DirectByteBuffer' stamp='0.996'/>
<uncommon_trap thread='9731' reason='bimorphic' action='maybe_recompile' compile_id='82' compiler='C2' stamp='1.122'>
Uncommon trap occurred in java.util.HashMap::hash (@0x0000000112cc45c0) thread=9731 reason=bimorphic action=maybe_recompile unloaded_class_index=-1
<jvms bci='9' method='java/util/HashMap hash (Ljava/lang/Object;)I' bytes='20' count='5' backedge_count='1' iicount='46'/>
</uncommon_trap>
DEOPT PACKING thread 0x00007fc901010000 Compiled frame (sp=0x00000003086009a0 unextended sp=0x00000003086009a0, fp=0x00000007955d7330, real_fp=0x00000003086009d0, pc=0x0000000112cc45c0)
     nmethod   1122   82             java.util.HashMap::hash (20 bytes)

     Virtual frames (innermost first):
        0 - frame( sp=0x00000003086009a0, unextended_sp=0x00000003086009a0, fp=0x00000007955d7330, pc=0x0000000112cc45c0)
java.util.HashMap.hash(HashMap.java:340) - invokevirtual @ bci 9 
     Created vframeArray 0x00007fc90303b220
DEOPT UNPACKING thread 0x00007fc901010000 vframeArray 0x00007fc90303b220 mode 2
     {method} {0x000000010f7c29b0} &apos;hash&apos; &apos;(Ljava/lang/Object;)I&apos; in &apos;java/util/HashMap&apos; - invokevirtual @ bci 9 sp = 0x0000000308600970
<uncommon_trap thread='9731' reason='unstable_if' action='reinterpret' compile_id='49' compiler='C2' stamp='1.410'>
Uncommon trap occurred in java.lang.String::replace (@0x0000000112cbbb7c) thread=9731 reason=unstable_if action=reinterpret unloaded_class_index=-1
<jvms bci='26' method='java/lang/String replace (CC)Ljava/lang/String;' bytes='127' count='5' backedge_count='32' iicount='12'/>
</uncommon_trap>
DEOPT PACKING thread 0x00007fc901010000 Compiled frame (sp=0x0000000308601640 unextended sp=0x0000000308601640, fp=0x000000000000002e, real_fp=0x00000003086016b0, pc=0x0000000112cbbb7c)
     nmethod   1409   49             java.lang.String::replace (127 bytes)

     Virtual frames (innermost first):
        0 - frame( sp=0x0000000308601640, unextended_sp=0x0000000308601640, fp=0x000000000000002e, pc=0x0000000112cbbb7c)
java.lang.String.replace(String.java:2072) - if_icmpge @ bci 26 
     Created vframeArray 0x00007fc903045c20
DEOPT UNPACKING thread 0x00007fc901010000 vframeArray 0x00007fc903045c20 mode 2
     {method} {0x000000010f6b27c8} &apos;replace&apos; &apos;(CC)Ljava/lang/String;&apos; in &apos;java/lang/String&apos; - if_icmpge @ bci 26 sp = 0x0000000308601628
<uncommon_trap thread='9731' reason='loop_limit_check' action='maybe_recompile' compile_id='106' compiler='C2' stamp='1.544'>
Uncommon trap occurred in java.lang.String::equals (@0x0000000112cde8a4) thread=9731 reason=loop_limit_check action=maybe_recompile unloaded_class_index=-1
<jvms bci='56' method='java/lang/String equals (Ljava/lang/Object;)Z' bytes='81' count='3' backedge_count='5' iicount='253' decompiles='1' unstable_if_traps='1'/>
</uncommon_trap>
DEOPT PACKING thread 0x00007fc901010000 Compiled frame (sp=0x0000000308600f40 unextended sp=0x0000000308600f40, fp=0x0000000000000000, real_fp=0x0000000308600f80, pc=0x0000000112cde8a4)
     nmethod   1543  106             java.lang.String::equals (81 bytes)

     Virtual frames (innermost first):
        0 - frame( sp=0x0000000308600f40, unextended_sp=0x0000000308600f40, fp=0x0000000000000000, pc=0x0000000112cde8a4)
java.lang.String.equals(String.java:988) - aload @ bci 56 
     Created vframeArray 0x00007fc902037220
DEOPT UNPACKING thread 0x00007fc901010000 vframeArray 0x00007fc902037220 mode 2
     {method} {0x000000010f6b0488} &apos;equals&apos; &apos;(Ljava/lang/Object;)Z&apos; in &apos;java/lang/String&apos; - aload @ bci 56 sp = 0x0000000308600f08
<uncommon_trap thread='9731' reason='uninitialized' action='reinterpret' compile_id='70' compiler='C2' count='1' stamp='1.628'>
Uncommon trap occurred in java.io.ObjectStreamField::getClassSignature (@0x0000000112cd3e2c) thread=9731 reason=uninitialized action=reinterpret unloaded_class_index=-1
<jvms bci='123' method='java/io/ObjectStreamField getClassSignature (Ljava/lang/Class;)Ljava/lang/String;' bytes='242' count='1' backedge_count='3' iicount='18' uninitialized_traps='1'/>
</uncommon_trap>
DEOPT PACKING thread 0x00007fc901010000 Compiled frame (sp=0x0000000308600e50 unextended sp=0x0000000308600e50, fp=0x00000000f80002f3, real_fp=0x0000000308600f20, pc=0x0000000112cd3e2c)
     nmethod   1628   70             java.io.ObjectStreamField::getClassSignature (242 bytes)

     Virtual frames (innermost first):
        0 - frame( sp=0x0000000308600e50, unextended_sp=0x0000000308600e50, fp=0x00000000f80002f3, pc=0x0000000112cd3e2c)
java.io.ObjectStreamField.getClassSignature(ObjectStreamField.java:310) - getstatic @ bci 123 
     Created vframeArray 0x00007fc902042620
DEOPT UNPACKING thread 0x00007fc901010000 vframeArray 0x00007fc902042620 mode 2
     {method} {0x000000010f77eeb8} &apos;getClassSignature&apos; &apos;(Ljava/lang/Class;)Ljava/lang/String;&apos; in &apos;java/io/ObjectStreamField&apos; - getstatic @ bci 123 sp = 0x0000000308600eb8
<uncommon_trap thread='9731' reason='bimorphic' action='maybe_recompile' compile_id='51' compiler='C2' count='1' state='#7' stamp='1.651'>
Uncommon trap occurred in java.util.concurrent.ConcurrentHashMap::putVal (@0x0000000112cbdfe4) thread=9731 reason=bimorphic action=maybe_recompile unloaded_class_index=-1
<jvms bci='17' method='java/util/concurrent/ConcurrentHashMap putVal (Ljava/lang/Object;Ljava/lang/Object;Z)Ljava/lang/Object;' bytes='362' count='5' backedge_count='7' iicount='39' bimorphic_traps='1'/>
</uncommon_trap>
DEOPT PACKING thread 0x00007fc901010000 Compiled frame (sp=0x00000003086015f0 unextended sp=0x00000003086015f0, fp=0x00000007955c5170, real_fp=0x00000003086016c0, pc=0x0000000112cbdfe4)
     nmethod   1651   51   !         java.util.concurrent.ConcurrentHashMap::putVal (362 bytes)

     Virtual frames (innermost first):
        0 - frame( sp=0x00000003086015f0, unextended_sp=0x00000003086015f0, fp=0x00000007955c5170, pc=0x0000000112cbdfe4)
java.util.concurrent.ConcurrentHashMap.putVal(ConcurrentHashMap.java:1012) - invokevirtual @ bci 17 
     Created vframeArray 0x00007fc903045c20
DEOPT UNPACKING thread 0x00007fc901010000 vframeArray 0x00007fc903045c20 mode 2
     {method} {0x000000010f8c17d8} &apos;putVal&apos; &apos;(Ljava/lang/Object;Ljava/lang/Object;Z)Ljava/lang/Object;&apos; in &apos;java/util/concurrent/ConcurrentHashMap&apos; - invokevirtual @ bci 17 sp = 0x0000000308601600
<uncommon_trap thread='9731' reason='bimorphic' action='maybe_recompile' compile_id='51' compiler='C2' count='2' state='#7' stamp='1.654'>
Uncommon trap occurred in java.util.concurrent.ConcurrentHashMap::putVal (@0x0000000112cbdfe4) thread=9731 reason=bimorphic action=maybe_recompile unloaded_class_index=-1
<jvms bci='17' method='java/util/concurrent/ConcurrentHashMap putVal (Ljava/lang/Object;Ljava/lang/Object;Z)Ljava/lang/Object;' bytes='362' count='5' backedge_count='8' iicount='39' bimorphic_traps='2'/>
</uncommon_trap>
DEOPT PACKING thread 0x00007fc901010000 Compiled frame (sp=0x00000003085ffd20 unextended sp=0x00000003085ffd20, fp=0x00000007955c5130, real_fp=0x00000003085ffdf0, pc=0x0000000112cbdfe4)
     nmethod   1654   51   !         java.util.concurrent.ConcurrentHashMap::putVal (362 bytes)

     Virtual frames (innermost first):
        0 - frame( sp=0x00000003085ffd20, unextended_sp=0x00000003085ffd20, fp=0x00000007955c5130, pc=0x0000000112cbdfe4)
java.util.concurrent.ConcurrentHashMap.putVal(ConcurrentHashMap.java:1012) - invokevirtual @ bci 17 
     Created vframeArray 0x00007fc902830c20
DEOPT UNPACKING thread 0x00007fc901010000 vframeArray 0x00007fc902830c20 mode 2
     {method} {0x000000010f8c17d8} &apos;putVal&apos; &apos;(Ljava/lang/Object;Ljava/lang/Object;Z)Ljava/lang/Object;&apos; in &apos;java/util/concurrent/ConcurrentHashMap&apos; - invokevirtual @ bci 17 sp = 0x00000003085ffd10
<uncommon_trap thread='9731' reason='bimorphic' action='maybe_recompile' compile_id='51' compiler='C2' count='3' state='#7' stamp='1.658'>
Uncommon trap occurred in java.util.concurrent.ConcurrentHashMap::putVal (@0x0000000112cbdfe4) thread=9731 reason=bimorphic action=maybe_recompile unloaded_class_index=-1
<jvms bci='17' method='java/util/concurrent/ConcurrentHashMap putVal (Ljava/lang/Object;Ljava/lang/Object;Z)Ljava/lang/Object;' bytes='362' count='5' backedge_count='8' iicount='39' bimorphic_traps='3'/>
</uncommon_trap>
DEOPT PACKING thread 0x00007fc901010000 Compiled frame (sp=0x00000003085ffc70 unextended sp=0x00000003085ffc70, fp=0x00000007955c1f30, real_fp=0x00000003085ffd40, pc=0x0000000112cbdfe4)
     nmethod   1657   51   !         java.util.concurrent.ConcurrentHashMap::putVal (362 bytes)

     Virtual frames (innermost first):
        0 - frame( sp=0x00000003085ffc70, unextended_sp=0x00000003085ffc70, fp=0x00000007955c1f30, pc=0x0000000112cbdfe4)
java.util.concurrent.ConcurrentHashMap.putVal(ConcurrentHashMap.java:1012) - invokevirtual @ bci 17 
     Created vframeArray 0x00007fc902042620
DEOPT UNPACKING thread 0x00007fc901010000 vframeArray 0x00007fc902042620 mode 2
     {method} {0x000000010f8c17d8} &apos;putVal&apos; &apos;(Ljava/lang/Object;Ljava/lang/Object;Z)Ljava/lang/Object;&apos; in &apos;java/util/concurrent/ConcurrentHashMap&apos; - invokevirtual @ bci 17 sp = 0x00000003085ffc60
<uncommon_trap thread='9731' reason='predicate' action='maybe_recompile' compile_id='208' compiler='C2' stamp='1.797'>
Uncommon trap occurred in sun.net.www.ParseUtil::encodePath (@0x0000000112d0cacc) thread=9731 reason=predicate action=maybe_recompile unloaded_class_index=-1
<jvms bci='36' method='sun/net/www/ParseUtil encodePath (Ljava/lang/String;Z)Ljava/lang/String;' bytes='336' count='5' backedge_count='38' iicount='7'/>
</uncommon_trap>
DEOPT PACKING thread 0x00007fc901010000 Compiled frame (sp=0x0000000308600630 unextended sp=0x0000000308600630, fp=0x00000007955f8ac8, real_fp=0x0000000308600690, pc=0x0000000112d0cacc)
     nmethod   1797  208             sun.net.www.ParseUtil::encodePath (336 bytes)

     Virtual frames (innermost first):
        0 - frame( sp=0x0000000308600630, unextended_sp=0x0000000308600630, fp=0x00000007955f8ac8, pc=0x0000000112d0cacc)
sun.net.www.ParseUtil.encodePath(ParseUtil.java:111) - aload @ bci 36 
     Created vframeArray 0x00007fc901068a20
DEOPT UNPACKING thread 0x00007fc901010000 vframeArray 0x00007fc901068a20 mode 2
     {method} {0x000000010f8a33b0} &apos;encodePath&apos; &apos;(Ljava/lang/String;Z)Ljava/lang/String;&apos; in &apos;sun/net/www/ParseUtil&apos; - aload @ bci 36 sp = 0x0000000308600600
<uncommon_trap thread='9731' reason='class_check' action='maybe_recompile' compile_id='154' compiler='C2' stamp='1.859'>
Uncommon trap occurred in java.util.HashMap::getNode (@0x0000000112cf278c) thread=9731 reason=class_check action=maybe_recompile unloaded_class_index=-1
<jvms bci='59' method='java/util/HashMap getNode (ILjava/lang/Object;)Ljava/util/HashMap$Node;' bytes='148' count='5' backedge_count='1' iicount='34'/>
</uncommon_trap>
DEOPT PACKING thread 0x00007fc901010000 Compiled frame (sp=0x00000003086004e0 unextended sp=0x00000003086004e0, fp=0x0000000001494fe6, real_fp=0x0000000308600520, pc=0x0000000112cf278c)
     nmethod   1859  154             java.util.HashMap::getNode (148 bytes)

     Virtual frames (innermost first):
        0 - frame( sp=0x00000003086004e0, unextended_sp=0x00000003086004e0, fp=0x0000000001494fe6, pc=0x0000000112cf278c)
java.util.HashMap.getNode(HashMap.java:573) - invokevirtual @ bci 59 
     Created vframeArray 0x00007fc903045c20
DEOPT UNPACKING thread 0x00007fc901010000 vframeArray 0x00007fc903045c20 mode 2
     {method} {0x000000010f7c3628} &apos;getNode&apos; &apos;(ILjava/lang/Object;)Ljava/util/HashMap$Node;&apos; in &apos;java/util/HashMap&apos; - invokevirtual @ bci 59 sp = 0x0000000308600480
<uncommon_trap thread='9731' reason='class_check' action='maybe_recompile' compile_id='154' compiler='C2' count='1' state='class_check' stamp='1.917'>
Uncommon trap occurred in java.util.HashMap::getNode (@0x0000000112cf278c) thread=9731 reason=class_check action=maybe_recompile unloaded_class_index=-1
<jvms bci='59' method='java/util/HashMap getNode (ILjava/lang/Object;)Ljava/util/HashMap$Node;' bytes='148' count='5' backedge_count='1' iicount='34' class_check_traps='1'/>
</uncommon_trap>
DEOPT PACKING thread 0x00007fc901010000 Compiled frame (sp=0x00000003085fdc50 unextended sp=0x00000003085fdc50, fp=0x0000000001494fe6, real_fp=0x00000003085fdc90, pc=0x0000000112cf278c)
     nmethod   1917  154             java.util.HashMap::getNode (148 bytes)

     Virtual frames (innermost first):
        0 - frame( sp=0x00000003085fdc50, unextended_sp=0x00000003085fdc50, fp=0x0000000001494fe6, pc=0x0000000112cf278c)
java.util.HashMap.getNode(HashMap.java:573) - invokevirtual @ bci 59 
     Created vframeArray 0x00007fc90284d020
DEOPT UNPACKING thread 0x00007fc901010000 vframeArray 0x00007fc90284d020 mode 2
     {method} {0x000000010f7c3628} &apos;getNode&apos; &apos;(ILjava/lang/Object;)Ljava/util/HashMap$Node;&apos; in &apos;java/util/HashMap&apos; - invokevirtual @ bci 59 sp = 0x00000003085fdbf0
<uncommon_trap thread='9731' reason='class_check' action='maybe_recompile' compile_id='154' compiler='C2' count='2' state='class_check' stamp='1.956'>
Uncommon trap occurred in java.util.HashMap::getNode (@0x0000000112cf278c) thread=9731 reason=class_check action=maybe_recompile unloaded_class_index=-1
<jvms bci='59' method='java/util/HashMap getNode (ILjava/lang/Object;)Ljava/util/HashMap$Node;' bytes='148' count='5' backedge_count='1' iicount='34' class_check_traps='2'/>
</uncommon_trap>
DEOPT PACKING thread 0x00007fc901010000 Compiled frame (sp=0x0000000308600530 unextended sp=0x0000000308600530, fp=0x0000000001494fe6, real_fp=0x0000000308600570, pc=0x0000000112cf278c)
     nmethod   1956  154             java.util.HashMap::getNode (148 bytes)

     Virtual frames (innermost first):
        0 - frame( sp=0x0000000308600530, unextended_sp=0x0000000308600530, fp=0x0000000001494fe6, pc=0x0000000112cf278c)
java.util.HashMap.getNode(HashMap.java:573) - invokevirtual @ bci 59 
     Created vframeArray 0x00007fc90106b220
DEOPT UNPACKING thread 0x00007fc901010000 vframeArray 0x00007fc90106b220 mode 2
     {method} {0x000000010f7c3628} &apos;getNode&apos; &apos;(ILjava/lang/Object;)Ljava/util/HashMap$Node;&apos; in &apos;java/util/HashMap&apos; - invokevirtual @ bci 59 sp = 0x00000003086004d0
<uncommon_trap thread='9731' reason='unstable_if' action='reinterpret' compile_id='254' compiler='C2' stamp='1.958'>
Uncommon trap occurred in java.util.concurrent.ConcurrentHashMap::addCount (@0x0000000112d277cc) thread=9731 reason=unstable_if action=reinterpret unloaded_class_index=-1
<jvms bci='135' method='java/util/concurrent/ConcurrentHashMap addCount (JI)V' bytes='281' count='5' backedge_count='1' iicount='42'/>
</uncommon_trap>
DEOPT PACKING thread 0x00007fc901010000 Compiled frame (sp=0x00000003086013e0 unextended sp=0x00000003086013e0, fp=0x0000000000000000, real_fp=0x0000000308601420, pc=0x0000000112d277cc)
     nmethod   1958  254             java.util.concurrent.ConcurrentHashMap::addCount (281 bytes)

     Virtual frames (innermost first):
        0 - frame( sp=0x00000003086013e0, unextended_sp=0x00000003086013e0, fp=0x0000000000000000, pc=0x0000000112d277cc)
java.util.concurrent.ConcurrentHashMap.addCount(ConcurrentHashMap.java:2275) - iflt @ bci 135 
     Created vframeArray 0x00007fc90106c620
DEOPT UNPACKING thread 0x00007fc901010000 vframeArray 0x00007fc90106c620 mode 2
     {method} {0x000000010f8c4e60} &apos;addCount&apos; &apos;(JI)V&apos; in &apos;java/util/concurrent/ConcurrentHashMap&apos; - iflt @ bci 135 sp = 0x0000000308601358
<dependency_failed type='leaf_type' ctxk='java/util/concurrent/ConcurrentHashMap$Node' witness='java/util/concurrent/ConcurrentHashMap$ForwardingNode' stamp='1.959'/>
<dependency_failed type='leaf_type' ctxk='java/util/concurrent/ConcurrentHashMap$Node' witness='java/util/concurrent/ConcurrentHashMap$ForwardingNode' stamp='1.959'/>
<dependency_failed type='leaf_type' ctxk='java/util/concurrent/ConcurrentHashMap$Node' witness='java/util/concurrent/ConcurrentHashMap$ForwardingNode' stamp='1.959'/>
DEOPT PACKING thread 0x00007fc901010000 Deoptimized frame (sp=0x0000000308601420 unextended sp=0x0000000308601420, fp=0x0000000000000000, real_fp=0x00000003086014f0, pc=0x0000000112d2c474)
     nmethod   1963  263   !         java.util.concurrent.ConcurrentHashMap::putVal (362 bytes)

     Virtual frames (innermost first):
        0 - frame( sp=0x0000000308601420, unextended_sp=0x0000000308601420, fp=0x0000000000000000, pc=0x0000000112d2c474)
java.util.concurrent.ConcurrentHashMap.putVal(ConcurrentHashMap.java:1070) - invokespecial @ bci 357 
     Created vframeArray 0x00007fc90106b220
DEOPT UNPACKING thread 0x00007fc901010000 vframeArray 0x00007fc90106b220 mode 0
     {method} {0x000000010f8c17d8} &apos;putVal&apos; &apos;(Ljava/lang/Object;Ljava/lang/Object;Z)Ljava/lang/Object;&apos; in &apos;java/util/concurrent/ConcurrentHashMap&apos; - invokespecial @ bci 357 sp = 0x0000000308601418
<uncommon_trap thread='9731' reason='class_check' action='maybe_recompile' compile_id='154' compiler='C2' count='3' state='class_check' stamp='2.179'>
Uncommon trap occurred in java.util.HashMap::getNode (@0x0000000112cf278c) thread=9731 reason=class_check action=maybe_recompile unloaded_class_index=-1
<jvms bci='59' method='java/util/HashMap getNode (ILjava/lang/Object;)Ljava/util/HashMap$Node;' bytes='148' count='5' backedge_count='1' iicount='34' class_check_traps='3'/>
</uncommon_trap>
DEOPT PACKING thread 0x00007fc901010000 Compiled frame (sp=0x0000000308600530 unextended sp=0x0000000308600530, fp=0x0000000001494fe6, real_fp=0x0000000308600570, pc=0x0000000112cf278c)
     nmethod   2179  154             java.util.HashMap::getNode (148 bytes)

     Virtual frames (innermost first):
        0 - frame( sp=0x0000000308600530, unextended_sp=0x0000000308600530, fp=0x0000000001494fe6, pc=0x0000000112cf278c)
java.util.HashMap.getNode(HashMap.java:573) - invokevirtual @ bci 59 
     Created vframeArray 0x00007fc90106c620
DEOPT UNPACKING thread 0x00007fc901010000 vframeArray 0x00007fc90106c620 mode 2
     {method} {0x000000010f7c3628} &apos;getNode&apos; &apos;(ILjava/lang/Object;)Ljava/util/HashMap$Node;&apos; in &apos;java/util/HashMap&apos; - invokevirtual @ bci 59 sp = 0x00000003086004d0
<uncommon_trap thread='9731' reason='class_check' action='maybe_recompile' compile_id='280' compiler='C2' stamp='2.530'>
Uncommon trap occurred in java.net.URL::&lt;init&gt; (@0x0000000112d38be0) thread=9731 reason=class_check action=maybe_recompile unloaded_class_index=-1
<jvms bci='504' method='java/net/URL &lt;init&gt; (Ljava/net/URL;Ljava/lang/String;Ljava/net/URLStreamHandler;)V' bytes='543' count='4' backedge_count='10' iicount='4'/>
</uncommon_trap>
DEOPT PACKING thread 0x00007fc901010000 Compiled frame (sp=0x0000000308600710 unextended sp=0x0000000308600710, fp=0x00000000f2ab7ea8, real_fp=0x0000000308600780, pc=0x0000000112d38be0)
     nmethod   2530  280   !         java.net.URL::&lt;init&gt; (543 bytes)

     Virtual frames (innermost first):
        0 - frame( sp=0x0000000308600710, unextended_sp=0x0000000308600710, fp=0x00000000f2ab7ea8, pc=0x0000000112d38be0)
java.net.URL.&lt;init&gt;(URL.java:640) - invokevirtual @ bci 504 
     Created vframeArray 0x00007fc902047a20
DEOPT UNPACKING thread 0x00007fc901010000 vframeArray 0x00007fc902047a20 mode 2
     {method} {0x000000010f753008} &apos;&lt;init&gt;&apos; &apos;(Ljava/net/URL;Ljava/lang/String;Ljava/net/URLStreamHandler;)V&apos; in &apos;java/net/URL&apos; - invokevirtual @ bci 504 sp = 0x0000000308600698
<dependency_failed type='abstract_with_unique_concrete_subtype' ctxk='sun/misc/Resource' x='sun/misc/URLClassPath$FileLoader$1' witness='sun/misc/URLClassPath$JarLoader$2' stamp='2.531'/>
<dependency_failed type='abstract_with_unique_concrete_subtype' ctxk='sun/misc/Resource' x='sun/misc/URLClassPath$FileLoader$1' witness='sun/misc/URLClassPath$JarLoader$2' stamp='2.532'/>
<dependency_failed type='abstract_with_unique_concrete_subtype' ctxk='sun/misc/Resource' x='sun/misc/URLClassPath$FileLoader$1' witness='sun/misc/URLClassPath$JarLoader$2' stamp='2.532'/>
<dependency_failed type='abstract_with_unique_concrete_subtype' ctxk='sun/misc/Resource' x='sun/misc/URLClassPath$FileLoader$1' witness='sun/misc/URLClassPath$JarLoader$2' stamp='2.532'/>
<dependency_failed type='abstract_with_unique_concrete_subtype' ctxk='sun/misc/Resource' x='sun/misc/URLClassPath$FileLoader$1' witness='sun/misc/URLClassPath$JarLoader$2' stamp='2.532'/>
<dependency_failed type='abstract_with_unique_concrete_subtype' ctxk='sun/misc/Resource' x='sun/misc/URLClassPath$FileLoader$1' witness='sun/misc/URLClassPath$JarLoader$2' stamp='2.532'/>
<dependency_failed type='abstract_with_unique_concrete_subtype' ctxk='sun/misc/Resource' x='sun/misc/URLClassPath$FileLoader$1' witness='sun/misc/URLClassPath$JarLoader$2' stamp='2.532'/>
<dependency_failed type='abstract_with_unique_concrete_subtype' ctxk='sun/misc/Resource' x='sun/misc/URLClassPath$FileLoader$1' witness='sun/misc/URLClassPath$JarLoader$2' stamp='2.532'/>
<dependency_failed type='abstract_with_unique_concrete_subtype' ctxk='sun/misc/Resource' x='sun/misc/URLClassPath$FileLoader$1' witness='sun/misc/URLClassPath$JarLoader$2' stamp='2.532'/>
<dependency_failed type='abstract_with_unique_concrete_subtype' ctxk='sun/misc/Resource' x='sun/misc/URLClassPath$FileLoader$1' witness='sun/misc/URLClassPath$JarLoader$2' stamp='2.532'/>
<dependency_failed type='abstract_with_unique_concrete_subtype' ctxk='sun/misc/Resource' x='sun/misc/URLClassPath$FileLoader$1' witness='sun/misc/URLClassPath$JarLoader$2' stamp='2.532'/>
<dependency_failed type='abstract_with_unique_concrete_subtype' ctxk='sun/misc/Resource' x='sun/misc/URLClassPath$FileLoader$1' witness='sun/misc/URLClassPath$JarLoader$2' stamp='2.532'/>
<dependency_failed type='abstract_with_unique_concrete_subtype' ctxk='sun/misc/Resource' x='sun/misc/URLClassPath$FileLoader$1' witness='sun/misc/URLClassPath$JarLoader$2' stamp='2.532'/>
SAVED OOP RESULT 0x0000000795638800 in thread 0x00007fc901010000
DEOPT PACKING thread 0x00007fc901010000 Deoptimized frame (sp=0x0000000308600850 unextended sp=0x0000000308600850, fp=0x0000000795633ac8, real_fp=0x0000000308600890, pc=0x0000000112d3f228)
     nmethod   2533  300   !         sun.misc.URLClassPath$JarLoader::getResource (85 bytes)

     Virtual frames (innermost first):
        0 - frame( sp=0x0000000308600850, unextended_sp=0x0000000308600850, fp=0x0000000795633ac8, pc=0x0000000112d3f228)
sun.misc.URLClassPath$JarLoader.getResource(URLClassPath.java:1070) - invokevirtual @ bci 54 
     Created vframeArray 0x00007fc903054220
DEOPT UNPACKING thread 0x00007fc901010000 vframeArray 0x00007fc903054220 mode 0
     {method} {0x000000010f928c28} &apos;getResource&apos; &apos;(Ljava/lang/String;Z)Lsun/misc/Resource;&apos; in &apos;sun/misc/URLClassPath$JarLoader&apos; - invokevirtual @ bci 54 sp = 0x0000000308600818
SAVED OOP RESULT 0x0000000795638800 in thread 0x00007fc901010000
DEOPT PACKING thread 0x00007fc901010000 Deoptimized frame (sp=0x0000000308600890 unextended sp=0x0000000308600890, fp=0x0000000000000001, real_fp=0x00000003086008e0, pc=0x0000000112d34010)
     nmethod   2533  276             sun.misc.URLClassPath::getResource (83 bytes)

     Virtual frames (innermost first):
        0 - frame( sp=0x0000000308600890, unextended_sp=0x0000000308600890, fp=0x0000000000000001, pc=0x0000000112d34010)
sun.misc.URLClassPath.getResource(URLClassPath.java:250) - invokevirtual @ bci 62 
     Created vframeArray 0x00007fc902047a20
DEOPT UNPACKING thread 0x00007fc901010000 vframeArray 0x00007fc902047a20 mode 0
     {method} {0x000000010f8f4d10} &apos;getResource&apos; &apos;(Ljava/lang/String;Z)Lsun/misc/Resource;&apos; in &apos;sun/misc/URLClassPath&apos; - invokevirtual @ bci 62 sp = 0x0000000308600858
SAVED OOP RESULT 0x0000000795638800 in thread 0x00007fc901010000
DEOPT PACKING thread 0x00007fc901010000 Deoptimized frame (sp=0x00000003086008e0 unextended sp=0x00000003086008e0, fp=0x0000000795632870, real_fp=0x0000000308600910, pc=0x0000000112d45aac)
     nmethod   2534  315   !         java.net.URLClassLoader$1::run (81 bytes)

     Virtual frames (innermost first):
        0 - frame( sp=0x00000003086008e0, unextended_sp=0x00000003086008e0, fp=0x0000000795632870, pc=0x0000000112d45aac)
java.net.URLClassLoader$1.run(URLClassLoader.java:366) - invokevirtual @ bci 26 
     Created vframeArray 0x00007fc90284d020
DEOPT UNPACKING thread 0x00007fc901010000 vframeArray 0x00007fc90284d020 mode 0
     {method} {0x000000010f924500} &apos;run&apos; &apos;()Ljava/lang/Class;&apos; in &apos;java/net/URLClassLoader$1&apos; - invokevirtual @ bci 26 sp = 0x00000003086008a0
<uncommon_trap thread='9731' reason='class_check' action='maybe_recompile' compile_id='149' compiler='C2' stamp='2.679'>
Uncommon trap occurred in java.util.HashMap::putVal (@0x0000000112cf3e4c) thread=9731 reason=class_check action=maybe_recompile unloaded_class_index=-1
<jvms bci='152' method='java/util/HashMap putVal (ILjava/lang/Object;Ljava/lang/Object;ZZ)Ljava/lang/Object;' bytes='300' count='5' backedge_count='1' iicount='14'/>
</uncommon_trap>
DEOPT PACKING thread 0x00007fc901010000 Compiled frame (sp=0x0000000308600270 unextended sp=0x0000000308600270, fp=0x00000007c001cf10, real_fp=0x0000000308600320, pc=0x0000000112cf3e4c)
     nmethod   2679  149             java.util.HashMap::putVal (300 bytes)

     Virtual frames (innermost first):
        0 - frame( sp=0x0000000308600270, unextended_sp=0x0000000308600270, fp=0x00000007c001cf10, pc=0x0000000112cf3e4c)
java.util.HashMap.putVal(HashMap.java:643) - invokevirtual @ bci 152 
     Created vframeArray 0x00007fc902047a20
DEOPT UNPACKING thread 0x00007fc901010000 vframeArray 0x00007fc902047a20 mode 2
     {method} {0x000000010f7c3a98} &apos;putVal&apos; &apos;(ILjava/lang/Object;Ljava/lang/Object;ZZ)Ljava/lang/Object;&apos; in &apos;java/util/HashMap&apos; - invokevirtual @ bci 152 sp = 0x0000000308600238
<uncommon_trap thread='9731' reason='bimorphic' action='maybe_recompile' compile_id='333' compiler='C2' state='class_check recompiled' stamp='2.683'>
Uncommon trap occurred in java.util.HashMap::getNode (@0x0000000112d4cab4) thread=9731 reason=bimorphic action=maybe_recompile unloaded_class_index=-1
<jvms bci='59' method='java/util/HashMap getNode (ILjava/lang/Object;)Ljava/util/HashMap$Node;' bytes='148' count='6' backedge_count='1' iicount='39' decompiles='1' class_check_traps='4'/>
</uncommon_trap>
DEOPT PACKING thread 0x00007fc901010000 Compiled frame (sp=0x00000003086004e0 unextended sp=0x00000003086004e0, fp=0x00000000f59c21e1, real_fp=0x0000000308600530, pc=0x0000000112d4cab4)
     nmethod   2683  333             java.util.HashMap::getNode (148 bytes)

     Virtual frames (innermost first):
        0 - frame( sp=0x00000003086004e0, unextended_sp=0x00000003086004e0, fp=0x00000000f59c21e1, pc=0x0000000112d4cab4)
java.util.HashMap.getNode(HashMap.java:573) - invokevirtual @ bci 59 
     Created vframeArray 0x00007fc90106c620
DEOPT UNPACKING thread 0x00007fc901010000 vframeArray 0x00007fc90106c620 mode 2
     {method} {0x000000010f7c3628} &apos;getNode&apos; &apos;(ILjava/lang/Object;)Ljava/util/HashMap$Node;&apos; in &apos;java/util/HashMap&apos; - invokevirtual @ bci 59 sp = 0x0000000308600490
<uncommon_trap thread='9731' reason='bimorphic' action='maybe_recompile' compile_id='333' compiler='C2' count='1' state='#15' stamp='2.684'>
Uncommon trap occurred in java.util.HashMap::getNode (@0x0000000112d4cab4) thread=9731 reason=bimorphic action=maybe_recompile unloaded_class_index=-1
<jvms bci='59' method='java/util/HashMap getNode (ILjava/lang/Object;)Ljava/util/HashMap$Node;' bytes='148' count='6' backedge_count='1' iicount='39' decompiles='1' class_check_traps='4' bimorphic_traps='1'/>
</uncommon_trap>
DEOPT PACKING thread 0x00007fc901010000 Compiled frame (sp=0x00000003086004e0 unextended sp=0x00000003086004e0, fp=0x000000006499bd24, real_fp=0x0000000308600530, pc=0x0000000112d4cab4)
     nmethod   2683  333             java.util.HashMap::getNode (148 bytes)

     Virtual frames (innermost first):
        0 - frame( sp=0x00000003086004e0, unextended_sp=0x00000003086004e0, fp=0x000000006499bd24, pc=0x0000000112d4cab4)
java.util.HashMap.getNode(HashMap.java:573) - invokevirtual @ bci 59 
     Created vframeArray 0x00007fc901070620
DEOPT UNPACKING thread 0x00007fc901010000 vframeArray 0x00007fc901070620 mode 2
     {method} {0x000000010f7c3628} &apos;getNode&apos; &apos;(ILjava/lang/Object;)Ljava/util/HashMap$Node;&apos; in &apos;java/util/HashMap&apos; - invokevirtual @ bci 59 sp = 0x0000000308600490
<uncommon_trap thread='9731' reason='null_check' action='make_not_entrant' compile_id='375' compiler='C2' stamp='2.738'>
Uncommon trap occurred in java.security.SecureClassLoader::getProtectionDomain (@0x0000000112d2125c) thread=9731 reason=null_check action=make_not_entrant unloaded_class_index=-1
<jvms bci='23' method='java/security/SecureClassLoader getProtectionDomain (Ljava/security/CodeSource;)Ljava/security/ProtectionDomain;' bytes='114' count='5' backedge_count='1' iicount='10'/>
</uncommon_trap>
DEOPT PACKING thread 0x00007fc901010000 Compiled frame (sp=0x00000003086006d0 unextended sp=0x00000003086006d0, fp=0x00000007955c4f88, real_fp=0x0000000308600710, pc=0x0000000112d2125c)
     nmethod   2738  375   !         java.security.SecureClassLoader::getProtectionDomain (114 bytes)

     Virtual frames (innermost first):
        0 - frame( sp=0x00000003086006d0, unextended_sp=0x00000003086006d0, fp=0x00000007955c4f88, pc=0x0000000112d2125c)
java.security.SecureClassLoader.getProtectionDomain(SecureClassLoader.java:204) - checkcast @ bci 23 
     Created vframeArray 0x00007fc90106c620
DEOPT UNPACKING thread 0x00007fc901010000 vframeArray 0x00007fc90106c620 mode 2
     {method} {0x000000010f6d8898} &apos;getProtectionDomain&apos; &apos;(Ljava/security/CodeSource;)Ljava/security/ProtectionDomain;&apos; in &apos;java/security/SecureClassLoader&apos; - checkcast @ bci 23 sp = 0x0000000308600678
<uncommon_trap thread='9731' reason='null_check' action='make_not_entrant' compile_id='378' compiler='C2' stamp='2.747'>
Uncommon trap occurred in java.lang.ClassLoader::checkCerts (@0x0000000112d6e05c) thread=9731 reason=null_check action=make_not_entrant unloaded_class_index=-1
<jvms bci='141' method='java/lang/ClassLoader checkCerts (Ljava/lang/String;Ljava/security/CodeSource;)V' bytes='195' count='5' backedge_count='1' iicount='10'/>
</uncommon_trap>
DEOPT PACKING thread 0x00007fc901010000 Compiled frame (sp=0x0000000308600630 unextended sp=0x0000000308600630, fp=0x00000007955c4f88, real_fp=0x0000000308600690, pc=0x0000000112d6e05c)
     nmethod   2747  378   !         java.lang.ClassLoader::checkCerts (195 bytes)

     Virtual frames (innermost first):
        0 - frame( sp=0x0000000308600630, unextended_sp=0x0000000308600630, fp=0x00000007955c4f88, pc=0x0000000112d6e05c)
java.lang.ClassLoader.checkCerts(ClassLoader.java:888) - checkcast @ bci 141 
     Created vframeArray 0x00007fc902047a20
DEOPT UNPACKING thread 0x00007fc901010000 vframeArray 0x00007fc902047a20 mode 2
     {method} {0x000000010f6c4e28} &apos;checkCerts&apos; &apos;(Ljava/lang/String;Ljava/security/CodeSource;)V&apos; in &apos;java/lang/ClassLoader&apos; - checkcast @ bci 141 sp = 0x00000003086005f0
<uncommon_trap thread='9731' reason='class_check' action='maybe_recompile' compile_id='280' compiler='C2' count='1' state='class_check' stamp='2.767'>
Uncommon trap occurred in java.net.URL::&lt;init&gt; (@0x0000000112d38be0) thread=9731 reason=class_check action=maybe_recompile unloaded_class_index=-1
<jvms bci='504' method='java/net/URL &lt;init&gt; (Ljava/net/URL;Ljava/lang/String;Ljava/net/URLStreamHandler;)V' bytes='543' count='2' backedge_count='10' iicount='4' class_check_traps='1'/>
</uncommon_trap>
DEOPT PACKING thread 0x00007fc901010000 Compiled frame (sp=0x00000003085ff1a0 unextended sp=0x00000003085ff1a0, fp=0x00000000f2ab7ea8, real_fp=0x00000003085ff210, pc=0x0000000112d38be0)
     nmethod   2767  280   !         java.net.URL::&lt;init&gt; (543 bytes)

     Virtual frames (innermost first):
        0 - frame( sp=0x00000003085ff1a0, unextended_sp=0x00000003085ff1a0, fp=0x00000000f2ab7ea8, pc=0x0000000112d38be0)
java.net.URL.&lt;init&gt;(URL.java:640) - invokevirtual @ bci 504 
     Created vframeArray 0x00007fc90305f820
DEOPT UNPACKING thread 0x00007fc901010000 vframeArray 0x00007fc90305f820 mode 2
     {method} {0x000000010f753008} &apos;&lt;init&gt;&apos; &apos;(Ljava/net/URL;Ljava/lang/String;Ljava/net/URLStreamHandler;)V&apos; in &apos;java/net/URL&apos; - invokevirtual @ bci 504 sp = 0x00000003085ff128
<uncommon_trap thread='9731' reason='class_check' action='maybe_recompile' compile_id='431' compiler='C2' stamp='2.769'>
Uncommon trap occurred in sun.misc.Resource::getBytes (@0x0000000112d88570) thread=9731 reason=class_check action=maybe_recompile unloaded_class_index=-1
<jvms bci='10' method='sun/misc/Resource getBytes ()[B' bytes='242' count='5' backedge_count='9' iicount='5' decompiles='1'/>
</uncommon_trap>
DEOPT PACKING thread 0x00007fc901010000 Compiled frame (sp=0x00000003085ff1b0 unextended sp=0x00000003085ff1b0, fp=0x000000079564aab0, real_fp=0x00000003085ff200, pc=0x0000000112d88570)
     nmethod   2769  431   !         sun.misc.Resource::getBytes (242 bytes)

     Virtual frames (innermost first):
        0 - frame( sp=0x00000003085ff1b0, unextended_sp=0x00000003085ff1b0, fp=0x000000079564aab0, pc=0x0000000112d88570)
sun.misc.Resource.getBytes(Resource.java:100) - invokevirtual @ bci 10 
     Created vframeArray 0x00007fc903060020
DEOPT UNPACKING thread 0x00007fc901010000 vframeArray 0x00007fc903060020 mode 2
     {method} {0x000000010f98b3c0} &apos;getBytes&apos; &apos;()[B&apos; in &apos;sun/misc/Resource&apos; - invokevirtual @ bci 10 sp = 0x00000003085ff158
<uncommon_trap thread='9731' reason='class_check' action='maybe_recompile' compile_id='280' compiler='C2' count='2' state='class_check' stamp='2.775'>
Uncommon trap occurred in java.net.URL::&lt;init&gt; (@0x0000000112d38be0) thread=9731 reason=class_check action=maybe_recompile unloaded_class_index=-1
<jvms bci='504' method='java/net/URL &lt;init&gt; (Ljava/net/URL;Ljava/lang/String;Ljava/net/URLStreamHandler;)V' bytes='543' count='2' backedge_count='10' iicount='4' class_check_traps='2'/>
</uncommon_trap>
DEOPT PACKING thread 0x00007fc901010000 Compiled frame (sp=0x00000003085ff1a0 unextended sp=0x00000003085ff1a0, fp=0x00000000f2ab7ea8, real_fp=0x00000003085ff210, pc=0x0000000112d38be0)
     nmethod   2775  280   !         java.net.URL::&lt;init&gt; (543 bytes)

     Virtual frames (innermost first):
        0 - frame( sp=0x00000003085ff1a0, unextended_sp=0x00000003085ff1a0, fp=0x00000000f2ab7ea8, pc=0x0000000112d38be0)
java.net.URL.&lt;init&gt;(URL.java:640) - invokevirtual @ bci 504 
     Created vframeArray 0x00007fc901070620
DEOPT UNPACKING thread 0x00007fc901010000 vframeArray 0x00007fc901070620 mode 2
     {method} {0x000000010f753008} &apos;&lt;init&gt;&apos; &apos;(Ljava/net/URL;Ljava/lang/String;Ljava/net/URLStreamHandler;)V&apos; in &apos;java/net/URL&apos; - invokevirtual @ bci 504 sp = 0x00000003085ff128
<uncommon_trap thread='9731' reason='class_check' action='maybe_recompile' compile_id='431' compiler='C2' count='1' state='class_check' stamp='2.782'>
Uncommon trap occurred in sun.misc.Resource::getBytes (@0x0000000112d88570) thread=9731 reason=class_check action=maybe_recompile unloaded_class_index=-1
<jvms bci='10' method='sun/misc/Resource getBytes ()[B' bytes='242' count='5' backedge_count='12' iicount='5' decompiles='1' class_check_traps='1'/>
</uncommon_trap>
DEOPT PACKING thread 0x00007fc901010000 Compiled frame (sp=0x00000003085ff1b0 unextended sp=0x00000003085ff1b0, fp=0x0000000795651410, real_fp=0x00000003085ff200, pc=0x0000000112d88570)
     nmethod   2781  431   !         sun.misc.Resource::getBytes (242 bytes)

     Virtual frames (innermost first):
        0 - frame( sp=0x00000003085ff1b0, unextended_sp=0x00000003085ff1b0, fp=0x0000000795651410, pc=0x0000000112d88570)
sun.misc.Resource.getBytes(Resource.java:100) - invokevirtual @ bci 10 
     Created vframeArray 0x00007fc902047a20
DEOPT UNPACKING thread 0x00007fc901010000 vframeArray 0x00007fc902047a20 mode 2
     {method} {0x000000010f98b3c0} &apos;getBytes&apos; &apos;()[B&apos; in &apos;sun/misc/Resource&apos; - invokevirtual @ bci 10 sp = 0x00000003085ff158
<uncommon_trap thread='9731' reason='class_check' action='maybe_recompile' compile_id='280' compiler='C2' count='3' state='class_check' stamp='2.818'>
Uncommon trap occurred in java.net.URL::&lt;init&gt; (@0x0000000112d38be0) thread=9731 reason=class_check action=maybe_recompile unloaded_class_index=-1
<jvms bci='504' method='java/net/URL &lt;init&gt; (Ljava/net/URL;Ljava/lang/String;Ljava/net/URLStreamHandler;)V' bytes='543' count='2' backedge_count='10' iicount='4' class_check_traps='3'/>
</uncommon_trap>
DEOPT PACKING thread 0x00007fc901010000 Compiled frame (sp=0x00000003085ff1f0 unextended sp=0x00000003085ff1f0, fp=0x00000000f2ab7ea8, real_fp=0x00000003085ff260, pc=0x0000000112d38be0)
     nmethod   2817  280   !         java.net.URL::&lt;init&gt; (543 bytes)

     Virtual frames (innermost first):
        0 - frame( sp=0x00000003085ff1f0, unextended_sp=0x00000003085ff1f0, fp=0x00000000f2ab7ea8, pc=0x0000000112d38be0)
java.net.URL.&lt;init&gt;(URL.java:640) - invokevirtual @ bci 504 
     Created vframeArray 0x00007fc902844e20
DEOPT UNPACKING thread 0x00007fc901010000 vframeArray 0x00007fc902844e20 mode 2
     {method} {0x000000010f753008} &apos;&lt;init&gt;&apos; &apos;(Ljava/net/URL;Ljava/lang/String;Ljava/net/URLStreamHandler;)V&apos; in &apos;java/net/URL&apos; - invokevirtual @ bci 504 sp = 0x00000003085ff178
<uncommon_trap thread='9731' reason='class_check' action='maybe_recompile' compile_id='431' compiler='C2' count='2' state='class_check' stamp='2.840'>
Uncommon trap occurred in sun.misc.Resource::getBytes (@0x0000000112d88570) thread=9731 reason=class_check action=maybe_recompile unloaded_class_index=-1
<jvms bci='10' method='sun/misc/Resource getBytes ()[B' bytes='242' count='5' backedge_count='14' iicount='5' decompiles='1' class_check_traps='2'/>
</uncommon_trap>
DEOPT PACKING thread 0x00007fc901010000 Compiled frame (sp=0x00000003085ff250 unextended sp=0x00000003085ff250, fp=0x0000000795656ba0, real_fp=0x00000003085ff2a0, pc=0x0000000112d88570)
     nmethod   2839  431   !         sun.misc.Resource::getBytes (242 bytes)

     Virtual frames (innermost first):
        0 - frame( sp=0x00000003085ff250, unextended_sp=0x00000003085ff250, fp=0x0000000795656ba0, pc=0x0000000112d88570)
sun.misc.Resource.getBytes(Resource.java:100) - invokevirtual @ bci 10 
     Created vframeArray 0x00007fc902845620
DEOPT UNPACKING thread 0x00007fc901010000 vframeArray 0x00007fc902845620 mode 2
     {method} {0x000000010f98b3c0} &apos;getBytes&apos; &apos;()[B&apos; in &apos;sun/misc/Resource&apos; - invokevirtual @ bci 10 sp = 0x00000003085ff1f8
<uncommon_trap thread='9731' reason='class_check' action='maybe_recompile' compile_id='431' compiler='C2' count='3' state='class_check' stamp='2.964'>
Uncommon trap occurred in sun.misc.Resource::getBytes (@0x0000000112d88570) thread=9731 reason=class_check action=maybe_recompile unloaded_class_index=-1
<jvms bci='10' method='sun/misc/Resource getBytes ()[B' bytes='242' count='5' backedge_count='16' iicount='5' decompiles='1' class_check_traps='3'/>
</uncommon_trap>
DEOPT PACKING thread 0x00007fc901010000 Compiled frame (sp=0x00000003085ff250 unextended sp=0x00000003085ff250, fp=0x000000079565c2a8, real_fp=0x00000003085ff2a0, pc=0x0000000112d88570)
     nmethod   2964  431   !         sun.misc.Resource::getBytes (242 bytes)

     Virtual frames (innermost first):
        0 - frame( sp=0x00000003085ff250, unextended_sp=0x00000003085ff250, fp=0x000000079565c2a8, pc=0x0000000112d88570)
sun.misc.Resource.getBytes(Resource.java:100) - invokevirtual @ bci 10 
     Created vframeArray 0x00007fc90106c420
DEOPT UNPACKING thread 0x00007fc901010000 vframeArray 0x00007fc90106c420 mode 2
     {method} {0x000000010f98b3c0} &apos;getBytes&apos; &apos;()[B&apos; in &apos;sun/misc/Resource&apos; - invokevirtual @ bci 10 sp = 0x00000003085ff1f8
<uncommon_trap thread='9731' reason='bimorphic' action='maybe_recompile' compile_id='333' compiler='C2' count='2' state='#15' stamp='3.705'>
Uncommon trap occurred in java.util.HashMap::getNode (@0x0000000112d4cab4) thread=9731 reason=bimorphic action=maybe_recompile unloaded_class_index=-1
<jvms bci='59' method='java/util/HashMap getNode (ILjava/lang/Object;)Ljava/util/HashMap$Node;' bytes='148' count='6' backedge_count='1' iicount='39' decompiles='1' class_check_traps='4' bimorphic_traps='2'/>
</uncommon_trap>
DEOPT PACKING thread 0x00007fc901010000 Compiled frame (sp=0x0000000308600680 unextended sp=0x0000000308600680, fp=0x00000000f59c21e1, real_fp=0x00000003086006d0, pc=0x0000000112d4cab4)
     nmethod   3705  333             java.util.HashMap::getNode (148 bytes)

     Virtual frames (innermost first):
        0 - frame( sp=0x0000000308600680, unextended_sp=0x0000000308600680, fp=0x00000000f59c21e1, pc=0x0000000112d4cab4)
java.util.HashMap.getNode(HashMap.java:573) - invokevirtual @ bci 59 
     Created vframeArray 0x00007fc901072020
DEOPT UNPACKING thread 0x00007fc901010000 vframeArray 0x00007fc901072020 mode 2
     {method} {0x000000010f7c3628} &apos;getNode&apos; &apos;(ILjava/lang/Object;)Ljava/util/HashMap$Node;&apos; in &apos;java/util/HashMap&apos; - invokevirtual @ bci 59 sp = 0x0000000308600630
<uncommon_trap thread='9731' reason='bimorphic' action='maybe_recompile' compile_id='333' compiler='C2' count='3' state='#15' stamp='3.706'>
Uncommon trap occurred in java.util.HashMap::getNode (@0x0000000112d4cab4) thread=9731 reason=bimorphic action=maybe_recompile unloaded_class_index=-1
<jvms bci='59' method='java/util/HashMap getNode (ILjava/lang/Object;)Ljava/util/HashMap$Node;' bytes='148' count='6' backedge_count='1' iicount='39' decompiles='1' class_check_traps='4' bimorphic_traps='3'/>
</uncommon_trap>
DEOPT PACKING thread 0x00007fc901010000 Compiled frame (sp=0x0000000308600680 unextended sp=0x0000000308600680, fp=0x000000006499bd24, real_fp=0x00000003086006d0, pc=0x0000000112d4cab4)
     nmethod   3705  333             java.util.HashMap::getNode (148 bytes)

     Virtual frames (innermost first):
        0 - frame( sp=0x0000000308600680, unextended_sp=0x0000000308600680, fp=0x000000006499bd24, pc=0x0000000112d4cab4)
java.util.HashMap.getNode(HashMap.java:573) - invokevirtual @ bci 59 
     Created vframeArray 0x00007fc903064220
DEOPT UNPACKING thread 0x00007fc901010000 vframeArray 0x00007fc903064220 mode 2
     {method} {0x000000010f7c3628} &apos;getNode&apos; &apos;(ILjava/lang/Object;)Ljava/util/HashMap$Node;&apos; in &apos;java/util/HashMap&apos; - invokevirtual @ bci 59 sp = 0x0000000308600630
<uncommon_trap thread='9731' reason='bimorphic' action='maybe_recompile' compile_id='555' compiler='C2' stamp='3.745'>
Uncommon trap occurred in java.util.concurrent.ConcurrentHashMap::get (@0x0000000112dc5c2c) thread=9731 reason=bimorphic action=maybe_recompile unloaded_class_index=-1
<jvms bci='1' method='java/util/concurrent/ConcurrentHashMap get (Ljava/lang/Object;)Ljava/lang/Object;' bytes='162' count='5' backedge_count='1' iicount='22'/>
</uncommon_trap>
DEOPT PACKING thread 0x00007fc901010000 Compiled frame (sp=0x00000003086016c0 unextended sp=0x00000003086016c0, fp=0x00000007956beeb8, real_fp=0x0000000308601700, pc=0x0000000112dc5c2c)
     nmethod   3745  555             java.util.concurrent.ConcurrentHashMap::get (162 bytes)

     Virtual frames (innermost first):
        0 - frame( sp=0x00000003086016c0, unextended_sp=0x00000003086016c0, fp=0x00000007956beeb8, pc=0x0000000112dc5c2c)
java.util.concurrent.ConcurrentHashMap.get(ConcurrentHashMap.java:936) - invokevirtual @ bci 1 
     Created vframeArray 0x00007fc902845620
DEOPT UNPACKING thread 0x00007fc901010000 vframeArray 0x00007fc902845620 mode 2
     {method} {0x000000010f8c11e8} &apos;get&apos; &apos;(Ljava/lang/Object;)Ljava/lang/Object;&apos; in &apos;java/util/concurrent/ConcurrentHashMap&apos; - invokevirtual @ bci 1 sp = 0x0000000308601670
<uncommon_trap thread='9731' reason='bimorphic' action='maybe_recompile' compile_id='555' compiler='C2' count='1' state='#7' stamp='3.811'>
Uncommon trap occurred in java.util.concurrent.ConcurrentHashMap::get (@0x0000000112dc5c2c) thread=9731 reason=bimorphic action=maybe_recompile unloaded_class_index=-1
<jvms bci='1' method='java/util/concurrent/ConcurrentHashMap get (Ljava/lang/Object;)Ljava/lang/Object;' bytes='162' count='5' backedge_count='1' iicount='22' bimorphic_traps='1'/>
</uncommon_trap>
DEOPT PACKING thread 0x00007fc901010000 Compiled frame (sp=0x0000000308601a70 unextended sp=0x0000000308601a70, fp=0x00000007956c4e40, real_fp=0x0000000308601ab0, pc=0x0000000112dc5c2c)
     nmethod   3811  555             java.util.concurrent.ConcurrentHashMap::get (162 bytes)

     Virtual frames (innermost first):
        0 - frame( sp=0x0000000308601a70, unextended_sp=0x0000000308601a70, fp=0x00000007956c4e40, pc=0x0000000112dc5c2c)
java.util.concurrent.ConcurrentHashMap.get(ConcurrentHashMap.java:936) - invokevirtual @ bci 1 
     Created vframeArray 0x00007fc903064220
DEOPT UNPACKING thread 0x00007fc901010000 vframeArray 0x00007fc903064220 mode 2
     {method} {0x000000010f8c11e8} &apos;get&apos; &apos;(Ljava/lang/Object;)Ljava/lang/Object;&apos; in &apos;java/util/concurrent/ConcurrentHashMap&apos; - invokevirtual @ bci 1 sp = 0x0000000308601a20
<uncommon_trap thread='9731' reason='bimorphic' action='maybe_recompile' compile_id='555' compiler='C2' count='2' state='#7' stamp='3.825'>
Uncommon trap occurred in java.util.concurrent.ConcurrentHashMap::get (@0x0000000112dc5c2c) thread=9731 reason=bimorphic action=maybe_recompile unloaded_class_index=-1
<jvms bci='1' method='java/util/concurrent/ConcurrentHashMap get (Ljava/lang/Object;)Ljava/lang/Object;' bytes='162' count='5' backedge_count='1' iicount='22' bimorphic_traps='2'/>
</uncommon_trap>
DEOPT PACKING thread 0x00007fc901010000 Compiled frame (sp=0x00000003086014b0 unextended sp=0x00000003086014b0, fp=0x00000007956beeb8, real_fp=0x00000003086014f0, pc=0x0000000112dc5c2c)
     nmethod   3825  555             java.util.concurrent.ConcurrentHashMap::get (162 bytes)

     Virtual frames (innermost first):
        0 - frame( sp=0x00000003086014b0, unextended_sp=0x00000003086014b0, fp=0x00000007956beeb8, pc=0x0000000112dc5c2c)
java.util.concurrent.ConcurrentHashMap.get(ConcurrentHashMap.java:936) - invokevirtual @ bci 1 
     Created vframeArray 0x00007fc902845620
DEOPT UNPACKING thread 0x00007fc901010000 vframeArray 0x00007fc902845620 mode 2
     {method} {0x000000010f8c11e8} &apos;get&apos; &apos;(Ljava/lang/Object;)Ljava/lang/Object;&apos; in &apos;java/util/concurrent/ConcurrentHashMap&apos; - invokevirtual @ bci 1 sp = 0x0000000308601460
<uncommon_trap thread='9731' reason='bimorphic' action='maybe_recompile' compile_id='555' compiler='C2' count='3' state='#7' stamp='3.838'>
Uncommon trap occurred in java.util.concurrent.ConcurrentHashMap::get (@0x0000000112dc5c2c) thread=9731 reason=bimorphic action=maybe_recompile unloaded_class_index=-1
<jvms bci='1' method='java/util/concurrent/ConcurrentHashMap get (Ljava/lang/Object;)Ljava/lang/Object;' bytes='162' count='5' backedge_count='1' iicount='22' bimorphic_traps='3'/>
</uncommon_trap>
DEOPT PACKING thread 0x00007fc901010000 Compiled frame (sp=0x0000000308601350 unextended sp=0x0000000308601350, fp=0x00000007956beeb8, real_fp=0x0000000308601390, pc=0x0000000112dc5c2c)
     nmethod   3837  555             java.util.concurrent.ConcurrentHashMap::get (162 bytes)

     Virtual frames (innermost first):
        0 - frame( sp=0x0000000308601350, unextended_sp=0x0000000308601350, fp=0x00000007956beeb8, pc=0x0000000112dc5c2c)
java.util.concurrent.ConcurrentHashMap.get(ConcurrentHashMap.java:936) - invokevirtual @ bci 1 
     Created vframeArray 0x00007fc902056420
DEOPT UNPACKING thread 0x00007fc901010000 vframeArray 0x00007fc902056420 mode 2
     {method} {0x000000010f8c11e8} &apos;get&apos; &apos;(Ljava/lang/Object;)Ljava/lang/Object;&apos; in &apos;java/util/concurrent/ConcurrentHashMap&apos; - invokevirtual @ bci 1 sp = 0x0000000308601300
<uncommon_trap thread='9731' reason='uninitialized' action='reinterpret' compile_id='610' compiler='C2' stamp='4.039'>
Uncommon trap occurred in java.lang.invoke.LambdaForm::argument (@0x0000000112ddff64) thread=9731 reason=uninitialized action=reinterpret unloaded_class_index=-1
<jvms bci='16' method='java/lang/invoke/LambdaForm argument (ILjava/lang/invoke/LambdaForm$BasicType;)Ljava/lang/invoke/LambdaForm$Name;' bytes='27' count='5' backedge_count='1' iicount='10'/>
</uncommon_trap>
DEOPT PACKING thread 0x00007fc901010000 Compiled frame (sp=0x0000000308600a50 unextended sp=0x0000000308600a50, fp=0x0000000000000000, real_fp=0x0000000308600a80, pc=0x0000000112ddff64)
     nmethod   4039  610             java.lang.invoke.LambdaForm::argument (27 bytes)

     Virtual frames (innermost first):
        0 - frame( sp=0x0000000308600a50, unextended_sp=0x0000000308600a50, fp=0x0000000000000000, pc=0x0000000112ddff64)
java.lang.invoke.LambdaForm.argument(LambdaForm.java:1649) - getstatic @ bci 16 
     Created vframeArray 0x00007fc901072020
DEOPT UNPACKING thread 0x00007fc901010000 vframeArray 0x00007fc901072020 mode 2
     {method} {0x000000010f724a10} &apos;argument&apos; &apos;(ILjava/lang/invoke/LambdaForm$BasicType;)Ljava/lang/invoke/LambdaForm$Name;&apos; in &apos;java/lang/invoke/LambdaForm&apos; - getstatic @ bci 16 sp = 0x0000000308600a30
<uncommon_trap thread='9731' reason='uninitialized' action='reinterpret' compile_id='609' compiler='C2' stamp='4.040'>
Uncommon trap occurred in java.lang.invoke.LambdaForm::normalize (@0x0000000112de0c58) thread=9731 reason=uninitialized action=reinterpret unloaded_class_index=-1
<jvms bci='176' method='java/lang/invoke/LambdaForm normalize ()I' bytes='322' count='3' backedge_count='9' iicount='3'/>
</uncommon_trap>
DEOPT PACKING thread 0x00007fc901010000 Compiled frame (sp=0x0000000308600910 unextended sp=0x0000000308600910, fp=0x00000007956c8f98, real_fp=0x0000000308600990, pc=0x0000000112de0c58)
     nmethod   4040  609             java.lang.invoke.LambdaForm::normalize (322 bytes)

     Virtual frames (innermost first):
        0 - frame( sp=0x0000000308600910, unextended_sp=0x0000000308600910, fp=0x00000007956c8f98, pc=0x0000000112de0c58)
java.lang.invoke.LambdaForm.normalize(LambdaForm.java:431) - getstatic @ bci 176 
     Created vframeArray 0x00007fc902845620
DEOPT UNPACKING thread 0x00007fc901010000 vframeArray 0x00007fc902845620 mode 2
     {method} {0x000000010f720d08} &apos;normalize&apos; &apos;()I&apos; in &apos;java/lang/invoke/LambdaForm&apos; - getstatic @ bci 176 sp = 0x0000000308600900
<uncommon_trap thread='9731' reason='uninitialized' action='reinterpret' compile_id='629' compiler='C2' count='1' stamp='4.088'>
Uncommon trap occurred in java.lang.invoke.LambdaForm::argument (@0x0000000112de62a4) thread=9731 reason=uninitialized action=reinterpret unloaded_class_index=-1
<jvms bci='16' method='java/lang/invoke/LambdaForm argument (ILjava/lang/invoke/LambdaForm$BasicType;)Ljava/lang/invoke/LambdaForm$Name;' bytes='27' count='5' backedge_count='1' iicount='18' decompiles='1' uninitialized_traps='1'/>
</uncommon_trap>
DEOPT PACKING thread 0x00007fc901010000 Compiled frame (sp=0x0000000308600a50 unextended sp=0x0000000308600a50, fp=0x0000000000000001, real_fp=0x0000000308600a80, pc=0x0000000112de62a4)
     nmethod   4087  629             java.lang.invoke.LambdaForm::argument (27 bytes)

     Virtual frames (innermost first):
        0 - frame( sp=0x0000000308600a50, unextended_sp=0x0000000308600a50, fp=0x0000000000000001, pc=0x0000000112de62a4)
java.lang.invoke.LambdaForm.argument(LambdaForm.java:1649) - getstatic @ bci 16 
     Created vframeArray 0x00007fc901072020
DEOPT UNPACKING thread 0x00007fc901010000 vframeArray 0x00007fc901072020 mode 2
     {method} {0x000000010f724a10} &apos;argument&apos; &apos;(ILjava/lang/invoke/LambdaForm$BasicType;)Ljava/lang/invoke/LambdaForm$Name;&apos; in &apos;java/lang/invoke/LambdaForm&apos; - getstatic @ bci 16 sp = 0x0000000308600a30
<uncommon_trap thread='9731' reason='uninitialized' action='reinterpret' compile_id='631' compiler='C2' stamp='4.113'>
Uncommon trap occurred in java.lang.invoke.LambdaForm::internArgument (@0x0000000112de5f7c) thread=9731 reason=uninitialized action=reinterpret unloaded_class_index=-1
<jvms bci='0' method='java/lang/invoke/LambdaForm internArgument (Ljava/lang/invoke/LambdaForm$Name;)Ljava/lang/invoke/LambdaForm$Name;' bytes='84' count='5' backedge_count='1' iicount='10'/>
</uncommon_trap>
DEOPT PACKING thread 0x00007fc901010000 Compiled frame (sp=0x00000003086008d0 unextended sp=0x00000003086008d0, fp=0x00000007956c70d8, real_fp=0x00000003086008f0, pc=0x0000000112de5f7c)
     nmethod   4112  631             java.lang.invoke.LambdaForm::internArgument (84 bytes)

     Virtual frames (innermost first):
        0 - frame( sp=0x00000003086008d0, unextended_sp=0x00000003086008d0, fp=0x00000007956c70d8, pc=0x0000000112de5f7c)
java.lang.invoke.LambdaForm.internArgument(LambdaForm.java:1652) - getstatic @ bci 0 
     Created vframeArray 0x00007fc903064220
DEOPT UNPACKING thread 0x00007fc901010000 vframeArray 0x00007fc903064220 mode 2
     {method} {0x000000010f724b18} &apos;internArgument&apos; &apos;(Ljava/lang/invoke/LambdaForm$Name;)Ljava/lang/invoke/LambdaForm$Name;&apos; in &apos;java/lang/invoke/LambdaForm&apos; - getstatic @ bci 0 sp = 0x00000003086008a0
<uncommon_trap thread='9731' reason='uninitialized' action='reinterpret' compile_id='630' compiler='C2' count='1' stamp='4.113'>
Uncommon trap occurred in java.lang.invoke.LambdaForm::normalize (@0x0000000112deb008) thread=9731 reason=uninitialized action=reinterpret unloaded_class_index=-1
<jvms bci='176' method='java/lang/invoke/LambdaForm normalize ()I' bytes='322' count='4' backedge_count='9' iicount='6' decompiles='1' uninitialized_traps='1'/>
</uncommon_trap>
DEOPT PACKING thread 0x00007fc901010000 Compiled frame (sp=0x0000000308600910 unextended sp=0x0000000308600910, fp=0x00000007956ca408, real_fp=0x0000000308600990, pc=0x0000000112deb008)
     nmethod   4113  630             java.lang.invoke.LambdaForm::normalize (322 bytes)

     Virtual frames (innermost first):
        0 - frame( sp=0x0000000308600910, unextended_sp=0x0000000308600910, fp=0x00000007956ca408, pc=0x0000000112deb008)
java.lang.invoke.LambdaForm.normalize(LambdaForm.java:431) - getstatic @ bci 176 
     Created vframeArray 0x00007fc901072020
DEOPT UNPACKING thread 0x00007fc901010000 vframeArray 0x00007fc901072020 mode 2
     {method} {0x000000010f720d08} &apos;normalize&apos; &apos;()I&apos; in &apos;java/lang/invoke/LambdaForm&apos; - getstatic @ bci 176 sp = 0x0000000308600900
<uncommon_trap thread='9731' reason='uninitialized' action='reinterpret' compile_id='638' compiler='C2' count='2' stamp='4.125'>
Uncommon trap occurred in java.lang.invoke.LambdaForm::argument (@0x0000000112de7fdc) thread=9731 reason=uninitialized action=reinterpret unloaded_class_index=-1
<jvms bci='16' method='java/lang/invoke/LambdaForm argument (ILjava/lang/invoke/LambdaForm$BasicType;)Ljava/lang/invoke/LambdaForm$Name;' bytes='27' count='5' backedge_count='1' iicount='26' decompiles='2' uninitialized_traps='2'/>
</uncommon_trap>
DEOPT PACKING thread 0x00007fc901010000 Compiled frame (sp=0x0000000308600a50 unextended sp=0x0000000308600a50, fp=0x0000000000000000, real_fp=0x0000000308600a80, pc=0x0000000112de7fdc)
     nmethod   4125  638             java.lang.invoke.LambdaForm::argument (27 bytes)

     Virtual frames (innermost first):
        0 - frame( sp=0x0000000308600a50, unextended_sp=0x0000000308600a50, fp=0x0000000000000000, pc=0x0000000112de7fdc)
java.lang.invoke.LambdaForm.argument(LambdaForm.java:1649) - getstatic @ bci 16 
     Created vframeArray 0x00007fc902056420
DEOPT UNPACKING thread 0x00007fc901010000 vframeArray 0x00007fc902056420 mode 2
     {method} {0x000000010f724a10} &apos;argument&apos; &apos;(ILjava/lang/invoke/LambdaForm$BasicType;)Ljava/lang/invoke/LambdaForm$Name;&apos; in &apos;java/lang/invoke/LambdaForm&apos; - getstatic @ bci 16 sp = 0x0000000308600a30
<uncommon_trap thread='9731' reason='uninitialized' action='reinterpret' compile_id='643' compiler='C2' stamp='4.140'>
Uncommon trap occurred in java.lang.invoke.LambdaForm::fixDebugName (@0x0000000112de76bc) thread=9731 reason=uninitialized action=reinterpret unloaded_class_index=-1
<jvms bci='0' method='java/lang/invoke/LambdaForm fixDebugName (Ljava/lang/String;)Ljava/lang/String;' bytes='236' count='5' backedge_count='1' iicount='10'/>
</uncommon_trap>
DEOPT PACKING thread 0x00007fc901010000 Compiled frame (sp=0x00000003086009c0 unextended sp=0x00000003086009c0, fp=0x00000007956cae10, real_fp=0x00000003086009e0, pc=0x0000000112de76bc)
     nmethod   4139  643   !         java.lang.invoke.LambdaForm::fixDebugName (236 bytes)

     Virtual frames (innermost first):
        0 - frame( sp=0x00000003086009c0, unextended_sp=0x00000003086009c0, fp=0x00000007956cae10, pc=0x0000000112de76bc)
java.lang.invoke.LambdaForm.fixDebugName(LambdaForm.java:335) - getstatic @ bci 0 
     Created vframeArray 0x00007fc903064220
DEOPT UNPACKING thread 0x00007fc901010000 vframeArray 0x00007fc903064220 mode 2
     {method} {0x000000010f7206e0} &apos;fixDebugName&apos; &apos;(Ljava/lang/String;)Ljava/lang/String;&apos; in &apos;java/lang/invoke/LambdaForm&apos; - getstatic @ bci 0 sp = 0x0000000308600950
<dependency_failed type='abstract_with_unique_concrete_subtype' ctxk='java/lang/invoke/MethodHandle' x='java/lang/invoke/DirectMethodHandle' witness='java/lang/invoke/SimpleMethodHandle' stamp='4.171'/>
<dependency_failed type='abstract_with_unique_concrete_subtype' ctxk='java/lang/invoke/MethodHandle' x='java/lang/invoke/DirectMethodHandle' witness='java/lang/invoke/SimpleMethodHandle' stamp='4.171'/>
<dependency_failed type='abstract_with_unique_concrete_subtype' ctxk='java/lang/invoke/MethodHandle' x='java/lang/invoke/DirectMethodHandle' witness='java/lang/invoke/SimpleMethodHandle' stamp='4.171'/>
<uncommon_trap thread='9731' reason='class_check' action='maybe_recompile' compile_id='645' compiler='C2' stamp='4.314'>
Uncommon trap occurred in java.lang.invoke.MemberName::getMethodType (@0x0000000112de8f44) thread=9731 reason=class_check action=maybe_recompile unloaded_class_index=-1
<jvms bci='39' method='java/lang/invoke/MemberName getMethodType ()Ljava/lang/invoke/MethodType;' bytes='208' count='5' backedge_count='1' iicount='10'/>
</uncommon_trap>
DEOPT PACKING thread 0x00007fc901010000 Compiled frame (sp=0x00000003085fe280 unextended sp=0x00000003085fe280, fp=0x00000007957757a8, real_fp=0x00000003085fe2b0, pc=0x0000000112de8f44)
     nmethod   4314  645   !         java.lang.invoke.MemberName::getMethodType (208 bytes)

     Virtual frames (innermost first):
        0 - frame( sp=0x00000003085fe280, unextended_sp=0x00000003085fe280, fp=0x00000007957757a8, pc=0x0000000112de8f44)
java.lang.invoke.MemberName.getMethodType(MemberName.java:135) - instanceof @ bci 39 
     Created vframeArray 0x00007fc902056420
DEOPT UNPACKING thread 0x00007fc901010000 vframeArray 0x00007fc902056420 mode 2
     {method} {0x000000010f7148a8} &apos;getMethodType&apos; &apos;()Ljava/lang/invoke/MethodType;&apos; in &apos;java/lang/invoke/MemberName&apos; - instanceof @ bci 39 sp = 0x00000003085fe220
<uncommon_trap thread='9731' reason='uninitialized' action='reinterpret' compile_id='683' compiler='C2' count='3' stamp='4.357'>
Uncommon trap occurred in java.lang.invoke.LambdaForm::argument (@0x0000000112dfa7e4) thread=9731 reason=uninitialized action=reinterpret unloaded_class_index=-1
<jvms bci='16' method='java/lang/invoke/LambdaForm argument (ILjava/lang/invoke/LambdaForm$BasicType;)Ljava/lang/invoke/LambdaForm$Name;' bytes='27' count='5' backedge_count='1' iicount='34' decompiles='3' uninitialized_traps='3'/>
</uncommon_trap>
DEOPT PACKING thread 0x00007fc901010000 Compiled frame (sp=0x00000003085fe040 unextended sp=0x00000003085fe040, fp=0x0000000000000001, real_fp=0x00000003085fe070, pc=0x0000000112dfa7e4)
     nmethod   4357  683             java.lang.invoke.LambdaForm::argument (27 bytes)

     Virtual frames (innermost first):
        0 - frame( sp=0x00000003085fe040, unextended_sp=0x00000003085fe040, fp=0x0000000000000001, pc=0x0000000112dfa7e4)
java.lang.invoke.LambdaForm.argument(LambdaForm.java:1649) - getstatic @ bci 16 
     Created vframeArray 0x00007fc903064220
DEOPT UNPACKING thread 0x00007fc901010000 vframeArray 0x00007fc903064220 mode 2
     {method} {0x000000010f724a10} &apos;argument&apos; &apos;(ILjava/lang/invoke/LambdaForm$BasicType;)Ljava/lang/invoke/LambdaForm$Name;&apos; in &apos;java/lang/invoke/LambdaForm&apos; - getstatic @ bci 16 sp = 0x00000003085fe020
<uncommon_trap thread='9731' reason='uninitialized' action='reinterpret' compile_id='644' compiler='C2' count='2' stamp='4.379'>
Uncommon trap occurred in java.lang.invoke.LambdaForm::normalize (@0x0000000112deff68) thread=9731 reason=uninitialized action=reinterpret unloaded_class_index=-1
<jvms bci='176' method='java/lang/invoke/LambdaForm normalize ()I' bytes='322' count='4' backedge_count='7' iicount='9' decompiles='2' uninitialized_traps='2'/>
</uncommon_trap>
DEOPT PACKING thread 0x00007fc901010000 Compiled frame (sp=0x00000003085fdf70 unextended sp=0x00000003085fdf70, fp=0x0000000795776f68, real_fp=0x00000003085fdff0, pc=0x0000000112deff68)
     nmethod   4379  644             java.lang.invoke.LambdaForm::normalize (322 bytes)

     Virtual frames (innermost first):
        0 - frame( sp=0x00000003085fdf70, unextended_sp=0x00000003085fdf70, fp=0x0000000795776f68, pc=0x0000000112deff68)
java.lang.invoke.LambdaForm.normalize(LambdaForm.java:431) - getstatic @ bci 176 
     Created vframeArray 0x00007fc903069220
DEOPT UNPACKING thread 0x00007fc901010000 vframeArray 0x00007fc903069220 mode 2
     {method} {0x000000010f720d08} &apos;normalize&apos; &apos;()I&apos; in &apos;java/lang/invoke/LambdaForm&apos; - getstatic @ bci 176 sp = 0x00000003085fdf60
<uncommon_trap thread='9731' reason='class_check' action='maybe_recompile' compile_id='645' compiler='C2' count='1' state='class_check' stamp='4.523'>
Uncommon trap occurred in java.lang.invoke.MemberName::getMethodType (@0x0000000112de8f44) thread=9731 reason=class_check action=maybe_recompile unloaded_class_index=-1
<jvms bci='39' method='java/lang/invoke/MemberName getMethodType ()Ljava/lang/invoke/MethodType;' bytes='208' count='5' backedge_count='1' iicount='10' class_check_traps='1'/>
</uncommon_trap>
DEOPT PACKING thread 0x00007fc901010000 Compiled frame (sp=0x00000003085fe280 unextended sp=0x00000003085fe280, fp=0x00000007957758b0, real_fp=0x00000003085fe2b0, pc=0x0000000112de8f44)
     nmethod   4522  645   !         java.lang.invoke.MemberName::getMethodType (208 bytes)

     Virtual frames (innermost first):
        0 - frame( sp=0x00000003085fe280, unextended_sp=0x00000003085fe280, fp=0x00000007957758b0, pc=0x0000000112de8f44)
java.lang.invoke.MemberName.getMethodType(MemberName.java:135) - instanceof @ bci 39 
     Created vframeArray 0x00007fc903064220
DEOPT UNPACKING thread 0x00007fc901010000 vframeArray 0x00007fc903064220 mode 2
     {method} {0x000000010f7148a8} &apos;getMethodType&apos; &apos;()Ljava/lang/invoke/MethodType;&apos; in &apos;java/lang/invoke/MemberName&apos; - instanceof @ bci 39 sp = 0x00000003085fe220
<uncommon_trap thread='9731' reason='class_check' action='maybe_recompile' compile_id='645' compiler='C2' count='2' state='class_check' stamp='4.523'>
Uncommon trap occurred in java.lang.invoke.MemberName::getMethodType (@0x0000000112de8f44) thread=9731 reason=class_check action=maybe_recompile unloaded_class_index=-1
<jvms bci='39' method='java/lang/invoke/MemberName getMethodType ()Ljava/lang/invoke/MethodType;' bytes='208' count='5' backedge_count='1' iicount='10' class_check_traps='2'/>
</uncommon_trap>
DEOPT PACKING thread 0x00007fc901010000 Compiled frame (sp=0x00000003085fe280 unextended sp=0x00000003085fe280, fp=0x00000007957759c8, real_fp=0x00000003085fe2b0, pc=0x0000000112de8f44)
     nmethod   4523  645   !         java.lang.invoke.MemberName::getMethodType (208 bytes)

     Virtual frames (innermost first):
        0 - frame( sp=0x00000003085fe280, unextended_sp=0x00000003085fe280, fp=0x00000007957759c8, pc=0x0000000112de8f44)
java.lang.invoke.MemberName.getMethodType(MemberName.java:135) - instanceof @ bci 39 
     Created vframeArray 0x00007fc902854420
DEOPT UNPACKING thread 0x00007fc901010000 vframeArray 0x00007fc902854420 mode 2
     {method} {0x000000010f7148a8} &apos;getMethodType&apos; &apos;()Ljava/lang/invoke/MethodType;&apos; in &apos;java/lang/invoke/MemberName&apos; - instanceof @ bci 39 sp = 0x00000003085fe220
<uncommon_trap thread='9731' reason='uninitialized' action='reinterpret' compile_id='709' compiler='C2' count='1' stamp='4.529'>
Uncommon trap occurred in java.lang.invoke.LambdaForm::internArgument (@0x0000000112e0427c) thread=9731 reason=uninitialized action=reinterpret unloaded_class_index=-1
<jvms bci='0' method='java/lang/invoke/LambdaForm internArgument (Ljava/lang/invoke/LambdaForm$Name;)Ljava/lang/invoke/LambdaForm$Name;' bytes='84' count='5' backedge_count='1' iicount='18' decompiles='1' uninitialized_traps='1'/>
</uncommon_trap>
DEOPT PACKING thread 0x00007fc901010000 Compiled frame (sp=0x00000003085fdf40 unextended sp=0x00000003085fdf40, fp=0x00000007956c6a50, real_fp=0x00000003085fdf60, pc=0x0000000112e0427c)
     nmethod   4528  709             java.lang.invoke.LambdaForm::internArgument (84 bytes)

     Virtual frames (innermost first):
        0 - frame( sp=0x00000003085fdf40, unextended_sp=0x00000003085fdf40, fp=0x00000007956c6a50, pc=0x0000000112e0427c)
java.lang.invoke.LambdaForm.internArgument(LambdaForm.java:1652) - getstatic @ bci 0 
     Created vframeArray 0x00007fc902854c20
DEOPT UNPACKING thread 0x00007fc901010000 vframeArray 0x00007fc902854c20 mode 2
     {method} {0x000000010f724b18} &apos;internArgument&apos; &apos;(Ljava/lang/invoke/LambdaForm$Name;)Ljava/lang/invoke/LambdaForm$Name;&apos; in &apos;java/lang/invoke/LambdaForm&apos; - getstatic @ bci 0 sp = 0x00000003085fdf10
<uncommon_trap thread='9731' reason='class_check' action='maybe_recompile' compile_id='645' compiler='C2' count='3' state='class_check' stamp='4.714'>
Uncommon trap occurred in java.lang.invoke.MemberName::getMethodType (@0x0000000112de8f44) thread=9731 reason=class_check action=maybe_recompile unloaded_class_index=-1
<jvms bci='39' method='java/lang/invoke/MemberName getMethodType ()Ljava/lang/invoke/MethodType;' bytes='208' count='5' backedge_count='1' iicount='10' class_check_traps='3'/>
</uncommon_trap>
DEOPT PACKING thread 0x00007fc901010000 Compiled frame (sp=0x00000003085fe280 unextended sp=0x00000003085fe280, fp=0x0000000795775ad0, real_fp=0x00000003085fe2b0, pc=0x0000000112de8f44)
     nmethod   4714  645   !         java.lang.invoke.MemberName::getMethodType (208 bytes)

     Virtual frames (innermost first):
        0 - frame( sp=0x00000003085fe280, unextended_sp=0x00000003085fe280, fp=0x0000000795775ad0, pc=0x0000000112de8f44)
java.lang.invoke.MemberName.getMethodType(MemberName.java:135) - instanceof @ bci 39 
     Created vframeArray 0x00007fc902056420
DEOPT UNPACKING thread 0x00007fc901010000 vframeArray 0x00007fc902056420 mode 2
     {method} {0x000000010f7148a8} &apos;getMethodType&apos; &apos;()Ljava/lang/invoke/MethodType;&apos; in &apos;java/lang/invoke/MemberName&apos; - instanceof @ bci 39 sp = 0x00000003085fe220
<uncommon_trap thread='9731' reason='uninitialized' action='reinterpret' compile_id='734' compiler='C2' count='4' stamp='4.771'>
Uncommon trap occurred in java.lang.invoke.LambdaForm::argument (@0x0000000112e0d004) thread=9731 reason=uninitialized action=reinterpret unloaded_class_index=-1
<jvms bci='16' method='java/lang/invoke/LambdaForm argument (ILjava/lang/invoke/LambdaForm$BasicType;)Ljava/lang/invoke/LambdaForm$Name;' bytes='27' count='5' backedge_count='1' iicount='42' decompiles='4' uninitialized_traps='4'/>
</uncommon_trap>
DEOPT PACKING thread 0x00007fc901010000 Compiled frame (sp=0x00000003085fded0 unextended sp=0x00000003085fded0, fp=0x0000000000000000, real_fp=0x00000003085fdf00, pc=0x0000000112e0d004)
     nmethod   4770  734             java.lang.invoke.LambdaForm::argument (27 bytes)

     Virtual frames (innermost first):
        0 - frame( sp=0x00000003085fded0, unextended_sp=0x00000003085fded0, fp=0x0000000000000000, pc=0x0000000112e0d004)
java.lang.invoke.LambdaForm.argument(LambdaForm.java:1649) - getstatic @ bci 16 
     Created vframeArray 0x00007fc903064220
DEOPT UNPACKING thread 0x00007fc901010000 vframeArray 0x00007fc903064220 mode 2
     {method} {0x000000010f724a10} &apos;argument&apos; &apos;(ILjava/lang/invoke/LambdaForm$BasicType;)Ljava/lang/invoke/LambdaForm$Name;&apos; in &apos;java/lang/invoke/LambdaForm&apos; - getstatic @ bci 16 sp = 0x00000003085fdeb0
<uncommon_trap thread='9731' reason='uninitialized' action='reinterpret' compile_id='737' compiler='C2' count='3' stamp='5.046'>
Uncommon trap occurred in java.lang.invoke.LambdaForm::normalize (@0x0000000112e217c8) thread=9731 reason=uninitialized action=reinterpret unloaded_class_index=-1
<jvms bci='176' method='java/lang/invoke/LambdaForm normalize ()I' bytes='322' count='3' backedge_count='11' iicount='11' decompiles='3' uninitialized_traps='3'/>
</uncommon_trap>
DEOPT PACKING thread 0x00007fc901010000 Compiled frame (sp=0x00000003085fdf60 unextended sp=0x00000003085fdf60, fp=0x0000000795785000, real_fp=0x00000003085fdff0, pc=0x0000000112e217c8)
     nmethod   5046  737             java.lang.invoke.LambdaForm::normalize (322 bytes)

     Virtual frames (innermost first):
        0 - frame( sp=0x00000003085fdf60, unextended_sp=0x00000003085fdf60, fp=0x0000000795785000, pc=0x0000000112e217c8)
java.lang.invoke.LambdaForm.normalize(LambdaForm.java:431) - getstatic @ bci 176 
     Created vframeArray 0x00007fc90205ea20
DEOPT UNPACKING thread 0x00007fc901010000 vframeArray 0x00007fc90205ea20 mode 2
     {method} {0x000000010f720d08} &apos;normalize&apos; &apos;()I&apos; in &apos;java/lang/invoke/LambdaForm&apos; - getstatic @ bci 176 sp = 0x00000003085fdf60
<uncommon_trap thread='9731' reason='uninitialized' action='reinterpret' compile_id='768' compiler='C2' stamp='5.068'>
Uncommon trap occurred in java.lang.invoke.LambdaForm::compileToBytecode (@0x0000000112e31c3c) thread=9731 reason=uninitialized action=reinterpret unloaded_class_index=-1
<jvms bci='24' method='java/lang/invoke/LambdaForm compileToBytecode ()Ljava/lang/invoke/MemberName;' bytes='103' count='5' backedge_count='1' iicount='10'/>
</uncommon_trap>
DEOPT PACKING thread 0x00007fc901010000 Compiled frame (sp=0x00000003085fe0d0 unextended sp=0x00000003085fe0d0, fp=0x0000000795785000, real_fp=0x00000003085fe100, pc=0x0000000112e31c3c)
     nmethod   5067  768   !         java.lang.invoke.LambdaForm::compileToBytecode (103 bytes)

     Virtual frames (innermost first):
        0 - frame( sp=0x00000003085fe0d0, unextended_sp=0x00000003085fe0d0, fp=0x0000000795785000, pc=0x0000000112e31c3c)
java.lang.invoke.LambdaForm.compileToBytecode(LambdaForm.java:652) - getstatic @ bci 24 
     Created vframeArray 0x00007fc90205fe20
DEOPT UNPACKING thread 0x00007fc901010000 vframeArray 0x00007fc90205fe20 mode 2
     {method} {0x000000010f721ca0} &apos;compileToBytecode&apos; &apos;()Ljava/lang/invoke/MemberName;&apos; in &apos;java/lang/invoke/LambdaForm&apos; - getstatic @ bci 24 sp = 0x00000003085fe0a0
<uncommon_trap thread='9731' reason='uninitialized' action='reinterpret' compile_id='807' compiler='C2' count='5' stamp='5.267'>
Uncommon trap occurred in java.lang.invoke.LambdaForm::argument (@0x0000000112e45cc4) thread=9731 reason=uninitialized action=reinterpret unloaded_class_index=-1
<jvms bci='16' method='java/lang/invoke/LambdaForm argument (ILjava/lang/invoke/LambdaForm$BasicType;)Ljava/lang/invoke/LambdaForm$Name;' bytes='27' count='5' backedge_count='1' iicount='50' decompiles='5' uninitialized_traps='5'/>
</uncommon_trap>
DEOPT PACKING thread 0x00007fc901010000 Compiled frame (sp=0x00000003085fe220 unextended sp=0x00000003085fe220, fp=0x0000000000000001, real_fp=0x00000003085fe250, pc=0x0000000112e45cc4)
     nmethod   5267  807             java.lang.invoke.LambdaForm::argument (27 bytes)

     Virtual frames (innermost first):
        0 - frame( sp=0x00000003085fe220, unextended_sp=0x00000003085fe220, fp=0x0000000000000001, pc=0x0000000112e45cc4)
java.lang.invoke.LambdaForm.argument(LambdaForm.java:1649) - getstatic @ bci 16 
     Created vframeArray 0x00007fc90205f220
DEOPT UNPACKING thread 0x00007fc901010000 vframeArray 0x00007fc90205f220 mode 2
     {method} {0x000000010f724a10} &apos;argument&apos; &apos;(ILjava/lang/invoke/LambdaForm$BasicType;)Ljava/lang/invoke/LambdaForm$Name;&apos; in &apos;java/lang/invoke/LambdaForm&apos; - getstatic @ bci 16 sp = 0x00000003085fe1f0
<uncommon_trap thread='9731' reason='uninitialized' action='reinterpret' compile_id='816' compiler='C2' stamp='5.311'>
Uncommon trap occurred in java.lang.invoke.LambdaForm::parameter (@0x0000000112e4c25c) thread=9731 reason=uninitialized action=reinterpret unloaded_class_index=-1
<jvms bci='0' method='java/lang/invoke/LambdaForm parameter (I)Ljava/lang/invoke/LambdaForm$Name;' bytes='52' count='5' backedge_count='1' iicount='10'/>
</uncommon_trap>
DEOPT PACKING thread 0x00007fc901010000 Compiled frame (sp=0x00000003085fe0e0 unextended sp=0x00000003085fe0e0, fp=0x0000000795788960, real_fp=0x00000003085fe110, pc=0x0000000112e4c25c)
     nmethod   5311  816             java.lang.invoke.LambdaForm::parameter (52 bytes)

     Virtual frames (innermost first):
        0 - frame( sp=0x00000003085fe0e0, unextended_sp=0x00000003085fe0e0, fp=0x0000000795788960, pc=0x0000000112e4c25c)
java.lang.invoke.LambdaForm.parameter(LambdaForm.java:505) - getstatic @ bci 0 
     Created vframeArray 0x00007fc90205fe20
DEOPT UNPACKING thread 0x00007fc901010000 vframeArray 0x00007fc90205fe20 mode 2
     {method} {0x000000010f7212a0} &apos;parameter&apos; &apos;(I)Ljava/lang/invoke/LambdaForm$Name;&apos; in &apos;java/lang/invoke/LambdaForm&apos; - getstatic @ bci 0 sp = 0x00000003085fe0b8
<uncommon_trap thread='9731' reason='uninitialized' action='reinterpret' compile_id='808' compiler='C2' stamp='5.434'>
Uncommon trap occurred in java.lang.invoke.LambdaForm::basicTypeSignature (@0x0000000112e52448) thread=9731 reason=uninitialized action=reinterpret unloaded_class_index=-1
<jvms bci='76' method='java/lang/invoke/LambdaForm basicTypeSignature (Ljava/lang/invoke/MethodType;)Ljava/lang/String;' bytes='101' count='5' backedge_count='7' iicount='5'/>
</uncommon_trap>
DEOPT PACKING thread 0x00007fc901010000 Compiled frame (sp=0x00000003085fedf0 unextended sp=0x00000003085fedf0, fp=0x0000000000000005, real_fp=0x00000003085fee50, pc=0x0000000112e52448)
     nmethod   5434  808             java.lang.invoke.LambdaForm::basicTypeSignature (101 bytes)

     Virtual frames (innermost first):
        0 - frame( sp=0x00000003085fedf0, unextended_sp=0x00000003085fedf0, fp=0x0000000000000005, pc=0x0000000112e52448)
java.lang.invoke.LambdaForm.basicTypeSignature(LambdaForm.java:1340) - getstatic @ bci 76 
     Created vframeArray 0x00007fc902859820
DEOPT UNPACKING thread 0x00007fc901010000 vframeArray 0x00007fc902859820 mode 2
     {method} {0x000000010f724400} &apos;basicTypeSignature&apos; &apos;(Ljava/lang/invoke/MethodType;)Ljava/lang/String;&apos; in &apos;java/lang/invoke/LambdaForm&apos; - getstatic @ bci 76 sp = 0x00000003085fede0
<uncommon_trap thread='9731' reason='loop_limit_check' action='maybe_recompile' compile_id='736' compiler='C2' stamp='5.435'>
Uncommon trap occurred in java.lang.invoke.LambdaForm::shortenSignature (@0x0000000112e1fe64) thread=9731 reason=loop_limit_check action=maybe_recompile unloaded_class_index=-1
<jvms bci='97' method='java/lang/invoke/LambdaForm shortenSignature (Ljava/lang/String;)Ljava/lang/String;' bytes='166' count='3' backedge_count='9' iicount='3'/>
</uncommon_trap>
DEOPT PACKING thread 0x00007fc901010000 Compiled frame (sp=0x00000003085fede0 unextended sp=0x00000003085fede0, fp=0x000000079578b4f0, real_fp=0x00000003085fee50, pc=0x0000000112e1fe64)
     nmethod   5434  736             java.lang.invoke.LambdaForm::shortenSignature (166 bytes)

     Virtual frames (innermost first):
        0 - frame( sp=0x00000003085fede0, unextended_sp=0x00000003085fede0, fp=0x000000079578b4f0, pc=0x0000000112e1fe64)
java.lang.invoke.LambdaForm.shortenSignature(LambdaForm.java:1360) - aload @ bci 97 
     Created vframeArray 0x00007fc90285ac20
DEOPT UNPACKING thread 0x00007fc901010000 vframeArray 0x00007fc90285ac20 mode 2
     {method} {0x000000010f7245d8} &apos;shortenSignature&apos; &apos;(Ljava/lang/String;)Ljava/lang/String;&apos; in &apos;java/lang/invoke/LambdaForm&apos; - aload @ bci 97 sp = 0x00000003085fedb8
<uncommon_trap thread='9731' reason='uninitialized' action='reinterpret' compile_id='813' compiler='C2' count='2' stamp='5.457'>
Uncommon trap occurred in java.lang.invoke.LambdaForm::internArgument (@0x0000000112e2267c) thread=9731 reason=uninitialized action=reinterpret unloaded_class_index=-1
<jvms bci='0' method='java/lang/invoke/LambdaForm internArgument (Ljava/lang/invoke/LambdaForm$Name;)Ljava/lang/invoke/LambdaForm$Name;' bytes='84' count='5' backedge_count='1' iicount='26' decompiles='2' uninitialized_traps='2'/>
</uncommon_trap>
DEOPT PACKING thread 0x00007fc901010000 Compiled frame (sp=0x00000003085fecd0 unextended sp=0x00000003085fecd0, fp=0x00000007956c6a30, real_fp=0x00000003085fecf0, pc=0x0000000112e2267c)
     nmethod   5457  813             java.lang.invoke.LambdaForm::internArgument (84 bytes)

     Virtual frames (innermost first):
        0 - frame( sp=0x00000003085fecd0, unextended_sp=0x00000003085fecd0, fp=0x00000007956c6a30, pc=0x0000000112e2267c)
java.lang.invoke.LambdaForm.internArgument(LambdaForm.java:1652) - getstatic @ bci 0 
     Created vframeArray 0x00007fc90205fe20
DEOPT UNPACKING thread 0x00007fc901010000 vframeArray 0x00007fc90205fe20 mode 2
     {method} {0x000000010f724b18} &apos;internArgument&apos; &apos;(Ljava/lang/invoke/LambdaForm$Name;)Ljava/lang/invoke/LambdaForm$Name;&apos; in &apos;java/lang/invoke/LambdaForm&apos; - getstatic @ bci 0 sp = 0x00000003085feca0
<uncommon_trap thread='9731' reason='uninitialized' action='reinterpret' compile_id='817' compiler='C2' stamp='5.459'>
Uncommon trap occurred in java.lang.invoke.LambdaForm::signatureArity (@0x0000000112e4acbc) thread=9731 reason=uninitialized action=reinterpret unloaded_class_index=-1
<jvms bci='0' method='java/lang/invoke/LambdaForm signatureArity (Ljava/lang/String;)I' bytes='28' count='5' backedge_count='1' iicount='10'/>
</uncommon_trap>
DEOPT PACKING thread 0x00007fc901010000 Compiled frame (sp=0x00000003085fed20 unextended sp=0x00000003085fed20, fp=0x000000079578b688, real_fp=0x00000003085fed40, pc=0x0000000112e4acbc)
     nmethod   5458  817             java.lang.invoke.LambdaForm::signatureArity (28 bytes)

     Virtual frames (innermost first):
        0 - frame( sp=0x00000003085fed20, unextended_sp=0x00000003085fed20, fp=0x000000079578b688, pc=0x0000000112e4acbc)
java.lang.invoke.LambdaForm.signatureArity(LambdaForm.java:538) - getstatic @ bci 0 
     Created vframeArray 0x00007fc901083620
DEOPT UNPACKING thread 0x00007fc901010000 vframeArray 0x00007fc901083620 mode 2
     {method} {0x000000010f721760} &apos;signatureArity&apos; &apos;(Ljava/lang/String;)I&apos; in &apos;java/lang/invoke/LambdaForm&apos; - getstatic @ bci 0 sp = 0x00000003085fece8
<uncommon_trap thread='9731' reason='uninitialized' action='reinterpret' compile_id='805' compiler='C2' stamp='5.472'>
Uncommon trap occurred in java.lang.invoke.LambdaForm::prepare (@0x0000000112e433dc) thread=9731 reason=uninitialized action=reinterpret unloaded_class_index=-1
<jvms bci='0' method='java/lang/invoke/LambdaForm prepare ()V' bytes='43' count='6' backedge_count='1' iicount='11'/>
</uncommon_trap>
DEOPT PACKING thread 0x00007fc901010000 Compiled frame (sp=0x00000003085fef20 unextended sp=0x00000003085fef20, fp=0x000000079578b5f8, real_fp=0x00000003085fef40, pc=0x0000000112e433dc)
     nmethod   5472  805             java.lang.invoke.LambdaForm::prepare (43 bytes)

     Virtual frames (innermost first):
        0 - frame( sp=0x00000003085fef20, unextended_sp=0x00000003085fef20, fp=0x000000079578b5f8, pc=0x0000000112e433dc)
java.lang.invoke.LambdaForm.prepare(LambdaForm.java:634) - getstatic @ bci 0 
     Created vframeArray 0x00007fc901084a20
DEOPT UNPACKING thread 0x00007fc901010000 vframeArray 0x00007fc901084a20 mode 2
     {method} {0x000000010f721b58} &apos;prepare&apos; &apos;()V&apos; in &apos;java/lang/invoke/LambdaForm&apos; - getstatic @ bci 0 sp = 0x00000003085feee8
<uncommon_trap thread='9731' reason='uninitialized' action='reinterpret' compile_id='844' compiler='C2' count='6' stamp='5.501'>
Uncommon trap occurred in java.lang.invoke.LambdaForm::argument (@0x0000000112e5b7c4) thread=9731 reason=uninitialized action=reinterpret unloaded_class_index=-1
<jvms bci='16' method='java/lang/invoke/LambdaForm argument (ILjava/lang/invoke/LambdaForm$BasicType;)Ljava/lang/invoke/LambdaForm$Name;' bytes='27' count='5' backedge_count='1' iicount='58' decompiles='6' uninitialized_traps='6'/>
</uncommon_trap>
DEOPT PACKING thread 0x00007fc901010000 Compiled frame (sp=0x00000003085fed30 unextended sp=0x00000003085fed30, fp=0x0000000000000000, real_fp=0x00000003085fed60, pc=0x0000000112e5b7c4)
     nmethod   5501  844             java.lang.invoke.LambdaForm::argument (27 bytes)

     Virtual frames (innermost first):
        0 - frame( sp=0x00000003085fed30, unextended_sp=0x00000003085fed30, fp=0x0000000000000000, pc=0x0000000112e5b7c4)
java.lang.invoke.LambdaForm.argument(LambdaForm.java:1649) - getstatic @ bci 16 
     Created vframeArray 0x00007fc901083620
DEOPT UNPACKING thread 0x00007fc901010000 vframeArray 0x00007fc901083620 mode 2
     {method} {0x000000010f724a10} &apos;argument&apos; &apos;(ILjava/lang/invoke/LambdaForm$BasicType;)Ljava/lang/invoke/LambdaForm$Name;&apos; in &apos;java/lang/invoke/LambdaForm&apos; - getstatic @ bci 16 sp = 0x00000003085fed00
<uncommon_trap thread='9731' reason='class_check' action='maybe_recompile' compile_id='790' compiler='C2' stamp='5.511'>
Uncommon trap occurred in java.lang.invoke.InvokerBytecodeGenerator::emitPushArgument (@0x0000000112e3e918) thread=9731 reason=class_check action=maybe_recompile unloaded_class_index=-1
<jvms bci='6' method='java/lang/invoke/InvokerBytecodeGenerator emitPushArgument (Ljava/lang/Class;Ljava/lang/Object;)V' bytes='120' count='6' backedge_count='1' iicount='11'/>
</uncommon_trap>
DEOPT PACKING thread 0x00007fc901010000 Compiled frame (sp=0x00000003085fece0 unextended sp=0x00000003085fece0, fp=0x000000079578f880, real_fp=0x00000003085fed30, pc=0x0000000112e3e918)
     nmethod   5511  790             java.lang.invoke.InvokerBytecodeGenerator::emitPushArgument (120 bytes)

     Virtual frames (innermost first):
        0 - frame( sp=0x00000003085fece0, unextended_sp=0x00000003085fece0, fp=0x000000079578f880, pc=0x0000000112e3e918)
java.lang.invoke.InvokerBytecodeGenerator.emitPushArgument(InvokerBytecodeGenerator.java:1156) - instanceof @ bci 6 
     Created vframeArray 0x00007fc903064220
DEOPT UNPACKING thread 0x00007fc901010000 vframeArray 0x00007fc903064220 mode 2
     {method} {0x000000010fa90930} &apos;emitPushArgument&apos; &apos;(Ljava/lang/Class;Ljava/lang/Object;)V&apos; in &apos;java/lang/invoke/InvokerBytecodeGenerator&apos; - instanceof @ bci 6 sp = 0x00000003085fecb0
<uncommon_trap thread='9731' reason='uninitialized' action='reinterpret' compile_id='578' compiler='C2' stamp='5.512'>
Uncommon trap occurred in sun.invoke.util.Wrapper::hashWrap (@0x0000000112dcd7c8) thread=9731 reason=uninitialized action=reinterpret unloaded_class_index=-1
<jvms bci='8' method='sun/invoke/util/Wrapper hashWrap (Ljava/lang/Class;)I' bytes='62' count='5' backedge_count='1' iicount='10'/>
</uncommon_trap>
DEOPT PACKING thread 0x00007fc901010000 Compiled frame (sp=0x00000003085febc0 unextended sp=0x00000003085febc0, fp=0x0000000795791070, real_fp=0x00000003085febe0, pc=0x0000000112dcd7c8)
     nmethod   5511  578             sun.invoke.util.Wrapper::hashWrap (62 bytes)

     Virtual frames (innermost first):
        0 - frame( sp=0x00000003085febc0, unextended_sp=0x00000003085febc0, fp=0x0000000795791070, pc=0x0000000112dcd7c8)
sun.invoke.util.Wrapper.hashWrap(Wrapper.java:317) - getstatic @ bci 8 
     Created vframeArray 0x00007fc90306d620
DEOPT UNPACKING thread 0x00007fc901010000 vframeArray 0x00007fc90306d620 mode 2
     {method} {0x000000010fa42e68} &apos;hashWrap&apos; &apos;(Ljava/lang/Class;)I&apos; in &apos;sun/invoke/util/Wrapper&apos; - getstatic @ bci 8 sp = 0x00000003085feb80
<uncommon_trap thread='9731' reason='unloaded' action='reinterpret' index='48' compile_id='769' compiler='C2' unresolved='1' name='java/lang/invoke/DirectMethodHandle$Accessor' stamp='5.516'>
Uncommon trap occurred in java.lang.invoke.DirectMethodHandle::make (@0x0000000112e38384) thread=9731 reason=unloaded action=reinterpret unloaded_class_index=48 unresolved class: java/lang/invoke/DirectMethodHandle$Accessor
<jvms bci='226' method='java/lang/invoke/DirectMethodHandle make (BLjava/lang/Class;Ljava/lang/invoke/MemberName;)Ljava/lang/invoke/DirectMethodHandle;' bytes='242' count='5' backedge_count='1' iicount='10'/>
</uncommon_trap>
DEOPT PACKING thread 0x00007fc901010000 Compiled frame (sp=0x00000003085ff030 unextended sp=0x00000003085ff030, fp=0x000000079578ec30, real_fp=0x00000003085ff090, pc=0x0000000112e38384)
     nmethod   5516  769             java.lang.invoke.DirectMethodHandle::make (242 bytes)

     Virtual frames (innermost first):
        0 - frame( sp=0x00000003085ff030, unextended_sp=0x00000003085ff030, fp=0x000000079578ec30, pc=0x0000000112e38384)
java.lang.invoke.DirectMethodHandle.make(DirectMethodHandle.java:102) - new @ bci 226 
     Created vframeArray 0x00007fc901083620
DEOPT UNPACKING thread 0x00007fc901010000 vframeArray 0x00007fc901083620 mode 2
     {method} {0x000000010f70be40} &apos;make&apos; &apos;(BLjava/lang/Class;Ljava/lang/invoke/MemberName;)Ljava/lang/invoke/DirectMethodHandle;&apos; in &apos;java/lang/invoke/DirectMethodHandle&apos; - new @ bci 226 sp = 0x00000003085ff000
<uncommon_trap thread='9731' reason='uninitialized' action='reinterpret' compile_id='852' compiler='C2' count='1' stamp='5.530'>
Uncommon trap occurred in java.lang.invoke.LambdaForm::compileToBytecode (@0x0000000112e64074) thread=9731 reason=uninitialized action=reinterpret unloaded_class_index=-1
<jvms bci='24' method='java/lang/invoke/LambdaForm compileToBytecode ()Ljava/lang/invoke/MemberName;' bytes='103' count='5' backedge_count='1' iicount='18' decompiles='1' uninitialized_traps='1'/>
</uncommon_trap>
DEOPT PACKING thread 0x00007fc901010000 Compiled frame (sp=0x0000000308600880 unextended sp=0x0000000308600880, fp=0x00000007956c7d50, real_fp=0x00000003086008b0, pc=0x0000000112e64074)
     nmethod   5530  852   !         java.lang.invoke.LambdaForm::compileToBytecode (103 bytes)

     Virtual frames (innermost first):
        0 - frame( sp=0x0000000308600880, unextended_sp=0x0000000308600880, fp=0x00000007956c7d50, pc=0x0000000112e64074)
java.lang.invoke.LambdaForm.compileToBytecode(LambdaForm.java:652) - getstatic @ bci 24 
     Created vframeArray 0x00007fc90205fe20
DEOPT UNPACKING thread 0x00007fc901010000 vframeArray 0x00007fc90205fe20 mode 2
     {method} {0x000000010f721ca0} &apos;compileToBytecode&apos; &apos;()Ljava/lang/invoke/MemberName;&apos; in &apos;java/lang/invoke/LambdaForm&apos; - getstatic @ bci 24 sp = 0x0000000308600850
<uncommon_trap thread='9731' reason='uninitialized' action='reinterpret' compile_id='855' compiler='C2' count='1' stamp='5.534'>
Uncommon trap occurred in java.lang.invoke.LambdaForm::parameter (@0x0000000112e6439c) thread=9731 reason=uninitialized action=reinterpret unloaded_class_index=-1
<jvms bci='0' method='java/lang/invoke/LambdaForm parameter (I)Ljava/lang/invoke/LambdaForm$Name;' bytes='52' count='6' backedge_count='1' iicount='19' decompiles='1' uninitialized_traps='1'/>
</uncommon_trap>
DEOPT PACKING thread 0x00007fc901010000 Compiled frame (sp=0x0000000308600740 unextended sp=0x0000000308600740, fp=0x00000007956c7e18, real_fp=0x0000000308600770, pc=0x0000000112e6439c)
     nmethod   5534  855             java.lang.invoke.LambdaForm::parameter (52 bytes)

     Virtual frames (innermost first):
        0 - frame( sp=0x0000000308600740, unextended_sp=0x0000000308600740, fp=0x00000007956c7e18, pc=0x0000000112e6439c)
java.lang.invoke.LambdaForm.parameter(LambdaForm.java:505) - getstatic @ bci 0 
     Created vframeArray 0x00007fc902063a20
DEOPT UNPACKING thread 0x00007fc901010000 vframeArray 0x00007fc902063a20 mode 2
     {method} {0x000000010f7212a0} &apos;parameter&apos; &apos;(I)Ljava/lang/invoke/LambdaForm$Name;&apos; in &apos;java/lang/invoke/LambdaForm&apos; - getstatic @ bci 0 sp = 0x0000000308600708
<uncommon_trap thread='9731' reason='null_check' action='make_not_entrant' compile_id='790' compiler='C2' state='class_check' stamp='5.538'>
Uncommon trap occurred in java.lang.invoke.InvokerBytecodeGenerator::emitPushArgument (@0x0000000112e3e960) thread=9731 reason=null_check action=make_not_entrant unloaded_class_index=-1
<jvms bci='6' method='java/lang/invoke/InvokerBytecodeGenerator emitPushArgument (Ljava/lang/Class;Ljava/lang/Object;)V' bytes='120' count='6' backedge_count='1' iicount='11' class_check_traps='1'/>
</uncommon_trap>
DEOPT PACKING thread 0x00007fc901010000 Compiled frame (sp=0x0000000308600610 unextended sp=0x0000000308600610, fp=0x00000007957948b0, real_fp=0x0000000308600660, pc=0x0000000112e3e960)
     nmethod   5538  790             java.lang.invoke.InvokerBytecodeGenerator::emitPushArgument (120 bytes)

     Virtual frames (innermost first):
        0 - frame( sp=0x0000000308600610, unextended_sp=0x0000000308600610, fp=0x00000007957948b0, pc=0x0000000112e3e960)
java.lang.invoke.InvokerBytecodeGenerator.emitPushArgument(InvokerBytecodeGenerator.java:1156) - instanceof @ bci 6 
     Created vframeArray 0x00007fc90306d620
DEOPT UNPACKING thread 0x00007fc901010000 vframeArray 0x00007fc90306d620 mode 2
     {method} {0x000000010fa90930} &apos;emitPushArgument&apos; &apos;(Ljava/lang/Class;Ljava/lang/Object;)V&apos; in &apos;java/lang/invoke/InvokerBytecodeGenerator&apos; - instanceof @ bci 6 sp = 0x00000003086005e0
<uncommon_trap thread='9731' reason='uninitialized' action='reinterpret' compile_id='864' compiler='C2' count='1' stamp='5.587'>
Uncommon trap occurred in java.lang.invoke.LambdaForm::signatureArity (@0x0000000112c7f87c) thread=9731 reason=uninitialized action=reinterpret unloaded_class_index=-1
<jvms bci='0' method='java/lang/invoke/LambdaForm signatureArity (Ljava/lang/String;)I' bytes='28' count='5' backedge_count='1' iicount='18' decompiles='1' uninitialized_traps='1'/>
</uncommon_trap>
DEOPT PACKING thread 0x00007fc901010000 Compiled frame (sp=0x0000000308600710 unextended sp=0x0000000308600710, fp=0x0000000795796640, real_fp=0x0000000308600730, pc=0x0000000112c7f87c)
     nmethod   5587  864             java.lang.invoke.LambdaForm::signatureArity (28 bytes)

     Virtual frames (innermost first):
        0 - frame( sp=0x0000000308600710, unextended_sp=0x0000000308600710, fp=0x0000000795796640, pc=0x0000000112c7f87c)
java.lang.invoke.LambdaForm.signatureArity(LambdaForm.java:538) - getstatic @ bci 0 
     Created vframeArray 0x00007fc902063a20
DEOPT UNPACKING thread 0x00007fc901010000 vframeArray 0x00007fc902063a20 mode 2
     {method} {0x000000010f721760} &apos;signatureArity&apos; &apos;(Ljava/lang/String;)I&apos; in &apos;java/lang/invoke/LambdaForm&apos; - getstatic @ bci 0 sp = 0x00000003086006e0
<uncommon_trap thread='9731' reason='uninitialized' action='reinterpret' compile_id='898' compiler='C2' count='2' stamp='5.952'>
Uncommon trap occurred in java.lang.invoke.LambdaForm::signatureArity (@0x0000000112e70e7c) thread=9731 reason=uninitialized action=reinterpret unloaded_class_index=-1
<jvms bci='0' method='java/lang/invoke/LambdaForm signatureArity (Ljava/lang/String;)I' bytes='28' count='5' backedge_count='1' iicount='26' decompiles='2' uninitialized_traps='2'/>
</uncommon_trap>
DEOPT PACKING thread 0x00007fc901010000 Compiled frame (sp=0x00000003086007b0 unextended sp=0x00000003086007b0, fp=0x000000079579fc50, real_fp=0x00000003086007d0, pc=0x0000000112e70e7c)
     nmethod   5952  898             java.lang.invoke.LambdaForm::signatureArity (28 bytes)

     Virtual frames (innermost first):
        0 - frame( sp=0x00000003086007b0, unextended_sp=0x00000003086007b0, fp=0x000000079579fc50, pc=0x0000000112e70e7c)
java.lang.invoke.LambdaForm.signatureArity(LambdaForm.java:538) - getstatic @ bci 0 
     Created vframeArray 0x00007fc902069620
DEOPT UNPACKING thread 0x00007fc901010000 vframeArray 0x00007fc902069620 mode 2
     {method} {0x000000010f721760} &apos;signatureArity&apos; &apos;(Ljava/lang/String;)I&apos; in &apos;java/lang/invoke/LambdaForm&apos; - getstatic @ bci 0 sp = 0x0000000308600778
<uncommon_trap thread='9731' reason='uninitialized' action='reinterpret' compile_id='896' compiler='C2' count='1' stamp='5.982'>
Uncommon trap occurred in java.lang.invoke.LambdaForm::prepare (@0x0000000112e6fc5c) thread=9731 reason=uninitialized action=reinterpret unloaded_class_index=-1
<jvms bci='0' method='java/lang/invoke/LambdaForm prepare ()V' bytes='43' count='6' backedge_count='1' iicount='20' decompiles='1' uninitialized_traps='1'/>
</uncommon_trap>
DEOPT PACKING thread 0x00007fc901010000 Compiled frame (sp=0x0000000308600900 unextended sp=0x0000000308600900, fp=0x00000007956ca9c0, real_fp=0x0000000308600920, pc=0x0000000112e6fc5c)
     nmethod   5982  896             java.lang.invoke.LambdaForm::prepare (43 bytes)

     Virtual frames (innermost first):
        0 - frame( sp=0x0000000308600900, unextended_sp=0x0000000308600900, fp=0x00000007956ca9c0, pc=0x0000000112e6fc5c)
java.lang.invoke.LambdaForm.prepare(LambdaForm.java:634) - getstatic @ bci 0 
     Created vframeArray 0x00007fc902063a20
DEOPT UNPACKING thread 0x00007fc901010000 vframeArray 0x00007fc902063a20 mode 2
     {method} {0x000000010f721b58} &apos;prepare&apos; &apos;()V&apos; in &apos;java/lang/invoke/LambdaForm&apos; - getstatic @ bci 0 sp = 0x00000003086008c0
<uncommon_trap thread='9731' reason='uninitialized' action='reinterpret' compile_id='897' compiler='C2' count='2' stamp='5.985'>
Uncommon trap occurred in java.lang.invoke.LambdaForm::parameter (@0x0000000112e7191c) thread=9731 reason=uninitialized action=reinterpret unloaded_class_index=-1
<jvms bci='0' method='java/lang/invoke/LambdaForm parameter (I)Ljava/lang/invoke/LambdaForm$Name;' bytes='52' count='6' backedge_count='1' iicount='28' decompiles='2' uninitialized_traps='2'/>
</uncommon_trap>
DEOPT PACKING thread 0x00007fc901010000 Compiled frame (sp=0x0000000308600770 unextended sp=0x0000000308600770, fp=0x00000007956ca9c0, real_fp=0x00000003086007a0, pc=0x0000000112e7191c)
     nmethod   5984  897             java.lang.invoke.LambdaForm::parameter (52 bytes)

     Virtual frames (innermost first):
        0 - frame( sp=0x0000000308600770, unextended_sp=0x0000000308600770, fp=0x00000007956ca9c0, pc=0x0000000112e7191c)
java.lang.invoke.LambdaForm.parameter(LambdaForm.java:505) - getstatic @ bci 0 
     Created vframeArray 0x00007fc902069620
DEOPT UNPACKING thread 0x00007fc901010000 vframeArray 0x00007fc902069620 mode 2
     {method} {0x000000010f7212a0} &apos;parameter&apos; &apos;(I)Ljava/lang/invoke/LambdaForm$Name;&apos; in &apos;java/lang/invoke/LambdaForm&apos; - getstatic @ bci 0 sp = 0x0000000308600738
<uncommon_trap thread='9731' reason='uninitialized' action='reinterpret' compile_id='902' compiler='C2' count='2' stamp='5.997'>
Uncommon trap occurred in java.lang.invoke.LambdaForm::compileToBytecode (@0x0000000112e7153c) thread=9731 reason=uninitialized action=reinterpret unloaded_class_index=-1
<jvms bci='24' method='java/lang/invoke/LambdaForm compileToBytecode ()Ljava/lang/invoke/MemberName;' bytes='103' count='5' backedge_count='1' iicount='26' decompiles='2' uninitialized_traps='2'/>
</uncommon_trap>
DEOPT PACKING thread 0x00007fc901010000 Compiled frame (sp=0x0000000308600880 unextended sp=0x0000000308600880, fp=0x00000007956cabb8, real_fp=0x00000003086008b0, pc=0x0000000112e7153c)
     nmethod   5997  902   !         java.lang.invoke.LambdaForm::compileToBytecode (103 bytes)

     Virtual frames (innermost first):
        0 - frame( sp=0x0000000308600880, unextended_sp=0x0000000308600880, fp=0x00000007956cabb8, pc=0x0000000112e7153c)
java.lang.invoke.LambdaForm.compileToBytecode(LambdaForm.java:652) - getstatic @ bci 24 
     Created vframeArray 0x00007fc90306d620
DEOPT UNPACKING thread 0x00007fc901010000 vframeArray 0x00007fc90306d620 mode 2
     {method} {0x000000010f721ca0} &apos;compileToBytecode&apos; &apos;()Ljava/lang/invoke/MemberName;&apos; in &apos;java/lang/invoke/LambdaForm&apos; - getstatic @ bci 24 sp = 0x0000000308600850
<uncommon_trap thread='9731' reason='uninitialized' action='reinterpret' compile_id='935' compiler='C2' count='3' stamp='6.097'>
Uncommon trap occurred in java.lang.invoke.LambdaForm::signatureArity (@0x0000000112e929fc) thread=9731 reason=uninitialized action=reinterpret unloaded_class_index=-1
<jvms bci='0' method='java/lang/invoke/LambdaForm signatureArity (Ljava/lang/String;)I' bytes='28' count='5' backedge_count='1' iicount='34' decompiles='3' uninitialized_traps='3'/>
</uncommon_trap>
DEOPT PACKING thread 0x00007fc901010000 Compiled frame (sp=0x0000000308600a40 unextended sp=0x0000000308600a40, fp=0x00000007957ad5a0, real_fp=0x0000000308600a60, pc=0x0000000112e929fc)
     nmethod   6097  935             java.lang.invoke.LambdaForm::signatureArity (28 bytes)

     Virtual frames (innermost first):
        0 - frame( sp=0x0000000308600a40, unextended_sp=0x0000000308600a40, fp=0x00000007957ad5a0, pc=0x0000000112e929fc)
java.lang.invoke.LambdaForm.signatureArity(LambdaForm.java:538) - getstatic @ bci 0 
     Created vframeArray 0x00007fc90285bc20
DEOPT UNPACKING thread 0x00007fc901010000 vframeArray 0x00007fc90285bc20 mode 2
     {method} {0x000000010f721760} &apos;signatureArity&apos; &apos;(Ljava/lang/String;)I&apos; in &apos;java/lang/invoke/LambdaForm&apos; - getstatic @ bci 0 sp = 0x0000000308600a08
<uncommon_trap thread='9731' reason='uninitialized' action='reinterpret' compile_id='936' compiler='C2' count='7' stamp='6.102'>
Uncommon trap occurred in java.lang.invoke.LambdaForm::argument (@0x0000000112e90f84) thread=9731 reason=uninitialized action=reinterpret unloaded_class_index=-1
<jvms bci='16' method='java/lang/invoke/LambdaForm argument (ILjava/lang/invoke/LambdaForm$BasicType;)Ljava/lang/invoke/LambdaForm$Name;' bytes='27' count='5' backedge_count='1' iicount='66' decompiles='7' uninitialized_traps='7'/>
</uncommon_trap>
DEOPT PACKING thread 0x00007fc901010000 Compiled frame (sp=0x00000003086008f0 unextended sp=0x00000003086008f0, fp=0x0000000000000002, real_fp=0x0000000308600920, pc=0x0000000112e90f84)
     nmethod   6102  936             java.lang.invoke.LambdaForm::argument (27 bytes)

     Virtual frames (innermost first):
        0 - frame( sp=0x00000003086008f0, unextended_sp=0x00000003086008f0, fp=0x0000000000000002, pc=0x0000000112e90f84)
java.lang.invoke.LambdaForm.argument(LambdaForm.java:1649) - getstatic @ bci 16 
     Created vframeArray 0x00007fc902069e20
DEOPT UNPACKING thread 0x00007fc901010000 vframeArray 0x00007fc902069e20 mode 2
     {method} {0x000000010f724a10} &apos;argument&apos; &apos;(ILjava/lang/invoke/LambdaForm$BasicType;)Ljava/lang/invoke/LambdaForm$Name;&apos; in &apos;java/lang/invoke/LambdaForm&apos; - getstatic @ bci 16 sp = 0x00000003086008d0
<uncommon_trap thread='9731' reason='uninitialized' action='reinterpret' compile_id='940' compiler='C2' count='4' stamp='6.137'>
Uncommon trap occurred in java.lang.invoke.LambdaForm::signatureArity (@0x0000000112e930fc) thread=9731 reason=uninitialized action=reinterpret unloaded_class_index=-1
<jvms bci='0' method='java/lang/invoke/LambdaForm signatureArity (Ljava/lang/String;)I' bytes='28' count='5' backedge_count='1' iicount='42' decompiles='4' uninitialized_traps='4'/>
</uncommon_trap>
DEOPT PACKING thread 0x00007fc901010000 Compiled frame (sp=0x0000000308600ad0 unextended sp=0x0000000308600ad0, fp=0x00000007957b3650, real_fp=0x0000000308600af0, pc=0x0000000112e930fc)
     nmethod   6136  940             java.lang.invoke.LambdaForm::signatureArity (28 bytes)

     Virtual frames (innermost first):
        0 - frame( sp=0x0000000308600ad0, unextended_sp=0x0000000308600ad0, fp=0x00000007957b3650, pc=0x0000000112e930fc)
java.lang.invoke.LambdaForm.signatureArity(LambdaForm.java:538) - getstatic @ bci 0 
     Created vframeArray 0x00007fc90306de20
DEOPT UNPACKING thread 0x00007fc901010000 vframeArray 0x00007fc90306de20 mode 2
     {method} {0x000000010f721760} &apos;signatureArity&apos; &apos;(Ljava/lang/String;)I&apos; in &apos;java/lang/invoke/LambdaForm&apos; - getstatic @ bci 0 sp = 0x0000000308600aa0
<uncommon_trap thread='9731' reason='predicate' action='maybe_recompile' compile_id='939' compiler='C2' stamp='6.146'>
Uncommon trap occurred in java.util.Arrays::fill (@0x0000000112e957b0) thread=9731 reason=predicate action=maybe_recompile unloaded_class_index=-1
<jvms bci='10' method='java/util/Arrays fill ([Ljava/lang/Object;Ljava/lang/Object;)V' bytes='21' count='4' backedge_count='10' iicount='4'/>
</uncommon_trap>
DEOPT PACKING thread 0x00007fc901010000 Compiled frame (sp=0x00000003086009e0 unextended sp=0x00000003086009e0, fp=0x00000007957b3688, real_fp=0x0000000308600a10, pc=0x0000000112e957b0)
     nmethod   6145  939             java.util.Arrays::fill (21 bytes)

     Virtual frames (innermost first):
        0 - frame( sp=0x00000003086009e0, unextended_sp=0x00000003086009e0, fp=0x00000007957b3688, pc=0x0000000112e957b0)
java.util.Arrays.fill(Arrays.java:3130) - fast_aload_0 @ bci 10 
     Created vframeArray 0x00007fc903070620
DEOPT UNPACKING thread 0x00007fc901010000 vframeArray 0x00007fc903070620 mode 2
     {method} {0x000000010f801cf8} &apos;fill&apos; &apos;([Ljava/lang/Object;Ljava/lang/Object;)V&apos; in &apos;java/util/Arrays&apos; - aload_0 @ bci 10 sp = 0x00000003086009b0
<uncommon_trap thread='9731' reason='uninitialized' action='reinterpret' compile_id='944' compiler='C2' count='5' stamp='6.159'>
Uncommon trap occurred in java.lang.invoke.LambdaForm::signatureArity (@0x0000000112e95f7c) thread=9731 reason=uninitialized action=reinterpret unloaded_class_index=-1
<jvms bci='0' method='java/lang/invoke/LambdaForm signatureArity (Ljava/lang/String;)I' bytes='28' count='5' backedge_count='1' iicount='50' decompiles='5' uninitialized_traps='5'/>
</uncommon_trap>
DEOPT PACKING thread 0x00007fc901010000 Compiled frame (sp=0x0000000308600aa0 unextended sp=0x0000000308600aa0, fp=0x00000007957b4e80, real_fp=0x0000000308600ac0, pc=0x0000000112e95f7c)
     nmethod   6158  944             java.lang.invoke.LambdaForm::signatureArity (28 bytes)

     Virtual frames (innermost first):
        0 - frame( sp=0x0000000308600aa0, unextended_sp=0x0000000308600aa0, fp=0x00000007957b4e80, pc=0x0000000112e95f7c)
java.lang.invoke.LambdaForm.signatureArity(LambdaForm.java:538) - getstatic @ bci 0 
     Created vframeArray 0x00007fc90285bc20
DEOPT UNPACKING thread 0x00007fc901010000 vframeArray 0x00007fc90285bc20 mode 2
     {method} {0x000000010f721760} &apos;signatureArity&apos; &apos;(Ljava/lang/String;)I&apos; in &apos;java/lang/invoke/LambdaForm&apos; - getstatic @ bci 0 sp = 0x0000000308600a68
<uncommon_trap thread='9731' reason='uninitialized' action='reinterpret' compile_id='942' compiler='C2' count='2' stamp='6.160'>
Uncommon trap occurred in java.lang.invoke.LambdaForm::prepare (@0x0000000112e961dc) thread=9731 reason=uninitialized action=reinterpret unloaded_class_index=-1
<jvms bci='0' method='java/lang/invoke/LambdaForm prepare ()V' bytes='43' count='6' backedge_count='1' iicount='29' decompiles='2' uninitialized_traps='2'/>
</uncommon_trap>
DEOPT PACKING thread 0x00007fc901010000 Compiled frame (sp=0x0000000308600990 unextended sp=0x0000000308600990, fp=0x0000000795785000, real_fp=0x00000003086009b0, pc=0x0000000112e961dc)
     nmethod   6160  942             java.lang.invoke.LambdaForm::prepare (43 bytes)

     Virtual frames (innermost first):
        0 - frame( sp=0x0000000308600990, unextended_sp=0x0000000308600990, fp=0x0000000795785000, pc=0x0000000112e961dc)
java.lang.invoke.LambdaForm.prepare(LambdaForm.java:634) - getstatic @ bci 0 
     Created vframeArray 0x00007fc90285c420
DEOPT UNPACKING thread 0x00007fc901010000 vframeArray 0x00007fc90285c420 mode 2
     {method} {0x000000010f721b58} &apos;prepare&apos; &apos;()V&apos; in &apos;java/lang/invoke/LambdaForm&apos; - getstatic @ bci 0 sp = 0x0000000308600950
<uncommon_trap thread='9731' reason='uninitialized' action='reinterpret' compile_id='949' compiler='C2' count='6' stamp='6.188'>
Uncommon trap occurred in java.lang.invoke.LambdaForm::signatureArity (@0x0000000112e95d3c) thread=9731 reason=uninitialized action=reinterpret unloaded_class_index=-1
<jvms bci='0' method='java/lang/invoke/LambdaForm signatureArity (Ljava/lang/String;)I' bytes='28' count='5' backedge_count='1' iicount='58' decompiles='6' uninitialized_traps='6'/>
</uncommon_trap>
DEOPT PACKING thread 0x00007fc901010000 Compiled frame (sp=0x0000000308600ad0 unextended sp=0x0000000308600ad0, fp=0x00000007957b7010, real_fp=0x0000000308600af0, pc=0x0000000112e95d3c)
     nmethod   6188  949             java.lang.invoke.LambdaForm::signatureArity (28 bytes)

     Virtual frames (innermost first):
        0 - frame( sp=0x0000000308600ad0, unextended_sp=0x0000000308600ad0, fp=0x00000007957b7010, pc=0x0000000112e95d3c)
java.lang.invoke.LambdaForm.signatureArity(LambdaForm.java:538) - getstatic @ bci 0 
     Created vframeArray 0x00007fc902069e20
DEOPT UNPACKING thread 0x00007fc901010000 vframeArray 0x00007fc902069e20 mode 2
     {method} {0x000000010f721760} &apos;signatureArity&apos; &apos;(Ljava/lang/String;)I&apos; in &apos;java/lang/invoke/LambdaForm&apos; - getstatic @ bci 0 sp = 0x0000000308600aa0
<uncommon_trap thread='9731' reason='uninitialized' action='reinterpret' compile_id='843' compiler='C2' count='4' stamp='6.224'>
Uncommon trap occurred in java.lang.invoke.LambdaForm::normalize (@0x0000000112e5e3f4) thread=9731 reason=uninitialized action=reinterpret unloaded_class_index=-1
<jvms bci='176' method='java/lang/invoke/LambdaForm normalize ()I' bytes='322' count='4' backedge_count='12' iicount='14' decompiles='4' uninitialized_traps='4'/>
</uncommon_trap>
DEOPT PACKING thread 0x00007fc901010000 Compiled frame (sp=0x0000000308601590 unextended sp=0x0000000308601590, fp=0x00000007957b7448, real_fp=0x0000000308601610, pc=0x0000000112e5e3f4)
     nmethod   6224  843             java.lang.invoke.LambdaForm::normalize (322 bytes)

     Virtual frames (innermost first):
        0 - frame( sp=0x0000000308601590, unextended_sp=0x0000000308601590, fp=0x00000007957b7448, pc=0x0000000112e5e3f4)
java.lang.invoke.LambdaForm.normalize(LambdaForm.java:431) - getstatic @ bci 176 
     Created vframeArray 0x00007fc903070620
DEOPT UNPACKING thread 0x00007fc901010000 vframeArray 0x00007fc903070620 mode 2
     {method} {0x000000010f720d08} &apos;normalize&apos; &apos;()I&apos; in &apos;java/lang/invoke/LambdaForm&apos; - getstatic @ bci 176 sp = 0x0000000308601578
<uncommon_trap thread='9731' reason='uninitialized' action='reinterpret' compile_id='945' compiler='C2' count='3' stamp='6.229'>
Uncommon trap occurred in java.lang.invoke.LambdaForm::compileToBytecode (@0x0000000112e988bc) thread=9731 reason=uninitialized action=reinterpret unloaded_class_index=-1
<jvms bci='24' method='java/lang/invoke/LambdaForm compileToBytecode ()Ljava/lang/invoke/MemberName;' bytes='103' count='6' backedge_count='1' iicount='35' decompiles='3' uninitialized_traps='3'/>
</uncommon_trap>
DEOPT PACKING thread 0x00007fc901010000 Compiled frame (sp=0x0000000308601690 unextended sp=0x0000000308601690, fp=0x00000007957b7448, real_fp=0x00000003086016c0, pc=0x0000000112e988bc)
     nmethod   6228  945   !         java.lang.invoke.LambdaForm::compileToBytecode (103 bytes)

     Virtual frames (innermost first):
        0 - frame( sp=0x0000000308601690, unextended_sp=0x0000000308601690, fp=0x00000007957b7448, pc=0x0000000112e988bc)
java.lang.invoke.LambdaForm.compileToBytecode(LambdaForm.java:652) - getstatic @ bci 24 
     Created vframeArray 0x00007fc901083620
DEOPT UNPACKING thread 0x00007fc901010000 vframeArray 0x00007fc901083620 mode 2
     {method} {0x000000010f721ca0} &apos;compileToBytecode&apos; &apos;()Ljava/lang/invoke/MemberName;&apos; in &apos;java/lang/invoke/LambdaForm&apos; - getstatic @ bci 24 sp = 0x0000000308601660
<uncommon_trap thread='9731' reason='loop_limit_check' action='maybe_recompile' compile_id='845' compiler='C2' stamp='6.231'>
Uncommon trap occurred in java.lang.invoke.LambdaForm::useCount (@0x0000000112e603d0) thread=9731 reason=loop_limit_check action=maybe_recompile unloaded_class_index=-1
<jvms bci='74' method='java/lang/invoke/LambdaForm useCount (Ljava/lang/invoke/LambdaForm$Name;)I' bytes='99' count='5' backedge_count='6' iicount='6'/>
</uncommon_trap>
DEOPT PACKING thread 0x00007fc901010000 Compiled frame (sp=0x0000000308601380 unextended sp=0x0000000308601380, fp=0x0000000000000008, real_fp=0x00000003086013c0, pc=0x0000000112e603d0)
     nmethod   6231  845             java.lang.invoke.LambdaForm::useCount (99 bytes)

     Virtual frames (innermost first):
        0 - frame( sp=0x0000000308601380, unextended_sp=0x0000000308601380, fp=0x0000000000000008, pc=0x0000000112e603d0)
java.lang.invoke.LambdaForm.useCount(LambdaForm.java:1638) - fast_iload @ bci 74 
     Created vframeArray 0x00007fc903070620
DEOPT UNPACKING thread 0x00007fc901010000 vframeArray 0x00007fc903070620 mode 2
     {method} {0x000000010f724878} &apos;useCount&apos; &apos;(Ljava/lang/invoke/LambdaForm$Name;)I&apos; in &apos;java/lang/invoke/LambdaForm&apos; - iload @ bci 74 sp = 0x0000000308601340
<uncommon_trap thread='9731' reason='unstable_if' action='reinterpret' compile_id='587' compiler='C2' stamp='6.251'>
Uncommon trap occurred in sun.invoke.util.VerifyAccess::isTypeVisible (@0x0000000112dca1e0) thread=9731 reason=unstable_if action=reinterpret unloaded_class_index=-1
<jvms bci='6' method='java/lang/Class getClassLoader ()Ljava/lang/ClassLoader;' bytes='28' count='5' backedge_count='1' iicount='46'/>
<jvms bci='43' method='sun/invoke/util/VerifyAccess isTypeVisible (Ljava/lang/Class;Ljava/lang/Class;)Z' bytes='118' count='5' backedge_count='1' iicount='10'/>
</uncommon_trap>
DEOPT PACKING thread 0x00007fc901010000 Compiled frame (sp=0x0000000308601920 unextended sp=0x0000000308601920, fp=0x00000000f2ab89f1, real_fp=0x0000000308601950, pc=0x0000000112dca1e0)
     nmethod   6251  587             sun.invoke.util.VerifyAccess::isTypeVisible (118 bytes)

     Virtual frames (innermost first):
        0 - frame( sp=0x0000000308601920, unextended_sp=0x0000000308601920, fp=0x00000000f2ab89f1, pc=0x0000000112dca1e0)
java.lang.Class.getClassLoader(Class.java:679) - ifnonnull @ bci 6 
        1 - frame( sp=0x0000000308601920, unextended_sp=0x0000000308601920, fp=0x00000000f2ab89f1, pc=0x0000000112dca1e0)
sun.invoke.util.VerifyAccess.isTypeVisible(VerifyAccess.java:196) - invokevirtual @ bci 43 
     Created vframeArray 0x00007fc90285c220
DEOPT UNPACKING thread 0x00007fc901010000 vframeArray 0x00007fc90285c220 mode 2
     {method} {0x000000010fa4cd08} &apos;isTypeVisible&apos; &apos;(Ljava/lang/Class;Ljava/lang/Class;)Z&apos; in &apos;sun/invoke/util/VerifyAccess&apos; - invokevirtual @ bci 43 sp = 0x00000003086018b8
     {method} {0x000000010f6ba320} &apos;getClassLoader&apos; &apos;()Ljava/lang/ClassLoader;&apos; in &apos;java/lang/Class&apos; - ifnonnull @ bci 6 sp = 0x0000000308601860
<uncommon_trap thread='9731' reason='unstable_if' action='reinterpret' compile_id='20' compiler='C2' count='1' state='intrinsic recompiled' stamp='6.252'>
Uncommon trap occurred in java.lang.Class::getClassLoader (@0x0000000112c81ab4) thread=9731 reason=unstable_if action=reinterpret unloaded_class_index=-1
<jvms bci='6' method='java/lang/Class getClassLoader ()Ljava/lang/ClassLoader;' bytes='28' count='1' backedge_count='1' iicount='46' unstable_if_traps='1'/>
</uncommon_trap>
DEOPT PACKING thread 0x00007fc901010000 Compiled frame (sp=0x00000003086017d0 unextended sp=0x00000003086017d0, fp=0x0000000795582920, real_fp=0x0000000308601800, pc=0x0000000112c81ab4)
     nmethod   6252   20             java.lang.Class::getClassLoader (28 bytes)

     Virtual frames (innermost first):
        0 - frame( sp=0x00000003086017d0, unextended_sp=0x00000003086017d0, fp=0x0000000795582920, pc=0x0000000112c81ab4)
java.lang.Class.getClassLoader(Class.java:679) - ifnonnull @ bci 6 
     Created vframeArray 0x00007fc902069e20
DEOPT UNPACKING thread 0x00007fc901010000 vframeArray 0x00007fc902069e20 mode 2
     {method} {0x000000010f6ba320} &apos;getClassLoader&apos; &apos;()Ljava/lang/ClassLoader;&apos; in &apos;java/lang/Class&apos; - ifnonnull @ bci 6 sp = 0x0000000308601790
<uncommon_trap thread='9731' reason='loop_limit_check' action='maybe_recompile' compile_id='793' compiler='C2' stamp='6.279'>
Uncommon trap occurred in java.lang.invoke.LambdaForm$Name::useCount (@0x0000000112e42eb8) thread=9731 reason=loop_limit_check action=maybe_recompile unloaded_class_index=-1
<jvms bci='24' method='java/lang/invoke/LambdaForm$Name useCount (Ljava/lang/invoke/LambdaForm$Name;)I' bytes='42' count='4' backedge_count='8' iicount='4'/>
</uncommon_trap>
DEOPT PACKING thread 0x00007fc901010000 Compiled frame (sp=0x00000003086013c0 unextended sp=0x00000003086013c0, fp=0x00000007957bca60, real_fp=0x0000000308601400, pc=0x0000000112e42eb8)
     nmethod   6278  793             java.lang.invoke.LambdaForm$Name::useCount (42 bytes)

     Virtual frames (innermost first):
        0 - frame( sp=0x00000003086013c0, unextended_sp=0x00000003086013c0, fp=0x00000007957bca60, pc=0x0000000112e42eb8)
java.lang.invoke.LambdaForm$Name.useCount(LambdaForm.java:1582) - fast_aaccess_0 @ bci 24 
     Created vframeArray 0x00007fc90206a620
DEOPT UNPACKING thread 0x00007fc901010000 vframeArray 0x00007fc90206a620 mode 2
     {method} {0x000000010fa61c20} &apos;useCount&apos; &apos;(Ljava/lang/invoke/LambdaForm$Name;)I&apos; in &apos;java/lang/invoke/LambdaForm$Name&apos; - aload_0 @ bci 24 sp = 0x00000003086013a0
<dependency_failed type='unique_concrete_method' ctxk='java/lang/invoke/MethodHandle' x='java/lang/invoke/MethodHandle intrinsicName ()Ljava/lang/invoke/MethodHandleImpl$Intrinsic;' witness='java/lang/invoke/MethodHandleImpl$IntrinsicMethodHandle' stamp='6.499'/>
<uncommon_trap thread='9731' reason='array_check' action='maybe_recompile' compile_id='943' compiler='C2' stamp='6.654'>
Uncommon trap occurred in java.util.Arrays::fill (@0x0000000112e94b4c) thread=9731 reason=array_check action=maybe_recompile unloaded_class_index=-1
<jvms bci='13' method='java/util/Arrays fill ([Ljava/lang/Object;Ljava/lang/Object;)V' bytes='21' count='5' backedge_count='11' iicount='6' decompiles='1' predicate_traps='1'/>
</uncommon_trap>
DEOPT PACKING thread 0x00007fc901010000 Compiled frame (sp=0x00000003085fff10 unextended sp=0x00000003085fff10, fp=0x00000007956befa0, real_fp=0x00000003085fff60, pc=0x0000000112e94b4c)
     nmethod   6653  943             java.util.Arrays::fill (21 bytes)

     Virtual frames (innermost first):
        0 - frame( sp=0x00000003085fff10, unextended_sp=0x00000003085fff10, fp=0x00000007956befa0, pc=0x0000000112e94b4c)
java.util.Arrays.fill(Arrays.java:3130) - aastore @ bci 13 
     Created vframeArray 0x00007fc90105dc20
DEOPT UNPACKING thread 0x00007fc901010000 vframeArray 0x00007fc90105dc20 mode 2
     {method} {0x000000010f801cf8} &apos;fill&apos; &apos;([Ljava/lang/Object;Ljava/lang/Object;)V&apos; in &apos;java/util/Arrays&apos; - aastore @ bci 13 sp = 0x00000003085ffed8
<uncommon_trap thread='9731' reason='array_check' action='maybe_recompile' compile_id='943' compiler='C2' count='1' state='array_check' stamp='6.756'>
Uncommon trap occurred in java.util.Arrays::fill (@0x0000000112e94b4c) thread=9731 reason=array_check action=maybe_recompile unloaded_class_index=-1
<jvms bci='13' method='java/util/Arrays fill ([Ljava/lang/Object;Ljava/lang/Object;)V' bytes='21' count='5' backedge_count='18' iicount='6' decompiles='1' array_check_traps='1' predicate_traps='1'/>
</uncommon_trap>
DEOPT PACKING thread 0x00007fc901010000 Compiled frame (sp=0x00000003085fff10 unextended sp=0x00000003085fff10, fp=0x00000007956befa0, real_fp=0x00000003085fff60, pc=0x0000000112e94b4c)
     nmethod   6755  943             java.util.Arrays::fill (21 bytes)

     Virtual frames (innermost first):
        0 - frame( sp=0x00000003085fff10, unextended_sp=0x00000003085fff10, fp=0x00000007956befa0, pc=0x0000000112e94b4c)
java.util.Arrays.fill(Arrays.java:3130) - aastore @ bci 13 
     Created vframeArray 0x00007fc903070e20
DEOPT UNPACKING thread 0x00007fc901010000 vframeArray 0x00007fc903070e20 mode 2
     {method} {0x000000010f801cf8} &apos;fill&apos; &apos;([Ljava/lang/Object;Ljava/lang/Object;)V&apos; in &apos;java/util/Arrays&apos; - aastore @ bci 13 sp = 0x00000003085ffed8
<uncommon_trap thread='9731' reason='array_check' action='maybe_recompile' compile_id='943' compiler='C2' count='2' state='array_check' stamp='6.780'>
Uncommon trap occurred in java.util.Arrays::fill (@0x0000000112e94b4c) thread=9731 reason=array_check action=maybe_recompile unloaded_class_index=-1
<jvms bci='13' method='java/util/Arrays fill ([Ljava/lang/Object;Ljava/lang/Object;)V' bytes='21' count='5' backedge_count='26' iicount='6' decompiles='1' array_check_traps='2' predicate_traps='1'/>
</uncommon_trap>
DEOPT PACKING thread 0x00007fc901010000 Compiled frame (sp=0x00000003085fff10 unextended sp=0x00000003085fff10, fp=0x00000007956befa0, real_fp=0x00000003085fff60, pc=0x0000000112e94b4c)
     nmethod   6780  943             java.util.Arrays::fill (21 bytes)

     Virtual frames (innermost first):
        0 - frame( sp=0x00000003085fff10, unextended_sp=0x00000003085fff10, fp=0x00000007956befa0, pc=0x0000000112e94b4c)
java.util.Arrays.fill(Arrays.java:3130) - aastore @ bci 13 
     Created vframeArray 0x00007fc903071a20
DEOPT UNPACKING thread 0x00007fc901010000 vframeArray 0x00007fc903071a20 mode 2
     {method} {0x000000010f801cf8} &apos;fill&apos; &apos;([Ljava/lang/Object;Ljava/lang/Object;)V&apos; in &apos;java/util/Arrays&apos; - aastore @ bci 13 sp = 0x00000003085ffed8
<uncommon_trap thread='9731' reason='unstable_if' action='reinterpret' compile_id='954' compiler='C2' stamp='6.801'>
Uncommon trap occurred in java.lang.invoke.LambdaForm::argument (@0x0000000112e9a41c) thread=9731 reason=unstable_if action=reinterpret unloaded_class_index=-1
<jvms bci='3' method='java/lang/invoke/LambdaForm argument (ILjava/lang/invoke/LambdaForm$BasicType;)Ljava/lang/invoke/LambdaForm$Name;' bytes='27' count='6' backedge_count='1' iicount='75' decompiles='8' uninitialized_traps='8'/>
</uncommon_trap>
DEOPT PACKING thread 0x00007fc901010000 Compiled frame (sp=0x00000003085ffb20 unextended sp=0x00000003085ffb20, fp=0x0000000795820150, real_fp=0x00000003085ffb50, pc=0x0000000112e9a41c)
     nmethod   6801  954             java.lang.invoke.LambdaForm::argument (27 bytes)

     Virtual frames (innermost first):
        0 - frame( sp=0x00000003085ffb20, unextended_sp=0x00000003085ffb20, fp=0x0000000795820150, pc=0x0000000112e9a41c)
java.lang.invoke.LambdaForm.argument(LambdaForm.java:1647) - if_icmplt @ bci 3 
     Created vframeArray 0x00007fc90282fc20
DEOPT UNPACKING thread 0x00007fc901010000 vframeArray 0x00007fc90282fc20 mode 2
     {method} {0x000000010f724a10} &apos;argument&apos; &apos;(ILjava/lang/invoke/LambdaForm$BasicType;)Ljava/lang/invoke/LambdaForm$Name;&apos; in &apos;java/lang/invoke/LambdaForm&apos; - if_icmplt @ bci 3 sp = 0x00000003085ffae0
<uncommon_trap thread='9731' reason='array_check' action='maybe_recompile' compile_id='943' compiler='C2' count='3' state='array_check' stamp='6.811'>
Uncommon trap occurred in java.util.Arrays::fill (@0x0000000112e94b4c) thread=9731 reason=array_check action=maybe_recompile unloaded_class_index=-1
<jvms bci='13' method='java/util/Arrays fill ([Ljava/lang/Object;Ljava/lang/Object;)V' bytes='21' count='5' backedge_count='35' iicount='6' decompiles='1' array_check_traps='3' predicate_traps='1'/>
</uncommon_trap>
DEOPT PACKING thread 0x00007fc901010000 Compiled frame (sp=0x00000003085fff60 unextended sp=0x00000003085fff60, fp=0x00000007956befa0, real_fp=0x00000003085fffb0, pc=0x0000000112e94b4c)
     nmethod   6810  943             java.util.Arrays::fill (21 bytes)

     Virtual frames (innermost first):
        0 - frame( sp=0x00000003085fff60, unextended_sp=0x00000003085fff60, fp=0x00000007956befa0, pc=0x0000000112e94b4c)
java.util.Arrays.fill(Arrays.java:3130) - aastore @ bci 13 
     Created vframeArray 0x00007fc903071a20
DEOPT UNPACKING thread 0x00007fc901010000 vframeArray 0x00007fc903071a20 mode 2
     {method} {0x000000010f801cf8} &apos;fill&apos; &apos;([Ljava/lang/Object;Ljava/lang/Object;)V&apos; in &apos;java/util/Arrays&apos; - aastore @ bci 13 sp = 0x00000003085fff28
<uncommon_trap thread='9731' reason='unloaded' action='reinterpret' index='11' compile_id='572' compiler='C2' unresolved='1' name='java/lang/StringBuilder' stamp='6.831'>
Uncommon trap occurred in java.lang.Class::getSimpleName (@0x0000000112dcc7d0) thread=9731 reason=unloaded action=reinterpret unloaded_class_index=11 unresolved class: java/lang/StringBuilder
<jvms bci='7' method='java/lang/Class getSimpleName ()Ljava/lang/String;' bytes='120' count='5' backedge_count='1' iicount='10'/>
</uncommon_trap>
DEOPT PACKING thread 0x00007fc901010000 Compiled frame (sp=0x00000003085ffd10 unextended sp=0x00000003085ffd10, fp=0x0000000795584090, real_fp=0x00000003085ffd40, pc=0x0000000112dcc7d0)
     nmethod   6830  572             java.lang.Class::getSimpleName (120 bytes)

     Virtual frames (innermost first):
        0 - frame( sp=0x00000003085ffd10, unextended_sp=0x00000003085ffd10, fp=0x0000000795584090, pc=0x0000000112dcc7d0)
java.lang.Class.getSimpleName(Class.java:1307) - new @ bci 7 
     Created vframeArray 0x00007fc903070e20
DEOPT UNPACKING thread 0x00007fc901010000 vframeArray 0x00007fc903070e20 mode 2
     {method} {0x000000010f6bb770} &apos;getSimpleName&apos; &apos;()Ljava/lang/String;&apos; in &apos;java/lang/Class&apos; - new @ bci 7 sp = 0x00000003085ffcd8
<uncommon_trap thread='9731' reason='null_assert' action='make_not_entrant' compile_id='619' compiler='C2' stamp='6.832'>
Uncommon trap occurred in java.lang.invoke.MemberName$Factory::resolveOrFail (@0x0000000112de4ba8) thread=9731 reason=null_assert action=make_not_entrant unloaded_class_index=-1
<jvms bci='29' method='java/lang/invoke/MemberName$Factory resolveOrFail (BLjava/lang/invoke/MemberName;Ljava/lang/Class;Ljava/lang/Class;)Ljava/lang/invoke/MemberName;' bytes='52' count='5' backedge_count='1' iicount='10'/>
</uncommon_trap>
DEOPT PACKING thread 0x00007fc901010000 Compiled frame (sp=0x00000003085fff60 unextended sp=0x00000003085fff60, fp=0x00000007956c5fb8, real_fp=0x00000003085fff90, pc=0x0000000112de4ba8)
     nmethod   6831  619             java.lang.invoke.MemberName$Factory::resolveOrFail (52 bytes)

     Virtual frames (innermost first):
        0 - frame( sp=0x00000003085fff60, unextended_sp=0x00000003085fff60, fp=0x00000007956c5fb8, pc=0x0000000112de4ba8)
java.lang.invoke.MemberName$Factory.resolveOrFail(MemberName.java:1004) - instanceof @ bci 29 
     Created vframeArray 0x00007fc902069e20
DEOPT UNPACKING thread 0x00007fc901010000 vframeArray 0x00007fc902069e20 mode 2
     {method} {0x000000010f9172d8} &apos;resolveOrFail&apos; &apos;(BLjava/lang/invoke/MemberName;Ljava/lang/Class;Ljava/lang/Class;)Ljava/lang/invoke/MemberName;&apos; in &apos;java/lang/invoke/MemberName$Factory&apos; - instanceof @ bci 29 sp = 0x00000003085fff00
<uncommon_trap thread='9731' reason='null_check' action='make_not_entrant' compile_id='195' compiler='C2' stamp='6.833'>
Uncommon trap occurred in java.util.ArrayList::add (@0x0000000112d07f28) thread=9731 reason=null_check action=make_not_entrant unloaded_class_index=-1
<jvms bci='26' method='java/util/ArrayList add (Ljava/lang/Object;)Z' bytes='29' count='5' backedge_count='1' iicount='10'/>
</uncommon_trap>
DEOPT PACKING thread 0x00007fc901010000 Compiled frame (sp=0x0000000308600030 unextended sp=0x0000000308600030, fp=0x00000000f2b06ffb, real_fp=0x0000000308600060, pc=0x0000000112d07f28)
     nmethod   6833  195             java.util.ArrayList::add (29 bytes)

     Virtual frames (innermost first):
        0 - frame( sp=0x0000000308600030, unextended_sp=0x0000000308600030, fp=0x00000000f2b06ffb, pc=0x0000000112d07f28)
java.util.ArrayList.add(ArrayList.java:465) - aastore @ bci 26 
     Created vframeArray 0x00007fc90105dc20
DEOPT UNPACKING thread 0x00007fc901010000 vframeArray 0x00007fc90105dc20 mode 2
     {method} {0x000000010f7a4468} &apos;add&apos; &apos;(Ljava/lang/Object;)Z&apos; in &apos;java/util/ArrayList&apos; - aastore @ bci 26 sp = 0x00000003085ffff8
<uncommon_trap thread='9731' reason='class_check' action='maybe_recompile' compile_id='991' compiler='C2' stamp='6.871'>
Uncommon trap occurred in java.lang.invoke.InvokerBytecodeGenerator::generateCustomizedCodeBytes (@0x0000000112ea7198) thread=9731 reason=class_check action=maybe_recompile unloaded_class_index=-1
<jvms bci='17' method='java/lang/invoke/LambdaForm$NamedFunction intrinsicName ()Ljava/lang/invoke/MethodHandleImpl$Intrinsic;' bytes='21' count='5' backedge_count='1' iicount='10'/>
<jvms bci='180' method='java/lang/invoke/InvokerBytecodeGenerator generateCustomizedCodeBytes ()[B' bytes='604' count='5' backedge_count='7' iicount='5' decompiles='1'/>
</uncommon_trap>
DEOPT PACKING thread 0x00007fc901010000 Compiled frame (sp=0x00000003085ffb20 unextended sp=0x00000003085ffb20, fp=0x0000000000000003, real_fp=0x00000003085ffb90, pc=0x0000000112ea7198)
     nmethod   6870  991             java.lang.invoke.InvokerBytecodeGenerator::generateCustomizedCodeBytes (604 bytes)

     Virtual frames (innermost first):
        0 - frame( sp=0x00000003085ffb20, unextended_sp=0x00000003085ffb20, fp=0x0000000000000003, pc=0x0000000112ea7198)
java.lang.invoke.LambdaForm$NamedFunction.intrinsicName(LambdaForm.java:1328) - invokevirtual @ bci 17 
        1 - frame( sp=0x00000003085ffb20, unextended_sp=0x00000003085ffb20, fp=0x0000000000000003, pc=0x0000000112ea7198)
java.lang.invoke.InvokerBytecodeGenerator.generateCustomizedCodeBytes(InvokerBytecodeGenerator.java:668) - invokevirtual @ bci 180 
     Created vframeArray 0x00007fc90282fc20
DEOPT UNPACKING thread 0x00007fc901010000 vframeArray 0x00007fc90282fc20 mode 2
     {method} {0x000000010fa8ebd8} &apos;generateCustomizedCodeBytes&apos; &apos;()[B&apos; in &apos;java/lang/invoke/InvokerBytecodeGenerator&apos; - invokevirtual @ bci 180 sp = 0x00000003085ffb08
     {method} {0x000000010fa66a50} &apos;intrinsicName&apos; &apos;()Ljava/lang/invoke/MethodHandleImpl$Intrinsic;&apos; in &apos;java/lang/invoke/LambdaForm$NamedFunction&apos; - invokevirtual @ bci 17 sp = 0x00000003085ffab0
<uncommon_trap thread='9731' reason='class_check' action='maybe_recompile' compile_id='929' compiler='C2' stamp='6.873'>
Uncommon trap occurred in java.lang.invoke.MethodType::listToArray (@0x0000000112e8ebd0) thread=9731 reason=class_check action=maybe_recompile unloaded_class_index=-1
<jvms bci='1' method='java/lang/invoke/MethodType listToArray (Ljava/util/List;)[Ljava/lang/Class;' bytes='22' count='5' backedge_count='1' iicount='10'/>
</uncommon_trap>
DEOPT PACKING thread 0x00007fc901010000 Compiled frame (sp=0x00000003085ffcf0 unextended sp=0x00000003085ffcf0, fp=0x00000003085ffd80, real_fp=0x00000003085ffd20, pc=0x0000000112e8ebd0)
     nmethod   6872  929             java.lang.invoke.MethodType::listToArray (22 bytes)

     Virtual frames (innermost first):
        0 - frame( sp=0x00000003085ffcf0, unextended_sp=0x00000003085ffcf0, fp=0x00000003085ffd80, pc=0x0000000112e8ebd0)
java.lang.invoke.MethodType.listToArray(MethodType.java:227) - invokeinterface @ bci 1 
     Created vframeArray 0x00007fc902069e20
DEOPT UNPACKING thread 0x00007fc901010000 vframeArray 0x00007fc902069e20 mode 2
     {method} {0x000000010f728a50} &apos;listToArray&apos; &apos;(Ljava/util/List;)[Ljava/lang/Class;&apos; in &apos;java/lang/invoke/MethodType&apos; - invokeinterface @ bci 1 sp = 0x00000003085ffcc8
<uncommon_trap thread='9731' reason='class_check' action='maybe_recompile' compile_id='991' compiler='C2' count='1' state='class_check' stamp='6.879'>
Uncommon trap occurred in java.lang.invoke.InvokerBytecodeGenerator::generateCustomizedCodeBytes (@0x0000000112ea7198) thread=9731 reason=class_check action=maybe_recompile unloaded_class_index=-1
<jvms bci='17' method='java/lang/invoke/LambdaForm$NamedFunction intrinsicName ()Ljava/lang/invoke/MethodHandleImpl$Intrinsic;' bytes='21' count='5' backedge_count='1' iicount='10' class_check_traps='1'/>
<jvms bci='180' method='java/lang/invoke/InvokerBytecodeGenerator generateCustomizedCodeBytes ()[B' bytes='604' count='5' backedge_count='9' iicount='5' decompiles='1'/>
</uncommon_trap>
DEOPT PACKING thread 0x00007fc901010000 Compiled frame (sp=0x00000003085ffbe0 unextended sp=0x00000003085ffbe0, fp=0x0000000000000002, real_fp=0x00000003085ffc50, pc=0x0000000112ea7198)
     nmethod   6878  991             java.lang.invoke.InvokerBytecodeGenerator::generateCustomizedCodeBytes (604 bytes)

     Virtual frames (innermost first):
        0 - frame( sp=0x00000003085ffbe0, unextended_sp=0x00000003085ffbe0, fp=0x0000000000000002, pc=0x0000000112ea7198)
java.lang.invoke.LambdaForm$NamedFunction.intrinsicName(LambdaForm.java:1328) - invokevirtual @ bci 17 
        1 - frame( sp=0x00000003085ffbe0, unextended_sp=0x00000003085ffbe0, fp=0x0000000000000002, pc=0x0000000112ea7198)
java.lang.invoke.InvokerBytecodeGenerator.generateCustomizedCodeBytes(InvokerBytecodeGenerator.java:668) - invokevirtual @ bci 180 
     Created vframeArray 0x00007fc903070e20
DEOPT UNPACKING thread 0x00007fc901010000 vframeArray 0x00007fc903070e20 mode 2
     {method} {0x000000010fa8ebd8} &apos;generateCustomizedCodeBytes&apos; &apos;()[B&apos; in &apos;java/lang/invoke/InvokerBytecodeGenerator&apos; - invokevirtual @ bci 180 sp = 0x00000003085ffbc8
     {method} {0x000000010fa66a50} &apos;intrinsicName&apos; &apos;()Ljava/lang/invoke/MethodHandleImpl$Intrinsic;&apos; in &apos;java/lang/invoke/LambdaForm$NamedFunction&apos; - invokevirtual @ bci 17 sp = 0x00000003085ffb70
<uncommon_trap thread='9731' reason='class_check' action='maybe_recompile' compile_id='991' compiler='C2' count='2' state='class_check' stamp='6.904'>
Uncommon trap occurred in java.lang.invoke.InvokerBytecodeGenerator::generateCustomizedCodeBytes (@0x0000000112ea7198) thread=9731 reason=class_check action=maybe_recompile unloaded_class_index=-1
<jvms bci='17' method='java/lang/invoke/LambdaForm$NamedFunction intrinsicName ()Ljava/lang/invoke/MethodHandleImpl$Intrinsic;' bytes='21' count='5' backedge_count='1' iicount='10' class_check_traps='2'/>
<jvms bci='180' method='java/lang/invoke/InvokerBytecodeGenerator generateCustomizedCodeBytes ()[B' bytes='604' count='5' backedge_count='9' iicount='5' decompiles='1'/>
</uncommon_trap>
DEOPT PACKING thread 0x00007fc901010000 Compiled frame (sp=0x00000003085ff3d0 unextended sp=0x00000003085ff3d0, fp=0x0000000000000001, real_fp=0x00000003085ff440, pc=0x0000000112ea7198)
     nmethod   6903  991             java.lang.invoke.InvokerBytecodeGenerator::generateCustomizedCodeBytes (604 bytes)

     Virtual frames (innermost first):
        0 - frame( sp=0x00000003085ff3d0, unextended_sp=0x00000003085ff3d0, fp=0x0000000000000001, pc=0x0000000112ea7198)
java.lang.invoke.LambdaForm$NamedFunction.intrinsicName(LambdaForm.java:1328) - invokevirtual @ bci 17 
        1 - frame( sp=0x00000003085ff3d0, unextended_sp=0x00000003085ff3d0, fp=0x0000000000000001, pc=0x0000000112ea7198)
java.lang.invoke.InvokerBytecodeGenerator.generateCustomizedCodeBytes(InvokerBytecodeGenerator.java:668) - invokevirtual @ bci 180 
     Created vframeArray 0x00007fc903072220
DEOPT UNPACKING thread 0x00007fc901010000 vframeArray 0x00007fc903072220 mode 2
     {method} {0x000000010fa8ebd8} &apos;generateCustomizedCodeBytes&apos; &apos;()[B&apos; in &apos;java/lang/invoke/InvokerBytecodeGenerator&apos; - invokevirtual @ bci 180 sp = 0x00000003085ff3b8
     {method} {0x000000010fa66a50} &apos;intrinsicName&apos; &apos;()Ljava/lang/invoke/MethodHandleImpl$Intrinsic;&apos; in &apos;java/lang/invoke/LambdaForm$NamedFunction&apos; - invokevirtual @ bci 17 sp = 0x00000003085ff360
<uncommon_trap thread='9731' reason='class_check' action='maybe_recompile' compile_id='993' compiler='C2' count='3' state='class_check' stamp='6.909'>
Uncommon trap occurred in java.lang.invoke.LambdaForm$NamedFunction::intrinsicName (@0x0000000112d27948) thread=9731 reason=class_check action=maybe_recompile unloaded_class_index=-1
<jvms bci='17' method='java/lang/invoke/LambdaForm$NamedFunction intrinsicName ()Ljava/lang/invoke/MethodHandleImpl$Intrinsic;' bytes='21' count='5' backedge_count='1' iicount='10' class_check_traps='3'/>
</uncommon_trap>
DEOPT PACKING thread 0x00007fc901010000 Compiled frame (sp=0x00000003085ffba0 unextended sp=0x00000003085ffba0, fp=0x00000000f2af252a, real_fp=0x00000003085ffbc0, pc=0x0000000112d27948)
     nmethod   6909  993             java.lang.invoke.LambdaForm$NamedFunction::intrinsicName (21 bytes)

     Virtual frames (innermost first):
        0 - frame( sp=0x00000003085ffba0, unextended_sp=0x00000003085ffba0, fp=0x00000000f2af252a, pc=0x0000000112d27948)
java.lang.invoke.LambdaForm$NamedFunction.intrinsicName(LambdaForm.java:1328) - invokevirtual @ bci 17 
     Created vframeArray 0x00007fc90282fc20
DEOPT UNPACKING thread 0x00007fc901010000 vframeArray 0x00007fc90282fc20 mode 2
     {method} {0x000000010fa66a50} &apos;intrinsicName&apos; &apos;()Ljava/lang/invoke/MethodHandleImpl$Intrinsic;&apos; in &apos;java/lang/invoke/LambdaForm$NamedFunction&apos; - invokevirtual @ bci 17 sp = 0x00000003085ffb68
<uncommon_trap thread='9731' reason='class_check' action='maybe_recompile' compile_id='991' compiler='C2' count='4' state='class_check recompiled' stamp='6.951'>
Uncommon trap occurred in java.lang.invoke.InvokerBytecodeGenerator::generateCustomizedCodeBytes (@0x0000000112ea7198) thread=9731 reason=class_check action=maybe_recompile unloaded_class_index=-1
<jvms bci='17' method='java/lang/invoke/LambdaForm$NamedFunction intrinsicName ()Ljava/lang/invoke/MethodHandleImpl$Intrinsic;' bytes='21' count='6' backedge_count='1' iicount='11' decompiles='1' class_check_traps='4'/>
<jvms bci='180' method='java/lang/invoke/InvokerBytecodeGenerator generateCustomizedCodeBytes ()[B' bytes='604' count='5' backedge_count='14' iicount='5' decompiles='1'/>
</uncommon_trap>
DEOPT PACKING thread 0x00007fc901010000 Compiled frame (sp=0x0000000308600af0 unextended sp=0x0000000308600af0, fp=0x0000000000000001, real_fp=0x0000000308600b60, pc=0x0000000112ea7198)
     nmethod   6951  991             java.lang.invoke.InvokerBytecodeGenerator::generateCustomizedCodeBytes (604 bytes)

     Virtual frames (innermost first):
        0 - frame( sp=0x0000000308600af0, unextended_sp=0x0000000308600af0, fp=0x0000000000000001, pc=0x0000000112ea7198)
java.lang.invoke.LambdaForm$NamedFunction.intrinsicName(LambdaForm.java:1328) - invokevirtual @ bci 17 
        1 - frame( sp=0x0000000308600af0, unextended_sp=0x0000000308600af0, fp=0x0000000000000001, pc=0x0000000112ea7198)
java.lang.invoke.InvokerBytecodeGenerator.generateCustomizedCodeBytes(InvokerBytecodeGenerator.java:668) - invokevirtual @ bci 180 
     Created vframeArray 0x00007fc902069e20
DEOPT UNPACKING thread 0x00007fc901010000 vframeArray 0x00007fc902069e20 mode 2
     {method} {0x000000010fa8ebd8} &apos;generateCustomizedCodeBytes&apos; &apos;()[B&apos; in &apos;java/lang/invoke/InvokerBytecodeGenerator&apos; - invokevirtual @ bci 180 sp = 0x0000000308600ad8
     {method} {0x000000010fa66a50} &apos;intrinsicName&apos; &apos;()Ljava/lang/invoke/MethodHandleImpl$Intrinsic;&apos; in &apos;java/lang/invoke/LambdaForm$NamedFunction&apos; - invokevirtual @ bci 17 sp = 0x0000000308600a80
<uncommon_trap thread='9731' reason='null_assert' action='make_not_entrant' compile_id='798' compiler='C2' stamp='7.054'>
Uncommon trap occurred in jdk.internal.org.objectweb.asm.ClassWriter::toByteArray (@0x0000000112e4df38) thread=9731 reason=null_assert action=make_not_entrant unloaded_class_index=-1
<jvms bci='35' method='jdk/internal/org/objectweb/asm/ClassWriter toByteArray ()[B' bytes='1289' count='4' backedge_count='7' iicount='4'/>
</uncommon_trap>
DEOPT PACKING thread 0x00007fc901010000 Compiled frame (sp=0x0000000308600f80 unextended sp=0x0000000308600f80, fp=0x000000079586fdf8, real_fp=0x0000000308600fe0, pc=0x0000000112e4df38)
     nmethod   7054  798             jdk.internal.org.objectweb.asm.ClassWriter::toByteArray (1289 bytes)

     Virtual frames (innermost first):
        0 - frame( sp=0x0000000308600f80, unextended_sp=0x0000000308600f80, fp=0x000000079586fdf8, pc=0x0000000112e4df38)
jdk.internal.org.objectweb.asm.ClassWriter.toByteArray(ClassWriter.java:846) - astore_3 @ bci 35 
     Created vframeArray 0x00007fc90282fc20
DEOPT UNPACKING thread 0x00007fc901010000 vframeArray 0x00007fc90282fc20 mode 2
     {method} {0x000000010fa979c8} &apos;toByteArray&apos; &apos;()[B&apos; in &apos;jdk/internal/org/objectweb/asm/ClassWriter&apos; - astore_3 @ bci 35 sp = 0x0000000308600f40
<dependency_failed type='abstract_with_unique_concrete_subtype' ctxk='java/util/HashMap$HashIterator' x='java/util/HashMap$ValueIterator' witness='java/util/HashMap$EntryIterator' stamp='7.065'/>
<dependency_failed type='abstract_with_unique_concrete_subtype' ctxk='java/util/HashMap$HashIterator' x='java/util/HashMap$ValueIterator' witness='java/util/HashMap$EntryIterator' stamp='7.065'/>
<dependency_failed type='abstract_with_unique_concrete_subtype' ctxk='java/util/HashMap$HashIterator' x='java/util/HashMap$ValueIterator' witness='java/util/HashMap$EntryIterator' stamp='7.065'/>
<uncommon_trap thread='9731' reason='class_check' action='maybe_recompile' compile_id='149' compiler='C2' count='1' state='class_check' stamp='7.083'>
Uncommon trap occurred in java.util.HashMap::putVal (@0x0000000112cf3e4c) thread=9731 reason=class_check action=maybe_recompile unloaded_class_index=-1
<jvms bci='152' method='java/util/HashMap putVal (ILjava/lang/Object;Ljava/lang/Object;ZZ)Ljava/lang/Object;' bytes='300' count='2' backedge_count='1' iicount='14' class_check_traps='1'/>
</uncommon_trap>
DEOPT PACKING thread 0x00007fc901010000 Compiled frame (sp=0x00000003086004a0 unextended sp=0x00000003086004a0, fp=0x00000007c001cf10, real_fp=0x0000000308600550, pc=0x0000000112cf3e4c)
     nmethod   7083  149             java.util.HashMap::putVal (300 bytes)

     Virtual frames (innermost first):
        0 - frame( sp=0x00000003086004a0, unextended_sp=0x00000003086004a0, fp=0x00000007c001cf10, pc=0x0000000112cf3e4c)
java.util.HashMap.putVal(HashMap.java:643) - invokevirtual @ bci 152 
     Created vframeArray 0x00007fc90105dc20
DEOPT UNPACKING thread 0x00007fc901010000 vframeArray 0x00007fc90105dc20 mode 2
     {method} {0x000000010f7c3a98} &apos;putVal&apos; &apos;(ILjava/lang/Object;Ljava/lang/Object;ZZ)Ljava/lang/Object;&apos; in &apos;java/util/HashMap&apos; - invokevirtual @ bci 152 sp = 0x0000000308600498
<uncommon_trap thread='9731' reason='class_check' action='maybe_recompile' compile_id='658' compiler='C2' stamp='7.087'>
Uncommon trap occurred in java.util.Arrays::equals (@0x0000000112dee8dc) thread=9731 reason=class_check action=maybe_recompile unloaded_class_index=-1
<jvms bci='62' method='java/util/Arrays equals ([Ljava/lang/Object;[Ljava/lang/Object;)Z' bytes='78' count='3' backedge_count='9' iicount='3'/>
</uncommon_trap>
DEOPT PACKING thread 0x00007fc901010000 Compiled frame (sp=0x00000003086014e0 unextended sp=0x00000003086014e0, fp=0x0000000795850480, real_fp=0x0000000308601520, pc=0x0000000112dee8dc)
     nmethod   7087  658             java.util.Arrays::equals (78 bytes)

     Virtual frames (innermost first):
        0 - frame( sp=0x00000003086014e0, unextended_sp=0x00000003086014e0, fp=0x0000000795850480, pc=0x0000000112dee8dc)
java.util.Arrays.equals(Arrays.java:2829) - invokevirtual @ bci 62 
     Created vframeArray 0x00007fc90203ba20
DEOPT UNPACKING thread 0x00007fc901010000 vframeArray 0x00007fc90203ba20 mode 2
     {method} {0x000000010f800c88} &apos;equals&apos; &apos;([Ljava/lang/Object;[Ljava/lang/Object;)Z&apos; in &apos;java/util/Arrays&apos; - invokevirtual @ bci 62 sp = 0x00000003086014a0
<uncommon_trap thread='9731' reason='unstable_if' action='reinterpret' compile_id='964' compiler='C2' stamp='7.143'>
Uncommon trap occurred in java.lang.invoke.LambdaForm::normalize (@0x0000000112e63318) thread=9731 reason=unstable_if action=reinterpret unloaded_class_index=-1
<jvms bci='35' method='java/lang/invoke/LambdaForm normalize ()I' bytes='322' count='2' backedge_count='11' iicount='15' decompiles='5' uninitialized_traps='5'/>
</uncommon_trap>
DEOPT PACKING thread 0x00007fc901010000 Compiled frame (sp=0x00000003086013d0 unextended sp=0x00000003086013d0, fp=0x0000000000000001, real_fp=0x0000000308601420, pc=0x0000000112e63318)
     nmethod   7143  964             java.lang.invoke.LambdaForm::normalize (322 bytes)

     Virtual frames (innermost first):
        0 - frame( sp=0x00000003086013d0, unextended_sp=0x00000003086013d0, fp=0x0000000000000001, pc=0x0000000112e63318)
java.lang.invoke.LambdaForm.normalize(LambdaForm.java:412) - ifne @ bci 35 
     Created vframeArray 0x00007fc90304b420
DEOPT UNPACKING thread 0x00007fc901010000 vframeArray 0x00007fc90304b420 mode 2
     {method} {0x000000010f720d08} &apos;normalize&apos; &apos;()I&apos; in &apos;java/lang/invoke/LambdaForm&apos; - ifne @ bci 35 sp = 0x0000000308601380
<uncommon_trap thread='9731' reason='class_check' action='maybe_recompile' compile_id='658' compiler='C2' count='1' state='class_check' stamp='7.245'>
Uncommon trap occurred in java.util.Arrays::equals (@0x0000000112dee8dc) thread=9731 reason=class_check action=maybe_recompile unloaded_class_index=-1
<jvms bci='62' method='java/util/Arrays equals ([Ljava/lang/Object;[Ljava/lang/Object;)Z' bytes='78' count='3' backedge_count='10' iicount='3' class_check_traps='1'/>
</uncommon_trap>
DEOPT PACKING thread 0x00007fc901010000 Compiled frame (sp=0x00000003086015b0 unextended sp=0x00000003086015b0, fp=0x000000079586c778, real_fp=0x00000003086015f0, pc=0x0000000112dee8dc)
     nmethod   7245  658             java.util.Arrays::equals (78 bytes)

     Virtual frames (innermost first):
        0 - frame( sp=0x00000003086015b0, unextended_sp=0x00000003086015b0, fp=0x000000079586c778, pc=0x0000000112dee8dc)
java.util.Arrays.equals(Arrays.java:2829) - invokevirtual @ bci 62 
     Created vframeArray 0x00007fc90203ba20
DEOPT UNPACKING thread 0x00007fc901010000 vframeArray 0x00007fc90203ba20 mode 2
     {method} {0x000000010f800c88} &apos;equals&apos; &apos;([Ljava/lang/Object;[Ljava/lang/Object;)Z&apos; in &apos;java/util/Arrays&apos; - invokevirtual @ bci 62 sp = 0x0000000308601570
<uncommon_trap thread='9731' reason='predicate' action='maybe_recompile' compile_id='1075' compiler='C2' stamp='7.246'>
Uncommon trap occurred in java.util.Arrays::fill (@0x0000000112ebd7bc) thread=9731 reason=predicate action=maybe_recompile unloaded_class_index=-1
<jvms bci='16' method='java/util/Arrays fill ([Ljava/lang/Object;IILjava/lang/Object;)V' bytes='28' count='5' backedge_count='6' iicount='6'/>
</uncommon_trap>
DEOPT PACKING thread 0x00007fc901010000 Compiled frame (sp=0x00000003086014b0 unextended sp=0x00000003086014b0, fp=0x0000000000000000, real_fp=0x0000000308601500, pc=0x0000000112ebd7bc)
     nmethod   7246 1075             java.util.Arrays::fill (28 bytes)

     Virtual frames (innermost first):
        0 - frame( sp=0x00000003086014b0, unextended_sp=0x00000003086014b0, fp=0x0000000000000000, pc=0x0000000112ebd7bc)
java.util.Arrays.fill(Arrays.java:3155) - fast_aload_0 @ bci 16 
     Created vframeArray 0x00007fc90304b420
DEOPT UNPACKING thread 0x00007fc901010000 vframeArray 0x00007fc90304b420 mode 2
     {method} {0x000000010f801df8} &apos;fill&apos; &apos;([Ljava/lang/Object;IILjava/lang/Object;)V&apos; in &apos;java/util/Arrays&apos; - aload_0 @ bci 16 sp = 0x00000003086014a8
<uncommon_trap thread='9731' reason='array_check' action='maybe_recompile' compile_id='1108' compiler='C2' stamp='7.272'>
Uncommon trap occurred in java.util.Arrays::fill (@0x0000000112d6e490) thread=9731 reason=array_check action=maybe_recompile unloaded_class_index=-1
<jvms bci='20' method='java/util/Arrays fill ([Ljava/lang/Object;IILjava/lang/Object;)V' bytes='28' count='5' backedge_count='6' iicount='7' decompiles='1' predicate_traps='1'/>
</uncommon_trap>
DEOPT PACKING thread 0x00007fc901010000 Compiled frame (sp=0x00000003086014b0 unextended sp=0x00000003086014b0, fp=0x0000000000000006, real_fp=0x0000000308601500, pc=0x0000000112d6e490)
     nmethod   7271 1108             java.util.Arrays::fill (28 bytes)

     Virtual frames (innermost first):
        0 - frame( sp=0x00000003086014b0, unextended_sp=0x00000003086014b0, fp=0x0000000000000006, pc=0x0000000112d6e490)
java.util.Arrays.fill(Arrays.java:3155) - aastore @ bci 20 
     Created vframeArray 0x00007fc90105dc20
DEOPT UNPACKING thread 0x00007fc901010000 vframeArray 0x00007fc90105dc20 mode 2
     {method} {0x000000010f801df8} &apos;fill&apos; &apos;([Ljava/lang/Object;IILjava/lang/Object;)V&apos; in &apos;java/util/Arrays&apos; - aastore @ bci 20 sp = 0x0000000308601490
<uncommon_trap thread='9731' reason='array_check' action='maybe_recompile' compile_id='1108' compiler='C2' count='1' state='array_check' stamp='7.273'>
Uncommon trap occurred in java.util.Arrays::fill (@0x0000000112d6e490) thread=9731 reason=array_check action=maybe_recompile unloaded_class_index=-1
<jvms bci='20' method='java/util/Arrays fill ([Ljava/lang/Object;IILjava/lang/Object;)V' bytes='28' count='5' backedge_count='7' iicount='7' decompiles='1' array_check_traps='1' predicate_traps='1'/>
</uncommon_trap>
DEOPT PACKING thread 0x00007fc901010000 Compiled frame (sp=0x00000003086014b0 unextended sp=0x00000003086014b0, fp=0x0000000000000006, real_fp=0x0000000308601500, pc=0x0000000112d6e490)
     nmethod   7272 1108             java.util.Arrays::fill (28 bytes)

     Virtual frames (innermost first):
        0 - frame( sp=0x00000003086014b0, unextended_sp=0x00000003086014b0, fp=0x0000000000000006, pc=0x0000000112d6e490)
java.util.Arrays.fill(Arrays.java:3155) - aastore @ bci 20 
     Created vframeArray 0x00007fc902838420
DEOPT UNPACKING thread 0x00007fc901010000 vframeArray 0x00007fc902838420 mode 2
     {method} {0x000000010f801df8} &apos;fill&apos; &apos;([Ljava/lang/Object;IILjava/lang/Object;)V&apos; in &apos;java/util/Arrays&apos; - aastore @ bci 20 sp = 0x0000000308601490
<uncommon_trap thread='9731' reason='array_check' action='maybe_recompile' compile_id='1108' compiler='C2' count='2' state='array_check' stamp='7.273'>
Uncommon trap occurred in java.util.Arrays::fill (@0x0000000112d6e490) thread=9731 reason=array_check action=maybe_recompile unloaded_class_index=-1
<jvms bci='20' method='java/util/Arrays fill ([Ljava/lang/Object;IILjava/lang/Object;)V' bytes='28' count='5' backedge_count='8' iicount='7' decompiles='1' array_check_traps='2' predicate_traps='1'/>
</uncommon_trap>
DEOPT PACKING thread 0x00007fc901010000 Compiled frame (sp=0x00000003086014b0 unextended sp=0x00000003086014b0, fp=0x0000000000000003, real_fp=0x0000000308601500, pc=0x0000000112d6e490)
     nmethod   7273 1108             java.util.Arrays::fill (28 bytes)

     Virtual frames (innermost first):
        0 - frame( sp=0x00000003086014b0, unextended_sp=0x00000003086014b0, fp=0x0000000000000003, pc=0x0000000112d6e490)
java.util.Arrays.fill(Arrays.java:3155) - aastore @ bci 20 
     Created vframeArray 0x00007fc90304b420
DEOPT UNPACKING thread 0x00007fc901010000 vframeArray 0x00007fc90304b420 mode 2
     {method} {0x000000010f801df8} &apos;fill&apos; &apos;([Ljava/lang/Object;IILjava/lang/Object;)V&apos; in &apos;java/util/Arrays&apos; - aastore @ bci 20 sp = 0x0000000308601490
<uncommon_trap thread='9731' reason='array_check' action='maybe_recompile' compile_id='1108' compiler='C2' count='3' state='array_check' stamp='7.274'>
Uncommon trap occurred in java.util.Arrays::fill (@0x0000000112d6e490) thread=9731 reason=array_check action=maybe_recompile unloaded_class_index=-1
<jvms bci='20' method='java/util/Arrays fill ([Ljava/lang/Object;IILjava/lang/Object;)V' bytes='28' count='5' backedge_count='9' iicount='7' decompiles='1' array_check_traps='3' predicate_traps='1'/>
</uncommon_trap>
DEOPT PACKING thread 0x00007fc901010000 Compiled frame (sp=0x00000003086014b0 unextended sp=0x00000003086014b0, fp=0x0000000000000003, real_fp=0x0000000308601500, pc=0x0000000112d6e490)
     nmethod   7273 1108             java.util.Arrays::fill (28 bytes)

     Virtual frames (innermost first):
        0 - frame( sp=0x00000003086014b0, unextended_sp=0x00000003086014b0, fp=0x0000000000000003, pc=0x0000000112d6e490)
java.util.Arrays.fill(Arrays.java:3155) - aastore @ bci 20 
     Created vframeArray 0x00007fc903035e20
DEOPT UNPACKING thread 0x00007fc901010000 vframeArray 0x00007fc903035e20 mode 2
     {method} {0x000000010f801df8} &apos;fill&apos; &apos;([Ljava/lang/Object;IILjava/lang/Object;)V&apos; in &apos;java/util/Arrays&apos; - aastore @ bci 20 sp = 0x0000000308601490
<uncommon_trap thread='9731' reason='class_check' action='maybe_recompile' compile_id='658' compiler='C2' count='2' state='class_check' stamp='7.464'>
Uncommon trap occurred in java.util.Arrays::equals (@0x0000000112dee8dc) thread=9731 reason=class_check action=maybe_recompile unloaded_class_index=-1
<jvms bci='62' method='java/util/Arrays equals ([Ljava/lang/Object;[Ljava/lang/Object;)Z' bytes='78' count='3' backedge_count='11' iicount='3' class_check_traps='2'/>
</uncommon_trap>
DEOPT PACKING thread 0x00007fc901010000 Compiled frame (sp=0x00000003086015b0 unextended sp=0x00000003086015b0, fp=0x00000007958825a0, real_fp=0x00000003086015f0, pc=0x0000000112dee8dc)
     nmethod   7463  658             java.util.Arrays::equals (78 bytes)

     Virtual frames (innermost first):
        0 - frame( sp=0x00000003086015b0, unextended_sp=0x00000003086015b0, fp=0x00000007958825a0, pc=0x0000000112dee8dc)
java.util.Arrays.equals(Arrays.java:2829) - invokevirtual @ bci 62 
     Created vframeArray 0x00007fc90284d620
DEOPT UNPACKING thread 0x00007fc901010000 vframeArray 0x00007fc90284d620 mode 2
     {method} {0x000000010f800c88} &apos;equals&apos; &apos;([Ljava/lang/Object;[Ljava/lang/Object;)Z&apos; in &apos;java/util/Arrays&apos; - invokevirtual @ bci 62 sp = 0x0000000308601570
<uncommon_trap thread='9731' reason='class_check' action='maybe_recompile' compile_id='658' compiler='C2' count='3' state='class_check' stamp='7.471'>
Uncommon trap occurred in java.util.Arrays::equals (@0x0000000112dee8dc) thread=9731 reason=class_check action=maybe_recompile unloaded_class_index=-1
<jvms bci='62' method='java/util/Arrays equals ([Ljava/lang/Object;[Ljava/lang/Object;)Z' bytes='78' count='3' backedge_count='12' iicount='3' class_check_traps='3'/>
</uncommon_trap>
DEOPT PACKING thread 0x00007fc901010000 Compiled frame (sp=0x00000003086015b0 unextended sp=0x00000003086015b0, fp=0x0000000795882820, real_fp=0x00000003086015f0, pc=0x0000000112dee8dc)
     nmethod   7471  658             java.util.Arrays::equals (78 bytes)

     Virtual frames (innermost first):
        0 - frame( sp=0x00000003086015b0, unextended_sp=0x00000003086015b0, fp=0x0000000795882820, pc=0x0000000112dee8dc)
java.util.Arrays.equals(Arrays.java:2829) - invokevirtual @ bci 62 
     Created vframeArray 0x00007fc90105dc20
DEOPT UNPACKING thread 0x00007fc901010000 vframeArray 0x00007fc90105dc20 mode 2
     {method} {0x000000010f800c88} &apos;equals&apos; &apos;([Ljava/lang/Object;[Ljava/lang/Object;)Z&apos; in &apos;java/util/Arrays&apos; - invokevirtual @ bci 62 sp = 0x0000000308601570
<dependency_failed type='abstract_with_unique_concrete_subtype' ctxk='jdk/internal/org/objectweb/asm/MethodVisitor' x='jdk/internal/org/objectweb/asm/MethodWriter' witness='java/lang/invoke/TypeConvertingMethodAdapter' stamp='7.723'/>
<dependency_failed type='abstract_with_unique_concrete_subtype' ctxk='jdk/internal/org/objectweb/asm/MethodVisitor' x='jdk/internal/org/objectweb/asm/MethodWriter' witness='java/lang/invoke/TypeConvertingMethodAdapter' stamp='7.723'/>
<dependency_failed type='abstract_with_unique_concrete_subtype' ctxk='jdk/internal/org/objectweb/asm/MethodVisitor' x='jdk/internal/org/objectweb/asm/MethodWriter' witness='java/lang/invoke/TypeConvertingMethodAdapter' stamp='7.723'/>
<dependency_failed type='abstract_with_unique_concrete_subtype' ctxk='jdk/internal/org/objectweb/asm/MethodVisitor' x='jdk/internal/org/objectweb/asm/MethodWriter' witness='java/lang/invoke/TypeConvertingMethodAdapter' stamp='7.723'/>
<dependency_failed type='abstract_with_unique_concrete_subtype' ctxk='jdk/internal/org/objectweb/asm/MethodVisitor' x='jdk/internal/org/objectweb/asm/MethodWriter' witness='java/lang/invoke/TypeConvertingMethodAdapter' stamp='7.723'/>
<dependency_failed type='abstract_with_unique_concrete_subtype' ctxk='jdk/internal/org/objectweb/asm/MethodVisitor' x='jdk/internal/org/objectweb/asm/MethodWriter' witness='java/lang/invoke/TypeConvertingMethodAdapter' stamp='7.723'/>
<dependency_failed type='abstract_with_unique_concrete_subtype' ctxk='jdk/internal/org/objectweb/asm/MethodVisitor' x='jdk/internal/org/objectweb/asm/MethodWriter' witness='java/lang/invoke/TypeConvertingMethodAdapter' stamp='7.723'/>
<dependency_failed type='abstract_with_unique_concrete_subtype' ctxk='jdk/internal/org/objectweb/asm/MethodVisitor' x='jdk/internal/org/objectweb/asm/MethodWriter' witness='java/lang/invoke/TypeConvertingMethodAdapter' stamp='7.723'/>
<dependency_failed type='abstract_with_unique_concrete_subtype' ctxk='jdk/internal/org/objectweb/asm/MethodVisitor' x='jdk/internal/org/objectweb/asm/MethodWriter' witness='java/lang/invoke/TypeConvertingMethodAdapter' stamp='7.723'/>
<dependency_failed type='abstract_with_unique_concrete_subtype' ctxk='jdk/internal/org/objectweb/asm/MethodVisitor' x='jdk/internal/org/objectweb/asm/MethodWriter' witness='java/lang/invoke/TypeConvertingMethodAdapter' stamp='7.723'/>
<dependency_failed type='abstract_with_unique_concrete_subtype' ctxk='jdk/internal/org/objectweb/asm/MethodVisitor' x='jdk/internal/org/objectweb/asm/MethodWriter' witness='java/lang/invoke/TypeConvertingMethodAdapter' stamp='7.723'/>
<dependency_failed type='abstract_with_unique_concrete_subtype' ctxk='jdk/internal/org/objectweb/asm/MethodVisitor' x='jdk/internal/org/objectweb/asm/MethodWriter' witness='java/lang/invoke/TypeConvertingMethodAdapter' stamp='7.723'/>
<dependency_failed type='abstract_with_unique_concrete_subtype' ctxk='jdk/internal/org/objectweb/asm/MethodVisitor' x='jdk/internal/org/objectweb/asm/MethodWriter' witness='java/lang/invoke/TypeConvertingMethodAdapter' stamp='7.723'/>
<dependency_failed type='abstract_with_unique_concrete_subtype' ctxk='jdk/internal/org/objectweb/asm/MethodVisitor' x='jdk/internal/org/objectweb/asm/MethodWriter' witness='java/lang/invoke/TypeConvertingMethodAdapter' stamp='7.723'/>
<dependency_failed type='abstract_with_unique_concrete_subtype' ctxk='jdk/internal/org/objectweb/asm/MethodVisitor' x='jdk/internal/org/objectweb/asm/MethodWriter' witness='java/lang/invoke/TypeConvertingMethodAdapter' stamp='7.723'/>
<dependency_failed type='abstract_with_unique_concrete_subtype' ctxk='jdk/internal/org/objectweb/asm/MethodVisitor' x='jdk/internal/org/objectweb/asm/MethodWriter' witness='java/lang/invoke/TypeConvertingMethodAdapter' stamp='7.723'/>
<dependency_failed type='abstract_with_unique_concrete_subtype' ctxk='jdk/internal/org/objectweb/asm/MethodVisitor' x='jdk/internal/org/objectweb/asm/MethodWriter' witness='java/lang/invoke/TypeConvertingMethodAdapter' stamp='7.723'/>
<dependency_failed type='abstract_with_unique_concrete_subtype' ctxk='jdk/internal/org/objectweb/asm/MethodVisitor' x='jdk/internal/org/objectweb/asm/MethodWriter' witness='java/lang/invoke/TypeConvertingMethodAdapter' stamp='7.724'/>
<dependency_failed type='abstract_with_unique_concrete_subtype' ctxk='jdk/internal/org/objectweb/asm/MethodVisitor' x='jdk/internal/org/objectweb/asm/MethodWriter' witness='java/lang/invoke/TypeConvertingMethodAdapter' stamp='7.724'/>
<dependency_failed type='abstract_with_unique_concrete_subtype' ctxk='jdk/internal/org/objectweb/asm/MethodVisitor' x='jdk/internal/org/objectweb/asm/MethodWriter' witness='java/lang/invoke/TypeConvertingMethodAdapter' stamp='7.724'/>
<uncommon_trap thread='9731' reason='uninitialized' action='reinterpret' compile_id='1169' compiler='C2' stamp='7.727'>
Uncommon trap occurred in java.lang.invoke.TypeConvertingMethodAdapter::initWidening (@0x0000000112efca0c) thread=9731 reason=uninitialized action=reinterpret unloaded_class_index=-1
<jvms bci='22' method='java/lang/invoke/TypeConvertingMethodAdapter initWidening (Lsun/invoke/util/Wrapper;I[Lsun/invoke/util/Wrapper;)V' bytes='44' count='4' backedge_count='6' iicount='4'/>
</uncommon_trap>
DEOPT PACKING thread 0x00007fc901010000 Compiled frame (sp=0x0000000308600ec0 unextended sp=0x0000000308600ec0, fp=0x00000000f2ad811d, real_fp=0x0000000308600f00, pc=0x0000000112efca0c)
     nmethod   7727 1169             java.lang.invoke.TypeConvertingMethodAdapter::initWidening (44 bytes)

     Virtual frames (innermost first):
        0 - frame( sp=0x0000000308600ec0, unextended_sp=0x0000000308600ec0, fp=0x00000000f2ad811d, pc=0x0000000112efca0c)
java.lang.invoke.TypeConvertingMethodAdapter.initWidening(TypeConvertingMethodAdapter.java:92) - getstatic @ bci 22 
     Created vframeArray 0x00007fc90306de20
DEOPT UNPACKING thread 0x00007fc901010000 vframeArray 0x00007fc90306de20 mode 2
     {method} {0x000000010fb97db8} &apos;initWidening&apos; &apos;(Lsun/invoke/util/Wrapper;I[Lsun/invoke/util/Wrapper;)V&apos; in &apos;java/lang/invoke/TypeConvertingMethodAdapter&apos; - getstatic @ bci 22 sp = 0x0000000308600e90
<uncommon_trap thread='9731' reason='unloaded' action='reinterpret' index='37' compile_id='946' compiler='C2' unresolved='1' name='java/lang/invoke/DirectMethodHandle$Special' count='1' stamp='8.044'>
Uncommon trap occurred in java.lang.invoke.DirectMethodHandle::make (@0x0000000112e968f8) thread=9731 reason=unloaded action=reinterpret unloaded_class_index=37 unresolved class: java/lang/invoke/DirectMethodHandle$Special
<jvms bci='103' method='java/lang/invoke/DirectMethodHandle make (BLjava/lang/Class;Ljava/lang/invoke/MemberName;)Ljava/lang/invoke/DirectMethodHandle;' bytes='242' count='3' backedge_count='1' iicount='19' decompiles='1' unloaded_traps='1'/>
</uncommon_trap>
DEOPT PACKING thread 0x00007fc901010000 Compiled frame (sp=0x0000000308601490 unextended sp=0x0000000308601490, fp=0x000000079590e360, real_fp=0x00000003086014e0, pc=0x0000000112e968f8)
     nmethod   8044  946             java.lang.invoke.DirectMethodHandle::make (242 bytes)

     Virtual frames (innermost first):
        0 - frame( sp=0x0000000308601490, unextended_sp=0x0000000308601490, fp=0x000000079590e360, pc=0x0000000112e968f8)
java.lang.invoke.DirectMethodHandle.make(DirectMethodHandle.java:82) - new @ bci 103 
     Created vframeArray 0x00007fc902072420
DEOPT UNPACKING thread 0x00007fc901010000 vframeArray 0x00007fc902072420 mode 2
     {method} {0x000000010f70be40} &apos;make&apos; &apos;(BLjava/lang/Class;Ljava/lang/invoke/MemberName;)Ljava/lang/invoke/DirectMethodHandle;&apos; in &apos;java/lang/invoke/DirectMethodHandle&apos; - new @ bci 103 sp = 0x0000000308601450
<uncommon_trap thread='9731' reason='class_check' action='maybe_recompile' compile_id='1009' compiler='C2' stamp='8.045'>
Uncommon trap occurred in java.lang.invoke.MethodHandles$Lookup::getDirectMethodCommon (@0x0000000112cd2394) thread=9731 reason=class_check action=maybe_recompile unloaded_class_index=-1
<jvms bci='263' method='java/lang/invoke/MethodHandles$Lookup getDirectMethodCommon (BLjava/lang/Class;Ljava/lang/invoke/MemberName;ZZLjava/lang/Class;)Ljava/lang/invoke/MethodHandle;' bytes='271' count='5' backedge_count='1' iicount='10'/>
</uncommon_trap>
DEOPT PACKING thread 0x00007fc901010000 Compiled frame (sp=0x00000003086014e0 unextended sp=0x00000003086014e0, fp=0x00000007959131f8, real_fp=0x0000000308601560, pc=0x0000000112cd2394)
     nmethod   8045 1009             java.lang.invoke.MethodHandles$Lookup::getDirectMethodCommon (271 bytes)

     Virtual frames (innermost first):
        0 - frame( sp=0x00000003086014e0, unextended_sp=0x00000003086014e0, fp=0x00000007959131f8, pc=0x0000000112cd2394)
java.lang.invoke.MethodHandles$Lookup.getDirectMethodCommon(MethodHandles.java:1670) - invokevirtual @ bci 263 
     Created vframeArray 0x00007fc90284d620
DEOPT UNPACKING thread 0x00007fc901010000 vframeArray 0x00007fc90284d620 mode 2
     {method} {0x000000010fa2c960} &apos;getDirectMethodCommon&apos; &apos;(BLjava/lang/Class;Ljava/lang/invoke/MemberName;ZZLjava/lang/Class;)Ljava/lang/invoke/MethodHandle;&apos; in &apos;java/lang/invoke/MethodHandles$Lookup&apos; - invokevirtual @ bci 263 sp = 0x00000003086014f0
<uncommon_trap thread='9731' reason='class_check' action='maybe_recompile' compile_id='149' compiler='C2' count='2' state='class_check' stamp='8.177'>
Uncommon trap occurred in java.util.HashMap::putVal (@0x0000000112cf3e4c) thread=9731 reason=class_check action=maybe_recompile unloaded_class_index=-1
<jvms bci='152' method='java/util/HashMap putVal (ILjava/lang/Object;Ljava/lang/Object;ZZ)Ljava/lang/Object;' bytes='300' count='2' backedge_count='1' iicount='14' class_check_traps='2'/>
</uncommon_trap>
DEOPT PACKING thread 0x00007fc901010000 Compiled frame (sp=0x0000000308601fe0 unextended sp=0x0000000308601fe0, fp=0x00000007c001cf10, real_fp=0x0000000308602090, pc=0x0000000112cf3e4c)
     nmethod   8176  149             java.util.HashMap::putVal (300 bytes)

     Virtual frames (innermost first):
        0 - frame( sp=0x0000000308601fe0, unextended_sp=0x0000000308601fe0, fp=0x00000007c001cf10, pc=0x0000000112cf3e4c)
java.util.HashMap.putVal(HashMap.java:643) - invokevirtual @ bci 152 
     Created vframeArray 0x00007fc90108c420
DEOPT UNPACKING thread 0x00007fc901010000 vframeArray 0x00007fc90108c420 mode 2
     {method} {0x000000010f7c3a98} &apos;putVal&apos; &apos;(ILjava/lang/Object;Ljava/lang/Object;ZZ)Ljava/lang/Object;&apos; in &apos;java/util/HashMap&apos; - invokevirtual @ bci 152 sp = 0x0000000308601fa8
<uncommon_trap thread='9731' reason='class_check' action='maybe_recompile' compile_id='149' compiler='C2' count='3' state='class_check' stamp='8.187'>
Uncommon trap occurred in java.util.HashMap::putVal (@0x0000000112cf3e4c) thread=9731 reason=class_check action=maybe_recompile unloaded_class_index=-1
<jvms bci='152' method='java/util/HashMap putVal (ILjava/lang/Object;Ljava/lang/Object;ZZ)Ljava/lang/Object;' bytes='300' count='2' backedge_count='1' iicount='14' class_check_traps='3'/>
</uncommon_trap>
DEOPT PACKING thread 0x00007fc901010000 Compiled frame (sp=0x0000000308601fe0 unextended sp=0x0000000308601fe0, fp=0x00000007c001cf10, real_fp=0x0000000308602090, pc=0x0000000112cf3e4c)
     nmethod   8186  149             java.util.HashMap::putVal (300 bytes)

     Virtual frames (innermost first):
        0 - frame( sp=0x0000000308601fe0, unextended_sp=0x0000000308601fe0, fp=0x00000007c001cf10, pc=0x0000000112cf3e4c)
java.util.HashMap.putVal(HashMap.java:643) - invokevirtual @ bci 152 
     Created vframeArray 0x00007fc901099620
DEOPT UNPACKING thread 0x00007fc901010000 vframeArray 0x00007fc901099620 mode 2
     {method} {0x000000010f7c3a98} &apos;putVal&apos; &apos;(ILjava/lang/Object;Ljava/lang/Object;ZZ)Ljava/lang/Object;&apos; in &apos;java/util/HashMap&apos; - invokevirtual @ bci 152 sp = 0x0000000308601fa8
<uncommon_trap thread='9731' reason='class_check' action='maybe_recompile' compile_id='1273' compiler='C2' stamp='8.790'>
Uncommon trap occurred in java.io.DataOutputStream::writeShort (@0x0000000112f28f08) thread=9731 reason=class_check action=maybe_recompile unloaded_class_index=-1
<jvms bci='12' method='java/io/DataOutputStream writeShort (I)V' bytes='35' count='5' backedge_count='1' iicount='10'/>
</uncommon_trap>
DEOPT PACKING thread 0x00007fc901010000 Compiled frame (sp=0x00000003086020e0 unextended sp=0x00000003086020e0, fp=0x00000000000000c0, real_fp=0x0000000308602110, pc=0x0000000112f28f08)
     nmethod   8789 1273             java.io.DataOutputStream::writeShort (35 bytes)

     Virtual frames (innermost first):
        0 - frame( sp=0x00000003086020e0, unextended_sp=0x00000003086020e0, fp=0x00000000000000c0, pc=0x0000000112f28f08)
java.io.DataOutputStream.writeShort(DataOutputStream.java:167) - invokevirtual @ bci 12 
     Created vframeArray 0x00007fc8b1008220
DEOPT UNPACKING thread 0x00007fc901010000 vframeArray 0x00007fc8b1008220 mode 2
     {method} {0x000000010fc00fc8} &apos;writeShort&apos; &apos;(I)V&apos; in &apos;java/io/DataOutputStream&apos; - invokevirtual @ bci 12 sp = 0x00000003086020b0
<uncommon_trap thread='9731' reason='class_check' action='maybe_recompile' compile_id='1265' compiler='C2' stamp='8.791'>
Uncommon trap occurred in java.io.DataOutputStream::writeByte (@0x0000000112f25188) thread=9731 reason=class_check action=maybe_recompile unloaded_class_index=-1
<jvms bci='5' method='java/io/DataOutputStream writeByte (I)V' bytes='14' count='5' backedge_count='1' iicount='10'/>
</uncommon_trap>
DEOPT PACKING thread 0x00007fc901010000 Compiled frame (sp=0x0000000308602080 unextended sp=0x0000000308602080, fp=0x0000000795966218, real_fp=0x00000003086020b0, pc=0x0000000112f25188)
     nmethod   8790 1265             java.io.DataOutputStream::writeByte (14 bytes)

     Virtual frames (innermost first):
        0 - frame( sp=0x0000000308602080, unextended_sp=0x0000000308602080, fp=0x0000000795966218, pc=0x0000000112f25188)
java.io.DataOutputStream.writeByte(DataOutputStream.java:153) - invokevirtual @ bci 5 
     Created vframeArray 0x00007fc90284d620
DEOPT UNPACKING thread 0x00007fc901010000 vframeArray 0x00007fc90284d620 mode 2
     {method} {0x000000010fc00ee0} &apos;writeByte&apos; &apos;(I)V&apos; in &apos;java/io/DataOutputStream&apos; - invokevirtual @ bci 5 sp = 0x0000000308602050
<uncommon_trap thread='9731' reason='class_check' action='maybe_recompile' compile_id='1265' compiler='C2' count='1' state='class_check' stamp='8.791'>
Uncommon trap occurred in java.io.DataOutputStream::writeByte (@0x0000000112f25188) thread=9731 reason=class_check action=maybe_recompile unloaded_class_index=-1
<jvms bci='5' method='java/io/DataOutputStream writeByte (I)V' bytes='14' count='5' backedge_count='1' iicount='10' class_check_traps='1'/>
</uncommon_trap>
DEOPT PACKING thread 0x00007fc901010000 Compiled frame (sp=0x0000000308602080 unextended sp=0x0000000308602080, fp=0x0000000795966218, real_fp=0x00000003086020b0, pc=0x0000000112f25188)
     nmethod   8791 1265             java.io.DataOutputStream::writeByte (14 bytes)

     Virtual frames (innermost first):
        0 - frame( sp=0x0000000308602080, unextended_sp=0x0000000308602080, fp=0x0000000795966218, pc=0x0000000112f25188)
java.io.DataOutputStream.writeByte(DataOutputStream.java:153) - invokevirtual @ bci 5 
     Created vframeArray 0x00007fc901099620
DEOPT UNPACKING thread 0x00007fc901010000 vframeArray 0x00007fc901099620 mode 2
     {method} {0x000000010fc00ee0} &apos;writeByte&apos; &apos;(I)V&apos; in &apos;java/io/DataOutputStream&apos; - invokevirtual @ bci 5 sp = 0x0000000308602050
<uncommon_trap thread='9731' reason='class_check' action='maybe_recompile' compile_id='1265' compiler='C2' count='2' state='class_check' stamp='8.842'>
Uncommon trap occurred in java.io.DataOutputStream::writeByte (@0x0000000112f25188) thread=9731 reason=class_check action=maybe_recompile unloaded_class_index=-1
<jvms bci='5' method='java/io/DataOutputStream writeByte (I)V' bytes='14' count='5' backedge_count='1' iicount='10' class_check_traps='2'/>
</uncommon_trap>
DEOPT PACKING thread 0x00007fc901010000 Compiled frame (sp=0x0000000308602080 unextended sp=0x0000000308602080, fp=0x0000000795966218, real_fp=0x00000003086020b0, pc=0x0000000112f25188)
     nmethod   8842 1265             java.io.DataOutputStream::writeByte (14 bytes)

     Virtual frames (innermost first):
        0 - frame( sp=0x0000000308602080, unextended_sp=0x0000000308602080, fp=0x0000000795966218, pc=0x0000000112f25188)
java.io.DataOutputStream.writeByte(DataOutputStream.java:153) - invokevirtual @ bci 5 
     Created vframeArray 0x00007fc90108c420
DEOPT UNPACKING thread 0x00007fc901010000 vframeArray 0x00007fc90108c420 mode 2
     {method} {0x000000010fc00ee0} &apos;writeByte&apos; &apos;(I)V&apos; in &apos;java/io/DataOutputStream&apos; - invokevirtual @ bci 5 sp = 0x0000000308602050
<uncommon_trap thread='9731' reason='class_check' action='maybe_recompile' compile_id='1265' compiler='C2' count='3' state='class_check' stamp='8.843'>
Uncommon trap occurred in java.io.DataOutputStream::writeByte (@0x0000000112f25188) thread=9731 reason=class_check action=maybe_recompile unloaded_class_index=-1
<jvms bci='5' method='java/io/DataOutputStream writeByte (I)V' bytes='14' count='5' backedge_count='1' iicount='10' class_check_traps='3'/>
</uncommon_trap>
DEOPT PACKING thread 0x00007fc901010000 Compiled frame (sp=0x0000000308602080 unextended sp=0x0000000308602080, fp=0x0000000795966218, real_fp=0x00000003086020b0, pc=0x0000000112f25188)
     nmethod   8843 1265             java.io.DataOutputStream::writeByte (14 bytes)

     Virtual frames (innermost first):
        0 - frame( sp=0x0000000308602080, unextended_sp=0x0000000308602080, fp=0x0000000795966218, pc=0x0000000112f25188)
java.io.DataOutputStream.writeByte(DataOutputStream.java:153) - invokevirtual @ bci 5 
     Created vframeArray 0x00007fc902074020
DEOPT UNPACKING thread 0x00007fc901010000 vframeArray 0x00007fc902074020 mode 2
     {method} {0x000000010fc00ee0} &apos;writeByte&apos; &apos;(I)V&apos; in &apos;java/io/DataOutputStream&apos; - invokevirtual @ bci 5 sp = 0x0000000308602050
<uncommon_trap thread='9731' reason='class_check' action='maybe_recompile' compile_id='1273' compiler='C2' count='1' state='class_check' stamp='8.854'>
Uncommon trap occurred in java.io.DataOutputStream::writeShort (@0x0000000112f28f08) thread=9731 reason=class_check action=maybe_recompile unloaded_class_index=-1
<jvms bci='12' method='java/io/DataOutputStream writeShort (I)V' bytes='35' count='5' backedge_count='1' iicount='10' class_check_traps='1'/>
</uncommon_trap>
DEOPT PACKING thread 0x00007fc901010000 Compiled frame (sp=0x0000000308602080 unextended sp=0x0000000308602080, fp=0x0000000000000005, real_fp=0x00000003086020b0, pc=0x0000000112f28f08)
     nmethod   8854 1273             java.io.DataOutputStream::writeShort (35 bytes)

     Virtual frames (innermost first):
        0 - frame( sp=0x0000000308602080, unextended_sp=0x0000000308602080, fp=0x0000000000000005, pc=0x0000000112f28f08)
java.io.DataOutputStream.writeShort(DataOutputStream.java:167) - invokevirtual @ bci 12 
     Created vframeArray 0x00007fc90307ec20
DEOPT UNPACKING thread 0x00007fc901010000 vframeArray 0x00007fc90307ec20 mode 2
     {method} {0x000000010fc00fc8} &apos;writeShort&apos; &apos;(I)V&apos; in &apos;java/io/DataOutputStream&apos; - invokevirtual @ bci 12 sp = 0x0000000308602050
<uncommon_trap thread='9731' reason='class_check' action='maybe_recompile' compile_id='1273' compiler='C2' count='2' state='class_check' stamp='8.858'>
Uncommon trap occurred in java.io.DataOutputStream::writeShort (@0x0000000112f28f08) thread=9731 reason=class_check action=maybe_recompile unloaded_class_index=-1
<jvms bci='12' method='java/io/DataOutputStream writeShort (I)V' bytes='35' count='5' backedge_count='1' iicount='10' class_check_traps='2'/>
</uncommon_trap>
DEOPT PACKING thread 0x00007fc901010000 Compiled frame (sp=0x0000000308602080 unextended sp=0x0000000308602080, fp=0x0000000000000001, real_fp=0x00000003086020b0, pc=0x0000000112f28f08)
     nmethod   8858 1273             java.io.DataOutputStream::writeShort (35 bytes)

     Virtual frames (innermost first):
        0 - frame( sp=0x0000000308602080, unextended_sp=0x0000000308602080, fp=0x0000000000000001, pc=0x0000000112f28f08)
java.io.DataOutputStream.writeShort(DataOutputStream.java:167) - invokevirtual @ bci 12 
     Created vframeArray 0x00007fc90307f420
DEOPT UNPACKING thread 0x00007fc901010000 vframeArray 0x00007fc90307f420 mode 2
     {method} {0x000000010fc00fc8} &apos;writeShort&apos; &apos;(I)V&apos; in &apos;java/io/DataOutputStream&apos; - invokevirtual @ bci 12 sp = 0x0000000308602050
<uncommon_trap thread='9731' reason='class_check' action='maybe_recompile' compile_id='1273' compiler='C2' count='3' state='class_check' stamp='8.859'>
Uncommon trap occurred in java.io.DataOutputStream::writeShort (@0x0000000112f28f08) thread=9731 reason=class_check action=maybe_recompile unloaded_class_index=-1
<jvms bci='12' method='java/io/DataOutputStream writeShort (I)V' bytes='35' count='5' backedge_count='1' iicount='10' class_check_traps='3'/>
</uncommon_trap>
DEOPT PACKING thread 0x00007fc901010000 Compiled frame (sp=0x0000000308602080 unextended sp=0x0000000308602080, fp=0x0000000000000002, real_fp=0x00000003086020b0, pc=0x0000000112f28f08)
     nmethod   8858 1273             java.io.DataOutputStream::writeShort (35 bytes)

     Virtual frames (innermost first):
        0 - frame( sp=0x0000000308602080, unextended_sp=0x0000000308602080, fp=0x0000000000000002, pc=0x0000000112f28f08)
java.io.DataOutputStream.writeShort(DataOutputStream.java:167) - invokevirtual @ bci 12 
     Created vframeArray 0x00007fc90284d620
DEOPT UNPACKING thread 0x00007fc901010000 vframeArray 0x00007fc90284d620 mode 2
     {method} {0x000000010fc00fc8} &apos;writeShort&apos; &apos;(I)V&apos; in &apos;java/io/DataOutputStream&apos; - invokevirtual @ bci 12 sp = 0x0000000308602050
<uncommon_trap thread='9731' reason='speculate_class_check' action='maybe_recompile' compile_id='1045' compiler='C2' stamp='9.088'>
Uncommon trap occurred in java.lang.invoke.MethodHandleImpl$IntrinsicMethodHandle::&lt;init&gt; (@0x0000000112ec4510) thread=9731 reason=speculate_class_check action=maybe_recompile unloaded_class_index=-1
<jvms bci='1' method='java/lang/invoke/DelegatingMethodHandle chooseDelegatingForm (Ljava/lang/invoke/MethodHandle;)Ljava/lang/invoke/LambdaForm;' bytes='24' count='5' backedge_count='1' iicount='10'/>
<jvms bci='3' method='java/lang/invoke/DelegatingMethodHandle &lt;init&gt; (Ljava/lang/invoke/MethodType;Ljava/lang/invoke/MethodHandle;)V' bytes='10' count='5' backedge_count='1' iicount='10'/>
<jvms bci='6' method='java/lang/invoke/MethodHandleImpl$IntrinsicMethodHandle &lt;init&gt; (Ljava/lang/invoke/MethodHandle;Ljava/lang/invoke/MethodHandleImpl$Intrinsic;)V' bytes='20' count='5' backedge_count='1' iicount='10'/>
</uncommon_trap>
DEOPT PACKING thread 0x00007fc901010000 Compiled frame (sp=0x0000000308600780 unextended sp=0x0000000308600780, fp=0x000000079598e868, real_fp=0x00000003086007e0, pc=0x0000000112ec4510)
     nmethod   9088 1045             java.lang.invoke.MethodHandleImpl$IntrinsicMethodHandle::&lt;init&gt; (20 bytes)

     Virtual frames (innermost first):
        0 - frame( sp=0x0000000308600780, unextended_sp=0x0000000308600780, fp=0x000000079598e868, pc=0x0000000112ec4510)
java.lang.invoke.DelegatingMethodHandle.chooseDelegatingForm(DelegatingMethodHandle.java:90) - instanceof @ bci 1 
        1 - frame( sp=0x0000000308600780, unextended_sp=0x0000000308600780, fp=0x000000079598e868, pc=0x0000000112ec4510)
java.lang.invoke.DelegatingMethodHandle.&lt;init&gt;(DelegatingMethodHandle.java:44) - invokestatic @ bci 3 
        2 - frame( sp=0x0000000308600780, unextended_sp=0x0000000308600780, fp=0x000000079598e868, pc=0x0000000112ec4510)
java.lang.invoke.MethodHandleImpl$IntrinsicMethodHandle.&lt;init&gt;(MethodHandleImpl.java:1331) - invokespecial @ bci 6 
     Created vframeArray 0x00007fc902074e20
DEOPT UNPACKING thread 0x00007fc901010000 vframeArray 0x00007fc902074e20 mode 2
     {method} {0x000000010fb32670} &apos;&lt;init&gt;&apos; &apos;(Ljava/lang/invoke/MethodHandle;Ljava/lang/invoke/MethodHandleImpl$Intrinsic;)V&apos; in &apos;java/lang/invoke/MethodHandleImpl$IntrinsicMethodHandle&apos; - invokespecial @ bci 6 sp = 0x0000000308600778
     {method} {0x000000010fb2d278} &apos;&lt;init&gt;&apos; &apos;(Ljava/lang/invoke/MethodType;Ljava/lang/invoke/MethodHandle;)V&apos; in &apos;java/lang/invoke/DelegatingMethodHandle&apos; - invokestatic @ bci 3 sp = 0x0000000308600710
     {method} {0x000000010fb2d9c0} &apos;chooseDelegatingForm&apos; &apos;(Ljava/lang/invoke/MethodHandle;)Ljava/lang/invoke/LambdaForm;&apos; in &apos;java/lang/invoke/DelegatingMethodHandle&apos; - instanceof @ bci 1 sp = 0x00000003086006b8
<uncommon_trap thread='9731' reason='speculate_class_check' action='maybe_recompile' compile_id='1045' compiler='C2' count='1' stamp='9.089'>
Uncommon trap occurred in java.lang.invoke.MethodHandleImpl$IntrinsicMethodHandle::&lt;init&gt; (@0x0000000112ec4510) thread=9731 reason=speculate_class_check action=maybe_recompile unloaded_class_index=-1
<jvms bci='1' method='java/lang/invoke/DelegatingMethodHandle chooseDelegatingForm (Ljava/lang/invoke/MethodHandle;)Ljava/lang/invoke/LambdaForm;' bytes='24' count='5' backedge_count='1' iicount='10' speculate_class_check_traps='1'/>
<jvms bci='3' method='java/lang/invoke/DelegatingMethodHandle &lt;init&gt; (Ljava/lang/invoke/MethodType;Ljava/lang/invoke/MethodHandle;)V' bytes='10' count='5' backedge_count='1' iicount='10'/>
<jvms bci='6' method='java/lang/invoke/MethodHandleImpl$IntrinsicMethodHandle &lt;init&gt; (Ljava/lang/invoke/MethodHandle;Ljava/lang/invoke/MethodHandleImpl$Intrinsic;)V' bytes='20' count='5' backedge_count='1' iicount='10'/>
</uncommon_trap>
DEOPT PACKING thread 0x00007fc901010000 Compiled frame (sp=0x0000000308600790 unextended sp=0x0000000308600790, fp=0x000000079598e9d8, real_fp=0x00000003086007f0, pc=0x0000000112ec4510)
     nmethod   9089 1045             java.lang.invoke.MethodHandleImpl$IntrinsicMethodHandle::&lt;init&gt; (20 bytes)

     Virtual frames (innermost first):
        0 - frame( sp=0x0000000308600790, unextended_sp=0x0000000308600790, fp=0x000000079598e9d8, pc=0x0000000112ec4510)
java.lang.invoke.DelegatingMethodHandle.chooseDelegatingForm(DelegatingMethodHandle.java:90) - instanceof @ bci 1 
        1 - frame( sp=0x0000000308600790, unextended_sp=0x0000000308600790, fp=0x000000079598e9d8, pc=0x0000000112ec4510)
java.lang.invoke.DelegatingMethodHandle.&lt;init&gt;(DelegatingMethodHandle.java:44) - invokestatic @ bci 3 
        2 - frame( sp=0x0000000308600790, unextended_sp=0x0000000308600790, fp=0x000000079598e9d8, pc=0x0000000112ec4510)
java.lang.invoke.MethodHandleImpl$IntrinsicMethodHandle.&lt;init&gt;(MethodHandleImpl.java:1331) - invokespecial @ bci 6 
     Created vframeArray 0x00007fc90307fc20
DEOPT UNPACKING thread 0x00007fc901010000 vframeArray 0x00007fc90307fc20 mode 2
     {method} {0x000000010fb32670} &apos;&lt;init&gt;&apos; &apos;(Ljava/lang/invoke/MethodHandle;Ljava/lang/invoke/MethodHandleImpl$Intrinsic;)V&apos; in &apos;java/lang/invoke/MethodHandleImpl$IntrinsicMethodHandle&apos; - invokespecial @ bci 6 sp = 0x0000000308600788
     {method} {0x000000010fb2d278} &apos;&lt;init&gt;&apos; &apos;(Ljava/lang/invoke/MethodType;Ljava/lang/invoke/MethodHandle;)V&apos; in &apos;java/lang/invoke/DelegatingMethodHandle&apos; - invokestatic @ bci 3 sp = 0x0000000308600720
     {method} {0x000000010fb2d9c0} &apos;chooseDelegatingForm&apos; &apos;(Ljava/lang/invoke/MethodHandle;)Ljava/lang/invoke/LambdaForm;&apos; in &apos;java/lang/invoke/DelegatingMethodHandle&apos; - instanceof @ bci 1 sp = 0x00000003086006c8
<uncommon_trap thread='9731' reason='speculate_class_check' action='maybe_recompile' compile_id='1045' compiler='C2' count='2' stamp='9.381'>
Uncommon trap occurred in java.lang.invoke.MethodHandleImpl$IntrinsicMethodHandle::&lt;init&gt; (@0x0000000112ec4510) thread=9731 reason=speculate_class_check action=maybe_recompile unloaded_class_index=-1
<jvms bci='1' method='java/lang/invoke/DelegatingMethodHandle chooseDelegatingForm (Ljava/lang/invoke/MethodHandle;)Ljava/lang/invoke/LambdaForm;' bytes='24' count='5' backedge_count='1' iicount='10' speculate_class_check_traps='2'/>
<jvms bci='3' method='java/lang/invoke/DelegatingMethodHandle &lt;init&gt; (Ljava/lang/invoke/MethodType;Ljava/lang/invoke/MethodHandle;)V' bytes='10' count='5' backedge_count='1' iicount='10'/>
<jvms bci='6' method='java/lang/invoke/MethodHandleImpl$IntrinsicMethodHandle &lt;init&gt; (Ljava/lang/invoke/MethodHandle;Ljava/lang/invoke/MethodHandleImpl$Intrinsic;)V' bytes='20' count='5' backedge_count='1' iicount='10'/>
</uncommon_trap>
DEOPT PACKING thread 0x00007fc901010000 Compiled frame (sp=0x0000000308600790 unextended sp=0x0000000308600790, fp=0x0000000795999d90, real_fp=0x00000003086007f0, pc=0x0000000112ec4510)
     nmethod   9381 1045             java.lang.invoke.MethodHandleImpl$IntrinsicMethodHandle::&lt;init&gt; (20 bytes)

     Virtual frames (innermost first):
        0 - frame( sp=0x0000000308600790, unextended_sp=0x0000000308600790, fp=0x0000000795999d90, pc=0x0000000112ec4510)
java.lang.invoke.DelegatingMethodHandle.chooseDelegatingForm(DelegatingMethodHandle.java:90) - instanceof @ bci 1 
        1 - frame( sp=0x0000000308600790, unextended_sp=0x0000000308600790, fp=0x0000000795999d90, pc=0x0000000112ec4510)
java.lang.invoke.DelegatingMethodHandle.&lt;init&gt;(DelegatingMethodHandle.java:44) - invokestatic @ bci 3 
        2 - frame( sp=0x0000000308600790, unextended_sp=0x0000000308600790, fp=0x0000000795999d90, pc=0x0000000112ec4510)
java.lang.invoke.MethodHandleImpl$IntrinsicMethodHandle.&lt;init&gt;(MethodHandleImpl.java:1331) - invokespecial @ bci 6 
     Created vframeArray 0x00007fc902074e20
DEOPT UNPACKING thread 0x00007fc901010000 vframeArray 0x00007fc902074e20 mode 2
     {method} {0x000000010fb32670} &apos;&lt;init&gt;&apos; &apos;(Ljava/lang/invoke/MethodHandle;Ljava/lang/invoke/MethodHandleImpl$Intrinsic;)V&apos; in &apos;java/lang/invoke/MethodHandleImpl$IntrinsicMethodHandle&apos; - invokespecial @ bci 6 sp = 0x0000000308600788
     {method} {0x000000010fb2d278} &apos;&lt;init&gt;&apos; &apos;(Ljava/lang/invoke/MethodType;Ljava/lang/invoke/MethodHandle;)V&apos; in &apos;java/lang/invoke/DelegatingMethodHandle&apos; - invokestatic @ bci 3 sp = 0x0000000308600720
     {method} {0x000000010fb2d9c0} &apos;chooseDelegatingForm&apos; &apos;(Ljava/lang/invoke/MethodHandle;)Ljava/lang/invoke/LambdaForm;&apos; in &apos;java/lang/invoke/DelegatingMethodHandle&apos; - instanceof @ bci 1 sp = 0x00000003086006c8
<dependency_failed type='abstract_with_unique_concrete_subtype' ctxk='sun/reflect/generics/repository/GenericDeclRepository' x='sun/reflect/generics/repository/ClassRepository' witness='sun/reflect/generics/repository/ConstructorRepository' stamp='9.571'/>
<uncommon_trap thread='9731' reason='class_check' action='maybe_recompile' compile_id='1392' compiler='C2' stamp='9.698'>
Uncommon trap occurred in org.springframework.core.ResolvableType::forType (@0x0000000112f76664) thread=9731 reason=class_check action=maybe_recompile unloaded_class_index=-1
<jvms bci='23' method='org/springframework/core/ResolvableType calculateHashCode ()I' bytes='80' count='6' iicount='6'/>
<jvms bci='26' method='org/springframework/core/ResolvableType &lt;init&gt; (Ljava/lang/reflect/Type;Lorg/springframework/core/SerializableTypeWrapper$TypeProvider;Lorg/springframework/core/ResolvableType$VariableResolver;)V' bytes='41' count='4' iicount='4'/>
<jvms bci='56' method='org/springframework/core/ResolvableType forType (Ljava/lang/reflect/Type;Lorg/springframework/core/SerializableTypeWrapper$TypeProvider;Lorg/springframework/core/ResolvableType$VariableResolver;)Lorg/springframework/core/ResolvableType;' bytes='115' count='5' backedge_count='1' iicount='10'/>
</uncommon_trap>
DEOPT PACKING thread 0x00007fc901010000 Compiled frame (sp=0x00000003086025e0 unextended sp=0x00000003086025e0, fp=0x00000000d28cc1ec, real_fp=0x0000000308602690, pc=0x0000000112f76664)
     nmethod   9698 1392             org.springframework.core.ResolvableType::forType (115 bytes)

     Virtual frames (innermost first):
        0 - frame( sp=0x00000003086025e0, unextended_sp=0x00000003086025e0, fp=0x00000000d28cc1ec, pc=0x0000000112f76664)
org.springframework.core.ResolvableType.calculateHashCode(ResolvableType.java:958) - invokeinterface @ bci 23 
        1 - frame( sp=0x00000003086025e0, unextended_sp=0x00000003086025e0, fp=0x00000000d28cc1ec, pc=0x0000000112f76664)
org.springframework.core.ResolvableType.&lt;init&gt;(ResolvableType.java:151) - invokespecial @ bci 26 
        2 - frame( sp=0x00000003086025e0, unextended_sp=0x00000003086025e0, fp=0x00000000d28cc1ec, pc=0x0000000112f76664)
org.springframework.core.ResolvableType.forType(ResolvableType.java:1454) - invokespecial @ bci 56 
     Created vframeArray 0x00007fc90205d820
DEOPT UNPACKING thread 0x00007fc901010000 vframeArray 0x00007fc90205d820 mode 2
     {method} {0x000000010fad4548} &apos;forType&apos; &apos;(Ljava/lang/reflect/Type;Lorg/springframework/core/SerializableTypeWrapper$TypeProvider;Lorg/springframework/core/ResolvableType$VariableResolver;)Lorg/springframework/core/ResolvableType;&apos; in &apos;org/springframework/core/ResolvableType&apos; - invokespecial @ bci 56 sp = 0x0000000308602608
     {method} {0x000000010facf4d8} &apos;&lt;init&gt;&apos; &apos;(Ljava/lang/reflect/Type;Lorg/springframework/core/SerializableTypeWrapper$TypeProvider;Lorg/springframework/core/ResolvableType$VariableResolver;)V&apos; in &apos;org/springframework/core/ResolvableType&apos; - invokespecial @ bci 26 sp = 0x00000003086025a0
     {method} {0x000000010fad2658} &apos;calculateHashCode&apos; &apos;()I&apos; in &apos;org/springframework/core/ResolvableType&apos; - invokeinterface @ bci 23 sp = 0x0000000308602540
<uncommon_trap thread='9731' reason='class_check' action='maybe_recompile' compile_id='1392' compiler='C2' count='1' stamp='9.787'>
Uncommon trap occurred in org.springframework.core.ResolvableType::forType (@0x0000000112f76684) thread=9731 reason=class_check action=maybe_recompile unloaded_class_index=-1
<jvms bci='48' method='org/springframework/core/ResolvableType calculateHashCode ()I' bytes='80' count='6' iicount='6' class_check_traps='1'/>
<jvms bci='26' method='org/springframework/core/ResolvableType &lt;init&gt; (Ljava/lang/reflect/Type;Lorg/springframework/core/SerializableTypeWrapper$TypeProvider;Lorg/springframework/core/ResolvableType$VariableResolver;)V' bytes='41' count='4' iicount='4'/>
<jvms bci='56' method='org/springframework/core/ResolvableType forType (Ljava/lang/reflect/Type;Lorg/springframework/core/SerializableTypeWrapper$TypeProvider;Lorg/springframework/core/ResolvableType$VariableResolver;)Lorg/springframework/core/ResolvableType;' bytes='115' count='5' backedge_count='1' iicount='10'/>
</uncommon_trap>
DEOPT PACKING thread 0x00007fc901010000 Compiled frame (sp=0x0000000308602620 unextended sp=0x0000000308602620, fp=0x00000000a20ae06b, real_fp=0x00000003086026d0, pc=0x0000000112f76684)
     nmethod   9786 1392             org.springframework.core.ResolvableType::forType (115 bytes)

     Virtual frames (innermost first):
        0 - frame( sp=0x0000000308602620, unextended_sp=0x0000000308602620, fp=0x00000000a20ae06b, pc=0x0000000112f76684)
org.springframework.core.ResolvableType.calculateHashCode(ResolvableType.java:961) - invokeinterface @ bci 48 
        1 - frame( sp=0x0000000308602620, unextended_sp=0x0000000308602620, fp=0x00000000a20ae06b, pc=0x0000000112f76684)
org.springframework.core.ResolvableType.&lt;init&gt;(ResolvableType.java:151) - invokespecial @ bci 26 
        2 - frame( sp=0x0000000308602620, unextended_sp=0x0000000308602620, fp=0x00000000a20ae06b, pc=0x0000000112f76684)
org.springframework.core.ResolvableType.forType(ResolvableType.java:1454) - invokespecial @ bci 56 
     Created vframeArray 0x00007fc902856c20
DEOPT UNPACKING thread 0x00007fc901010000 vframeArray 0x00007fc902856c20 mode 2
     {method} {0x000000010fad4548} &apos;forType&apos; &apos;(Ljava/lang/reflect/Type;Lorg/springframework/core/SerializableTypeWrapper$TypeProvider;Lorg/springframework/core/ResolvableType$VariableResolver;)Lorg/springframework/core/ResolvableType;&apos; in &apos;org/springframework/core/ResolvableType&apos; - invokespecial @ bci 56 sp = 0x0000000308602648
     {method} {0x000000010facf4d8} &apos;&lt;init&gt;&apos; &apos;(Ljava/lang/reflect/Type;Lorg/springframework/core/SerializableTypeWrapper$TypeProvider;Lorg/springframework/core/ResolvableType$VariableResolver;)V&apos; in &apos;org/springframework/core/ResolvableType&apos; - invokespecial @ bci 26 sp = 0x00000003086025e0
     {method} {0x000000010fad2658} &apos;calculateHashCode&apos; &apos;()I&apos; in &apos;org/springframework/core/ResolvableType&apos; - invokeinterface @ bci 48 sp = 0x0000000308602580
<uncommon_trap thread='9731' reason='bimorphic' action='maybe_recompile' compile_id='1394' compiler='C2' stamp='9.811'>
Uncommon trap occurred in org.springframework.util.ConcurrentReferenceHashMap::getHash (@0x0000000112f6f94c) thread=9731 reason=bimorphic action=maybe_recompile unloaded_class_index=-1
<jvms bci='5' method='org/springframework/util/ConcurrentReferenceHashMap getHash (Ljava/lang/Object;)I' bytes='64' count='5' backedge_count='1' iicount='10'/>
</uncommon_trap>
DEOPT PACKING thread 0x00007fc901010000 Compiled frame (sp=0x0000000308602620 unextended sp=0x0000000308602620, fp=0x000000079569e628, real_fp=0x0000000308602650, pc=0x0000000112f6f94c)
     nmethod   9811 1394             org.springframework.util.ConcurrentReferenceHashMap::getHash (64 bytes)

     Virtual frames (innermost first):
        0 - frame( sp=0x0000000308602620, unextended_sp=0x0000000308602620, fp=0x000000079569e628, pc=0x0000000112f6f94c)
org.springframework.util.ConcurrentReferenceHashMap.getHash(ConcurrentReferenceHashMap.java:222) - invokevirtual @ bci 5 
     Created vframeArray 0x00007fc902857620
DEOPT UNPACKING thread 0x00007fc901010000 vframeArray 0x00007fc902857620 mode 2
     {method} {0x000000010fab7d68} &apos;getHash&apos; &apos;(Ljava/lang/Object;)I&apos; in &apos;org/springframework/util/ConcurrentReferenceHashMap&apos; - invokevirtual @ bci 5 sp = 0x00000003086025f0
<uncommon_trap thread='9731' reason='bimorphic' action='maybe_recompile' compile_id='1394' compiler='C2' count='1' state='#7' stamp='9.865'>
Uncommon trap occurred in org.springframework.util.ConcurrentReferenceHashMap::getHash (@0x0000000112f6f94c) thread=9731 reason=bimorphic action=maybe_recompile unloaded_class_index=-1
<jvms bci='5' method='org/springframework/util/ConcurrentReferenceHashMap getHash (Ljava/lang/Object;)I' bytes='64' count='5' backedge_count='1' iicount='10' bimorphic_traps='1'/>
</uncommon_trap>
DEOPT PACKING thread 0x00007fc901010000 Compiled frame (sp=0x0000000308602620 unextended sp=0x0000000308602620, fp=0x000000079569aad0, real_fp=0x0000000308602650, pc=0x0000000112f6f94c)
     nmethod   9864 1394             org.springframework.util.ConcurrentReferenceHashMap::getHash (64 bytes)

     Virtual frames (innermost first):
        0 - frame( sp=0x0000000308602620, unextended_sp=0x0000000308602620, fp=0x000000079569aad0, pc=0x0000000112f6f94c)
org.springframework.util.ConcurrentReferenceHashMap.getHash(ConcurrentReferenceHashMap.java:222) - invokevirtual @ bci 5 
     Created vframeArray 0x00007fc90284d620
DEOPT UNPACKING thread 0x00007fc901010000 vframeArray 0x00007fc90284d620 mode 2
     {method} {0x000000010fab7d68} &apos;getHash&apos; &apos;(Ljava/lang/Object;)I&apos; in &apos;org/springframework/util/ConcurrentReferenceHashMap&apos; - invokevirtual @ bci 5 sp = 0x00000003086025f0
<uncommon_trap thread='9731' reason='bimorphic' action='maybe_recompile' compile_id='1394' compiler='C2' count='2' state='#7' stamp='9.925'>
Uncommon trap occurred in org.springframework.util.ConcurrentReferenceHashMap::getHash (@0x0000000112f6f94c) thread=9731 reason=bimorphic action=maybe_recompile unloaded_class_index=-1
<jvms bci='5' method='org/springframework/util/ConcurrentReferenceHashMap getHash (Ljava/lang/Object;)I' bytes='64' count='5' backedge_count='1' iicount='10' bimorphic_traps='2'/>
</uncommon_trap>
DEOPT PACKING thread 0x00007fc901010000 Compiled frame (sp=0x00000003086026f0 unextended sp=0x00000003086026f0, fp=0x00000007958bdf98, real_fp=0x0000000308602720, pc=0x0000000112f6f94c)
     nmethod   9924 1394             org.springframework.util.ConcurrentReferenceHashMap::getHash (64 bytes)

     Virtual frames (innermost first):
        0 - frame( sp=0x00000003086026f0, unextended_sp=0x00000003086026f0, fp=0x00000007958bdf98, pc=0x0000000112f6f94c)
org.springframework.util.ConcurrentReferenceHashMap.getHash(ConcurrentReferenceHashMap.java:222) - invokevirtual @ bci 5 
     Created vframeArray 0x00007fc90307fa20
DEOPT UNPACKING thread 0x00007fc901010000 vframeArray 0x00007fc90307fa20 mode 2
     {method} {0x000000010fab7d68} &apos;getHash&apos; &apos;(Ljava/lang/Object;)I&apos; in &apos;org/springframework/util/ConcurrentReferenceHashMap&apos; - invokevirtual @ bci 5 sp = 0x00000003086026b0
<uncommon_trap thread='9731' reason='bimorphic' action='maybe_recompile' compile_id='1394' compiler='C2' count='3' state='#7' stamp='9.958'>
Uncommon trap occurred in org.springframework.util.ConcurrentReferenceHashMap::getHash (@0x0000000112f6f94c) thread=9731 reason=bimorphic action=maybe_recompile unloaded_class_index=-1
<jvms bci='5' method='org/springframework/util/ConcurrentReferenceHashMap getHash (Ljava/lang/Object;)I' bytes='64' count='5' backedge_count='1' iicount='10' bimorphic_traps='3'/>
</uncommon_trap>
DEOPT PACKING thread 0x00007fc901010000 Compiled frame (sp=0x00000003086024f0 unextended sp=0x00000003086024f0, fp=0x00000007959bcdc8, real_fp=0x0000000308602520, pc=0x0000000112f6f94c)
     nmethod   9958 1394             org.springframework.util.ConcurrentReferenceHashMap::getHash (64 bytes)

     Virtual frames (innermost first):
        0 - frame( sp=0x00000003086024f0, unextended_sp=0x00000003086024f0, fp=0x00000007959bcdc8, pc=0x0000000112f6f94c)
org.springframework.util.ConcurrentReferenceHashMap.getHash(ConcurrentReferenceHashMap.java:222) - invokevirtual @ bci 5 
     Created vframeArray 0x00007fc903089220
DEOPT UNPACKING thread 0x00007fc901010000 vframeArray 0x00007fc903089220 mode 2
     {method} {0x000000010fab7d68} &apos;getHash&apos; &apos;(Ljava/lang/Object;)I&apos; in &apos;org/springframework/util/ConcurrentReferenceHashMap&apos; - invokevirtual @ bci 5 sp = 0x00000003086024b0
<uncommon_trap thread='9731' reason='class_check' action='maybe_recompile' compile_id='1272' compiler='C2' stamp='10.108'>
Uncommon trap occurred in sun.misc.ProxyGenerator$ConstantPool$IndirectEntry::equals (@0x0000000112f2bd6c) thread=9731 reason=class_check action=maybe_recompile unloaded_class_index=-1
<jvms bci='1' method='sun/misc/ProxyGenerator$ConstantPool$IndirectEntry equals (Ljava/lang/Object;)Z' bytes='49' count='5' backedge_count='1' iicount='10'/>
</uncommon_trap>
DEOPT PACKING thread 0x00007fc901010000 Compiled frame (sp=0x0000000308601ea0 unextended sp=0x0000000308601ea0, fp=0x00000007959c4658, real_fp=0x0000000308601ed0, pc=0x0000000112f2bd6c)
     nmethod  10108 1272             sun.misc.ProxyGenerator$ConstantPool$IndirectEntry::equals (49 bytes)

     Virtual frames (innermost first):
        0 - frame( sp=0x0000000308601ea0, unextended_sp=0x0000000308601ea0, fp=0x00000007959c4658, pc=0x0000000112f2bd6c)
sun.misc.ProxyGenerator$ConstantPool$IndirectEntry.equals(ProxyGenerator.java:2019) - instanceof @ bci 1 
     Created vframeArray 0x00007fc90284d620
DEOPT UNPACKING thread 0x00007fc901010000 vframeArray 0x00007fc90284d620 mode 2
     {method} {0x000000010fc02d20} &apos;equals&apos; &apos;(Ljava/lang/Object;)Z&apos; in &apos;sun/misc/ProxyGenerator$ConstantPool$IndirectEntry&apos; - instanceof @ bci 1 sp = 0x0000000308601e60
<uncommon_trap thread='9731' reason='class_check' action='maybe_recompile' compile_id='1272' compiler='C2' count='1' state='class_check' stamp='10.108'>
Uncommon trap occurred in sun.misc.ProxyGenerator$ConstantPool$IndirectEntry::equals (@0x0000000112f2bd6c) thread=9731 reason=class_check action=maybe_recompile unloaded_class_index=-1
<jvms bci='1' method='sun/misc/ProxyGenerator$ConstantPool$IndirectEntry equals (Ljava/lang/Object;)Z' bytes='49' count='5' backedge_count='1' iicount='10' class_check_traps='1'/>
</uncommon_trap>
DEOPT PACKING thread 0x00007fc901010000 Compiled frame (sp=0x0000000308601e90 unextended sp=0x0000000308601e90, fp=0x00000007959c4658, real_fp=0x0000000308601ec0, pc=0x0000000112f2bd6c)
     nmethod  10108 1272             sun.misc.ProxyGenerator$ConstantPool$IndirectEntry::equals (49 bytes)

     Virtual frames (innermost first):
        0 - frame( sp=0x0000000308601e90, unextended_sp=0x0000000308601e90, fp=0x00000007959c4658, pc=0x0000000112f2bd6c)
sun.misc.ProxyGenerator$ConstantPool$IndirectEntry.equals(ProxyGenerator.java:2019) - instanceof @ bci 1 
     Created vframeArray 0x00007fc902856c20
DEOPT UNPACKING thread 0x00007fc901010000 vframeArray 0x00007fc902856c20 mode 2
     {method} {0x000000010fc02d20} &apos;equals&apos; &apos;(Ljava/lang/Object;)Z&apos; in &apos;sun/misc/ProxyGenerator$ConstantPool$IndirectEntry&apos; - instanceof @ bci 1 sp = 0x0000000308601e50
<uncommon_trap thread='9731' reason='class_check' action='maybe_recompile' compile_id='1272' compiler='C2' count='2' state='class_check' stamp='10.177'>
Uncommon trap occurred in sun.misc.ProxyGenerator$ConstantPool$IndirectEntry::equals (@0x0000000112f2bd6c) thread=9731 reason=class_check action=maybe_recompile unloaded_class_index=-1
<jvms bci='1' method='sun/misc/ProxyGenerator$ConstantPool$IndirectEntry equals (Ljava/lang/Object;)Z' bytes='49' count='5' backedge_count='1' iicount='10' class_check_traps='2'/>
</uncommon_trap>
DEOPT PACKING thread 0x00007fc901010000 Compiled frame (sp=0x0000000308601e60 unextended sp=0x0000000308601e60, fp=0x00000007959c6768, real_fp=0x0000000308601e90, pc=0x0000000112f2bd6c)
     nmethod  10176 1272             sun.misc.ProxyGenerator$ConstantPool$IndirectEntry::equals (49 bytes)

     Virtual frames (innermost first):
        0 - frame( sp=0x0000000308601e60, unextended_sp=0x0000000308601e60, fp=0x00000007959c6768, pc=0x0000000112f2bd6c)
sun.misc.ProxyGenerator$ConstantPool$IndirectEntry.equals(ProxyGenerator.java:2019) - instanceof @ bci 1 
     Created vframeArray 0x00007fc90284d620
DEOPT UNPACKING thread 0x00007fc901010000 vframeArray 0x00007fc90284d620 mode 2
     {method} {0x000000010fc02d20} &apos;equals&apos; &apos;(Ljava/lang/Object;)Z&apos; in &apos;sun/misc/ProxyGenerator$ConstantPool$IndirectEntry&apos; - instanceof @ bci 1 sp = 0x0000000308601e20
<uncommon_trap thread='9731' reason='class_check' action='maybe_recompile' compile_id='1404' compiler='C2' stamp='10.248'>
Uncommon trap occurred in sun.reflect.generics.repository.GenericDeclRepository::getTypeParameters (@0x0000000112e959e8) thread=9731 reason=class_check action=maybe_recompile unloaded_class_index=-1
<jvms bci='16' method='sun/reflect/generics/repository/GenericDeclRepository getTypeParameters ()[Ljava/lang/reflect/TypeVariable;' bytes='80' count='5' backedge_count='5' iicount='7' decompiles='1'/>
</uncommon_trap>
DEOPT PACKING thread 0x00007fc901010000 Compiled frame (sp=0x00000003086020e0 unextended sp=0x00000003086020e0, fp=0x00000007959d08b8, real_fp=0x0000000308602140, pc=0x0000000112e959e8)
     nmethod  10248 1404             sun.reflect.generics.repository.GenericDeclRepository::getTypeParameters (80 bytes)

     Virtual frames (innermost first):
        0 - frame( sp=0x00000003086020e0, unextended_sp=0x00000003086020e0, fp=0x00000007959d08b8, pc=0x0000000112e959e8)
sun.reflect.generics.repository.GenericDeclRepository.getTypeParameters(GenericDeclRepository.java:71) - invokeinterface @ bci 16 
     Created vframeArray 0x00007fc90207a420
DEOPT UNPACKING thread 0x00007fc901010000 vframeArray 0x00007fc90207a420 mode 2
     {method} {0x000000010f7eb788} &apos;getTypeParameters&apos; &apos;()[Ljava/lang/reflect/TypeVariable;&apos; in &apos;sun/reflect/generics/repository/GenericDeclRepository&apos; - invokeinterface @ bci 16 sp = 0x00000003086020c8
<uncommon_trap thread='9731' reason='class_check' action='maybe_recompile' compile_id='1392' compiler='C2' count='2' state='class_check' stamp='10.261'>
Uncommon trap occurred in org.springframework.core.ResolvableType::forType (@0x0000000112f76664) thread=9731 reason=class_check action=maybe_recompile unloaded_class_index=-1
<jvms bci='23' method='org/springframework/core/ResolvableType calculateHashCode ()I' bytes='80' count='5' backedge_count='1' iicount='10' class_check_traps='2'/>
<jvms bci='26' method='org/springframework/core/ResolvableType &lt;init&gt; (Ljava/lang/reflect/Type;Lorg/springframework/core/SerializableTypeWrapper$TypeProvider;Lorg/springframework/core/ResolvableType$VariableResolver;)V' bytes='41' count='4' iicount='4'/>
<jvms bci='56' method='org/springframework/core/ResolvableType forType (Ljava/lang/reflect/Type;Lorg/springframework/core/SerializableTypeWrapper$TypeProvider;Lorg/springframework/core/ResolvableType$VariableResolver;)Lorg/springframework/core/ResolvableType;' bytes='115' count='5' backedge_count='1' iicount='10'/>
</uncommon_trap>
DEOPT PACKING thread 0x00007fc901010000 Compiled frame (sp=0x00000003086025c0 unextended sp=0x00000003086025c0, fp=0x000000006218ce3f, real_fp=0x0000000308602670, pc=0x0000000112f76664)
     nmethod  10261 1392             org.springframework.core.ResolvableType::forType (115 bytes)

     Virtual frames (innermost first):
        0 - frame( sp=0x00000003086025c0, unextended_sp=0x00000003086025c0, fp=0x000000006218ce3f, pc=0x0000000112f76664)
org.springframework.core.ResolvableType.calculateHashCode(ResolvableType.java:958) - invokeinterface @ bci 23 
        1 - frame( sp=0x00000003086025c0, unextended_sp=0x00000003086025c0, fp=0x000000006218ce3f, pc=0x0000000112f76664)
org.springframework.core.ResolvableType.&lt;init&gt;(ResolvableType.java:151) - invokespecial @ bci 26 
        2 - frame( sp=0x00000003086025c0, unextended_sp=0x00000003086025c0, fp=0x000000006218ce3f, pc=0x0000000112f76664)
org.springframework.core.ResolvableType.forType(ResolvableType.java:1454) - invokespecial @ bci 56 
     Created vframeArray 0x00007fc902064c20
DEOPT UNPACKING thread 0x00007fc901010000 vframeArray 0x00007fc902064c20 mode 2
     {method} {0x000000010fad4548} &apos;forType&apos; &apos;(Ljava/lang/reflect/Type;Lorg/springframework/core/SerializableTypeWrapper$TypeProvider;Lorg/springframework/core/ResolvableType$VariableResolver;)Lorg/springframework/core/ResolvableType;&apos; in &apos;org/springframework/core/ResolvableType&apos; - invokespecial @ bci 56 sp = 0x00000003086025e8
     {method} {0x000000010facf4d8} &apos;&lt;init&gt;&apos; &apos;(Ljava/lang/reflect/Type;Lorg/springframework/core/SerializableTypeWrapper$TypeProvider;Lorg/springframework/core/ResolvableType$VariableResolver;)V&apos; in &apos;org/springframework/core/ResolvableType&apos; - invokespecial @ bci 26 sp = 0x0000000308602580
     {method} {0x000000010fad2658} &apos;calculateHashCode&apos; &apos;()I&apos; in &apos;org/springframework/core/ResolvableType&apos; - invokeinterface @ bci 23 sp = 0x0000000308602520
<uncommon_trap thread='9731' reason='class_check' action='maybe_recompile' compile_id='1392' compiler='C2' count='3' state='class_check' stamp='10.296'>
Uncommon trap occurred in org.springframework.core.ResolvableType::forType (@0x0000000112f76684) thread=9731 reason=class_check action=maybe_recompile unloaded_class_index=-1
<jvms bci='48' method='org/springframework/core/ResolvableType calculateHashCode ()I' bytes='80' count='5' backedge_count='1' iicount='10' class_check_traps='3'/>
<jvms bci='26' method='org/springframework/core/ResolvableType &lt;init&gt; (Ljava/lang/reflect/Type;Lorg/springframework/core/SerializableTypeWrapper$TypeProvider;Lorg/springframework/core/ResolvableType$VariableResolver;)V' bytes='41' count='4' iicount='4'/>
<jvms bci='56' method='org/springframework/core/ResolvableType forType (Ljava/lang/reflect/Type;Lorg/springframework/core/SerializableTypeWrapper$TypeProvider;Lorg/springframework/core/ResolvableType$VariableResolver;)Lorg/springframework/core/ResolvableType;' bytes='115' count='5' backedge_count='1' iicount='10'/>
</uncommon_trap>
DEOPT PACKING thread 0x00007fc901010000 Compiled frame (sp=0x0000000308602640 unextended sp=0x0000000308602640, fp=0x00000000a20ae06b, real_fp=0x00000003086026f0, pc=0x0000000112f76684)
     nmethod  10295 1392             org.springframework.core.ResolvableType::forType (115 bytes)

     Virtual frames (innermost first):
        0 - frame( sp=0x0000000308602640, unextended_sp=0x0000000308602640, fp=0x00000000a20ae06b, pc=0x0000000112f76684)
org.springframework.core.ResolvableType.calculateHashCode(ResolvableType.java:961) - invokeinterface @ bci 48 
        1 - frame( sp=0x0000000308602640, unextended_sp=0x0000000308602640, fp=0x00000000a20ae06b, pc=0x0000000112f76684)
org.springframework.core.ResolvableType.&lt;init&gt;(ResolvableType.java:151) - invokespecial @ bci 26 
        2 - frame( sp=0x0000000308602640, unextended_sp=0x0000000308602640, fp=0x00000000a20ae06b, pc=0x0000000112f76684)
org.springframework.core.ResolvableType.forType(ResolvableType.java:1454) - invokespecial @ bci 56 
     Created vframeArray 0x00007fc902074e20
DEOPT UNPACKING thread 0x00007fc901010000 vframeArray 0x00007fc902074e20 mode 2
     {method} {0x000000010fad4548} &apos;forType&apos; &apos;(Ljava/lang/reflect/Type;Lorg/springframework/core/SerializableTypeWrapper$TypeProvider;Lorg/springframework/core/ResolvableType$VariableResolver;)Lorg/springframework/core/ResolvableType;&apos; in &apos;org/springframework/core/ResolvableType&apos; - invokespecial @ bci 56 sp = 0x0000000308602650
     {method} {0x000000010facf4d8} &apos;&lt;init&gt;&apos; &apos;(Ljava/lang/reflect/Type;Lorg/springframework/core/SerializableTypeWrapper$TypeProvider;Lorg/springframework/core/ResolvableType$VariableResolver;)V&apos; in &apos;org/springframework/core/ResolvableType&apos; - invokespecial @ bci 26 sp = 0x00000003086025e8
     {method} {0x000000010fad2658} &apos;calculateHashCode&apos; &apos;()I&apos; in &apos;org/springframework/core/ResolvableType&apos; - invokeinterface @ bci 48 sp = 0x0000000308602588
<uncommon_trap thread='9731' reason='class_check' action='maybe_recompile' compile_id='1489' compiler='C2' stamp='10.297'>
Uncommon trap occurred in org.springframework.util.ObjectUtils::nullSafeEquals (@0x0000000112f871bc) thread=9731 reason=class_check action=maybe_recompile unloaded_class_index=-1
<jvms bci='19' method='org/springframework/util/ObjectUtils nullSafeEquals (Ljava/lang/Object;Ljava/lang/Object;)Z' bytes='55' count='6' backedge_count='1' iicount='11'/>
</uncommon_trap>
DEOPT PACKING thread 0x00007fc901010000 Compiled frame (sp=0x00000003086024a0 unextended sp=0x00000003086024a0, fp=0x00000000f801200c, real_fp=0x00000003086024e0, pc=0x0000000112f871bc)
     nmethod  10297 1489             org.springframework.util.ObjectUtils::nullSafeEquals (55 bytes)

     Virtual frames (innermost first):
        0 - frame( sp=0x00000003086024a0, unextended_sp=0x00000003086024a0, fp=0x00000000f801200c, pc=0x0000000112f871bc)
org.springframework.util.ObjectUtils.nullSafeEquals(ObjectUtils.java:341) - invokevirtual @ bci 19 
     Created vframeArray 0x00007fc90284d620
DEOPT UNPACKING thread 0x00007fc901010000 vframeArray 0x00007fc90284d620 mode 2
     {method} {0x000000010fada4d8} &apos;nullSafeEquals&apos; &apos;(Ljava/lang/Object;Ljava/lang/Object;)Z&apos; in &apos;org/springframework/util/ObjectUtils&apos; - invokevirtual @ bci 19 sp = 0x0000000308602480
<uncommon_trap thread='9731' reason='class_check' action='maybe_recompile' compile_id='1489' compiler='C2' count='1' state='class_check' stamp='10.297'>
Uncommon trap occurred in org.springframework.util.ObjectUtils::nullSafeEquals (@0x0000000112f871bc) thread=9731 reason=class_check action=maybe_recompile unloaded_class_index=-1
<jvms bci='19' method='org/springframework/util/ObjectUtils nullSafeEquals (Ljava/lang/Object;Ljava/lang/Object;)Z' bytes='55' count='6' backedge_count='1' iicount='11' class_check_traps='1'/>
</uncommon_trap>
DEOPT PACKING thread 0x00007fc901010000 Compiled frame (sp=0x00000003086024a0 unextended sp=0x00000003086024a0, fp=0x00000000f800cf16, real_fp=0x00000003086024e0, pc=0x0000000112f871bc)
     nmethod  10297 1489             org.springframework.util.ObjectUtils::nullSafeEquals (55 bytes)

     Virtual frames (innermost first):
        0 - frame( sp=0x00000003086024a0, unextended_sp=0x00000003086024a0, fp=0x00000000f800cf16, pc=0x0000000112f871bc)
org.springframework.util.ObjectUtils.nullSafeEquals(ObjectUtils.java:341) - invokevirtual @ bci 19 
     Created vframeArray 0x00007fc901094220
DEOPT UNPACKING thread 0x00007fc901010000 vframeArray 0x00007fc901094220 mode 2
     {method} {0x000000010fada4d8} &apos;nullSafeEquals&apos; &apos;(Ljava/lang/Object;Ljava/lang/Object;)Z&apos; in &apos;org/springframework/util/ObjectUtils&apos; - invokevirtual @ bci 19 sp = 0x0000000308602480
<uncommon_trap thread='9731' reason='bimorphic' action='maybe_recompile' compile_id='1121' compiler='C2' state='class_check recompiled' stamp='10.298'>
Uncommon trap occurred in java.util.Arrays::equals (@0x0000000112d3809c) thread=9731 reason=bimorphic action=maybe_recompile unloaded_class_index=-1
<jvms bci='62' method='java/util/Arrays equals ([Ljava/lang/Object;[Ljava/lang/Object;)Z' bytes='78' count='4' backedge_count='12' iicount='4' decompiles='1' class_check_traps='4'/>
</uncommon_trap>
DEOPT PACKING thread 0x00007fc901010000 Compiled frame (sp=0x00000003086023d0 unextended sp=0x00000003086023d0, fp=0x0000000000000000, real_fp=0x0000000308602410, pc=0x0000000112d3809c)
     nmethod  10297 1121             java.util.Arrays::equals (78 bytes)

     Virtual frames (innermost first):
        0 - frame( sp=0x00000003086023d0, unextended_sp=0x00000003086023d0, fp=0x0000000000000000, pc=0x0000000112d3809c)
java.util.Arrays.equals(Arrays.java:2829) - invokevirtual @ bci 62 
     Created vframeArray 0x00007fc90284d620
DEOPT UNPACKING thread 0x00007fc901010000 vframeArray 0x00007fc90284d620 mode 2
     {method} {0x000000010f800c88} &apos;equals&apos; &apos;([Ljava/lang/Object;[Ljava/lang/Object;)Z&apos; in &apos;java/util/Arrays&apos; - invokevirtual @ bci 62 sp = 0x0000000308602390
<uncommon_trap thread='9731' reason='bimorphic' action='maybe_recompile' compile_id='1528' compiler='C2' stamp='10.365'>
Uncommon trap occurred in org.springframework.core.SerializableTypeWrapper$TypeProxyInvocationHandler::invoke (@0x0000000112fac958) thread=9731 reason=bimorphic action=maybe_recompile unloaded_class_index=-1
<jvms bci='165' method='org/springframework/core/SerializableTypeWrapper$TypeProxyInvocationHandler invoke (Ljava/lang/Object;Ljava/lang/reflect/Method;[Ljava/lang/Object;)Ljava/lang/Object;' bytes='324' count='5' backedge_count='2' iicount='10'/>
</uncommon_trap>
DEOPT PACKING thread 0x00007fc901010000 Compiled frame (sp=0x0000000308602380 unextended sp=0x0000000308602380, fp=0x00000000f2b3a336, real_fp=0x0000000308602400, pc=0x0000000112fac958)
     nmethod  10364 1528             org.springframework.core.SerializableTypeWrapper$TypeProxyInvocationHandler::invoke (324 bytes)

     Virtual frames (innermost first):
        0 - frame( sp=0x0000000308602380, unextended_sp=0x0000000308602380, fp=0x00000000f2b3a336, pc=0x0000000112fac958)
org.springframework.core.SerializableTypeWrapper$TypeProxyInvocationHandler.invoke(SerializableTypeWrapper.java:197) - invokeinterface @ bci 165 
     Created vframeArray 0x00007fc902856c20
DEOPT UNPACKING thread 0x00007fc901010000 vframeArray 0x00007fc902856c20 mode 2
     {method} {0x000000010fbd03c0} &apos;invoke&apos; &apos;(Ljava/lang/Object;Ljava/lang/reflect/Method;[Ljava/lang/Object;)Ljava/lang/Object;&apos; in &apos;org/springframework/core/SerializableTypeWrapper$TypeProxyInvocationHandler&apos; - invokeinterface @ bci 165 sp = 0x0000000308602390
<uncommon_trap thread='9731' reason='class_check' action='maybe_recompile' compile_id='1442' compiler='C2' stamp='10.367'>
Uncommon trap occurred in org.springframework.util.ConcurrentReferenceHashMap$Segment::findInChain (@0x0000000112e37c44) thread=9731 reason=class_check action=maybe_recompile unloaded_class_index=-1
<jvms bci='10' method='org/springframework/util/ConcurrentReferenceHashMap$Segment findInChain (Lorg/springframework/util/ConcurrentReferenceHashMap$Reference;Ljava/lang/Object;I)Lorg/springframework/util/ConcurrentReferenceHashMap$Reference;' bytes='66' count='5' backedge_count='1' iicount='10'/>
</uncommon_trap>
DEOPT PACKING thread 0x00007fc901010000 Compiled frame (sp=0x0000000308602630 unextended sp=0x0000000308602630, fp=0x00000007c0086830, real_fp=0x0000000308602670, pc=0x0000000112e37c44)
     nmethod  10367 1442             org.springframework.util.ConcurrentReferenceHashMap$Segment::findInChain (66 bytes)

     Virtual frames (innermost first):
        0 - frame( sp=0x0000000308602630, unextended_sp=0x0000000308602630, fp=0x00000007c0086830, pc=0x0000000112e37c44)
org.springframework.util.ConcurrentReferenceHashMap$Segment.findInChain(ConcurrentReferenceHashMap.java:644) - invokeinterface @ bci 10 
     Created vframeArray 0x00007fc902064c20
DEOPT UNPACKING thread 0x00007fc901010000 vframeArray 0x00007fc902064c20 mode 2
     {method} {0x000000010fac2ee8} &apos;findInChain&apos; &apos;(Lorg/springframework/util/ConcurrentReferenceHashMap$Reference;Ljava/lang/Object;I)Lorg/springframework/util/ConcurrentReferenceHashMap$Reference;&apos; in &apos;org/springframework/util/ConcurrentReferenceHashMap$Segment&apos; - invokeinterface @ bci 10 sp = 0x00000003086025e0
<uncommon_trap thread='9731' reason='speculate_class_check' action='maybe_recompile' compile_id='1464' compiler='C2' stamp='10.368'>
Uncommon trap occurred in org.springframework.util.ConcurrentReferenceHashMap$Segment::doTask (@0x0000000112f84060) thread=9731 reason=speculate_class_check action=maybe_recompile unloaded_class_index=-1
<jvms bci='126' method='org/springframework/util/ConcurrentReferenceHashMap$Segment doTask (ILjava/lang/Object;Lorg/springframework/util/ConcurrentReferenceHashMap$Task;)Ljava/lang/Object;' bytes='179' count='5' backedge_count='1' iicount='10'/>
</uncommon_trap>
DEOPT PACKING thread 0x00007fc901010000 Compiled frame (sp=0x0000000308602670 unextended sp=0x0000000308602670, fp=0x00000007956970b0, real_fp=0x00000003086026f0, pc=0x0000000112f84060)
     nmethod  10367 1464   !         org.springframework.util.ConcurrentReferenceHashMap$Segment::doTask (179 bytes)

     Virtual frames (innermost first):
        0 - frame( sp=0x0000000308602670, unextended_sp=0x0000000308602670, fp=0x00000007956970b0, pc=0x0000000112f84060)
org.springframework.util.ConcurrentReferenceHashMap$Segment.doTask(ConcurrentReferenceHashMap.java:537) - invokevirtual @ bci 126 
     Created vframeArray 0x00007fc903089220
DEOPT UNPACKING thread 0x00007fc901010000 vframeArray 0x00007fc903089220 mode 2
     {method} {0x000000010fac2768} &apos;doTask&apos; &apos;(ILjava/lang/Object;Lorg/springframework/util/ConcurrentReferenceHashMap$Task;)Ljava/lang/Object;&apos; in &apos;org/springframework/util/ConcurrentReferenceHashMap$Segment&apos; - invokevirtual @ bci 126 sp = 0x0000000308602620
<uncommon_trap thread='9731' reason='class_check' action='maybe_recompile' compile_id='1404' compiler='C2' count='1' state='class_check' stamp='10.527'>
Uncommon trap occurred in sun.reflect.generics.repository.GenericDeclRepository::getTypeParameters (@0x0000000112e959e8) thread=9731 reason=class_check action=maybe_recompile unloaded_class_index=-1
<jvms bci='16' method='sun/reflect/generics/repository/GenericDeclRepository getTypeParameters ()[Ljava/lang/reflect/TypeVariable;' bytes='80' count='5' backedge_count='5' iicount='7' decompiles='1' class_check_traps='1'/>
</uncommon_trap>
DEOPT PACKING thread 0x00007fc901010000 Compiled frame (sp=0x0000000308602200 unextended sp=0x0000000308602200, fp=0x00000007959d4288, real_fp=0x0000000308602260, pc=0x0000000112e959e8)
     nmethod  10526 1404             sun.reflect.generics.repository.GenericDeclRepository::getTypeParameters (80 bytes)

     Virtual frames (innermost first):
        0 - frame( sp=0x0000000308602200, unextended_sp=0x0000000308602200, fp=0x00000007959d4288, pc=0x0000000112e959e8)
sun.reflect.generics.repository.GenericDeclRepository.getTypeParameters(GenericDeclRepository.java:71) - invokeinterface @ bci 16 
     Created vframeArray 0x00007fc902064c20
DEOPT UNPACKING thread 0x00007fc901010000 vframeArray 0x00007fc902064c20 mode 2
     {method} {0x000000010f7eb788} &apos;getTypeParameters&apos; &apos;()[Ljava/lang/reflect/TypeVariable;&apos; in &apos;sun/reflect/generics/repository/GenericDeclRepository&apos; - invokeinterface @ bci 16 sp = 0x00000003086021e8
<uncommon_trap thread='9731' reason='class_check' action='maybe_recompile' compile_id='1489' compiler='C2' count='2' state='class_check' stamp='10.550'>
Uncommon trap occurred in org.springframework.util.ObjectUtils::nullSafeEquals (@0x0000000112f871bc) thread=9731 reason=class_check action=maybe_recompile unloaded_class_index=-1
<jvms bci='19' method='org/springframework/util/ObjectUtils nullSafeEquals (Ljava/lang/Object;Ljava/lang/Object;)Z' bytes='55' count='6' backedge_count='1' iicount='11' class_check_traps='2'/>
</uncommon_trap>
DEOPT PACKING thread 0x00007fc901010000 Compiled frame (sp=0x00000003086024d0 unextended sp=0x00000003086024d0, fp=0x00000000f801200c, real_fp=0x0000000308602510, pc=0x0000000112f871bc)
     nmethod  10549 1489             org.springframework.util.ObjectUtils::nullSafeEquals (55 bytes)

     Virtual frames (innermost first):
        0 - frame( sp=0x00000003086024d0, unextended_sp=0x00000003086024d0, fp=0x00000000f801200c, pc=0x0000000112f871bc)
org.springframework.util.ObjectUtils.nullSafeEquals(ObjectUtils.java:341) - invokevirtual @ bci 19 
     Created vframeArray 0x00007fc902074e20
DEOPT UNPACKING thread 0x00007fc901010000 vframeArray 0x00007fc902074e20 mode 2
     {method} {0x000000010fada4d8} &apos;nullSafeEquals&apos; &apos;(Ljava/lang/Object;Ljava/lang/Object;)Z&apos; in &apos;org/springframework/util/ObjectUtils&apos; - invokevirtual @ bci 19 sp = 0x00000003086024a0
<uncommon_trap thread='9731' reason='class_check' action='maybe_recompile' compile_id='1489' compiler='C2' count='3' state='class_check' stamp='10.550'>
Uncommon trap occurred in org.springframework.util.ObjectUtils::nullSafeEquals (@0x0000000112f871bc) thread=9731 reason=class_check action=maybe_recompile unloaded_class_index=-1
<jvms bci='19' method='org/springframework/util/ObjectUtils nullSafeEquals (Ljava/lang/Object;Ljava/lang/Object;)Z' bytes='55' count='6' backedge_count='1' iicount='11' class_check_traps='3'/>
</uncommon_trap>
DEOPT PACKING thread 0x00007fc901010000 Compiled frame (sp=0x00000003086024d0 unextended sp=0x00000003086024d0, fp=0x00000000f800cf16, real_fp=0x0000000308602510, pc=0x0000000112f871bc)
     nmethod  10550 1489             org.springframework.util.ObjectUtils::nullSafeEquals (55 bytes)

     Virtual frames (innermost first):
        0 - frame( sp=0x00000003086024d0, unextended_sp=0x00000003086024d0, fp=0x00000000f800cf16, pc=0x0000000112f871bc)
org.springframework.util.ObjectUtils.nullSafeEquals(ObjectUtils.java:341) - invokevirtual @ bci 19 
     Created vframeArray 0x00007fc902856c20
DEOPT UNPACKING thread 0x00007fc901010000 vframeArray 0x00007fc902856c20 mode 2
     {method} {0x000000010fada4d8} &apos;nullSafeEquals&apos; &apos;(Ljava/lang/Object;Ljava/lang/Object;)Z&apos; in &apos;org/springframework/util/ObjectUtils&apos; - invokevirtual @ bci 19 sp = 0x00000003086024a0
<uncommon_trap thread='9731' reason='bimorphic' action='maybe_recompile' compile_id='1121' compiler='C2' count='1' state='#15' stamp='10.551'>
Uncommon trap occurred in java.util.Arrays::equals (@0x0000000112d3809c) thread=9731 reason=bimorphic action=maybe_recompile unloaded_class_index=-1
<jvms bci='62' method='java/util/Arrays equals ([Ljava/lang/Object;[Ljava/lang/Object;)Z' bytes='78' count='4' backedge_count='14' iicount='4' decompiles='1' class_check_traps='4' bimorphic_traps='1'/>
</uncommon_trap>
DEOPT PACKING thread 0x00007fc901010000 Compiled frame (sp=0x00000003086023f0 unextended sp=0x00000003086023f0, fp=0x0000000000000000, real_fp=0x0000000308602430, pc=0x0000000112d3809c)
     nmethod  10550 1121             java.util.Arrays::equals (78 bytes)

     Virtual frames (innermost first):
        0 - frame( sp=0x00000003086023f0, unextended_sp=0x00000003086023f0, fp=0x0000000000000000, pc=0x0000000112d3809c)
java.util.Arrays.equals(Arrays.java:2829) - invokevirtual @ bci 62 
     Created vframeArray 0x00007fc90284d620
DEOPT UNPACKING thread 0x00007fc901010000 vframeArray 0x00007fc90284d620 mode 2
     {method} {0x000000010f800c88} &apos;equals&apos; &apos;([Ljava/lang/Object;[Ljava/lang/Object;)Z&apos; in &apos;java/util/Arrays&apos; - invokevirtual @ bci 62 sp = 0x00000003086023b0
<uncommon_trap thread='9731' reason='class_check' action='maybe_recompile' compile_id='1510' compiler='C2' stamp='10.601'>
Uncommon trap occurred in sun.reflect.generics.repository.FieldRepository::getGenericType (@0x0000000112f9fc44) thread=9731 reason=class_check action=maybe_recompile unloaded_class_index=-1
<jvms bci='20' method='sun/reflect/generics/repository/FieldRepository getGenericType ()Ljava/lang/reflect/Type;' bytes='38' count='5' backedge_count='1' iicount='10'/>
</uncommon_trap>
DEOPT PACKING thread 0x00007fc901010000 Compiled frame (sp=0x0000000308602520 unextended sp=0x0000000308602520, fp=0x00000007959d63b8, real_fp=0x0000000308602560, pc=0x0000000112f9fc44)
     nmethod  10600 1510             sun.reflect.generics.repository.FieldRepository::getGenericType (38 bytes)

     Virtual frames (innermost first):
        0 - frame( sp=0x0000000308602520, unextended_sp=0x0000000308602520, fp=0x00000007959d63b8, pc=0x0000000112f9fc44)
sun.reflect.generics.repository.FieldRepository.getGenericType(FieldRepository.java:85) - invokeinterface @ bci 20 
     Created vframeArray 0x00007fc90306b820
DEOPT UNPACKING thread 0x00007fc901010000 vframeArray 0x00007fc90306b820 mode 2
     {method} {0x000000010fbdaea0} &apos;getGenericType&apos; &apos;()Ljava/lang/reflect/Type;&apos; in &apos;sun/reflect/generics/repository/FieldRepository&apos; - invokeinterface @ bci 20 sp = 0x00000003086024f0
<uncommon_trap thread='9731' reason='class_check' action='maybe_recompile' compile_id='1404' compiler='C2' count='2' state='class_check' stamp='10.641'>
Uncommon trap occurred in sun.reflect.generics.repository.GenericDeclRepository::getTypeParameters (@0x0000000112e959e8) thread=9731 reason=class_check action=maybe_recompile unloaded_class_index=-1
<jvms bci='16' method='sun/reflect/generics/repository/GenericDeclRepository getTypeParameters ()[Ljava/lang/reflect/TypeVariable;' bytes='80' count='5' backedge_count='5' iicount='7' decompiles='1' class_check_traps='2'/>
</uncommon_trap>
DEOPT PACKING thread 0x00007fc901010000 Compiled frame (sp=0x00000003086022c0 unextended sp=0x00000003086022c0, fp=0x00000007959d6c10, real_fp=0x0000000308602320, pc=0x0000000112e959e8)
     nmethod  10641 1404             sun.reflect.generics.repository.GenericDeclRepository::getTypeParameters (80 bytes)

     Virtual frames (innermost first):
        0 - frame( sp=0x00000003086022c0, unextended_sp=0x00000003086022c0, fp=0x00000007959d6c10, pc=0x0000000112e959e8)
sun.reflect.generics.repository.GenericDeclRepository.getTypeParameters(GenericDeclRepository.java:71) - invokeinterface @ bci 16 
     Created vframeArray 0x00007fc902064c20
DEOPT UNPACKING thread 0x00007fc901010000 vframeArray 0x00007fc902064c20 mode 2
     {method} {0x000000010f7eb788} &apos;getTypeParameters&apos; &apos;()[Ljava/lang/reflect/TypeVariable;&apos; in &apos;sun/reflect/generics/repository/GenericDeclRepository&apos; - invokeinterface @ bci 16 sp = 0x00000003086022a0
<uncommon_trap thread='9731' reason='bimorphic' action='maybe_recompile' compile_id='1121' compiler='C2' count='2' state='#15' stamp='10.669'>
Uncommon trap occurred in java.util.Arrays::equals (@0x0000000112d3809c) thread=9731 reason=bimorphic action=maybe_recompile unloaded_class_index=-1
<jvms bci='62' method='java/util/Arrays equals ([Ljava/lang/Object;[Ljava/lang/Object;)Z' bytes='78' count='4' backedge_count='16' iicount='4' decompiles='1' class_check_traps='4' bimorphic_traps='2'/>
</uncommon_trap>
DEOPT PACKING thread 0x00007fc901010000 Compiled frame (sp=0x0000000308602430 unextended sp=0x0000000308602430, fp=0x0000000000000000, real_fp=0x0000000308602470, pc=0x0000000112d3809c)
     nmethod  10669 1121             java.util.Arrays::equals (78 bytes)

     Virtual frames (innermost first):
        0 - frame( sp=0x0000000308602430, unextended_sp=0x0000000308602430, fp=0x0000000000000000, pc=0x0000000112d3809c)
java.util.Arrays.equals(Arrays.java:2829) - invokevirtual @ bci 62 
     Created vframeArray 0x00007fc9010a0e20
DEOPT UNPACKING thread 0x00007fc901010000 vframeArray 0x00007fc9010a0e20 mode 2
     {method} {0x000000010f800c88} &apos;equals&apos; &apos;([Ljava/lang/Object;[Ljava/lang/Object;)Z&apos; in &apos;java/util/Arrays&apos; - invokevirtual @ bci 62 sp = 0x00000003086023f0
<uncommon_trap thread='9731' reason='null_assert' action='make_not_entrant' compile_id='1379' compiler='C2' stamp='10.695'>
Uncommon trap occurred in sun.reflect.generics.parser.SignatureParser::parseFieldTypeSignature (@0x0000000112f0c72c) thread=9731 reason=null_assert action=make_not_entrant unloaded_class_index=-1
<jvms bci='58' method='sun/reflect/generics/parser/SignatureParser parseFieldTypeSignature (Z)Lsun/reflect/generics/tree/FieldTypeSignature;' bytes='73' count='5' backedge_count='1' iicount='10'/>
</uncommon_trap>
DEOPT PACKING thread 0x00007fc901010000 Compiled frame (sp=0x0000000308602290 unextended sp=0x0000000308602290, fp=0x00000007959d9348, real_fp=0x00000003086022c0, pc=0x0000000112f0c72c)
     nmethod  10694 1379             sun.reflect.generics.parser.SignatureParser::parseFieldTypeSignature (73 bytes)

     Virtual frames (innermost first):
        0 - frame( sp=0x0000000308602290, unextended_sp=0x0000000308602290, fp=0x00000007959d9348, pc=0x0000000112f0c72c)
sun.reflect.generics.parser.SignatureParser.parseFieldTypeSignature(SignatureParser.java:288) - areturn @ bci 58 
     Created vframeArray 0x00007fc902064c20
DEOPT UNPACKING thread 0x00007fc901010000 vframeArray 0x00007fc902064c20 mode 2
     {method} {0x000000010fba7690} &apos;parseFieldTypeSignature&apos; &apos;(Z)Lsun/reflect/generics/tree/FieldTypeSignature;&apos; in &apos;sun/reflect/generics/parser/SignatureParser&apos; - areturn @ bci 58 sp = 0x0000000308602258
<uncommon_trap thread='9731' reason='class_check' action='maybe_recompile' compile_id='1510' compiler='C2' count='1' state='class_check' stamp='10.695'>
Uncommon trap occurred in sun.reflect.generics.repository.FieldRepository::getGenericType (@0x0000000112f9fc44) thread=9731 reason=class_check action=maybe_recompile unloaded_class_index=-1
<jvms bci='20' method='sun/reflect/generics/repository/FieldRepository getGenericType ()Ljava/lang/reflect/Type;' bytes='38' count='5' backedge_count='1' iicount='10' class_check_traps='1'/>
</uncommon_trap>
DEOPT PACKING thread 0x00007fc901010000 Compiled frame (sp=0x0000000308602520 unextended sp=0x0000000308602520, fp=0x00000007959d9108, real_fp=0x0000000308602560, pc=0x0000000112f9fc44)
     nmethod  10695 1510             sun.reflect.generics.repository.FieldRepository::getGenericType (38 bytes)

     Virtual frames (innermost first):
        0 - frame( sp=0x0000000308602520, unextended_sp=0x0000000308602520, fp=0x00000007959d9108, pc=0x0000000112f9fc44)
sun.reflect.generics.repository.FieldRepository.getGenericType(FieldRepository.java:85) - invokeinterface @ bci 20 
     Created vframeArray 0x00007fc9010a0e20
DEOPT UNPACKING thread 0x00007fc901010000 vframeArray 0x00007fc9010a0e20 mode 2
     {method} {0x000000010fbdaea0} &apos;getGenericType&apos; &apos;()Ljava/lang/reflect/Type;&apos; in &apos;sun/reflect/generics/repository/FieldRepository&apos; - invokeinterface @ bci 20 sp = 0x00000003086024f0
<uncommon_trap thread='9731' reason='class_check' action='maybe_recompile' compile_id='1419' compiler='C2' stamp='10.696'>
Uncommon trap occurred in java.util.Objects::hashCode (@0x0000000112e609c4) thread=9731 reason=class_check action=maybe_recompile unloaded_class_index=-1
<jvms bci='5' method='java/util/Objects hashCode (Ljava/lang/Object;)I' bytes='13' count='5' backedge_count='1' iicount='10'/>
</uncommon_trap>
DEOPT PACKING thread 0x00007fc901010000 Compiled frame (sp=0x00000003086024c0 unextended sp=0x00000003086024c0, fp=0x00000007959d9470, real_fp=0x00000003086024e0, pc=0x0000000112e609c4)
     nmethod  10696 1419             java.util.Objects::hashCode (13 bytes)

     Virtual frames (innermost first):
        0 - frame( sp=0x00000003086024c0, unextended_sp=0x00000003086024c0, fp=0x00000007959d9470, pc=0x0000000112e609c4)
java.util.Objects.hashCode(Objects.java:98) - invokevirtual @ bci 5 
     Created vframeArray 0x00007fc90306b820
DEOPT UNPACKING thread 0x00007fc901010000 vframeArray 0x00007fc90306b820 mode 2
     {method} {0x000000010f824fd8} &apos;hashCode&apos; &apos;(Ljava/lang/Object;)I&apos; in &apos;java/util/Objects&apos; - invokevirtual @ bci 5 sp = 0x0000000308602488
<uncommon_trap thread='9731' reason='class_check' action='maybe_recompile' compile_id='1272' compiler='C2' count='3' state='class_check' stamp='10.774'>
Uncommon trap occurred in sun.misc.ProxyGenerator$ConstantPool$IndirectEntry::equals (@0x0000000112f2bd6c) thread=9731 reason=class_check action=maybe_recompile unloaded_class_index=-1
<jvms bci='1' method='sun/misc/ProxyGenerator$ConstantPool$IndirectEntry equals (Ljava/lang/Object;)Z' bytes='49' count='5' backedge_count='1' iicount='10' class_check_traps='3'/>
</uncommon_trap>
DEOPT PACKING thread 0x00007fc901010000 Compiled frame (sp=0x0000000308601f00 unextended sp=0x0000000308601f00, fp=0x00000007959e02b8, real_fp=0x0000000308601f30, pc=0x0000000112f2bd6c)
     nmethod  10773 1272             sun.misc.ProxyGenerator$ConstantPool$IndirectEntry::equals (49 bytes)

     Virtual frames (innermost first):
        0 - frame( sp=0x0000000308601f00, unextended_sp=0x0000000308601f00, fp=0x00000007959e02b8, pc=0x0000000112f2bd6c)
sun.misc.ProxyGenerator$ConstantPool$IndirectEntry.equals(ProxyGenerator.java:2019) - instanceof @ bci 1 
     Created vframeArray 0x00007fc902872420
DEOPT UNPACKING thread 0x00007fc901010000 vframeArray 0x00007fc902872420 mode 2
     {method} {0x000000010fc02d20} &apos;equals&apos; &apos;(Ljava/lang/Object;)Z&apos; in &apos;sun/misc/ProxyGenerator$ConstantPool$IndirectEntry&apos; - instanceof @ bci 1 sp = 0x0000000308601ec0
<uncommon_trap thread='9731' reason='class_check' action='maybe_recompile' compile_id='1419' compiler='C2' count='1' state='class_check' stamp='10.797'>
Uncommon trap occurred in java.util.Objects::hashCode (@0x0000000112e609c4) thread=9731 reason=class_check action=maybe_recompile unloaded_class_index=-1
<jvms bci='5' method='java/util/Objects hashCode (Ljava/lang/Object;)I' bytes='13' count='5' backedge_count='1' iicount='10' class_check_traps='1'/>
</uncommon_trap>
DEOPT PACKING thread 0x00007fc901010000 Compiled frame (sp=0x0000000308602480 unextended sp=0x0000000308602480, fp=0x00000007959d9470, real_fp=0x00000003086024a0, pc=0x0000000112e609c4)
     nmethod  10796 1419             java.util.Objects::hashCode (13 bytes)

     Virtual frames (innermost first):
        0 - frame( sp=0x0000000308602480, unextended_sp=0x0000000308602480, fp=0x00000007959d9470, pc=0x0000000112e609c4)
java.util.Objects.hashCode(Objects.java:98) - invokevirtual @ bci 5 
     Created vframeArray 0x00007fc9010a0e20
DEOPT UNPACKING thread 0x00007fc901010000 vframeArray 0x00007fc9010a0e20 mode 2
     {method} {0x000000010f824fd8} &apos;hashCode&apos; &apos;(Ljava/lang/Object;)I&apos; in &apos;java/util/Objects&apos; - invokevirtual @ bci 5 sp = 0x0000000308602448
<uncommon_trap thread='9731' reason='class_check' action='maybe_recompile' compile_id='1419' compiler='C2' count='2' state='class_check' stamp='10.797'>
Uncommon trap occurred in java.util.Objects::hashCode (@0x0000000112e609c4) thread=9731 reason=class_check action=maybe_recompile unloaded_class_index=-1
<jvms bci='5' method='java/util/Objects hashCode (Ljava/lang/Object;)I' bytes='13' count='5' backedge_count='1' iicount='10' class_check_traps='2'/>
</uncommon_trap>
DEOPT PACKING thread 0x00007fc901010000 Compiled frame (sp=0x0000000308602410 unextended sp=0x0000000308602410, fp=0x00000007959d9470, real_fp=0x0000000308602430, pc=0x0000000112e609c4)
     nmethod  10797 1419             java.util.Objects::hashCode (13 bytes)

     Virtual frames (innermost first):
        0 - frame( sp=0x0000000308602410, unextended_sp=0x0000000308602410, fp=0x00000007959d9470, pc=0x0000000112e609c4)
java.util.Objects.hashCode(Objects.java:98) - invokevirtual @ bci 5 
     Created vframeArray 0x00007fc902872420
DEOPT UNPACKING thread 0x00007fc901010000 vframeArray 0x00007fc902872420 mode 2
     {method} {0x000000010f824fd8} &apos;hashCode&apos; &apos;(Ljava/lang/Object;)I&apos; in &apos;java/util/Objects&apos; - invokevirtual @ bci 5 sp = 0x00000003086023d8
<uncommon_trap thread='9731' reason='class_check' action='maybe_recompile' compile_id='1419' compiler='C2' count='3' state='class_check' stamp='10.798'>
Uncommon trap occurred in java.util.Objects::hashCode (@0x0000000112e609c4) thread=9731 reason=class_check action=maybe_recompile unloaded_class_index=-1
<jvms bci='5' method='java/util/Objects hashCode (Ljava/lang/Object;)I' bytes='13' count='5' backedge_count='1' iicount='10' class_check_traps='3'/>
</uncommon_trap>
DEOPT PACKING thread 0x00007fc901010000 Compiled frame (sp=0x0000000308602550 unextended sp=0x0000000308602550, fp=0x00000007959d9470, real_fp=0x0000000308602570, pc=0x0000000112e609c4)
     nmethod  10797 1419             java.util.Objects::hashCode (13 bytes)

     Virtual frames (innermost first):
        0 - frame( sp=0x0000000308602550, unextended_sp=0x0000000308602550, fp=0x00000007959d9470, pc=0x0000000112e609c4)
java.util.Objects.hashCode(Objects.java:98) - invokevirtual @ bci 5 
     Created vframeArray 0x00007fc902873820
DEOPT UNPACKING thread 0x00007fc901010000 vframeArray 0x00007fc902873820 mode 2
     {method} {0x000000010f824fd8} &apos;hashCode&apos; &apos;(Ljava/lang/Object;)I&apos; in &apos;java/util/Objects&apos; - invokevirtual @ bci 5 sp = 0x0000000308602518
<uncommon_trap thread='9731' reason='bimorphic' action='maybe_recompile' compile_id='1528' compiler='C2' count='1' state='#7' stamp='10.802'>
Uncommon trap occurred in org.springframework.core.SerializableTypeWrapper$TypeProxyInvocationHandler::invoke (@0x0000000112fac958) thread=9731 reason=bimorphic action=maybe_recompile unloaded_class_index=-1
<jvms bci='165' method='org/springframework/core/SerializableTypeWrapper$TypeProxyInvocationHandler invoke (Ljava/lang/Object;Ljava/lang/reflect/Method;[Ljava/lang/Object;)Ljava/lang/Object;' bytes='324' count='5' backedge_count='2' iicount='10' bimorphic_traps='1'/>
</uncommon_trap>
DEOPT PACKING thread 0x00007fc901010000 Compiled frame (sp=0x0000000308602380 unextended sp=0x0000000308602380, fp=0x00000000f2b3cacd, real_fp=0x0000000308602400, pc=0x0000000112fac958)
     nmethod  10802 1528             org.springframework.core.SerializableTypeWrapper$TypeProxyInvocationHandler::invoke (324 bytes)

     Virtual frames (innermost first):
        0 - frame( sp=0x0000000308602380, unextended_sp=0x0000000308602380, fp=0x00000000f2b3cacd, pc=0x0000000112fac958)
org.springframework.core.SerializableTypeWrapper$TypeProxyInvocationHandler.invoke(SerializableTypeWrapper.java:197) - invokeinterface @ bci 165 
     Created vframeArray 0x00007fc90306b820
DEOPT UNPACKING thread 0x00007fc901010000 vframeArray 0x00007fc90306b820 mode 2
     {method} {0x000000010fbd03c0} &apos;invoke&apos; &apos;(Ljava/lang/Object;Ljava/lang/reflect/Method;[Ljava/lang/Object;)Ljava/lang/Object;&apos; in &apos;org/springframework/core/SerializableTypeWrapper$TypeProxyInvocationHandler&apos; - invokeinterface @ bci 165 sp = 0x0000000308602390
<uncommon_trap thread='9731' reason='class_check' action='maybe_recompile' compile_id='1404' compiler='C2' count='3' state='class_check' stamp='10.811'>
Uncommon trap occurred in sun.reflect.generics.repository.GenericDeclRepository::getTypeParameters (@0x0000000112e959e8) thread=9731 reason=class_check action=maybe_recompile unloaded_class_index=-1
<jvms bci='16' method='sun/reflect/generics/repository/GenericDeclRepository getTypeParameters ()[Ljava/lang/reflect/TypeVariable;' bytes='80' count='5' backedge_count='5' iicount='7' decompiles='1' class_check_traps='3'/>
</uncommon_trap>
DEOPT PACKING thread 0x00007fc901010000 Compiled frame (sp=0x00000003086022e0 unextended sp=0x00000003086022e0, fp=0x00000007959e5cd0, real_fp=0x0000000308602340, pc=0x0000000112e959e8)
     nmethod  10811 1404             sun.reflect.generics.repository.GenericDeclRepository::getTypeParameters (80 bytes)

     Virtual frames (innermost first):
        0 - frame( sp=0x00000003086022e0, unextended_sp=0x00000003086022e0, fp=0x00000007959e5cd0, pc=0x0000000112e959e8)
sun.reflect.generics.repository.GenericDeclRepository.getTypeParameters(GenericDeclRepository.java:71) - invokeinterface @ bci 16 
     Created vframeArray 0x00007fc9010a0e20
DEOPT UNPACKING thread 0x00007fc901010000 vframeArray 0x00007fc9010a0e20 mode 2
     {method} {0x000000010f7eb788} &apos;getTypeParameters&apos; &apos;()[Ljava/lang/reflect/TypeVariable;&apos; in &apos;sun/reflect/generics/repository/GenericDeclRepository&apos; - invokeinterface @ bci 16 sp = 0x00000003086022c0
<uncommon_trap thread='9731' reason='bimorphic' action='maybe_recompile' compile_id='1121' compiler='C2' count='3' state='#15' stamp='10.881'>
Uncommon trap occurred in java.util.Arrays::equals (@0x0000000112d3809c) thread=9731 reason=bimorphic action=maybe_recompile unloaded_class_index=-1
<jvms bci='62' method='java/util/Arrays equals ([Ljava/lang/Object;[Ljava/lang/Object;)Z' bytes='78' count='4' backedge_count='18' iicount='4' decompiles='1' class_check_traps='4' bimorphic_traps='3'/>
</uncommon_trap>
DEOPT PACKING thread 0x00007fc901010000 Compiled frame (sp=0x0000000308602460 unextended sp=0x0000000308602460, fp=0x0000000000000000, real_fp=0x00000003086024a0, pc=0x0000000112d3809c)
     nmethod  10880 1121             java.util.Arrays::equals (78 bytes)

     Virtual frames (innermost first):
        0 - frame( sp=0x0000000308602460, unextended_sp=0x0000000308602460, fp=0x0000000000000000, pc=0x0000000112d3809c)
java.util.Arrays.equals(Arrays.java:2829) - invokevirtual @ bci 62 
     Created vframeArray 0x00007fc902064c20
DEOPT UNPACKING thread 0x00007fc901010000 vframeArray 0x00007fc902064c20 mode 2
     {method} {0x000000010f800c88} &apos;equals&apos; &apos;([Ljava/lang/Object;[Ljava/lang/Object;)Z&apos; in &apos;java/util/Arrays&apos; - invokevirtual @ bci 62 sp = 0x0000000308602420
<uncommon_trap thread='9731' reason='class_check' action='maybe_recompile' compile_id='1593' compiler='C2' stamp='10.881'>
Uncommon trap occurred in org.springframework.core.ResolvableType::getGenerics (@0x0000000112fccae4) thread=9731 reason=class_check action=maybe_recompile unloaded_class_index=-1
<jvms bci='78' method='org/springframework/core/ResolvableType getGenerics ()[Lorg/springframework/core/ResolvableType;' bytes='148' count='5' backedge_count='2' iicount='8'/>
</uncommon_trap>
DEOPT PACKING thread 0x00007fc901010000 Compiled frame (sp=0x0000000308602640 unextended sp=0x0000000308602640, fp=0x00000007959e55d8, real_fp=0x00000003086026a0, pc=0x0000000112fccae4)
     nmethod  10881 1593             org.springframework.core.ResolvableType::getGenerics (148 bytes)

     Virtual frames (innermost first):
        0 - frame( sp=0x0000000308602640, unextended_sp=0x0000000308602640, fp=0x00000007959e55d8, pc=0x0000000112fccae4)
org.springframework.core.ResolvableType.getGenerics(ResolvableType.java:734) - instanceof @ bci 78 
     Created vframeArray 0x00007fc902077420
DEOPT UNPACKING thread 0x00007fc901010000 vframeArray 0x00007fc902077420 mode 2
     {method} {0x000000010fad1780} &apos;getGenerics&apos; &apos;()[Lorg/springframework/core/ResolvableType;&apos; in &apos;org/springframework/core/ResolvableType&apos; - instanceof @ bci 78 sp = 0x0000000308602630
<uncommon_trap thread='9731' reason='class_check' action='maybe_recompile' compile_id='1524' compiler='C2' stamp='10.881'>
Uncommon trap occurred in org.springframework.core.ResolvableType::resolveType (@0x0000000112fa2b90) thread=9731 reason=class_check action=maybe_recompile unloaded_class_index=-1
<jvms bci='91' method='org/springframework/core/ResolvableType resolveType ()Lorg/springframework/core/ResolvableType;' bytes='151' count='6' backedge_count='1' iicount='11'/>
</uncommon_trap>
DEOPT PACKING thread 0x00007fc901010000 Compiled frame (sp=0x00000003086025e0 unextended sp=0x00000003086025e0, fp=0x00000007959e55d8, real_fp=0x0000000308602620, pc=0x0000000112fa2b90)
     nmethod  10881 1524             org.springframework.core.ResolvableType::resolveType (151 bytes)

     Virtual frames (innermost first):
        0 - frame( sp=0x00000003086025e0, unextended_sp=0x00000003086025e0, fp=0x00000007959e55d8, pc=0x0000000112fa2b90)
org.springframework.core.ResolvableType.resolveType(ResolvableType.java:862) - instanceof @ bci 91 
     Created vframeArray 0x00007fc902873820
DEOPT UNPACKING thread 0x00007fc901010000 vframeArray 0x00007fc902873820 mode 2
     {method} {0x000000010fad1f58} &apos;resolveType&apos; &apos;()Lorg/springframework/core/ResolvableType;&apos; in &apos;org/springframework/core/ResolvableType&apos; - instanceof @ bci 91 sp = 0x00000003086025b8
<uncommon_trap thread='9731' reason='unloaded' action='reinterpret' index='319' compile_id='1399' compiler='C2' unresolved='1' name='sun/reflect/generics/tree/BottomSignature' stamp='10.884'>
Uncommon trap occurred in sun.reflect.generics.parser.SignatureParser::parseTypeArgument (@0x0000000112f7838c) thread=9731 reason=unloaded action=reinterpret unloaded_class_index=319 unresolved class: sun/reflect/generics/tree/BottomSignature
<jvms bci='65' method='sun/reflect/generics/parser/SignatureParser parseTypeArgument ()Lsun/reflect/generics/tree/TypeArgument;' bytes='133' count='5' backedge_count='1' iicount='10'/>
</uncommon_trap>
REALLOC OBJECTS in thread 0x00007fc901010000
     object &lt;0x00000007959e7ac8&gt; of type &apos;sun/reflect/generics/tree/FieldTypeSignature&apos;[] allocated (24 bytes)
     object &lt;0x00000007959e7ae0&gt; of type &apos;sun/reflect/generics/tree/FieldTypeSignature&apos;[] allocated (24 bytes)
DEOPT PACKING thread 0x00007fc901010000 Compiled frame (sp=0x00000003086021a0 unextended sp=0x00000003086021a0, fp=0x00000007959e7a38, real_fp=0x00000003086021d0, pc=0x0000000112f7838c)
     nmethod  10886 1399             sun.reflect.generics.parser.SignatureParser::parseTypeArgument (133 bytes)

     Virtual frames (innermost first):
        0 - frame( sp=0x00000003086021a0, unextended_sp=0x00000003086021a0, fp=0x00000007959e7a38, pc=0x0000000112f7838c)
sun.reflect.generics.parser.SignatureParser.parseTypeArgument(SignatureParser.java:404) - invokestatic @ bci 65 
     Created vframeArray 0x00007fc90308bc20
DEOPT UNPACKING thread 0x00007fc901010000 vframeArray 0x00007fc90308bc20 mode 2
     {method} {0x000000010fba7dc8} &apos;parseTypeArgument&apos; &apos;()Lsun/reflect/generics/tree/TypeArgument;&apos; in &apos;sun/reflect/generics/parser/SignatureParser&apos; - invokestatic @ bci 65 sp = 0x0000000308602148
<uncommon_trap thread='9731' reason='bimorphic' action='maybe_recompile' compile_id='1406' compiler='C2' stamp='10.888'>
Uncommon trap occurred in sun.reflect.generics.visitor.Reifier::reifyTypeArguments (@0x0000000112e3ea80) thread=9731 reason=bimorphic action=maybe_recompile unloaded_class_index=-1
<jvms bci='18' method='sun/reflect/generics/visitor/Reifier reifyTypeArguments ([Lsun/reflect/generics/tree/TypeArgument;)[Ljava/lang/reflect/Type;' bytes='38' count='5' backedge_count='6' iicount='5'/>
</uncommon_trap>
DEOPT PACKING thread 0x00007fc901010000 Compiled frame (sp=0x0000000308602460 unextended sp=0x0000000308602460, fp=0x00000007959e7bb0, real_fp=0x00000003086024b0, pc=0x0000000112e3ea80)
     nmethod  10887 1406             sun.reflect.generics.visitor.Reifier::reifyTypeArguments (38 bytes)

     Virtual frames (innermost first):
        0 - frame( sp=0x0000000308602460, unextended_sp=0x0000000308602460, fp=0x00000007959e7bb0, pc=0x0000000112e3ea80)
sun.reflect.generics.visitor.Reifier.reifyTypeArguments(Reifier.java:68) - invokeinterface @ bci 18 
     Created vframeArray 0x00007fc90307fa20
DEOPT UNPACKING thread 0x00007fc901010000 vframeArray 0x00007fc90307fa20 mode 2
     {method} {0x000000010fbafcf0} &apos;reifyTypeArguments&apos; &apos;([Lsun/reflect/generics/tree/TypeArgument;)[Ljava/lang/reflect/Type;&apos; in &apos;sun/reflect/generics/visitor/Reifier&apos; - invokeinterface @ bci 18 sp = 0x0000000308602430
<dependency_failed type='abstract_with_unique_concrete_subtype' ctxk='sun/reflect/generics/reflectiveObjects/LazyReflectiveObjectGenerator' x='sun/reflect/generics/reflectiveObjects/TypeVariableImpl' witness='sun/reflect/generics/reflectiveObjects/WildcardTypeImpl' stamp='10.889'/>
<dependency_failed type='abstract_with_unique_concrete_subtype' ctxk='sun/reflect/generics/reflectiveObjects/LazyReflectiveObjectGenerator' x='sun/reflect/generics/reflectiveObjects/TypeVariableImpl' witness='sun/reflect/generics/reflectiveObjects/WildcardTypeImpl' stamp='10.889'/>
<dependency_failed type='abstract_with_unique_concrete_subtype' ctxk='sun/reflect/generics/reflectiveObjects/LazyReflectiveObjectGenerator' x='sun/reflect/generics/reflectiveObjects/TypeVariableImpl' witness='sun/reflect/generics/reflectiveObjects/WildcardTypeImpl' stamp='10.889'/>
<uncommon_trap thread='9731' reason='bimorphic' action='maybe_recompile' compile_id='1528' compiler='C2' count='2' state='#7' stamp='10.971'>
Uncommon trap occurred in org.springframework.core.SerializableTypeWrapper$TypeProxyInvocationHandler::invoke (@0x0000000112fac958) thread=9731 reason=bimorphic action=maybe_recompile unloaded_class_index=-1
<jvms bci='165' method='org/springframework/core/SerializableTypeWrapper$TypeProxyInvocationHandler invoke (Ljava/lang/Object;Ljava/lang/reflect/Method;[Ljava/lang/Object;)Ljava/lang/Object;' bytes='324' count='5' backedge_count='2' iicount='10' bimorphic_traps='2'/>
</uncommon_trap>
DEOPT PACKING thread 0x00007fc901010000 Compiled frame (sp=0x0000000308602450 unextended sp=0x0000000308602450, fp=0x00000000f2b3d4d7, real_fp=0x00000003086024d0, pc=0x0000000112fac958)
     nmethod  10971 1528             org.springframework.core.SerializableTypeWrapper$TypeProxyInvocationHandler::invoke (324 bytes)

     Virtual frames (innermost first):
        0 - frame( sp=0x0000000308602450, unextended_sp=0x0000000308602450, fp=0x00000000f2b3d4d7, pc=0x0000000112fac958)
org.springframework.core.SerializableTypeWrapper$TypeProxyInvocationHandler.invoke(SerializableTypeWrapper.java:197) - invokeinterface @ bci 165 
     Created vframeArray 0x00007fc90308bc20
DEOPT UNPACKING thread 0x00007fc901010000 vframeArray 0x00007fc90308bc20 mode 2
     {method} {0x000000010fbd03c0} &apos;invoke&apos; &apos;(Ljava/lang/Object;Ljava/lang/reflect/Method;[Ljava/lang/Object;)Ljava/lang/Object;&apos; in &apos;org/springframework/core/SerializableTypeWrapper$TypeProxyInvocationHandler&apos; - invokeinterface @ bci 165 sp = 0x0000000308602460
<uncommon_trap thread='9731' reason='bimorphic' action='maybe_recompile' compile_id='1528' compiler='C2' count='3' state='#7' stamp='10.989'>
Uncommon trap occurred in org.springframework.core.SerializableTypeWrapper$TypeProxyInvocationHandler::invoke (@0x0000000112fac958) thread=9731 reason=bimorphic action=maybe_recompile unloaded_class_index=-1
<jvms bci='165' method='org/springframework/core/SerializableTypeWrapper$TypeProxyInvocationHandler invoke (Ljava/lang/Object;Ljava/lang/reflect/Method;[Ljava/lang/Object;)Ljava/lang/Object;' bytes='324' count='5' backedge_count='2' iicount='10' bimorphic_traps='3'/>
</uncommon_trap>
DEOPT PACKING thread 0x00007fc901010000 Compiled frame (sp=0x0000000308602340 unextended sp=0x0000000308602340, fp=0x00000000f2b3ee95, real_fp=0x00000003086023c0, pc=0x0000000112fac958)
     nmethod  10988 1528             org.springframework.core.SerializableTypeWrapper$TypeProxyInvocationHandler::invoke (324 bytes)

     Virtual frames (innermost first):
        0 - frame( sp=0x0000000308602340, unextended_sp=0x0000000308602340, fp=0x00000000f2b3ee95, pc=0x0000000112fac958)
org.springframework.core.SerializableTypeWrapper$TypeProxyInvocationHandler.invoke(SerializableTypeWrapper.java:197) - invokeinterface @ bci 165 
     Created vframeArray 0x00007fc901078a20
DEOPT UNPACKING thread 0x00007fc901010000 vframeArray 0x00007fc901078a20 mode 2
     {method} {0x000000010fbd03c0} &apos;invoke&apos; &apos;(Ljava/lang/Object;Ljava/lang/reflect/Method;[Ljava/lang/Object;)Ljava/lang/Object;&apos; in &apos;org/springframework/core/SerializableTypeWrapper$TypeProxyInvocationHandler&apos; - invokeinterface @ bci 165 sp = 0x0000000308602350
<uncommon_trap thread='9731' reason='class_check' action='maybe_recompile' compile_id='1442' compiler='C2' count='1' state='class_check' stamp='11.056'>
Uncommon trap occurred in org.springframework.util.ConcurrentReferenceHashMap$Segment::findInChain (@0x0000000112e37c44) thread=9731 reason=class_check action=maybe_recompile unloaded_class_index=-1
<jvms bci='10' method='org/springframework/util/ConcurrentReferenceHashMap$Segment findInChain (Lorg/springframework/util/ConcurrentReferenceHashMap$Reference;Ljava/lang/Object;I)Lorg/springframework/util/ConcurrentReferenceHashMap$Reference;' bytes='66' count='5' backedge_count='1' iicount='10' class_check_traps='1'/>
</uncommon_trap>
DEOPT PACKING thread 0x00007fc901010000 Compiled frame (sp=0x0000000308602660 unextended sp=0x0000000308602660, fp=0x00000007c0086830, real_fp=0x00000003086026a0, pc=0x0000000112e37c44)
     nmethod  11055 1442             org.springframework.util.ConcurrentReferenceHashMap$Segment::findInChain (66 bytes)

     Virtual frames (innermost first):
        0 - frame( sp=0x0000000308602660, unextended_sp=0x0000000308602660, fp=0x00000007c0086830, pc=0x0000000112e37c44)
org.springframework.util.ConcurrentReferenceHashMap$Segment.findInChain(ConcurrentReferenceHashMap.java:644) - invokeinterface @ bci 10 
     Created vframeArray 0x00007fc902872420
DEOPT UNPACKING thread 0x00007fc901010000 vframeArray 0x00007fc902872420 mode 2
     {method} {0x000000010fac2ee8} &apos;findInChain&apos; &apos;(Lorg/springframework/util/ConcurrentReferenceHashMap$Reference;Ljava/lang/Object;I)Lorg/springframework/util/ConcurrentReferenceHashMap$Reference;&apos; in &apos;org/springframework/util/ConcurrentReferenceHashMap$Segment&apos; - invokeinterface @ bci 10 sp = 0x0000000308602610
<uncommon_trap thread='9731' reason='class_check' action='maybe_recompile' compile_id='1442' compiler='C2' count='2' state='class_check' stamp='11.071'>
Uncommon trap occurred in org.springframework.util.ConcurrentReferenceHashMap$Segment::findInChain (@0x0000000112e37c44) thread=9731 reason=class_check action=maybe_recompile unloaded_class_index=-1
<jvms bci='10' method='org/springframework/util/ConcurrentReferenceHashMap$Segment findInChain (Lorg/springframework/util/ConcurrentReferenceHashMap$Reference;Ljava/lang/Object;I)Lorg/springframework/util/ConcurrentReferenceHashMap$Reference;' bytes='66' count='5' backedge_count='2' iicount='10' class_check_traps='2'/>
</uncommon_trap>
DEOPT PACKING thread 0x00007fc901010000 Compiled frame (sp=0x0000000308602660 unextended sp=0x0000000308602660, fp=0x00000007c0086830, real_fp=0x00000003086026a0, pc=0x0000000112e37c44)
     nmethod  11071 1442             org.springframework.util.ConcurrentReferenceHashMap$Segment::findInChain (66 bytes)

     Virtual frames (innermost first):
        0 - frame( sp=0x0000000308602660, unextended_sp=0x0000000308602660, fp=0x00000007c0086830, pc=0x0000000112e37c44)
org.springframework.util.ConcurrentReferenceHashMap$Segment.findInChain(ConcurrentReferenceHashMap.java:644) - invokeinterface @ bci 10 
     Created vframeArray 0x00007fc90285d620
DEOPT UNPACKING thread 0x00007fc901010000 vframeArray 0x00007fc90285d620 mode 2
     {method} {0x000000010fac2ee8} &apos;findInChain&apos; &apos;(Lorg/springframework/util/ConcurrentReferenceHashMap$Reference;Ljava/lang/Object;I)Lorg/springframework/util/ConcurrentReferenceHashMap$Reference;&apos; in &apos;org/springframework/util/ConcurrentReferenceHashMap$Segment&apos; - invokeinterface @ bci 10 sp = 0x0000000308602610
<uncommon_trap thread='9731' reason='class_check' action='maybe_recompile' compile_id='1442' compiler='C2' count='3' state='class_check' stamp='11.072'>
Uncommon trap occurred in org.springframework.util.ConcurrentReferenceHashMap$Segment::findInChain (@0x0000000112e37c44) thread=9731 reason=class_check action=maybe_recompile unloaded_class_index=-1
<jvms bci='10' method='org/springframework/util/ConcurrentReferenceHashMap$Segment findInChain (Lorg/springframework/util/ConcurrentReferenceHashMap$Reference;Ljava/lang/Object;I)Lorg/springframework/util/ConcurrentReferenceHashMap$Reference;' bytes='66' count='5' backedge_count='3' iicount='10' class_check_traps='3'/>
</uncommon_trap>
DEOPT PACKING thread 0x00007fc901010000 Compiled frame (sp=0x0000000308602660 unextended sp=0x0000000308602660, fp=0x00000007c0086830, real_fp=0x00000003086026a0, pc=0x0000000112e37c44)
     nmethod  11071 1442             org.springframework.util.ConcurrentReferenceHashMap$Segment::findInChain (66 bytes)

     Virtual frames (innermost first):
        0 - frame( sp=0x0000000308602660, unextended_sp=0x0000000308602660, fp=0x00000007c0086830, pc=0x0000000112e37c44)
org.springframework.util.ConcurrentReferenceHashMap$Segment.findInChain(ConcurrentReferenceHashMap.java:644) - invokeinterface @ bci 10 
     Created vframeArray 0x00007fc901078a20
DEOPT UNPACKING thread 0x00007fc901010000 vframeArray 0x00007fc901078a20 mode 2
     {method} {0x000000010fac2ee8} &apos;findInChain&apos; &apos;(Lorg/springframework/util/ConcurrentReferenceHashMap$Reference;Ljava/lang/Object;I)Lorg/springframework/util/ConcurrentReferenceHashMap$Reference;&apos; in &apos;org/springframework/util/ConcurrentReferenceHashMap$Segment&apos; - invokeinterface @ bci 10 sp = 0x0000000308602610
<uncommon_trap thread='9731' reason='unloaded' action='reinterpret' index='7' compile_id='1560' compiler='C2' unresolved='1' name='sun/reflect/MethodAccessorGenerator' stamp='11.087'>
Uncommon trap occurred in sun.reflect.NativeMethodAccessorImpl::invoke (@0x0000000112fbb480) thread=9731 reason=unloaded action=reinterpret unloaded_class_index=7 unresolved class: sun/reflect/MethodAccessorGenerator
<jvms bci='30' method='sun/reflect/NativeMethodAccessorImpl invoke (Ljava/lang/Object;[Ljava/lang/Object;)Ljava/lang/Object;' bytes='104' count='5' backedge_count='1' iicount='10'/>
</uncommon_trap>
DEOPT PACKING thread 0x00007fc901010000 Compiled frame (sp=0x00000003086023c0 unextended sp=0x00000003086023c0, fp=0x00000007959d05f0, real_fp=0x00000003086023f0, pc=0x0000000112fbb480)
     nmethod  11089 1560             sun.reflect.NativeMethodAccessorImpl::invoke (104 bytes)

     Virtual frames (innermost first):
        0 - frame( sp=0x00000003086023c0, unextended_sp=0x00000003086023c0, fp=0x00000007959d05f0, pc=0x0000000112fbb480)
sun.reflect.NativeMethodAccessorImpl.invoke(NativeMethodAccessorImpl.java:51) - new @ bci 30 
     Created vframeArray 0x00007fc9010a0e20
DEOPT UNPACKING thread 0x00007fc901010000 vframeArray 0x00007fc9010a0e20 mode 2
     {method} {0x000000010fbbdda8} &apos;invoke&apos; &apos;(Ljava/lang/Object;[Ljava/lang/Object;)Ljava/lang/Object;&apos; in &apos;sun/reflect/NativeMethodAccessorImpl&apos; - new @ bci 30 sp = 0x0000000308602380
<uncommon_trap thread='9731' reason='class_check' action='maybe_recompile' compile_id='1558' compiler='C2' stamp='11.166'>
Uncommon trap occurred in java.lang.reflect.Method::invoke (@0x0000000112fb4a74) thread=9731 reason=class_check action=maybe_recompile unloaded_class_index=-1
<jvms bci='6' method='sun/reflect/DelegatingMethodAccessorImpl invoke (Ljava/lang/Object;[Ljava/lang/Object;)Ljava/lang/Object;' bytes='10' count='5' backedge_count='1' iicount='10'/>
<jvms bci='56' method='java/lang/reflect/Method invoke (Ljava/lang/Object;[Ljava/lang/Object;)Ljava/lang/Object;' bytes='62' count='5' backedge_count='1' iicount='10'/>
</uncommon_trap>
DEOPT PACKING thread 0x00007fc901010000 Compiled frame (sp=0x00000003086023c0 unextended sp=0x00000003086023c0, fp=0x00000000f2b40a7d, real_fp=0x0000000308602400, pc=0x0000000112fb4a74)
     nmethod  11166 1558             java.lang.reflect.Method::invoke (62 bytes)

     Virtual frames (innermost first):
        0 - frame( sp=0x00000003086023c0, unextended_sp=0x00000003086023c0, fp=0x00000000f2b40a7d, pc=0x0000000112fb4a74)
sun.reflect.DelegatingMethodAccessorImpl.invoke(DelegatingMethodAccessorImpl.java:43) - invokevirtual @ bci 6 
        1 - frame( sp=0x00000003086023c0, unextended_sp=0x00000003086023c0, fp=0x00000000f2b40a7d, pc=0x0000000112fb4a74)
java.lang.reflect.Method.invoke(Method.java:498) - invokeinterface @ bci 56 
     Created vframeArray 0x00007fc90308bc20
DEOPT UNPACKING thread 0x00007fc901010000 vframeArray 0x00007fc90308bc20 mode 2
     {method} {0x000000010f6fb6f8} &apos;invoke&apos; &apos;(Ljava/lang/Object;[Ljava/lang/Object;)Ljava/lang/Object;&apos; in &apos;java/lang/reflect/Method&apos; - invokeinterface @ bci 56 sp = 0x0000000308602378
     {method} {0x000000010fbbe530} &apos;invoke&apos; &apos;(Ljava/lang/Object;[Ljava/lang/Object;)Ljava/lang/Object;&apos; in &apos;sun/reflect/DelegatingMethodAccessorImpl&apos; - invokevirtual @ bci 6 sp = 0x0000000308602310
<uncommon_trap thread='9731' reason='class_check' action='maybe_recompile' compile_id='1524' compiler='C2' count='1' state='class_check' stamp='11.168'>
Uncommon trap occurred in org.springframework.core.ResolvableType::resolveType (@0x0000000112fa2b90) thread=9731 reason=class_check action=maybe_recompile unloaded_class_index=-1
<jvms bci='91' method='org/springframework/core/ResolvableType resolveType ()Lorg/springframework/core/ResolvableType;' bytes='151' count='6' backedge_count='1' iicount='11' class_check_traps='1'/>
</uncommon_trap>
DEOPT PACKING thread 0x00007fc901010000 Compiled frame (sp=0x0000000308602550 unextended sp=0x0000000308602550, fp=0x0000000795a05518, real_fp=0x0000000308602590, pc=0x0000000112fa2b90)
     nmethod  11167 1524             org.springframework.core.ResolvableType::resolveType (151 bytes)

     Virtual frames (innermost first):
        0 - frame( sp=0x0000000308602550, unextended_sp=0x0000000308602550, fp=0x0000000795a05518, pc=0x0000000112fa2b90)
org.springframework.core.ResolvableType.resolveType(ResolvableType.java:862) - instanceof @ bci 91 
     Created vframeArray 0x00007fc90207ba20
DEOPT UNPACKING thread 0x00007fc901010000 vframeArray 0x00007fc90207ba20 mode 2
     {method} {0x000000010fad1f58} &apos;resolveType&apos; &apos;()Lorg/springframework/core/ResolvableType;&apos; in &apos;org/springframework/core/ResolvableType&apos; - instanceof @ bci 91 sp = 0x0000000308602528
<uncommon_trap thread='9731' reason='unloaded' action='reinterpret' index='7' compile_id='1318' compiler='C2' unresolved='1' name='sun/reflect/MethodAccessorGenerator' stamp='11.169'>
Uncommon trap occurred in sun.reflect.NativeConstructorAccessorImpl::newInstance (@0x0000000112f4b3c8) thread=9731 reason=unloaded action=reinterpret unloaded_class_index=7 unresolved class: sun/reflect/MethodAccessorGenerator
<jvms bci='30' method='sun/reflect/NativeConstructorAccessorImpl newInstance ([Ljava/lang/Object;)Ljava/lang/Object;' bytes='89' count='2' backedge_count='1' iicount='10'/>
</uncommon_trap>
DEOPT PACKING thread 0x00007fc901010000 Compiled frame (sp=0x0000000308602300 unextended sp=0x0000000308602300, fp=0x00000007959ca4d0, real_fp=0x0000000308602330, pc=0x0000000112f4b3c8)
     nmethod  11169 1318             sun.reflect.NativeConstructorAccessorImpl::newInstance (89 bytes)

     Virtual frames (innermost first):
        0 - frame( sp=0x0000000308602300, unextended_sp=0x0000000308602300, fp=0x00000007959ca4d0, pc=0x0000000112f4b3c8)
sun.reflect.NativeConstructorAccessorImpl.newInstance(NativeConstructorAccessorImpl.java:53) - new @ bci 30 
     Created vframeArray 0x00007fc90285d620
DEOPT UNPACKING thread 0x00007fc901010000 vframeArray 0x00007fc90285d620 mode 2
     {method} {0x000000010f80e1a8} &apos;newInstance&apos; &apos;([Ljava/lang/Object;)Ljava/lang/Object;&apos; in &apos;sun/reflect/NativeConstructorAccessorImpl&apos; - new @ bci 30 sp = 0x00000003086022c8
<uncommon_trap thread='9731' reason='unloaded' action='reinterpret' index='36' compile_id='1342' compiler='C2' unresolved='1' name='sun/reflect/BootstrapConstructorAccessorImpl' stamp='11.202'>
Uncommon trap occurred in sun.reflect.ReflectionFactory::newConstructorAccessor (@0x0000000112f5366c) thread=9731 reason=unloaded action=reinterpret unloaded_class_index=36 unresolved class: sun/reflect/BootstrapConstructorAccessorImpl
<jvms bci='52' method='sun/reflect/ReflectionFactory newConstructorAccessor (Ljava/lang/reflect/Constructor;)Lsun/reflect/ConstructorAccessor;' bytes='132' count='5' backedge_count='1' iicount='10'/>
</uncommon_trap>
DEOPT PACKING thread 0x00007fc901010000 Compiled frame (sp=0x0000000308601410 unextended sp=0x0000000308601410, fp=0x0000000795a08c08, real_fp=0x0000000308601460, pc=0x0000000112f5366c)
     nmethod  11202 1342             sun.reflect.ReflectionFactory::newConstructorAccessor (132 bytes)

     Virtual frames (innermost first):
        0 - frame( sp=0x0000000308601410, unextended_sp=0x0000000308601410, fp=0x0000000795a08c08, pc=0x0000000112f5366c)
sun.reflect.ReflectionFactory.newConstructorAccessor(ReflectionFactory.java:196) - new @ bci 52 
     Created vframeArray 0x00007fc90285e420
DEOPT UNPACKING thread 0x00007fc901010000 vframeArray 0x00007fc90285e420 mode 2
     {method} {0x000000010f79d390} &apos;newConstructorAccessor&apos; &apos;(Ljava/lang/reflect/Constructor;)Lsun/reflect/ConstructorAccessor;&apos; in &apos;sun/reflect/ReflectionFactory&apos; - new @ bci 52 sp = 0x00000003086013e8
<uncommon_trap thread='9731' reason='class_check' action='maybe_recompile' compile_id='1533' compiler='C2' stamp='11.203'>
Uncommon trap occurred in java.lang.reflect.Constructor::newInstance (@0x0000000112fa98a0) thread=9731 reason=class_check action=maybe_recompile unloaded_class_index=-1
<jvms bci='79' method='java/lang/reflect/Constructor newInstance ([Ljava/lang/Object;)Ljava/lang/Object;' bytes='87' count='5' backedge_count='1' iicount='15'/>
</uncommon_trap>
DEOPT PACKING thread 0x00007fc901010000 Compiled frame (sp=0x0000000308601490 unextended sp=0x0000000308601490, fp=0x0000000000000000, real_fp=0x00000003086014d0, pc=0x0000000112fa98a0)
     nmethod  11203 1533             java.lang.reflect.Constructor::newInstance (87 bytes)

     Virtual frames (innermost first):
        0 - frame( sp=0x0000000308601490, unextended_sp=0x0000000308601490, fp=0x0000000000000000, pc=0x0000000112fa98a0)
java.lang.reflect.Constructor.newInstance(Constructor.java:423) - invokeinterface @ bci 79 
     Created vframeArray 0x00007fc90207ba20
DEOPT UNPACKING thread 0x00007fc901010000 vframeArray 0x00007fc90207ba20 mode 2
     {method} {0x000000010f701ce8} &apos;newInstance&apos; &apos;([Ljava/lang/Object;)Ljava/lang/Object;&apos; in &apos;java/lang/reflect/Constructor&apos; - invokeinterface @ bci 79 sp = 0x0000000308601450
<uncommon_trap thread='9731' reason='class_check' action='maybe_recompile' compile_id='1558' compiler='C2' count='1' state='class_check' stamp='11.204'>
Uncommon trap occurred in java.lang.reflect.Method::invoke (@0x0000000112fb4a74) thread=9731 reason=class_check action=maybe_recompile unloaded_class_index=-1
<jvms bci='6' method='sun/reflect/DelegatingMethodAccessorImpl invoke (Ljava/lang/Object;[Ljava/lang/Object;)Ljava/lang/Object;' bytes='10' count='5' backedge_count='1' iicount='10' class_check_traps='1'/>
<jvms bci='56' method='java/lang/reflect/Method invoke (Ljava/lang/Object;[Ljava/lang/Object;)Ljava/lang/Object;' bytes='62' count='5' backedge_count='1' iicount='10'/>
</uncommon_trap>
DEOPT PACKING thread 0x00007fc901010000 Compiled frame (sp=0x00000003086022b0 unextended sp=0x00000003086022b0, fp=0x00000000f2b40a7d, real_fp=0x00000003086022f0, pc=0x0000000112fb4a74)
     nmethod  11204 1558             java.lang.reflect.Method::invoke (62 bytes)

     Virtual frames (innermost first):
        0 - frame( sp=0x00000003086022b0, unextended_sp=0x00000003086022b0, fp=0x00000000f2b40a7d, pc=0x0000000112fb4a74)
sun.reflect.DelegatingMethodAccessorImpl.invoke(DelegatingMethodAccessorImpl.java:43) - invokevirtual @ bci 6 
        1 - frame( sp=0x00000003086022b0, unextended_sp=0x00000003086022b0, fp=0x00000000f2b40a7d, pc=0x0000000112fb4a74)
java.lang.reflect.Method.invoke(Method.java:498) - invokeinterface @ bci 56 
     Created vframeArray 0x00007fc902061a20
DEOPT UNPACKING thread 0x00007fc901010000 vframeArray 0x00007fc902061a20 mode 2
     {method} {0x000000010f6fb6f8} &apos;invoke&apos; &apos;(Ljava/lang/Object;[Ljava/lang/Object;)Ljava/lang/Object;&apos; in &apos;java/lang/reflect/Method&apos; - invokeinterface @ bci 56 sp = 0x0000000308602268
     {method} {0x000000010fbbe530} &apos;invoke&apos; &apos;(Ljava/lang/Object;[Ljava/lang/Object;)Ljava/lang/Object;&apos; in &apos;sun/reflect/DelegatingMethodAccessorImpl&apos; - invokevirtual @ bci 6 sp = 0x0000000308602200
<uncommon_trap thread='9731' reason='class_check' action='maybe_recompile' compile_id='1558' compiler='C2' count='2' state='class_check' stamp='11.205'>
Uncommon trap occurred in java.lang.reflect.Method::invoke (@0x0000000112fb4a74) thread=9731 reason=class_check action=maybe_recompile unloaded_class_index=-1
<jvms bci='6' method='sun/reflect/DelegatingMethodAccessorImpl invoke (Ljava/lang/Object;[Ljava/lang/Object;)Ljava/lang/Object;' bytes='10' count='5' backedge_count='1' iicount='10' class_check_traps='2'/>
<jvms bci='56' method='java/lang/reflect/Method invoke (Ljava/lang/Object;[Ljava/lang/Object;)Ljava/lang/Object;' bytes='62' count='5' backedge_count='1' iicount='10'/>
</uncommon_trap>
DEOPT PACKING thread 0x00007fc901010000 Compiled frame (sp=0x00000003086023a0 unextended sp=0x00000003086023a0, fp=0x00000000f2b40a7d, real_fp=0x00000003086023e0, pc=0x0000000112fb4a74)
     nmethod  11205 1558             java.lang.reflect.Method::invoke (62 bytes)

     Virtual frames (innermost first):
        0 - frame( sp=0x00000003086023a0, unextended_sp=0x00000003086023a0, fp=0x00000000f2b40a7d, pc=0x0000000112fb4a74)
sun.reflect.DelegatingMethodAccessorImpl.invoke(DelegatingMethodAccessorImpl.java:43) - invokevirtual @ bci 6 
        1 - frame( sp=0x00000003086023a0, unextended_sp=0x00000003086023a0, fp=0x00000000f2b40a7d, pc=0x0000000112fb4a74)
java.lang.reflect.Method.invoke(Method.java:498) - invokeinterface @ bci 56 
     Created vframeArray 0x00007fc9010a0e20
DEOPT UNPACKING thread 0x00007fc901010000 vframeArray 0x00007fc9010a0e20 mode 2
     {method} {0x000000010f6fb6f8} &apos;invoke&apos; &apos;(Ljava/lang/Object;[Ljava/lang/Object;)Ljava/lang/Object;&apos; in &apos;java/lang/reflect/Method&apos; - invokeinterface @ bci 56 sp = 0x0000000308602358
     {method} {0x000000010fbbe530} &apos;invoke&apos; &apos;(Ljava/lang/Object;[Ljava/lang/Object;)Ljava/lang/Object;&apos; in &apos;sun/reflect/DelegatingMethodAccessorImpl&apos; - invokevirtual @ bci 6 sp = 0x00000003086022f0
<uncommon_trap thread='9731' reason='class_check' action='maybe_recompile' compile_id='1635' compiler='C2' count='4' stamp='11.240'>
Uncommon trap occurred in org.springframework.util.ConcurrentReferenceHashMap$Segment::findInChain (@0x0000000112e40a04) thread=9731 reason=class_check action=maybe_recompile unloaded_class_index=-1
<jvms bci='54' method='org/springframework/util/ConcurrentReferenceHashMap$Segment findInChain (Lorg/springframework/util/ConcurrentReferenceHashMap$Reference;Ljava/lang/Object;I)Lorg/springframework/util/ConcurrentReferenceHashMap$Reference;' bytes='66' count='5' backedge_count='4' iicount='11' decompiles='1' class_check_traps='4'/>
</uncommon_trap>
DEOPT PACKING thread 0x00007fc901010000 Compiled frame (sp=0x0000000308602530 unextended sp=0x0000000308602530, fp=0x000000079599da70, real_fp=0x0000000308602570, pc=0x0000000112e40a04)
     nmethod  11240 1635             org.springframework.util.ConcurrentReferenceHashMap$Segment::findInChain (66 bytes)

     Virtual frames (innermost first):
        0 - frame( sp=0x0000000308602530, unextended_sp=0x0000000308602530, fp=0x000000079599da70, pc=0x0000000112e40a04)
org.springframework.util.ConcurrentReferenceHashMap$Segment.findInChain(ConcurrentReferenceHashMap.java:653) - invokeinterface @ bci 54 
     Created vframeArray 0x00007fc9010a7020
DEOPT UNPACKING thread 0x00007fc901010000 vframeArray 0x00007fc9010a7020 mode 2
     {method} {0x000000010fac2ee8} &apos;findInChain&apos; &apos;(Lorg/springframework/util/ConcurrentReferenceHashMap$Reference;Ljava/lang/Object;I)Lorg/springframework/util/ConcurrentReferenceHashMap$Reference;&apos; in &apos;org/springframework/util/ConcurrentReferenceHashMap$Segment&apos; - invokeinterface @ bci 54 sp = 0x00000003086024e0
<uncommon_trap thread='9731' reason='class_check' action='maybe_recompile' compile_id='1635' compiler='C2' count='5' state='class_check' stamp='11.257'>
Uncommon trap occurred in org.springframework.util.ConcurrentReferenceHashMap$Segment::findInChain (@0x0000000112e40a04) thread=9731 reason=class_check action=maybe_recompile unloaded_class_index=-1
<jvms bci='54' method='org/springframework/util/ConcurrentReferenceHashMap$Segment findInChain (Lorg/springframework/util/ConcurrentReferenceHashMap$Reference;Ljava/lang/Object;I)Lorg/springframework/util/ConcurrentReferenceHashMap$Reference;' bytes='66' count='5' backedge_count='5' iicount='11' decompiles='1' class_check_traps='5'/>
</uncommon_trap>
DEOPT PACKING thread 0x00007fc901010000 Compiled frame (sp=0x00000003086024b0 unextended sp=0x00000003086024b0, fp=0x000000079599da70, real_fp=0x00000003086024f0, pc=0x0000000112e40a04)
     nmethod  11256 1635             org.springframework.util.ConcurrentReferenceHashMap$Segment::findInChain (66 bytes)

     Virtual frames (innermost first):
        0 - frame( sp=0x00000003086024b0, unextended_sp=0x00000003086024b0, fp=0x000000079599da70, pc=0x0000000112e40a04)
org.springframework.util.ConcurrentReferenceHashMap$Segment.findInChain(ConcurrentReferenceHashMap.java:653) - invokeinterface @ bci 54 
     Created vframeArray 0x00007fc902061a20
DEOPT UNPACKING thread 0x00007fc901010000 vframeArray 0x00007fc902061a20 mode 2
     {method} {0x000000010fac2ee8} &apos;findInChain&apos; &apos;(Lorg/springframework/util/ConcurrentReferenceHashMap$Reference;Ljava/lang/Object;I)Lorg/springframework/util/ConcurrentReferenceHashMap$Reference;&apos; in &apos;org/springframework/util/ConcurrentReferenceHashMap$Segment&apos; - invokeinterface @ bci 54 sp = 0x0000000308602460
<uncommon_trap thread='9731' reason='class_check' action='maybe_recompile' compile_id='1558' compiler='C2' count='3' state='class_check' stamp='11.274'>
Uncommon trap occurred in java.lang.reflect.Method::invoke (@0x0000000112fb4a74) thread=9731 reason=class_check action=maybe_recompile unloaded_class_index=-1
<jvms bci='6' method='sun/reflect/DelegatingMethodAccessorImpl invoke (Ljava/lang/Object;[Ljava/lang/Object;)Ljava/lang/Object;' bytes='10' count='5' backedge_count='1' iicount='10' class_check_traps='3'/>
<jvms bci='56' method='java/lang/reflect/Method invoke (Ljava/lang/Object;[Ljava/lang/Object;)Ljava/lang/Object;' bytes='62' count='5' backedge_count='1' iicount='10'/>
</uncommon_trap>
DEOPT PACKING thread 0x00007fc901010000 Compiled frame (sp=0x0000000308602430 unextended sp=0x0000000308602430, fp=0x00000000f2b40a7d, real_fp=0x0000000308602470, pc=0x0000000112fb4a74)
     nmethod  11274 1558             java.lang.reflect.Method::invoke (62 bytes)

     Virtual frames (innermost first):
        0 - frame( sp=0x0000000308602430, unextended_sp=0x0000000308602430, fp=0x00000000f2b40a7d, pc=0x0000000112fb4a74)
sun.reflect.DelegatingMethodAccessorImpl.invoke(DelegatingMethodAccessorImpl.java:43) - invokevirtual @ bci 6 
        1 - frame( sp=0x0000000308602430, unextended_sp=0x0000000308602430, fp=0x00000000f2b40a7d, pc=0x0000000112fb4a74)
java.lang.reflect.Method.invoke(Method.java:498) - invokeinterface @ bci 56 
     Created vframeArray 0x00007fc90285e420
DEOPT UNPACKING thread 0x00007fc901010000 vframeArray 0x00007fc90285e420 mode 2
     {method} {0x000000010f6fb6f8} &apos;invoke&apos; &apos;(Ljava/lang/Object;[Ljava/lang/Object;)Ljava/lang/Object;&apos; in &apos;java/lang/reflect/Method&apos; - invokeinterface @ bci 56 sp = 0x00000003086023e8
     {method} {0x000000010fbbe530} &apos;invoke&apos; &apos;(Ljava/lang/Object;[Ljava/lang/Object;)Ljava/lang/Object;&apos; in &apos;sun/reflect/DelegatingMethodAccessorImpl&apos; - invokevirtual @ bci 6 sp = 0x0000000308602380
<uncommon_trap thread='9731' reason='class_check' action='maybe_recompile' compile_id='1524' compiler='C2' count='2' state='class_check' stamp='11.275'>
Uncommon trap occurred in org.springframework.core.ResolvableType::resolveType (@0x0000000112fa2b90) thread=9731 reason=class_check action=maybe_recompile unloaded_class_index=-1
<jvms bci='91' method='org/springframework/core/ResolvableType resolveType ()Lorg/springframework/core/ResolvableType;' bytes='151' count='6' backedge_count='1' iicount='11' class_check_traps='2'/>
</uncommon_trap>
DEOPT PACKING thread 0x00007fc901010000 Compiled frame (sp=0x00000003086025c0 unextended sp=0x00000003086025c0, fp=0x0000000795a0c1d0, real_fp=0x0000000308602600, pc=0x0000000112fa2b90)
     nmethod  11274 1524             org.springframework.core.ResolvableType::resolveType (151 bytes)

     Virtual frames (innermost first):
        0 - frame( sp=0x00000003086025c0, unextended_sp=0x00000003086025c0, fp=0x0000000795a0c1d0, pc=0x0000000112fa2b90)
org.springframework.core.ResolvableType.resolveType(ResolvableType.java:862) - instanceof @ bci 91 
     Created vframeArray 0x00007fc9010a7020
DEOPT UNPACKING thread 0x00007fc901010000 vframeArray 0x00007fc9010a7020 mode 2
     {method} {0x000000010fad1f58} &apos;resolveType&apos; &apos;()Lorg/springframework/core/ResolvableType;&apos; in &apos;org/springframework/core/ResolvableType&apos; - instanceof @ bci 91 sp = 0x0000000308602598
<uncommon_trap thread='9731' reason='class_check' action='maybe_recompile' compile_id='1533' compiler='C2' stamp='11.310'>
Uncommon trap occurred in java.lang.reflect.Constructor::newInstance (@0x0000000112fa98b0) thread=9731 reason=class_check action=maybe_recompile unloaded_class_index=-1
<jvms bci='5' method='sun/reflect/DelegatingConstructorAccessorImpl newInstance ([Ljava/lang/Object;)Ljava/lang/Object;' bytes='9' count='5' backedge_count='1' iicount='10'/>
<jvms bci='79' method='java/lang/reflect/Constructor newInstance ([Ljava/lang/Object;)Ljava/lang/Object;' bytes='87' count='5' backedge_count='1' iicount='15' class_check_traps='1'/>
</uncommon_trap>
DEOPT PACKING thread 0x00007fc901010000 Compiled frame (sp=0x00000003086024f0 unextended sp=0x00000003086024f0, fp=0x00000000f2b4119f, real_fp=0x0000000308602530, pc=0x0000000112fa98b0)
     nmethod  11310 1533             java.lang.reflect.Constructor::newInstance (87 bytes)

     Virtual frames (innermost first):
        0 - frame( sp=0x00000003086024f0, unextended_sp=0x00000003086024f0, fp=0x00000000f2b4119f, pc=0x0000000112fa98b0)
sun.reflect.DelegatingConstructorAccessorImpl.newInstance(DelegatingConstructorAccessorImpl.java:45) - invokevirtual @ bci 5 
        1 - frame( sp=0x00000003086024f0, unextended_sp=0x00000003086024f0, fp=0x00000000f2b4119f, pc=0x0000000112fa98b0)
java.lang.reflect.Constructor.newInstance(Constructor.java:423) - invokeinterface @ bci 79 
     Created vframeArray 0x00007fc90308bc20
DEOPT UNPACKING thread 0x00007fc901010000 vframeArray 0x00007fc90308bc20 mode 2
     {method} {0x000000010f701ce8} &apos;newInstance&apos; &apos;([Ljava/lang/Object;)Ljava/lang/Object;&apos; in &apos;java/lang/reflect/Constructor&apos; - invokeinterface @ bci 79 sp = 0x00000003086024b0
     {method} {0x000000010f80e940} &apos;newInstance&apos; &apos;([Ljava/lang/Object;)Ljava/lang/Object;&apos; in &apos;sun/reflect/DelegatingConstructorAccessorImpl&apos; - invokevirtual @ bci 5 sp = 0x0000000308602450
<uncommon_trap thread='9731' reason='class_check' action='maybe_recompile' compile_id='1559' compiler='C2' count='4' state='class_check recompiled' stamp='11.311'>
Uncommon trap occurred in sun.reflect.DelegatingMethodAccessorImpl::invoke (@0x0000000112fb662c) thread=9731 reason=class_check action=maybe_recompile unloaded_class_index=-1
<jvms bci='6' method='sun/reflect/DelegatingMethodAccessorImpl invoke (Ljava/lang/Object;[Ljava/lang/Object;)Ljava/lang/Object;' bytes='10' count='5' backedge_count='1' iicount='10' class_check_traps='4'/>
</uncommon_trap>
DEOPT PACKING thread 0x00007fc901010000 Compiled frame (sp=0x0000000308602370 unextended sp=0x0000000308602370, fp=0x00000000f2b40a7d, real_fp=0x00000003086023a0, pc=0x0000000112fb662c)
     nmethod  11310 1559             sun.reflect.DelegatingMethodAccessorImpl::invoke (10 bytes)

     Virtual frames (innermost first):
        0 - frame( sp=0x0000000308602370, unextended_sp=0x0000000308602370, fp=0x00000000f2b40a7d, pc=0x0000000112fb662c)
sun.reflect.DelegatingMethodAccessorImpl.invoke(DelegatingMethodAccessorImpl.java:43) - invokevirtual @ bci 6 
     Created vframeArray 0x00007fc902061a20
DEOPT UNPACKING thread 0x00007fc901010000 vframeArray 0x00007fc902061a20 mode 2
     {method} {0x000000010fbbe530} &apos;invoke&apos; &apos;(Ljava/lang/Object;[Ljava/lang/Object;)Ljava/lang/Object;&apos; in &apos;sun/reflect/DelegatingMethodAccessorImpl&apos; - invokevirtual @ bci 6 sp = 0x0000000308602338
<uncommon_trap thread='9731' reason='class_check' action='maybe_recompile' compile_id='1524' compiler='C2' count='3' state='class_check' stamp='11.311'>
Uncommon trap occurred in org.springframework.core.ResolvableType::resolveType (@0x0000000112fa2b90) thread=9731 reason=class_check action=maybe_recompile unloaded_class_index=-1
<jvms bci='91' method='org/springframework/core/ResolvableType resolveType ()Lorg/springframework/core/ResolvableType;' bytes='151' count='6' backedge_count='1' iicount='11' class_check_traps='3'/>
</uncommon_trap>
DEOPT PACKING thread 0x00007fc901010000 Compiled frame (sp=0x0000000308602550 unextended sp=0x0000000308602550, fp=0x0000000795a0e408, real_fp=0x0000000308602590, pc=0x0000000112fa2b90)
     nmethod  11311 1524             org.springframework.core.ResolvableType::resolveType (151 bytes)

     Virtual frames (innermost first):
        0 - frame( sp=0x0000000308602550, unextended_sp=0x0000000308602550, fp=0x0000000795a0e408, pc=0x0000000112fa2b90)
org.springframework.core.ResolvableType.resolveType(ResolvableType.java:862) - instanceof @ bci 91 
     Created vframeArray 0x00007fc902062220
DEOPT UNPACKING thread 0x00007fc901010000 vframeArray 0x00007fc902062220 mode 2
     {method} {0x000000010fad1f58} &apos;resolveType&apos; &apos;()Lorg/springframework/core/ResolvableType;&apos; in &apos;org/springframework/core/ResolvableType&apos; - instanceof @ bci 91 sp = 0x0000000308602528
<uncommon_trap thread='9731' reason='class_check' action='maybe_recompile' compile_id='1533' compiler='C2' count='1' state='class_check' stamp='11.315'>
Uncommon trap occurred in java.lang.reflect.Constructor::newInstance (@0x0000000112fa98b0) thread=9731 reason=class_check action=maybe_recompile unloaded_class_index=-1
<jvms bci='5' method='sun/reflect/DelegatingConstructorAccessorImpl newInstance ([Ljava/lang/Object;)Ljava/lang/Object;' bytes='9' count='5' backedge_count='1' iicount='10' class_check_traps='1'/>
<jvms bci='79' method='java/lang/reflect/Constructor newInstance ([Ljava/lang/Object;)Ljava/lang/Object;' bytes='87' count='5' backedge_count='1' iicount='15' class_check_traps='1'/>
</uncommon_trap>
DEOPT PACKING thread 0x00007fc901010000 Compiled frame (sp=0x0000000308602330 unextended sp=0x0000000308602330, fp=0x00000000f2b4119f, real_fp=0x0000000308602370, pc=0x0000000112fa98b0)
     nmethod  11315 1533             java.lang.reflect.Constructor::newInstance (87 bytes)

     Virtual frames (innermost first):
        0 - frame( sp=0x0000000308602330, unextended_sp=0x0000000308602330, fp=0x00000000f2b4119f, pc=0x0000000112fa98b0)
sun.reflect.DelegatingConstructorAccessorImpl.newInstance(DelegatingConstructorAccessorImpl.java:45) - invokevirtual @ bci 5 
        1 - frame( sp=0x0000000308602330, unextended_sp=0x0000000308602330, fp=0x00000000f2b4119f, pc=0x0000000112fa98b0)
java.lang.reflect.Constructor.newInstance(Constructor.java:423) - invokeinterface @ bci 79 
     Created vframeArray 0x00007fc902061a20
DEOPT UNPACKING thread 0x00007fc901010000 vframeArray 0x00007fc902061a20 mode 2
     {method} {0x000000010f701ce8} &apos;newInstance&apos; &apos;([Ljava/lang/Object;)Ljava/lang/Object;&apos; in &apos;java/lang/reflect/Constructor&apos; - invokeinterface @ bci 79 sp = 0x00000003086022f0
     {method} {0x000000010f80e940} &apos;newInstance&apos; &apos;([Ljava/lang/Object;)Ljava/lang/Object;&apos; in &apos;sun/reflect/DelegatingConstructorAccessorImpl&apos; - invokevirtual @ bci 5 sp = 0x0000000308602290
<uncommon_trap thread='9731' reason='speculate_class_check' action='maybe_recompile' compile_id='1464' compiler='C2' count='1' stamp='11.381'>
Uncommon trap occurred in org.springframework.util.ConcurrentReferenceHashMap$Segment::doTask (@0x0000000112f84060) thread=9731 reason=speculate_class_check action=maybe_recompile unloaded_class_index=-1
<jvms bci='126' method='org/springframework/util/ConcurrentReferenceHashMap$Segment doTask (ILjava/lang/Object;Lorg/springframework/util/ConcurrentReferenceHashMap$Task;)Ljava/lang/Object;' bytes='179' count='5' backedge_count='1' iicount='10' speculate_class_check_traps='1'/>
</uncommon_trap>
DEOPT PACKING thread 0x00007fc901010000 Compiled frame (sp=0x0000000308602670 unextended sp=0x0000000308602670, fp=0x0000000795696de0, real_fp=0x00000003086026f0, pc=0x0000000112f84060)
     nmethod  11381 1464   !         org.springframework.util.ConcurrentReferenceHashMap$Segment::doTask (179 bytes)

     Virtual frames (innermost first):
        0 - frame( sp=0x0000000308602670, unextended_sp=0x0000000308602670, fp=0x0000000795696de0, pc=0x0000000112f84060)
org.springframework.util.ConcurrentReferenceHashMap$Segment.doTask(ConcurrentReferenceHashMap.java:537) - invokevirtual @ bci 126 
     Created vframeArray 0x00007fc90285d620
DEOPT UNPACKING thread 0x00007fc901010000 vframeArray 0x00007fc90285d620 mode 2
     {method} {0x000000010fac2768} &apos;doTask&apos; &apos;(ILjava/lang/Object;Lorg/springframework/util/ConcurrentReferenceHashMap$Task;)Ljava/lang/Object;&apos; in &apos;org/springframework/util/ConcurrentReferenceHashMap$Segment&apos; - invokevirtual @ bci 126 sp = 0x0000000308602620
<uncommon_trap thread='9731' reason='class_check' action='maybe_recompile' compile_id='1533' compiler='C2' count='2' state='class_check' stamp='11.412'>
Uncommon trap occurred in java.lang.reflect.Constructor::newInstance (@0x0000000112fa98b0) thread=9731 reason=class_check action=maybe_recompile unloaded_class_index=-1
<jvms bci='5' method='sun/reflect/DelegatingConstructorAccessorImpl newInstance ([Ljava/lang/Object;)Ljava/lang/Object;' bytes='9' count='5' backedge_count='1' iicount='10' class_check_traps='2'/>
<jvms bci='79' method='java/lang/reflect/Constructor newInstance ([Ljava/lang/Object;)Ljava/lang/Object;' bytes='87' count='5' backedge_count='1' iicount='15' class_check_traps='1'/>
</uncommon_trap>
DEOPT PACKING thread 0x00007fc901010000 Compiled frame (sp=0x0000000308602550 unextended sp=0x0000000308602550, fp=0x00000000f2b4119f, real_fp=0x0000000308602590, pc=0x0000000112fa98b0)
     nmethod  11412 1533             java.lang.reflect.Constructor::newInstance (87 bytes)

     Virtual frames (innermost first):
        0 - frame( sp=0x0000000308602550, unextended_sp=0x0000000308602550, fp=0x00000000f2b4119f, pc=0x0000000112fa98b0)
sun.reflect.DelegatingConstructorAccessorImpl.newInstance(DelegatingConstructorAccessorImpl.java:45) - invokevirtual @ bci 5 
        1 - frame( sp=0x0000000308602550, unextended_sp=0x0000000308602550, fp=0x00000000f2b4119f, pc=0x0000000112fa98b0)
java.lang.reflect.Constructor.newInstance(Constructor.java:423) - invokeinterface @ bci 79 
     Created vframeArray 0x00007fc902873420
DEOPT UNPACKING thread 0x00007fc901010000 vframeArray 0x00007fc902873420 mode 2
     {method} {0x000000010f701ce8} &apos;newInstance&apos; &apos;([Ljava/lang/Object;)Ljava/lang/Object;&apos; in &apos;java/lang/reflect/Constructor&apos; - invokeinterface @ bci 79 sp = 0x0000000308602510
     {method} {0x000000010f80e940} &apos;newInstance&apos; &apos;([Ljava/lang/Object;)Ljava/lang/Object;&apos; in &apos;sun/reflect/DelegatingConstructorAccessorImpl&apos; - invokevirtual @ bci 5 sp = 0x00000003086024b0
<uncommon_trap thread='9731' reason='class_check' action='maybe_recompile' compile_id='1533' compiler='C2' count='3' state='class_check' stamp='11.420'>
Uncommon trap occurred in java.lang.reflect.Constructor::newInstance (@0x0000000112fa98b0) thread=9731 reason=class_check action=maybe_recompile unloaded_class_index=-1
<jvms bci='5' method='sun/reflect/DelegatingConstructorAccessorImpl newInstance ([Ljava/lang/Object;)Ljava/lang/Object;' bytes='9' count='5' backedge_count='1' iicount='10' class_check_traps='3'/>
<jvms bci='79' method='java/lang/reflect/Constructor newInstance ([Ljava/lang/Object;)Ljava/lang/Object;' bytes='87' count='5' backedge_count='1' iicount='15' class_check_traps='1'/>
</uncommon_trap>
DEOPT PACKING thread 0x00007fc901010000 Compiled frame (sp=0x00000003086023b0 unextended sp=0x00000003086023b0, fp=0x00000000f2b4119f, real_fp=0x00000003086023f0, pc=0x0000000112fa98b0)
     nmethod  11420 1533             java.lang.reflect.Constructor::newInstance (87 bytes)

     Virtual frames (innermost first):
        0 - frame( sp=0x00000003086023b0, unextended_sp=0x00000003086023b0, fp=0x00000000f2b4119f, pc=0x0000000112fa98b0)
sun.reflect.DelegatingConstructorAccessorImpl.newInstance(DelegatingConstructorAccessorImpl.java:45) - invokevirtual @ bci 5 
        1 - frame( sp=0x00000003086023b0, unextended_sp=0x00000003086023b0, fp=0x00000000f2b4119f, pc=0x0000000112fa98b0)
java.lang.reflect.Constructor.newInstance(Constructor.java:423) - invokeinterface @ bci 79 
     Created vframeArray 0x00007fc9010a0e20
DEOPT UNPACKING thread 0x00007fc901010000 vframeArray 0x00007fc9010a0e20 mode 2
     {method} {0x000000010f701ce8} &apos;newInstance&apos; &apos;([Ljava/lang/Object;)Ljava/lang/Object;&apos; in &apos;java/lang/reflect/Constructor&apos; - invokeinterface @ bci 79 sp = 0x0000000308602370
     {method} {0x000000010f80e940} &apos;newInstance&apos; &apos;([Ljava/lang/Object;)Ljava/lang/Object;&apos; in &apos;sun/reflect/DelegatingConstructorAccessorImpl&apos; - invokevirtual @ bci 5 sp = 0x0000000308602310
<uncommon_trap thread='9731' reason='class_check' action='maybe_recompile' compile_id='1317' compiler='C2' count='4' state='class_check recompiled' stamp='11.564'>
Uncommon trap occurred in sun.reflect.DelegatingConstructorAccessorImpl::newInstance (@0x0000000112f481a8) thread=9731 reason=class_check action=maybe_recompile unloaded_class_index=-1
<jvms bci='5' method='sun/reflect/DelegatingConstructorAccessorImpl newInstance ([Ljava/lang/Object;)Ljava/lang/Object;' bytes='9' count='5' backedge_count='1' iicount='10' class_check_traps='4'/>
</uncommon_trap>
DEOPT PACKING thread 0x00007fc901010000 Compiled frame (sp=0x00000003086024d0 unextended sp=0x00000003086024d0, fp=0x00000000f2b4119f, real_fp=0x0000000308602500, pc=0x0000000112f481a8)
     nmethod  11564 1317             sun.reflect.DelegatingConstructorAccessorImpl::newInstance (9 bytes)

     Virtual frames (innermost first):
        0 - frame( sp=0x00000003086024d0, unextended_sp=0x00000003086024d0, fp=0x00000000f2b4119f, pc=0x0000000112f481a8)
sun.reflect.DelegatingConstructorAccessorImpl.newInstance(DelegatingConstructorAccessorImpl.java:45) - invokevirtual @ bci 5 
     Created vframeArray 0x00007fc901078a20
DEOPT UNPACKING thread 0x00007fc901010000 vframeArray 0x00007fc901078a20 mode 2
     {method} {0x000000010f80e940} &apos;newInstance&apos; &apos;([Ljava/lang/Object;)Ljava/lang/Object;&apos; in &apos;sun/reflect/DelegatingConstructorAccessorImpl&apos; - invokevirtual @ bci 5 sp = 0x00000003086024a0
<uncommon_trap thread='9731' reason='bimorphic' action='maybe_recompile' compile_id='1631' compiler='C2' count='4' stamp='11.575'>
Uncommon trap occurred in org.springframework.core.SerializableTypeWrapper$TypeProxyInvocationHandler::invoke (@0x0000000112e50358) thread=9731 reason=bimorphic action=maybe_recompile unloaded_class_index=-1
<jvms bci='236' method='org/springframework/core/SerializableTypeWrapper$TypeProxyInvocationHandler invoke (Ljava/lang/Object;Ljava/lang/reflect/Method;[Ljava/lang/Object;)Ljava/lang/Object;' bytes='324' count='5' backedge_count='3' iicount='12' decompiles='1' bimorphic_traps='4'/>
</uncommon_trap>
DEOPT PACKING thread 0x00007fc901010000 Compiled frame (sp=0x0000000308602530 unextended sp=0x0000000308602530, fp=0x00000007959d4d80, real_fp=0x00000003086025d0, pc=0x0000000112e50358)
     nmethod  11575 1631             org.springframework.core.SerializableTypeWrapper$TypeProxyInvocationHandler::invoke (324 bytes)

     Virtual frames (innermost first):
        0 - frame( sp=0x0000000308602530, unextended_sp=0x0000000308602530, fp=0x00000007959d4d80, pc=0x0000000112e50358)
org.springframework.core.SerializableTypeWrapper$TypeProxyInvocationHandler.invoke(SerializableTypeWrapper.java:206) - invokeinterface @ bci 236 
     Created vframeArray 0x00007fc90308bc20
DEOPT UNPACKING thread 0x00007fc901010000 vframeArray 0x00007fc90308bc20 mode 2
     {method} {0x000000010fbd03c0} &apos;invoke&apos; &apos;(Ljava/lang/Object;Ljava/lang/reflect/Method;[Ljava/lang/Object;)Ljava/lang/Object;&apos; in &apos;org/springframework/core/SerializableTypeWrapper$TypeProxyInvocationHandler&apos; - invokeinterface @ bci 236 sp = 0x0000000308602538
<uncommon_trap thread='9731' reason='class_check' action='maybe_recompile' compile_id='1631' compiler='C2' stamp='11.591'>
Uncommon trap occurred in org.springframework.core.SerializableTypeWrapper$TypeProxyInvocationHandler::invoke (@0x0000000112e50338) thread=9731 reason=class_check action=maybe_recompile unloaded_class_index=-1
<jvms bci='314' method='org/springframework/core/SerializableTypeWrapper$TypeProxyInvocationHandler invoke (Ljava/lang/Object;Ljava/lang/reflect/Method;[Ljava/lang/Object;)Ljava/lang/Object;' bytes='324' count='5' backedge_count='5' iicount='12' decompiles='1' bimorphic_traps='5'/>
</uncommon_trap>
DEOPT PACKING thread 0x00007fc901010000 Compiled frame (sp=0x0000000308602350 unextended sp=0x0000000308602350, fp=0x0000000000000000, real_fp=0x00000003086023f0, pc=0x0000000112e50338)
     nmethod  11590 1631             org.springframework.core.SerializableTypeWrapper$TypeProxyInvocationHandler::invoke (324 bytes)

     Virtual frames (innermost first):
        0 - frame( sp=0x0000000308602350, unextended_sp=0x0000000308602350, fp=0x0000000000000000, pc=0x0000000112e50338)
org.springframework.core.SerializableTypeWrapper$TypeProxyInvocationHandler.invoke(SerializableTypeWrapper.java:217) - invokeinterface @ bci 314 
     Created vframeArray 0x00007fc902873420
DEOPT UNPACKING thread 0x00007fc901010000 vframeArray 0x00007fc902873420 mode 2
     {method} {0x000000010fbd03c0} &apos;invoke&apos; &apos;(Ljava/lang/Object;Ljava/lang/reflect/Method;[Ljava/lang/Object;)Ljava/lang/Object;&apos; in &apos;org/springframework/core/SerializableTypeWrapper$TypeProxyInvocationHandler&apos; - invokeinterface @ bci 314 sp = 0x0000000308602378
<uncommon_trap thread='9731' reason='class_check' action='maybe_recompile' compile_id='1631' compiler='C2' count='1' state='class_check' stamp='11.592'>
Uncommon trap occurred in org.springframework.core.SerializableTypeWrapper$TypeProxyInvocationHandler::invoke (@0x0000000112e50338) thread=9731 reason=class_check action=maybe_recompile unloaded_class_index=-1
<jvms bci='314' method='org/springframework/core/SerializableTypeWrapper$TypeProxyInvocationHandler invoke (Ljava/lang/Object;Ljava/lang/reflect/Method;[Ljava/lang/Object;)Ljava/lang/Object;' bytes='324' count='5' backedge_count='5' iicount='12' decompiles='1' class_check_traps='1' bimorphic_traps='5'/>
</uncommon_trap>
DEOPT PACKING thread 0x00007fc901010000 Compiled frame (sp=0x0000000308602350 unextended sp=0x0000000308602350, fp=0x0000000000000000, real_fp=0x00000003086023f0, pc=0x0000000112e50338)
     nmethod  11591 1631             org.springframework.core.SerializableTypeWrapper$TypeProxyInvocationHandler::invoke (324 bytes)

     Virtual frames (innermost first):
        0 - frame( sp=0x0000000308602350, unextended_sp=0x0000000308602350, fp=0x0000000000000000, pc=0x0000000112e50338)
org.springframework.core.SerializableTypeWrapper$TypeProxyInvocationHandler.invoke(SerializableTypeWrapper.java:217) - invokeinterface @ bci 314 
     Created vframeArray 0x00007fc90287e420
DEOPT UNPACKING thread 0x00007fc901010000 vframeArray 0x00007fc90287e420 mode 2
     {method} {0x000000010fbd03c0} &apos;invoke&apos; &apos;(Ljava/lang/Object;Ljava/lang/reflect/Method;[Ljava/lang/Object;)Ljava/lang/Object;&apos; in &apos;org/springframework/core/SerializableTypeWrapper$TypeProxyInvocationHandler&apos; - invokeinterface @ bci 314 sp = 0x0000000308602378
<uncommon_trap thread='9731' reason='bimorphic' action='maybe_recompile' compile_id='1631' compiler='C2' count='5' state='#7' stamp='11.613'>
Uncommon trap occurred in org.springframework.core.SerializableTypeWrapper$TypeProxyInvocationHandler::invoke (@0x0000000112e50358) thread=9731 reason=bimorphic action=maybe_recompile unloaded_class_index=-1
<jvms bci='236' method='org/springframework/core/SerializableTypeWrapper$TypeProxyInvocationHandler invoke (Ljava/lang/Object;Ljava/lang/reflect/Method;[Ljava/lang/Object;)Ljava/lang/Object;' bytes='324' count='5' backedge_count='5' iicount='12' decompiles='1' class_check_traps='2' bimorphic_traps='5'/>
</uncommon_trap>
DEOPT PACKING thread 0x00007fc901010000 Compiled frame (sp=0x00000003086025f0 unextended sp=0x00000003086025f0, fp=0x00000007959d13b0, real_fp=0x0000000308602690, pc=0x0000000112e50358)
     nmethod  11612 1631             org.springframework.core.SerializableTypeWrapper$TypeProxyInvocationHandler::invoke (324 bytes)

     Virtual frames (innermost first):
        0 - frame( sp=0x00000003086025f0, unextended_sp=0x00000003086025f0, fp=0x00000007959d13b0, pc=0x0000000112e50358)
org.springframework.core.SerializableTypeWrapper$TypeProxyInvocationHandler.invoke(SerializableTypeWrapper.java:206) - invokeinterface @ bci 236 
     Created vframeArray 0x00007fc90207ba20
DEOPT UNPACKING thread 0x00007fc901010000 vframeArray 0x00007fc90207ba20 mode 2
     {method} {0x000000010fbd03c0} &apos;invoke&apos; &apos;(Ljava/lang/Object;Ljava/lang/reflect/Method;[Ljava/lang/Object;)Ljava/lang/Object;&apos; in &apos;org/springframework/core/SerializableTypeWrapper$TypeProxyInvocationHandler&apos; - invokeinterface @ bci 236 sp = 0x00000003086025f8
<uncommon_trap thread='9731' reason='class_check' action='maybe_recompile' compile_id='1510' compiler='C2' count='2' state='class_check' stamp='11.654'>
Uncommon trap occurred in sun.reflect.generics.repository.FieldRepository::getGenericType (@0x0000000112f9fc44) thread=9731 reason=class_check action=maybe_recompile unloaded_class_index=-1
<jvms bci='20' method='sun/reflect/generics/repository/FieldRepository getGenericType ()Ljava/lang/reflect/Type;' bytes='38' count='5' backedge_count='1' iicount='10' class_check_traps='2'/>
</uncommon_trap>
DEOPT PACKING thread 0x00007fc901010000 Compiled frame (sp=0x0000000308602580 unextended sp=0x0000000308602580, fp=0x0000000795a17b48, real_fp=0x00000003086025c0, pc=0x0000000112f9fc44)
     nmethod  11654 1510             sun.reflect.generics.repository.FieldRepository::getGenericType (38 bytes)

     Virtual frames (innermost first):
        0 - frame( sp=0x0000000308602580, unextended_sp=0x0000000308602580, fp=0x0000000795a17b48, pc=0x0000000112f9fc44)
sun.reflect.generics.repository.FieldRepository.getGenericType(FieldRepository.java:85) - invokeinterface @ bci 20 
     Created vframeArray 0x00007fc90287e420
DEOPT UNPACKING thread 0x00007fc901010000 vframeArray 0x00007fc90287e420 mode 2
     {method} {0x000000010fbdaea0} &apos;getGenericType&apos; &apos;()Ljava/lang/reflect/Type;&apos; in &apos;sun/reflect/generics/repository/FieldRepository&apos; - invokeinterface @ bci 20 sp = 0x0000000308602550
<uncommon_trap thread='9731' reason='unloaded' action='reinterpret' index='81' compile_id='1740' compiler='C2' unresolved='1' name='java/lang/Boolean' stamp='11.657'>
Uncommon trap occurred in org.springframework.core.SerializableTypeWrapper$TypeProxyInvocationHandler::invoke (@0x000000011300f060) thread=9731 reason=unloaded action=reinterpret unloaded_class_index=81 unresolved class: java/lang/Boolean
<jvms bci='157' method='org/springframework/core/SerializableTypeWrapper$TypeProxyInvocationHandler invoke (Ljava/lang/Object;Ljava/lang/reflect/Method;[Ljava/lang/Object;)Ljava/lang/Object;' bytes='324' count='5' backedge_count='5' iicount='13' decompiles='2' class_check_traps='2' bimorphic_traps='6'/>
</uncommon_trap>
DEOPT PACKING thread 0x00007fc901010000 Compiled frame (sp=0x00000003086023e0 unextended sp=0x00000003086023e0, fp=0x0000000000000000, real_fp=0x0000000308602480, pc=0x000000011300f060)
     nmethod  11657 1740             org.springframework.core.SerializableTypeWrapper$TypeProxyInvocationHandler::invoke (324 bytes)

     Virtual frames (innermost first):
        0 - frame( sp=0x00000003086023e0, unextended_sp=0x00000003086023e0, fp=0x0000000000000000, pc=0x000000011300f060)
org.springframework.core.SerializableTypeWrapper$TypeProxyInvocationHandler.invoke(SerializableTypeWrapper.java:195) - invokestatic @ bci 157 
     Created vframeArray 0x00007fc90207ba20
DEOPT UNPACKING thread 0x00007fc901010000 vframeArray 0x00007fc90207ba20 mode 2
     {method} {0x000000010fbd03c0} &apos;invoke&apos; &apos;(Ljava/lang/Object;Ljava/lang/reflect/Method;[Ljava/lang/Object;)Ljava/lang/Object;&apos; in &apos;org/springframework/core/SerializableTypeWrapper$TypeProxyInvocationHandler&apos; - invokestatic @ bci 157 sp = 0x0000000308602410
<uncommon_trap thread='9731' reason='class_check' action='maybe_recompile' compile_id='1593' compiler='C2' count='1' state='class_check' stamp='11.662'>
Uncommon trap occurred in org.springframework.core.ResolvableType::getGenerics (@0x0000000112fccae4) thread=9731 reason=class_check action=maybe_recompile unloaded_class_index=-1
<jvms bci='78' method='org/springframework/core/ResolvableType getGenerics ()[Lorg/springframework/core/ResolvableType;' bytes='148' count='5' backedge_count='2' iicount='8' class_check_traps='1'/>
</uncommon_trap>
DEOPT PACKING thread 0x00007fc901010000 Compiled frame (sp=0x00000003086026c0 unextended sp=0x00000003086026c0, fp=0x0000000795a18248, real_fp=0x0000000308602720, pc=0x0000000112fccae4)
     nmethod  11661 1593             org.springframework.core.ResolvableType::getGenerics (148 bytes)

     Virtual frames (innermost first):
        0 - frame( sp=0x00000003086026c0, unextended_sp=0x00000003086026c0, fp=0x0000000795a18248, pc=0x0000000112fccae4)
org.springframework.core.ResolvableType.getGenerics(ResolvableType.java:734) - instanceof @ bci 78 
     Created vframeArray 0x00007fc90287e420
DEOPT UNPACKING thread 0x00007fc901010000 vframeArray 0x00007fc90287e420 mode 2
     {method} {0x000000010fad1780} &apos;getGenerics&apos; &apos;()[Lorg/springframework/core/ResolvableType;&apos; in &apos;org/springframework/core/ResolvableType&apos; - instanceof @ bci 78 sp = 0x00000003086026a8
<uncommon_trap thread='9731' reason='class_check' action='maybe_recompile' compile_id='1593' compiler='C2' count='2' state='class_check' stamp='11.703'>
Uncommon trap occurred in org.springframework.core.ResolvableType::getGenerics (@0x0000000112fccae4) thread=9731 reason=class_check action=maybe_recompile unloaded_class_index=-1
<jvms bci='78' method='org/springframework/core/ResolvableType getGenerics ()[Lorg/springframework/core/ResolvableType;' bytes='148' count='5' backedge_count='2' iicount='8' class_check_traps='2'/>
</uncommon_trap>
DEOPT PACKING thread 0x00007fc901010000 Compiled frame (sp=0x0000000308602640 unextended sp=0x0000000308602640, fp=0x0000000795a18618, real_fp=0x00000003086026a0, pc=0x0000000112fccae4)
     nmethod  11703 1593             org.springframework.core.ResolvableType::getGenerics (148 bytes)

     Virtual frames (innermost first):
        0 - frame( sp=0x0000000308602640, unextended_sp=0x0000000308602640, fp=0x0000000795a18618, pc=0x0000000112fccae4)
org.springframework.core.ResolvableType.getGenerics(ResolvableType.java:734) - instanceof @ bci 78 
     Created vframeArray 0x00007fc902874020
DEOPT UNPACKING thread 0x00007fc901010000 vframeArray 0x00007fc902874020 mode 2
     {method} {0x000000010fad1780} &apos;getGenerics&apos; &apos;()[Lorg/springframework/core/ResolvableType;&apos; in &apos;org/springframework/core/ResolvableType&apos; - instanceof @ bci 78 sp = 0x0000000308602630
<uncommon_trap thread='9731' reason='predicate' action='maybe_recompile' compile_id='1739' compiler='C2' stamp='11.704'>
Uncommon trap occurred in org.springframework.core.ResolvableType::resolveVariable (@0x0000000113008b1c) thread=9731 reason=predicate action=maybe_recompile unloaded_class_index=-1
<jvms bci='65' method='org/springframework/core/ResolvableType resolveVariable (Ljava/lang/reflect/TypeVariable;)Lorg/springframework/core/ResolvableType;' bytes='186' count='6' backedge_count='2' iicount='10'/>
</uncommon_trap>
DEOPT PACKING thread 0x00007fc901010000 Compiled frame (sp=0x00000003086024a0 unextended sp=0x00000003086024a0, fp=0x0000000795a17a30, real_fp=0x0000000308602500, pc=0x0000000113008b1c)
     nmethod  11703 1739             org.springframework.core.ResolvableType::resolveVariable (186 bytes)

     Virtual frames (innermost first):
        0 - frame( sp=0x00000003086024a0, unextended_sp=0x00000003086024a0, fp=0x0000000795a17a30, pc=0x0000000113008b1c)
org.springframework.core.ResolvableType.resolveVariable(ResolvableType.java:898) - aload @ bci 65 
     Created vframeArray 0x00007fc90308bc20
DEOPT UNPACKING thread 0x00007fc901010000 vframeArray 0x00007fc90308bc20 mode 2
     {method} {0x000000010fad2278} &apos;resolveVariable&apos; &apos;(Ljava/lang/reflect/TypeVariable;)Lorg/springframework/core/ResolvableType;&apos; in &apos;org/springframework/core/ResolvableType&apos; - aload @ bci 65 sp = 0x0000000308602478
<uncommon_trap thread='9731' reason='bimorphic' action='maybe_recompile' compile_id='1406' compiler='C2' count='1' state='#7' stamp='11.712'>
Uncommon trap occurred in sun.reflect.generics.visitor.Reifier::reifyTypeArguments (@0x0000000112e3ea80) thread=9731 reason=bimorphic action=maybe_recompile unloaded_class_index=-1
<jvms bci='18' method='sun/reflect/generics/visitor/Reifier reifyTypeArguments ([Lsun/reflect/generics/tree/TypeArgument;)[Ljava/lang/reflect/Type;' bytes='38' count='5' backedge_count='7' iicount='5' bimorphic_traps='1'/>
</uncommon_trap>
DEOPT PACKING thread 0x00007fc901010000 Compiled frame (sp=0x00000003086024c0 unextended sp=0x00000003086024c0, fp=0x0000000795a18e50, real_fp=0x0000000308602510, pc=0x0000000112e3ea80)
     nmethod  11711 1406             sun.reflect.generics.visitor.Reifier::reifyTypeArguments (38 bytes)

     Virtual frames (innermost first):
        0 - frame( sp=0x00000003086024c0, unextended_sp=0x00000003086024c0, fp=0x0000000795a18e50, pc=0x0000000112e3ea80)
sun.reflect.generics.visitor.Reifier.reifyTypeArguments(Reifier.java:68) - invokeinterface @ bci 18 
     Created vframeArray 0x00007fc902874020
DEOPT UNPACKING thread 0x00007fc901010000 vframeArray 0x00007fc902874020 mode 2
     {method} {0x000000010fbafcf0} &apos;reifyTypeArguments&apos; &apos;([Lsun/reflect/generics/tree/TypeArgument;)[Ljava/lang/reflect/Type;&apos; in &apos;sun/reflect/generics/visitor/Reifier&apos; - invokeinterface @ bci 18 sp = 0x0000000308602490
<uncommon_trap thread='9731' reason='class_check' action='maybe_recompile' compile_id='1593' compiler='C2' count='3' state='class_check' stamp='11.738'>
Uncommon trap occurred in org.springframework.core.ResolvableType::getGenerics (@0x0000000112fccae4) thread=9731 reason=class_check action=maybe_recompile unloaded_class_index=-1
<jvms bci='78' method='org/springframework/core/ResolvableType getGenerics ()[Lorg/springframework/core/ResolvableType;' bytes='148' count='5' backedge_count='3' iicount='8' class_check_traps='3'/>
</uncommon_trap>
DEOPT PACKING thread 0x00007fc901010000 Compiled frame (sp=0x00000003086026c0 unextended sp=0x00000003086026c0, fp=0x0000000795a19f88, real_fp=0x0000000308602720, pc=0x0000000112fccae4)
     nmethod  11737 1593             org.springframework.core.ResolvableType::getGenerics (148 bytes)

     Virtual frames (innermost first):
        0 - frame( sp=0x00000003086026c0, unextended_sp=0x00000003086026c0, fp=0x0000000795a19f88, pc=0x0000000112fccae4)
org.springframework.core.ResolvableType.getGenerics(ResolvableType.java:734) - instanceof @ bci 78 
     Created vframeArray 0x00007fc90207ba20
DEOPT UNPACKING thread 0x00007fc901010000 vframeArray 0x00007fc90207ba20 mode 2
     {method} {0x000000010fad1780} &apos;getGenerics&apos; &apos;()[Lorg/springframework/core/ResolvableType;&apos; in &apos;org/springframework/core/ResolvableType&apos; - instanceof @ bci 78 sp = 0x00000003086026a8
<uncommon_trap thread='9731' reason='class_check' action='maybe_recompile' compile_id='1757' compiler='C2' stamp='11.816'>
Uncommon trap occurred in sun.reflect.generics.reflectiveObjects.ParameterizedTypeImpl::equals (@0x0000000113018248) thread=9731 reason=class_check action=maybe_recompile unloaded_class_index=-1
<jvms bci='1' method='sun/reflect/generics/reflectiveObjects/ParameterizedTypeImpl equals (Ljava/lang/Object;)Z' bytes='81' count='5' backedge_count='1' iicount='10'/>
</uncommon_trap>
DEOPT PACKING thread 0x00007fc901010000 Compiled frame (sp=0x0000000308602490 unextended sp=0x0000000308602490, fp=0x000000079599dd50, real_fp=0x00000003086024c0, pc=0x0000000113018248)
     nmethod  11816 1757             sun.reflect.generics.reflectiveObjects.ParameterizedTypeImpl::equals (81 bytes)

     Virtual frames (innermost first):
        0 - frame( sp=0x0000000308602490, unextended_sp=0x0000000308602490, fp=0x000000079599dd50, pc=0x0000000113018248)
sun.reflect.generics.reflectiveObjects.ParameterizedTypeImpl.equals(ParameterizedTypeImpl.java:160) - instanceof @ bci 1 
     Created vframeArray 0x00007fc9010a0e20
DEOPT UNPACKING thread 0x00007fc901010000 vframeArray 0x00007fc9010a0e20 mode 2
     {method} {0x000000010fbb4010} &apos;equals&apos; &apos;(Ljava/lang/Object;)Z&apos; in &apos;sun/reflect/generics/reflectiveObjects/ParameterizedTypeImpl&apos; - instanceof @ bci 1 sp = 0x0000000308602440
<uncommon_trap thread='9731' reason='null_check' action='make_not_entrant' compile_id='1586' compiler='C2' stamp='11.817'>
Uncommon trap occurred in org.springframework.core.SerializableTypeWrapper$MethodInvokeTypeProvider::getType (@0x0000000112fc528c) thread=9731 reason=null_check action=make_not_entrant unloaded_class_index=-1
<jvms bci='32' method='org/springframework/core/SerializableTypeWrapper$MethodInvokeTypeProvider getType ()Ljava/lang/reflect/Type;' bytes='58' count='5' backedge_count='1' iicount='10'/>
</uncommon_trap>
DEOPT PACKING thread 0x00007fc901010000 Compiled frame (sp=0x0000000308602280 unextended sp=0x0000000308602280, fp=0x0000000795a1e158, real_fp=0x00000003086022b0, pc=0x0000000112fc528c)
     nmethod  11816 1586             org.springframework.core.SerializableTypeWrapper$MethodInvokeTypeProvider::getType (58 bytes)

     Virtual frames (innermost first):
        0 - frame( sp=0x0000000308602280, unextended_sp=0x0000000308602280, fp=0x0000000795a1e158, pc=0x0000000112fc528c)
org.springframework.core.SerializableTypeWrapper$MethodInvokeTypeProvider.getType(SerializableTypeWrapper.java:353) - instanceof @ bci 32 
     Created vframeArray 0x00007fc90207ba20
DEOPT UNPACKING thread 0x00007fc901010000 vframeArray 0x00007fc90207ba20 mode 2
     {method} {0x000000010fc27e70} &apos;getType&apos; &apos;()Ljava/lang/reflect/Type;&apos; in &apos;org/springframework/core/SerializableTypeWrapper$MethodInvokeTypeProvider&apos; - instanceof @ bci 32 sp = 0x0000000308602248
<uncommon_trap thread='9731' reason='class_check' action='maybe_recompile' compile_id='1757' compiler='C2' count='1' state='class_check' stamp='11.824'>
Uncommon trap occurred in sun.reflect.generics.reflectiveObjects.ParameterizedTypeImpl::equals (@0x0000000113018248) thread=9731 reason=class_check action=maybe_recompile unloaded_class_index=-1
<jvms bci='1' method='sun/reflect/generics/reflectiveObjects/ParameterizedTypeImpl equals (Ljava/lang/Object;)Z' bytes='81' count='5' backedge_count='1' iicount='10' class_check_traps='1'/>
</uncommon_trap>
DEOPT PACKING thread 0x00007fc901010000 Compiled frame (sp=0x0000000308602410 unextended sp=0x0000000308602410, fp=0x000000079599dd50, real_fp=0x0000000308602440, pc=0x0000000113018248)
     nmethod  11823 1757             sun.reflect.generics.reflectiveObjects.ParameterizedTypeImpl::equals (81 bytes)

     Virtual frames (innermost first):
        0 - frame( sp=0x0000000308602410, unextended_sp=0x0000000308602410, fp=0x000000079599dd50, pc=0x0000000113018248)
sun.reflect.generics.reflectiveObjects.ParameterizedTypeImpl.equals(ParameterizedTypeImpl.java:160) - instanceof @ bci 1 
     Created vframeArray 0x00007fc902077420
DEOPT UNPACKING thread 0x00007fc901010000 vframeArray 0x00007fc902077420 mode 2
     {method} {0x000000010fbb4010} &apos;equals&apos; &apos;(Ljava/lang/Object;)Z&apos; in &apos;sun/reflect/generics/reflectiveObjects/ParameterizedTypeImpl&apos; - instanceof @ bci 1 sp = 0x00000003086023c0
<uncommon_trap thread='9731' reason='class_check' action='maybe_recompile' compile_id='1510' compiler='C2' count='3' state='class_check' stamp='11.830'>
Uncommon trap occurred in sun.reflect.generics.repository.FieldRepository::getGenericType (@0x0000000112f9fc44) thread=9731 reason=class_check action=maybe_recompile unloaded_class_index=-1
<jvms bci='20' method='sun/reflect/generics/repository/FieldRepository getGenericType ()Ljava/lang/reflect/Type;' bytes='38' count='5' backedge_count='1' iicount='10' class_check_traps='3'/>
</uncommon_trap>
DEOPT PACKING thread 0x00007fc901010000 Compiled frame (sp=0x0000000308602580 unextended sp=0x0000000308602580, fp=0x0000000795a1f348, real_fp=0x00000003086025c0, pc=0x0000000112f9fc44)
     nmethod  11829 1510             sun.reflect.generics.repository.FieldRepository::getGenericType (38 bytes)

     Virtual frames (innermost first):
        0 - frame( sp=0x0000000308602580, unextended_sp=0x0000000308602580, fp=0x0000000795a1f348, pc=0x0000000112f9fc44)
sun.reflect.generics.repository.FieldRepository.getGenericType(FieldRepository.java:85) - invokeinterface @ bci 20 
     Created vframeArray 0x00007fc9010a0e20
DEOPT UNPACKING thread 0x00007fc901010000 vframeArray 0x00007fc9010a0e20 mode 2
     {method} {0x000000010fbdaea0} &apos;getGenericType&apos; &apos;()Ljava/lang/reflect/Type;&apos; in &apos;sun/reflect/generics/repository/FieldRepository&apos; - invokeinterface @ bci 20 sp = 0x0000000308602550
<uncommon_trap thread='9731' reason='speculate_class_check' action='maybe_recompile' compile_id='1464' compiler='C2' count='2' stamp='11.835'>
Uncommon trap occurred in org.springframework.util.ConcurrentReferenceHashMap$Segment::doTask (@0x0000000112f84060) thread=9731 reason=speculate_class_check action=maybe_recompile unloaded_class_index=-1
<jvms bci='126' method='org/springframework/util/ConcurrentReferenceHashMap$Segment doTask (ILjava/lang/Object;Lorg/springframework/util/ConcurrentReferenceHashMap$Task;)Ljava/lang/Object;' bytes='179' count='5' backedge_count='1' iicount='10' speculate_class_check_traps='2'/>
</uncommon_trap>
DEOPT PACKING thread 0x00007fc901010000 Compiled frame (sp=0x0000000308602670 unextended sp=0x0000000308602670, fp=0x0000000795696fc0, real_fp=0x00000003086026f0, pc=0x0000000112f84060)
     nmethod  11835 1464   !         org.springframework.util.ConcurrentReferenceHashMap$Segment::doTask (179 bytes)

     Virtual frames (innermost first):
        0 - frame( sp=0x0000000308602670, unextended_sp=0x0000000308602670, fp=0x0000000795696fc0, pc=0x0000000112f84060)
org.springframework.util.ConcurrentReferenceHashMap$Segment.doTask(ConcurrentReferenceHashMap.java:537) - invokevirtual @ bci 126 
     Created vframeArray 0x00007fc902874020
DEOPT UNPACKING thread 0x00007fc901010000 vframeArray 0x00007fc902874020 mode 2
     {method} {0x000000010fac2768} &apos;doTask&apos; &apos;(ILjava/lang/Object;Lorg/springframework/util/ConcurrentReferenceHashMap$Task;)Ljava/lang/Object;&apos; in &apos;org/springframework/util/ConcurrentReferenceHashMap$Segment&apos; - invokevirtual @ bci 126 sp = 0x0000000308602620
<uncommon_trap thread='9731' reason='bimorphic' action='maybe_recompile' compile_id='1745' compiler='C2' count='6' state='class_check' stamp='11.853'>
Uncommon trap occurred in org.springframework.core.SerializableTypeWrapper$TypeProxyInvocationHandler::invoke (@0x0000000113011de4) thread=9731 reason=bimorphic action=maybe_recompile unloaded_class_index=-1
<jvms bci='314' method='org/springframework/core/SerializableTypeWrapper$TypeProxyInvocationHandler invoke (Ljava/lang/Object;Ljava/lang/reflect/Method;[Ljava/lang/Object;)Ljava/lang/Object;' bytes='324' count='6' backedge_count='1' iicount='22' decompiles='3' class_check_traps='2' bimorphic_traps='6' unloaded_traps='1'/>
</uncommon_trap>
DEOPT PACKING thread 0x00007fc901010000 Compiled frame (sp=0x00000003086024f0 unextended sp=0x00000003086024f0, fp=0x00000000f2b44b4e, real_fp=0x0000000308602590, pc=0x0000000113011de4)
     nmethod  11853 1745             org.springframework.core.SerializableTypeWrapper$TypeProxyInvocationHandler::invoke (324 bytes)

     Virtual frames (innermost first):
        0 - frame( sp=0x00000003086024f0, unextended_sp=0x00000003086024f0, fp=0x00000000f2b44b4e, pc=0x0000000113011de4)
org.springframework.core.SerializableTypeWrapper$TypeProxyInvocationHandler.invoke(SerializableTypeWrapper.java:217) - invokeinterface @ bci 314 
     Created vframeArray 0x00007fc9010a0e20
DEOPT UNPACKING thread 0x00007fc901010000 vframeArray 0x00007fc9010a0e20 mode 2
     {method} {0x000000010fbd03c0} &apos;invoke&apos; &apos;(Ljava/lang/Object;Ljava/lang/reflect/Method;[Ljava/lang/Object;)Ljava/lang/Object;&apos; in &apos;org/springframework/core/SerializableTypeWrapper$TypeProxyInvocationHandler&apos; - invokeinterface @ bci 314 sp = 0x00000003086024f8
<uncommon_trap thread='9731' reason='bimorphic' action='maybe_recompile' compile_id='1737' compiler='C2' state='class_check recompiled' stamp='11.891'>
Uncommon trap occurred in java.lang.reflect.Constructor::newInstance (@0x0000000112ffec28) thread=9731 reason=bimorphic action=maybe_recompile unloaded_class_index=-1
<jvms bci='5' method='sun/reflect/DelegatingConstructorAccessorImpl newInstance ([Ljava/lang/Object;)Ljava/lang/Object;' bytes='9' count='7' backedge_count='1' iicount='12' decompiles='1' class_check_traps='5'/>
<jvms bci='79' method='java/lang/reflect/Constructor newInstance ([Ljava/lang/Object;)Ljava/lang/Object;' bytes='87' count='6' backedge_count='1' iicount='20' decompiles='1' class_check_traps='1'/>
</uncommon_trap>
DEOPT PACKING thread 0x00007fc901010000 Compiled frame (sp=0x0000000308602540 unextended sp=0x0000000308602540, fp=0x00000000f2b45b56, real_fp=0x0000000308602580, pc=0x0000000112ffec28)
     nmethod  11890 1737             java.lang.reflect.Constructor::newInstance (87 bytes)

     Virtual frames (innermost first):
        0 - frame( sp=0x0000000308602540, unextended_sp=0x0000000308602540, fp=0x00000000f2b45b56, pc=0x0000000112ffec28)
sun.reflect.DelegatingConstructorAccessorImpl.newInstance(DelegatingConstructorAccessorImpl.java:45) - invokevirtual @ bci 5 
        1 - frame( sp=0x0000000308602540, unextended_sp=0x0000000308602540, fp=0x00000000f2b45b56, pc=0x0000000112ffec28)
java.lang.reflect.Constructor.newInstance(Constructor.java:423) - invokeinterface @ bci 79 
     Created vframeArray 0x00007fc902077420
DEOPT UNPACKING thread 0x00007fc901010000 vframeArray 0x00007fc902077420 mode 2
     {method} {0x000000010f701ce8} &apos;newInstance&apos; &apos;([Ljava/lang/Object;)Ljava/lang/Object;&apos; in &apos;java/lang/reflect/Constructor&apos; - invokeinterface @ bci 79 sp = 0x0000000308602500
     {method} {0x000000010f80e940} &apos;newInstance&apos; &apos;([Ljava/lang/Object;)Ljava/lang/Object;&apos; in &apos;sun/reflect/DelegatingConstructorAccessorImpl&apos; - invokevirtual @ bci 5 sp = 0x00000003086024a0
<uncommon_trap thread='9731' reason='bimorphic' action='maybe_recompile' compile_id='1745' compiler='C2' count='7' state='#7' stamp='11.891'>
Uncommon trap occurred in org.springframework.core.SerializableTypeWrapper$TypeProxyInvocationHandler::invoke (@0x0000000113011de4) thread=9731 reason=bimorphic action=maybe_recompile unloaded_class_index=-1
<jvms bci='314' method='org/springframework/core/SerializableTypeWrapper$TypeProxyInvocationHandler invoke (Ljava/lang/Object;Ljava/lang/reflect/Method;[Ljava/lang/Object;)Ljava/lang/Object;' bytes='324' count='6' backedge_count='1' iicount='22' decompiles='3' class_check_traps='2' bimorphic_traps='7' unloaded_traps='1'/>
</uncommon_trap>
DEOPT PACKING thread 0x00007fc901010000 Compiled frame (sp=0x00000003086024f0 unextended sp=0x00000003086024f0, fp=0x00000000f2b45be5, real_fp=0x0000000308602590, pc=0x0000000113011de4)
     nmethod  11891 1745             org.springframework.core.SerializableTypeWrapper$TypeProxyInvocationHandler::invoke (324 bytes)

     Virtual frames (innermost first):
        0 - frame( sp=0x00000003086024f0, unextended_sp=0x00000003086024f0, fp=0x00000000f2b45be5, pc=0x0000000113011de4)
org.springframework.core.SerializableTypeWrapper$TypeProxyInvocationHandler.invoke(SerializableTypeWrapper.java:217) - invokeinterface @ bci 314 
     Created vframeArray 0x00007fc90308bc20
DEOPT UNPACKING thread 0x00007fc901010000 vframeArray 0x00007fc90308bc20 mode 2
     {method} {0x000000010fbd03c0} &apos;invoke&apos; &apos;(Ljava/lang/Object;Ljava/lang/reflect/Method;[Ljava/lang/Object;)Ljava/lang/Object;&apos; in &apos;org/springframework/core/SerializableTypeWrapper$TypeProxyInvocationHandler&apos; - invokeinterface @ bci 314 sp = 0x00000003086024f8
<uncommon_trap thread='9731' reason='bimorphic' action='maybe_recompile' compile_id='1406' compiler='C2' count='2' state='#7' stamp='11.939'>
Uncommon trap occurred in sun.reflect.generics.visitor.Reifier::reifyTypeArguments (@0x0000000112e3ea80) thread=9731 reason=bimorphic action=maybe_recompile unloaded_class_index=-1
<jvms bci='18' method='sun/reflect/generics/visitor/Reifier reifyTypeArguments ([Lsun/reflect/generics/tree/TypeArgument;)[Ljava/lang/reflect/Type;' bytes='38' count='5' backedge_count='8' iicount='5' bimorphic_traps='2'/>
</uncommon_trap>
DEOPT PACKING thread 0x00007fc901010000 Compiled frame (sp=0x00000003086024a0 unextended sp=0x00000003086024a0, fp=0x0000000795a31e58, real_fp=0x00000003086024f0, pc=0x0000000112e3ea80)
     nmethod  11938 1406             sun.reflect.generics.visitor.Reifier::reifyTypeArguments (38 bytes)

     Virtual frames (innermost first):
        0 - frame( sp=0x00000003086024a0, unextended_sp=0x00000003086024a0, fp=0x0000000795a31e58, pc=0x0000000112e3ea80)
sun.reflect.generics.visitor.Reifier.reifyTypeArguments(Reifier.java:68) - invokeinterface @ bci 18 
     Created vframeArray 0x00007fc902077420
DEOPT UNPACKING thread 0x00007fc901010000 vframeArray 0x00007fc902077420 mode 2
     {method} {0x000000010fbafcf0} &apos;reifyTypeArguments&apos; &apos;([Lsun/reflect/generics/tree/TypeArgument;)[Ljava/lang/reflect/Type;&apos; in &apos;sun/reflect/generics/visitor/Reifier&apos; - invokeinterface @ bci 18 sp = 0x0000000308602470
<uncommon_trap thread='9731' reason='bimorphic' action='maybe_recompile' compile_id='1737' compiler='C2' count='1' state='#15' stamp='11.947'>
Uncommon trap occurred in java.lang.reflect.Constructor::newInstance (@0x0000000112ffec28) thread=9731 reason=bimorphic action=maybe_recompile unloaded_class_index=-1
<jvms bci='5' method='sun/reflect/DelegatingConstructorAccessorImpl newInstance ([Ljava/lang/Object;)Ljava/lang/Object;' bytes='9' count='7' backedge_count='1' iicount='12' decompiles='1' class_check_traps='5' bimorphic_traps='1'/>
<jvms bci='79' method='java/lang/reflect/Constructor newInstance ([Ljava/lang/Object;)Ljava/lang/Object;' bytes='87' count='6' backedge_count='1' iicount='20' decompiles='1' class_check_traps='1'/>
</uncommon_trap>
DEOPT PACKING thread 0x00007fc901010000 Compiled frame (sp=0x0000000308602460 unextended sp=0x0000000308602460, fp=0x00000000f2b45b56, real_fp=0x00000003086024a0, pc=0x0000000112ffec28)
     nmethod  11946 1737             java.lang.reflect.Constructor::newInstance (87 bytes)

     Virtual frames (innermost first):
        0 - frame( sp=0x0000000308602460, unextended_sp=0x0000000308602460, fp=0x00000000f2b45b56, pc=0x0000000112ffec28)
sun.reflect.DelegatingConstructorAccessorImpl.newInstance(DelegatingConstructorAccessorImpl.java:45) - invokevirtual @ bci 5 
        1 - frame( sp=0x0000000308602460, unextended_sp=0x0000000308602460, fp=0x00000000f2b45b56, pc=0x0000000112ffec28)
java.lang.reflect.Constructor.newInstance(Constructor.java:423) - invokeinterface @ bci 79 
     Created vframeArray 0x00007fc902874020
DEOPT UNPACKING thread 0x00007fc901010000 vframeArray 0x00007fc902874020 mode 2
     {method} {0x000000010f701ce8} &apos;newInstance&apos; &apos;([Ljava/lang/Object;)Ljava/lang/Object;&apos; in &apos;java/lang/reflect/Constructor&apos; - invokeinterface @ bci 79 sp = 0x0000000308602420
     {method} {0x000000010f80e940} &apos;newInstance&apos; &apos;([Ljava/lang/Object;)Ljava/lang/Object;&apos; in &apos;sun/reflect/DelegatingConstructorAccessorImpl&apos; - invokevirtual @ bci 5 sp = 0x00000003086023c0
<uncommon_trap thread='9731' reason='speculate_class_check' action='maybe_recompile' compile_id='1464' compiler='C2' count='3' stamp='11.949'>
Uncommon trap occurred in org.springframework.util.ConcurrentReferenceHashMap$Segment::doTask (@0x0000000112f84060) thread=9731 reason=speculate_class_check action=maybe_recompile unloaded_class_index=-1
<jvms bci='126' method='org/springframework/util/ConcurrentReferenceHashMap$Segment doTask (ILjava/lang/Object;Lorg/springframework/util/ConcurrentReferenceHashMap$Task;)Ljava/lang/Object;' bytes='179' count='5' backedge_count='1' iicount='10' speculate_class_check_traps='3'/>
</uncommon_trap>
DEOPT PACKING thread 0x00007fc901010000 Compiled frame (sp=0x0000000308602670 unextended sp=0x0000000308602670, fp=0x000000079568a3b8, real_fp=0x00000003086026f0, pc=0x0000000112f84060)
     nmethod  11949 1464   !         org.springframework.util.ConcurrentReferenceHashMap$Segment::doTask (179 bytes)

     Virtual frames (innermost first):
        0 - frame( sp=0x0000000308602670, unextended_sp=0x0000000308602670, fp=0x000000079568a3b8, pc=0x0000000112f84060)
org.springframework.util.ConcurrentReferenceHashMap$Segment.doTask(ConcurrentReferenceHashMap.java:537) - invokevirtual @ bci 126 
     Created vframeArray 0x00007fc90308bc20
DEOPT UNPACKING thread 0x00007fc901010000 vframeArray 0x00007fc90308bc20 mode 2
     {method} {0x000000010fac2768} &apos;doTask&apos; &apos;(ILjava/lang/Object;Lorg/springframework/util/ConcurrentReferenceHashMap$Task;)Ljava/lang/Object;&apos; in &apos;org/springframework/util/ConcurrentReferenceHashMap$Segment&apos; - invokevirtual @ bci 126 sp = 0x0000000308602620
<uncommon_trap thread='9731' reason='bimorphic' action='maybe_recompile' compile_id='1737' compiler='C2' count='2' state='#15' stamp='11.974'>
Uncommon trap occurred in java.lang.reflect.Constructor::newInstance (@0x0000000112ffec28) thread=9731 reason=bimorphic action=maybe_recompile unloaded_class_index=-1
<jvms bci='5' method='sun/reflect/DelegatingConstructorAccessorImpl newInstance ([Ljava/lang/Object;)Ljava/lang/Object;' bytes='9' count='7' backedge_count='1' iicount='12' decompiles='1' class_check_traps='5' bimorphic_traps='2'/>
<jvms bci='79' method='java/lang/reflect/Constructor newInstance ([Ljava/lang/Object;)Ljava/lang/Object;' bytes='87' count='6' backedge_count='1' iicount='20' decompiles='1' class_check_traps='1'/>
</uncommon_trap>
DEOPT PACKING thread 0x00007fc901010000 Compiled frame (sp=0x0000000308602460 unextended sp=0x0000000308602460, fp=0x00000000f2b45b56, real_fp=0x00000003086024a0, pc=0x0000000112ffec28)
     nmethod  11974 1737             java.lang.reflect.Constructor::newInstance (87 bytes)

     Virtual frames (innermost first):
        0 - frame( sp=0x0000000308602460, unextended_sp=0x0000000308602460, fp=0x00000000f2b45b56, pc=0x0000000112ffec28)
sun.reflect.DelegatingConstructorAccessorImpl.newInstance(DelegatingConstructorAccessorImpl.java:45) - invokevirtual @ bci 5 
        1 - frame( sp=0x0000000308602460, unextended_sp=0x0000000308602460, fp=0x00000000f2b45b56, pc=0x0000000112ffec28)
java.lang.reflect.Constructor.newInstance(Constructor.java:423) - invokeinterface @ bci 79 
     Created vframeArray 0x00007fc902077420
DEOPT UNPACKING thread 0x00007fc901010000 vframeArray 0x00007fc902077420 mode 2
     {method} {0x000000010f701ce8} &apos;newInstance&apos; &apos;([Ljava/lang/Object;)Ljava/lang/Object;&apos; in &apos;java/lang/reflect/Constructor&apos; - invokeinterface @ bci 79 sp = 0x0000000308602420
     {method} {0x000000010f80e940} &apos;newInstance&apos; &apos;([Ljava/lang/Object;)Ljava/lang/Object;&apos; in &apos;sun/reflect/DelegatingConstructorAccessorImpl&apos; - invokevirtual @ bci 5 sp = 0x00000003086023c0
<uncommon_trap thread='9731' reason='bimorphic' action='maybe_recompile' compile_id='1406' compiler='C2' count='3' state='#7' stamp='11.982'>
Uncommon trap occurred in sun.reflect.generics.visitor.Reifier::reifyTypeArguments (@0x0000000112e3ea80) thread=9731 reason=bimorphic action=maybe_recompile unloaded_class_index=-1
<jvms bci='18' method='sun/reflect/generics/visitor/Reifier reifyTypeArguments ([Lsun/reflect/generics/tree/TypeArgument;)[Ljava/lang/reflect/Type;' bytes='38' count='5' backedge_count='9' iicount='5' bimorphic_traps='3'/>
</uncommon_trap>
DEOPT PACKING thread 0x00007fc901010000 Compiled frame (sp=0x0000000308602320 unextended sp=0x0000000308602320, fp=0x0000000795a3e148, real_fp=0x0000000308602370, pc=0x0000000112e3ea80)
     nmethod  11982 1406             sun.reflect.generics.visitor.Reifier::reifyTypeArguments (38 bytes)

     Virtual frames (innermost first):
        0 - frame( sp=0x0000000308602320, unextended_sp=0x0000000308602320, fp=0x0000000795a3e148, pc=0x0000000112e3ea80)
sun.reflect.generics.visitor.Reifier.reifyTypeArguments(Reifier.java:68) - invokeinterface @ bci 18 
     Created vframeArray 0x00007fc90207ba20
DEOPT UNPACKING thread 0x00007fc901010000 vframeArray 0x00007fc90207ba20 mode 2
     {method} {0x000000010fbafcf0} &apos;reifyTypeArguments&apos; &apos;([Lsun/reflect/generics/tree/TypeArgument;)[Ljava/lang/reflect/Type;&apos; in &apos;sun/reflect/generics/visitor/Reifier&apos; - invokeinterface @ bci 18 sp = 0x00000003086022f0
<uncommon_trap thread='9731' reason='bimorphic' action='maybe_recompile' compile_id='1737' compiler='C2' count='3' state='#15' stamp='11.984'>
Uncommon trap occurred in java.lang.reflect.Constructor::newInstance (@0x0000000112ffec28) thread=9731 reason=bimorphic action=maybe_recompile unloaded_class_index=-1
<jvms bci='5' method='sun/reflect/DelegatingConstructorAccessorImpl newInstance ([Ljava/lang/Object;)Ljava/lang/Object;' bytes='9' count='7' backedge_count='1' iicount='12' decompiles='1' class_check_traps='5' bimorphic_traps='3'/>
<jvms bci='79' method='java/lang/reflect/Constructor newInstance ([Ljava/lang/Object;)Ljava/lang/Object;' bytes='87' count='6' backedge_count='1' iicount='20' decompiles='1' class_check_traps='1'/>
</uncommon_trap>
DEOPT PACKING thread 0x00007fc901010000 Compiled frame (sp=0x0000000308602460 unextended sp=0x0000000308602460, fp=0x00000000f2b45b56, real_fp=0x00000003086024a0, pc=0x0000000112ffec28)
     nmethod  11984 1737             java.lang.reflect.Constructor::newInstance (87 bytes)

     Virtual frames (innermost first):
        0 - frame( sp=0x0000000308602460, unextended_sp=0x0000000308602460, fp=0x00000000f2b45b56, pc=0x0000000112ffec28)
sun.reflect.DelegatingConstructorAccessorImpl.newInstance(DelegatingConstructorAccessorImpl.java:45) - invokevirtual @ bci 5 
        1 - frame( sp=0x0000000308602460, unextended_sp=0x0000000308602460, fp=0x00000000f2b45b56, pc=0x0000000112ffec28)
java.lang.reflect.Constructor.newInstance(Constructor.java:423) - invokeinterface @ bci 79 
     Created vframeArray 0x00007fc90308bc20
DEOPT UNPACKING thread 0x00007fc901010000 vframeArray 0x00007fc90308bc20 mode 2
     {method} {0x000000010f701ce8} &apos;newInstance&apos; &apos;([Ljava/lang/Object;)Ljava/lang/Object;&apos; in &apos;java/lang/reflect/Constructor&apos; - invokeinterface @ bci 79 sp = 0x0000000308602420
     {method} {0x000000010f80e940} &apos;newInstance&apos; &apos;([Ljava/lang/Object;)Ljava/lang/Object;&apos; in &apos;sun/reflect/DelegatingConstructorAccessorImpl&apos; - invokevirtual @ bci 5 sp = 0x00000003086023c0
<uncommon_trap thread='9731' reason='class_check' action='maybe_recompile' compile_id='1792' compiler='C2' count='2' stamp='12.031'>
Uncommon trap occurred in org.springframework.core.SerializableTypeWrapper$TypeProxyInvocationHandler::invoke (@0x0000000113021b58) thread=9731 reason=class_check action=maybe_recompile unloaded_class_index=-1
<jvms bci='127' method='org/springframework/core/SerializableTypeWrapper$TypeProxyInvocationHandler invoke (Ljava/lang/Object;Ljava/lang/reflect/Method;[Ljava/lang/Object;)Ljava/lang/Object;' bytes='324' count='6' backedge_count='1' iicount='26' decompiles='4' class_check_traps='2' bimorphic_traps='8' unloaded_traps='1'/>
</uncommon_trap>
DEOPT PACKING thread 0x00007fc901010000 Compiled frame (sp=0x0000000308602320 unextended sp=0x0000000308602320, fp=0x0000000795a28e28, real_fp=0x00000003086023c0, pc=0x0000000113021b58)
     nmethod  12030 1792             org.springframework.core.SerializableTypeWrapper$TypeProxyInvocationHandler::invoke (324 bytes)

     Virtual frames (innermost first):
        0 - frame( sp=0x0000000308602320, unextended_sp=0x0000000308602320, fp=0x0000000795a28e28, pc=0x0000000113021b58)
org.springframework.core.SerializableTypeWrapper$TypeProxyInvocationHandler.invoke(SerializableTypeWrapper.java:192) - instanceof @ bci 127 
     Created vframeArray 0x00007fc903090620
DEOPT UNPACKING thread 0x00007fc901010000 vframeArray 0x00007fc903090620 mode 2
     {method} {0x000000010fbd03c0} &apos;invoke&apos; &apos;(Ljava/lang/Object;Ljava/lang/reflect/Method;[Ljava/lang/Object;)Ljava/lang/Object;&apos; in &apos;org/springframework/core/SerializableTypeWrapper$TypeProxyInvocationHandler&apos; - instanceof @ bci 127 sp = 0x0000000308602350
<uncommon_trap thread='9731' reason='class_check' action='maybe_recompile' compile_id='1757' compiler='C2' count='2' state='class_check' stamp='12.032'>
Uncommon trap occurred in sun.reflect.generics.reflectiveObjects.ParameterizedTypeImpl::equals (@0x0000000113018248) thread=9731 reason=class_check action=maybe_recompile unloaded_class_index=-1
<jvms bci='1' method='sun/reflect/generics/reflectiveObjects/ParameterizedTypeImpl equals (Ljava/lang/Object;)Z' bytes='81' count='5' backedge_count='1' iicount='10' class_check_traps='2'/>
</uncommon_trap>
DEOPT PACKING thread 0x00007fc901010000 Compiled frame (sp=0x00000003086024f0 unextended sp=0x00000003086024f0, fp=0x00000007959e6970, real_fp=0x0000000308602520, pc=0x0000000113018248)
     nmethod  12032 1757             sun.reflect.generics.reflectiveObjects.ParameterizedTypeImpl::equals (81 bytes)

     Virtual frames (innermost first):
        0 - frame( sp=0x00000003086024f0, unextended_sp=0x00000003086024f0, fp=0x00000007959e6970, pc=0x0000000113018248)
sun.reflect.generics.reflectiveObjects.ParameterizedTypeImpl.equals(ParameterizedTypeImpl.java:160) - instanceof @ bci 1 
     Created vframeArray 0x00007fc90207ba20
DEOPT UNPACKING thread 0x00007fc901010000 vframeArray 0x00007fc90207ba20 mode 2
     {method} {0x000000010fbb4010} &apos;equals&apos; &apos;(Ljava/lang/Object;)Z&apos; in &apos;sun/reflect/generics/reflectiveObjects/ParameterizedTypeImpl&apos; - instanceof @ bci 1 sp = 0x00000003086024a0
<uncommon_trap thread='9731' reason='class_check' action='maybe_recompile' compile_id='1757' compiler='C2' count='3' state='class_check' stamp='12.035'>
Uncommon trap occurred in sun.reflect.generics.reflectiveObjects.ParameterizedTypeImpl::equals (@0x0000000113018248) thread=9731 reason=class_check action=maybe_recompile unloaded_class_index=-1
<jvms bci='1' method='sun/reflect/generics/reflectiveObjects/ParameterizedTypeImpl equals (Ljava/lang/Object;)Z' bytes='81' count='5' backedge_count='1' iicount='10' class_check_traps='3'/>
</uncommon_trap>
DEOPT PACKING thread 0x00007fc901010000 Compiled frame (sp=0x0000000308602490 unextended sp=0x0000000308602490, fp=0x00000007959e6970, real_fp=0x00000003086024c0, pc=0x0000000113018248)
     nmethod  12034 1757             sun.reflect.generics.reflectiveObjects.ParameterizedTypeImpl::equals (81 bytes)

     Virtual frames (innermost first):
        0 - frame( sp=0x0000000308602490, unextended_sp=0x0000000308602490, fp=0x00000007959e6970, pc=0x0000000113018248)
sun.reflect.generics.reflectiveObjects.ParameterizedTypeImpl.equals(ParameterizedTypeImpl.java:160) - instanceof @ bci 1 
     Created vframeArray 0x00007fc902077420
DEOPT UNPACKING thread 0x00007fc901010000 vframeArray 0x00007fc902077420 mode 2
     {method} {0x000000010fbb4010} &apos;equals&apos; &apos;(Ljava/lang/Object;)Z&apos; in &apos;sun/reflect/generics/reflectiveObjects/ParameterizedTypeImpl&apos; - instanceof @ bci 1 sp = 0x0000000308602440
<uncommon_trap thread='9731' reason='predicate' action='maybe_recompile' compile_id='1715' compiler='C2' stamp='12.205'>
Uncommon trap occurred in org.springframework.util.ConcurrentReferenceHashMap$Segment::restructure (@0x0000000112ff999c) thread=9731 reason=predicate action=maybe_recompile unloaded_class_index=-1
<jvms bci='177' method='org/springframework/util/ConcurrentReferenceHashMap$Segment restructure (ZLorg/springframework/util/ConcurrentReferenceHashMap$Reference;)V' bytes='316' count='3' backedge_count='26' iicount='3'/>
</uncommon_trap>
DEOPT PACKING thread 0x00007fc901010000 Compiled frame (sp=0x00000003086024e0 unextended sp=0x00000003086024e0, fp=0x00000000f2b499b8, real_fp=0x0000000308602570, pc=0x0000000112ff999c)
     nmethod  12205 1715   !         org.springframework.util.ConcurrentReferenceHashMap$Segment::restructure (316 bytes)

     Virtual frames (innermost first):
        0 - frame( sp=0x00000003086024e0, unextended_sp=0x00000003086024e0, fp=0x00000000f2b499b8, pc=0x0000000112ff999c)
org.springframework.util.ConcurrentReferenceHashMap$Segment.restructure(ConcurrentReferenceHashMap.java:616) - aload @ bci 177 
     Created vframeArray 0x00007fc902078820
DEOPT UNPACKING thread 0x00007fc901010000 vframeArray 0x00007fc902078820 mode 2
     {method} {0x000000010fac2d18} &apos;restructure&apos; &apos;(ZLorg/springframework/util/ConcurrentReferenceHashMap$Reference;)V&apos; in &apos;org/springframework/util/ConcurrentReferenceHashMap$Segment&apos; - aload @ bci 177 sp = 0x00000003086024b8
<uncommon_trap thread='9731' reason='class_check' action='maybe_recompile' compile_id='1835' compiler='C2' stamp='12.273'>
Uncommon trap occurred in org.springframework.util.ConcurrentReferenceHashMap$Segment::restructure (@0x000000011303afe8) thread=9731 reason=class_check action=maybe_recompile unloaded_class_index=-1
<jvms bci='59' method='org/springframework/util/ConcurrentReferenceHashMap$Segment restructure (ZLorg/springframework/util/ConcurrentReferenceHashMap$Reference;)V' bytes='316' count='4' backedge_count='29' iicount='4' decompiles='1' predicate_traps='1'/>
</uncommon_trap>
DEOPT PACKING thread 0x00007fc901010000 Compiled frame (sp=0x00000003086024f0 unextended sp=0x00000003086024f0, fp=0x00000007958e6248, real_fp=0x0000000308602570, pc=0x000000011303afe8)
     nmethod  12273 1835   !         org.springframework.util.ConcurrentReferenceHashMap$Segment::restructure (316 bytes)

     Virtual frames (innermost first):
        0 - frame( sp=0x00000003086024f0, unextended_sp=0x00000003086024f0, fp=0x00000007958e6248, pc=0x000000011303afe8)
org.springframework.util.ConcurrentReferenceHashMap$Segment.restructure(ConcurrentReferenceHashMap.java:593) - invokeinterface @ bci 59 
     Created vframeArray 0x00007fc902874020
DEOPT UNPACKING thread 0x00007fc901010000 vframeArray 0x00007fc902874020 mode 2
     {method} {0x000000010fac2d18} &apos;restructure&apos; &apos;(ZLorg/springframework/util/ConcurrentReferenceHashMap$Reference;)V&apos; in &apos;org/springframework/util/ConcurrentReferenceHashMap$Segment&apos; - invokeinterface @ bci 59 sp = 0x00000003086024a8
<uncommon_trap thread='9731' reason='class_check' action='maybe_recompile' compile_id='1835' compiler='C2' count='1' state='class_check' stamp='12.274'>
Uncommon trap occurred in org.springframework.util.ConcurrentReferenceHashMap$Segment::restructure (@0x000000011303afe8) thread=9731 reason=class_check action=maybe_recompile unloaded_class_index=-1
<jvms bci='59' method='org/springframework/util/ConcurrentReferenceHashMap$Segment restructure (ZLorg/springframework/util/ConcurrentReferenceHashMap$Reference;)V' bytes='316' count='4' backedge_count='57' iicount='4' decompiles='1' class_check_traps='1' predicate_traps='1'/>
</uncommon_trap>
DEOPT PACKING thread 0x00007fc901010000 Compiled frame (sp=0x00000003086024f0 unextended sp=0x00000003086024f0, fp=0x00000007958e69c8, real_fp=0x0000000308602570, pc=0x000000011303afe8)
     nmethod  12274 1835   !         org.springframework.util.ConcurrentReferenceHashMap$Segment::restructure (316 bytes)

     Virtual frames (innermost first):
        0 - frame( sp=0x00000003086024f0, unextended_sp=0x00000003086024f0, fp=0x00000007958e69c8, pc=0x000000011303afe8)
org.springframework.util.ConcurrentReferenceHashMap$Segment.restructure(ConcurrentReferenceHashMap.java:593) - invokeinterface @ bci 59 
     Created vframeArray 0x00007fc903090620
DEOPT UNPACKING thread 0x00007fc901010000 vframeArray 0x00007fc903090620 mode 2
     {method} {0x000000010fac2d18} &apos;restructure&apos; &apos;(ZLorg/springframework/util/ConcurrentReferenceHashMap$Reference;)V&apos; in &apos;org/springframework/util/ConcurrentReferenceHashMap$Segment&apos; - invokeinterface @ bci 59 sp = 0x00000003086024a8
<uncommon_trap thread='9731' reason='null_check' action='make_not_entrant' compile_id='655' compiler='C2' stamp='12.282'>
Uncommon trap occurred in java.lang.reflect.Array::newInstance (@0x0000000112df26bc) thread=9731 reason=null_check action=make_not_entrant unloaded_class_index=-1
<jvms bci='2' method='java/lang/reflect/Array newInstance (Ljava/lang/Class;I)Ljava/lang/Object;' bytes='6' count='1' backedge_count='1' iicount='10'/>
</uncommon_trap>
DEOPT PACKING thread 0x00007fc901010000 Compiled frame (sp=0x0000000308602640 unextended sp=0x0000000308602640, fp=0x00000007959fced8, real_fp=0x0000000308602670, pc=0x0000000112df26bc)
     nmethod  12281  655             java.lang.reflect.Array::newInstance (6 bytes)

     Virtual frames (innermost first):
        0 - frame( sp=0x0000000308602640, unextended_sp=0x0000000308602640, fp=0x00000007959fced8, pc=0x0000000112df26bc)
java.lang.reflect.Array.newInstance(Array.java:75) - invokestatic @ bci 2 
     Created vframeArray 0x00007fc903090e20
DEOPT UNPACKING thread 0x00007fc901010000 vframeArray 0x00007fc903090e20 mode 2
     {method} {0x000000010fa1a440} &apos;newInstance&apos; &apos;(Ljava/lang/Class;I)Ljava/lang/Object;&apos; in &apos;java/lang/reflect/Array&apos; - invokestatic @ bci 2 sp = 0x0000000308602600
<uncommon_trap thread='9731' reason='class_check' action='maybe_recompile' compile_id='1835' compiler='C2' count='2' state='class_check' stamp='12.286'>
Uncommon trap occurred in org.springframework.util.ConcurrentReferenceHashMap$Segment::restructure (@0x000000011303afe8) thread=9731 reason=class_check action=maybe_recompile unloaded_class_index=-1
<jvms bci='59' method='org/springframework/util/ConcurrentReferenceHashMap$Segment restructure (ZLorg/springframework/util/ConcurrentReferenceHashMap$Reference;)V' bytes='316' count='4' backedge_count='85' iicount='4' decompiles='1' class_check_traps='2' predicate_traps='1'/>
</uncommon_trap>
DEOPT PACKING thread 0x00007fc901010000 Compiled frame (sp=0x0000000308602420 unextended sp=0x0000000308602420, fp=0x00000007958e67e8, real_fp=0x00000003086024a0, pc=0x000000011303afe8)
     nmethod  12285 1835   !         org.springframework.util.ConcurrentReferenceHashMap$Segment::restructure (316 bytes)

     Virtual frames (innermost first):
        0 - frame( sp=0x0000000308602420, unextended_sp=0x0000000308602420, fp=0x00000007958e67e8, pc=0x000000011303afe8)
org.springframework.util.ConcurrentReferenceHashMap$Segment.restructure(ConcurrentReferenceHashMap.java:593) - invokeinterface @ bci 59 
     Created vframeArray 0x00007fc9010a0e20
DEOPT UNPACKING thread 0x00007fc901010000 vframeArray 0x00007fc9010a0e20 mode 2
     {method} {0x000000010fac2d18} &apos;restructure&apos; &apos;(ZLorg/springframework/util/ConcurrentReferenceHashMap$Reference;)V&apos; in &apos;org/springframework/util/ConcurrentReferenceHashMap$Segment&apos; - invokeinterface @ bci 59 sp = 0x00000003086023d8
<uncommon_trap thread='9731' reason='class_check' action='maybe_recompile' compile_id='1835' compiler='C2' count='3' state='class_check' stamp='12.287'>
Uncommon trap occurred in org.springframework.util.ConcurrentReferenceHashMap$Segment::restructure (@0x000000011303afe8) thread=9731 reason=class_check action=maybe_recompile unloaded_class_index=-1
<jvms bci='59' method='org/springframework/util/ConcurrentReferenceHashMap$Segment restructure (ZLorg/springframework/util/ConcurrentReferenceHashMap$Reference;)V' bytes='316' count='4' backedge_count='113' iicount='4' decompiles='1' class_check_traps='3' predicate_traps='1'/>
</uncommon_trap>
DEOPT PACKING thread 0x00007fc901010000 Compiled frame (sp=0x0000000308602490 unextended sp=0x0000000308602490, fp=0x00000007958e69c8, real_fp=0x0000000308602510, pc=0x000000011303afe8)
     nmethod  12286 1835   !         org.springframework.util.ConcurrentReferenceHashMap$Segment::restructure (316 bytes)

     Virtual frames (innermost first):
        0 - frame( sp=0x0000000308602490, unextended_sp=0x0000000308602490, fp=0x00000007958e69c8, pc=0x000000011303afe8)
org.springframework.util.ConcurrentReferenceHashMap$Segment.restructure(ConcurrentReferenceHashMap.java:593) - invokeinterface @ bci 59 
     Created vframeArray 0x00007fc902078820
DEOPT UNPACKING thread 0x00007fc901010000 vframeArray 0x00007fc902078820 mode 2
     {method} {0x000000010fac2d18} &apos;restructure&apos; &apos;(ZLorg/springframework/util/ConcurrentReferenceHashMap$Reference;)V&apos; in &apos;org/springframework/util/ConcurrentReferenceHashMap$Segment&apos; - invokeinterface @ bci 59 sp = 0x0000000308602448
<uncommon_trap thread='9731' reason='class_check' action='maybe_recompile' compile_id='1792' compiler='C2' count='3' state='class_check' stamp='12.348'>
Uncommon trap occurred in org.springframework.core.SerializableTypeWrapper$TypeProxyInvocationHandler::invoke (@0x0000000113021b58) thread=9731 reason=class_check action=maybe_recompile unloaded_class_index=-1
<jvms bci='127' method='org/springframework/core/SerializableTypeWrapper$TypeProxyInvocationHandler invoke (Ljava/lang/Object;Ljava/lang/reflect/Method;[Ljava/lang/Object;)Ljava/lang/Object;' bytes='324' count='6' backedge_count='1' iicount='26' decompiles='4' class_check_traps='3' bimorphic_traps='8' unloaded_traps='1'/>
</uncommon_trap>
DEOPT PACKING thread 0x00007fc901010000 Compiled frame (sp=0x00000003086022d0 unextended sp=0x00000003086022d0, fp=0x0000000795b109a0, real_fp=0x0000000308602370, pc=0x0000000113021b58)
     nmethod  12348 1792             org.springframework.core.SerializableTypeWrapper$TypeProxyInvocationHandler::invoke (324 bytes)

     Virtual frames (innermost first):
        0 - frame( sp=0x00000003086022d0, unextended_sp=0x00000003086022d0, fp=0x0000000795b109a0, pc=0x0000000113021b58)
org.springframework.core.SerializableTypeWrapper$TypeProxyInvocationHandler.invoke(SerializableTypeWrapper.java:192) - instanceof @ bci 127 
     Created vframeArray 0x00007fc9010a0e20
DEOPT UNPACKING thread 0x00007fc901010000 vframeArray 0x00007fc9010a0e20 mode 2
     {method} {0x000000010fbd03c0} &apos;invoke&apos; &apos;(Ljava/lang/Object;Ljava/lang/reflect/Method;[Ljava/lang/Object;)Ljava/lang/Object;&apos; in &apos;org/springframework/core/SerializableTypeWrapper$TypeProxyInvocationHandler&apos; - instanceof @ bci 127 sp = 0x0000000308602300
<uncommon_trap thread='9731' reason='class_check' action='maybe_recompile' compile_id='1743' compiler='C2' stamp='12.498'>
Uncommon trap occurred in org.springframework.core.SerializableTypeWrapper::unwrap (@0x0000000112ffe484) thread=9731 reason=class_check action=maybe_recompile unloaded_class_index=-1
<jvms bci='13' method='org/springframework/core/SerializableTypeWrapper unwrap (Ljava/lang/reflect/Type;)Ljava/lang/reflect/Type;' bytes='34' count='5' backedge_count='1' iicount='10'/>
</uncommon_trap>
DEOPT PACKING thread 0x00007fc901010000 Compiled frame (sp=0x00000003086023a0 unextended sp=0x00000003086023a0, fp=0x0000000795b438c8, real_fp=0x00000003086023d0, pc=0x0000000112ffe484)
     nmethod  12498 1743             org.springframework.core.SerializableTypeWrapper::unwrap (34 bytes)

     Virtual frames (innermost first):
        0 - frame( sp=0x00000003086023a0, unextended_sp=0x00000003086023a0, fp=0x0000000795b438c8, pc=0x0000000112ffe484)
org.springframework.core.SerializableTypeWrapper.unwrap(SerializableTypeWrapper.java:94) - invokeinterface @ bci 13 
     Created vframeArray 0x00007fc9010ad820
DEOPT UNPACKING thread 0x00007fc901010000 vframeArray 0x00007fc9010ad820 mode 2
     {method} {0x000000010fbce4c0} &apos;unwrap&apos; &apos;(Ljava/lang/reflect/Type;)Ljava/lang/reflect/Type;&apos; in &apos;org/springframework/core/SerializableTypeWrapper&apos; - invokeinterface @ bci 13 sp = 0x0000000308602368
<uncommon_trap thread='9731' reason='class_check' action='maybe_recompile' compile_id='1743' compiler='C2' count='1' state='class_check' stamp='12.500'>
Uncommon trap occurred in org.springframework.core.SerializableTypeWrapper::unwrap (@0x0000000112ffe484) thread=9731 reason=class_check action=maybe_recompile unloaded_class_index=-1
<jvms bci='13' method='org/springframework/core/SerializableTypeWrapper unwrap (Ljava/lang/reflect/Type;)Ljava/lang/reflect/Type;' bytes='34' count='5' backedge_count='1' iicount='10' class_check_traps='1'/>
</uncommon_trap>
DEOPT PACKING thread 0x00007fc901010000 Compiled frame (sp=0x00000003086023a0 unextended sp=0x00000003086023a0, fp=0x0000000795b438c8, real_fp=0x00000003086023d0, pc=0x0000000112ffe484)
     nmethod  12500 1743             org.springframework.core.SerializableTypeWrapper::unwrap (34 bytes)

     Virtual frames (innermost first):
        0 - frame( sp=0x00000003086023a0, unextended_sp=0x00000003086023a0, fp=0x0000000795b438c8, pc=0x0000000112ffe484)
org.springframework.core.SerializableTypeWrapper.unwrap(SerializableTypeWrapper.java:94) - invokeinterface @ bci 13 
     Created vframeArray 0x00007fc90287e420
DEOPT UNPACKING thread 0x00007fc901010000 vframeArray 0x00007fc90287e420 mode 2
     {method} {0x000000010fbce4c0} &apos;unwrap&apos; &apos;(Ljava/lang/reflect/Type;)Ljava/lang/reflect/Type;&apos; in &apos;org/springframework/core/SerializableTypeWrapper&apos; - invokeinterface @ bci 13 sp = 0x0000000308602368
<uncommon_trap thread='9731' reason='bimorphic' action='maybe_recompile' compile_id='1848' compiler='C2' count='8' stamp='12.831'>
Uncommon trap occurred in org.springframework.core.SerializableTypeWrapper$TypeProxyInvocationHandler::invoke (@0x0000000113046c3c) thread=9731 reason=bimorphic action=maybe_recompile unloaded_class_index=-1
<jvms bci='147' method='org/springframework/core/SerializableTypeWrapper$TypeProxyInvocationHandler invoke (Ljava/lang/Object;Ljava/lang/reflect/Method;[Ljava/lang/Object;)Ljava/lang/Object;' bytes='324' count='5' backedge_count='1' iicount='29' decompiles='5' class_check_traps='4' bimorphic_traps='8' unloaded_traps='1'/>
</uncommon_trap>
DEOPT PACKING thread 0x00007fc901010000 Compiled frame (sp=0x0000000308602430 unextended sp=0x0000000308602430, fp=0x0000000795a17bf8, real_fp=0x00000003086024d0, pc=0x0000000113046c3c)
     nmethod  12830 1848             org.springframework.core.SerializableTypeWrapper$TypeProxyInvocationHandler::invoke (324 bytes)

     Virtual frames (innermost first):
        0 - frame( sp=0x0000000308602430, unextended_sp=0x0000000308602430, fp=0x0000000795a17bf8, pc=0x0000000113046c3c)
org.springframework.core.SerializableTypeWrapper$TypeProxyInvocationHandler.invoke(SerializableTypeWrapper.java:195) - invokeinterface @ bci 147 
     Created vframeArray 0x00007fc903091e20
DEOPT UNPACKING thread 0x00007fc901010000 vframeArray 0x00007fc903091e20 mode 2
     {method} {0x000000010fbd03c0} &apos;invoke&apos; &apos;(Ljava/lang/Object;Ljava/lang/reflect/Method;[Ljava/lang/Object;)Ljava/lang/Object;&apos; in &apos;org/springframework/core/SerializableTypeWrapper$TypeProxyInvocationHandler&apos; - invokeinterface @ bci 147 sp = 0x0000000308602440
<uncommon_trap thread='9731' reason='bimorphic' action='maybe_recompile' compile_id='1848' compiler='C2' count='9' state='#7' stamp='12.831'>
Uncommon trap occurred in org.springframework.core.SerializableTypeWrapper$TypeProxyInvocationHandler::invoke (@0x0000000113046c3c) thread=9731 reason=bimorphic action=maybe_recompile unloaded_class_index=-1
<jvms bci='147' method='org/springframework/core/SerializableTypeWrapper$TypeProxyInvocationHandler invoke (Ljava/lang/Object;Ljava/lang/reflect/Method;[Ljava/lang/Object;)Ljava/lang/Object;' bytes='324' count='5' backedge_count='1' iicount='29' decompiles='5' class_check_traps='4' bimorphic_traps='9' unloaded_traps='1'/>
</uncommon_trap>
DEOPT PACKING thread 0x00007fc901010000 Compiled frame (sp=0x00000003086023d0 unextended sp=0x00000003086023d0, fp=0x0000000795a17bf8, real_fp=0x0000000308602470, pc=0x0000000113046c3c)
     nmethod  12831 1848             org.springframework.core.SerializableTypeWrapper$TypeProxyInvocationHandler::invoke (324 bytes)

     Virtual frames (innermost first):
        0 - frame( sp=0x00000003086023d0, unextended_sp=0x00000003086023d0, fp=0x0000000795a17bf8, pc=0x0000000113046c3c)
org.springframework.core.SerializableTypeWrapper$TypeProxyInvocationHandler.invoke(SerializableTypeWrapper.java:195) - invokeinterface @ bci 147 
     Created vframeArray 0x00007fc902078620
DEOPT UNPACKING thread 0x00007fc901010000 vframeArray 0x00007fc902078620 mode 2
     {method} {0x000000010fbd03c0} &apos;invoke&apos; &apos;(Ljava/lang/Object;Ljava/lang/reflect/Method;[Ljava/lang/Object;)Ljava/lang/Object;&apos; in &apos;org/springframework/core/SerializableTypeWrapper$TypeProxyInvocationHandler&apos; - invokeinterface @ bci 147 sp = 0x00000003086023e0
<uncommon_trap thread='9731' reason='class_check' action='maybe_recompile' compile_id='1743' compiler='C2' count='2' state='class_check' stamp='12.875'>
Uncommon trap occurred in org.springframework.core.SerializableTypeWrapper::unwrap (@0x0000000112ffe484) thread=9731 reason=class_check action=maybe_recompile unloaded_class_index=-1
<jvms bci='13' method='org/springframework/core/SerializableTypeWrapper unwrap (Ljava/lang/reflect/Type;)Ljava/lang/reflect/Type;' bytes='34' count='5' backedge_count='1' iicount='10' class_check_traps='2'/>
</uncommon_trap>
DEOPT PACKING thread 0x00007fc901010000 Compiled frame (sp=0x00000003086023a0 unextended sp=0x00000003086023a0, fp=0x0000000795bcc810, real_fp=0x00000003086023d0, pc=0x0000000112ffe484)
     nmethod  12875 1743             org.springframework.core.SerializableTypeWrapper::unwrap (34 bytes)

     Virtual frames (innermost first):
        0 - frame( sp=0x00000003086023a0, unextended_sp=0x00000003086023a0, fp=0x0000000795bcc810, pc=0x0000000112ffe484)
org.springframework.core.SerializableTypeWrapper.unwrap(SerializableTypeWrapper.java:94) - invokeinterface @ bci 13 
     Created vframeArray 0x00007fc90287e420
DEOPT UNPACKING thread 0x00007fc901010000 vframeArray 0x00007fc90287e420 mode 2
     {method} {0x000000010fbce4c0} &apos;unwrap&apos; &apos;(Ljava/lang/reflect/Type;)Ljava/lang/reflect/Type;&apos; in &apos;org/springframework/core/SerializableTypeWrapper&apos; - invokeinterface @ bci 13 sp = 0x0000000308602368
<uncommon_trap thread='9731' reason='class_check' action='maybe_recompile' compile_id='1743' compiler='C2' count='3' state='class_check' stamp='12.915'>
Uncommon trap occurred in org.springframework.core.SerializableTypeWrapper::unwrap (@0x0000000112ffe484) thread=9731 reason=class_check action=maybe_recompile unloaded_class_index=-1
<jvms bci='13' method='org/springframework/core/SerializableTypeWrapper unwrap (Ljava/lang/reflect/Type;)Ljava/lang/reflect/Type;' bytes='34' count='5' backedge_count='1' iicount='10' class_check_traps='3'/>
</uncommon_trap>
DEOPT PACKING thread 0x00007fc901010000 Compiled frame (sp=0x00000003086023a0 unextended sp=0x00000003086023a0, fp=0x0000000795c93f88, real_fp=0x00000003086023d0, pc=0x0000000112ffe484)
     nmethod  12915 1743             org.springframework.core.SerializableTypeWrapper::unwrap (34 bytes)

     Virtual frames (innermost first):
        0 - frame( sp=0x00000003086023a0, unextended_sp=0x00000003086023a0, fp=0x0000000795c93f88, pc=0x0000000112ffe484)
org.springframework.core.SerializableTypeWrapper.unwrap(SerializableTypeWrapper.java:94) - invokeinterface @ bci 13 
     Created vframeArray 0x00007fc9010ad820
DEOPT UNPACKING thread 0x00007fc901010000 vframeArray 0x00007fc9010ad820 mode 2
     {method} {0x000000010fbce4c0} &apos;unwrap&apos; &apos;(Ljava/lang/reflect/Type;)Ljava/lang/reflect/Type;&apos; in &apos;org/springframework/core/SerializableTypeWrapper&apos; - invokeinterface @ bci 13 sp = 0x0000000308602368
<uncommon_trap thread='9731' reason='unstable_if' action='reinterpret' compile_id='1884' compile_kind='osr' compiler='C2' stamp='13.076'>
Uncommon trap occurred in repro.ResolvableTypeC2Repro::exerciseSharedCacheRingOsr (@0x0000000112ee019c) thread=9731 reason=unstable_if action=reinterpret unloaded_class_index=-1
<jvms bci='28' method='repro/ResolvableTypeC2Repro exerciseSharedCacheRingOsr (II)V' bytes='640' count='1' backedge_count='1026' iicount='1'/>
</uncommon_trap>
DEOPT PACKING thread 0x00007fc901010000 Compiled frame (sp=0x00000003086027d0 unextended sp=0x00000003086027d0, fp=0x0000000000000000, real_fp=0x00000003086028b0, pc=0x0000000112ee019c)
     nmethod  13076 1884 % !         repro.ResolvableTypeC2Repro::exerciseSharedCacheRingOsr @ -2 (640 bytes)

     Virtual frames (innermost first):
        0 - frame( sp=0x00000003086027d0, unextended_sp=0x00000003086027d0, fp=0x0000000000000000, pc=0x0000000112ee019c)
repro.ResolvableTypeC2Repro.exerciseSharedCacheRingOsr(ResolvableTypeC2Repro.java:537) - if_icmpge @ bci 28 
     Created vframeArray 0x00007fc903091e20
DEOPT UNPACKING thread 0x00007fc901010000 vframeArray 0x00007fc903091e20 mode 2
     {method} {0x000000010fab0130} &apos;exerciseSharedCacheRingOsr&apos; &apos;(II)V&apos; in &apos;repro/ResolvableTypeC2Repro&apos; - if_icmpge @ bci 28 sp = 0x00000003086027c0
C1 Runtime statistics:
 _resolve_invoke_virtual_cnt:     91
 _resolve_invoke_opt_virtual_cnt: 2366
 _resolve_invoke_static_cnt:      1167
 _handle_wrong_method_cnt:        113
 _ic_miss_cnt:                    57
 _generic_arraycopy_cnt:          0
 _generic_arraycopystub_cnt:      0
 _byte_arraycopy_cnt:             0
 _short_arraycopy_cnt:            0
 _int_arraycopy_cnt:              0
 _long_arraycopy_cnt:             0
 _primitive_arraycopy_cnt:        0
 _oop_arraycopy_cnt (C):          0
 _oop_arraycopy_cnt (stub):       0
 _arraycopy_slowcase_cnt:         0
 _arraycopy_checkcast_cnt:        0
 _arraycopy_checkcast_attempt_cnt:0
 _new_type_array_slowcase_cnt:    0
 _new_object_array_slowcase_cnt:  0
 _new_instance_slowcase_cnt:      0
 _new_multi_array_slowcase_cnt:   0
 _monitorenter_slowcase_cnt:      0
 _monitorexit_slowcase_cnt:       0
 _patch_code_slowcase_cnt:        0
 _throw_range_check_exception_count:            0:
 _throw_index_exception_count:                  0:
 _throw_div0_exception_count:                   0:
 _throw_null_pointer_exception_count:           0:
 _throw_class_cast_exception_count:             0:
 _throw_incompatible_class_change_error_count:  0:
 _throw_array_store_exception_count:            0:
 _throw_count:                                  0:

<statistics type='deoptimization'>
Deoptimization traps recorded:
   236 (100.0%) total
     null_check/make_not_entrant/checkcast: 2 (0.8%)
    null_check/make_not_entrant/instanceof: 2 (0.8%)
       null_check/make_not_entrant/aastore: 1 (0.4%)
  null_check/make_not_entrant/invokestatic: 1 (0.4%)
   null_assert/make_not_entrant/instanceof: 1 (0.4%)
     null_assert/make_not_entrant/astore_3: 1 (0.4%)
      null_assert/make_not_entrant/areturn: 1 (0.4%)
  class_check/maybe_recompile/invokevirtual: 52 (22.0%)
    class_check/maybe_recompile/instanceof: 23 (9.7%)
  class_check/maybe_recompile/invokeinterface: 30 (12.7%)
       array_check/maybe_recompile/aastore: 8 (3.4%)
   bimorphic/maybe_recompile/invokevirtual: 25 (10.6%)
  bimorphic/maybe_recompile/invokeinterface: 14 (5.9%)
                  unloaded/reinterpret/new: 6 (2.5%)
         unloaded/reinterpret/invokestatic: 2 (0.8%)
       uninitialized/reinterpret/getstatic: 39 (16.5%)
                       constraint/none/nop: 4 (1.7%)
           predicate/maybe_recompile/aload: 3 (1.3%)
         predicate/maybe_recompile/aload_0: 2 (0.8%)
    loop_limit_check/maybe_recompile/aload: 2 (0.8%)
    loop_limit_check/maybe_recompile/iload: 1 (0.4%)
  loop_limit_check/maybe_recompile/aload_0: 1 (0.4%)
  speculate_class_check/maybe_recompile/instanceof: 3 (1.3%)
  speculate_class_check/maybe_recompile/invokevirtual: 4 (1.7%)
         unstable_if/reinterpret/if_icmpeq: 1 (0.4%)
         unstable_if/reinterpret/if_icmpge: 2 (0.8%)
              unstable_if/reinterpret/iflt: 1 (0.4%)
               unstable_if/reinterpret/nop: 4 (1.7%)
</statistics>
<statistics type='SharedRuntime'>
   18 new instance requires GC
   12 new array requires GC
   57 inline cache miss in compiled
  113 wrong method
 1167 unresolved static call site
   91 unresolved virtual call site
 2366 unresolved opt virtual call site
190416 slow partial subtype
 1267 byte array copies
10317 short array copies
  882 int array copies
78422 long array copies
  213 checkcast array copies
  142 find exception handler
  135 rethrow handler
AdapterHandlerTable: empty 154 longest 3 total 185 average 1.330935
AdapterHandlerTable: lookups 9193 buckets 9598 equals 8733 hits 8733 compact 8733
</statistics>
<statistics type='nmethod'>
Statistics for 128 native nmethods:
 N. total size  = 124240
 N. relocation  = 10496
 N. main code   = 73104
Statistics for 1764 bytecoded nmethods:
 total in heap  = 3911504
 relocation     = 206816
 constants      = 4224
 main code      = 1420096
 stub code      = 111448
 oops           = 4896
 scopes data    = 455656
 scopes pcs     = 895664
 dependencies   = 15336
 handler table  = 152192
 nul chk table  = 27424
Debug Data Chunks: 105309, shared 14904+30961, non-SP&apos;s elided 459
PcDesc Statistics:  7769 queries, 8.47 comparisons per query
  caches=1764 queries=7769/0, hits=0+1802, tests=28097+37684, adds=5967
</statistics>
<statistics type='opto'>
--- Compiler Statistics ---
Methods seen: 6068  Methods parsed: 6068  Nodes created: 1385926
Blocks parsed: 17196  Blocks seen: 18723
22326 original NULL checks - 16739 elided (74%); optimizer leaves 6136,
2546 made implicit (41%)
CCP: 1764  constants found: 11
Total frameslots = 11392, Max frameslots = 68
Inserted 0 spill loads, 0 spill stores, 0 mem-mem moves and 0 copies.
Total load cost=      0, store cost =      0, mem-mem cost =  0.00, copy cost =     0.
Adjusted spill cost =       0.
Conservatively coalesced 18357 copies, 0 pairs, 25419 post alloc.
Used cisc instruction  984,  remained in register 6755
Average allocation trips 1.723034
High Pressure Blocks = 0, Low Pressure Blocks = 0
Nops added 0 bytes to total of 1393846 bytes, for 0.00%
Peephole: peephole rules applied: 0
PhaseIdealLoop=5724, sum _unique=2963082
</statistics>
<statistics type='intrinsic'>
Compiler intrinsic usage:
    30 ( 4.9%) _hashCode (worked,virtual,nonvirtual)
    61 (10.0%) _getClass (worked)
    35 ( 5.8%) _clone (worked)
    34 ( 5.6%) _min (worked)
    16 ( 2.6%) _max (worked)
     1 ( 0.2%) _floatToRawIntBits (worked)
     1 ( 0.2%) _numberOfLeadingZeros_i (worked)
     4 ( 0.7%) _identityHashCode (worked)
     3 ( 0.5%) _currentTimeMillis (worked)
     7 ( 1.2%) _nanoTime (worked)
    51 ( 8.4%) _arraycopy (worked)
     3 ( 0.5%) _isInterrupted (worked)
    15 ( 2.5%) _currentThread (worked)
    22 ( 3.6%) _isAssignableFrom (worked)
     2 ( 0.3%) _isInstance (worked)
    11 ( 1.8%) _getModifiers (worked)
    27 ( 4.4%) _isInterface (worked)
    26 ( 4.3%) _isArray (worked)
    41 ( 6.8%) _isPrimitive (worked)
    13 ( 2.1%) _getSuperclass (worked)
    10 ( 1.6%) _getComponentType (worked)
     7 ( 1.2%) _getClassAccessFlags (worked)
    15 ( 2.5%) _getCallerClass (worked,failed)
     4 ( 0.7%) _newArray (worked)
     3 ( 0.5%) _copyOf (worked)
     5 ( 0.8%) _copyOfRange (worked)
     1 ( 0.2%) _equalsC (worked)
    15 ( 2.5%) _indexOf (worked)
    73 (12.0%) _equals (worked)
     0 ( 0.0%) _checkIndex (disabled)
    26 ( 4.3%) _Reference_get (worked)
     2 ( 0.3%) _updateBytesCRC32 (worked)
    12 ( 2.0%) _getObjectVolatile (worked)
     2 ( 0.3%) _getIntVolatile (worked)
     4 ( 0.7%) _putObjectVolatile (worked)
     3 ( 0.5%) _getLong_raw (worked)
     2 ( 0.3%) _putLong_raw (worked)
     5 ( 0.8%) _compareAndSwapObject (worked)
     2 ( 0.3%) _compareAndSwapLong (worked)
    11 ( 1.8%) _compareAndSwapInt (worked)
     2 ( 0.3%) _getAndAddInt (worked)
   607 (100.0%) total (worked,failed,disabled,virtual,nonvirtual)
</statistics>
<writer thread='21251'/>
<destroy_vm stamp='13.121'/>
<tty_done stamp='13.143'/>
</tty>
<hotspot_log_done stamp='13.143'/>
</hotspot_log>
