<?xml version='1.0' encoding='UTF-8'?>
<hotspot_log version='160 1' process='11418' time_ms='1783159149253'>
<vm_version>
<name>
OpenJDK 64-Bit Server VM
</name>
<release>
25.512-b00-fastdebug
</release>
<info>
OpenJDK 64-Bit Server VM (25.512-b00-fastdebug) for bsd-amd64 JRE (1.8.0_512-internal-xiezhaokun_2026_07_04_16_29-b00), built on Jul  4 2026 17:42:47 by &quot;xiezhaokun&quot; with gcc Apple LLVM 16.0.0 (clang-1600.0.26.6)
</info>
</vm_version>
<vm_arguments>
<args>
-Xbatch -XX:CompileThreshold=100 -XX:-TieredCompilation -XX:CICompilerCount=1 -XX:+UnlockDiagnosticVMOptions -XX:CompileCommand=quiet -XX:+StressGCM -XX:+StressLCM -XX:+StressReflectiveCode -XX:+TraceDeoptimization -Drepro.iterations=3000000 -Drepro.seconds=0 -Drepro.clearCacheEvery=257 -Drepro.deoptAfter=1200000 -Drepro.target=advanced 
</args>
<command>
repro.ResolvableTypeC2Repro
</command>
<launcher>
SUN_STANDARD
</launcher>
<properties>
java.vm.specification.name=Java Virtual Machine Specification
java.vm.version=25.512-b00-fastdebug
java.vm.name=OpenJDK 64-Bit Server VM
java.vm.info=mixed mode, sharing
java.ext.dirs=/Users/xiezhaokun/Library/Java/Extensions:/Users/xiezhaokun/workspace/jdk8u-dev/build/codex-fastdebug-x86_64/jdk/lib/ext:/Library/Java/Extensions:/Network/Library/Java/Extensions:/System/Library/Java/Extensions:/usr/lib/java
java.endorsed.dirs=/Users/xiezhaokun/workspace/jdk8u-dev/build/codex-fastdebug-x86_64/jdk/lib/endorsed
sun.boot.library.path=/Users/xiezhaokun/workspace/jdk8u-dev/build/codex-fastdebug-x86_64/jdk/lib
java.library.path=/Users/xiezhaokun/Library/Java/Extensions:/Library/Java/Extensions:/Network/Library/Java/Extensions:/System/Library/Java/Extensions:/usr/lib/java:.
java.home=/Users/xiezhaokun/workspace/jdk8u-dev/build/codex-fastdebug-x86_64/jdk
java.class.path=/Users/xiezhaokun/workspace/jdk8u-dev/repro/spring-resolvabletype-c2/target/classes:/Users/xiezhaokun/workspace/jdk8u-dev/repro/spring-resolvabletype-c2/target/dependency/spring-core-5.3.31.jar:/Users/xiezhaokun/workspace/jdk8u-dev/repro/spring-resolvabletype-c2/target/dependency/spring-jcl-5.3.31.jar
sun.boot.class.path=/Users/xiezhaokun/workspace/jdk8u-dev/build/codex-fastdebug-x86_64/jdk/lib/resources.jar:/Users/xiezhaokun/workspace/jdk8u-dev/build/codex-fastdebug-x86_64/jdk/lib/rt.jar:/Users/xiezhaokun/workspace/jdk8u-dev/build/codex-fastdebug-x86_64/jdk/lib/sunrsasign.jar:/Users/xiezhaokun/workspace/jdk8u-dev/build/codex-fastdebug-x86_64/jdk/lib/jsse.jar:/Users/xiezhaokun/workspace/jdk8u-dev/build/codex-fastdebug-x86_64/jdk/lib/jce.jar:/Users/xiezhaokun/workspace/jdk8u-dev/build/codex-fastdebug-x86_64/jdk/lib/charsets.jar:/Users/xiezhaokun/workspace/jdk8u-dev/build/codex-fastdebug-x86_64/jdk/lib/jfr.jar:/Users/xiezhaokun/workspace/jdk8u-dev/build/codex-fastdebug-x86_64/jdk/classes
java.vm.specification.vendor=Oracle Corporation
java.vm.specification.version=1.8
java.vm.vendor=Oracle Corporation
repro.iterations=3000000
repro.seconds=0
repro.clearCacheEvery=257
repro.deoptAfter=1200000
repro.target=advanced
sun.java.command=repro.ResolvableTypeC2Repro
sun.java.launcher=SUN_STANDARD
</properties>
</vm_arguments>
<tty>
<writer thread='22531'/>
C2_CSV enter compile_id=1 alias_idx=4 final=1 eliminate_boxing=1 load=25:LoadN ld_adr=24:AddP st=7:Parm
C2_CSV probe compile_id=1 step=1 opc=224 holder=3:Start current=7:Parm
C2_CSV enter compile_id=1 alias_idx=4 final=1 eliminate_boxing=1 load=25:LoadN ld_adr=24:AddP st=7:Parm
C2_CSV probe compile_id=1 step=1 opc=224 holder=3:Start current=7:Parm
C2_CSV enter compile_id=1 alias_idx=4 final=1 eliminate_boxing=1 load=25:LoadN ld_adr=24:AddP st=7:Parm
C2_CSV probe compile_id=1 step=1 opc=224 holder=3:Start current=7:Parm
C2_CSV enter compile_id=2 alias_idx=7 final=1 eliminate_boxing=1 load=134:LoadN ld_adr=133:AddP st=7:Parm
C2_CSV probe compile_id=2 step=1 opc=224 holder=3:Start current=7:Parm
C2_CSV enter compile_id=2 alias_idx=7 final=1 eliminate_boxing=1 load=134:LoadN ld_adr=133:AddP st=7:Parm
C2_CSV probe compile_id=2 step=1 opc=224 holder=3:Start current=7:Parm
C2_CSV enter compile_id=2 alias_idx=7 final=1 eliminate_boxing=1 load=153:LoadN ld_adr=152:AddP st=7:Parm
C2_CSV probe compile_id=2 step=1 opc=224 holder=3:Start current=7:Parm
C2_CSV enter compile_id=2 alias_idx=7 final=1 eliminate_boxing=1 load=153:LoadN ld_adr=152:AddP st=7:Parm
C2_CSV probe compile_id=2 step=1 opc=224 holder=3:Start current=7:Parm
C2_CSV enter compile_id=2 alias_idx=7 final=1 eliminate_boxing=1 load=178:LoadN ld_adr=133:AddP st=7:Parm
C2_CSV probe compile_id=2 step=1 opc=224 holder=3:Start current=7:Parm
C2_CSV enter compile_id=2 alias_idx=7 final=1 eliminate_boxing=1 load=178:LoadN ld_adr=133:AddP st=7:Parm
C2_CSV probe compile_id=2 step=1 opc=224 holder=3:Start current=7:Parm
C2_CSV enter compile_id=2 alias_idx=7 final=1 eliminate_boxing=1 load=181:LoadN ld_adr=152:AddP st=7:Parm
C2_CSV probe compile_id=2 step=1 opc=224 holder=3:Start current=7:Parm
C2_CSV enter compile_id=2 alias_idx=7 final=1 eliminate_boxing=1 load=181:LoadN ld_adr=152:AddP st=7:Parm
C2_CSV probe compile_id=2 step=1 opc=224 holder=3:Start current=7:Parm
C2_CSV enter compile_id=2 alias_idx=7 final=1 eliminate_boxing=1 load=134:LoadN ld_adr=133:AddP st=7:Parm
C2_CSV probe compile_id=2 step=1 opc=224 holder=3:Start current=7:Parm
C2_CSV enter compile_id=2 alias_idx=7 final=1 eliminate_boxing=1 load=153:LoadN ld_adr=152:AddP st=7:Parm
C2_CSV probe compile_id=2 step=1 opc=224 holder=3:Start current=7:Parm
C2_CSV enter compile_id=2 alias_idx=7 final=1 eliminate_boxing=1 load=153:LoadN ld_adr=152:AddP st=7:Parm
C2_CSV probe compile_id=2 step=1 opc=224 holder=3:Start current=7:Parm
C2_CSV enter compile_id=2 alias_idx=7 final=1 eliminate_boxing=1 load=153:LoadN ld_adr=152:AddP st=7:Parm
C2_CSV probe compile_id=2 step=1 opc=224 holder=3:Start current=7:Parm
C2_CSV enter compile_id=3 alias_idx=4 final=0 eliminate_boxing=1 load=36:LoadN ld_adr=35:AddP st=29:Proj
C2_CSV probe compile_id=3 step=1 opc=161 holder=27:MemBarAcquireLock current=29:Proj
C2_CSV enter compile_id=3 alias_idx=4 final=0 eliminate_boxing=1 load=36:LoadN ld_adr=35:AddP st=29:Proj
C2_CSV probe compile_id=3 step=1 opc=161 holder=27:MemBarAcquireLock current=29:Proj
C2_CSV enter compile_id=3 alias_idx=6 final=0 eliminate_boxing=1 load=98:LoadI ld_adr=97:AddP st=29:Proj
C2_CSV probe compile_id=3 step=1 opc=161 holder=27:MemBarAcquireLock current=29:Proj
C2_CSV enter compile_id=3 alias_idx=6 final=0 eliminate_boxing=1 load=98:LoadI ld_adr=97:AddP st=29:Proj
C2_CSV probe compile_id=3 step=1 opc=161 holder=27:MemBarAcquireLock current=29:Proj
C2_CSV enter compile_id=3 alias_idx=9 final=1 eliminate_boxing=1 load=234:LoadI ld_adr=233:AddP st=215:Phi
C2_CSV enter compile_id=3 alias_idx=9 final=1 eliminate_boxing=1 load=234:LoadI ld_adr=233:AddP st=215:Phi
C2_CSV enter compile_id=3 alias_idx=10 final=1 eliminate_boxing=1 load=244:LoadN ld_adr=243:AddP st=215:Phi
C2_CSV enter compile_id=3 alias_idx=10 final=1 eliminate_boxing=1 load=244:LoadN ld_adr=243:AddP st=215:Phi
C2_CSV enter compile_id=3 alias_idx=13 final=1 eliminate_boxing=1 load=328:LoadN ld_adr=327:AddP st=215:Phi
C2_CSV enter compile_id=3 alias_idx=13 final=1 eliminate_boxing=1 load=328:LoadN ld_adr=327:AddP st=215:Phi
C2_CSV enter compile_id=3 alias_idx=13 final=1 eliminate_boxing=1 load=333:LoadN ld_adr=327:AddP st=215:Phi
C2_CSV enter compile_id=3 alias_idx=13 final=1 eliminate_boxing=1 load=333:LoadN ld_adr=327:AddP st=215:Phi
C2_CSV enter compile_id=3 alias_idx=13 final=1 eliminate_boxing=1 load=339:LoadN ld_adr=338:AddP st=215:Phi
C2_CSV enter compile_id=3 alias_idx=13 final=1 eliminate_boxing=1 load=339:LoadN ld_adr=338:AddP st=215:Phi
C2_CSV enter compile_id=3 alias_idx=13 final=1 eliminate_boxing=1 load=344:LoadN ld_adr=338:AddP st=215:Phi
C2_CSV enter compile_id=3 alias_idx=13 final=1 eliminate_boxing=1 load=344:LoadN ld_adr=338:AddP st=215:Phi
C2_CSV enter compile_id=3 alias_idx=15 final=0 eliminate_boxing=1 load=366:LoadN ld_adr=365:AddP st=215:Phi
C2_CSV enter compile_id=3 alias_idx=15 final=0 eliminate_boxing=1 load=366:LoadN ld_adr=365:AddP st=215:Phi
C2_CSV enter compile_id=3 alias_idx=16 final=0 eliminate_boxing=1 load=379:LoadN ld_adr=378:AddP st=215:Phi
C2_CSV enter compile_id=3 alias_idx=16 final=0 eliminate_boxing=1 load=379:LoadN ld_adr=378:AddP st=215:Phi
C2_CSV enter compile_id=3 alias_idx=6 final=0 eliminate_boxing=1 load=98:LoadI ld_adr=97:AddP st=29:Proj
C2_CSV probe compile_id=3 step=1 opc=161 holder=27:MemBarAcquireLock current=29:Proj
C2_CSV enter compile_id=3 alias_idx=6 final=0 eliminate_boxing=1 load=98:LoadI ld_adr=97:AddP st=29:Proj
C2_CSV probe compile_id=3 step=1 opc=161 holder=27:MemBarAcquireLock current=29:Proj
C2_CSV enter compile_id=3 alias_idx=9 final=1 eliminate_boxing=1 load=234:LoadI ld_adr=233:AddP st=114:Phi
C2_CSV enter compile_id=3 alias_idx=9 final=1 eliminate_boxing=1 load=234:LoadI ld_adr=233:AddP st=114:Phi
C2_CSV enter compile_id=3 alias_idx=16 final=0 eliminate_boxing=1 load=379:LoadN ld_adr=378:AddP st=114:Phi
C2_CSV enter compile_id=3 alias_idx=16 final=0 eliminate_boxing=1 load=379:LoadN ld_adr=378:AddP st=114:Phi
C2_CSV enter compile_id=3 alias_idx=10 final=1 eliminate_boxing=1 load=244:LoadN ld_adr=243:AddP st=114:Phi
C2_CSV enter compile_id=3 alias_idx=10 final=1 eliminate_boxing=1 load=244:LoadN ld_adr=243:AddP st=114:Phi
C2_CSV enter compile_id=3 alias_idx=15 final=0 eliminate_boxing=1 load=366:LoadN ld_adr=365:AddP st=114:Phi
C2_CSV enter compile_id=3 alias_idx=15 final=0 eliminate_boxing=1 load=366:LoadN ld_adr=365:AddP st=114:Phi
C2_CSV enter compile_id=3 alias_idx=13 final=1 eliminate_boxing=1 load=339:LoadN ld_adr=338:AddP st=114:Phi
C2_CSV enter compile_id=3 alias_idx=13 final=1 eliminate_boxing=1 load=339:LoadN ld_adr=338:AddP st=114:Phi
C2_CSV enter compile_id=3 alias_idx=13 final=1 eliminate_boxing=1 load=328:LoadN ld_adr=327:AddP st=114:Phi
C2_CSV enter compile_id=3 alias_idx=13 final=1 eliminate_boxing=1 load=328:LoadN ld_adr=327:AddP st=114:Phi
C2_CSV enter compile_id=3 alias_idx=10 final=1 eliminate_boxing=1 load=244:LoadN ld_adr=243:AddP st=114:Phi
C2_CSV enter compile_id=3 alias_idx=10 final=1 eliminate_boxing=1 load=244:LoadN ld_adr=243:AddP st=114:Phi
C2_CSV enter compile_id=3 alias_idx=16 final=0 eliminate_boxing=1 load=379:LoadN ld_adr=378:AddP st=114:Phi
C2_CSV enter compile_id=3 alias_idx=16 final=0 eliminate_boxing=1 load=379:LoadN ld_adr=378:AddP st=114:Phi
C2_CSV enter compile_id=3 alias_idx=9 final=1 eliminate_boxing=1 load=234:LoadI ld_adr=233:AddP st=114:Phi
C2_CSV enter compile_id=3 alias_idx=9 final=1 eliminate_boxing=1 load=234:LoadI ld_adr=233:AddP st=114:Phi
C2_CSV enter compile_id=3 alias_idx=15 final=0 eliminate_boxing=1 load=366:LoadN ld_adr=365:AddP st=114:Phi
C2_CSV enter compile_id=3 alias_idx=15 final=0 eliminate_boxing=1 load=366:LoadN ld_adr=365:AddP st=114:Phi
C2_CSV enter compile_id=3 alias_idx=10 final=1 eliminate_boxing=1 load=244:LoadN ld_adr=243:AddP st=114:Phi
C2_CSV enter compile_id=3 alias_idx=10 final=1 eliminate_boxing=1 load=244:LoadN ld_adr=243:AddP st=114:Phi
C2_CSV enter compile_id=3 alias_idx=16 final=0 eliminate_boxing=1 load=379:LoadN ld_adr=378:AddP st=114:Phi
C2_CSV enter compile_id=3 alias_idx=16 final=0 eliminate_boxing=1 load=379:LoadN ld_adr=378:AddP st=114:Phi
C2_CSV enter compile_id=3 alias_idx=9 final=1 eliminate_boxing=1 load=234:LoadI ld_adr=233:AddP st=114:Phi
C2_CSV enter compile_id=3 alias_idx=9 final=1 eliminate_boxing=1 load=234:LoadI ld_adr=233:AddP st=114:Phi
C2_CSV enter compile_id=3 alias_idx=15 final=0 eliminate_boxing=1 load=366:LoadN ld_adr=365:AddP st=114:Phi
C2_CSV enter compile_id=3 alias_idx=15 final=0 eliminate_boxing=1 load=366:LoadN ld_adr=365:AddP st=114:Phi
C2_CSV enter compile_id=3 alias_idx=4 final=0 eliminate_boxing=1 load=36:LoadN ld_adr=35:AddP st=29:Proj
C2_CSV probe compile_id=3 step=1 opc=161 holder=27:MemBarAcquireLock current=29:Proj
C2_CSV enter compile_id=3 alias_idx=6 final=0 eliminate_boxing=1 load=98:LoadI ld_adr=97:AddP st=29:Proj
C2_CSV probe compile_id=3 step=1 opc=161 holder=27:MemBarAcquireLock current=29:Proj
C2_CSV enter compile_id=3 alias_idx=15 final=0 eliminate_boxing=1 load=366:LoadN ld_adr=365:AddP st=114:Phi
C2_CSV enter compile_id=3 alias_idx=9 final=1 eliminate_boxing=1 load=234:LoadI ld_adr=233:AddP st=114:Phi
C2_CSV enter compile_id=3 alias_idx=10 final=1 eliminate_boxing=1 load=244:LoadN ld_adr=243:AddP st=114:Phi
C2_CSV enter compile_id=3 alias_idx=16 final=0 eliminate_boxing=1 load=379:LoadN ld_adr=378:AddP st=114:Phi
C2_CSV enter compile_id=3 alias_idx=13 final=1 eliminate_boxing=1 load=328:LoadN ld_adr=327:AddP st=114:Phi
C2_CSV enter compile_id=3 alias_idx=13 final=1 eliminate_boxing=1 load=339:LoadN ld_adr=338:AddP st=114:Phi
C2_CSV enter compile_id=3 alias_idx=15 final=0 eliminate_boxing=1 load=366:LoadN ld_adr=365:AddP st=114:Phi
C2_CSV enter compile_id=3 alias_idx=15 final=0 eliminate_boxing=1 load=366:LoadN ld_adr=365:AddP st=114:Phi
C2_CSV enter compile_id=3 alias_idx=16 final=0 eliminate_boxing=1 load=379:LoadN ld_adr=378:AddP st=114:Phi
C2_CSV enter compile_id=3 alias_idx=16 final=0 eliminate_boxing=1 load=379:LoadN ld_adr=378:AddP st=114:Phi
C2_CSV enter compile_id=3 alias_idx=6 final=0 eliminate_boxing=1 load=98:LoadI ld_adr=97:AddP st=29:Proj
C2_CSV probe compile_id=3 step=1 opc=161 holder=27:MemBarAcquireLock current=29:Proj
C2_CSV enter compile_id=3 alias_idx=6 final=0 eliminate_boxing=1 load=98:LoadI ld_adr=97:AddP st=29:Proj
C2_CSV probe compile_id=3 step=1 opc=161 holder=27:MemBarAcquireLock current=29:Proj
C2_CSV enter compile_id=3 alias_idx=13 final=1 eliminate_boxing=1 load=339:LoadN ld_adr=338:AddP st=114:Phi
C2_CSV enter compile_id=3 alias_idx=13 final=1 eliminate_boxing=1 load=339:LoadN ld_adr=338:AddP st=114:Phi
C2_CSV enter compile_id=3 alias_idx=13 final=1 eliminate_boxing=1 load=328:LoadN ld_adr=327:AddP st=114:Phi
C2_CSV enter compile_id=3 alias_idx=13 final=1 eliminate_boxing=1 load=328:LoadN ld_adr=327:AddP st=114:Phi
C2_CSV enter compile_id=3 alias_idx=10 final=1 eliminate_boxing=1 load=244:LoadN ld_adr=243:AddP st=114:Phi
C2_CSV enter compile_id=3 alias_idx=10 final=1 eliminate_boxing=1 load=244:LoadN ld_adr=243:AddP st=114:Phi
C2_CSV enter compile_id=3 alias_idx=15 final=0 eliminate_boxing=1 load=366:LoadN ld_adr=365:AddP st=114:Phi
C2_CSV enter compile_id=3 alias_idx=15 final=0 eliminate_boxing=1 load=366:LoadN ld_adr=365:AddP st=114:Phi
C2_CSV enter compile_id=3 alias_idx=9 final=1 eliminate_boxing=1 load=234:LoadI ld_adr=233:AddP st=114:Phi
C2_CSV enter compile_id=3 alias_idx=9 final=1 eliminate_boxing=1 load=234:LoadI ld_adr=233:AddP st=114:Phi
C2_CSV enter compile_id=4 alias_idx=4 final=0 eliminate_boxing=1 load=25:LoadI ld_adr=24:AddP st=7:Parm
C2_CSV probe compile_id=4 step=1 opc=224 holder=3:Start current=7:Parm
C2_CSV enter compile_id=4 alias_idx=4 final=0 eliminate_boxing=1 load=25:LoadI ld_adr=24:AddP st=7:Parm
C2_CSV probe compile_id=4 step=1 opc=224 holder=3:Start current=7:Parm
C2_CSV enter compile_id=4 alias_idx=5 final=1 eliminate_boxing=1 load=37:LoadN ld_adr=36:AddP st=7:Parm
C2_CSV probe compile_id=4 step=1 opc=224 holder=3:Start current=7:Parm
C2_CSV enter compile_id=4 alias_idx=5 final=1 eliminate_boxing=1 load=37:LoadN ld_adr=36:AddP st=7:Parm
C2_CSV probe compile_id=4 step=1 opc=224 holder=3:Start current=7:Parm
C2_CSV enter compile_id=4 alias_idx=5 final=1 eliminate_boxing=1 load=65:LoadN ld_adr=36:AddP st=7:Parm
C2_CSV probe compile_id=4 step=1 opc=224 holder=3:Start current=7:Parm
C2_CSV enter compile_id=4 alias_idx=5 final=1 eliminate_boxing=1 load=65:LoadN ld_adr=36:AddP st=7:Parm
C2_CSV probe compile_id=4 step=1 opc=224 holder=3:Start current=7:Parm
C2_CSV enter compile_id=4 alias_idx=5 final=1 eliminate_boxing=1 load=68:LoadN ld_adr=36:AddP st=7:Parm
C2_CSV probe compile_id=4 step=1 opc=224 holder=3:Start current=7:Parm
C2_CSV enter compile_id=4 alias_idx=5 final=1 eliminate_boxing=1 load=68:LoadN ld_adr=36:AddP st=7:Parm
C2_CSV probe compile_id=4 step=1 opc=224 holder=3:Start current=7:Parm
C2_CSV enter compile_id=4 alias_idx=5 final=1 eliminate_boxing=1 load=157:LoadN ld_adr=36:AddP st=120:Phi
C2_CSV enter compile_id=4 alias_idx=5 final=1 eliminate_boxing=1 load=157:LoadN ld_adr=36:AddP st=120:Phi
C2_CSV enter compile_id=4 alias_idx=4 final=0 eliminate_boxing=1 load=25:LoadI ld_adr=24:AddP st=7:Parm
C2_CSV probe compile_id=4 step=1 opc=224 holder=3:Start current=7:Parm
C2_CSV enter compile_id=4 alias_idx=4 final=0 eliminate_boxing=1 load=25:LoadI ld_adr=24:AddP st=7:Parm
C2_CSV probe compile_id=4 step=1 opc=224 holder=3:Start current=7:Parm
C2_CSV enter compile_id=4 alias_idx=5 final=1 eliminate_boxing=1 load=157:LoadN ld_adr=36:AddP st=7:Parm
C2_CSV probe compile_id=4 step=1 opc=224 holder=3:Start current=7:Parm
C2_CSV enter compile_id=4 alias_idx=5 final=1 eliminate_boxing=1 load=157:LoadN ld_adr=36:AddP st=7:Parm
C2_CSV probe compile_id=4 step=1 opc=224 holder=3:Start current=7:Parm
C2_CSV enter compile_id=4 alias_idx=4 final=0 eliminate_boxing=1 load=25:LoadI ld_adr=24:AddP st=7:Parm
C2_CSV probe compile_id=4 step=1 opc=224 holder=3:Start current=7:Parm
C2_CSV enter compile_id=4 alias_idx=5 final=1 eliminate_boxing=1 load=37:LoadN ld_adr=36:AddP st=7:Parm
C2_CSV probe compile_id=4 step=1 opc=224 holder=3:Start current=7:Parm
<blob name='MethodHandlesAdapterBlob' size='182000'>
<sect index='1' size='182000' free='177710'/>
</blob>
C2_CSV enter compile_id=7 alias_idx=4 final=1 eliminate_boxing=1 load=35:LoadN ld_adr=34:AddP st=7:Parm
C2_CSV probe compile_id=7 step=1 opc=224 holder=3:Start current=7:Parm
C2_CSV enter compile_id=7 alias_idx=4 final=1 eliminate_boxing=1 load=35:LoadN ld_adr=34:AddP st=7:Parm
C2_CSV probe compile_id=7 step=1 opc=224 holder=3:Start current=7:Parm
C2_CSV enter compile_id=7 alias_idx=4 final=1 eliminate_boxing=1 load=56:LoadN ld_adr=34:AddP st=7:Parm
C2_CSV probe compile_id=7 step=1 opc=224 holder=3:Start current=7:Parm
C2_CSV enter compile_id=7 alias_idx=4 final=1 eliminate_boxing=1 load=56:LoadN ld_adr=34:AddP st=7:Parm
C2_CSV probe compile_id=7 step=1 opc=224 holder=3:Start current=7:Parm
C2_CSV enter compile_id=7 alias_idx=4 final=1 eliminate_boxing=1 load=35:LoadN ld_adr=34:AddP st=7:Parm
C2_CSV probe compile_id=7 step=1 opc=224 holder=3:Start current=7:Parm
C2_CSV enter compile_id=8 alias_idx=4 final=1 eliminate_boxing=1 load=35:LoadN ld_adr=34:AddP st=7:Parm
C2_CSV probe compile_id=8 step=1 opc=224 holder=3:Start current=7:Parm
C2_CSV enter compile_id=8 alias_idx=4 final=1 eliminate_boxing=1 load=35:LoadN ld_adr=34:AddP st=7:Parm
C2_CSV probe compile_id=8 step=1 opc=224 holder=3:Start current=7:Parm
C2_CSV enter compile_id=8 alias_idx=4 final=1 eliminate_boxing=1 load=35:LoadN ld_adr=34:AddP st=7:Parm
C2_CSV probe compile_id=8 step=1 opc=224 holder=3:Start current=7:Parm
C2_CSV enter compile_id=9 alias_idx=4 final=1 eliminate_boxing=1 load=27:LoadN ld_adr=26:AddP st=7:Parm
C2_CSV probe compile_id=9 step=1 opc=224 holder=3:Start current=7:Parm
C2_CSV enter compile_id=9 alias_idx=4 final=1 eliminate_boxing=1 load=27:LoadN ld_adr=26:AddP st=7:Parm
C2_CSV probe compile_id=9 step=1 opc=224 holder=3:Start current=7:Parm
C2_CSV enter compile_id=9 alias_idx=4 final=1 eliminate_boxing=1 load=82:LoadN ld_adr=26:AddP st=7:Parm
C2_CSV probe compile_id=9 step=1 opc=224 holder=3:Start current=7:Parm
C2_CSV enter compile_id=9 alias_idx=4 final=1 eliminate_boxing=1 load=82:LoadN ld_adr=26:AddP st=7:Parm
C2_CSV probe compile_id=9 step=1 opc=224 holder=3:Start current=7:Parm
C2_CSV enter compile_id=9 alias_idx=4 final=1 eliminate_boxing=1 load=27:LoadN ld_adr=26:AddP st=7:Parm
C2_CSV probe compile_id=9 step=1 opc=224 holder=3:Start current=7:Parm
C2_CSV enter compile_id=13 alias_idx=4 final=1 eliminate_boxing=1 load=51:LoadN ld_adr=50:AddP st=7:Parm
C2_CSV probe compile_id=13 step=1 opc=224 holder=3:Start current=7:Parm
C2_CSV enter compile_id=13 alias_idx=4 final=1 eliminate_boxing=1 load=51:LoadN ld_adr=50:AddP st=7:Parm
C2_CSV probe compile_id=13 step=1 opc=224 holder=3:Start current=7:Parm
C2_CSV enter compile_id=13 alias_idx=4 final=1 eliminate_boxing=1 load=144:LoadN ld_adr=50:AddP st=114:Phi
C2_CSV enter compile_id=13 alias_idx=4 final=1 eliminate_boxing=1 load=144:LoadN ld_adr=50:AddP st=114:Phi
C2_CSV enter compile_id=13 alias_idx=4 final=1 eliminate_boxing=1 load=174:LoadN ld_adr=50:AddP st=114:Phi
C2_CSV enter compile_id=13 alias_idx=4 final=1 eliminate_boxing=1 load=174:LoadN ld_adr=50:AddP st=114:Phi
C2_CSV enter compile_id=13 alias_idx=4 final=1 eliminate_boxing=1 load=144:LoadN ld_adr=50:AddP st=7:Parm
C2_CSV probe compile_id=13 step=1 opc=224 holder=3:Start current=7:Parm
C2_CSV enter compile_id=13 alias_idx=4 final=1 eliminate_boxing=1 load=144:LoadN ld_adr=50:AddP st=7:Parm
C2_CSV probe compile_id=13 step=1 opc=224 holder=3:Start current=7:Parm
C2_CSV enter compile_id=13 alias_idx=4 final=1 eliminate_boxing=1 load=51:LoadN ld_adr=50:AddP st=7:Parm
C2_CSV probe compile_id=13 step=1 opc=224 holder=3:Start current=7:Parm
C2_CSV enter compile_id=13 alias_idx=4 final=1 eliminate_boxing=1 load=51:LoadN ld_adr=50:AddP st=7:Parm
C2_CSV probe compile_id=13 step=1 opc=224 holder=3:Start current=7:Parm
C2_CSV enter compile_id=13 alias_idx=4 final=1 eliminate_boxing=1 load=51:LoadN ld_adr=50:AddP st=7:Parm
C2_CSV probe compile_id=13 step=1 opc=224 holder=3:Start current=7:Parm
C2_CSV enter compile_id=14 alias_idx=4 final=1 eliminate_boxing=1 load=39:LoadN ld_adr=38:AddP st=7:Parm
C2_CSV probe compile_id=14 step=1 opc=224 holder=3:Start current=7:Parm
C2_CSV enter compile_id=14 alias_idx=4 final=1 eliminate_boxing=1 load=39:LoadN ld_adr=38:AddP st=7:Parm
C2_CSV probe compile_id=14 step=1 opc=224 holder=3:Start current=7:Parm
C2_CSV enter compile_id=14 alias_idx=4 final=1 eliminate_boxing=1 load=71:LoadN ld_adr=38:AddP st=7:Parm
C2_CSV probe compile_id=14 step=1 opc=224 holder=3:Start current=7:Parm
C2_CSV enter compile_id=14 alias_idx=4 final=1 eliminate_boxing=1 load=71:LoadN ld_adr=38:AddP st=7:Parm
C2_CSV probe compile_id=14 step=1 opc=224 holder=3:Start current=7:Parm
C2_CSV enter compile_id=14 alias_idx=4 final=1 eliminate_boxing=1 load=39:LoadN ld_adr=38:AddP st=7:Parm
C2_CSV probe compile_id=14 step=1 opc=224 holder=3:Start current=7:Parm
C2_CSV enter compile_id=15 alias_idx=7 final=0 eliminate_boxing=1 load=417:LoadN ld_adr=416:AddP st=395:Proj
C2_CSV probe compile_id=15 step=1 opc=41 holder=392:CallStaticJava current=395:Proj
C2_CSV enter compile_id=15 alias_idx=7 final=0 eliminate_boxing=1 load=417:LoadN ld_adr=416:AddP st=395:Proj
C2_CSV probe compile_id=15 step=1 opc=41 holder=392:CallStaticJava current=395:Proj
C2_CSV enter compile_id=15 alias_idx=7 final=0 eliminate_boxing=1 load=435:LoadN ld_adr=416:AddP st=395:Proj
C2_CSV probe compile_id=15 step=1 opc=41 holder=392:CallStaticJava current=395:Proj
C2_CSV enter compile_id=15 alias_idx=7 final=0 eliminate_boxing=1 load=435:LoadN ld_adr=416:AddP st=395:Proj
C2_CSV probe compile_id=15 step=1 opc=41 holder=392:CallStaticJava current=395:Proj
C2_CSV enter compile_id=15 alias_idx=8 final=0 eliminate_boxing=1 load=481:LoadN ld_adr=480:AddP st=446:Proj
C2_CSV probe compile_id=15 step=1 opc=41 holder=440:CallStaticJava current=446:Proj
C2_CSV enter compile_id=15 alias_idx=8 final=0 eliminate_boxing=1 load=481:LoadN ld_adr=480:AddP st=446:Proj
C2_CSV probe compile_id=15 step=1 opc=41 holder=440:CallStaticJava current=446:Proj
C2_CSV enter compile_id=15 alias_idx=9 final=0 eliminate_boxing=1 load=495:LoadB ld_adr=494:AddP st=446:Proj
C2_CSV probe compile_id=15 step=1 opc=41 holder=440:CallStaticJava current=446:Proj
C2_CSV enter compile_id=15 alias_idx=9 final=0 eliminate_boxing=1 load=495:LoadB ld_adr=494:AddP st=446:Proj
C2_CSV probe compile_id=15 step=1 opc=41 holder=440:CallStaticJava current=446:Proj
C2_CSV enter compile_id=15 alias_idx=9 final=0 eliminate_boxing=1 load=495:LoadB ld_adr=494:AddP st=446:Proj
C2_CSV probe compile_id=15 step=1 opc=41 holder=440:CallStaticJava current=446:Proj
C2_CSV enter compile_id=15 alias_idx=9 final=0 eliminate_boxing=1 load=495:LoadB ld_adr=494:AddP st=446:Proj
C2_CSV probe compile_id=15 step=1 opc=41 holder=440:CallStaticJava current=446:Proj
C2_CSV enter compile_id=15 alias_idx=9 final=0 eliminate_boxing=1 load=495:LoadB ld_adr=494:AddP st=446:Proj
C2_CSV probe compile_id=15 step=1 opc=41 holder=440:CallStaticJava current=446:Proj
C2_CSV enter compile_id=15 alias_idx=9 final=0 eliminate_boxing=1 load=495:LoadB ld_adr=494:AddP st=446:Proj
C2_CSV probe compile_id=15 step=1 opc=41 holder=440:CallStaticJava current=446:Proj
C2_CSV enter compile_id=15 alias_idx=9 final=0 eliminate_boxing=1 load=495:LoadB ld_adr=494:AddP st=446:Proj
C2_CSV probe compile_id=15 step=1 opc=41 holder=440:CallStaticJava current=446:Proj
C2_CSV enter compile_id=15 alias_idx=9 final=0 eliminate_boxing=1 load=495:LoadB ld_adr=494:AddP st=446:Proj
C2_CSV probe compile_id=15 step=1 opc=41 holder=440:CallStaticJava current=446:Proj
C2_CSV enter compile_id=15 alias_idx=9 final=0 eliminate_boxing=1 load=495:LoadB ld_adr=494:AddP st=446:Proj
C2_CSV probe compile_id=15 step=1 opc=41 holder=440:CallStaticJava current=446:Proj
C2_CSV enter compile_id=15 alias_idx=9 final=0 eliminate_boxing=1 load=495:LoadB ld_adr=494:AddP st=446:Proj
C2_CSV probe compile_id=15 step=1 opc=41 holder=440:CallStaticJava current=446:Proj
C2_CSV enter compile_id=15 alias_idx=9 final=0 eliminate_boxing=1 load=495:LoadB ld_adr=494:AddP st=446:Proj
C2_CSV probe compile_id=15 step=1 opc=41 holder=440:CallStaticJava current=446:Proj
C2_CSV enter compile_id=15 alias_idx=9 final=0 eliminate_boxing=1 load=495:LoadB ld_adr=494:AddP st=446:Proj
C2_CSV probe compile_id=15 step=1 opc=41 holder=440:CallStaticJava current=446:Proj
C2_CSV enter compile_id=15 alias_idx=9 final=0 eliminate_boxing=1 load=495:LoadB ld_adr=494:AddP st=446:Proj
C2_CSV probe compile_id=15 step=1 opc=41 holder=440:CallStaticJava current=446:Proj
C2_CSV enter compile_id=15 alias_idx=7 final=0 eliminate_boxing=1 load=417:LoadN ld_adr=416:AddP st=395:Proj
C2_CSV probe compile_id=15 step=1 opc=41 holder=392:CallStaticJava current=395:Proj
C2_CSV enter compile_id=15 alias_idx=8 final=0 eliminate_boxing=1 load=481:LoadN ld_adr=480:AddP st=446:Proj
C2_CSV probe compile_id=15 step=1 opc=41 holder=440:CallStaticJava current=446:Proj
C2_CSV enter compile_id=15 alias_idx=9 final=0 eliminate_boxing=1 load=495:LoadB ld_adr=494:AddP st=446:Proj
C2_CSV probe compile_id=15 step=1 opc=41 holder=440:CallStaticJava current=446:Proj
C2_CSV enter compile_id=15 alias_idx=9 final=0 eliminate_boxing=1 load=495:LoadB ld_adr=494:AddP st=446:Proj
C2_CSV probe compile_id=15 step=1 opc=41 holder=440:CallStaticJava current=446:Proj
<writer thread='9731'/>
<uncommon_trap thread='9731' reason='unstable_if' action='reinterpret' compile_id='2' compiler='C2' stamp='0.335'>
Uncommon trap occurred in java.lang.String::equals (@0x0000000114c7c2b8) thread=9731 reason=unstable_if action=reinterpret unloaded_class_index=-1
<jvms bci='66' method='java/lang/String equals (Ljava/lang/Object;)Z' bytes='81' count='50' backedge_count='50' iicount='251'/>
</uncommon_trap>
DEOPT PACKING thread 0x00007ff62500d000 Compiled frame (sp=0x000000030c91ef20 unextended sp=0x000000030c91ef20, fp=0x0000000000000000, real_fp=0x000000030c91ef60, pc=0x0000000114c7c2b8)
     nmethod    335    2             java.lang.String::equals (81 bytes)

     Virtual frames (innermost first):
        0 - frame( sp=0x000000030c91ef20, unextended_sp=0x000000030c91ef20, fp=0x0000000000000000, pc=0x0000000114c7c2b8)
java.lang.String.equals(String.java:988) - if_icmpeq @ bci 66 
     Created vframeArray 0x00007ff626008e20
DEOPT UNPACKING thread 0x00007ff62500d000 vframeArray 0x00007ff626008e20 mode 2
     {method} {0x0000000111806488} &apos;equals&apos; &apos;(Ljava/lang/Object;)Z&apos; in &apos;java/lang/String&apos; - if_icmpeq @ bci 66 sp = 0x000000030c91eed8
<writer thread='22531'/>
C2_CSV enter compile_id=16 alias_idx=4 final=1 eliminate_boxing=1 load=49:LoadN ld_adr=48:AddP st=7:Parm
C2_CSV probe compile_id=16 step=1 opc=224 holder=3:Start current=7:Parm
C2_CSV enter compile_id=16 alias_idx=4 final=1 eliminate_boxing=1 load=49:LoadN ld_adr=48:AddP st=7:Parm
C2_CSV probe compile_id=16 step=1 opc=224 holder=3:Start current=7:Parm
C2_CSV enter compile_id=16 alias_idx=4 final=1 eliminate_boxing=1 load=179:LoadN ld_adr=48:AddP st=150:Phi
<writer thread='9731'/>
<dependency_failed type='abstract_with_unique_concrete_subtype' ctxk='java/nio/ByteBuffer' x='java/nio/HeapByteBuffer' witness='java/nio/DirectByteBuffer' stamp='0.360'/>
<uncommon_trap thread='9731' reason='unstable_if' action='reinterpret' compile_id='7' compiler='C2' stamp='0.477'>
Uncommon trap occurred in java.lang.String::replace (@0x0000000114cadcac) thread=9731 reason=unstable_if action=reinterpret unloaded_class_index=-1
<jvms bci='26' method='java/lang/String replace (CC)Ljava/lang/String;' bytes='127' count='12' backedge_count='77' iicount='12'/>
</uncommon_trap>
DEOPT PACKING thread 0x00007ff62500d000 Compiled frame (sp=0x000000030c921660 unextended sp=0x000000030c921660, fp=0x0000000000000005, real_fp=0x000000030c9216b0, pc=0x0000000114cadcac)
     nmethod    476    7             java.lang.String::replace (127 bytes)

     Virtual frames (innermost first):
        0 - frame( sp=0x000000030c921660, unextended_sp=0x000000030c921660, fp=0x0000000000000005, pc=0x0000000114cadcac)
java.lang.String.replace(String.java:2072) - if_icmpge @ bci 26 
     Created vframeArray 0x00007ff62601d420
DEOPT UNPACKING thread 0x00007ff62500d000 vframeArray 0x00007ff62601d420 mode 2
     {method} {0x00000001118087c8} &apos;replace&apos; &apos;(CC)Ljava/lang/String;&apos; in &apos;java/lang/String&apos; - if_icmpge @ bci 26 sp = 0x000000030c921628
<uncommon_trap thread='9731' reason='loop_limit_check' action='maybe_recompile' compile_id='17' compiler='C2' stamp='0.497'>
Uncommon trap occurred in java.lang.String::equals (@0x0000000114cb5450) thread=9731 reason=loop_limit_check action=maybe_recompile unloaded_class_index=-1
<jvms bci='56' method='java/lang/String equals (Ljava/lang/Object;)Z' bytes='81' count='33' backedge_count='51' iicount='283' decompiles='1' unstable_if_traps='1'/>
</uncommon_trap>
DEOPT PACKING thread 0x00007ff62500d000 Compiled frame (sp=0x000000030c920f40 unextended sp=0x000000030c920f40, fp=0x0000000000000000, real_fp=0x000000030c920f80, pc=0x0000000114cb5450)
     nmethod    497   17             java.lang.String::equals (81 bytes)

     Virtual frames (innermost first):
        0 - frame( sp=0x000000030c920f40, unextended_sp=0x000000030c920f40, fp=0x0000000000000000, pc=0x0000000114cb5450)
java.lang.String.equals(String.java:988) - aload @ bci 56 
     Created vframeArray 0x00007ff62404aa20
DEOPT UNPACKING thread 0x00007ff62500d000 vframeArray 0x00007ff62404aa20 mode 2
     {method} {0x0000000111806488} &apos;equals&apos; &apos;(Ljava/lang/Object;)Z&apos; in &apos;java/lang/String&apos; - aload @ bci 56 sp = 0x000000030c920f08
<uncommon_trap thread='9731' reason='predicate' action='maybe_recompile' compile_id='29' compiler='C2' stamp='0.559'>
Uncommon trap occurred in sun.net.www.ParseUtil::encodePath (@0x0000000114cbbcc0) thread=9731 reason=predicate action=maybe_recompile unloaded_class_index=-1
<jvms bci='36' method='sun/net/www/ParseUtil encodePath (Ljava/lang/String;Z)Ljava/lang/String;' bytes='336' count='7' backedge_count='83' iicount='7'/>
</uncommon_trap>
DEOPT PACKING thread 0x00007ff62500d000 Compiled frame (sp=0x000000030c9205e0 unextended sp=0x000000030c9205e0, fp=0x00000007955ebe38, real_fp=0x000000030c920650, pc=0x0000000114cbbcc0)
     nmethod    558   29             sun.net.www.ParseUtil::encodePath (336 bytes)

     Virtual frames (innermost first):
        0 - frame( sp=0x000000030c9205e0, unextended_sp=0x000000030c9205e0, fp=0x00000007955ebe38, pc=0x0000000114cbbcc0)
sun.net.www.ParseUtil.encodePath(ParseUtil.java:111) - aload @ bci 36 
     Created vframeArray 0x00007ff62584d020
DEOPT UNPACKING thread 0x00007ff62500d000 vframeArray 0x00007ff62584d020 mode 2
     {method} {0x00000001119dd6b0} &apos;encodePath&apos; &apos;(Ljava/lang/String;Z)Ljava/lang/String;&apos; in &apos;sun/net/www/ParseUtil&apos; - aload @ bci 36 sp = 0x000000030c9205c0
<dependency_failed type='leaf_type' ctxk='java/util/concurrent/ConcurrentHashMap$Node' witness='java/util/concurrent/ConcurrentHashMap$ForwardingNode' stamp='0.588'/>
<uncommon_trap thread='9731' reason='unstable_if' action='reinterpret' compile_id='77' compiler='C2' stamp='0.887'>
Uncommon trap occurred in java.util.zip.ZipCoder::getBytes (@0x0000000114cc967c) thread=9731 reason=unstable_if action=reinterpret unloaded_class_index=-1
<jvms bci='4' method='java/util/zip/ZipCoder encoder ()Ljava/nio/charset/CharsetEncoder;' bytes='35' count='50' backedge_count='1' iicount='100'/>
<jvms bci='1' method='java/util/zip/ZipCoder getBytes (Ljava/lang/String;)[B' bytes='192' count='50' backedge_count='1' iicount='100'/>
</uncommon_trap>
DEOPT PACKING thread 0x00007ff62500d000 Compiled frame (sp=0x000000030c91e9d0 unextended sp=0x000000030c91e9d0, fp=0x00000000f80000fe, real_fp=0x000000030c91ea30, pc=0x0000000114cc967c)
     nmethod    887   77             java.util.zip.ZipCoder::getBytes (192 bytes)

     Virtual frames (innermost first):
        0 - frame( sp=0x000000030c91e9d0, unextended_sp=0x000000030c91e9d0, fp=0x00000000f80000fe, pc=0x0000000114cc967c)
java.util.zip.ZipCoder.encoder(ZipCoder.java:152) - ifnonnull @ bci 4 
        1 - frame( sp=0x000000030c91e9d0, unextended_sp=0x000000030c91e9d0, fp=0x00000000f80000fe, pc=0x0000000114cc967c)
java.util.zip.ZipCoder.getBytes(ZipCoder.java:77) - invokespecial @ bci 1 
     Created vframeArray 0x00007ff626030e20
DEOPT UNPACKING thread 0x00007ff62500d000 vframeArray 0x00007ff626030e20 mode 2
     {method} {0x0000000111a6e098} &apos;getBytes&apos; &apos;(Ljava/lang/String;)[B&apos; in &apos;java/util/zip/ZipCoder&apos; - invokespecial @ bci 1 sp = 0x000000030c91e9a0
     {method} {0x0000000111a6e668} &apos;encoder&apos; &apos;()Ljava/nio/charset/CharsetEncoder;&apos; in &apos;java/util/zip/ZipCoder&apos; - ifnonnull @ bci 4 sp = 0x000000030c91e948
<uncommon_trap thread='9731' reason='class_check' action='maybe_recompile' compile_id='76' compiler='C2' stamp='0.894'>
Uncommon trap occurred in java.net.URL::&lt;init&gt; (@0x0000000114cd4be4) thread=9731 reason=class_check action=maybe_recompile unloaded_class_index=-1
<jvms bci='504' method='java/net/URL &lt;init&gt; (Ljava/net/URL;Ljava/lang/String;Ljava/net/URLStreamHandler;)V' bytes='543' count='27' backedge_count='51' iicount='27'/>
</uncommon_trap>
DEOPT PACKING thread 0x00007ff62500d000 Compiled frame (sp=0x000000030c920540 unextended sp=0x000000030c920540, fp=0x00000007955c54e0, real_fp=0x000000030c9205a0, pc=0x0000000114cd4be4)
     nmethod    894   76   !         java.net.URL::&lt;init&gt; (543 bytes)

     Virtual frames (innermost first):
        0 - frame( sp=0x000000030c920540, unextended_sp=0x000000030c920540, fp=0x00000007955c54e0, pc=0x0000000114cd4be4)
java.net.URL.&lt;init&gt;(URL.java:640) - invokevirtual @ bci 504 
     Created vframeArray 0x00007ff62404ec20
DEOPT UNPACKING thread 0x00007ff62500d000 vframeArray 0x00007ff62404ec20 mode 2
     {method} {0x00000001118a9008} &apos;&lt;init&gt;&apos; &apos;(Ljava/net/URL;Ljava/lang/String;Ljava/net/URLStreamHandler;)V&apos; in &apos;java/net/URL&apos; - invokevirtual @ bci 504 sp = 0x000000030c9204d8
<dependency_failed type='abstract_with_unique_concrete_subtype' ctxk='sun/misc/Resource' x='sun/misc/URLClassPath$FileLoader$1' witness='sun/misc/URLClassPath$JarLoader$2' stamp='0.895'/>
SAVED OOP RESULT 0x0000000795648eb8 in thread 0x00007ff62500d000
DEOPT PACKING thread 0x00007ff62500d000 Deoptimized frame (sp=0x000000030c920730 unextended sp=0x000000030c920730, fp=0x0000000000000002, real_fp=0x000000030c920780, pc=0x0000000114cd1154)
     nmethod    897   99             sun.misc.URLClassPath::getResource (83 bytes)

     Virtual frames (innermost first):
        0 - frame( sp=0x000000030c920730, unextended_sp=0x000000030c920730, fp=0x0000000000000002, pc=0x0000000114cd1154)
sun.misc.URLClassPath.getResource(URLClassPath.java:250) - invokevirtual @ bci 62 
     Created vframeArray 0x00007ff62584d020
DEOPT UNPACKING thread 0x00007ff62500d000 vframeArray 0x00007ff62584d020 mode 0
     {method} {0x0000000111a23d78} &apos;getResource&apos; &apos;(Ljava/lang/String;Z)Lsun/misc/Resource;&apos; in &apos;sun/misc/URLClassPath&apos; - invokevirtual @ bci 62 sp = 0x000000030c920710
<uncommon_trap thread='9731' reason='bimorphic' action='maybe_recompile' compile_id='108' compiler='C2' stamp='0.984'>
Uncommon trap occurred in java.util.HashMap::getNode (@0x0000000114cdd1dc) thread=9731 reason=bimorphic action=maybe_recompile unloaded_class_index=-1
<jvms bci='59' method='java/util/HashMap getNode (ILjava/lang/Object;)Ljava/util/HashMap$Node;' bytes='148' count='50' backedge_count='1' iicount='100'/>
</uncommon_trap>
DEOPT PACKING thread 0x00007ff62500d000 Compiled frame (sp=0x000000030c9203e0 unextended sp=0x000000030c9203e0, fp=0x00000000f59c21e1, real_fp=0x000000030c920420, pc=0x0000000114cdd1dc)
     nmethod    983  108             java.util.HashMap::getNode (148 bytes)

     Virtual frames (innermost first):
        0 - frame( sp=0x000000030c9203e0, unextended_sp=0x000000030c9203e0, fp=0x00000000f59c21e1, pc=0x0000000114cdd1dc)
java.util.HashMap.getNode(HashMap.java:573) - invokevirtual @ bci 59 
     Created vframeArray 0x00007ff625051220
DEOPT UNPACKING thread 0x00007ff62500d000 vframeArray 0x00007ff625051220 mode 2
     {method} {0x0000000111916c80} &apos;getNode&apos; &apos;(ILjava/lang/Object;)Ljava/util/HashMap$Node;&apos; in &apos;java/util/HashMap&apos; - invokevirtual @ bci 59 sp = 0x000000030c920398
<uncommon_trap thread='9731' reason='bimorphic' action='maybe_recompile' compile_id='108' compiler='C2' count='1' state='#7' stamp='0.984'>
Uncommon trap occurred in java.util.HashMap::getNode (@0x0000000114cdd1dc) thread=9731 reason=bimorphic action=maybe_recompile unloaded_class_index=-1
<jvms bci='59' method='java/util/HashMap getNode (ILjava/lang/Object;)Ljava/util/HashMap$Node;' bytes='148' count='50' backedge_count='1' iicount='100' bimorphic_traps='1'/>
</uncommon_trap>
DEOPT PACKING thread 0x00007ff62500d000 Compiled frame (sp=0x000000030c9203e0 unextended sp=0x000000030c9203e0, fp=0x000000006499bd24, real_fp=0x000000030c920420, pc=0x0000000114cdd1dc)
     nmethod    984  108             java.util.HashMap::getNode (148 bytes)

     Virtual frames (innermost first):
        0 - frame( sp=0x000000030c9203e0, unextended_sp=0x000000030c9203e0, fp=0x000000006499bd24, pc=0x0000000114cdd1dc)
java.util.HashMap.getNode(HashMap.java:573) - invokevirtual @ bci 59 
     Created vframeArray 0x00007ff626030e20
DEOPT UNPACKING thread 0x00007ff62500d000 vframeArray 0x00007ff626030e20 mode 2
     {method} {0x0000000111916c80} &apos;getNode&apos; &apos;(ILjava/lang/Object;)Ljava/util/HashMap$Node;&apos; in &apos;java/util/HashMap&apos; - invokevirtual @ bci 59 sp = 0x000000030c920398
<uncommon_trap thread='9731' reason='class_check' action='maybe_recompile' compile_id='76' compiler='C2' count='1' state='class_check' stamp='1.059'>
Uncommon trap occurred in java.net.URL::&lt;init&gt; (@0x0000000114cd4be4) thread=9731 reason=class_check action=maybe_recompile unloaded_class_index=-1
<jvms bci='504' method='java/net/URL &lt;init&gt; (Ljava/net/URL;Ljava/lang/String;Ljava/net/URLStreamHandler;)V' bytes='543' count='27' backedge_count='51' iicount='27' class_check_traps='1'/>
</uncommon_trap>
DEOPT PACKING thread 0x00007ff62500d000 Compiled frame (sp=0x000000030c91ffc0 unextended sp=0x000000030c91ffc0, fp=0x00000007955c54e0, real_fp=0x000000030c920020, pc=0x0000000114cd4be4)
     nmethod   1058   76   !         java.net.URL::&lt;init&gt; (543 bytes)

     Virtual frames (innermost first):
        0 - frame( sp=0x000000030c91ffc0, unextended_sp=0x000000030c91ffc0, fp=0x00000007955c54e0, pc=0x0000000114cd4be4)
java.net.URL.&lt;init&gt;(URL.java:640) - invokevirtual @ bci 504 
     Created vframeArray 0x00007ff625051220
DEOPT UNPACKING thread 0x00007ff62500d000 vframeArray 0x00007ff625051220 mode 2
     {method} {0x00000001118a9008} &apos;&lt;init&gt;&apos; &apos;(Ljava/net/URL;Ljava/lang/String;Ljava/net/URLStreamHandler;)V&apos; in &apos;java/net/URL&apos; - invokevirtual @ bci 504 sp = 0x000000030c91ff58
<uncommon_trap thread='9731' reason='bimorphic' action='maybe_recompile' compile_id='108' compiler='C2' count='2' state='#7' stamp='1.061'>
Uncommon trap occurred in java.util.HashMap::getNode (@0x0000000114cdd1dc) thread=9731 reason=bimorphic action=maybe_recompile unloaded_class_index=-1
<jvms bci='59' method='java/util/HashMap getNode (ILjava/lang/Object;)Ljava/util/HashMap$Node;' bytes='148' count='50' backedge_count='1' iicount='100' bimorphic_traps='2'/>
</uncommon_trap>
DEOPT PACKING thread 0x00007ff62500d000 Compiled frame (sp=0x000000030c91fea0 unextended sp=0x000000030c91fea0, fp=0x00000000f59c21e1, real_fp=0x000000030c91fee0, pc=0x0000000114cdd1dc)
     nmethod   1061  108             java.util.HashMap::getNode (148 bytes)

     Virtual frames (innermost first):
        0 - frame( sp=0x000000030c91fea0, unextended_sp=0x000000030c91fea0, fp=0x00000000f59c21e1, pc=0x0000000114cdd1dc)
java.util.HashMap.getNode(HashMap.java:573) - invokevirtual @ bci 59 
     Created vframeArray 0x00007ff62404ec20
DEOPT UNPACKING thread 0x00007ff62500d000 vframeArray 0x00007ff62404ec20 mode 2
     {method} {0x0000000111916c80} &apos;getNode&apos; &apos;(ILjava/lang/Object;)Ljava/util/HashMap$Node;&apos; in &apos;java/util/HashMap&apos; - invokevirtual @ bci 59 sp = 0x000000030c91fe40
<uncommon_trap thread='9731' reason='bimorphic' action='maybe_recompile' compile_id='108' compiler='C2' count='3' state='#7' stamp='1.062'>
Uncommon trap occurred in java.util.HashMap::getNode (@0x0000000114cdd1dc) thread=9731 reason=bimorphic action=maybe_recompile unloaded_class_index=-1
<jvms bci='59' method='java/util/HashMap getNode (ILjava/lang/Object;)Ljava/util/HashMap$Node;' bytes='148' count='50' backedge_count='1' iicount='100' bimorphic_traps='3'/>
</uncommon_trap>
DEOPT PACKING thread 0x00007ff62500d000 Compiled frame (sp=0x000000030c91fea0 unextended sp=0x000000030c91fea0, fp=0x000000006499bd24, real_fp=0x000000030c91fee0, pc=0x0000000114cdd1dc)
     nmethod   1061  108             java.util.HashMap::getNode (148 bytes)

     Virtual frames (innermost first):
        0 - frame( sp=0x000000030c91fea0, unextended_sp=0x000000030c91fea0, fp=0x000000006499bd24, pc=0x0000000114cdd1dc)
java.util.HashMap.getNode(HashMap.java:573) - invokevirtual @ bci 59 
     Created vframeArray 0x00007ff62584d020
DEOPT UNPACKING thread 0x00007ff62500d000 vframeArray 0x00007ff62584d020 mode 2
     {method} {0x0000000111916c80} &apos;getNode&apos; &apos;(ILjava/lang/Object;)Ljava/util/HashMap$Node;&apos; in &apos;java/util/HashMap&apos; - invokevirtual @ bci 59 sp = 0x000000030c91fe40
<uncommon_trap thread='9731' reason='unstable_if' action='reinterpret' compile_id='26' compiler='C2' stamp='1.100'>
Uncommon trap occurred in java.lang.Math::max (@0x0000000114cb7810) thread=9731 reason=unstable_if action=reinterpret unloaded_class_index=-1
<jvms bci='2' method='java/lang/Math max (II)I' bytes='11' count='50' backedge_count='1' iicount='100'/>
</uncommon_trap>
DEOPT PACKING thread 0x00007ff62500d000 Compiled frame (sp=0x000000030c920b40 unextended sp=0x000000030c920b40, fp=0x000000030c920bd0, real_fp=0x000000030c920b70, pc=0x0000000114cb7810)
     nmethod   1100   26             java.lang.Math::max (11 bytes)

     Virtual frames (innermost first):
        0 - frame( sp=0x000000030c920b40, unextended_sp=0x000000030c920b40, fp=0x000000030c920bd0, pc=0x0000000114cb7810)
java.lang.Math.max(Math.java:1252) - if_icmplt @ bci 2 
     Created vframeArray 0x00007ff625051220
DEOPT UNPACKING thread 0x00007ff62500d000 vframeArray 0x00007ff625051220 mode 2
     {method} {0x0000000111924a80} &apos;max&apos; &apos;(II)I&apos; in &apos;java/lang/Math&apos; - if_icmplt @ bci 2 sp = 0x000000030c920b10
<uncommon_trap thread='9731' reason='unstable_if' action='reinterpret' compile_id='136' compiler='C2' stamp='1.117'>
Uncommon trap occurred in java.lang.ClassLoader::loadClass (@0x0000000114cebf70) thread=9731 reason=unstable_if action=reinterpret unloaded_class_index=-1
<jvms bci='28' method='java/lang/ClassLoader getClassLoadingLock (Ljava/lang/String;)Ljava/lang/Object;' bytes='35' count='50' backedge_count='1' iicount='100'/>
<jvms bci='2' method='java/lang/ClassLoader loadClass (Ljava/lang/String;Z)Ljava/lang/Class;' bytes='122' count='50' backedge_count='1' iicount='100' throwouts='27'/>
</uncommon_trap>
DEOPT PACKING thread 0x00007ff62500d000 Compiled frame (sp=0x000000030c91eef0 unextended sp=0x000000030c91eef0, fp=0x00000007955c4f78, real_fp=0x000000030c91ef50, pc=0x0000000114cebf70)
     nmethod   1117  136   !         java.lang.ClassLoader::loadClass (122 bytes)

     Virtual frames (innermost first):
        0 - frame( sp=0x000000030c91eef0, unextended_sp=0x000000030c91eef0, fp=0x00000007955c4f78, pc=0x0000000114cebf70)
java.lang.ClassLoader.getClassLoadingLock(ClassLoader.java:458) - ifnonnull @ bci 28 
        1 - frame( sp=0x000000030c91eef0, unextended_sp=0x000000030c91eef0, fp=0x00000007955c4f78, pc=0x0000000114cebf70)
java.lang.ClassLoader.loadClass(ClassLoader.java:398) - invokevirtual @ bci 2 
     Created vframeArray 0x00007ff62404ec20
DEOPT UNPACKING thread 0x00007ff62500d000 vframeArray 0x00007ff62404ec20 mode 2
     {method} {0x0000000111819d60} &apos;loadClass&apos; &apos;(Ljava/lang/String;Z)Ljava/lang/Class;&apos; in &apos;java/lang/ClassLoader&apos; - invokevirtual @ bci 2 sp = 0x000000030c91eea8
     {method} {0x0000000111819e58} &apos;getClassLoadingLock&apos; &apos;(Ljava/lang/String;)Ljava/lang/Object;&apos; in &apos;java/lang/ClassLoader&apos; - ifnonnull @ bci 28 sp = 0x000000030c91ee50
<uncommon_trap thread='9731' reason='unstable_if' action='reinterpret' compile_id='179' compiler='C2' stamp='1.283'>
Uncommon trap occurred in java.lang.invoke.MemberName::isInvocable (@0x0000000114d00a04) thread=9731 reason=unstable_if action=reinterpret unloaded_class_index=-1
<jvms bci='6' method='java/lang/invoke/MemberName testAnyFlags (I)Z' bytes='15' count='50' backedge_count='1' iicount='100'/>
<jvms bci='3' method='java/lang/invoke/MemberName isInvocable ()Z' bytes='7' count='50' backedge_count='1' iicount='100'/>
</uncommon_trap>
DEOPT PACKING thread 0x00007ff62500d000 Compiled frame (sp=0x000000030c91efb0 unextended sp=0x000000030c91efb0, fp=0x0000000000000001, real_fp=0x000000030c91efd0, pc=0x0000000114d00a04)
     nmethod   1283  179             java.lang.invoke.MemberName::isInvocable (7 bytes)

     Virtual frames (innermost first):
        0 - frame( sp=0x000000030c91efb0, unextended_sp=0x000000030c91efb0, fp=0x0000000000000001, pc=0x0000000114d00a04)
java.lang.invoke.MemberName.testAnyFlags(MemberName.java:340) - ifne @ bci 6 
        1 - frame( sp=0x000000030c91efb0, unextended_sp=0x000000030c91efb0, fp=0x0000000000000001, pc=0x0000000114d00a04)
java.lang.invoke.MemberName.isInvocable(MemberName.java:443) - invokespecial @ bci 3 
     Created vframeArray 0x00007ff625060220
DEOPT UNPACKING thread 0x00007ff62500d000 vframeArray 0x00007ff625060220 mode 2
     {method} {0x000000011186c5c8} &apos;isInvocable&apos; &apos;()Z&apos; in &apos;java/lang/invoke/MemberName&apos; - invokespecial @ bci 3 sp = 0x000000030c91ef70
     {method} {0x000000011186ba58} &apos;testAnyFlags&apos; &apos;(I)Z&apos; in &apos;java/lang/invoke/MemberName&apos; - ifne @ bci 6 sp = 0x000000030c91ef18
<uncommon_trap thread='9731' reason='unstable_if' action='reinterpret' compile_id='180' compiler='C2' count='1' state='intrinsic recompiled' stamp='1.284'>
Uncommon trap occurred in java.lang.invoke.MemberName::testAnyFlags (@0x0000000114d006c0) thread=9731 reason=unstable_if action=reinterpret unloaded_class_index=-1
<jvms bci='6' method='java/lang/invoke/MemberName testAnyFlags (I)Z' bytes='15' count='1' backedge_count='1' iicount='100' unstable_if_traps='1'/>
</uncommon_trap>
DEOPT PACKING thread 0x00007ff62500d000 Compiled frame (sp=0x000000030c91eee0 unextended sp=0x000000030c91eee0, fp=0x0000000000000001, real_fp=0x000000030c91ef00, pc=0x0000000114d006c0)
     nmethod   1283  180             java.lang.invoke.MemberName::testAnyFlags (15 bytes)

     Virtual frames (innermost first):
        0 - frame( sp=0x000000030c91eee0, unextended_sp=0x000000030c91eee0, fp=0x0000000000000001, pc=0x0000000114d006c0)
java.lang.invoke.MemberName.testAnyFlags(MemberName.java:340) - ifne @ bci 6 
     Created vframeArray 0x00007ff62404ec20
DEOPT UNPACKING thread 0x00007ff62500d000 vframeArray 0x00007ff62404ec20 mode 2
     {method} {0x000000011186ba58} &apos;testAnyFlags&apos; &apos;(I)Z&apos; in &apos;java/lang/invoke/MemberName&apos; - ifne @ bci 6 sp = 0x000000030c91eea8
<uncommon_trap thread='9731' reason='unstable_if' action='reinterpret' compile_id='213' compiler='C2' stamp='1.458'>
Uncommon trap occurred in java.util.SubList$1::hasNext (@0x0000000114d0b1f4) thread=9731 reason=unstable_if action=reinterpret unloaded_class_index=-1
<jvms bci='11' method='java/util/SubList$1 hasNext ()Z' bytes='20' count='50' backedge_count='1' iicount='100'/>
</uncommon_trap>
DEOPT PACKING thread 0x00007ff62500d000 Compiled frame (sp=0x000000030c9208a0 unextended sp=0x000000030c9208a0, fp=0x0000000000000048, real_fp=0x000000030c9208d0, pc=0x0000000114d0b1f4)
     nmethod   1457  213             java.util.SubList$1::hasNext (20 bytes)

     Virtual frames (innermost first):
        0 - frame( sp=0x000000030c9208a0, unextended_sp=0x000000030c9208a0, fp=0x0000000000000048, pc=0x0000000114d0b1f4)
java.util.SubList$1.hasNext(AbstractList.java:702) - if_icmpge @ bci 11 
     Created vframeArray 0x00007ff62603cc20
DEOPT UNPACKING thread 0x00007ff62500d000 vframeArray 0x00007ff62603cc20 mode 2
     {method} {0x0000000111bb7308} &apos;hasNext&apos; &apos;()Z&apos; in &apos;java/util/SubList$1&apos; - if_icmpge @ bci 11 sp = 0x000000030c920870
<uncommon_trap thread='9731' reason='unstable_if' action='reinterpret' compile_id='200' compiler='C2' stamp='1.459'>
Uncommon trap occurred in java.lang.invoke.MemberName::getMethodType (@0x0000000114d05658) thread=9731 reason=unstable_if action=reinterpret unloaded_class_index=-1
<jvms bci='4' method='java/lang/invoke/MemberName getMethodType ()Ljava/lang/invoke/MethodType;' bytes='208' count='50' backedge_count='1' iicount='100'/>
</uncommon_trap>
DEOPT PACKING thread 0x00007ff62500d000 Compiled frame (sp=0x000000030c920ac0 unextended sp=0x000000030c920ac0, fp=0x00000007956af2d0, real_fp=0x000000030c920b00, pc=0x0000000114d05658)
     nmethod   1458  200   !         java.lang.invoke.MemberName::getMethodType (208 bytes)

     Virtual frames (innermost first):
        0 - frame( sp=0x000000030c920ac0, unextended_sp=0x000000030c920ac0, fp=0x00000007956af2d0, pc=0x0000000114d05658)
java.lang.invoke.MemberName.getMethodType(MemberName.java:122) - ifnonnull @ bci 4 
     Created vframeArray 0x00007ff62404ec20
DEOPT UNPACKING thread 0x00007ff62500d000 vframeArray 0x00007ff62404ec20 mode 2
     {method} {0x000000011186a8a8} &apos;getMethodType&apos; &apos;()Ljava/lang/invoke/MethodType;&apos; in &apos;java/lang/invoke/MemberName&apos; - ifnonnull @ bci 4 sp = 0x000000030c920a78
<uncommon_trap thread='9731' reason='unstable_if' action='reinterpret' compile_id='137' compiler='C2' count='1' state='intrinsic recompiled' stamp='1.459'>
Uncommon trap occurred in java.lang.ClassLoader::getClassLoadingLock (@0x0000000114ced8ac) thread=9731 reason=unstable_if action=reinterpret unloaded_class_index=-1
<jvms bci='28' method='java/lang/ClassLoader getClassLoadingLock (Ljava/lang/String;)Ljava/lang/Object;' bytes='35' count='1' backedge_count='1' iicount='100' unstable_if_traps='1'/>
</uncommon_trap>
DEOPT PACKING thread 0x00007ff62500d000 Compiled frame (sp=0x000000030c9206b0 unextended sp=0x000000030c9206b0, fp=0x00000007956b1778, real_fp=0x000000030c9206f0, pc=0x0000000114ced8ac)
     nmethod   1459  137             java.lang.ClassLoader::getClassLoadingLock (35 bytes)

     Virtual frames (innermost first):
        0 - frame( sp=0x000000030c9206b0, unextended_sp=0x000000030c9206b0, fp=0x00000007956b1778, pc=0x0000000114ced8ac)
java.lang.ClassLoader.getClassLoadingLock(ClassLoader.java:458) - ifnonnull @ bci 28 
     Created vframeArray 0x00007ff62584d020
DEOPT UNPACKING thread 0x00007ff62500d000 vframeArray 0x00007ff62584d020 mode 2
     {method} {0x0000000111819e58} &apos;getClassLoadingLock&apos; &apos;(Ljava/lang/String;)Ljava/lang/Object;&apos; in &apos;java/lang/ClassLoader&apos; - ifnonnull @ bci 28 sp = 0x000000030c920688
<uncommon_trap thread='9731' reason='class_check' action='maybe_recompile' compile_id='195' compiler='C2' stamp='1.631'>
Uncommon trap occurred in java.util.concurrent.ConcurrentHashMap::get (@0x0000000114d09b90) thread=9731 reason=class_check action=maybe_recompile unloaded_class_index=-1
<jvms bci='1' method='java/util/concurrent/ConcurrentHashMap get (Ljava/lang/Object;)Ljava/lang/Object;' bytes='162' count='50' backedge_count='14' iicount='86'/>
</uncommon_trap>
DEOPT PACKING thread 0x00007ff62500d000 Compiled frame (sp=0x000000030c921a70 unextended sp=0x000000030c921a70, fp=0x0000000795674508, real_fp=0x000000030c921ab0, pc=0x0000000114d09b90)
     nmethod   1631  195             java.util.concurrent.ConcurrentHashMap::get (162 bytes)

     Virtual frames (innermost first):
        0 - frame( sp=0x000000030c921a70, unextended_sp=0x000000030c921a70, fp=0x0000000795674508, pc=0x0000000114d09b90)
java.util.concurrent.ConcurrentHashMap.get(ConcurrentHashMap.java:936) - invokevirtual @ bci 1 
     Created vframeArray 0x00007ff62404ec20
DEOPT UNPACKING thread 0x00007ff62500d000 vframeArray 0x00007ff62404ec20 mode 2
     {method} {0x00000001119f9c88} &apos;get&apos; &apos;(Ljava/lang/Object;)Ljava/lang/Object;&apos; in &apos;java/util/concurrent/ConcurrentHashMap&apos; - invokevirtual @ bci 1 sp = 0x000000030c921a20
<uncommon_trap thread='9731' reason='unstable_if' action='reinterpret' compile_id='152' compiler='C2' stamp='1.631'>
Uncommon trap occurred in java.lang.Class::getClassLoader (@0x0000000114cf23b4) thread=9731 reason=unstable_if action=reinterpret unloaded_class_index=-1
<jvms bci='6' method='java/lang/Class getClassLoader ()Ljava/lang/ClassLoader;' bytes='28' count='50' backedge_count='1' iicount='100'/>
</uncommon_trap>
DEOPT PACKING thread 0x00007ff62500d000 Compiled frame (sp=0x000000030c9217b0 unextended sp=0x000000030c9217b0, fp=0x000000030c921838, real_fp=0x000000030c9217e0, pc=0x0000000114cf23b4)
     nmethod   1631  152             java.lang.Class::getClassLoader (28 bytes)

     Virtual frames (innermost first):
        0 - frame( sp=0x000000030c9217b0, unextended_sp=0x000000030c9217b0, fp=0x000000030c921838, pc=0x0000000114cf23b4)
java.lang.Class.getClassLoader(Class.java:679) - ifnonnull @ bci 6 
     Created vframeArray 0x00007ff625067820
DEOPT UNPACKING thread 0x00007ff62500d000 vframeArray 0x00007ff625067820 mode 2
     {method} {0x0000000111810320} &apos;getClassLoader&apos; &apos;()Ljava/lang/ClassLoader;&apos; in &apos;java/lang/Class&apos; - ifnonnull @ bci 6 sp = 0x000000030c921778
<uncommon_trap thread='9731' reason='unstable_if' action='reinterpret' compile_id='168' compiler='C2' count='1' state='intrinsic recompiled' stamp='1.633'>
Uncommon trap occurred in sun.invoke.util.VerifyAccess::isSamePackage (@0x0000000114cfd378) thread=9731 reason=unstable_if action=reinterpret unloaded_class_index=-1
<jvms bci='6' method='java/lang/Class getClassLoader ()Ljava/lang/ClassLoader;' bytes='28' count='1' backedge_count='1' iicount='100' decompiles='1' unstable_if_traps='1'/>
<jvms bci='40' method='sun/invoke/util/VerifyAccess isSamePackage (Ljava/lang/Class;Ljava/lang/Class;)Z' bytes='114' count='8' backedge_count='66' iicount='8'/>
</uncommon_trap>
DEOPT PACKING thread 0x00007ff62500d000 Compiled frame (sp=0x000000030c921770 unextended sp=0x000000030c921770, fp=0x0000000795582920, real_fp=0x000000030c9217c0, pc=0x0000000114cfd378)
     nmethod   1632  168             sun.invoke.util.VerifyAccess::isSamePackage (114 bytes)

     Virtual frames (innermost first):
        0 - frame( sp=0x000000030c921770, unextended_sp=0x000000030c921770, fp=0x0000000795582920, pc=0x0000000114cfd378)
java.lang.Class.getClassLoader(Class.java:679) - ifnonnull @ bci 6 
        1 - frame( sp=0x000000030c921770, unextended_sp=0x000000030c921770, fp=0x0000000795582920, pc=0x0000000114cfd378)
sun.invoke.util.VerifyAccess.isSamePackage(VerifyAccess.java:275) - invokevirtual @ bci 40 
     Created vframeArray 0x00007ff625068020
DEOPT UNPACKING thread 0x00007ff62500d000 vframeArray 0x00007ff625068020 mode 2
     {method} {0x0000000111b36c60} &apos;isSamePackage&apos; &apos;(Ljava/lang/Class;Ljava/lang/Class;)Z&apos; in &apos;sun/invoke/util/VerifyAccess&apos; - invokevirtual @ bci 40 sp = 0x000000030c921730
     {method} {0x0000000111810320} &apos;getClassLoader&apos; &apos;()Ljava/lang/ClassLoader;&apos; in &apos;java/lang/Class&apos; - ifnonnull @ bci 6 sp = 0x000000030c9216d8
<uncommon_trap thread='9731' reason='loop_limit_check' action='maybe_recompile' compile_id='335' compiler='C2' stamp='2.144'>
Uncommon trap occurred in java.lang.invoke.LambdaForm::shortenSignature (@0x0000000114d531d0) thread=9731 reason=loop_limit_check action=maybe_recompile unloaded_class_index=-1
<jvms bci='97' method='java/lang/invoke/LambdaForm shortenSignature (Ljava/lang/String;)Ljava/lang/String;' bytes='166' count='17' backedge_count='60' iicount='17'/>
</uncommon_trap>
DEOPT PACKING thread 0x00007ff62500d000 Compiled frame (sp=0x000000030c91fb60 unextended sp=0x000000030c91fb60, fp=0x0000000000000000, real_fp=0x000000030c91fbe0, pc=0x0000000114d531d0)
     nmethod   2143  335             java.lang.invoke.LambdaForm::shortenSignature (166 bytes)

     Virtual frames (innermost first):
        0 - frame( sp=0x000000030c91fb60, unextended_sp=0x000000030c91fb60, fp=0x0000000000000000, pc=0x0000000114d531d0)
java.lang.invoke.LambdaForm.shortenSignature(LambdaForm.java:1360) - aload @ bci 97 
     Created vframeArray 0x00007ff625860420
DEOPT UNPACKING thread 0x00007ff62500d000 vframeArray 0x00007ff625860420 mode 2
     {method} {0x000000011187a5d8} &apos;shortenSignature&apos; &apos;(Ljava/lang/String;)Ljava/lang/String;&apos; in &apos;java/lang/invoke/LambdaForm&apos; - aload @ bci 97 sp = 0x000000030c91fb48
<uncommon_trap thread='9731' reason='unstable_if' action='reinterpret' compile_id='310' compiler='C2' stamp='2.179'>
Uncommon trap occurred in jdk.internal.org.objectweb.asm.ByteVector::enlarge (@0x0000000114d3f044) thread=9731 reason=unstable_if action=reinterpret unloaded_class_index=-1
<jvms bci='17' method='jdk/internal/org/objectweb/asm/ByteVector enlarge (I)V' bytes='51' count='51' backedge_count='1' iicount='101'/>
</uncommon_trap>
DEOPT PACKING thread 0x00007ff62500d000 Compiled frame (sp=0x000000030c91f500 unextended sp=0x000000030c91f500, fp=0x0000000795703ee0, real_fp=0x000000030c91f540, pc=0x0000000114d3f044)
     nmethod   2179  310             jdk.internal.org.objectweb.asm.ByteVector::enlarge (51 bytes)

     Virtual frames (innermost first):
        0 - frame( sp=0x000000030c91f500, unextended_sp=0x000000030c91f500, fp=0x0000000795703ee0, pc=0x0000000114d3f044)
jdk.internal.org.objectweb.asm.ByteVector.enlarge(ByteVector.java:364) - if_icmple @ bci 17 
     Created vframeArray 0x00007ff624063420
DEOPT UNPACKING thread 0x00007ff62500d000 vframeArray 0x00007ff624063420 mode 2
     {method} {0x0000000111b78858} &apos;enlarge&apos; &apos;(I)V&apos; in &apos;jdk/internal/org/objectweb/asm/ByteVector&apos; - if_icmple @ bci 17 sp = 0x000000030c91f4b8
<uncommon_trap thread='9731' reason='unstable_if' action='reinterpret' compile_id='192' compiler='C2' stamp='2.180'>
Uncommon trap occurred in jdk.internal.org.objectweb.asm.ByteVector::putByte (@0x0000000114cfb150) thread=9731 reason=unstable_if action=reinterpret unloaded_class_index=-1
<jvms bci='13' method='jdk/internal/org/objectweb/asm/ByteVector putByte (I)Ljdk/internal/org/objectweb/asm/ByteVector;' bytes='39' count='50' backedge_count='1' iicount='100'/>
</uncommon_trap>
DEOPT PACKING thread 0x00007ff62500d000 Compiled frame (sp=0x000000030c91f680 unextended sp=0x000000030c91f680, fp=0x0000000795703ee0, real_fp=0x000000030c91f6c0, pc=0x0000000114cfb150)
     nmethod   2179  192             jdk.internal.org.objectweb.asm.ByteVector::putByte (39 bytes)

     Virtual frames (innermost first):
        0 - frame( sp=0x000000030c91f680, unextended_sp=0x000000030c91f680, fp=0x0000000795703ee0, pc=0x0000000114cfb150)
jdk.internal.org.objectweb.asm.ByteVector.putByte(ByteVector.java:108) - if_icmple @ bci 13 
     Created vframeArray 0x00007ff625068020
DEOPT UNPACKING thread 0x00007ff62500d000 vframeArray 0x00007ff625068020 mode 2
     {method} {0x0000000111b77c00} &apos;putByte&apos; &apos;(I)Ljdk/internal/org/objectweb/asm/ByteVector;&apos; in &apos;jdk/internal/org/objectweb/asm/ByteVector&apos; - if_icmple @ bci 13 sp = 0x000000030c91f648
<uncommon_trap thread='9731' reason='loop_limit_check' action='maybe_recompile' compile_id='357' compiler='C2' stamp='2.222'>
Uncommon trap occurred in java.lang.invoke.LambdaForm$Name::useCount (@0x0000000114d5f6dc) thread=9731 reason=loop_limit_check action=maybe_recompile unloaded_class_index=-1
<jvms bci='24' method='java/lang/invoke/LambdaForm$Name useCount (Ljava/lang/invoke/LambdaForm$Name;)I' bytes='42' count='27' backedge_count='51' iicount='27'/>
</uncommon_trap>
DEOPT PACKING thread 0x00007ff62500d000 Compiled frame (sp=0x000000030c91f9b0 unextended sp=0x000000030c91f9b0, fp=0x0000000795702ef8, real_fp=0x000000030c91f9f0, pc=0x0000000114d5f6dc)
     nmethod   2222  357             java.lang.invoke.LambdaForm$Name::useCount (42 bytes)

     Virtual frames (innermost first):
        0 - frame( sp=0x000000030c91f9b0, unextended_sp=0x000000030c91f9b0, fp=0x0000000795702ef8, pc=0x0000000114d5f6dc)
java.lang.invoke.LambdaForm$Name.useCount(LambdaForm.java:1582) - fast_aaccess_0 @ bci 24 
     Created vframeArray 0x00007ff62604a220
DEOPT UNPACKING thread 0x00007ff62500d000 vframeArray 0x00007ff62604a220 mode 2
     {method} {0x0000000111b49310} &apos;useCount&apos; &apos;(Ljava/lang/invoke/LambdaForm$Name;)I&apos; in &apos;java/lang/invoke/LambdaForm$Name&apos; - aload_0 @ bci 24 sp = 0x000000030c91f990
<uncommon_trap thread='9731' reason='unstable_if' action='reinterpret' compile_id='276' compiler='C2' stamp='2.340'>
Uncommon trap occurred in java.lang.invoke.LambdaForm::argument (@0x0000000114d2de9c) thread=9731 reason=unstable_if action=reinterpret unloaded_class_index=-1
<jvms bci='3' method='java/lang/invoke/LambdaForm argument (ILjava/lang/invoke/LambdaForm$BasicType;)Ljava/lang/invoke/LambdaForm$Name;' bytes='27' count='50' backedge_count='1' iicount='100'/>
</uncommon_trap>
DEOPT PACKING thread 0x00007ff62500d000 Compiled frame (sp=0x000000030c91f850 unextended sp=0x000000030c91f850, fp=0x000000000000000b, real_fp=0x000000030c91f880, pc=0x0000000114d2de9c)
     nmethod   2340  276             java.lang.invoke.LambdaForm::argument (27 bytes)

     Virtual frames (innermost first):
        0 - frame( sp=0x000000030c91f850, unextended_sp=0x000000030c91f850, fp=0x000000000000000b, pc=0x0000000114d2de9c)
java.lang.invoke.LambdaForm.argument(LambdaForm.java:1647) - if_icmplt @ bci 3 
     Created vframeArray 0x00007ff62604b220
DEOPT UNPACKING thread 0x00007ff62500d000 vframeArray 0x00007ff62604b220 mode 2
     {method} {0x000000011187aa10} &apos;argument&apos; &apos;(ILjava/lang/invoke/LambdaForm$BasicType;)Ljava/lang/invoke/LambdaForm$Name;&apos; in &apos;java/lang/invoke/LambdaForm&apos; - if_icmplt @ bci 3 sp = 0x000000030c91f810
<uncommon_trap thread='9731' reason='unstable_if' action='reinterpret' compile_id='262' compiler='C2' stamp='2.357'>
Uncommon trap occurred in jdk.internal.org.objectweb.asm.Frame::push (@0x0000000114d08638) thread=9731 reason=unstable_if action=reinterpret unloaded_class_index=-1
<jvms bci='26' method='jdk/internal/org/objectweb/asm/Frame push (I)V' bytes='110' count='52' backedge_count='1' iicount='102'/>
</uncommon_trap>
DEOPT PACKING thread 0x00007ff62500d000 Compiled frame (sp=0x000000030c91f500 unextended sp=0x000000030c91f500, fp=0x000000000000000a, real_fp=0x000000030c91f540, pc=0x0000000114d08638)
     nmethod   2357  262             jdk.internal.org.objectweb.asm.Frame::push (110 bytes)

     Virtual frames (innermost first):
        0 - frame( sp=0x000000030c91f500, unextended_sp=0x000000030c91f500, fp=0x000000000000000a, pc=0x0000000114d08638)
jdk.internal.org.objectweb.asm.Frame.push(Frame.java:610) - if_icmplt @ bci 26 
     Created vframeArray 0x00007ff624063420
DEOPT UNPACKING thread 0x00007ff62500d000 vframeArray 0x00007ff624063420 mode 2
     {method} {0x0000000111b8d428} &apos;push&apos; &apos;(I)V&apos; in &apos;jdk/internal/org/objectweb/asm/Frame&apos; - if_icmplt @ bci 26 sp = 0x000000030c91f4c0
<uncommon_trap thread='9731' reason='unstable_if' action='reinterpret' compile_id='372' compiler='C2' stamp='2.374'>
Uncommon trap occurred in java.lang.invoke.MemberName$Factory::resolveOrFail (@0x0000000114d5ddfc) thread=9731 reason=unstable_if action=reinterpret unloaded_class_index=-1
<jvms bci='4' method='java/lang/invoke/MemberName isResolved ()Z' bytes='13' count='50' backedge_count='1' iicount='100'/>
<jvms bci='11' method='java/lang/invoke/MemberName$Factory resolveOrFail (BLjava/lang/invoke/MemberName;Ljava/lang/Class;Ljava/lang/Class;)Ljava/lang/invoke/MemberName;' bytes='52' count='50' backedge_count='1' iicount='100'/>
</uncommon_trap>
DEOPT PACKING thread 0x00007ff62500d000 Compiled frame (sp=0x000000030c91fea0 unextended sp=0x000000030c91fea0, fp=0x00000000f2ae7e06, real_fp=0x000000030c91fed0, pc=0x0000000114d5ddfc)
     nmethod   2373  372             java.lang.invoke.MemberName$Factory::resolveOrFail (52 bytes)

     Virtual frames (innermost first):
        0 - frame( sp=0x000000030c91fea0, unextended_sp=0x000000030c91fea0, fp=0x00000000f2ae7e06, pc=0x0000000114d5ddfc)
java.lang.invoke.MemberName.isResolved(MemberName.java:774) - ifnonnull @ bci 4 
        1 - frame( sp=0x000000030c91fea0, unextended_sp=0x000000030c91fea0, fp=0x00000000f2ae7e06, pc=0x0000000114d5ddfc)
java.lang.invoke.MemberName$Factory.resolveOrFail(MemberName.java:1001) - invokevirtual @ bci 11 
     Created vframeArray 0x00007ff625068020
DEOPT UNPACKING thread 0x00007ff62500d000 vframeArray 0x00007ff625068020 mode 2
     {method} {0x0000000111a40e90} &apos;resolveOrFail&apos; &apos;(BLjava/lang/invoke/MemberName;Ljava/lang/Class;Ljava/lang/Class;)Ljava/lang/invoke/MemberName;&apos; in &apos;java/lang/invoke/MemberName$Factory&apos; - invokevirtual @ bci 11 sp = 0x000000030c91fe68
     {method} {0x000000011186e758} &apos;isResolved&apos; &apos;()Z&apos; in &apos;java/lang/invoke/MemberName&apos; - ifnonnull @ bci 4 sp = 0x000000030c91fe10
<uncommon_trap thread='9731' reason='unstable_if' action='reinterpret' compile_id='248' compiler='C2' count='1' state='intrinsic recompiled' stamp='2.374'>
Uncommon trap occurred in java.lang.invoke.MemberName::isResolved (@0x0000000114d1e3f4) thread=9731 reason=unstable_if action=reinterpret unloaded_class_index=-1
<jvms bci='4' method='java/lang/invoke/MemberName isResolved ()Z' bytes='13' count='1' backedge_count='1' iicount='100' unstable_if_traps='1'/>
</uncommon_trap>
DEOPT PACKING thread 0x00007ff62500d000 Compiled frame (sp=0x000000030c91fd70 unextended sp=0x000000030c91fd70, fp=0x00000000f2ae7e06, real_fp=0x000000030c91fd90, pc=0x0000000114d1e3f4)
     nmethod   2374  248             java.lang.invoke.MemberName::isResolved (13 bytes)

     Virtual frames (innermost first):
        0 - frame( sp=0x000000030c91fd70, unextended_sp=0x000000030c91fd70, fp=0x00000000f2ae7e06, pc=0x0000000114d1e3f4)
java.lang.invoke.MemberName.isResolved(MemberName.java:774) - ifnonnull @ bci 4 
     Created vframeArray 0x00007ff625069c20
DEOPT UNPACKING thread 0x00007ff62500d000 vframeArray 0x00007ff625069c20 mode 2
     {method} {0x000000011186e758} &apos;isResolved&apos; &apos;()Z&apos; in &apos;java/lang/invoke/MemberName&apos; - ifnonnull @ bci 4 sp = 0x000000030c91fd38
<uncommon_trap thread='9731' reason='unstable_if' action='reinterpret' compile_id='395' compiler='C2' stamp='2.375'>
Uncommon trap occurred in java.lang.Class::getSimpleName (@0x0000000114d6d4d4) thread=9731 reason=unstable_if action=reinterpret unloaded_class_index=-1
<jvms bci='4' method='java/lang/Class getSimpleName ()Ljava/lang/String;' bytes='120' count='50' backedge_count='1' iicount='100'/>
</uncommon_trap>
DEOPT PACKING thread 0x00007ff62500d000 Compiled frame (sp=0x000000030c91fc10 unextended sp=0x000000030c91fc10, fp=0x0000000795584090, real_fp=0x000000030c91fc50, pc=0x0000000114d6d4d4)
     nmethod   2375  395             java.lang.Class::getSimpleName (120 bytes)

     Virtual frames (innermost first):
        0 - frame( sp=0x000000030c91fc10, unextended_sp=0x000000030c91fc10, fp=0x0000000795584090, pc=0x0000000114d6d4d4)
java.lang.Class.getSimpleName(Class.java:1306) - ifeq @ bci 4 
     Created vframeArray 0x00007ff62604b220
DEOPT UNPACKING thread 0x00007ff62500d000 vframeArray 0x00007ff62604b220 mode 2
     {method} {0x0000000111811770} &apos;getSimpleName&apos; &apos;()Ljava/lang/String;&apos; in &apos;java/lang/Class&apos; - ifeq @ bci 4 sp = 0x000000030c91fbe0
<uncommon_trap thread='9731' reason='null_check' action='make_not_entrant' compile_id='237' compiler='C2' stamp='2.389'>
Uncommon trap occurred in java.util.ArrayList::add (@0x0000000114d1f19c) thread=9731 reason=null_check action=make_not_entrant unloaded_class_index=-1
<jvms bci='26' method='java/util/ArrayList add (Ljava/lang/Object;)Z' bytes='29' count='50' backedge_count='1' iicount='100'/>
</uncommon_trap>
DEOPT PACKING thread 0x00007ff62500d000 Compiled frame (sp=0x000000030c920030 unextended sp=0x000000030c920030, fp=0x00000000f2ae80be, real_fp=0x000000030c920060, pc=0x0000000114d1f19c)
     nmethod   2389  237             java.util.ArrayList::add (29 bytes)

     Virtual frames (innermost first):
        0 - frame( sp=0x000000030c920030, unextended_sp=0x000000030c920030, fp=0x00000000f2ae80be, pc=0x0000000114d1f19c)
java.util.ArrayList.add(ArrayList.java:465) - aastore @ bci 26 
     Created vframeArray 0x00007ff62604a220
DEOPT UNPACKING thread 0x00007ff62500d000 vframeArray 0x00007ff62604a220 mode 2
     {method} {0x00000001118f8970} &apos;add&apos; &apos;(Ljava/lang/Object;)Z&apos; in &apos;java/util/ArrayList&apos; - aastore @ bci 26 sp = 0x000000030c91fff8
<uncommon_trap thread='9731' reason='bimorphic' action='maybe_recompile' compile_id='363' compiler='C2' stamp='2.427'>
Uncommon trap occurred in java.lang.invoke.InvokerBytecodeGenerator::generateCustomizedCodeBytes (@0x0000000114d63b1c) thread=9731 reason=bimorphic action=maybe_recompile unloaded_class_index=-1
<jvms bci='17' method='java/lang/invoke/LambdaForm$NamedFunction intrinsicName ()Ljava/lang/invoke/MethodHandleImpl$Intrinsic;' bytes='21' count='64' iicount='64'/>
<jvms bci='180' method='java/lang/invoke/InvokerBytecodeGenerator generateCustomizedCodeBytes ()[B' bytes='604' count='40' backedge_count='52' iicount='40'/>
</uncommon_trap>
DEOPT PACKING thread 0x00007ff62500d000 Compiled frame (sp=0x000000030c91f9f0 unextended sp=0x000000030c91f9f0, fp=0x00000000f2adb867, real_fp=0x000000030c91fa60, pc=0x0000000114d63b1c)
     nmethod   2426  363             java.lang.invoke.InvokerBytecodeGenerator::generateCustomizedCodeBytes (604 bytes)

     Virtual frames (innermost first):
        0 - frame( sp=0x000000030c91f9f0, unextended_sp=0x000000030c91f9f0, fp=0x00000000f2adb867, pc=0x0000000114d63b1c)
java.lang.invoke.LambdaForm$NamedFunction.intrinsicName(LambdaForm.java:1328) - invokevirtual @ bci 17 
        1 - frame( sp=0x000000030c91f9f0, unextended_sp=0x000000030c91f9f0, fp=0x00000000f2adb867, pc=0x0000000114d63b1c)
java.lang.invoke.InvokerBytecodeGenerator.generateCustomizedCodeBytes(InvokerBytecodeGenerator.java:668) - invokevirtual @ bci 180 
     Created vframeArray 0x00007ff625861e20
DEOPT UNPACKING thread 0x00007ff62500d000 vframeArray 0x00007ff625861e20 mode 2
     {method} {0x0000000111b6a0c8} &apos;generateCustomizedCodeBytes&apos; &apos;()[B&apos; in &apos;java/lang/invoke/InvokerBytecodeGenerator&apos; - invokevirtual @ bci 180 sp = 0x000000030c91f9e0
     {method} {0x0000000111b4e140} &apos;intrinsicName&apos; &apos;()Ljava/lang/invoke/MethodHandleImpl$Intrinsic;&apos; in &apos;java/lang/invoke/LambdaForm$NamedFunction&apos; - invokevirtual @ bci 17 sp = 0x000000030c91f988
<uncommon_trap thread='9731' reason='unstable_if' action='reinterpret' compile_id='369' compiler='C2' stamp='2.482'>
Uncommon trap occurred in java.lang.invoke.InvokerBytecodeGenerator::getInternalName (@0x0000000114d5e714) thread=9731 reason=unstable_if action=reinterpret unloaded_class_index=-1
<jvms bci='12' method='java/lang/invoke/InvokerBytecodeGenerator getInternalName (Ljava/lang/Class;)Ljava/lang/String;' bytes='75' count='50' backedge_count='1' iicount='100'/>
</uncommon_trap>
DEOPT PACKING thread 0x00007ff62500d000 Compiled frame (sp=0x000000030c91f8b0 unextended sp=0x000000030c91f8b0, fp=0x000000030c91f930, real_fp=0x000000030c91f8e0, pc=0x0000000114d5e714)
     nmethod   2482  369             java.lang.invoke.InvokerBytecodeGenerator::getInternalName (75 bytes)

     Virtual frames (innermost first):
        0 - frame( sp=0x000000030c91f8b0, unextended_sp=0x000000030c91f8b0, fp=0x000000030c91f930, pc=0x0000000114d5e714)
java.lang.invoke.InvokerBytecodeGenerator.getInternalName(InvokerBytecodeGenerator.java:606) - if_acmpne @ bci 12 
     Created vframeArray 0x00007ff625862620
DEOPT UNPACKING thread 0x00007ff62500d000 vframeArray 0x00007ff625862620 mode 2
     {method} {0x0000000111b69b68} &apos;getInternalName&apos; &apos;(Ljava/lang/Class;)Ljava/lang/String;&apos; in &apos;java/lang/invoke/InvokerBytecodeGenerator&apos; - if_acmpne @ bci 12 sp = 0x000000030c91f880
<uncommon_trap thread='9731' reason='loop_limit_check' action='maybe_recompile' compile_id='433' compiler='C2' stamp='2.494'>
Uncommon trap occurred in java.lang.invoke.LambdaForm::useCount (@0x0000000114d7deb8) thread=9731 reason=loop_limit_check action=maybe_recompile unloaded_class_index=-1
<jvms bci='74' method='java/lang/invoke/LambdaForm useCount (Ljava/lang/invoke/LambdaForm$Name;)I' bytes='99' count='50' backedge_count='51' iicount='50'/>
</uncommon_trap>
DEOPT PACKING thread 0x00007ff62500d000 Compiled frame (sp=0x000000030c91f760 unextended sp=0x000000030c91f760, fp=0x000000079575c328, real_fp=0x000000030c91f7a0, pc=0x0000000114d7deb8)
     nmethod   2493  433             java.lang.invoke.LambdaForm::useCount (99 bytes)

     Virtual frames (innermost first):
        0 - frame( sp=0x000000030c91f760, unextended_sp=0x000000030c91f760, fp=0x000000079575c328, pc=0x0000000114d7deb8)
java.lang.invoke.LambdaForm.useCount(LambdaForm.java:1638) - fast_iload @ bci 74 
     Created vframeArray 0x00007ff625861e20
DEOPT UNPACKING thread 0x00007ff62500d000 vframeArray 0x00007ff625861e20 mode 2
     {method} {0x000000011187a878} &apos;useCount&apos; &apos;(Ljava/lang/invoke/LambdaForm$Name;)I&apos; in &apos;java/lang/invoke/LambdaForm&apos; - iload @ bci 74 sp = 0x000000030c91f720
<uncommon_trap thread='9731' reason='bimorphic' action='maybe_recompile' compile_id='363' compiler='C2' count='1' state='#7' stamp='2.508'>
Uncommon trap occurred in java.lang.invoke.InvokerBytecodeGenerator::generateCustomizedCodeBytes (@0x0000000114d63b1c) thread=9731 reason=bimorphic action=maybe_recompile unloaded_class_index=-1
<jvms bci='17' method='java/lang/invoke/LambdaForm$NamedFunction intrinsicName ()Ljava/lang/invoke/MethodHandleImpl$Intrinsic;' bytes='21' count='66' iicount='66' bimorphic_traps='1'/>
<jvms bci='180' method='java/lang/invoke/InvokerBytecodeGenerator generateCustomizedCodeBytes ()[B' bytes='604' count='40' backedge_count='55' iicount='40'/>
</uncommon_trap>
DEOPT PACKING thread 0x00007ff62500d000 Compiled frame (sp=0x000000030c920a30 unextended sp=0x000000030c920a30, fp=0x00000000f2adb867, real_fp=0x000000030c920aa0, pc=0x0000000114d63b1c)
     nmethod   2508  363             java.lang.invoke.InvokerBytecodeGenerator::generateCustomizedCodeBytes (604 bytes)

     Virtual frames (innermost first):
        0 - frame( sp=0x000000030c920a30, unextended_sp=0x000000030c920a30, fp=0x00000000f2adb867, pc=0x0000000114d63b1c)
java.lang.invoke.LambdaForm$NamedFunction.intrinsicName(LambdaForm.java:1328) - invokevirtual @ bci 17 
        1 - frame( sp=0x000000030c920a30, unextended_sp=0x000000030c920a30, fp=0x00000000f2adb867, pc=0x0000000114d63b1c)
java.lang.invoke.InvokerBytecodeGenerator.generateCustomizedCodeBytes(InvokerBytecodeGenerator.java:668) - invokevirtual @ bci 180 
     Created vframeArray 0x00007ff625068020
DEOPT UNPACKING thread 0x00007ff62500d000 vframeArray 0x00007ff625068020 mode 2
     {method} {0x0000000111b6a0c8} &apos;generateCustomizedCodeBytes&apos; &apos;()[B&apos; in &apos;java/lang/invoke/InvokerBytecodeGenerator&apos; - invokevirtual @ bci 180 sp = 0x000000030c920a20
     {method} {0x0000000111b4e140} &apos;intrinsicName&apos; &apos;()Ljava/lang/invoke/MethodHandleImpl$Intrinsic;&apos; in &apos;java/lang/invoke/LambdaForm$NamedFunction&apos; - invokevirtual @ bci 17 sp = 0x000000030c9209c8
<uncommon_trap thread='9731' reason='unstable_if' action='reinterpret' compile_id='436' compiler='C2' stamp='2.527'>
Uncommon trap occurred in jdk.internal.org.objectweb.asm.Frame::pop (@0x0000000114d7bda4) thread=9731 reason=unstable_if action=reinterpret unloaded_class_index=-1
<jvms bci='9' method='jdk/internal/org/objectweb/asm/Frame pop (Ljava/lang/String;)V' bytes='53' count='51' backedge_count='1' iicount='101'/>
</uncommon_trap>
DEOPT PACKING thread 0x00007ff62500d000 Compiled frame (sp=0x000000030c920eb0 unextended sp=0x000000030c920eb0, fp=0x000000000000004c, real_fp=0x000000030c920ef0, pc=0x0000000114d7bda4)
     nmethod   2526  436             jdk.internal.org.objectweb.asm.Frame::pop (53 bytes)

     Virtual frames (innermost first):
        0 - frame( sp=0x000000030c920eb0, unextended_sp=0x000000030c920eb0, fp=0x000000000000004c, pc=0x0000000114d7bda4)
jdk.internal.org.objectweb.asm.Frame.pop(Frame.java:760) - if_icmpne @ bci 9 
     Created vframeArray 0x00007ff62604a220
DEOPT UNPACKING thread 0x00007ff62500d000 vframeArray 0x00007ff62604a220 mode 2
     {method} {0x0000000111b8daf8} &apos;pop&apos; &apos;(Ljava/lang/String;)V&apos; in &apos;jdk/internal/org/objectweb/asm/Frame&apos; - if_icmpne @ bci 9 sp = 0x000000030c920e78
<uncommon_trap thread='9731' reason='unstable_if' action='reinterpret' compile_id='203' compiler='C2' stamp='2.527'>
Uncommon trap occurred in jdk.internal.org.objectweb.asm.ByteVector::put12 (@0x0000000114d0db34) thread=9731 reason=unstable_if action=reinterpret unloaded_class_index=-1
<jvms bci='13' method='jdk/internal/org/objectweb/asm/ByteVector put12 (II)Ljdk/internal/org/objectweb/asm/ByteVector;' bytes='64' count='50' backedge_count='1' iicount='100'/>
</uncommon_trap>
DEOPT PACKING thread 0x00007ff62500d000 Compiled frame (sp=0x000000030c920e50 unextended sp=0x000000030c920e50, fp=0x000000079581f178, real_fp=0x000000030c920e90, pc=0x0000000114d0db34)
     nmethod   2527  203             jdk.internal.org.objectweb.asm.ByteVector::put12 (64 bytes)

     Virtual frames (innermost first):
        0 - frame( sp=0x000000030c920e50, unextended_sp=0x000000030c920e50, fp=0x000000079581f178, pc=0x0000000114d0db34)
jdk.internal.org.objectweb.asm.ByteVector.put12(ByteVector.java:170) - if_icmple @ bci 13 
     Created vframeArray 0x00007ff62604b220
DEOPT UNPACKING thread 0x00007ff62500d000 vframeArray 0x00007ff62604b220 mode 2
     {method} {0x0000000111b77f50} &apos;put12&apos; &apos;(II)Ljdk/internal/org/objectweb/asm/ByteVector;&apos; in &apos;jdk/internal/org/objectweb/asm/ByteVector&apos; - if_icmple @ bci 13 sp = 0x000000030c920e08
<uncommon_trap thread='9731' reason='unstable_if' action='reinterpret' compile_id='435' compiler='C2' stamp='2.530'>
Uncommon trap occurred in jdk.internal.org.objectweb.asm.ClassWriter::newMethodItem (@0x0000000114d8199c) thread=9731 reason=unstable_if action=reinterpret unloaded_class_index=-1
<jvms bci='38' method='jdk/internal/org/objectweb/asm/ClassWriter newMethodItem (Ljava/lang/String;Ljava/lang/String;Ljava/lang/String;Z)Ljdk/internal/org/objectweb/asm/Item;' bytes='91' count='50' backedge_count='1' iicount='100'/>
</uncommon_trap>
DEOPT PACKING thread 0x00007ff62500d000 Compiled frame (sp=0x000000030c920f20 unextended sp=0x000000030c920f20, fp=0x000000079581f0d0, real_fp=0x000000030c920f70, pc=0x0000000114d8199c)
     nmethod   2529  435             jdk.internal.org.objectweb.asm.ClassWriter::newMethodItem (91 bytes)

     Virtual frames (innermost first):
        0 - frame( sp=0x000000030c920f20, unextended_sp=0x000000030c920f20, fp=0x000000079581f0d0, pc=0x0000000114d8199c)
jdk.internal.org.objectweb.asm.ClassWriter.newMethodItem(ClassWriter.java:1435) - ifnonnull @ bci 38 
     Created vframeArray 0x00007ff62604a220
DEOPT UNPACKING thread 0x00007ff62500d000 vframeArray 0x00007ff62604a220 mode 2
     {method} {0x0000000111b739d8} &apos;newMethodItem&apos; &apos;(Ljava/lang/String;Ljava/lang/String;Ljava/lang/String;Z)Ljdk/internal/org/objectweb/asm/Item;&apos; in &apos;jdk/internal/org/objectweb/asm/ClassWriter&apos; - ifnonnull @ bci 38 sp = 0x000000030c920ee0
<uncommon_trap thread='9731' reason='null_assert' action='make_not_entrant' compile_id='341' compiler='C2' stamp='2.532'>
Uncommon trap occurred in jdk.internal.org.objectweb.asm.ClassWriter::toByteArray (@0x0000000114d58d8c) thread=9731 reason=null_assert action=make_not_entrant unloaded_class_index=-1
<jvms bci='35' method='jdk/internal/org/objectweb/asm/ClassWriter toByteArray ()[B' bytes='1289' count='34' backedge_count='52' iicount='34'/>
</uncommon_trap>
DEOPT PACKING thread 0x00007ff62500d000 Compiled frame (sp=0x000000030c920f90 unextended sp=0x000000030c920f90, fp=0x000000079581f0d0, real_fp=0x000000030c920fe0, pc=0x0000000114d58d8c)
     nmethod   2532  341             jdk.internal.org.objectweb.asm.ClassWriter::toByteArray (1289 bytes)

     Virtual frames (innermost first):
        0 - frame( sp=0x000000030c920f90, unextended_sp=0x000000030c920f90, fp=0x000000079581f0d0, pc=0x0000000114d58d8c)
jdk.internal.org.objectweb.asm.ClassWriter.toByteArray(ClassWriter.java:846) - astore_3 @ bci 35 
     Created vframeArray 0x00007ff62604b220
DEOPT UNPACKING thread 0x00007ff62500d000 vframeArray 0x00007ff62604b220 mode 2
     {method} {0x0000000111b72808} &apos;toByteArray&apos; &apos;()[B&apos; in &apos;jdk/internal/org/objectweb/asm/ClassWriter&apos; - astore_3 @ bci 35 sp = 0x000000030c920f40
<uncommon_trap thread='9731' reason='unstable_if' action='reinterpret' compile_id='376' compiler='C2' stamp='2.535'>
Uncommon trap occurred in java.lang.invoke.MemberName::checkForTypeAlias (@0x0000000114d69608) thread=9731 reason=unstable_if action=reinterpret unloaded_class_index=-1
<jvms bci='4' method='java/lang/invoke/MemberName checkForTypeAlias (Ljava/lang/Class;)V' bytes='168' count='50' backedge_count='1' iicount='100'/>
</uncommon_trap>
DEOPT PACKING thread 0x00007ff62500d000 Compiled frame (sp=0x000000030c920f30 unextended sp=0x000000030c920f30, fp=0x0000000000000000, real_fp=0x000000030c920f60, pc=0x0000000114d69608)
     nmethod   2535  376             java.lang.invoke.MemberName::checkForTypeAlias (168 bytes)

     Virtual frames (innermost first):
        0 - frame( sp=0x000000030c920f30, unextended_sp=0x000000030c920f30, fp=0x0000000000000000, pc=0x0000000114d69608)
java.lang.invoke.MemberName.checkForTypeAlias(MemberName.java:785) - ifeq @ bci 4 
     Created vframeArray 0x00007ff625068020
DEOPT UNPACKING thread 0x00007ff62500d000 vframeArray 0x00007ff625068020 mode 2
     {method} {0x000000011186e9e8} &apos;checkForTypeAlias&apos; &apos;(Ljava/lang/Class;)V&apos; in &apos;java/lang/invoke/MemberName&apos; - ifeq @ bci 4 sp = 0x000000030c920ef0
<dependency_failed type='abstract_with_unique_concrete_subtype' ctxk='java/util/HashMap$HashIterator' x='java/util/HashMap$ValueIterator' witness='java/util/HashMap$EntryIterator' stamp='2.537'/>
<uncommon_trap thread='9731' reason='class_check' action='maybe_recompile' compile_id='198' compiler='C2' stamp='2.538'>
Uncommon trap occurred in java.util.Arrays::equals (@0x0000000114cfa8d8) thread=9731 reason=class_check action=maybe_recompile unloaded_class_index=-1
<jvms bci='62' method='java/util/Arrays equals ([Ljava/lang/Object;[Ljava/lang/Object;)Z' bytes='78' count='34' backedge_count='52' iicount='34'/>
</uncommon_trap>
DEOPT PACKING thread 0x00007ff62500d000 Compiled frame (sp=0x000000030c9214e0 unextended sp=0x000000030c9214e0, fp=0x0000000795758ad8, real_fp=0x000000030c921520, pc=0x0000000114cfa8d8)
     nmethod   2537  198             java.util.Arrays::equals (78 bytes)

     Virtual frames (innermost first):
        0 - frame( sp=0x000000030c9214e0, unextended_sp=0x000000030c9214e0, fp=0x0000000795758ad8, pc=0x0000000114cfa8d8)
java.util.Arrays.equals(Arrays.java:2829) - invokevirtual @ bci 62 
     Created vframeArray 0x00007ff62506b020
DEOPT UNPACKING thread 0x00007ff62500d000 vframeArray 0x00007ff62506b020 mode 2
     {method} {0x000000011194ede0} &apos;equals&apos; &apos;([Ljava/lang/Object;[Ljava/lang/Object;)Z&apos; in &apos;java/util/Arrays&apos; - invokevirtual @ bci 62 sp = 0x000000030c9214a0
<uncommon_trap thread='9731' reason='unstable_if' action='reinterpret' compile_id='253' compiler='C2' stamp='2.538'>
Uncommon trap occurred in java.lang.invoke.LambdaForm::normalize (@0x0000000114d25c04) thread=9731 reason=unstable_if action=reinterpret unloaded_class_index=-1
<jvms bci='35' method='java/lang/invoke/LambdaForm normalize ()I' bytes='322' count='19' backedge_count='66' iicount='19'/>
</uncommon_trap>
DEOPT PACKING thread 0x00007ff62500d000 Compiled frame (sp=0x000000030c921380 unextended sp=0x000000030c921380, fp=0x0000000000000001, real_fp=0x000000030c9213d0, pc=0x0000000114d25c04)
     nmethod   2538  253             java.lang.invoke.LambdaForm::normalize (322 bytes)

     Virtual frames (innermost first):
        0 - frame( sp=0x000000030c921380, unextended_sp=0x000000030c921380, fp=0x0000000000000001, pc=0x0000000114d25c04)
java.lang.invoke.LambdaForm.normalize(LambdaForm.java:412) - ifne @ bci 35 
     Created vframeArray 0x00007ff625861e20
DEOPT UNPACKING thread 0x00007ff62500d000 vframeArray 0x00007ff625861e20 mode 2
     {method} {0x0000000111876d08} &apos;normalize&apos; &apos;()I&apos; in &apos;java/lang/invoke/LambdaForm&apos; - ifne @ bci 35 sp = 0x000000030c921338
<uncommon_trap thread='9731' reason='class_check' action='maybe_recompile' compile_id='198' compiler='C2' count='1' state='class_check' stamp='2.606'>
Uncommon trap occurred in java.util.Arrays::equals (@0x0000000114cfa8d8) thread=9731 reason=class_check action=maybe_recompile unloaded_class_index=-1
<jvms bci='62' method='java/util/Arrays equals ([Ljava/lang/Object;[Ljava/lang/Object;)Z' bytes='78' count='34' backedge_count='53' iicount='34' class_check_traps='1'/>
</uncommon_trap>
DEOPT PACKING thread 0x00007ff62500d000 Compiled frame (sp=0x000000030c9215b0 unextended sp=0x000000030c9215b0, fp=0x000000079581ba50, real_fp=0x000000030c9215f0, pc=0x0000000114cfa8d8)
     nmethod   2606  198             java.util.Arrays::equals (78 bytes)

     Virtual frames (innermost first):
        0 - frame( sp=0x000000030c9215b0, unextended_sp=0x000000030c9215b0, fp=0x000000079581ba50, pc=0x0000000114cfa8d8)
java.util.Arrays.equals(Arrays.java:2829) - invokevirtual @ bci 62 
     Created vframeArray 0x00007ff625863220
DEOPT UNPACKING thread 0x00007ff62500d000 vframeArray 0x00007ff625863220 mode 2
     {method} {0x000000011194ede0} &apos;equals&apos; &apos;([Ljava/lang/Object;[Ljava/lang/Object;)Z&apos; in &apos;java/util/Arrays&apos; - invokevirtual @ bci 62 sp = 0x000000030c921570
<uncommon_trap thread='9731' reason='class_check' action='maybe_recompile' compile_id='198' compiler='C2' count='2' state='class_check' stamp='2.644'>
Uncommon trap occurred in java.util.Arrays::equals (@0x0000000114cfa8d8) thread=9731 reason=class_check action=maybe_recompile unloaded_class_index=-1
<jvms bci='62' method='java/util/Arrays equals ([Ljava/lang/Object;[Ljava/lang/Object;)Z' bytes='78' count='34' backedge_count='54' iicount='34' class_check_traps='2'/>
</uncommon_trap>
DEOPT PACKING thread 0x00007ff62500d000 Compiled frame (sp=0x000000030c9215b0 unextended sp=0x000000030c9215b0, fp=0x0000000795832380, real_fp=0x000000030c9215f0, pc=0x0000000114cfa8d8)
     nmethod   2644  198             java.util.Arrays::equals (78 bytes)

     Virtual frames (innermost first):
        0 - frame( sp=0x000000030c9215b0, unextended_sp=0x000000030c9215b0, fp=0x0000000795832380, pc=0x0000000114cfa8d8)
java.util.Arrays.equals(Arrays.java:2829) - invokevirtual @ bci 62 
     Created vframeArray 0x00007ff62604b220
DEOPT UNPACKING thread 0x00007ff62500d000 vframeArray 0x00007ff62604b220 mode 2
     {method} {0x000000011194ede0} &apos;equals&apos; &apos;([Ljava/lang/Object;[Ljava/lang/Object;)Z&apos; in &apos;java/util/Arrays&apos; - invokevirtual @ bci 62 sp = 0x000000030c921570
<uncommon_trap thread='9731' reason='class_check' action='maybe_recompile' compile_id='198' compiler='C2' count='3' state='class_check' stamp='2.644'>
Uncommon trap occurred in java.util.Arrays::equals (@0x0000000114cfa8d8) thread=9731 reason=class_check action=maybe_recompile unloaded_class_index=-1
<jvms bci='62' method='java/util/Arrays equals ([Ljava/lang/Object;[Ljava/lang/Object;)Z' bytes='78' count='34' backedge_count='55' iicount='34' class_check_traps='3'/>
</uncommon_trap>
DEOPT PACKING thread 0x00007ff62500d000 Compiled frame (sp=0x000000030c9215b0 unextended sp=0x000000030c9215b0, fp=0x0000000795832600, real_fp=0x000000030c9215f0, pc=0x0000000114cfa8d8)
     nmethod   2644  198             java.util.Arrays::equals (78 bytes)

     Virtual frames (innermost first):
        0 - frame( sp=0x000000030c9215b0, unextended_sp=0x000000030c9215b0, fp=0x0000000795832600, pc=0x0000000114cfa8d8)
java.util.Arrays.equals(Arrays.java:2829) - invokevirtual @ bci 62 
     Created vframeArray 0x00007ff625068020
DEOPT UNPACKING thread 0x00007ff62500d000 vframeArray 0x00007ff625068020 mode 2
     {method} {0x000000011194ede0} &apos;equals&apos; &apos;([Ljava/lang/Object;[Ljava/lang/Object;)Z&apos; in &apos;java/util/Arrays&apos; - invokevirtual @ bci 62 sp = 0x000000030c921570
<uncommon_trap thread='9731' reason='unstable_if' action='reinterpret' compile_id='389' compiler='C2' stamp='2.780'>
Uncommon trap occurred in jdk.internal.org.objectweb.asm.ByteVector::put11 (@0x0000000114d6a910) thread=9731 reason=unstable_if action=reinterpret unloaded_class_index=-1
<jvms bci='13' method='jdk/internal/org/objectweb/asm/ByteVector put11 (II)Ljdk/internal/org/objectweb/asm/ByteVector;' bytes='52' count='51' backedge_count='1' iicount='101'/>
</uncommon_trap>
DEOPT PACKING thread 0x00007ff62500d000 Compiled frame (sp=0x000000030c9212e0 unextended sp=0x000000030c9212e0, fp=0x000000079585e370, real_fp=0x000000030c921320, pc=0x0000000114d6a910)
     nmethod   2780  389             jdk.internal.org.objectweb.asm.ByteVector::put11 (52 bytes)

     Virtual frames (innermost first):
        0 - frame( sp=0x000000030c9212e0, unextended_sp=0x000000030c9212e0, fp=0x000000079585e370, pc=0x0000000114d6a910)
jdk.internal.org.objectweb.asm.ByteVector.put11(ByteVector.java:128) - if_icmple @ bci 13 
     Created vframeArray 0x00007ff62604a220
DEOPT UNPACKING thread 0x00007ff62500d000 vframeArray 0x00007ff62604a220 mode 2
     {method} {0x0000000111b77d18} &apos;put11&apos; &apos;(II)Ljdk/internal/org/objectweb/asm/ByteVector;&apos; in &apos;jdk/internal/org/objectweb/asm/ByteVector&apos; - if_icmple @ bci 13 sp = 0x000000030c921298
<uncommon_trap thread='9731' reason='unstable_if' action='reinterpret' compile_id='279' compiler='C2' stamp='2.822'>
Uncommon trap occurred in sun.invoke.util.BytecodeDescriptor::unparseSig (@0x0000000114d34a10) thread=9731 reason=unstable_if action=reinterpret unloaded_class_index=-1
<jvms bci='27' method='sun/invoke/util/BytecodeDescriptor unparseSig (Ljava/lang/Class;Ljava/lang/StringBuilder;)V' bytes='75' count='50' backedge_count='1' iicount='100'/>
</uncommon_trap>
DEOPT PACKING thread 0x00007ff62500d000 Compiled frame (sp=0x000000030c921190 unextended sp=0x000000030c921190, fp=0x0000000795584090, real_fp=0x000000030c9211c0, pc=0x0000000114d34a10)
     nmethod   2822  279             sun.invoke.util.BytecodeDescriptor::unparseSig (75 bytes)

     Virtual frames (innermost first):
        0 - frame( sp=0x000000030c921190, unextended_sp=0x000000030c921190, fp=0x0000000795584090, pc=0x0000000114d34a10)
sun.invoke.util.BytecodeDescriptor.unparseSig(BytecodeDescriptor.java:130) - ifne @ bci 27 
     Created vframeArray 0x00007ff625068020
DEOPT UNPACKING thread 0x00007ff62500d000 vframeArray 0x00007ff625068020 mode 2
     {method} {0x0000000111b5dc18} &apos;unparseSig&apos; &apos;(Ljava/lang/Class;Ljava/lang/StringBuilder;)V&apos; in &apos;sun/invoke/util/BytecodeDescriptor&apos; - ifne @ bci 27 sp = 0x000000030c921148
<uncommon_trap thread='9731' reason='unstable_if' action='reinterpret' compile_id='460' compiler='C2' stamp='2.829'>
Uncommon trap occurred in jdk.internal.org.objectweb.asm.MethodWriter::&lt;init&gt; (@0x0000000114d90334) thread=9731 reason=unstable_if action=reinterpret unloaded_class_index=-1
<jvms bci='171' method='jdk/internal/org/objectweb/asm/MethodWriter &lt;init&gt; (Ljdk/internal/org/objectweb/asm/ClassWriter;ILjava/lang/String;Ljava/lang/String;Ljava/lang/String;[Ljava/lang/String;ZZ)V' bytes='268' count='50' backedge_count='10' iicount='90'/>
</uncommon_trap>
DEOPT PACKING thread 0x00007ff62500d000 Compiled frame (sp=0x000000030c921680 unextended sp=0x000000030c921680, fp=0x0000000795865ba8, real_fp=0x000000030c9216f0, pc=0x0000000114d90334)
     nmethod   2828  460             jdk.internal.org.objectweb.asm.MethodWriter::&lt;init&gt; (268 bytes)

     Virtual frames (innermost first):
        0 - frame( sp=0x000000030c921680, unextended_sp=0x000000030c921680, fp=0x0000000795865ba8, pc=0x0000000114d90334)
jdk.internal.org.objectweb.asm.MethodWriter.&lt;init&gt;(MethodWriter.java:510) - ifeq @ bci 171 
     Created vframeArray 0x00007ff625863220
DEOPT UNPACKING thread 0x00007ff62500d000 vframeArray 0x00007ff625863220 mode 2
     {method} {0x0000000111b7c4b0} &apos;&lt;init&gt;&apos; &apos;(Ljdk/internal/org/objectweb/asm/ClassWriter;ILjava/lang/String;Ljava/lang/String;Ljava/lang/String;[Ljava/lang/String;ZZ)V&apos; in &apos;jdk/internal/org/objectweb/asm/MethodWriter&apos; - ifeq @ bci 171 sp = 0x000000030c921640
<uncommon_trap thread='9731' reason='unstable_if' action='reinterpret' compile_id='471' compiler='C2' stamp='2.830'>
Uncommon trap occurred in jdk.internal.org.objectweb.asm.MethodWriter::visitLabel (@0x0000000114d94d20) thread=9731 reason=unstable_if action=reinterpret unloaded_class_index=-1
<jvms bci='42' method='jdk/internal/org/objectweb/asm/MethodWriter visitLabel (Ljdk/internal/org/objectweb/asm/Label;)V' bytes='281' count='50' backedge_count='1' iicount='100'/>
</uncommon_trap>
DEOPT PACKING thread 0x00007ff62500d000 Compiled frame (sp=0x000000030c9215e0 unextended sp=0x000000030c9215e0, fp=0x0000000000000001, real_fp=0x000000030c921630, pc=0x0000000114d94d20)
     nmethod   2829  471             jdk.internal.org.objectweb.asm.MethodWriter::visitLabel (281 bytes)

     Virtual frames (innermost first):
        0 - frame( sp=0x000000030c9215e0, unextended_sp=0x000000030c9215e0, fp=0x0000000000000001, pc=0x0000000114d94d20)
jdk.internal.org.objectweb.asm.MethodWriter.visitLabel(MethodWriter.java:1105) - ifne @ bci 42 
     Created vframeArray 0x00007ff625068020
DEOPT UNPACKING thread 0x00007ff62500d000 vframeArray 0x00007ff625068020 mode 2
     {method} {0x0000000111b7e130} &apos;visitLabel&apos; &apos;(Ljdk/internal/org/objectweb/asm/Label;)V&apos; in &apos;jdk/internal/org/objectweb/asm/MethodWriter&apos; - ifne @ bci 42 sp = 0x000000030c9215d8
<uncommon_trap thread='9731' reason='unstable_if' action='reinterpret' compile_id='321' compiler='C2' stamp='2.830'>
Uncommon trap occurred in jdk.internal.org.objectweb.asm.MethodWriter::visitVarInsn (@0x0000000114d499dc) thread=9731 reason=unstable_if action=reinterpret unloaded_class_index=-1
<jvms bci='22' method='jdk/internal/org/objectweb/asm/MethodWriter visitVarInsn (II)V' bytes='292' count='50' backedge_count='1' iicount='100'/>
</uncommon_trap>
DEOPT PACKING thread 0x00007ff62500d000 Compiled frame (sp=0x000000030c921740 unextended sp=0x000000030c921740, fp=0x0000000000000001, real_fp=0x000000030c921780, pc=0x0000000114d499dc)
     nmethod   2830  321             jdk.internal.org.objectweb.asm.MethodWriter::visitVarInsn (292 bytes)

     Virtual frames (innermost first):
        0 - frame( sp=0x000000030c921740, unextended_sp=0x000000030c921740, fp=0x0000000000000001, pc=0x0000000114d499dc)
jdk.internal.org.objectweb.asm.MethodWriter.visitVarInsn(MethodWriter.java:798) - ifne @ bci 22 
     Created vframeArray 0x00007ff62604a220
DEOPT UNPACKING thread 0x00007ff62500d000 vframeArray 0x00007ff62604a220 mode 2
     {method} {0x0000000111b7d580} &apos;visitVarInsn&apos; &apos;(II)V&apos; in &apos;jdk/internal/org/objectweb/asm/MethodWriter&apos; - ifne @ bci 22 sp = 0x000000030c921720
<uncommon_trap thread='9731' reason='unstable_if' action='reinterpret' compile_id='434' compiler='C2' stamp='2.830'>
Uncommon trap occurred in jdk.internal.org.objectweb.asm.MethodWriter::visitMethodInsn (@0x0000000114d80e78) thread=9731 reason=unstable_if action=reinterpret unloaded_class_index=-1
<jvms bci='44' method='jdk/internal/org/objectweb/asm/MethodWriter visitMethodInsn (ILjava/lang/String;Ljava/lang/String;Ljava/lang/String;Z)V' bytes='220' count='50' backedge_count='1' iicount='100'/>
</uncommon_trap>
DEOPT PACKING thread 0x00007ff62500d000 Compiled frame (sp=0x000000030c921710 unextended sp=0x000000030c921710, fp=0x0000000000000001, real_fp=0x000000030c921760, pc=0x0000000114d80e78)
     nmethod   2830  434             jdk.internal.org.objectweb.asm.MethodWriter::visitMethodInsn (220 bytes)

     Virtual frames (innermost first):
        0 - frame( sp=0x000000030c921710, unextended_sp=0x000000030c921710, fp=0x0000000000000001, pc=0x0000000114d80e78)
jdk.internal.org.objectweb.asm.MethodWriter.visitMethodInsn(MethodWriter.java:921) - ifne @ bci 44 
     Created vframeArray 0x00007ff625863220
DEOPT UNPACKING thread 0x00007ff62500d000 vframeArray 0x00007ff625863220 mode 2
     {method} {0x0000000111b7db18} &apos;visitMethodInsn&apos; &apos;(ILjava/lang/String;Ljava/lang/String;Ljava/lang/String;Z)V&apos; in &apos;jdk/internal/org/objectweb/asm/MethodWriter&apos; - ifne @ bci 44 sp = 0x000000030c9216f0
<uncommon_trap thread='9731' reason='unstable_if' action='reinterpret' compile_id='453' compiler='C2' stamp='2.831'>
Uncommon trap occurred in jdk.internal.org.objectweb.asm.MethodWriter::visitInsn (@0x0000000114d8793c) thread=9731 reason=unstable_if action=reinterpret unloaded_class_index=-1
<jvms bci='31' method='jdk/internal/org/objectweb/asm/MethodWriter visitInsn (I)V' bytes='106' count='50' backedge_count='1' iicount='100'/>
</uncommon_trap>
DEOPT PACKING thread 0x00007ff62500d000 Compiled frame (sp=0x000000030c921750 unextended sp=0x000000030c921750, fp=0x0000000000000001, real_fp=0x000000030c921780, pc=0x0000000114d8793c)
     nmethod   2830  453             jdk.internal.org.objectweb.asm.MethodWriter::visitInsn (106 bytes)

     Virtual frames (innermost first):
        0 - frame( sp=0x000000030c921750, unextended_sp=0x000000030c921750, fp=0x0000000000000001, pc=0x0000000114d8793c)
jdk.internal.org.objectweb.asm.MethodWriter.visitInsn(MethodWriter.java:750) - ifne @ bci 31 
     Created vframeArray 0x00007ff62604a220
DEOPT UNPACKING thread 0x00007ff62500d000 vframeArray 0x00007ff62604a220 mode 2
     {method} {0x0000000111b7d1f8} &apos;visitInsn&apos; &apos;(I)V&apos; in &apos;jdk/internal/org/objectweb/asm/MethodWriter&apos; - ifne @ bci 31 sp = 0x000000030c921720
<uncommon_trap thread='9731' reason='unstable_if' action='reinterpret' compile_id='475' compiler='C2' stamp='2.831'>
Uncommon trap occurred in jdk.internal.org.objectweb.asm.MethodWriter::noSuccessor (@0x0000000114d99140) thread=9731 reason=unstable_if action=reinterpret unloaded_class_index=-1
<jvms bci='4' method='jdk/internal/org/objectweb/asm/MethodWriter noSuccessor ()V' bytes='87' count='50' backedge_count='1' iicount='100'/>
</uncommon_trap>
DEOPT PACKING thread 0x00007ff62500d000 Compiled frame (sp=0x000000030c9216c0 unextended sp=0x000000030c9216c0, fp=0x0000000795865ba8, real_fp=0x000000030c921710, pc=0x0000000114d99140)
     nmethod   2831  475             jdk.internal.org.objectweb.asm.MethodWriter::noSuccessor (87 bytes)

     Virtual frames (innermost first):
        0 - frame( sp=0x000000030c9216c0, unextended_sp=0x000000030c9216c0, fp=0x0000000795865ba8, pc=0x0000000114d99140)
jdk.internal.org.objectweb.asm.MethodWriter.noSuccessor(MethodWriter.java:1710) - ifne @ bci 4 
     Created vframeArray 0x00007ff625863220
DEOPT UNPACKING thread 0x00007ff62500d000 vframeArray 0x00007ff625863220 mode 2
     {method} {0x0000000111b7fd88} &apos;noSuccessor&apos; &apos;()V&apos; in &apos;jdk/internal/org/objectweb/asm/MethodWriter&apos; - ifne @ bci 4 sp = 0x000000030c9216b0
<dependency_failed type='abstract_with_unique_concrete_subtype' ctxk='jdk/internal/org/objectweb/asm/MethodVisitor' x='jdk/internal/org/objectweb/asm/MethodWriter' witness='java/lang/invoke/TypeConvertingMethodAdapter' stamp='2.832'/>
<dependency_failed type='abstract_with_unique_concrete_subtype' ctxk='jdk/internal/org/objectweb/asm/MethodVisitor' x='jdk/internal/org/objectweb/asm/MethodWriter' witness='java/lang/invoke/TypeConvertingMethodAdapter' stamp='2.832'/>
<dependency_failed type='abstract_with_unique_concrete_subtype' ctxk='jdk/internal/org/objectweb/asm/MethodVisitor' x='jdk/internal/org/objectweb/asm/MethodWriter' witness='java/lang/invoke/TypeConvertingMethodAdapter' stamp='2.832'/>
<dependency_failed type='abstract_with_unique_concrete_subtype' ctxk='jdk/internal/org/objectweb/asm/MethodVisitor' x='jdk/internal/org/objectweb/asm/MethodWriter' witness='java/lang/invoke/TypeConvertingMethodAdapter' stamp='2.832'/>
<dependency_failed type='abstract_with_unique_concrete_subtype' ctxk='jdk/internal/org/objectweb/asm/MethodVisitor' x='jdk/internal/org/objectweb/asm/MethodWriter' witness='java/lang/invoke/TypeConvertingMethodAdapter' stamp='2.832'/>
<dependency_failed type='abstract_with_unique_concrete_subtype' ctxk='jdk/internal/org/objectweb/asm/MethodVisitor' x='jdk/internal/org/objectweb/asm/MethodWriter' witness='java/lang/invoke/TypeConvertingMethodAdapter' stamp='2.832'/>
<dependency_failed type='abstract_with_unique_concrete_subtype' ctxk='jdk/internal/org/objectweb/asm/MethodVisitor' x='jdk/internal/org/objectweb/asm/MethodWriter' witness='java/lang/invoke/TypeConvertingMethodAdapter' stamp='2.832'/>
<dependency_failed type='abstract_with_unique_concrete_subtype' ctxk='jdk/internal/org/objectweb/asm/MethodVisitor' x='jdk/internal/org/objectweb/asm/MethodWriter' witness='java/lang/invoke/TypeConvertingMethodAdapter' stamp='2.832'/>
<dependency_failed type='abstract_with_unique_concrete_subtype' ctxk='jdk/internal/org/objectweb/asm/MethodVisitor' x='jdk/internal/org/objectweb/asm/MethodWriter' witness='java/lang/invoke/TypeConvertingMethodAdapter' stamp='2.832'/>
<uncommon_trap thread='9731' reason='class_check' action='maybe_recompile' compile_id='76' compiler='C2' count='2' state='class_check' stamp='3.008'>
Uncommon trap occurred in java.net.URL::&lt;init&gt; (@0x0000000114cd4be4) thread=9731 reason=class_check action=maybe_recompile unloaded_class_index=-1
<jvms bci='504' method='java/net/URL &lt;init&gt; (Ljava/net/URL;Ljava/lang/String;Ljava/net/URLStreamHandler;)V' bytes='543' count='13' backedge_count='51' iicount='27' class_check_traps='2'/>
</uncommon_trap>
DEOPT PACKING thread 0x00007ff62500d000 Compiled frame (sp=0x000000030c9201c0 unextended sp=0x000000030c9201c0, fp=0x00000007955c54e0, real_fp=0x000000030c920220, pc=0x0000000114cd4be4)
     nmethod   3007   76   !         java.net.URL::&lt;init&gt; (543 bytes)

     Virtual frames (innermost first):
        0 - frame( sp=0x000000030c9201c0, unextended_sp=0x000000030c9201c0, fp=0x00000007955c54e0, pc=0x0000000114cd4be4)
java.net.URL.&lt;init&gt;(URL.java:640) - invokevirtual @ bci 504 
     Created vframeArray 0x00007ff625868820
DEOPT UNPACKING thread 0x00007ff62500d000 vframeArray 0x00007ff625868820 mode 2
     {method} {0x00000001118a9008} &apos;&lt;init&gt;&apos; &apos;(Ljava/net/URL;Ljava/lang/String;Ljava/net/URLStreamHandler;)V&apos; in &apos;java/net/URL&apos; - invokevirtual @ bci 504 sp = 0x000000030c920158
<uncommon_trap thread='9731' reason='class_check' action='maybe_recompile' compile_id='76' compiler='C2' count='3' state='class_check' stamp='3.229'>
Uncommon trap occurred in java.net.URL::&lt;init&gt; (@0x0000000114cd4be4) thread=9731 reason=class_check action=maybe_recompile unloaded_class_index=-1
<jvms bci='504' method='java/net/URL &lt;init&gt; (Ljava/net/URL;Ljava/lang/String;Ljava/net/URLStreamHandler;)V' bytes='543' count='13' backedge_count='51' iicount='27' class_check_traps='3'/>
</uncommon_trap>
DEOPT PACKING thread 0x00007ff62500d000 Compiled frame (sp=0x000000030c91ec90 unextended sp=0x000000030c91ec90, fp=0x00000007955c54e0, real_fp=0x000000030c91ecf0, pc=0x0000000114cd4be4)
     nmethod   3228   76   !         java.net.URL::&lt;init&gt; (543 bytes)

     Virtual frames (innermost first):
        0 - frame( sp=0x000000030c91ec90, unextended_sp=0x000000030c91ec90, fp=0x00000007955c54e0, pc=0x0000000114cd4be4)
java.net.URL.&lt;init&gt;(URL.java:640) - invokevirtual @ bci 504 
     Created vframeArray 0x00007ff62604ba20
DEOPT UNPACKING thread 0x00007ff62500d000 vframeArray 0x00007ff62604ba20 mode 2
     {method} {0x00000001118a9008} &apos;&lt;init&gt;&apos; &apos;(Ljava/net/URL;Ljava/lang/String;Ljava/net/URLStreamHandler;)V&apos; in &apos;java/net/URL&apos; - invokevirtual @ bci 504 sp = 0x000000030c91ec28
<uncommon_trap thread='9731' reason='null_check' action='make_not_entrant' compile_id='283' compiler='C2' stamp='3.428'>
Uncommon trap occurred in java.lang.reflect.Array::newInstance (@0x0000000114d38378) thread=9731 reason=null_check action=make_not_entrant unloaded_class_index=-1
<jvms bci='2' method='java/lang/reflect/Array newInstance (Ljava/lang/Class;I)Ljava/lang/Object;' bytes='6' count='50' backedge_count='1' iicount='100'/>
</uncommon_trap>
DEOPT PACKING thread 0x00007ff62500d000 Compiled frame (sp=0x000000030c921c60 unextended sp=0x000000030c921c60, fp=0x00000007958dd4f0, real_fp=0x000000030c921c90, pc=0x0000000114d38378)
     nmethod   3428  283             java.lang.reflect.Array::newInstance (6 bytes)

     Virtual frames (innermost first):
        0 - frame( sp=0x000000030c921c60, unextended_sp=0x000000030c921c60, fp=0x00000007958dd4f0, pc=0x0000000114d38378)
java.lang.reflect.Array.newInstance(Array.java:75) - invokestatic @ bci 2 
     Created vframeArray 0x00007ff625868820
DEOPT UNPACKING thread 0x00007ff62500d000 vframeArray 0x00007ff625868820 mode 2
     {method} {0x0000000111b40880} &apos;newInstance&apos; &apos;(Ljava/lang/Class;I)Ljava/lang/Object;&apos; in &apos;java/lang/reflect/Array&apos; - invokestatic @ bci 2 sp = 0x000000030c921c30
<uncommon_trap thread='9731' reason='unstable_if' action='reinterpret' compile_id='521' compiler='C2' stamp='3.457'>
Uncommon trap occurred in sun.reflect.generics.parser.SignatureParser::current (@0x0000000114db7b04) thread=9731 reason=unstable_if action=reinterpret unloaded_class_index=-1
<jvms bci='39' method='sun/reflect/generics/parser/SignatureParser current ()C' bytes='59' count='50' backedge_count='1' iicount='100'/>
</uncommon_trap>
DEOPT PACKING thread 0x00007ff62500d000 Compiled frame (sp=0x000000030c922240 unextended sp=0x000000030c922240, fp=0x000000000000005d, real_fp=0x000000030c922270, pc=0x0000000114db7b04)
     nmethod   3456  521             sun.reflect.generics.parser.SignatureParser::current (59 bytes)

     Virtual frames (innermost first):
        0 - frame( sp=0x000000030c922240, unextended_sp=0x000000030c922240, fp=0x000000000000005d, pc=0x0000000114db7b04)
sun.reflect.generics.parser.SignatureParser.current(SignatureParser.java:93) - if_icmpge @ bci 39 
     Created vframeArray 0x00007ff625068020
DEOPT UNPACKING thread 0x00007ff62500d000 vframeArray 0x00007ff625068020 mode 2
     {method} {0x0000000111c75328} &apos;current&apos; &apos;()C&apos; in &apos;sun/reflect/generics/parser/SignatureParser&apos; - if_icmpge @ bci 39 sp = 0x000000030c922210
<uncommon_trap thread='9731' reason='class_check' action='maybe_recompile' compile_id='195' compiler='C2' count='1' state='class_check' stamp='3.459'>
Uncommon trap occurred in java.util.concurrent.ConcurrentHashMap::get (@0x0000000114d09b90) thread=9731 reason=class_check action=maybe_recompile unloaded_class_index=-1
<jvms bci='1' method='java/util/concurrent/ConcurrentHashMap get (Ljava/lang/Object;)Ljava/lang/Object;' bytes='162' count='50' backedge_count='14' iicount='86' class_check_traps='1'/>
</uncommon_trap>
DEOPT PACKING thread 0x00007ff62500d000 Compiled frame (sp=0x000000030c921a80 unextended sp=0x000000030c921a80, fp=0x0000000795674508, real_fp=0x000000030c921ac0, pc=0x0000000114d09b90)
     nmethod   3459  195             java.util.concurrent.ConcurrentHashMap::get (162 bytes)

     Virtual frames (innermost first):
        0 - frame( sp=0x000000030c921a80, unextended_sp=0x000000030c921a80, fp=0x0000000795674508, pc=0x0000000114d09b90)
java.util.concurrent.ConcurrentHashMap.get(ConcurrentHashMap.java:936) - invokevirtual @ bci 1 
     Created vframeArray 0x00007ff624076420
DEOPT UNPACKING thread 0x00007ff62500d000 vframeArray 0x00007ff624076420 mode 2
     {method} {0x00000001119f9c88} &apos;get&apos; &apos;(Ljava/lang/Object;)Ljava/lang/Object;&apos; in &apos;java/util/concurrent/ConcurrentHashMap&apos; - invokevirtual @ bci 1 sp = 0x000000030c921a30
<uncommon_trap thread='9731' reason='unstable_if' action='reinterpret' compile_id='447' compiler='C2' stamp='3.460'>
Uncommon trap occurred in java.lang.invoke.MethodHandles$Lookup::lookupClassOrNull (@0x0000000114d7a4b8) thread=9731 reason=unstable_if action=reinterpret unloaded_class_index=-1
<jvms bci='5' method='java/lang/invoke/MethodHandles$Lookup lookupClassOrNull ()Ljava/lang/Class;' bytes='17' count='50' backedge_count='1' iicount='100'/>
</uncommon_trap>
DEOPT PACKING thread 0x00007ff62500d000 Compiled frame (sp=0x000000030c921a30 unextended sp=0x000000030c921a30, fp=0x00000007958fa1e0, real_fp=0x000000030c921a60, pc=0x0000000114d7a4b8)
     nmethod   3459  447             java.lang.invoke.MethodHandles$Lookup::lookupClassOrNull (17 bytes)

     Virtual frames (innermost first):
        0 - frame( sp=0x000000030c921a30, unextended_sp=0x000000030c921a30, fp=0x00000007958fa1e0, pc=0x0000000114d7a4b8)
java.lang.invoke.MethodHandles$Lookup.lookupClassOrNull(MethodHandles.java:571) - if_icmpne @ bci 5 
     Created vframeArray 0x00007ff625068020
DEOPT UNPACKING thread 0x00007ff62500d000 vframeArray 0x00007ff625068020 mode 2
     {method} {0x0000000111b181f8} &apos;lookupClassOrNull&apos; &apos;()Ljava/lang/Class;&apos; in &apos;java/lang/invoke/MethodHandles$Lookup&apos; - if_icmpne @ bci 5 sp = 0x000000030c921a00
<uncommon_trap thread='9731' reason='class_check' action='maybe_recompile' compile_id='195' compiler='C2' count='2' state='class_check' stamp='3.460'>
Uncommon trap occurred in java.util.concurrent.ConcurrentHashMap::get (@0x0000000114d09b90) thread=9731 reason=class_check action=maybe_recompile unloaded_class_index=-1
<jvms bci='1' method='java/util/concurrent/ConcurrentHashMap get (Ljava/lang/Object;)Ljava/lang/Object;' bytes='162' count='50' backedge_count='14' iicount='86' class_check_traps='2'/>
</uncommon_trap>
DEOPT PACKING thread 0x00007ff62500d000 Compiled frame (sp=0x000000030c921a80 unextended sp=0x000000030c921a80, fp=0x0000000795674508, real_fp=0x000000030c921ac0, pc=0x0000000114d09b90)
     nmethod   3460  195             java.util.concurrent.ConcurrentHashMap::get (162 bytes)

     Virtual frames (innermost first):
        0 - frame( sp=0x000000030c921a80, unextended_sp=0x000000030c921a80, fp=0x0000000795674508, pc=0x0000000114d09b90)
java.util.concurrent.ConcurrentHashMap.get(ConcurrentHashMap.java:936) - invokevirtual @ bci 1 
     Created vframeArray 0x00007ff62604ba20
DEOPT UNPACKING thread 0x00007ff62500d000 vframeArray 0x00007ff62604ba20 mode 2
     {method} {0x00000001119f9c88} &apos;get&apos; &apos;(Ljava/lang/Object;)Ljava/lang/Object;&apos; in &apos;java/util/concurrent/ConcurrentHashMap&apos; - invokevirtual @ bci 1 sp = 0x000000030c921a30
<uncommon_trap thread='9731' reason='class_check' action='maybe_recompile' compile_id='195' compiler='C2' count='3' state='class_check' stamp='3.694'>
Uncommon trap occurred in java.util.concurrent.ConcurrentHashMap::get (@0x0000000114d09b90) thread=9731 reason=class_check action=maybe_recompile unloaded_class_index=-1
<jvms bci='1' method='java/util/concurrent/ConcurrentHashMap get (Ljava/lang/Object;)Ljava/lang/Object;' bytes='162' count='50' backedge_count='14' iicount='86' class_check_traps='3'/>
</uncommon_trap>
DEOPT PACKING thread 0x00007ff62500d000 Compiled frame (sp=0x000000030c9217a0 unextended sp=0x000000030c9217a0, fp=0x0000000795674508, real_fp=0x000000030c9217e0, pc=0x0000000114d09b90)
     nmethod   3694  195             java.util.concurrent.ConcurrentHashMap::get (162 bytes)

     Virtual frames (innermost first):
        0 - frame( sp=0x000000030c9217a0, unextended_sp=0x000000030c9217a0, fp=0x0000000795674508, pc=0x0000000114d09b90)
java.util.concurrent.ConcurrentHashMap.get(ConcurrentHashMap.java:936) - invokevirtual @ bci 1 
     Created vframeArray 0x00007ff625868820
DEOPT UNPACKING thread 0x00007ff62500d000 vframeArray 0x00007ff625868820 mode 2
     {method} {0x00000001119f9c88} &apos;get&apos; &apos;(Ljava/lang/Object;)Ljava/lang/Object;&apos; in &apos;java/util/concurrent/ConcurrentHashMap&apos; - invokevirtual @ bci 1 sp = 0x000000030c921750
<uncommon_trap thread='9731' reason='unstable_if' action='reinterpret' compile_id='563' compiler='C2' stamp='3.772'>
Uncommon trap occurred in java.util.concurrent.ConcurrentHashMap::get (@0x0000000114dd1e0c) thread=9731 reason=unstable_if action=reinterpret unloaded_class_index=-1
<jvms bci='15' method='java/util/concurrent/ConcurrentHashMap get (Ljava/lang/Object;)Ljava/lang/Object;' bytes='162' count='51' backedge_count='20' iicount='117' decompiles='1' class_check_traps='4'/>
</uncommon_trap>
DEOPT PACKING thread 0x00007ff62500d000 Compiled frame (sp=0x000000030c922450 unextended sp=0x000000030c922450, fp=0x00000000f80110d1, real_fp=0x000000030c9224a0, pc=0x0000000114dd1e0c)
     nmethod   3772  563             java.util.concurrent.ConcurrentHashMap::get (162 bytes)

     Virtual frames (innermost first):
        0 - frame( sp=0x000000030c922450, unextended_sp=0x000000030c922450, fp=0x00000000f80110d1, pc=0x0000000114dd1e0c)
java.util.concurrent.ConcurrentHashMap.get(ConcurrentHashMap.java:937) - ifnull @ bci 15 
     Created vframeArray 0x00007ff625863820
DEOPT UNPACKING thread 0x00007ff62500d000 vframeArray 0x00007ff625863820 mode 2
     {method} {0x00000001119f9c88} &apos;get&apos; &apos;(Ljava/lang/Object;)Ljava/lang/Object;&apos; in &apos;java/util/concurrent/ConcurrentHashMap&apos; - ifnull @ bci 15 sp = 0x000000030c922410
<uncommon_trap thread='9731' reason='unstable_if' action='reinterpret' compile_id='510' compiler='C2' stamp='3.792'>
Uncommon trap occurred in java.util.HashMap::getNode (@0x0000000114db3dec) thread=9731 reason=unstable_if action=reinterpret unloaded_class_index=-1
<jvms bci='49' method='java/util/HashMap getNode (ILjava/lang/Object;)Ljava/util/HashMap$Node;' bytes='148' count='51' backedge_count='1' iicount='150' decompiles='1' bimorphic_traps='4'/>
</uncommon_trap>
DEOPT PACKING thread 0x00007ff62500d000 Compiled frame (sp=0x000000030c921f30 unextended sp=0x000000030c921f30, fp=0x000000006c5e6e2c, real_fp=0x000000030c921f70, pc=0x0000000114db3dec)
     nmethod   3791  510             java.util.HashMap::getNode (148 bytes)

     Virtual frames (innermost first):
        0 - frame( sp=0x000000030c921f30, unextended_sp=0x000000030c921f30, fp=0x000000006c5e6e2c, pc=0x0000000114db3dec)
java.util.HashMap.getNode(HashMap.java:572) - if_acmpeq @ bci 49 
     Created vframeArray 0x00007ff625868820
DEOPT UNPACKING thread 0x00007ff62500d000 vframeArray 0x00007ff625868820 mode 2
     {method} {0x0000000111916c80} &apos;getNode&apos; &apos;(ILjava/lang/Object;)Ljava/util/HashMap$Node;&apos; in &apos;java/util/HashMap&apos; - if_acmpeq @ bci 49 sp = 0x000000030c921ed0
<uncommon_trap thread='9731' reason='class_check' action='maybe_recompile' compile_id='600' compiler='C2' stamp='3.877'>
Uncommon trap occurred in sun.misc.ProxyGenerator$ConstantPool$IndirectEntry::equals (@0x0000000114ddb05c) thread=9731 reason=class_check action=maybe_recompile unloaded_class_index=-1
<jvms bci='1' method='sun/misc/ProxyGenerator$ConstantPool$IndirectEntry equals (Ljava/lang/Object;)Z' bytes='49' count='51' backedge_count='1' iicount='101'/>
</uncommon_trap>
DEOPT PACKING thread 0x00007ff62500d000 Compiled frame (sp=0x000000030c921eb0 unextended sp=0x000000030c921eb0, fp=0x000000079597ad58, real_fp=0x000000030c921ef0, pc=0x0000000114ddb05c)
     nmethod   3876  600             sun.misc.ProxyGenerator$ConstantPool$IndirectEntry::equals (49 bytes)

     Virtual frames (innermost first):
        0 - frame( sp=0x000000030c921eb0, unextended_sp=0x000000030c921eb0, fp=0x000000079597ad58, pc=0x0000000114ddb05c)
sun.misc.ProxyGenerator$ConstantPool$IndirectEntry.equals(ProxyGenerator.java:2019) - instanceof @ bci 1 
     Created vframeArray 0x00007ff625075820
DEOPT UNPACKING thread 0x00007ff62500d000 vframeArray 0x00007ff625075820 mode 2
     {method} {0x0000000111cc5da8} &apos;equals&apos; &apos;(Ljava/lang/Object;)Z&apos; in &apos;sun/misc/ProxyGenerator$ConstantPool$IndirectEntry&apos; - instanceof @ bci 1 sp = 0x000000030c921e80
<uncommon_trap thread='9731' reason='unstable_if' action='reinterpret' compile_id='600' compiler='C2' stamp='3.905'>
Uncommon trap occurred in sun.misc.ProxyGenerator$ConstantPool$IndirectEntry::equals (@0x0000000114ddb030) thread=9731 reason=unstable_if action=reinterpret unloaded_class_index=-1
<jvms bci='31' method='sun/misc/ProxyGenerator$ConstantPool$IndirectEntry equals (Ljava/lang/Object;)Z' bytes='49' count='52' backedge_count='1' iicount='102' class_check_traps='1'/>
</uncommon_trap>
DEOPT PACKING thread 0x00007ff62500d000 Compiled frame (sp=0x000000030c921e50 unextended sp=0x000000030c921e50, fp=0x000000000000001f, real_fp=0x000000030c921e90, pc=0x0000000114ddb030)
     nmethod   3905  600             sun.misc.ProxyGenerator$ConstantPool$IndirectEntry::equals (49 bytes)

     Virtual frames (innermost first):
        0 - frame( sp=0x000000030c921e50, unextended_sp=0x000000030c921e50, fp=0x000000000000001f, pc=0x0000000114ddb030)
sun.misc.ProxyGenerator$ConstantPool$IndirectEntry.equals(ProxyGenerator.java:2021) - if_icmpne @ bci 31 
     Created vframeArray 0x00007ff62604ba20
DEOPT UNPACKING thread 0x00007ff62500d000 vframeArray 0x00007ff62604ba20 mode 2
     {method} {0x0000000111cc5da8} &apos;equals&apos; &apos;(Ljava/lang/Object;)Z&apos; in &apos;sun/misc/ProxyGenerator$ConstantPool$IndirectEntry&apos; - if_icmpne @ bci 31 sp = 0x000000030c921e18
<uncommon_trap thread='9731' reason='class_check' action='maybe_recompile' compile_id='597' compiler='C2' stamp='3.911'>
Uncommon trap occurred in java.io.DataOutputStream::writeByte (@0x0000000114c7c404) thread=9731 reason=class_check action=maybe_recompile unloaded_class_index=-1
<jvms bci='5' method='java/io/DataOutputStream writeByte (I)V' bytes='14' count='50' backedge_count='1' iicount='100'/>
</uncommon_trap>
DEOPT PACKING thread 0x00007ff62500d000 Compiled frame (sp=0x000000030c9220e0 unextended sp=0x000000030c9220e0, fp=0x000000079597d8d0, real_fp=0x000000030c922110, pc=0x0000000114c7c404)
     nmethod   3911  597             java.io.DataOutputStream::writeByte (14 bytes)

     Virtual frames (innermost first):
        0 - frame( sp=0x000000030c9220e0, unextended_sp=0x000000030c9220e0, fp=0x000000079597d8d0, pc=0x0000000114c7c404)
java.io.DataOutputStream.writeByte(DataOutputStream.java:153) - invokevirtual @ bci 5 
     Created vframeArray 0x00007ff624077220
DEOPT UNPACKING thread 0x00007ff62500d000 vframeArray 0x00007ff624077220 mode 2
     {method} {0x0000000111cc4570} &apos;writeByte&apos; &apos;(I)V&apos; in &apos;java/io/DataOutputStream&apos; - invokevirtual @ bci 5 sp = 0x000000030c9220b0
<uncommon_trap thread='9731' reason='class_check' action='maybe_recompile' compile_id='597' compiler='C2' count='1' state='class_check' stamp='3.912'>
Uncommon trap occurred in java.io.DataOutputStream::writeByte (@0x0000000114c7c404) thread=9731 reason=class_check action=maybe_recompile unloaded_class_index=-1
<jvms bci='5' method='java/io/DataOutputStream writeByte (I)V' bytes='14' count='50' backedge_count='1' iicount='100' class_check_traps='1'/>
</uncommon_trap>
DEOPT PACKING thread 0x00007ff62500d000 Compiled frame (sp=0x000000030c9220e0 unextended sp=0x000000030c9220e0, fp=0x000000079597d8d0, real_fp=0x000000030c922110, pc=0x0000000114c7c404)
     nmethod   3911  597             java.io.DataOutputStream::writeByte (14 bytes)

     Virtual frames (innermost first):
        0 - frame( sp=0x000000030c9220e0, unextended_sp=0x000000030c9220e0, fp=0x000000079597d8d0, pc=0x0000000114c7c404)
java.io.DataOutputStream.writeByte(DataOutputStream.java:153) - invokevirtual @ bci 5 
     Created vframeArray 0x00007ff62604ba20
DEOPT UNPACKING thread 0x00007ff62500d000 vframeArray 0x00007ff62604ba20 mode 2
     {method} {0x0000000111cc4570} &apos;writeByte&apos; &apos;(I)V&apos; in &apos;java/io/DataOutputStream&apos; - invokevirtual @ bci 5 sp = 0x000000030c9220b0
<uncommon_trap thread='9731' reason='class_check' action='maybe_recompile' compile_id='597' compiler='C2' count='2' state='class_check' stamp='3.912'>
Uncommon trap occurred in java.io.DataOutputStream::writeByte (@0x0000000114c7c404) thread=9731 reason=class_check action=maybe_recompile unloaded_class_index=-1
<jvms bci='5' method='java/io/DataOutputStream writeByte (I)V' bytes='14' count='50' backedge_count='1' iicount='100' class_check_traps='2'/>
</uncommon_trap>
DEOPT PACKING thread 0x00007ff62500d000 Compiled frame (sp=0x000000030c9220e0 unextended sp=0x000000030c9220e0, fp=0x000000079597d8d0, real_fp=0x000000030c922110, pc=0x0000000114c7c404)
     nmethod   3912  597             java.io.DataOutputStream::writeByte (14 bytes)

     Virtual frames (innermost first):
        0 - frame( sp=0x000000030c9220e0, unextended_sp=0x000000030c9220e0, fp=0x000000079597d8d0, pc=0x0000000114c7c404)
java.io.DataOutputStream.writeByte(DataOutputStream.java:153) - invokevirtual @ bci 5 
     Created vframeArray 0x00007ff625075820
DEOPT UNPACKING thread 0x00007ff62500d000 vframeArray 0x00007ff625075820 mode 2
     {method} {0x0000000111cc4570} &apos;writeByte&apos; &apos;(I)V&apos; in &apos;java/io/DataOutputStream&apos; - invokevirtual @ bci 5 sp = 0x000000030c9220b0
<uncommon_trap thread='9731' reason='class_check' action='maybe_recompile' compile_id='597' compiler='C2' count='3' state='class_check' stamp='3.913'>
Uncommon trap occurred in java.io.DataOutputStream::writeByte (@0x0000000114c7c404) thread=9731 reason=class_check action=maybe_recompile unloaded_class_index=-1
<jvms bci='5' method='java/io/DataOutputStream writeByte (I)V' bytes='14' count='50' backedge_count='1' iicount='100' class_check_traps='3'/>
</uncommon_trap>
DEOPT PACKING thread 0x00007ff62500d000 Compiled frame (sp=0x000000030c9220e0 unextended sp=0x000000030c9220e0, fp=0x000000079597d8d0, real_fp=0x000000030c922110, pc=0x0000000114c7c404)
     nmethod   3912  597             java.io.DataOutputStream::writeByte (14 bytes)

     Virtual frames (innermost first):
        0 - frame( sp=0x000000030c9220e0, unextended_sp=0x000000030c9220e0, fp=0x000000079597d8d0, pc=0x0000000114c7c404)
java.io.DataOutputStream.writeByte(DataOutputStream.java:153) - invokevirtual @ bci 5 
     Created vframeArray 0x00007ff625076020
DEOPT UNPACKING thread 0x00007ff62500d000 vframeArray 0x00007ff625076020 mode 2
     {method} {0x0000000111cc4570} &apos;writeByte&apos; &apos;(I)V&apos; in &apos;java/io/DataOutputStream&apos; - invokevirtual @ bci 5 sp = 0x000000030c9220b0
<uncommon_trap thread='9731' reason='unstable_if' action='reinterpret' compile_id='464' compiler='C2' stamp='4.017'>
Uncommon trap occurred in java.lang.AbstractStringBuilder::append (@0x0000000114d919c8) thread=9731 reason=unstable_if action=reinterpret unloaded_class_index=-1
<jvms bci='8' method='java/lang/Integer stringSize (I)I' bytes='21' count='50' backedge_count='5' iicount='95'/>
<jvms bci='30' method='java/lang/AbstractStringBuilder append (I)Ljava/lang/AbstractStringBuilder;' bytes='62' count='50' backedge_count='1' iicount='100'/>
</uncommon_trap>
DEOPT PACKING thread 0x00007ff62500d000 Compiled frame (sp=0x000000030c922850 unextended sp=0x000000030c922850, fp=0x00000007959bbdf8, real_fp=0x000000030c922880, pc=0x0000000114d919c8)
     nmethod   4017  464             java.lang.AbstractStringBuilder::append (62 bytes)

     Virtual frames (innermost first):
        0 - frame( sp=0x000000030c922850, unextended_sp=0x000000030c922850, fp=0x00000007959bbdf8, pc=0x0000000114d919c8)
java.lang.Integer.stringSize(Integer.java:473) - if_icmpgt @ bci 8 
        1 - frame( sp=0x000000030c922850, unextended_sp=0x000000030c922850, fp=0x00000007959bbdf8, pc=0x0000000114d919c8)
java.lang.AbstractStringBuilder.append(AbstractStringBuilder.java:672) - invokestatic @ bci 30 
     Created vframeArray 0x00007ff624070020
DEOPT UNPACKING thread 0x00007ff62500d000 vframeArray 0x00007ff624070020 mode 2
     {method} {0x000000011188e418} &apos;append&apos; &apos;(I)Ljava/lang/AbstractStringBuilder;&apos; in &apos;java/lang/AbstractStringBuilder&apos; - invokestatic @ bci 30 sp = 0x000000030c922800
     {method} {0x00000001118c7260} &apos;stringSize&apos; &apos;(I)I&apos; in &apos;java/lang/Integer&apos; - if_icmpgt @ bci 8 sp = 0x000000030c9227a0
<uncommon_trap thread='9731' reason='unstable_if' action='reinterpret' compile_id='462' compiler='C2' stamp='4.018'>
Uncommon trap occurred in java.lang.Integer::getChars (@0x0000000114d91ee8) thread=9731 reason=unstable_if action=reinterpret unloaded_class_index=-1
<jvms bci='20' method='java/lang/Integer getChars (II[C)V' bytes='131' count='50' backedge_count='5' iicount='95'/>
</uncommon_trap>
DEOPT PACKING thread 0x00007ff62500d000 Compiled frame (sp=0x000000030c9227b0 unextended sp=0x000000030c9227b0, fp=0x000000030c922850, real_fp=0x000000030c9227f0, pc=0x0000000114d91ee8)
     nmethod   4017  462             java.lang.Integer::getChars (131 bytes)

     Virtual frames (innermost first):
        0 - frame( sp=0x000000030c9227b0, unextended_sp=0x000000030c9227b0, fp=0x000000030c922850, pc=0x0000000114d91ee8)
java.lang.Integer.getChars(Integer.java:444) - if_icmplt @ bci 20 
     Created vframeArray 0x00007ff62604ba20
DEOPT UNPACKING thread 0x00007ff62500d000 vframeArray 0x00007ff62604ba20 mode 2
     {method} {0x00000001118c7188} &apos;getChars&apos; &apos;(II[C)V&apos; in &apos;java/lang/Integer&apos; - if_icmplt @ bci 20 sp = 0x000000030c922770
C1 Runtime statistics:
 _resolve_invoke_virtual_cnt:     14
 _resolve_invoke_opt_virtual_cnt: 603
 _resolve_invoke_static_cnt:      497
 _handle_wrong_method_cnt:        30
 _ic_miss_cnt:                    10
 _generic_arraycopy_cnt:          0
 _generic_arraycopystub_cnt:      0
 _byte_arraycopy_cnt:             0
 _short_arraycopy_cnt:            0
 _int_arraycopy_cnt:              0
 _long_arraycopy_cnt:             0
 _primitive_arraycopy_cnt:        0
 _oop_arraycopy_cnt (C):          0
 _oop_arraycopy_cnt (stub):       0
 _arraycopy_slowcase_cnt:         0
 _arraycopy_checkcast_cnt:        0
 _arraycopy_checkcast_attempt_cnt:0
 _new_type_array_slowcase_cnt:    0
 _new_object_array_slowcase_cnt:  0
 _new_instance_slowcase_cnt:      0
 _new_multi_array_slowcase_cnt:   0
 _monitorenter_slowcase_cnt:      0
 _monitorexit_slowcase_cnt:       0
 _patch_code_slowcase_cnt:        0
 _throw_range_check_exception_count:            0:
 _throw_index_exception_count:                  0:
 _throw_div0_exception_count:                   0:
 _throw_null_pointer_exception_count:           0:
 _throw_class_cast_exception_count:             0:
 _throw_incompatible_class_change_error_count:  0:
 _throw_array_store_exception_count:            0:
 _throw_count:                                  0:

<statistics type='deoptimization'>
Deoptimization traps recorded:
    72 (100.0%) total
       null_check/make_not_entrant/aastore: 1 (1.4%)
  null_check/make_not_entrant/invokestatic: 1 (1.4%)
     null_assert/make_not_entrant/astore_3: 1 (1.4%)
  class_check/maybe_recompile/invokevirtual: 16 (22.2%)
    class_check/maybe_recompile/instanceof: 1 (1.4%)
   bimorphic/maybe_recompile/invokevirtual: 6 (8.3%)
                       constraint/none/nop: 1 (1.4%)
           predicate/maybe_recompile/aload: 1 (1.4%)
    loop_limit_check/maybe_recompile/aload: 2 (2.8%)
  loop_limit_check/maybe_recompile/aload_0: 1 (1.4%)
    loop_limit_check/maybe_recompile/iload: 1 (1.4%)
         unstable_if/reinterpret/if_icmpeq: 1 (1.4%)
         unstable_if/reinterpret/if_icmpge: 3 (4.2%)
         unstable_if/reinterpret/ifnonnull: 9 (12.5%)
               unstable_if/reinterpret/nop: 27 (37.5%)
</statistics>
<statistics type='SharedRuntime'>
    3 new array requires GC
   10 inline cache miss in compiled
   30 wrong method
  497 unresolved static call site
   14 unresolved virtual call site
  603 unresolved opt virtual call site
  172 slow partial subtype
  583 byte array copies
 7883 short array copies
  613 int array copies
 1560 long array copies
   10 checkcast array copies
   74 find exception handler
   36 rethrow handler
AdapterHandlerTable: empty 157 longest 3 total 182 average 1.338235
AdapterHandlerTable: lookups 8883 buckets 9245 equals 8426 hits 8426 compact 8426
</statistics>
<statistics type='nmethod'>
Statistics for 81 native nmethods:
 N. total size  = 76504
 N. relocation  = 6736
 N. main code   = 44168
Statistics for 541 bytecoded nmethods:
 total in heap  = 1129720
 relocation     = 52488
 constants      = 3136
 main code      = 379712
 stub code      = 31736
 oops           = 728
 scopes data    = 142312
 scopes pcs     = 281600
 dependencies   = 4576
 handler table  = 39064
 nul chk table  = 8632
Debug Data Chunks: 30456, shared 4364+7893, non-SP&apos;s elided 119
PcDesc Statistics:  2062 queries, 8.38 comparisons per query
  caches=541 queries=2062/0, hits=0+474, tests=7446+9835, adds=1588
</statistics>
<statistics type='opto'>
--- Compiler Statistics ---
Methods seen: 1402  Methods parsed: 1402  Nodes created: 406693
Blocks parsed: 5069  Blocks seen: 6141
6317 original NULL checks - 4572 elided (72%); optimizer leaves 1768,
776 made implicit (43%)
CCP: 541  constants found: 5
Total frameslots = 3572, Max frameslots = 60
Inserted 0 spill loads, 0 spill stores, 0 mem-mem moves and 0 copies.
Total load cost=      0, store cost =      0, mem-mem cost =  0.00, copy cost =     0.
Adjusted spill cost =       0.
Conservatively coalesced 4810 copies, 0 pairs, 7879 post alloc.
Used cisc instruction  404,  remained in register 2311
Average allocation trips 1.725314
High Pressure Blocks = 0, Low Pressure Blocks = 0
Nops added 0 bytes to total of 372933 bytes, for 0.00%
Peephole: peephole rules applied: 0
PhaseIdealLoop=1840, sum _unique=929192
</statistics>
<statistics type='intrinsic'>
Compiler intrinsic usage:
    12 ( 6.0%) _hashCode (worked,virtual,nonvirtual)
     6 ( 3.0%) _getClass (worked)
     9 ( 4.5%) _clone (worked)
    18 ( 9.0%) _min (worked)
     9 ( 4.5%) _max (worked)
     6 ( 3.0%) _nanoTime (worked)
    27 (13.5%) _arraycopy (worked)
     4 ( 2.0%) _currentThread (worked)
     3 ( 1.5%) _isAssignableFrom (worked)
     1 ( 0.5%) _getModifiers (worked)
     5 ( 2.5%) _isInterface (worked)
     8 ( 4.0%) _isArray (worked)
    18 ( 9.0%) _isPrimitive (worked)
     4 ( 2.0%) _getComponentType (worked)
     9 ( 4.5%) _getCallerClass (worked,failed)
     3 ( 1.5%) _newArray (worked)
     2 ( 1.0%) _copyOf (worked)
     1 ( 0.5%) _copyOfRange (worked)
     4 ( 2.0%) _indexOf (worked)
    19 ( 9.5%) _equals (worked)
     0 ( 0.0%) _checkIndex (disabled)
    11 ( 5.5%) _Reference_get (worked)
     8 ( 4.0%) _getObjectVolatile (worked)
     1 ( 0.5%) _putObjectVolatile (worked)
     3 ( 1.5%) _getLong_raw (worked)
     2 ( 1.0%) _putLong_raw (worked)
     2 ( 1.0%) _compareAndSwapObject (worked)
     1 ( 0.5%) _compareAndSwapLong (worked)
     4 ( 2.0%) _compareAndSwapInt (worked)
   200 (100.0%) total (worked,failed,disabled,virtual,nonvirtual)
</statistics>
<writer thread='21251'/>
<destroy_vm stamp='4.028'/>
<tty_done stamp='4.039'/>
</tty>
<hotspot_log_done stamp='4.039'/>
</hotspot_log>
