<?xml version='1.0' encoding='UTF-8'?>
<hotspot_log version='160 1' process='85884' time_ms='1783320519014'>
<vm_version>
<name>
OpenJDK 64-Bit Server VM
</name>
<release>
25.512-b00-fastdebug
</release>
<info>
OpenJDK 64-Bit Server VM (25.512-b00-fastdebug) for bsd-amd64 JRE (1.8.0_512-internal-xiezhaokun_2026_07_04_16_29-b00), built on Jul  6 2026 14:36:34 by &quot;xiezhaokun&quot; with gcc Apple LLVM 16.0.0 (clang-1600.0.26.6)
</info>
</vm_version>
<vm_arguments>
<args>
-Xbatch -XX:CompileThreshold=5 -XX:BackEdgeThreshold=10 -XX:-TieredCompilation -XX:CICompilerCount=1 -XX:+UnlockDiagnosticVMOptions -XX:CompileCommand=quiet -XX:+StressGCM -XX:+StressLCM -XX:+StressReflectiveCode -XX:+TraceDeoptimization -XX:-LoopUnswitching -XX:-PartialPeelLoop -XX:LoopOptsCount=12 -Drepro.iterations=9000 -Drepro.seconds=0 -Drepro.clearCacheEvery=0 -Drepro.deoptAfter=1200 -Drepro.target=weakQueueStormOsr 
</args>
<command>
repro.ResolvableTypeC2Repro
</command>
<launcher>
SUN_STANDARD
</launcher>
<properties>
java.vm.specification.name=Java Virtual Machine Specification
java.vm.version=25.512-b00-fastdebug
java.vm.name=OpenJDK 64-Bit Server VM
java.vm.info=mixed mode, sharing
java.ext.dirs=/Users/xiezhaokun/Library/Java/Extensions:/Users/xiezhaokun/workspace/jdk8u-dev/build/codex-fastdebug-x86_64/jdk/lib/ext:/Library/Java/Extensions:/Network/Library/Java/Extensions:/System/Library/Java/Extensions:/usr/lib/java
java.endorsed.dirs=/Users/xiezhaokun/workspace/jdk8u-dev/build/codex-fastdebug-x86_64/jdk/lib/endorsed
sun.boot.library.path=/Users/xiezhaokun/workspace/jdk8u-dev/build/codex-fastdebug-x86_64/jdk/lib
java.library.path=/Users/xiezhaokun/Library/Java/Extensions:/Library/Java/Extensions:/Network/Library/Java/Extensions:/System/Library/Java/Extensions:/usr/lib/java:.
java.home=/Users/xiezhaokun/workspace/jdk8u-dev/build/codex-fastdebug-x86_64/jdk
java.class.path=/Users/xiezhaokun/workspace/jdk8u-dev/repro/spring-resolvabletype-c2/target/classes:/Users/xiezhaokun/workspace/jdk8u-dev/repro/spring-resolvabletype-c2/target/dependency/spring-core-5.3.31.jar:/Users/xiezhaokun/workspace/jdk8u-dev/repro/spring-resolvabletype-c2/target/dependency/spring-jcl-5.3.31.jar
sun.boot.class.path=/Users/xiezhaokun/workspace/jdk8u-dev/build/codex-fastdebug-x86_64/jdk/lib/resources.jar:/Users/xiezhaokun/workspace/jdk8u-dev/build/codex-fastdebug-x86_64/jdk/lib/rt.jar:/Users/xiezhaokun/workspace/jdk8u-dev/build/codex-fastdebug-x86_64/jdk/lib/sunrsasign.jar:/Users/xiezhaokun/workspace/jdk8u-dev/build/codex-fastdebug-x86_64/jdk/lib/jsse.jar:/Users/xiezhaokun/workspace/jdk8u-dev/build/codex-fastdebug-x86_64/jdk/lib/jce.jar:/Users/xiezhaokun/workspace/jdk8u-dev/build/codex-fastdebug-x86_64/jdk/lib/charsets.jar:/Users/xiezhaokun/workspace/jdk8u-dev/build/codex-fastdebug-x86_64/jdk/lib/jfr.jar:/Users/xiezhaokun/workspace/jdk8u-dev/build/codex-fastdebug-x86_64/jdk/classes
java.vm.specification.vendor=Oracle Corporation
java.vm.specification.version=1.8
java.vm.vendor=Oracle Corporation
repro.iterations=9000
repro.seconds=0
repro.clearCacheEvery=0
repro.deoptAfter=1200
repro.target=weakQueueStormOsr
sun.java.command=repro.ResolvableTypeC2Repro
sun.java.launcher=SUN_STANDARD
</properties>
</vm_arguments>
<tty>
<blob name='MethodHandlesAdapterBlob' size='182000'>
<sect index='1' size='182000' free='177710'/>
</blob>
<writer thread='9475'/>
<uncommon_trap thread='9475' reason='bimorphic' action='maybe_recompile' compile_id='69' compiler='C2' stamp='0.495'>
Uncommon trap occurred in java.util.concurrent.ConcurrentHashMap::putVal (@0x0000000111cc82f0) thread=9475 reason=bimorphic action=maybe_recompile unloaded_class_index=-1
<jvms bci='17' method='java/util/concurrent/ConcurrentHashMap putVal (Ljava/lang/Object;Ljava/lang/Object;Z)Ljava/lang/Object;' bytes='362' count='2' backedge_count='3' iicount='39'/>
</uncommon_trap>
DEOPT PACKING thread 0x00007f9cf0010800 Compiled frame (sp=0x00000003060104f0 unextended sp=0x00000003060104f0, fp=0x00000007955c1f38, real_fp=0x00000003060105c0, pc=0x0000000111cc82f0)
     nmethod    494   69   !         java.util.concurrent.ConcurrentHashMap::putVal (362 bytes)

     Virtual frames (innermost first):
        0 - frame( sp=0x00000003060104f0, unextended_sp=0x00000003060104f0, fp=0x00000007955c1f38, pc=0x0000000111cc82f0)
java.util.concurrent.ConcurrentHashMap.putVal(ConcurrentHashMap.java:1012) - invokevirtual @ bci 17 
     Created vframeArray 0x00007f9cf0832220
DEOPT UNPACKING thread 0x00007f9cf0010800 vframeArray 0x00007f9cf0832220 mode 2
     {method} {0x000000010e653450} &apos;putVal&apos; &apos;(Ljava/lang/Object;Ljava/lang/Object;Z)Ljava/lang/Object;&apos; in &apos;java/util/concurrent/ConcurrentHashMap&apos; - invokevirtual @ bci 17 sp = 0x0000000306010500
<uncommon_trap thread='9475' reason='uninitialized' action='reinterpret' compile_id='104' compiler='C2' stamp='0.627'>
Uncommon trap occurred in java.io.ObjectStreamField::getClassSignature (@0x0000000111cd8038) thread=9475 reason=uninitialized action=reinterpret unloaded_class_index=-1
<jvms bci='123' method='java/io/ObjectStreamField getClassSignature (Ljava/lang/Class;)Ljava/lang/String;' bytes='242' count='2' backedge_count='3' iicount='18'/>
</uncommon_trap>
DEOPT PACKING thread 0x00007f9cf0010800 Compiled frame (sp=0x000000030600e170 unextended sp=0x000000030600e170, fp=0x0000000010200031, real_fp=0x000000030600e1d0, pc=0x0000000111cd8038)
     nmethod    627  104             java.io.ObjectStreamField::getClassSignature (242 bytes)

     Virtual frames (innermost first):
        0 - frame( sp=0x000000030600e170, unextended_sp=0x000000030600e170, fp=0x0000000010200031, pc=0x0000000111cd8038)
java.io.ObjectStreamField.getClassSignature(ObjectStreamField.java:310) - getstatic @ bci 123 
     Created vframeArray 0x00007f9cdf02f020
DEOPT UNPACKING thread 0x00007f9cf0010800 vframeArray 0x00007f9cdf02f020 mode 2
     {method} {0x000000010e4d4180} &apos;getClassSignature&apos; &apos;(Ljava/lang/Class;)Ljava/lang/String;&apos; in &apos;java/io/ObjectStreamField&apos; - getstatic @ bci 123 sp = 0x000000030600e168
<uncommon_trap thread='9475' reason='bimorphic' action='maybe_recompile' compile_id='96' compiler='C2' stamp='0.726'>
Uncommon trap occurred in java.util.HashMap::hash (@0x0000000111ccbd80) thread=9475 reason=bimorphic action=maybe_recompile unloaded_class_index=-1
<jvms bci='9' method='java/util/HashMap hash (Ljava/lang/Object;)I' bytes='20' count='2' backedge_count='1' iicount='45'/>
</uncommon_trap>
DEOPT PACKING thread 0x00007f9cf0010800 Compiled frame (sp=0x000000030600e9a0 unextended sp=0x000000030600e9a0, fp=0x00000007955ce520, real_fp=0x000000030600e9d0, pc=0x0000000111ccbd80)
     nmethod    726   96             java.util.HashMap::hash (20 bytes)

     Virtual frames (innermost first):
        0 - frame( sp=0x000000030600e9a0, unextended_sp=0x000000030600e9a0, fp=0x00000007955ce520, pc=0x0000000111ccbd80)
java.util.HashMap.hash(HashMap.java:340) - invokevirtual @ bci 9 
     Created vframeArray 0x00007f9cf000a820
DEOPT UNPACKING thread 0x00007f9cf0010800 vframeArray 0x00007f9cf000a820 mode 2
     {method} {0x000000010e520ca0} &apos;hash&apos; &apos;(Ljava/lang/Object;)I&apos; in &apos;java/util/HashMap&apos; - invokevirtual @ bci 9 sp = 0x000000030600e970
<uncommon_trap thread='9475' reason='unstable_if' action='reinterpret' compile_id='22' compiler='C2' stamp='0.941'>
Uncommon trap occurred in java.lang.String::equals (@0x0000000111c86a80) thread=9475 reason=unstable_if action=reinterpret unloaded_class_index=-1
<jvms bci='66' method='java/lang/String equals (Ljava/lang/Object;)Z' bytes='81' count='2' backedge_count='2' iicount='251'/>
</uncommon_trap>
DEOPT PACKING thread 0x00007f9cf0010800 Compiled frame (sp=0x000000030600cf00 unextended sp=0x000000030600cf00, fp=0x0000000000000000, real_fp=0x000000030600cf40, pc=0x0000000111c86a80)
     nmethod    941   22             java.lang.String::equals (81 bytes)

     Virtual frames (innermost first):
        0 - frame( sp=0x000000030600cf00, unextended_sp=0x000000030600cf00, fp=0x0000000000000000, pc=0x0000000111c86a80)
java.lang.String.equals(String.java:988) - if_icmpeq @ bci 66 
     Created vframeArray 0x00007f9cdf030420
DEOPT UNPACKING thread 0x00007f9cf0010800 vframeArray 0x00007f9cdf030420 mode 2
     {method} {0x000000010e405488} &apos;equals&apos; &apos;(Ljava/lang/Object;)Z&apos; in &apos;java/lang/String&apos; - if_icmpeq @ bci 66 sp = 0x000000030600ceb8
<dependency_failed type='abstract_with_unique_concrete_subtype' ctxk='java/nio/ByteBuffer' x='java/nio/HeapByteBuffer' witness='java/nio/DirectByteBuffer' stamp='1.160'/>
<dependency_failed type='abstract_with_unique_concrete_subtype' ctxk='java/nio/ByteBuffer' x='java/nio/HeapByteBuffer' witness='java/nio/DirectByteBuffer' stamp='1.160'/>
<uncommon_trap thread='9475' reason='bimorphic' action='maybe_recompile' compile_id='130' compiler='C2' count='1' state='#7' stamp='1.322'>
Uncommon trap occurred in java.util.HashMap::get (@0x0000000111ce15f0) thread=9475 reason=bimorphic action=maybe_recompile unloaded_class_index=-1
<jvms bci='9' method='java/util/HashMap hash (Ljava/lang/Object;)I' bytes='20' count='2' backedge_count='1' iicount='45' bimorphic_traps='1'/>
<jvms bci='2' method='java/util/HashMap get (Ljava/lang/Object;)Ljava/lang/Object;' bytes='23' count='2' backedge_count='1' iicount='9'/>
</uncommon_trap>
DEOPT PACKING thread 0x00007f9cf0010800 Compiled frame (sp=0x000000030600ea00 unextended sp=0x000000030600ea00, fp=0x00000007955d84e0, real_fp=0x000000030600ea40, pc=0x0000000111ce15f0)
     nmethod   1322  130             java.util.HashMap::get (23 bytes)

     Virtual frames (innermost first):
        0 - frame( sp=0x000000030600ea00, unextended_sp=0x000000030600ea00, fp=0x00000007955d84e0, pc=0x0000000111ce15f0)
java.util.HashMap.hash(HashMap.java:340) - invokevirtual @ bci 9 
        1 - frame( sp=0x000000030600ea00, unextended_sp=0x000000030600ea00, fp=0x00000007955d84e0, pc=0x0000000111ce15f0)
java.util.HashMap.get(HashMap.java:558) - invokestatic @ bci 2 
     Created vframeArray 0x00007f9cdf03a620
DEOPT UNPACKING thread 0x00007f9cf0010800 vframeArray 0x00007f9cdf03a620 mode 2
     {method} {0x000000010e521768} &apos;get&apos; &apos;(Ljava/lang/Object;)Ljava/lang/Object;&apos; in &apos;java/util/HashMap&apos; - invokestatic @ bci 2 sp = 0x000000030600e9d0
     {method} {0x000000010e520ca0} &apos;hash&apos; &apos;(Ljava/lang/Object;)I&apos; in &apos;java/util/HashMap&apos; - invokevirtual @ bci 9 sp = 0x000000030600e978
<uncommon_trap thread='9475' reason='class_check' action='maybe_recompile' compile_id='258' compiler='C2' stamp='1.480'>
Uncommon trap occurred in java.util.WeakHashMap::put (@0x0000000111d16f44) thread=9475 reason=class_check action=maybe_recompile unloaded_class_index=-1
<jvms bci='1' method='java/util/WeakHashMap hash (Ljava/lang/Object;)I' bytes='28' count='2' backedge_count='1' iicount='13'/>
<jvms bci='7' method='java/util/WeakHashMap put (Ljava/lang/Object;Ljava/lang/Object;)Ljava/lang/Object;' bytes='162' count='2' backedge_count='2' iicount='6'/>
</uncommon_trap>
DEOPT PACKING thread 0x00007f9cf0010800 Compiled frame (sp=0x000000030600f440 unextended sp=0x000000030600f440, fp=0x00000007955d9a28, real_fp=0x000000030600f4e0, pc=0x0000000111d16f44)
     nmethod   1480  258             java.util.WeakHashMap::put (162 bytes)

     Virtual frames (innermost first):
        0 - frame( sp=0x000000030600f440, unextended_sp=0x000000030600f440, fp=0x00000007955d9a28, pc=0x0000000111d16f44)
java.util.WeakHashMap.hash(WeakHashMap.java:298) - invokevirtual @ bci 1 
        1 - frame( sp=0x000000030600f440, unextended_sp=0x000000030600f440, fp=0x00000007955d9a28, pc=0x0000000111d16f44)
java.util.WeakHashMap.put(WeakHashMap.java:449) - invokevirtual @ bci 7 
     Created vframeArray 0x00007f9cf005ae20
DEOPT UNPACKING thread 0x00007f9cf0010800 vframeArray 0x00007f9cf005ae20 mode 2
     {method} {0x000000010e562030} &apos;put&apos; &apos;(Ljava/lang/Object;Ljava/lang/Object;)Ljava/lang/Object;&apos; in &apos;java/util/WeakHashMap&apos; - invokevirtual @ bci 7 sp = 0x000000030600f448
     {method} {0x000000010e561668} &apos;hash&apos; &apos;(Ljava/lang/Object;)I&apos; in &apos;java/util/WeakHashMap&apos; - invokevirtual @ bci 1 sp = 0x000000030600f3f0
<uncommon_trap thread='9475' reason='bimorphic' action='maybe_recompile' compile_id='263' compiler='C2' state='class_check' stamp='1.486'>
Uncommon trap occurred in java.util.WeakHashMap::hash (@0x0000000111d1515c) thread=9475 reason=bimorphic action=maybe_recompile unloaded_class_index=-1
<jvms bci='1' method='java/util/WeakHashMap hash (Ljava/lang/Object;)I' bytes='28' count='2' backedge_count='1' iicount='13' class_check_traps='1'/>
</uncommon_trap>
DEOPT PACKING thread 0x00007f9cf0010800 Compiled frame (sp=0x000000030600f200 unextended sp=0x000000030600f200, fp=0x00000007955d9900, real_fp=0x000000030600f220, pc=0x0000000111d1515c)
     nmethod   1485  263             java.util.WeakHashMap::hash (28 bytes)

     Virtual frames (innermost first):
        0 - frame( sp=0x000000030600f200, unextended_sp=0x000000030600f200, fp=0x00000007955d9900, pc=0x0000000111d1515c)
java.util.WeakHashMap.hash(WeakHashMap.java:298) - invokevirtual @ bci 1 
     Created vframeArray 0x00007f9cf005c220
DEOPT UNPACKING thread 0x00007f9cf0010800 vframeArray 0x00007f9cf005c220 mode 2
     {method} {0x000000010e561668} &apos;hash&apos; &apos;(Ljava/lang/Object;)I&apos; in &apos;java/util/WeakHashMap&apos; - invokevirtual @ bci 1 sp = 0x000000030600f1c0
<uncommon_trap thread='9475' reason='bimorphic' action='maybe_recompile' compile_id='130' compiler='C2' count='2' state='#7' stamp='1.584'>
Uncommon trap occurred in java.util.HashMap::get (@0x0000000111ce15f0) thread=9475 reason=bimorphic action=maybe_recompile unloaded_class_index=-1
<jvms bci='9' method='java/util/HashMap hash (Ljava/lang/Object;)I' bytes='20' count='2' backedge_count='1' iicount='45' bimorphic_traps='2'/>
<jvms bci='2' method='java/util/HashMap get (Ljava/lang/Object;)Ljava/lang/Object;' bytes='23' count='2' backedge_count='1' iicount='9'/>
</uncommon_trap>
DEOPT PACKING thread 0x00007f9cf0010800 Compiled frame (sp=0x000000030600ea20 unextended sp=0x000000030600ea20, fp=0x00000007955dd2c0, real_fp=0x000000030600ea60, pc=0x0000000111ce15f0)
     nmethod   1583  130             java.util.HashMap::get (23 bytes)

     Virtual frames (innermost first):
        0 - frame( sp=0x000000030600ea20, unextended_sp=0x000000030600ea20, fp=0x00000007955dd2c0, pc=0x0000000111ce15f0)
java.util.HashMap.hash(HashMap.java:340) - invokevirtual @ bci 9 
        1 - frame( sp=0x000000030600ea20, unextended_sp=0x000000030600ea20, fp=0x00000007955dd2c0, pc=0x0000000111ce15f0)
java.util.HashMap.get(HashMap.java:558) - invokestatic @ bci 2 
     Created vframeArray 0x00007f9cf0832220
DEOPT UNPACKING thread 0x00007f9cf0010800 vframeArray 0x00007f9cf0832220 mode 2
     {method} {0x000000010e521768} &apos;get&apos; &apos;(Ljava/lang/Object;)Ljava/lang/Object;&apos; in &apos;java/util/HashMap&apos; - invokestatic @ bci 2 sp = 0x000000030600e9f0
     {method} {0x000000010e520ca0} &apos;hash&apos; &apos;(Ljava/lang/Object;)I&apos; in &apos;java/util/HashMap&apos; - invokevirtual @ bci 9 sp = 0x000000030600e998
<uncommon_trap thread='9475' reason='class_check' action='maybe_recompile' compile_id='258' compiler='C2' count='1' state='#7' stamp='1.602'>
Uncommon trap occurred in java.util.WeakHashMap::put (@0x0000000111d16f44) thread=9475 reason=class_check action=maybe_recompile unloaded_class_index=-1
<jvms bci='1' method='java/util/WeakHashMap hash (Ljava/lang/Object;)I' bytes='28' count='2' backedge_count='1' iicount='13' class_check_traps='1' bimorphic_traps='1'/>
<jvms bci='7' method='java/util/WeakHashMap put (Ljava/lang/Object;Ljava/lang/Object;)Ljava/lang/Object;' bytes='162' count='2' backedge_count='2' iicount='6'/>
</uncommon_trap>
DEOPT PACKING thread 0x00007f9cf0010800 Compiled frame (sp=0x000000030600f440 unextended sp=0x000000030600f440, fp=0x00000007955de028, real_fp=0x000000030600f4e0, pc=0x0000000111d16f44)
     nmethod   1601  258             java.util.WeakHashMap::put (162 bytes)

     Virtual frames (innermost first):
        0 - frame( sp=0x000000030600f440, unextended_sp=0x000000030600f440, fp=0x00000007955de028, pc=0x0000000111d16f44)
java.util.WeakHashMap.hash(WeakHashMap.java:298) - invokevirtual @ bci 1 
        1 - frame( sp=0x000000030600f440, unextended_sp=0x000000030600f440, fp=0x00000007955de028, pc=0x0000000111d16f44)
java.util.WeakHashMap.put(WeakHashMap.java:449) - invokevirtual @ bci 7 
     Created vframeArray 0x00007f9cf005c220
DEOPT UNPACKING thread 0x00007f9cf0010800 vframeArray 0x00007f9cf005c220 mode 2
     {method} {0x000000010e562030} &apos;put&apos; &apos;(Ljava/lang/Object;Ljava/lang/Object;)Ljava/lang/Object;&apos; in &apos;java/util/WeakHashMap&apos; - invokevirtual @ bci 7 sp = 0x000000030600f448
     {method} {0x000000010e561668} &apos;hash&apos; &apos;(Ljava/lang/Object;)I&apos; in &apos;java/util/WeakHashMap&apos; - invokevirtual @ bci 1 sp = 0x000000030600f3f0
<uncommon_trap thread='9475' reason='bimorphic' action='maybe_recompile' compile_id='263' compiler='C2' count='1' state='#7' stamp='1.628'>
Uncommon trap occurred in java.util.WeakHashMap::hash (@0x0000000111d1515c) thread=9475 reason=bimorphic action=maybe_recompile unloaded_class_index=-1
<jvms bci='1' method='java/util/WeakHashMap hash (Ljava/lang/Object;)I' bytes='28' count='2' backedge_count='1' iicount='13' class_check_traps='2' bimorphic_traps='1'/>
</uncommon_trap>
DEOPT PACKING thread 0x00007f9cf0010800 Compiled frame (sp=0x000000030600f1f0 unextended sp=0x000000030600f1f0, fp=0x00000007955ddf58, real_fp=0x000000030600f210, pc=0x0000000111d1515c)
     nmethod   1628  263             java.util.WeakHashMap::hash (28 bytes)

     Virtual frames (innermost first):
        0 - frame( sp=0x000000030600f1f0, unextended_sp=0x000000030600f1f0, fp=0x00000007955ddf58, pc=0x0000000111d1515c)
java.util.WeakHashMap.hash(WeakHashMap.java:298) - invokevirtual @ bci 1 
     Created vframeArray 0x00007f9cf0832220
DEOPT UNPACKING thread 0x00007f9cf0010800 vframeArray 0x00007f9cf0832220 mode 2
     {method} {0x000000010e561668} &apos;hash&apos; &apos;(Ljava/lang/Object;)I&apos; in &apos;java/util/WeakHashMap&apos; - invokevirtual @ bci 1 sp = 0x000000030600f1b0
<uncommon_trap thread='9475' reason='class_check' action='maybe_recompile' compile_id='323' compiler='C2' stamp='1.659'>
Uncommon trap occurred in sun.misc.URLClassPath::getLoader (@0x0000000111d3c1c0) thread=9475 reason=class_check action=maybe_recompile unloaded_class_index=-1
<jvms bci='94' method='sun/misc/URLClassPath getLoader (I)Lsun/misc/URLClassPath$Loader;' bytes='243' count='2' backedge_count='3' iicount='3'/>
</uncommon_trap>
DEOPT PACKING thread 0x00007f9cf0010800 Compiled frame (sp=0x000000030600f8b0 unextended sp=0x000000030600f8b0, fp=0x00000007955c52d0, real_fp=0x000000030600f960, pc=0x0000000111d3c1c0)
     nmethod   1659  323  s!         sun.misc.URLClassPath::getLoader (243 bytes)

     Virtual frames (innermost first):
        0 - frame( sp=0x000000030600f8b0, unextended_sp=0x000000030600f8b0, fp=0x00000007955c52d0, pc=0x0000000111d3c1c0)
sun.misc.URLClassPath.getLoader(URLClassPath.java:533) - invokevirtual @ bci 94 
     Created vframeArray 0x00007f9cf005c220
DEOPT UNPACKING thread 0x00007f9cf0010800 vframeArray 0x00007f9cf005c220 mode 2
     {method} {0x000000010e68ab78} &apos;getLoader&apos; &apos;(I)Lsun/misc/URLClassPath$Loader;&apos; in &apos;sun/misc/URLClassPath&apos; - invokevirtual @ bci 94 sp = 0x000000030600f8d8
<uncommon_trap thread='9475' reason='unstable_if' action='reinterpret' compile_id='66' compiler='C2' stamp='1.741'>
Uncommon trap occurred in java.lang.String::replace (@0x0000000111cc2550) thread=9475 reason=unstable_if action=reinterpret unloaded_class_index=-1
<jvms bci='26' method='java/lang/String replace (CC)Ljava/lang/String;' bytes='127' count='2' backedge_count='29' iicount='12'/>
</uncommon_trap>
DEOPT PACKING thread 0x00007f9cf0010800 Compiled frame (sp=0x000000030600f650 unextended sp=0x000000030600f650, fp=0x0000000000000005, real_fp=0x000000030600f6c0, pc=0x0000000111cc2550)
     nmethod   1740   66             java.lang.String::replace (127 bytes)

     Virtual frames (innermost first):
        0 - frame( sp=0x000000030600f650, unextended_sp=0x000000030600f650, fp=0x0000000000000005, pc=0x0000000111cc2550)
java.lang.String.replace(String.java:2072) - if_icmpge @ bci 26 
     Created vframeArray 0x00007f9cf0832220
DEOPT UNPACKING thread 0x00007f9cf0010800 vframeArray 0x00007f9cf0832220 mode 2
     {method} {0x000000010e4077c8} &apos;replace&apos; &apos;(CC)Ljava/lang/String;&apos; in &apos;java/lang/String&apos; - if_icmpge @ bci 26 sp = 0x000000030600f638
<uncommon_trap thread='9475' reason='bimorphic' action='maybe_recompile' compile_id='130' compiler='C2' count='3' state='#7' stamp='1.745'>
Uncommon trap occurred in java.util.HashMap::get (@0x0000000111ce15f0) thread=9475 reason=bimorphic action=maybe_recompile unloaded_class_index=-1
<jvms bci='9' method='java/util/HashMap hash (Ljava/lang/Object;)I' bytes='20' count='2' backedge_count='1' iicount='45' bimorphic_traps='3'/>
<jvms bci='2' method='java/util/HashMap get (Ljava/lang/Object;)Ljava/lang/Object;' bytes='23' count='2' backedge_count='1' iicount='9'/>
</uncommon_trap>
DEOPT PACKING thread 0x00007f9cf0010800 Compiled frame (sp=0x000000030600f7e0 unextended sp=0x000000030600f7e0, fp=0x00000007955fbb28, real_fp=0x000000030600f820, pc=0x0000000111ce15f0)
     nmethod   1744  130             java.util.HashMap::get (23 bytes)

     Virtual frames (innermost first):
        0 - frame( sp=0x000000030600f7e0, unextended_sp=0x000000030600f7e0, fp=0x00000007955fbb28, pc=0x0000000111ce15f0)
java.util.HashMap.hash(HashMap.java:340) - invokevirtual @ bci 9 
        1 - frame( sp=0x000000030600f7e0, unextended_sp=0x000000030600f7e0, fp=0x00000007955fbb28, pc=0x0000000111ce15f0)
java.util.HashMap.get(HashMap.java:558) - invokestatic @ bci 2 
     Created vframeArray 0x00007f9cef045a20
DEOPT UNPACKING thread 0x00007f9cf0010800 vframeArray 0x00007f9cef045a20 mode 2
     {method} {0x000000010e521768} &apos;get&apos; &apos;(Ljava/lang/Object;)Ljava/lang/Object;&apos; in &apos;java/util/HashMap&apos; - invokestatic @ bci 2 sp = 0x000000030600f7b0
     {method} {0x000000010e520ca0} &apos;hash&apos; &apos;(Ljava/lang/Object;)I&apos; in &apos;java/util/HashMap&apos; - invokevirtual @ bci 9 sp = 0x000000030600f758
<uncommon_trap thread='9475' reason='loop_limit_check' action='maybe_recompile' compile_id='188' compiler='C2' stamp='1.934'>
Uncommon trap occurred in java.lang.String::equals (@0x0000000111cf207c) thread=9475 reason=loop_limit_check action=maybe_recompile unloaded_class_index=-1
<jvms bci='56' method='java/lang/String equals (Ljava/lang/Object;)Z' bytes='81' count='2' backedge_count='2' iicount='253' decompiles='1' unstable_if_traps='1'/>
</uncommon_trap>
DEOPT PACKING thread 0x00007f9cf0010800 Compiled frame (sp=0x000000030600ef50 unextended sp=0x000000030600ef50, fp=0x0000000000000000, real_fp=0x000000030600ef90, pc=0x0000000111cf207c)
     nmethod   1934  188             java.lang.String::equals (81 bytes)

     Virtual frames (innermost first):
        0 - frame( sp=0x000000030600ef50, unextended_sp=0x000000030600ef50, fp=0x0000000000000000, pc=0x0000000111cf207c)
java.lang.String.equals(String.java:988) - aload @ bci 56 
     Created vframeArray 0x00007f9cf0832220
DEOPT UNPACKING thread 0x00007f9cf0010800 vframeArray 0x00007f9cf0832220 mode 2
     {method} {0x000000010e405488} &apos;equals&apos; &apos;(Ljava/lang/Object;)Z&apos; in &apos;java/lang/String&apos; - aload @ bci 56 sp = 0x000000030600ef18
<uncommon_trap thread='9475' reason='bimorphic' action='maybe_recompile' compile_id='69' compiler='C2' count='1' state='#7' stamp='2.060'>
Uncommon trap occurred in java.util.concurrent.ConcurrentHashMap::putVal (@0x0000000111cc82f0) thread=9475 reason=bimorphic action=maybe_recompile unloaded_class_index=-1
<jvms bci='17' method='java/util/concurrent/ConcurrentHashMap putVal (Ljava/lang/Object;Ljava/lang/Object;Z)Ljava/lang/Object;' bytes='362' count='2' backedge_count='4' iicount='39' bimorphic_traps='1'/>
</uncommon_trap>
DEOPT PACKING thread 0x00007f9cf0010800 Compiled frame (sp=0x000000030600f650 unextended sp=0x000000030600f650, fp=0x00000007955c5178, real_fp=0x000000030600f720, pc=0x0000000111cc82f0)
     nmethod   2059   69   !         java.util.concurrent.ConcurrentHashMap::putVal (362 bytes)

     Virtual frames (innermost first):
        0 - frame( sp=0x000000030600f650, unextended_sp=0x000000030600f650, fp=0x00000007955c5178, pc=0x0000000111cc82f0)
java.util.concurrent.ConcurrentHashMap.putVal(ConcurrentHashMap.java:1012) - invokevirtual @ bci 17 
     Created vframeArray 0x00007f9cf084ea20
DEOPT UNPACKING thread 0x00007f9cf0010800 vframeArray 0x00007f9cf084ea20 mode 2
     {method} {0x000000010e653450} &apos;putVal&apos; &apos;(Ljava/lang/Object;Ljava/lang/Object;Z)Ljava/lang/Object;&apos; in &apos;java/util/concurrent/ConcurrentHashMap&apos; - invokevirtual @ bci 17 sp = 0x000000030600f640
<uncommon_trap thread='9475' reason='bimorphic' action='maybe_recompile' compile_id='69' compiler='C2' count='2' state='#7' stamp='2.067'>
Uncommon trap occurred in java.util.concurrent.ConcurrentHashMap::putVal (@0x0000000111cc82f0) thread=9475 reason=bimorphic action=maybe_recompile unloaded_class_index=-1
<jvms bci='17' method='java/util/concurrent/ConcurrentHashMap putVal (Ljava/lang/Object;Ljava/lang/Object;Z)Ljava/lang/Object;' bytes='362' count='2' backedge_count='5' iicount='39' bimorphic_traps='2'/>
</uncommon_trap>
DEOPT PACKING thread 0x00007f9cf0010800 Compiled frame (sp=0x000000030600dd30 unextended sp=0x000000030600dd30, fp=0x00000007955c5138, real_fp=0x000000030600de00, pc=0x0000000111cc82f0)
     nmethod   2067   69   !         java.util.concurrent.ConcurrentHashMap::putVal (362 bytes)

     Virtual frames (innermost first):
        0 - frame( sp=0x000000030600dd30, unextended_sp=0x000000030600dd30, fp=0x00000007955c5138, pc=0x0000000111cc82f0)
java.util.concurrent.ConcurrentHashMap.putVal(ConcurrentHashMap.java:1012) - invokevirtual @ bci 17 
     Created vframeArray 0x00007f9cef045a20
DEOPT UNPACKING thread 0x00007f9cf0010800 vframeArray 0x00007f9cef045a20 mode 2
     {method} {0x000000010e653450} &apos;putVal&apos; &apos;(Ljava/lang/Object;Ljava/lang/Object;Z)Ljava/lang/Object;&apos; in &apos;java/util/concurrent/ConcurrentHashMap&apos; - invokevirtual @ bci 17 sp = 0x000000030600dd20
<uncommon_trap thread='9475' reason='bimorphic' action='maybe_recompile' compile_id='69' compiler='C2' count='3' state='#7' stamp='2.071'>
Uncommon trap occurred in java.util.concurrent.ConcurrentHashMap::putVal (@0x0000000111cc82f0) thread=9475 reason=bimorphic action=maybe_recompile unloaded_class_index=-1
<jvms bci='17' method='java/util/concurrent/ConcurrentHashMap putVal (Ljava/lang/Object;Ljava/lang/Object;Z)Ljava/lang/Object;' bytes='362' count='2' backedge_count='5' iicount='39' bimorphic_traps='3'/>
</uncommon_trap>
DEOPT PACKING thread 0x00007f9cf0010800 Compiled frame (sp=0x000000030600dc80 unextended sp=0x000000030600dc80, fp=0x00000007955c1f38, real_fp=0x000000030600dd50, pc=0x0000000111cc82f0)
     nmethod   2071   69   !         java.util.concurrent.ConcurrentHashMap::putVal (362 bytes)

     Virtual frames (innermost first):
        0 - frame( sp=0x000000030600dc80, unextended_sp=0x000000030600dc80, fp=0x00000007955c1f38, pc=0x0000000111cc82f0)
java.util.concurrent.ConcurrentHashMap.putVal(ConcurrentHashMap.java:1012) - invokevirtual @ bci 17 
     Created vframeArray 0x00007f9cdf03a620
DEOPT UNPACKING thread 0x00007f9cf0010800 vframeArray 0x00007f9cdf03a620 mode 2
     {method} {0x000000010e653450} &apos;putVal&apos; &apos;(Ljava/lang/Object;Ljava/lang/Object;Z)Ljava/lang/Object;&apos; in &apos;java/util/concurrent/ConcurrentHashMap&apos; - invokevirtual @ bci 17 sp = 0x000000030600dc70
<uncommon_trap thread='9475' reason='class_check' action='maybe_recompile' compile_id='344' compiler='C2' stamp='2.161'>
Uncommon trap occurred in sun.misc.URLClassPath::getResource (@0x0000000111d41568) thread=9475 reason=class_check action=maybe_recompile unloaded_class_index=-1
<jvms bci='62' method='sun/misc/URLClassPath getResource (Ljava/lang/String;Z)Lsun/misc/Resource;' bytes='83' count='2' backedge_count='2' iicount='2'/>
</uncommon_trap>
DEOPT PACKING thread 0x00007f9cf0010800 Compiled frame (sp=0x000000030600e7b0 unextended sp=0x000000030600e7b0, fp=0x0000000000000000, real_fp=0x000000030600e800, pc=0x0000000111d41568)
     nmethod   2161  344             sun.misc.URLClassPath::getResource (83 bytes)

     Virtual frames (innermost first):
        0 - frame( sp=0x000000030600e7b0, unextended_sp=0x000000030600e7b0, fp=0x0000000000000000, pc=0x0000000111d41568)
sun.misc.URLClassPath.getResource(URLClassPath.java:250) - invokevirtual @ bci 62 
     Created vframeArray 0x00007f9cf084de20
DEOPT UNPACKING thread 0x00007f9cf0010800 vframeArray 0x00007f9cf084de20 mode 2
     {method} {0x000000010e689d08} &apos;getResource&apos; &apos;(Ljava/lang/String;Z)Lsun/misc/Resource;&apos; in &apos;sun/misc/URLClassPath&apos; - invokevirtual @ bci 62 sp = 0x000000030600e778
<uncommon_trap thread='9475' reason='predicate' action='maybe_recompile' compile_id='357' compiler='C2' stamp='2.224'>
Uncommon trap occurred in sun.net.www.ParseUtil::encodePath (@0x0000000111d49894) thread=9475 reason=predicate action=maybe_recompile unloaded_class_index=-1
<jvms bci='36' method='sun/net/www/ParseUtil encodePath (Ljava/lang/String;Z)Ljava/lang/String;' bytes='336' count='2' backedge_count='35' iicount='7'/>
</uncommon_trap>
DEOPT PACKING thread 0x00007f9cf0010800 Compiled frame (sp=0x000000030600e680 unextended sp=0x000000030600e680, fp=0x0000000795605bd8, real_fp=0x000000030600e6e0, pc=0x0000000111d49894)
     nmethod   2223  357             sun.net.www.ParseUtil::encodePath (336 bytes)

     Virtual frames (innermost first):
        0 - frame( sp=0x000000030600e680, unextended_sp=0x000000030600e680, fp=0x0000000795605bd8, pc=0x0000000111d49894)
sun.net.www.ParseUtil.encodePath(ParseUtil.java:111) - aload @ bci 36 
     Created vframeArray 0x00007f9cef045a20
DEOPT UNPACKING thread 0x00007f9cf0010800 vframeArray 0x00007f9cef045a20 mode 2
     {method} {0x000000010e632b98} &apos;encodePath&apos; &apos;(Ljava/lang/String;Z)Ljava/lang/String;&apos; in &apos;sun/net/www/ParseUtil&apos; - aload @ bci 36 sp = 0x000000030600e650
<uncommon_trap thread='9475' reason='class_check' action='maybe_recompile' compile_id='45' compiler='C2' stamp='2.260'>
Uncommon trap occurred in java.util.HashMap::getNode (@0x0000000111c8b824) thread=9475 reason=class_check action=maybe_recompile unloaded_class_index=-1
<jvms bci='59' method='java/util/HashMap getNode (ILjava/lang/Object;)Ljava/util/HashMap$Node;' bytes='148' count='2' backedge_count='1' iicount='31'/>
</uncommon_trap>
DEOPT PACKING thread 0x00007f9cf0010800 Compiled frame (sp=0x000000030600e540 unextended sp=0x000000030600e540, fp=0x0000000001494fe6, real_fp=0x000000030600e580, pc=0x0000000111c8b824)
     nmethod   2260   45             java.util.HashMap::getNode (148 bytes)

     Virtual frames (innermost first):
        0 - frame( sp=0x000000030600e540, unextended_sp=0x000000030600e540, fp=0x0000000001494fe6, pc=0x0000000111c8b824)
java.util.HashMap.getNode(HashMap.java:573) - invokevirtual @ bci 59 
     Created vframeArray 0x00007f9cdf03a620
DEOPT UNPACKING thread 0x00007f9cf0010800 vframeArray 0x00007f9cdf03a620 mode 2
     {method} {0x000000010e521918} &apos;getNode&apos; &apos;(ILjava/lang/Object;)Ljava/util/HashMap$Node;&apos; in &apos;java/util/HashMap&apos; - invokevirtual @ bci 59 sp = 0x000000030600e4e0
<dependency_failed type='leaf_type' ctxk='java/util/concurrent/ConcurrentHashMap$Node' witness='java/util/concurrent/ConcurrentHashMap$ForwardingNode' stamp='2.278'/>
<dependency_failed type='leaf_type' ctxk='java/util/concurrent/ConcurrentHashMap$Node' witness='java/util/concurrent/ConcurrentHashMap$ForwardingNode' stamp='2.278'/>
<dependency_failed type='leaf_type' ctxk='java/util/concurrent/ConcurrentHashMap$Node' witness='java/util/concurrent/ConcurrentHashMap$ForwardingNode' stamp='2.278'/>
DEOPT PACKING thread 0x00007f9cf0010800 Deoptimized frame (sp=0x000000030600cc10 unextended sp=0x000000030600cc10, fp=0x0000000000000000, real_fp=0x000000030600ccd0, pc=0x0000000111d70b04)
     nmethod   2284  435   !         java.util.concurrent.ConcurrentHashMap::putVal (362 bytes)

     Virtual frames (innermost first):
        0 - frame( sp=0x000000030600cc10, unextended_sp=0x000000030600cc10, fp=0x0000000000000000, pc=0x0000000111d70b04)
java.util.concurrent.ConcurrentHashMap.putVal(ConcurrentHashMap.java:1070) - invokespecial @ bci 357 
     Created vframeArray 0x00007f9cef045a20
DEOPT UNPACKING thread 0x00007f9cf0010800 vframeArray 0x00007f9cef045a20 mode 0
     {method} {0x000000010e653450} &apos;putVal&apos; &apos;(Ljava/lang/Object;Ljava/lang/Object;Z)Ljava/lang/Object;&apos; in &apos;java/util/concurrent/ConcurrentHashMap&apos; - invokespecial @ bci 357 sp = 0x000000030600cbf8
<uncommon_trap thread='9475' reason='class_check' action='maybe_recompile' compile_id='344' compiler='C2' count='1' state='class_check' stamp='2.366'>
Uncommon trap occurred in sun.misc.URLClassPath::getResource (@0x0000000111d41568) thread=9475 reason=class_check action=maybe_recompile unloaded_class_index=-1
<jvms bci='62' method='sun/misc/URLClassPath getResource (Ljava/lang/String;Z)Lsun/misc/Resource;' bytes='83' count='2' backedge_count='2' iicount='2' class_check_traps='1'/>
</uncommon_trap>
DEOPT PACKING thread 0x00007f9cf0010800 Compiled frame (sp=0x000000030600c010 unextended sp=0x000000030600c010, fp=0x0000000000000000, real_fp=0x000000030600c060, pc=0x0000000111d41568)
     nmethod   2365  344             sun.misc.URLClassPath::getResource (83 bytes)

     Virtual frames (innermost first):
        0 - frame( sp=0x000000030600c010, unextended_sp=0x000000030600c010, fp=0x0000000000000000, pc=0x0000000111d41568)
sun.misc.URLClassPath.getResource(URLClassPath.java:250) - invokevirtual @ bci 62 
     Created vframeArray 0x00007f9cf0068820
DEOPT UNPACKING thread 0x00007f9cf0010800 vframeArray 0x00007f9cf0068820 mode 2
     {method} {0x000000010e689d08} &apos;getResource&apos; &apos;(Ljava/lang/String;Z)Lsun/misc/Resource;&apos; in &apos;sun/misc/URLClassPath&apos; - invokevirtual @ bci 62 sp = 0x000000030600bfc0
<uncommon_trap thread='9475' reason='class_check' action='maybe_recompile' compile_id='45' compiler='C2' count='1' state='class_check' stamp='2.522'>
Uncommon trap occurred in java.util.HashMap::getNode (@0x0000000111c8b824) thread=9475 reason=class_check action=maybe_recompile unloaded_class_index=-1
<jvms bci='59' method='java/util/HashMap getNode (ILjava/lang/Object;)Ljava/util/HashMap$Node;' bytes='148' count='2' backedge_count='1' iicount='31' class_check_traps='1'/>
</uncommon_trap>
DEOPT PACKING thread 0x00007f9cf0010800 Compiled frame (sp=0x000000030600bd80 unextended sp=0x000000030600bd80, fp=0x0000000001494fe6, real_fp=0x000000030600bdc0, pc=0x0000000111c8b824)
     nmethod   2522   45             java.util.HashMap::getNode (148 bytes)

     Virtual frames (innermost first):
        0 - frame( sp=0x000000030600bd80, unextended_sp=0x000000030600bd80, fp=0x0000000001494fe6, pc=0x0000000111c8b824)
java.util.HashMap.getNode(HashMap.java:573) - invokevirtual @ bci 59 
     Created vframeArray 0x00007f9cdf03a620
DEOPT UNPACKING thread 0x00007f9cf0010800 vframeArray 0x00007f9cdf03a620 mode 2
     {method} {0x000000010e521918} &apos;getNode&apos; &apos;(ILjava/lang/Object;)Ljava/util/HashMap$Node;&apos; in &apos;java/util/HashMap&apos; - invokevirtual @ bci 59 sp = 0x000000030600bd20
<uncommon_trap thread='9475' reason='class_check' action='maybe_recompile' compile_id='344' compiler='C2' count='2' state='class_check' stamp='2.546'>
Uncommon trap occurred in sun.misc.URLClassPath::getResource (@0x0000000111d41568) thread=9475 reason=class_check action=maybe_recompile unloaded_class_index=-1
<jvms bci='62' method='sun/misc/URLClassPath getResource (Ljava/lang/String;Z)Lsun/misc/Resource;' bytes='83' count='2' backedge_count='2' iicount='2' class_check_traps='2'/>
</uncommon_trap>
DEOPT PACKING thread 0x00007f9cf0010800 Compiled frame (sp=0x000000030600e840 unextended sp=0x000000030600e840, fp=0x0000000000000000, real_fp=0x000000030600e890, pc=0x0000000111d41568)
     nmethod   2546  344             sun.misc.URLClassPath::getResource (83 bytes)

     Virtual frames (innermost first):
        0 - frame( sp=0x000000030600e840, unextended_sp=0x000000030600e840, fp=0x0000000000000000, pc=0x0000000111d41568)
sun.misc.URLClassPath.getResource(URLClassPath.java:250) - invokevirtual @ bci 62 
     Created vframeArray 0x00007f9cdf040a20
DEOPT UNPACKING thread 0x00007f9cf0010800 vframeArray 0x00007f9cdf040a20 mode 2
     {method} {0x000000010e689d08} &apos;getResource&apos; &apos;(Ljava/lang/String;Z)Lsun/misc/Resource;&apos; in &apos;sun/misc/URLClassPath&apos; - invokevirtual @ bci 62 sp = 0x000000030600e7f0
<uncommon_trap thread='9475' reason='class_check' action='maybe_recompile' compile_id='45' compiler='C2' count='2' state='class_check' stamp='2.557'>
Uncommon trap occurred in java.util.HashMap::getNode (@0x0000000111c8b824) thread=9475 reason=class_check action=maybe_recompile unloaded_class_index=-1
<jvms bci='59' method='java/util/HashMap getNode (ILjava/lang/Object;)Ljava/util/HashMap$Node;' bytes='148' count='2' backedge_count='1' iicount='31' class_check_traps='2'/>
</uncommon_trap>
DEOPT PACKING thread 0x00007f9cf0010800 Compiled frame (sp=0x000000030600e5b0 unextended sp=0x000000030600e5b0, fp=0x0000000001494fe6, real_fp=0x000000030600e5f0, pc=0x0000000111c8b824)
     nmethod   2557   45             java.util.HashMap::getNode (148 bytes)

     Virtual frames (innermost first):
        0 - frame( sp=0x000000030600e5b0, unextended_sp=0x000000030600e5b0, fp=0x0000000001494fe6, pc=0x0000000111c8b824)
java.util.HashMap.getNode(HashMap.java:573) - invokevirtual @ bci 59 
     Created vframeArray 0x00007f9cf084f220
DEOPT UNPACKING thread 0x00007f9cf0010800 vframeArray 0x00007f9cf084f220 mode 2
     {method} {0x000000010e521918} &apos;getNode&apos; &apos;(ILjava/lang/Object;)Ljava/util/HashMap$Node;&apos; in &apos;java/util/HashMap&apos; - invokevirtual @ bci 59 sp = 0x000000030600e550
<uncommon_trap thread='9475' reason='class_check' action='maybe_recompile' compile_id='344' compiler='C2' count='3' state='class_check' stamp='2.574'>
Uncommon trap occurred in sun.misc.URLClassPath::getResource (@0x0000000111d41568) thread=9475 reason=class_check action=maybe_recompile unloaded_class_index=-1
<jvms bci='62' method='sun/misc/URLClassPath getResource (Ljava/lang/String;Z)Lsun/misc/Resource;' bytes='83' count='2' backedge_count='2' iicount='2' class_check_traps='3'/>
</uncommon_trap>
DEOPT PACKING thread 0x00007f9cf0010800 Compiled frame (sp=0x000000030600e890 unextended sp=0x000000030600e890, fp=0x0000000000000000, real_fp=0x000000030600e8e0, pc=0x0000000111d41568)
     nmethod   2574  344             sun.misc.URLClassPath::getResource (83 bytes)

     Virtual frames (innermost first):
        0 - frame( sp=0x000000030600e890, unextended_sp=0x000000030600e890, fp=0x0000000000000000, pc=0x0000000111d41568)
sun.misc.URLClassPath.getResource(URLClassPath.java:250) - invokevirtual @ bci 62 
     Created vframeArray 0x00007f9cdf040a20
DEOPT UNPACKING thread 0x00007f9cf0010800 vframeArray 0x00007f9cdf040a20 mode 2
     {method} {0x000000010e689d08} &apos;getResource&apos; &apos;(Ljava/lang/String;Z)Lsun/misc/Resource;&apos; in &apos;sun/misc/URLClassPath&apos; - invokevirtual @ bci 62 sp = 0x000000030600e840
<uncommon_trap thread='9475' reason='class_check' action='maybe_recompile' compile_id='45' compiler='C2' count='3' state='class_check' stamp='2.701'>
Uncommon trap occurred in java.util.HashMap::getNode (@0x0000000111c8b824) thread=9475 reason=class_check action=maybe_recompile unloaded_class_index=-1
<jvms bci='59' method='java/util/HashMap getNode (ILjava/lang/Object;)Ljava/util/HashMap$Node;' bytes='148' count='2' backedge_count='1' iicount='31' class_check_traps='3'/>
</uncommon_trap>
DEOPT PACKING thread 0x00007f9cf0010800 Compiled frame (sp=0x000000030600e600 unextended sp=0x000000030600e600, fp=0x0000000001494fe6, real_fp=0x000000030600e640, pc=0x0000000111c8b824)
     nmethod   2700   45             java.util.HashMap::getNode (148 bytes)

     Virtual frames (innermost first):
        0 - frame( sp=0x000000030600e600, unextended_sp=0x000000030600e600, fp=0x0000000001494fe6, pc=0x0000000111c8b824)
java.util.HashMap.getNode(HashMap.java:573) - invokevirtual @ bci 59 
     Created vframeArray 0x00007f9cf0068820
DEOPT UNPACKING thread 0x00007f9cf0010800 vframeArray 0x00007f9cf0068820 mode 2
     {method} {0x000000010e521918} &apos;getNode&apos; &apos;(ILjava/lang/Object;)Ljava/util/HashMap$Node;&apos; in &apos;java/util/HashMap&apos; - invokevirtual @ bci 59 sp = 0x000000030600e5a0
<uncommon_trap thread='9475' reason='class_check' action='maybe_recompile' compile_id='258' compiler='C2' count='2' state='#7' stamp='2.876'>
Uncommon trap occurred in java.util.WeakHashMap::put (@0x0000000111d16f44) thread=9475 reason=class_check action=maybe_recompile unloaded_class_index=-1
<jvms bci='1' method='java/util/WeakHashMap hash (Ljava/lang/Object;)I' bytes='28' count='2' backedge_count='1' iicount='13' class_check_traps='2' bimorphic_traps='2'/>
<jvms bci='7' method='java/util/WeakHashMap put (Ljava/lang/Object;Ljava/lang/Object;)Ljava/lang/Object;' bytes='162' count='2' backedge_count='2' iicount='6'/>
</uncommon_trap>
DEOPT PACKING thread 0x00007f9cf0010800 Compiled frame (sp=0x000000030600e3d0 unextended sp=0x000000030600e3d0, fp=0x00000007956e7a58, real_fp=0x000000030600e470, pc=0x0000000111d16f44)
     nmethod   2875  258             java.util.WeakHashMap::put (162 bytes)

     Virtual frames (innermost first):
        0 - frame( sp=0x000000030600e3d0, unextended_sp=0x000000030600e3d0, fp=0x00000007956e7a58, pc=0x0000000111d16f44)
java.util.WeakHashMap.hash(WeakHashMap.java:298) - invokevirtual @ bci 1 
        1 - frame( sp=0x000000030600e3d0, unextended_sp=0x000000030600e3d0, fp=0x00000007956e7a58, pc=0x0000000111d16f44)
java.util.WeakHashMap.put(WeakHashMap.java:449) - invokevirtual @ bci 7 
     Created vframeArray 0x00007f9cdf040820
DEOPT UNPACKING thread 0x00007f9cf0010800 vframeArray 0x00007f9cdf040820 mode 2
     {method} {0x000000010e562030} &apos;put&apos; &apos;(Ljava/lang/Object;Ljava/lang/Object;)Ljava/lang/Object;&apos; in &apos;java/util/WeakHashMap&apos; - invokevirtual @ bci 7 sp = 0x000000030600e3d8
     {method} {0x000000010e561668} &apos;hash&apos; &apos;(Ljava/lang/Object;)I&apos; in &apos;java/util/WeakHashMap&apos; - invokevirtual @ bci 1 sp = 0x000000030600e380
<uncommon_trap thread='9475' reason='bimorphic' action='maybe_recompile' compile_id='263' compiler='C2' count='2' state='#7' stamp='2.877'>
Uncommon trap occurred in java.util.WeakHashMap::hash (@0x0000000111d1515c) thread=9475 reason=bimorphic action=maybe_recompile unloaded_class_index=-1
<jvms bci='1' method='java/util/WeakHashMap hash (Ljava/lang/Object;)I' bytes='28' count='2' backedge_count='1' iicount='13' class_check_traps='3' bimorphic_traps='2'/>
</uncommon_trap>
DEOPT PACKING thread 0x00007f9cf0010800 Compiled frame (sp=0x000000030600e240 unextended sp=0x000000030600e240, fp=0x00000007956e7988, real_fp=0x000000030600e260, pc=0x0000000111d1515c)
     nmethod   2877  263             java.util.WeakHashMap::hash (28 bytes)

     Virtual frames (innermost first):
        0 - frame( sp=0x000000030600e240, unextended_sp=0x000000030600e240, fp=0x00000007956e7988, pc=0x0000000111d1515c)
java.util.WeakHashMap.hash(WeakHashMap.java:298) - invokevirtual @ bci 1 
     Created vframeArray 0x00007f9cef049c20
DEOPT UNPACKING thread 0x00007f9cf0010800 vframeArray 0x00007f9cef049c20 mode 2
     {method} {0x000000010e561668} &apos;hash&apos; &apos;(Ljava/lang/Object;)I&apos; in &apos;java/util/WeakHashMap&apos; - invokevirtual @ bci 1 sp = 0x000000030600e1f0
<uncommon_trap thread='9475' reason='class_check' action='maybe_recompile' compile_id='452' compiler='C2' stamp='2.916'>
Uncommon trap occurred in java.net.URL::&lt;init&gt; (@0x0000000111d797ac) thread=9475 reason=class_check action=maybe_recompile unloaded_class_index=-1
<jvms bci='504' method='java/net/URL &lt;init&gt; (Ljava/net/URL;Ljava/lang/String;Ljava/net/URLStreamHandler;)V' bytes='543' count='2' backedge_count='3' iicount='3'/>
</uncommon_trap>
DEOPT PACKING thread 0x00007f9cf0010800 Compiled frame (sp=0x000000030600e720 unextended sp=0x000000030600e720, fp=0x00000007955c54f8, real_fp=0x000000030600e790, pc=0x0000000111d797ac)
     nmethod   2916  452   !         java.net.URL::&lt;init&gt; (543 bytes)

     Virtual frames (innermost first):
        0 - frame( sp=0x000000030600e720, unextended_sp=0x000000030600e720, fp=0x00000007955c54f8, pc=0x0000000111d797ac)
java.net.URL.&lt;init&gt;(URL.java:640) - invokevirtual @ bci 504 
     Created vframeArray 0x00007f9cef059e20
DEOPT UNPACKING thread 0x00007f9cf0010800 vframeArray 0x00007f9cef059e20 mode 2
     {method} {0x000000010e4a8008} &apos;&lt;init&gt;&apos; &apos;(Ljava/net/URL;Ljava/lang/String;Ljava/net/URLStreamHandler;)V&apos; in &apos;java/net/URL&apos; - invokevirtual @ bci 504 sp = 0x000000030600e6a8
<dependency_failed type='abstract_with_unique_concrete_subtype' ctxk='sun/misc/Resource' x='sun/misc/URLClassPath$FileLoader$1' witness='sun/misc/URLClassPath$JarLoader$2' stamp='2.919'/>
<dependency_failed type='abstract_with_unique_concrete_subtype' ctxk='sun/misc/Resource' x='sun/misc/URLClassPath$FileLoader$1' witness='sun/misc/URLClassPath$JarLoader$2' stamp='2.919'/>
<dependency_failed type='abstract_with_unique_concrete_subtype' ctxk='sun/misc/Resource' x='sun/misc/URLClassPath$FileLoader$1' witness='sun/misc/URLClassPath$JarLoader$2' stamp='2.919'/>
<dependency_failed type='abstract_with_unique_concrete_subtype' ctxk='sun/misc/Resource' x='sun/misc/URLClassPath$FileLoader$1' witness='sun/misc/URLClassPath$JarLoader$2' stamp='2.919'/>
<dependency_failed type='abstract_with_unique_concrete_subtype' ctxk='sun/misc/Resource' x='sun/misc/URLClassPath$FileLoader$1' witness='sun/misc/URLClassPath$JarLoader$2' stamp='2.919'/>
<dependency_failed type='abstract_with_unique_concrete_subtype' ctxk='sun/misc/Resource' x='sun/misc/URLClassPath$FileLoader$1' witness='sun/misc/URLClassPath$JarLoader$2' stamp='2.919'/>
<dependency_failed type='abstract_with_unique_concrete_subtype' ctxk='sun/misc/Resource' x='sun/misc/URLClassPath$FileLoader$1' witness='sun/misc/URLClassPath$JarLoader$2' stamp='2.919'/>
<dependency_failed type='abstract_with_unique_concrete_subtype' ctxk='sun/misc/Resource' x='sun/misc/URLClassPath$FileLoader$1' witness='sun/misc/URLClassPath$JarLoader$2' stamp='2.919'/>
<dependency_failed type='abstract_with_unique_concrete_subtype' ctxk='sun/misc/Resource' x='sun/misc/URLClassPath$FileLoader$1' witness='sun/misc/URLClassPath$JarLoader$2' stamp='2.919'/>
<dependency_failed type='abstract_with_unique_concrete_subtype' ctxk='sun/misc/Resource' x='sun/misc/URLClassPath$FileLoader$1' witness='sun/misc/URLClassPath$JarLoader$2' stamp='2.919'/>
<dependency_failed type='abstract_with_unique_concrete_subtype' ctxk='sun/misc/Resource' x='sun/misc/URLClassPath$FileLoader$1' witness='sun/misc/URLClassPath$JarLoader$2' stamp='2.920'/>
<dependency_failed type='abstract_with_unique_concrete_subtype' ctxk='sun/misc/Resource' x='sun/misc/URLClassPath$FileLoader$1' witness='sun/misc/URLClassPath$JarLoader$2' stamp='2.920'/>
<dependency_failed type='abstract_with_unique_concrete_subtype' ctxk='sun/misc/Resource' x='sun/misc/URLClassPath$FileLoader$1' witness='sun/misc/URLClassPath$JarLoader$2' stamp='2.920'/>
SAVED OOP RESULT 0x00000007956eb4c8 in thread 0x00007f9cf0010800
DEOPT PACKING thread 0x00007f9cf0010800 Deoptimized frame (sp=0x000000030600e860 unextended sp=0x000000030600e860, fp=0x00000007956e6580, real_fp=0x000000030600e8a0, pc=0x0000000111d743a8)
     nmethod   2920  451   !         sun.misc.URLClassPath$JarLoader::getResource (85 bytes)

     Virtual frames (innermost first):
        0 - frame( sp=0x000000030600e860, unextended_sp=0x000000030600e860, fp=0x00000007956e6580, pc=0x0000000111d743a8)
sun.misc.URLClassPath$JarLoader.getResource(URLClassPath.java:1070) - invokevirtual @ bci 54 
     Created vframeArray 0x00007f9cf0068820
DEOPT UNPACKING thread 0x00007f9cf0010800 vframeArray 0x00007f9cf0068820 mode 0
     {method} {0x000000010e6c3058} &apos;getResource&apos; &apos;(Ljava/lang/String;Z)Lsun/misc/Resource;&apos; in &apos;sun/misc/URLClassPath$JarLoader&apos; - invokevirtual @ bci 54 sp = 0x000000030600e828
SAVED OOP RESULT 0x00000007956eb4c8 in thread 0x00007f9cf0010800
DEOPT PACKING thread 0x00007f9cf0010800 Deoptimized frame (sp=0x000000030600e8a0 unextended sp=0x000000030600e8a0, fp=0x0000000000000001, real_fp=0x000000030600e8f0, pc=0x0000000111da9ed4)
     nmethod   2920  531             sun.misc.URLClassPath::getResource (83 bytes)

     Virtual frames (innermost first):
        0 - frame( sp=0x000000030600e8a0, unextended_sp=0x000000030600e8a0, fp=0x0000000000000001, pc=0x0000000111da9ed4)
sun.misc.URLClassPath.getResource(URLClassPath.java:250) - invokevirtual @ bci 62 
     Created vframeArray 0x00007f9cef059e20
DEOPT UNPACKING thread 0x00007f9cf0010800 vframeArray 0x00007f9cef059e20 mode 0
     {method} {0x000000010e689d08} &apos;getResource&apos; &apos;(Ljava/lang/String;Z)Lsun/misc/Resource;&apos; in &apos;sun/misc/URLClassPath&apos; - invokevirtual @ bci 62 sp = 0x000000030600e868
SAVED OOP RESULT 0x00000007956eb4c8 in thread 0x00007f9cf0010800
DEOPT PACKING thread 0x00007f9cf0010800 Deoptimized frame (sp=0x000000030600e8f0 unextended sp=0x000000030600e8f0, fp=0x00000007956e5238, real_fp=0x000000030600e920, pc=0x0000000111d81d6c)
     nmethod   2921  473   !         java.net.URLClassLoader$1::run (81 bytes)

     Virtual frames (innermost first):
        0 - frame( sp=0x000000030600e8f0, unextended_sp=0x000000030600e8f0, fp=0x00000007956e5238, pc=0x0000000111d81d6c)
java.net.URLClassLoader$1.run(URLClassLoader.java:366) - invokevirtual @ bci 26 
     Created vframeArray 0x00007f9cdf040820
DEOPT UNPACKING thread 0x00007f9cf0010800 vframeArray 0x00007f9cdf040820 mode 0
     {method} {0x000000010e6bbc18} &apos;run&apos; &apos;()Ljava/lang/Class;&apos; in &apos;java/net/URLClassLoader$1&apos; - invokevirtual @ bci 26 sp = 0x000000030600e8b0
<uncommon_trap thread='9475' reason='class_check' action='maybe_recompile' compile_id='258' compiler='C2' count='3' state='#7' stamp='3.035'>
Uncommon trap occurred in java.util.WeakHashMap::put (@0x0000000111d16f44) thread=9475 reason=class_check action=maybe_recompile unloaded_class_index=-1
<jvms bci='1' method='java/util/WeakHashMap hash (Ljava/lang/Object;)I' bytes='28' count='2' backedge_count='1' iicount='13' class_check_traps='3' bimorphic_traps='3'/>
<jvms bci='7' method='java/util/WeakHashMap put (Ljava/lang/Object;Ljava/lang/Object;)Ljava/lang/Object;' bytes='162' count='2' backedge_count='2' iicount='6'/>
</uncommon_trap>
DEOPT PACKING thread 0x00007f9cf0010800 Compiled frame (sp=0x000000030600e4d0 unextended sp=0x000000030600e4d0, fp=0x00000007956ebef0, real_fp=0x000000030600e570, pc=0x0000000111d16f44)
     nmethod   3035  258             java.util.WeakHashMap::put (162 bytes)

     Virtual frames (innermost first):
        0 - frame( sp=0x000000030600e4d0, unextended_sp=0x000000030600e4d0, fp=0x00000007956ebef0, pc=0x0000000111d16f44)
java.util.WeakHashMap.hash(WeakHashMap.java:298) - invokevirtual @ bci 1 
        1 - frame( sp=0x000000030600e4d0, unextended_sp=0x000000030600e4d0, fp=0x00000007956ebef0, pc=0x0000000111d16f44)
java.util.WeakHashMap.put(WeakHashMap.java:449) - invokevirtual @ bci 7 
     Created vframeArray 0x00007f9cdf047c20
DEOPT UNPACKING thread 0x00007f9cf0010800 vframeArray 0x00007f9cdf047c20 mode 2
     {method} {0x000000010e562030} &apos;put&apos; &apos;(Ljava/lang/Object;Ljava/lang/Object;)Ljava/lang/Object;&apos; in &apos;java/util/WeakHashMap&apos; - invokevirtual @ bci 7 sp = 0x000000030600e4d8
     {method} {0x000000010e561668} &apos;hash&apos; &apos;(Ljava/lang/Object;)I&apos; in &apos;java/util/WeakHashMap&apos; - invokevirtual @ bci 1 sp = 0x000000030600e480
<uncommon_trap thread='9475' reason='bimorphic' action='maybe_recompile' compile_id='263' compiler='C2' count='3' state='#15' stamp='3.056'>
Uncommon trap occurred in java.util.WeakHashMap::hash (@0x0000000111d1515c) thread=9475 reason=bimorphic action=maybe_recompile unloaded_class_index=-1
<jvms bci='1' method='java/util/WeakHashMap hash (Ljava/lang/Object;)I' bytes='28' count='2' backedge_count='1' iicount='13' class_check_traps='4' bimorphic_traps='3'/>
</uncommon_trap>
DEOPT PACKING thread 0x00007f9cf0010800 Compiled frame (sp=0x000000030600e070 unextended sp=0x000000030600e070, fp=0x00000007956ebe40, real_fp=0x000000030600e090, pc=0x0000000111d1515c)
     nmethod   3056  263             java.util.WeakHashMap::hash (28 bytes)

     Virtual frames (innermost first):
        0 - frame( sp=0x000000030600e070, unextended_sp=0x000000030600e070, fp=0x00000007956ebe40, pc=0x0000000111d1515c)
java.util.WeakHashMap.hash(WeakHashMap.java:298) - invokevirtual @ bci 1 
     Created vframeArray 0x00007f9cef059e20
DEOPT UNPACKING thread 0x00007f9cf0010800 vframeArray 0x00007f9cef059e20 mode 2
     {method} {0x000000010e561668} &apos;hash&apos; &apos;(Ljava/lang/Object;)I&apos; in &apos;java/util/WeakHashMap&apos; - invokevirtual @ bci 1 sp = 0x000000030600e020
<uncommon_trap thread='9475' reason='unstable_if' action='reinterpret' compile_id='608' compiler='C2' stamp='3.336'>
Uncommon trap occurred in java.lang.StringCoding::decode (@0x0000000111dcda60) thread=9475 reason=unstable_if action=reinterpret unloaded_class_index=-1
<jvms bci='38' method='java/lang/StringCoding decode (Ljava/lang/String;[BII)[C' bytes='120' count='2' backedge_count='1' iicount='73'/>
</uncommon_trap>
DEOPT PACKING thread 0x00007f9cf0010800 Compiled frame (sp=0x000000030600e390 unextended sp=0x000000030600e390, fp=0x0000000000000000, real_fp=0x000000030600e3e0, pc=0x0000000111dcda60)
     nmethod   3335  608   !         java.lang.StringCoding::decode (120 bytes)

     Virtual frames (innermost first):
        0 - frame( sp=0x000000030600e390, unextended_sp=0x000000030600e390, fp=0x0000000000000000, pc=0x0000000111dcda60)
java.lang.StringCoding.decode(StringCoding.java:181) - ifne @ bci 38 
     Created vframeArray 0x00007f9cf0068820
DEOPT UNPACKING thread 0x00007f9cf0010800 vframeArray 0x00007f9cf0068820 mode 2
     {method} {0x000000010e58aaa0} &apos;decode&apos; &apos;(Ljava/lang/String;[BII)[C&apos; in &apos;java/lang/StringCoding&apos; - ifne @ bci 38 sp = 0x000000030600e350
<uncommon_trap thread='9475' reason='class_check' action='maybe_recompile' compile_id='322' compiler='C2' stamp='3.564'>
Uncommon trap occurred in java.util.HashMap::putVal (@0x0000000111d3a354) thread=9475 reason=class_check action=maybe_recompile unloaded_class_index=-1
<jvms bci='152' method='java/util/HashMap putVal (ILjava/lang/Object;Ljava/lang/Object;ZZ)Ljava/lang/Object;' bytes='300' count='2' backedge_count='1' iicount='15'/>
</uncommon_trap>
DEOPT PACKING thread 0x00007f9cf0010800 Compiled frame (sp=0x000000030600e320 unextended sp=0x000000030600e320, fp=0x00000000f80039e2, real_fp=0x000000030600e3d0, pc=0x0000000111d3a354)
     nmethod   3564  322             java.util.HashMap::putVal (300 bytes)

     Virtual frames (innermost first):
        0 - frame( sp=0x000000030600e320, unextended_sp=0x000000030600e320, fp=0x00000000f80039e2, pc=0x0000000111d3a354)
java.util.HashMap.putVal(HashMap.java:643) - invokevirtual @ bci 152 
     Created vframeArray 0x00007f9cf0859a20
DEOPT UNPACKING thread 0x00007f9cf0010800 vframeArray 0x00007f9cf0859a20 mode 2
     {method} {0x000000010e521d88} &apos;putVal&apos; &apos;(ILjava/lang/Object;Ljava/lang/Object;ZZ)Ljava/lang/Object;&apos; in &apos;java/util/HashMap&apos; - invokevirtual @ bci 152 sp = 0x000000030600e2e8
<uncommon_trap thread='9475' reason='bimorphic' action='maybe_recompile' compile_id='532' compiler='C2' state='class_check recompiled' stamp='3.567'>
Uncommon trap occurred in java.util.HashMap::getNode (@0x0000000111da9704) thread=9475 reason=bimorphic action=maybe_recompile unloaded_class_index=-1
<jvms bci='59' method='java/util/HashMap getNode (ILjava/lang/Object;)Ljava/util/HashMap$Node;' bytes='148' count='3' backedge_count='1' iicount='34' decompiles='1' class_check_traps='4'/>
</uncommon_trap>
DEOPT PACKING thread 0x00007f9cf0010800 Compiled frame (sp=0x000000030600e500 unextended sp=0x000000030600e500, fp=0x00000000f59c21e1, real_fp=0x000000030600e540, pc=0x0000000111da9704)
     nmethod   3566  532             java.util.HashMap::getNode (148 bytes)

     Virtual frames (innermost first):
        0 - frame( sp=0x000000030600e500, unextended_sp=0x000000030600e500, fp=0x00000000f59c21e1, pc=0x0000000111da9704)
java.util.HashMap.getNode(HashMap.java:573) - invokevirtual @ bci 59 
     Created vframeArray 0x00007f9cdf048420
DEOPT UNPACKING thread 0x00007f9cf0010800 vframeArray 0x00007f9cdf048420 mode 2
     {method} {0x000000010e521918} &apos;getNode&apos; &apos;(ILjava/lang/Object;)Ljava/util/HashMap$Node;&apos; in &apos;java/util/HashMap&apos; - invokevirtual @ bci 59 sp = 0x000000030600e4a0
<uncommon_trap thread='9475' reason='bimorphic' action='maybe_recompile' compile_id='532' compiler='C2' count='1' state='#15' stamp='3.572'>
Uncommon trap occurred in java.util.HashMap::getNode (@0x0000000111da9704) thread=9475 reason=bimorphic action=maybe_recompile unloaded_class_index=-1
<jvms bci='59' method='java/util/HashMap getNode (ILjava/lang/Object;)Ljava/util/HashMap$Node;' bytes='148' count='3' backedge_count='1' iicount='34' decompiles='1' class_check_traps='4' bimorphic_traps='1'/>
</uncommon_trap>
DEOPT PACKING thread 0x00007f9cf0010800 Compiled frame (sp=0x000000030600e500 unextended sp=0x000000030600e500, fp=0x000000006499bd24, real_fp=0x000000030600e540, pc=0x0000000111da9704)
     nmethod   3572  532             java.util.HashMap::getNode (148 bytes)

     Virtual frames (innermost first):
        0 - frame( sp=0x000000030600e500, unextended_sp=0x000000030600e500, fp=0x000000006499bd24, pc=0x0000000111da9704)
java.util.HashMap.getNode(HashMap.java:573) - invokevirtual @ bci 59 
     Created vframeArray 0x00007f9cf0068820
DEOPT UNPACKING thread 0x00007f9cf0010800 vframeArray 0x00007f9cf0068820 mode 2
     {method} {0x000000010e521918} &apos;getNode&apos; &apos;(ILjava/lang/Object;)Ljava/util/HashMap$Node;&apos; in &apos;java/util/HashMap&apos; - invokevirtual @ bci 59 sp = 0x000000030600e4a0
<uncommon_trap thread='9475' reason='class_check' action='maybe_recompile' compile_id='452' compiler='C2' count='1' state='class_check' stamp='3.728'>
Uncommon trap occurred in java.net.URL::&lt;init&gt; (@0x0000000111d797ac) thread=9475 reason=class_check action=maybe_recompile unloaded_class_index=-1
<jvms bci='504' method='java/net/URL &lt;init&gt; (Ljava/net/URL;Ljava/lang/String;Ljava/net/URLStreamHandler;)V' bytes='543' count='1' backedge_count='3' iicount='3' class_check_traps='1'/>
</uncommon_trap>
DEOPT PACKING thread 0x00007f9cf0010800 Compiled frame (sp=0x000000030600d1b0 unextended sp=0x000000030600d1b0, fp=0x00000007955c54f8, real_fp=0x000000030600d220, pc=0x0000000111d797ac)
     nmethod   3727  452   !         java.net.URL::&lt;init&gt; (543 bytes)

     Virtual frames (innermost first):
        0 - frame( sp=0x000000030600d1b0, unextended_sp=0x000000030600d1b0, fp=0x00000007955c54f8, pc=0x0000000111d797ac)
java.net.URL.&lt;init&gt;(URL.java:640) - invokevirtual @ bci 504 
     Created vframeArray 0x00007f9cdf048420
DEOPT UNPACKING thread 0x00007f9cf0010800 vframeArray 0x00007f9cdf048420 mode 2
     {method} {0x000000010e4a8008} &apos;&lt;init&gt;&apos; &apos;(Ljava/net/URL;Ljava/lang/String;Ljava/net/URLStreamHandler;)V&apos; in &apos;java/net/URL&apos; - invokevirtual @ bci 504 sp = 0x000000030600d138
<uncommon_trap thread='9475' reason='class_check' action='maybe_recompile' compile_id='636' compiler='C2' stamp='3.755'>
Uncommon trap occurred in sun.misc.Resource::getBytes (@0x0000000111ddc954) thread=9475 reason=class_check action=maybe_recompile unloaded_class_index=-1
<jvms bci='10' method='sun/misc/Resource getBytes ()[B' bytes='242' count='2' backedge_count='6' iicount='3' decompiles='1'/>
</uncommon_trap>
DEOPT PACKING thread 0x00007f9cf0010800 Compiled frame (sp=0x000000030600d1d0 unextended sp=0x000000030600d1d0, fp=0x000000030600d280, real_fp=0x000000030600d230, pc=0x0000000111ddc954)
     nmethod   3754  636   !         sun.misc.Resource::getBytes (242 bytes)

     Virtual frames (innermost first):
        0 - frame( sp=0x000000030600d1d0, unextended_sp=0x000000030600d1d0, fp=0x000000030600d280, pc=0x0000000111ddc954)
sun.misc.Resource.getBytes(Resource.java:100) - invokevirtual @ bci 10 
     Created vframeArray 0x00007f9cf0068820
DEOPT UNPACKING thread 0x00007f9cf0010800 vframeArray 0x00007f9cf0068820 mode 2
     {method} {0x000000010e720af8} &apos;getBytes&apos; &apos;()[B&apos; in &apos;sun/misc/Resource&apos; - invokevirtual @ bci 10 sp = 0x000000030600d188
<uncommon_trap thread='9475' reason='class_check' action='maybe_recompile' compile_id='452' compiler='C2' count='2' state='class_check' stamp='3.803'>
Uncommon trap occurred in java.net.URL::&lt;init&gt; (@0x0000000111d797ac) thread=9475 reason=class_check action=maybe_recompile unloaded_class_index=-1
<jvms bci='504' method='java/net/URL &lt;init&gt; (Ljava/net/URL;Ljava/lang/String;Ljava/net/URLStreamHandler;)V' bytes='543' count='1' backedge_count='3' iicount='3' class_check_traps='2'/>
</uncommon_trap>
DEOPT PACKING thread 0x00007f9cf0010800 Compiled frame (sp=0x000000030600d200 unextended sp=0x000000030600d200, fp=0x00000007955c54f8, real_fp=0x000000030600d270, pc=0x0000000111d797ac)
     nmethod   3803  452   !         java.net.URL::&lt;init&gt; (543 bytes)

     Virtual frames (innermost first):
        0 - frame( sp=0x000000030600d200, unextended_sp=0x000000030600d200, fp=0x00000007955c54f8, pc=0x0000000111d797ac)
java.net.URL.&lt;init&gt;(URL.java:640) - invokevirtual @ bci 504 
     Created vframeArray 0x00007f9cf0859a20
DEOPT UNPACKING thread 0x00007f9cf0010800 vframeArray 0x00007f9cf0859a20 mode 2
     {method} {0x000000010e4a8008} &apos;&lt;init&gt;&apos; &apos;(Ljava/net/URL;Ljava/lang/String;Ljava/net/URLStreamHandler;)V&apos; in &apos;java/net/URL&apos; - invokevirtual @ bci 504 sp = 0x000000030600d188
<uncommon_trap thread='9475' reason='class_check' action='maybe_recompile' compile_id='636' compiler='C2' count='1' state='class_check' stamp='3.807'>
Uncommon trap occurred in sun.misc.Resource::getBytes (@0x0000000111ddc954) thread=9475 reason=class_check action=maybe_recompile unloaded_class_index=-1
<jvms bci='10' method='sun/misc/Resource getBytes ()[B' bytes='242' count='2' backedge_count='9' iicount='3' decompiles='1' class_check_traps='1'/>
</uncommon_trap>
DEOPT PACKING thread 0x00007f9cf0010800 Compiled frame (sp=0x000000030600d290 unextended sp=0x000000030600d290, fp=0x000000030600d348, real_fp=0x000000030600d2f0, pc=0x0000000111ddc954)
     nmethod   3806  636   !         sun.misc.Resource::getBytes (242 bytes)

     Virtual frames (innermost first):
        0 - frame( sp=0x000000030600d290, unextended_sp=0x000000030600d290, fp=0x000000030600d348, pc=0x0000000111ddc954)
sun.misc.Resource.getBytes(Resource.java:100) - invokevirtual @ bci 10 
     Created vframeArray 0x00007f9cf0068820
DEOPT UNPACKING thread 0x00007f9cf0010800 vframeArray 0x00007f9cf0068820 mode 2
     {method} {0x000000010e720af8} &apos;getBytes&apos; &apos;()[B&apos; in &apos;sun/misc/Resource&apos; - invokevirtual @ bci 10 sp = 0x000000030600d248
<uncommon_trap thread='9475' reason='class_check' action='maybe_recompile' compile_id='452' compiler='C2' count='3' state='class_check' stamp='3.811'>
Uncommon trap occurred in java.net.URL::&lt;init&gt; (@0x0000000111d797ac) thread=9475 reason=class_check action=maybe_recompile unloaded_class_index=-1
<jvms bci='504' method='java/net/URL &lt;init&gt; (Ljava/net/URL;Ljava/lang/String;Ljava/net/URLStreamHandler;)V' bytes='543' count='1' backedge_count='3' iicount='3' class_check_traps='3'/>
</uncommon_trap>
DEOPT PACKING thread 0x00007f9cf0010800 Compiled frame (sp=0x000000030600d200 unextended sp=0x000000030600d200, fp=0x00000007955c54f8, real_fp=0x000000030600d270, pc=0x0000000111d797ac)
     nmethod   3811  452   !         java.net.URL::&lt;init&gt; (543 bytes)

     Virtual frames (innermost first):
        0 - frame( sp=0x000000030600d200, unextended_sp=0x000000030600d200, fp=0x00000007955c54f8, pc=0x0000000111d797ac)
java.net.URL.&lt;init&gt;(URL.java:640) - invokevirtual @ bci 504 
     Created vframeArray 0x00007f9cef064a20
DEOPT UNPACKING thread 0x00007f9cf0010800 vframeArray 0x00007f9cef064a20 mode 2
     {method} {0x000000010e4a8008} &apos;&lt;init&gt;&apos; &apos;(Ljava/net/URL;Ljava/lang/String;Ljava/net/URLStreamHandler;)V&apos; in &apos;java/net/URL&apos; - invokevirtual @ bci 504 sp = 0x000000030600d188
<uncommon_trap thread='9475' reason='class_check' action='maybe_recompile' compile_id='636' compiler='C2' count='2' state='class_check' stamp='3.812'>
Uncommon trap occurred in sun.misc.Resource::getBytes (@0x0000000111ddc954) thread=9475 reason=class_check action=maybe_recompile unloaded_class_index=-1
<jvms bci='10' method='sun/misc/Resource getBytes ()[B' bytes='242' count='2' backedge_count='11' iicount='3' decompiles='1' class_check_traps='2'/>
</uncommon_trap>
DEOPT PACKING thread 0x00007f9cf0010800 Compiled frame (sp=0x000000030600d290 unextended sp=0x000000030600d290, fp=0x000000030600d348, real_fp=0x000000030600d2f0, pc=0x0000000111ddc954)
     nmethod   3812  636   !         sun.misc.Resource::getBytes (242 bytes)

     Virtual frames (innermost first):
        0 - frame( sp=0x000000030600d290, unextended_sp=0x000000030600d290, fp=0x000000030600d348, pc=0x0000000111ddc954)
sun.misc.Resource.getBytes(Resource.java:100) - invokevirtual @ bci 10 
     Created vframeArray 0x00007f9cef065220
DEOPT UNPACKING thread 0x00007f9cf0010800 vframeArray 0x00007f9cef065220 mode 2
     {method} {0x000000010e720af8} &apos;getBytes&apos; &apos;()[B&apos; in &apos;sun/misc/Resource&apos; - invokevirtual @ bci 10 sp = 0x000000030600d248
<uncommon_trap thread='9475' reason='class_check' action='maybe_recompile' compile_id='636' compiler='C2' count='3' state='class_check' stamp='4.033'>
Uncommon trap occurred in sun.misc.Resource::getBytes (@0x0000000111ddc954) thread=9475 reason=class_check action=maybe_recompile unloaded_class_index=-1
<jvms bci='10' method='sun/misc/Resource getBytes ()[B' bytes='242' count='2' backedge_count='13' iicount='3' decompiles='1' class_check_traps='3'/>
</uncommon_trap>
DEOPT PACKING thread 0x00007f9cf0010800 Compiled frame (sp=0x000000030600d290 unextended sp=0x000000030600d290, fp=0x000000030600d348, real_fp=0x000000030600d2f0, pc=0x0000000111ddc954)
     nmethod   4032  636   !         sun.misc.Resource::getBytes (242 bytes)

     Virtual frames (innermost first):
        0 - frame( sp=0x000000030600d290, unextended_sp=0x000000030600d290, fp=0x000000030600d348, pc=0x0000000111ddc954)
sun.misc.Resource.getBytes(Resource.java:100) - invokevirtual @ bci 10 
     Created vframeArray 0x00007f9cf085ca20
DEOPT UNPACKING thread 0x00007f9cf0010800 vframeArray 0x00007f9cf085ca20 mode 2
     {method} {0x000000010e720af8} &apos;getBytes&apos; &apos;()[B&apos; in &apos;sun/misc/Resource&apos; - invokevirtual @ bci 10 sp = 0x000000030600d248
<uncommon_trap thread='9475' reason='unstable_if' action='reinterpret' compile_id='717' compile_kind='osr' compiler='C2' stamp='4.193'>
Uncommon trap occurred in repro.ResolvableTypeC2Repro::createResizeKeys (@0x0000000111e043e4) thread=9475 reason=unstable_if action=reinterpret unloaded_class_index=-1
<jvms bci='12' method='repro/ResolvableTypeC2Repro createResizeKeys ()[Lrepro/ResolvableTypeC2Repro$SpreadKey;' bytes='34' count='1' backedge_count='1024' iicount='1'/>
</uncommon_trap>
DEOPT PACKING thread 0x00007f9cf0010800 Compiled frame (sp=0x00000003060107d0 unextended sp=0x00000003060107d0, fp=0x0000000795752aa0, real_fp=0x0000000306010830, pc=0x0000000111e043e4)
     nmethod   4193  717 %           repro.ResolvableTypeC2Repro::createResizeKeys @ -2 (34 bytes)

     Virtual frames (innermost first):
        0 - frame( sp=0x00000003060107d0, unextended_sp=0x00000003060107d0, fp=0x0000000795752aa0, pc=0x0000000111e043e4)
repro.ResolvableTypeC2Repro.createResizeKeys(ResolvableTypeC2Repro.java:243) - if_icmpge @ bci 12 
     Created vframeArray 0x00007f9cf006ae20
DEOPT UNPACKING thread 0x00007f9cf0010800 vframeArray 0x00007f9cf006ae20 mode 2
     {method} {0x000000010e803d58} &apos;createResizeKeys&apos; &apos;()[Lrepro/ResolvableTypeC2Repro$SpreadKey;&apos; in &apos;repro/ResolvableTypeC2Repro&apos; - if_icmpge @ bci 12 sp = 0x00000003060107c0
<uncommon_trap thread='9475' reason='class_check' action='maybe_recompile' compile_id='207' compiler='C2' stamp='4.225'>
Uncommon trap occurred in java.lang.reflect.AccessibleObject::setAccessible0 (@0x0000000111cf8d84) thread=9475 reason=class_check action=maybe_recompile unloaded_class_index=-1
<jvms bci='1' method='java/lang/reflect/AccessibleObject setAccessible0 (Ljava/lang/reflect/AccessibleObject;Z)V' bytes='42' count='2' backedge_count='1' iicount='5'/>
</uncommon_trap>
DEOPT PACKING thread 0x00007f9cf0010800 Compiled frame (sp=0x0000000306010760 unextended sp=0x0000000306010760, fp=0x0000000306010820, real_fp=0x0000000306010790, pc=0x0000000111cf8d84)
     nmethod   4225  207             java.lang.reflect.AccessibleObject::setAccessible0 (42 bytes)

     Virtual frames (innermost first):
        0 - frame( sp=0x0000000306010760, unextended_sp=0x0000000306010760, fp=0x0000000306010820, pc=0x0000000111cf8d84)
java.lang.reflect.AccessibleObject.setAccessible0(AccessibleObject.java:137) - instanceof @ bci 1 
     Created vframeArray 0x00007f9cf085ca20
DEOPT UNPACKING thread 0x00007f9cf0010800 vframeArray 0x00007f9cf085ca20 mode 2
     {method} {0x000000010e447c00} &apos;setAccessible0&apos; &apos;(Ljava/lang/reflect/AccessibleObject;Z)V&apos; in &apos;java/lang/reflect/AccessibleObject&apos; - instanceof @ bci 1 sp = 0x0000000306010720
<uncommon_trap thread='9475' reason='class_check' action='maybe_recompile' compile_id='322' compiler='C2' count='1' state='class_check' stamp='4.238'>
Uncommon trap occurred in java.util.HashMap::putVal (@0x0000000111d3a354) thread=9475 reason=class_check action=maybe_recompile unloaded_class_index=-1
<jvms bci='152' method='java/util/HashMap putVal (ILjava/lang/Object;Ljava/lang/Object;ZZ)Ljava/lang/Object;' bytes='300' count='2' backedge_count='1' iicount='15' class_check_traps='1'/>
</uncommon_trap>
DEOPT PACKING thread 0x00007f9cf0010800 Compiled frame (sp=0x000000030600f7c0 unextended sp=0x000000030600f7c0, fp=0x00000000f80039e2, real_fp=0x000000030600f870, pc=0x0000000111d3a354)
     nmethod   4237  322             java.util.HashMap::putVal (300 bytes)

     Virtual frames (innermost first):
        0 - frame( sp=0x000000030600f7c0, unextended_sp=0x000000030600f7c0, fp=0x00000000f80039e2, pc=0x0000000111d3a354)
java.util.HashMap.putVal(HashMap.java:643) - invokevirtual @ bci 152 
     Created vframeArray 0x00007f9cef065e20
DEOPT UNPACKING thread 0x00007f9cf0010800 vframeArray 0x00007f9cef065e20 mode 2
     {method} {0x000000010e521d88} &apos;putVal&apos; &apos;(ILjava/lang/Object;Ljava/lang/Object;ZZ)Ljava/lang/Object;&apos; in &apos;java/util/HashMap&apos; - invokevirtual @ bci 152 sp = 0x000000030600f7b8
<uncommon_trap thread='9475' reason='class_check' action='maybe_recompile' compile_id='322' compiler='C2' count='2' state='class_check' stamp='4.238'>
Uncommon trap occurred in java.util.HashMap::putVal (@0x0000000111d3a354) thread=9475 reason=class_check action=maybe_recompile unloaded_class_index=-1
<jvms bci='152' method='java/util/HashMap putVal (ILjava/lang/Object;Ljava/lang/Object;ZZ)Ljava/lang/Object;' bytes='300' count='2' backedge_count='1' iicount='15' class_check_traps='2'/>
</uncommon_trap>
DEOPT PACKING thread 0x00007f9cf0010800 Compiled frame (sp=0x000000030600f890 unextended sp=0x000000030600f890, fp=0x00000000f80039e2, real_fp=0x000000030600f940, pc=0x0000000111d3a354)
     nmethod   4238  322             java.util.HashMap::putVal (300 bytes)

     Virtual frames (innermost first):
        0 - frame( sp=0x000000030600f890, unextended_sp=0x000000030600f890, fp=0x00000000f80039e2, pc=0x0000000111d3a354)
java.util.HashMap.putVal(HashMap.java:643) - invokevirtual @ bci 152 
     Created vframeArray 0x00007f9cef063e20
DEOPT UNPACKING thread 0x00007f9cf0010800 vframeArray 0x00007f9cef063e20 mode 2
     {method} {0x000000010e521d88} &apos;putVal&apos; &apos;(ILjava/lang/Object;Ljava/lang/Object;ZZ)Ljava/lang/Object;&apos; in &apos;java/util/HashMap&apos; - invokevirtual @ bci 152 sp = 0x000000030600f858
<uncommon_trap thread='9475' reason='bimorphic' action='maybe_recompile' compile_id='532' compiler='C2' count='2' state='#15' stamp='4.510'>
Uncommon trap occurred in java.util.HashMap::getNode (@0x0000000111da9704) thread=9475 reason=bimorphic action=maybe_recompile unloaded_class_index=-1
<jvms bci='59' method='java/util/HashMap getNode (ILjava/lang/Object;)Ljava/util/HashMap$Node;' bytes='148' count='1' backedge_count='1' iicount='34' decompiles='1' class_check_traps='4' bimorphic_traps='2'/>
</uncommon_trap>
DEOPT PACKING thread 0x00007f9cf0010800 Compiled frame (sp=0x000000030600e6b0 unextended sp=0x000000030600e6b0, fp=0x00000000f59c21e1, real_fp=0x000000030600e6f0, pc=0x0000000111da9704)
     nmethod   4509  532             java.util.HashMap::getNode (148 bytes)

     Virtual frames (innermost first):
        0 - frame( sp=0x000000030600e6b0, unextended_sp=0x000000030600e6b0, fp=0x00000000f59c21e1, pc=0x0000000111da9704)
java.util.HashMap.getNode(HashMap.java:573) - invokevirtual @ bci 59 
     Created vframeArray 0x00007f9cef066620
DEOPT UNPACKING thread 0x00007f9cf0010800 vframeArray 0x00007f9cef066620 mode 2
     {method} {0x000000010e521918} &apos;getNode&apos; &apos;(ILjava/lang/Object;)Ljava/util/HashMap$Node;&apos; in &apos;java/util/HashMap&apos; - invokevirtual @ bci 59 sp = 0x000000030600e650
<uncommon_trap thread='9475' reason='bimorphic' action='maybe_recompile' compile_id='532' compiler='C2' count='3' state='#15' stamp='4.510'>
Uncommon trap occurred in java.util.HashMap::getNode (@0x0000000111da9704) thread=9475 reason=bimorphic action=maybe_recompile unloaded_class_index=-1
<jvms bci='59' method='java/util/HashMap getNode (ILjava/lang/Object;)Ljava/util/HashMap$Node;' bytes='148' count='1' backedge_count='1' iicount='34' decompiles='1' class_check_traps='4' bimorphic_traps='3'/>
</uncommon_trap>
DEOPT PACKING thread 0x00007f9cf0010800 Compiled frame (sp=0x000000030600e6b0 unextended sp=0x000000030600e6b0, fp=0x000000006499bd24, real_fp=0x000000030600e6f0, pc=0x0000000111da9704)
     nmethod   4510  532             java.util.HashMap::getNode (148 bytes)

     Virtual frames (innermost first):
        0 - frame( sp=0x000000030600e6b0, unextended_sp=0x000000030600e6b0, fp=0x000000006499bd24, pc=0x0000000111da9704)
java.util.HashMap.getNode(HashMap.java:573) - invokevirtual @ bci 59 
     Created vframeArray 0x00007f9cf085ca20
DEOPT UNPACKING thread 0x00007f9cf0010800 vframeArray 0x00007f9cf085ca20 mode 2
     {method} {0x000000010e521918} &apos;getNode&apos; &apos;(ILjava/lang/Object;)Ljava/util/HashMap$Node;&apos; in &apos;java/util/HashMap&apos; - invokevirtual @ bci 59 sp = 0x000000030600e650
<uncommon_trap thread='9475' reason='uninitialized' action='reinterpret' compile_id='766' compiler='C2' stamp='4.621'>
Uncommon trap occurred in sun.invoke.util.Wrapper::hashWrap (@0x0000000111e1e4c8) thread=9475 reason=uninitialized action=reinterpret unloaded_class_index=-1
<jvms bci='8' method='sun/invoke/util/Wrapper hashWrap (Ljava/lang/Class;)I' bytes='62' count='2' backedge_count='1' iicount='5'/>
</uncommon_trap>
DEOPT PACKING thread 0x00007f9cf0010800 Compiled frame (sp=0x000000030600db40 unextended sp=0x000000030600db40, fp=0x00000007957961f8, real_fp=0x000000030600db60, pc=0x0000000111e1e4c8)
     nmethod   4620  766             sun.invoke.util.Wrapper::hashWrap (62 bytes)

     Virtual frames (innermost first):
        0 - frame( sp=0x000000030600db40, unextended_sp=0x000000030600db40, fp=0x00000007957961f8, pc=0x0000000111e1e4c8)
sun.invoke.util.Wrapper.hashWrap(Wrapper.java:317) - getstatic @ bci 8 
     Created vframeArray 0x00007f9cef066620
DEOPT UNPACKING thread 0x00007f9cf0010800 vframeArray 0x00007f9cef066620 mode 2
     {method} {0x000000010e7f6488} &apos;hashWrap&apos; &apos;(Ljava/lang/Class;)I&apos; in &apos;sun/invoke/util/Wrapper&apos; - getstatic @ bci 8 sp = 0x000000030600db00
<uncommon_trap thread='9475' reason='uninitialized' action='reinterpret' compile_id='768' compiler='C2' count='1' stamp='4.623'>
Uncommon trap occurred in sun.invoke.util.Wrapper::hashWrap (@0x0000000111e1cb08) thread=9475 reason=uninitialized action=reinterpret unloaded_class_index=-1
<jvms bci='8' method='sun/invoke/util/Wrapper hashWrap (Ljava/lang/Class;)I' bytes='62' count='2' backedge_count='1' iicount='8' decompiles='1' uninitialized_traps='1'/>
</uncommon_trap>
DEOPT PACKING thread 0x00007f9cf0010800 Compiled frame (sp=0x000000030600db40 unextended sp=0x000000030600db40, fp=0x0000000795796518, real_fp=0x000000030600db60, pc=0x0000000111e1cb08)
     nmethod   4623  768             sun.invoke.util.Wrapper::hashWrap (62 bytes)

     Virtual frames (innermost first):
        0 - frame( sp=0x000000030600db40, unextended_sp=0x000000030600db40, fp=0x0000000795796518, pc=0x0000000111e1cb08)
sun.invoke.util.Wrapper.hashWrap(Wrapper.java:317) - getstatic @ bci 8 
     Created vframeArray 0x00007f9cf006b620
DEOPT UNPACKING thread 0x00007f9cf0010800 vframeArray 0x00007f9cf006b620 mode 2
     {method} {0x000000010e7f6488} &apos;hashWrap&apos; &apos;(Ljava/lang/Class;)I&apos; in &apos;sun/invoke/util/Wrapper&apos; - getstatic @ bci 8 sp = 0x000000030600db00
<uncommon_trap thread='9475' reason='bimorphic' action='maybe_recompile' compile_id='747' compiler='C2' stamp='4.762'>
Uncommon trap occurred in java.util.concurrent.ConcurrentHashMap::get (@0x0000000111e16364) thread=9475 reason=bimorphic action=maybe_recompile unloaded_class_index=-1
<jvms bci='73' method='java/util/concurrent/ConcurrentHashMap get (Ljava/lang/Object;)Ljava/lang/Object;' bytes='162' count='2' backedge_count='1' iicount='23'/>
</uncommon_trap>
DEOPT PACKING thread 0x00007f9cf0010800 Compiled frame (sp=0x000000030600f350 unextended sp=0x000000030600f350, fp=0x00000000f800a66d, real_fp=0x000000030600f390, pc=0x0000000111e16364)
     nmethod   4762  747             java.util.concurrent.ConcurrentHashMap::get (162 bytes)

     Virtual frames (innermost first):
        0 - frame( sp=0x000000030600f350, unextended_sp=0x000000030600f350, fp=0x00000000f800a66d, pc=0x0000000111e16364)
java.util.concurrent.ConcurrentHashMap.get(ConcurrentHashMap.java:940) - invokevirtual @ bci 73 
     Created vframeArray 0x00007f9cf006ca20
DEOPT UNPACKING thread 0x00007f9cf0010800 vframeArray 0x00007f9cf006ca20 mode 2
     {method} {0x000000010e652e60} &apos;get&apos; &apos;(Ljava/lang/Object;)Ljava/lang/Object;&apos; in &apos;java/util/concurrent/ConcurrentHashMap&apos; - invokevirtual @ bci 73 sp = 0x000000030600f2e8
<uncommon_trap thread='9475' reason='uninitialized' action='reinterpret' compile_id='805' compiler='C2' stamp='4.823'>
Uncommon trap occurred in java.lang.invoke.LambdaForm::argument (@0x0000000111e2ed28) thread=9475 reason=uninitialized action=reinterpret unloaded_class_index=-1
<jvms bci='16' method='java/lang/invoke/LambdaForm argument (ILjava/lang/invoke/LambdaForm$BasicType;)Ljava/lang/invoke/LambdaForm$Name;' bytes='27' count='2' backedge_count='1' iicount='5'/>
</uncommon_trap>
DEOPT PACKING thread 0x00007f9cf0010800 Compiled frame (sp=0x000000030600e860 unextended sp=0x000000030600e860, fp=0x0000000000000000, real_fp=0x000000030600e890, pc=0x0000000111e2ed28)
     nmethod   4823  805             java.lang.invoke.LambdaForm::argument (27 bytes)

     Virtual frames (innermost first):
        0 - frame( sp=0x000000030600e860, unextended_sp=0x000000030600e860, fp=0x0000000000000000, pc=0x0000000111e2ed28)
java.lang.invoke.LambdaForm.argument(LambdaForm.java:1649) - getstatic @ bci 16 
     Created vframeArray 0x00007f9cf085ca20
DEOPT UNPACKING thread 0x00007f9cf0010800 vframeArray 0x00007f9cf085ca20 mode 2
     {method} {0x000000010e479a10} &apos;argument&apos; &apos;(ILjava/lang/invoke/LambdaForm$BasicType;)Ljava/lang/invoke/LambdaForm$Name;&apos; in &apos;java/lang/invoke/LambdaForm&apos; - getstatic @ bci 16 sp = 0x000000030600e840
<uncommon_trap thread='9475' reason='bimorphic' action='maybe_recompile' compile_id='747' compiler='C2' count='1' state='#7' stamp='4.825'>
Uncommon trap occurred in java.util.concurrent.ConcurrentHashMap::get (@0x0000000111e16364) thread=9475 reason=bimorphic action=maybe_recompile unloaded_class_index=-1
<jvms bci='73' method='java/util/concurrent/ConcurrentHashMap get (Ljava/lang/Object;)Ljava/lang/Object;' bytes='162' count='2' backedge_count='1' iicount='23' bimorphic_traps='1'/>
</uncommon_trap>
DEOPT PACKING thread 0x00007f9cf0010800 Compiled frame (sp=0x000000030600e6a0 unextended sp=0x000000030600e6a0, fp=0x00000000f800a66d, real_fp=0x000000030600e6e0, pc=0x0000000111e16364)
     nmethod   4825  747             java.util.concurrent.ConcurrentHashMap::get (162 bytes)

     Virtual frames (innermost first):
        0 - frame( sp=0x000000030600e6a0, unextended_sp=0x000000030600e6a0, fp=0x00000000f800a66d, pc=0x0000000111e16364)
java.util.concurrent.ConcurrentHashMap.get(ConcurrentHashMap.java:940) - invokevirtual @ bci 73 
     Created vframeArray 0x00007f9cdf04e220
DEOPT UNPACKING thread 0x00007f9cf0010800 vframeArray 0x00007f9cdf04e220 mode 2
     {method} {0x000000010e652e60} &apos;get&apos; &apos;(Ljava/lang/Object;)Ljava/lang/Object;&apos; in &apos;java/util/concurrent/ConcurrentHashMap&apos; - invokevirtual @ bci 73 sp = 0x000000030600e638
<uncommon_trap thread='9475' reason='uninitialized' action='reinterpret' compile_id='808' compiler='C2' stamp='4.867'>
Uncommon trap occurred in java.lang.invoke.LambdaForm::normalize (@0x0000000111e334e8) thread=9475 reason=uninitialized action=reinterpret unloaded_class_index=-1
<jvms bci='176' method='java/lang/invoke/LambdaForm normalize ()I' bytes='322' count='2' backedge_count='5' iicount='2'/>
</uncommon_trap>
DEOPT PACKING thread 0x00007f9cf0010800 Compiled frame (sp=0x000000030600e910 unextended sp=0x000000030600e910, fp=0x000000079579b060, real_fp=0x000000030600e990, pc=0x0000000111e334e8)
     nmethod   4867  808             java.lang.invoke.LambdaForm::normalize (322 bytes)

     Virtual frames (innermost first):
        0 - frame( sp=0x000000030600e910, unextended_sp=0x000000030600e910, fp=0x000000079579b060, pc=0x0000000111e334e8)
java.lang.invoke.LambdaForm.normalize(LambdaForm.java:431) - getstatic @ bci 176 
     Created vframeArray 0x00007f9cef066620
DEOPT UNPACKING thread 0x00007f9cf0010800 vframeArray 0x00007f9cef066620 mode 2
     {method} {0x000000010e475d08} &apos;normalize&apos; &apos;()I&apos; in &apos;java/lang/invoke/LambdaForm&apos; - getstatic @ bci 176 sp = 0x000000030600e900
<uncommon_trap thread='9475' reason='uninitialized' action='reinterpret' compile_id='824' compiler='C2' count='1' stamp='4.871'>
Uncommon trap occurred in java.lang.invoke.LambdaForm::argument (@0x0000000111e35edc) thread=9475 reason=uninitialized action=reinterpret unloaded_class_index=-1
<jvms bci='16' method='java/lang/invoke/LambdaForm argument (ILjava/lang/invoke/LambdaForm$BasicType;)Ljava/lang/invoke/LambdaForm$Name;' bytes='27' count='2' backedge_count='1' iicount='8' decompiles='1' uninitialized_traps='1'/>
</uncommon_trap>
DEOPT PACKING thread 0x00007f9cf0010800 Compiled frame (sp=0x000000030600e860 unextended sp=0x000000030600e860, fp=0x0000000000000001, real_fp=0x000000030600e890, pc=0x0000000111e35edc)
     nmethod   4871  824             java.lang.invoke.LambdaForm::argument (27 bytes)

     Virtual frames (innermost first):
        0 - frame( sp=0x000000030600e860, unextended_sp=0x000000030600e860, fp=0x0000000000000001, pc=0x0000000111e35edc)
java.lang.invoke.LambdaForm.argument(LambdaForm.java:1649) - getstatic @ bci 16 
     Created vframeArray 0x00007f9cf006ca20
DEOPT UNPACKING thread 0x00007f9cf0010800 vframeArray 0x00007f9cf006ca20 mode 2
     {method} {0x000000010e479a10} &apos;argument&apos; &apos;(ILjava/lang/invoke/LambdaForm$BasicType;)Ljava/lang/invoke/LambdaForm$Name;&apos; in &apos;java/lang/invoke/LambdaForm&apos; - getstatic @ bci 16 sp = 0x000000030600e840
<uncommon_trap thread='9475' reason='uninitialized' action='reinterpret' compile_id='825' compiler='C2' stamp='4.895'>
Uncommon trap occurred in java.lang.invoke.LambdaForm::internArgument (@0x0000000111e3443c) thread=9475 reason=uninitialized action=reinterpret unloaded_class_index=-1
<jvms bci='0' method='java/lang/invoke/LambdaForm internArgument (Ljava/lang/invoke/LambdaForm$Name;)Ljava/lang/invoke/LambdaForm$Name;' bytes='84' count='2' backedge_count='1' iicount='5'/>
</uncommon_trap>
DEOPT PACKING thread 0x00007f9cf0010800 Compiled frame (sp=0x000000030600e8d0 unextended sp=0x000000030600e8d0, fp=0x0000000795798518, real_fp=0x000000030600e8f0, pc=0x0000000111e3443c)
     nmethod   4895  825             java.lang.invoke.LambdaForm::internArgument (84 bytes)

     Virtual frames (innermost first):
        0 - frame( sp=0x000000030600e8d0, unextended_sp=0x000000030600e8d0, fp=0x0000000795798518, pc=0x0000000111e3443c)
java.lang.invoke.LambdaForm.internArgument(LambdaForm.java:1652) - getstatic @ bci 0 
     Created vframeArray 0x00007f9cf085ca20
DEOPT UNPACKING thread 0x00007f9cf0010800 vframeArray 0x00007f9cf085ca20 mode 2
     {method} {0x000000010e479b18} &apos;internArgument&apos; &apos;(Ljava/lang/invoke/LambdaForm$Name;)Ljava/lang/invoke/LambdaForm$Name;&apos; in &apos;java/lang/invoke/LambdaForm&apos; - getstatic @ bci 0 sp = 0x000000030600e8a0
<uncommon_trap thread='9475' reason='uninitialized' action='reinterpret' compile_id='844' compiler='C2' count='2' stamp='4.946'>
Uncommon trap occurred in java.lang.invoke.LambdaForm::argument (@0x0000000111e3731c) thread=9475 reason=uninitialized action=reinterpret unloaded_class_index=-1
<jvms bci='16' method='java/lang/invoke/LambdaForm argument (ILjava/lang/invoke/LambdaForm$BasicType;)Ljava/lang/invoke/LambdaForm$Name;' bytes='27' count='2' backedge_count='1' iicount='11' decompiles='2' uninitialized_traps='2'/>
</uncommon_trap>
DEOPT PACKING thread 0x00007f9cf0010800 Compiled frame (sp=0x000000030600ea50 unextended sp=0x000000030600ea50, fp=0x0000000000000001, real_fp=0x000000030600ea80, pc=0x0000000111e3731c)
     nmethod   4946  844             java.lang.invoke.LambdaForm::argument (27 bytes)

     Virtual frames (innermost first):
        0 - frame( sp=0x000000030600ea50, unextended_sp=0x000000030600ea50, fp=0x0000000000000001, pc=0x0000000111e3731c)
java.lang.invoke.LambdaForm.argument(LambdaForm.java:1649) - getstatic @ bci 16 
     Created vframeArray 0x00007f9cef066620
DEOPT UNPACKING thread 0x00007f9cf0010800 vframeArray 0x00007f9cef066620 mode 2
     {method} {0x000000010e479a10} &apos;argument&apos; &apos;(ILjava/lang/invoke/LambdaForm$BasicType;)Ljava/lang/invoke/LambdaForm$Name;&apos; in &apos;java/lang/invoke/LambdaForm&apos; - getstatic @ bci 16 sp = 0x000000030600ea30
<uncommon_trap thread='9475' reason='uninitialized' action='reinterpret' compile_id='829' compiler='C2' count='1' stamp='4.959'>
Uncommon trap occurred in java.lang.invoke.LambdaForm::normalize (@0x0000000111e3b1b0) thread=9475 reason=uninitialized action=reinterpret unloaded_class_index=-1
<jvms bci='176' method='java/lang/invoke/LambdaForm normalize ()I' bytes='322' count='2' backedge_count='5' iicount='3' decompiles='1' uninitialized_traps='1'/>
</uncommon_trap>
DEOPT PACKING thread 0x00007f9cf0010800 Compiled frame (sp=0x000000030600e900 unextended sp=0x000000030600e900, fp=0x000000079579b8e0, real_fp=0x000000030600e990, pc=0x0000000111e3b1b0)
     nmethod   4959  829             java.lang.invoke.LambdaForm::normalize (322 bytes)

     Virtual frames (innermost first):
        0 - frame( sp=0x000000030600e900, unextended_sp=0x000000030600e900, fp=0x000000079579b8e0, pc=0x0000000111e3b1b0)
java.lang.invoke.LambdaForm.normalize(LambdaForm.java:431) - getstatic @ bci 176 
     Created vframeArray 0x00007f9cf006c220
DEOPT UNPACKING thread 0x00007f9cf0010800 vframeArray 0x00007f9cf006c220 mode 2
     {method} {0x000000010e475d08} &apos;normalize&apos; &apos;()I&apos; in &apos;java/lang/invoke/LambdaForm&apos; - getstatic @ bci 176 sp = 0x000000030600e900
<uncommon_trap thread='9475' reason='uninitialized' action='reinterpret' compile_id='848' compiler='C2' stamp='4.974'>
Uncommon trap occurred in java.lang.invoke.LambdaForm::fixDebugName (@0x0000000111e3c5fc) thread=9475 reason=uninitialized action=reinterpret unloaded_class_index=-1
<jvms bci='0' method='java/lang/invoke/LambdaForm fixDebugName (Ljava/lang/String;)Ljava/lang/String;' bytes='236' count='2' backedge_count='1' iicount='5'/>
</uncommon_trap>
DEOPT PACKING thread 0x00007f9cf0010800 Compiled frame (sp=0x000000030600e9d0 unextended sp=0x000000030600e9d0, fp=0x000000079579b6d8, real_fp=0x000000030600e9f0, pc=0x0000000111e3c5fc)
     nmethod   4973  848   !         java.lang.invoke.LambdaForm::fixDebugName (236 bytes)

     Virtual frames (innermost first):
        0 - frame( sp=0x000000030600e9d0, unextended_sp=0x000000030600e9d0, fp=0x000000079579b6d8, pc=0x0000000111e3c5fc)
java.lang.invoke.LambdaForm.fixDebugName(LambdaForm.java:335) - getstatic @ bci 0 
     Created vframeArray 0x00007f9cf085ca20
DEOPT UNPACKING thread 0x00007f9cf0010800 vframeArray 0x00007f9cf085ca20 mode 2
     {method} {0x000000010e4756e0} &apos;fixDebugName&apos; &apos;(Ljava/lang/String;)Ljava/lang/String;&apos; in &apos;java/lang/invoke/LambdaForm&apos; - getstatic @ bci 0 sp = 0x000000030600e960
<uncommon_trap thread='9475' reason='uninitialized' action='reinterpret' compile_id='849' compiler='C2' count='3' stamp='4.998'>
Uncommon trap occurred in java.lang.invoke.LambdaForm::argument (@0x0000000111e3f828) thread=9475 reason=uninitialized action=reinterpret unloaded_class_index=-1
<jvms bci='16' method='java/lang/invoke/LambdaForm argument (ILjava/lang/invoke/LambdaForm$BasicType;)Ljava/lang/invoke/LambdaForm$Name;' bytes='27' count='2' backedge_count='1' iicount='14' decompiles='3' uninitialized_traps='3'/>
</uncommon_trap>
DEOPT PACKING thread 0x00007f9cf0010800 Compiled frame (sp=0x000000030600e8b0 unextended sp=0x000000030600e8b0, fp=0x0000000000000000, real_fp=0x000000030600e8e0, pc=0x0000000111e3f828)
     nmethod   4998  849             java.lang.invoke.LambdaForm::argument (27 bytes)

     Virtual frames (innermost first):
        0 - frame( sp=0x000000030600e8b0, unextended_sp=0x000000030600e8b0, fp=0x0000000000000000, pc=0x0000000111e3f828)
java.lang.invoke.LambdaForm.argument(LambdaForm.java:1649) - getstatic @ bci 16 
     Created vframeArray 0x00007f9cf006c220
DEOPT UNPACKING thread 0x00007f9cf0010800 vframeArray 0x00007f9cf006c220 mode 2
     {method} {0x000000010e479a10} &apos;argument&apos; &apos;(ILjava/lang/invoke/LambdaForm$BasicType;)Ljava/lang/invoke/LambdaForm$Name;&apos; in &apos;java/lang/invoke/LambdaForm&apos; - getstatic @ bci 16 sp = 0x000000030600e890
<uncommon_trap thread='9475' reason='uninitialized' action='reinterpret' compile_id='854' compiler='C2' count='1' stamp='5.002'>
Uncommon trap occurred in java.lang.invoke.LambdaForm::internArgument (@0x0000000111e3fd3c) thread=9475 reason=uninitialized action=reinterpret unloaded_class_index=-1
<jvms bci='0' method='java/lang/invoke/LambdaForm internArgument (Ljava/lang/invoke/LambdaForm$Name;)Ljava/lang/invoke/LambdaForm$Name;' bytes='84' count='2' backedge_count='1' iicount='8' decompiles='1' uninitialized_traps='1'/>
</uncommon_trap>
DEOPT PACKING thread 0x00007f9cf0010800 Compiled frame (sp=0x000000030600e920 unextended sp=0x000000030600e920, fp=0x0000000795798518, real_fp=0x000000030600e940, pc=0x0000000111e3fd3c)
     nmethod   5001  854             java.lang.invoke.LambdaForm::internArgument (84 bytes)

     Virtual frames (innermost first):
        0 - frame( sp=0x000000030600e920, unextended_sp=0x000000030600e920, fp=0x0000000795798518, pc=0x0000000111e3fd3c)
java.lang.invoke.LambdaForm.internArgument(LambdaForm.java:1652) - getstatic @ bci 0 
     Created vframeArray 0x00007f9cef066620
DEOPT UNPACKING thread 0x00007f9cf0010800 vframeArray 0x00007f9cef066620 mode 2
     {method} {0x000000010e479b18} &apos;internArgument&apos; &apos;(Ljava/lang/invoke/LambdaForm$Name;)Ljava/lang/invoke/LambdaForm$Name;&apos; in &apos;java/lang/invoke/LambdaForm&apos; - getstatic @ bci 0 sp = 0x000000030600e8f0
<uncommon_trap thread='9475' reason='uninitialized' action='reinterpret' compile_id='856' compiler='C2' count='4' stamp='5.005'>
Uncommon trap occurred in java.lang.invoke.LambdaForm::argument (@0x0000000111e41c6c) thread=9475 reason=uninitialized action=reinterpret unloaded_class_index=-1
<jvms bci='16' method='java/lang/invoke/LambdaForm argument (ILjava/lang/invoke/LambdaForm$BasicType;)Ljava/lang/invoke/LambdaForm$Name;' bytes='27' count='2' backedge_count='1' iicount='17' decompiles='4' uninitialized_traps='4'/>
</uncommon_trap>
DEOPT PACKING thread 0x00007f9cf0010800 Compiled frame (sp=0x000000030600e8b0 unextended sp=0x000000030600e8b0, fp=0x0000000000000001, real_fp=0x000000030600e8e0, pc=0x0000000111e41c6c)
     nmethod   5005  856             java.lang.invoke.LambdaForm::argument (27 bytes)

     Virtual frames (innermost first):
        0 - frame( sp=0x000000030600e8b0, unextended_sp=0x000000030600e8b0, fp=0x0000000000000001, pc=0x0000000111e41c6c)
java.lang.invoke.LambdaForm.argument(LambdaForm.java:1649) - getstatic @ bci 16 
     Created vframeArray 0x00007f9cf085ca20
DEOPT UNPACKING thread 0x00007f9cf0010800 vframeArray 0x00007f9cf085ca20 mode 2
     {method} {0x000000010e479a10} &apos;argument&apos; &apos;(ILjava/lang/invoke/LambdaForm$BasicType;)Ljava/lang/invoke/LambdaForm$Name;&apos; in &apos;java/lang/invoke/LambdaForm&apos; - getstatic @ bci 16 sp = 0x000000030600e890
<uncommon_trap thread='9475' reason='uninitialized' action='reinterpret' compile_id='853' compiler='C2' count='2' stamp='5.012'>
Uncommon trap occurred in java.lang.invoke.LambdaForm::normalize (@0x0000000111e3e7e8) thread=9475 reason=uninitialized action=reinterpret unloaded_class_index=-1
<jvms bci='176' method='java/lang/invoke/LambdaForm normalize ()I' bytes='322' count='2' backedge_count='6' iicount='5' decompiles='2' uninitialized_traps='2'/>
</uncommon_trap>
DEOPT PACKING thread 0x00007f9cf0010800 Compiled frame (sp=0x000000030600e960 unextended sp=0x000000030600e960, fp=0x000000079579bff0, real_fp=0x000000030600e9f0, pc=0x0000000111e3e7e8)
     nmethod   5012  853             java.lang.invoke.LambdaForm::normalize (322 bytes)

     Virtual frames (innermost first):
        0 - frame( sp=0x000000030600e960, unextended_sp=0x000000030600e960, fp=0x000000079579bff0, pc=0x0000000111e3e7e8)
java.lang.invoke.LambdaForm.normalize(LambdaForm.java:431) - getstatic @ bci 176 
     Created vframeArray 0x00007f9cf085de20
DEOPT UNPACKING thread 0x00007f9cf0010800 vframeArray 0x00007f9cf085de20 mode 2
     {method} {0x000000010e475d08} &apos;normalize&apos; &apos;()I&apos; in &apos;java/lang/invoke/LambdaForm&apos; - getstatic @ bci 176 sp = 0x000000030600e958
<uncommon_trap thread='9475' reason='uninitialized' action='reinterpret' compile_id='861' compiler='C2' count='5' stamp='5.017'>
Uncommon trap occurred in java.lang.invoke.LambdaForm::argument (@0x0000000111e445e4) thread=9475 reason=uninitialized action=reinterpret unloaded_class_index=-1
<jvms bci='16' method='java/lang/invoke/LambdaForm argument (ILjava/lang/invoke/LambdaForm$BasicType;)Ljava/lang/invoke/LambdaForm$Name;' bytes='27' count='2' backedge_count='1' iicount='20' decompiles='5' uninitialized_traps='5'/>
</uncommon_trap>
DEOPT PACKING thread 0x00007f9cf0010800 Compiled frame (sp=0x000000030600ea50 unextended sp=0x000000030600ea50, fp=0x0000000000000001, real_fp=0x000000030600ea80, pc=0x0000000111e445e4)
     nmethod   5016  861             java.lang.invoke.LambdaForm::argument (27 bytes)

     Virtual frames (innermost first):
        0 - frame( sp=0x000000030600ea50, unextended_sp=0x000000030600ea50, fp=0x0000000000000001, pc=0x0000000111e445e4)
java.lang.invoke.LambdaForm.argument(LambdaForm.java:1649) - getstatic @ bci 16 
     Created vframeArray 0x00007f9cf006c220
DEOPT UNPACKING thread 0x00007f9cf0010800 vframeArray 0x00007f9cf006c220 mode 2
     {method} {0x000000010e479a10} &apos;argument&apos; &apos;(ILjava/lang/invoke/LambdaForm$BasicType;)Ljava/lang/invoke/LambdaForm$Name;&apos; in &apos;java/lang/invoke/LambdaForm&apos; - getstatic @ bci 16 sp = 0x000000030600ea30
<uncommon_trap thread='9475' reason='uninitialized' action='reinterpret' compile_id='863' compiler='C2' count='2' stamp='5.018'>
Uncommon trap occurred in java.lang.invoke.LambdaForm::internArgument (@0x0000000111e4407c) thread=9475 reason=uninitialized action=reinterpret unloaded_class_index=-1
<jvms bci='0' method='java/lang/invoke/LambdaForm internArgument (Ljava/lang/invoke/LambdaForm$Name;)Ljava/lang/invoke/LambdaForm$Name;' bytes='84' count='2' backedge_count='1' iicount='11' decompiles='2' uninitialized_traps='2'/>
</uncommon_trap>
DEOPT PACKING thread 0x00007f9cf0010800 Compiled frame (sp=0x000000030600e920 unextended sp=0x000000030600e920, fp=0x0000000795798d00, real_fp=0x000000030600e940, pc=0x0000000111e4407c)
     nmethod   5018  863             java.lang.invoke.LambdaForm::internArgument (84 bytes)

     Virtual frames (innermost first):
        0 - frame( sp=0x000000030600e920, unextended_sp=0x000000030600e920, fp=0x0000000795798d00, pc=0x0000000111e4407c)
java.lang.invoke.LambdaForm.internArgument(LambdaForm.java:1652) - getstatic @ bci 0 
     Created vframeArray 0x00007f9cf006b620
DEOPT UNPACKING thread 0x00007f9cf0010800 vframeArray 0x00007f9cf006b620 mode 2
     {method} {0x000000010e479b18} &apos;internArgument&apos; &apos;(Ljava/lang/invoke/LambdaForm$Name;)Ljava/lang/invoke/LambdaForm$Name;&apos; in &apos;java/lang/invoke/LambdaForm&apos; - getstatic @ bci 0 sp = 0x000000030600e8f0
<uncommon_trap thread='9475' reason='uninitialized' action='reinterpret' compile_id='862' compiler='C2' count='1' stamp='5.031'>
Uncommon trap occurred in java.lang.invoke.LambdaForm::fixDebugName (@0x0000000111e442bc) thread=9475 reason=uninitialized action=reinterpret unloaded_class_index=-1
<jvms bci='0' method='java/lang/invoke/LambdaForm fixDebugName (Ljava/lang/String;)Ljava/lang/String;' bytes='236' count='2' backedge_count='1' iicount='8' decompiles='1' uninitialized_traps='1'/>
</uncommon_trap>
DEOPT PACKING thread 0x00007f9cf0010800 Compiled frame (sp=0x000000030600e9d0 unextended sp=0x000000030600e9d0, fp=0x000000079579c4d0, real_fp=0x000000030600e9f0, pc=0x0000000111e442bc)
     nmethod   5031  862   !         java.lang.invoke.LambdaForm::fixDebugName (236 bytes)

     Virtual frames (innermost first):
        0 - frame( sp=0x000000030600e9d0, unextended_sp=0x000000030600e9d0, fp=0x000000079579c4d0, pc=0x0000000111e442bc)
java.lang.invoke.LambdaForm.fixDebugName(LambdaForm.java:335) - getstatic @ bci 0 
     Created vframeArray 0x00007f9cf085de20
DEOPT UNPACKING thread 0x00007f9cf0010800 vframeArray 0x00007f9cf085de20 mode 2
     {method} {0x000000010e4756e0} &apos;fixDebugName&apos; &apos;(Ljava/lang/String;)Ljava/lang/String;&apos; in &apos;java/lang/invoke/LambdaForm&apos; - getstatic @ bci 0 sp = 0x000000030600e960
<uncommon_trap thread='9475' reason='uninitialized' action='reinterpret' compile_id='866' compiler='C2' count='6' stamp='5.056'>
Uncommon trap occurred in java.lang.invoke.LambdaForm::argument (@0x0000000111e46724) thread=9475 reason=uninitialized action=reinterpret unloaded_class_index=-1
<jvms bci='16' method='java/lang/invoke/LambdaForm argument (ILjava/lang/invoke/LambdaForm$BasicType;)Ljava/lang/invoke/LambdaForm$Name;' bytes='27' count='2' backedge_count='1' iicount='23' decompiles='6' uninitialized_traps='6'/>
</uncommon_trap>
DEOPT PACKING thread 0x00007f9cf0010800 Compiled frame (sp=0x000000030600e8b0 unextended sp=0x000000030600e8b0, fp=0x0000000000000000, real_fp=0x000000030600e8e0, pc=0x0000000111e46724)
     nmethod   5056  866             java.lang.invoke.LambdaForm::argument (27 bytes)

     Virtual frames (innermost first):
        0 - frame( sp=0x000000030600e8b0, unextended_sp=0x000000030600e8b0, fp=0x0000000000000000, pc=0x0000000111e46724)
java.lang.invoke.LambdaForm.argument(LambdaForm.java:1649) - getstatic @ bci 16 
     Created vframeArray 0x00007f9cdf04e220
DEOPT UNPACKING thread 0x00007f9cf0010800 vframeArray 0x00007f9cdf04e220 mode 2
     {method} {0x000000010e479a10} &apos;argument&apos; &apos;(ILjava/lang/invoke/LambdaForm$BasicType;)Ljava/lang/invoke/LambdaForm$Name;&apos; in &apos;java/lang/invoke/LambdaForm&apos; - getstatic @ bci 16 sp = 0x000000030600e890
<dependency_failed type='abstract_with_unique_concrete_subtype' ctxk='java/lang/invoke/MethodHandle' x='java/lang/invoke/DirectMethodHandle' witness='java/lang/invoke/SimpleMethodHandle' stamp='5.059'/>
<dependency_failed type='abstract_with_unique_concrete_subtype' ctxk='java/lang/invoke/MethodHandle' x='java/lang/invoke/DirectMethodHandle' witness='java/lang/invoke/SimpleMethodHandle' stamp='5.059'/>
<dependency_failed type='abstract_with_unique_concrete_subtype' ctxk='java/lang/invoke/MethodHandle' x='java/lang/invoke/DirectMethodHandle' witness='java/lang/invoke/SimpleMethodHandle' stamp='5.059'/>
<dependency_failed type='abstract_with_unique_concrete_subtype' ctxk='java/lang/invoke/MethodHandle' x='java/lang/invoke/DirectMethodHandle' witness='java/lang/invoke/SimpleMethodHandle' stamp='5.059'/>
<dependency_failed type='abstract_with_unique_concrete_subtype' ctxk='java/lang/invoke/MethodHandle' x='java/lang/invoke/DirectMethodHandle' witness='java/lang/invoke/SimpleMethodHandle' stamp='5.059'/>
<uncommon_trap thread='9475' reason='unloaded' action='reinterpret' index='586' compile_id='427' compiler='C2' stamp='5.069'>
Uncommon trap occurred in java.util.Arrays::copyOf (@0x0000000111d63d68) thread=9475 reason=unloaded action=reinterpret unloaded_class_index=586
<jvms bci='21' method='java/util/Arrays copyOf ([Ljava/lang/Object;ILjava/lang/Class;)[Ljava/lang/Object;' bytes='46' count='2' backedge_count='1' iicount='5'/>
</uncommon_trap>
DEOPT PACKING thread 0x00007f9cf0010800 Compiled frame (sp=0x000000030600d0b0 unextended sp=0x000000030600d0b0, fp=0x0000000795580ac8, real_fp=0x000000030600d0f0, pc=0x0000000111d63d68)
     nmethod   5069  427             java.util.Arrays::copyOf (46 bytes)

     Virtual frames (innermost first):
        0 - frame( sp=0x000000030600d0b0, unextended_sp=0x000000030600d0b0, fp=0x0000000795580ac8, pc=0x0000000111d63d68)
java.util.Arrays.copyOf(Arrays.java:3212) - invokestatic @ bci 21 
     Created vframeArray 0x00007f9cdf050820
DEOPT UNPACKING thread 0x00007f9cf0010800 vframeArray 0x00007f9cdf050820 mode 2
     {method} {0x000000010e574d48} &apos;copyOf&apos; &apos;([Ljava/lang/Object;ILjava/lang/Class;)[Ljava/lang/Object;&apos; in &apos;java/util/Arrays&apos; - invokestatic @ bci 21 sp = 0x000000030600d088
<uncommon_trap thread='9475' reason='bimorphic' action='maybe_recompile' compile_id='747' compiler='C2' count='2' state='#7' stamp='5.091'>
Uncommon trap occurred in java.util.concurrent.ConcurrentHashMap::get (@0x0000000111e16364) thread=9475 reason=bimorphic action=maybe_recompile unloaded_class_index=-1
<jvms bci='73' method='java/util/concurrent/ConcurrentHashMap get (Ljava/lang/Object;)Ljava/lang/Object;' bytes='162' count='2' backedge_count='1' iicount='23' bimorphic_traps='2'/>
</uncommon_trap>
DEOPT PACKING thread 0x00007f9cf0010800 Compiled frame (sp=0x000000030600cb70 unextended sp=0x000000030600cb70, fp=0x00000000f800a66d, real_fp=0x000000030600cbb0, pc=0x0000000111e16364)
     nmethod   5091  747             java.util.concurrent.ConcurrentHashMap::get (162 bytes)

     Virtual frames (innermost first):
        0 - frame( sp=0x000000030600cb70, unextended_sp=0x000000030600cb70, fp=0x00000000f800a66d, pc=0x0000000111e16364)
java.util.concurrent.ConcurrentHashMap.get(ConcurrentHashMap.java:940) - invokevirtual @ bci 73 
     Created vframeArray 0x00007f9cdf04e220
DEOPT UNPACKING thread 0x00007f9cf0010800 vframeArray 0x00007f9cdf04e220 mode 2
     {method} {0x000000010e652e60} &apos;get&apos; &apos;(Ljava/lang/Object;)Ljava/lang/Object;&apos; in &apos;java/util/concurrent/ConcurrentHashMap&apos; - invokevirtual @ bci 73 sp = 0x000000030600cb08
<uncommon_trap thread='9475' reason='uninitialized' action='reinterpret' compile_id='877' compiler='C2' count='7' stamp='5.094'>
Uncommon trap occurred in java.lang.invoke.LambdaForm::argument (@0x0000000111c86c5c) thread=9475 reason=uninitialized action=reinterpret unloaded_class_index=-1
<jvms bci='16' method='java/lang/invoke/LambdaForm argument (ILjava/lang/invoke/LambdaForm$BasicType;)Ljava/lang/invoke/LambdaForm$Name;' bytes='27' count='2' backedge_count='1' iicount='26' decompiles='7' uninitialized_traps='7'/>
</uncommon_trap>
DEOPT PACKING thread 0x00007f9cf0010800 Compiled frame (sp=0x000000030600cd90 unextended sp=0x000000030600cd90, fp=0x0000000000000001, real_fp=0x000000030600cdc0, pc=0x0000000111c86c5c)
     nmethod   5093  877             java.lang.invoke.LambdaForm::argument (27 bytes)

     Virtual frames (innermost first):
        0 - frame( sp=0x000000030600cd90, unextended_sp=0x000000030600cd90, fp=0x0000000000000001, pc=0x0000000111c86c5c)
java.lang.invoke.LambdaForm.argument(LambdaForm.java:1649) - getstatic @ bci 16 
     Created vframeArray 0x00007f9cf085de20
DEOPT UNPACKING thread 0x00007f9cf0010800 vframeArray 0x00007f9cf085de20 mode 2
     {method} {0x000000010e479a10} &apos;argument&apos; &apos;(ILjava/lang/invoke/LambdaForm$BasicType;)Ljava/lang/invoke/LambdaForm$Name;&apos; in &apos;java/lang/invoke/LambdaForm&apos; - getstatic @ bci 16 sp = 0x000000030600cd70
<uncommon_trap thread='9475' reason='class_check' action='maybe_recompile' compile_id='806' compiler='C2' stamp='5.175'>
Uncommon trap occurred in java.lang.invoke.MemberName::getMethodType (@0x0000000111e2e834) thread=9475 reason=class_check action=maybe_recompile unloaded_class_index=-1
<jvms bci='39' method='java/lang/invoke/MemberName getMethodType ()Ljava/lang/invoke/MethodType;' bytes='208' count='2' backedge_count='1' iicount='5'/>
</uncommon_trap>
DEOPT PACKING thread 0x00007f9cf0010800 Compiled frame (sp=0x000000030600c280 unextended sp=0x000000030600c280, fp=0x00000007957a0ba8, real_fp=0x000000030600c2b0, pc=0x0000000111e2e834)
     nmethod   5175  806   !         java.lang.invoke.MemberName::getMethodType (208 bytes)

     Virtual frames (innermost first):
        0 - frame( sp=0x000000030600c280, unextended_sp=0x000000030600c280, fp=0x00000007957a0ba8, pc=0x0000000111e2e834)
java.lang.invoke.MemberName.getMethodType(MemberName.java:135) - instanceof @ bci 39 
     Created vframeArray 0x00007f9cf0864a20
DEOPT UNPACKING thread 0x00007f9cf0010800 vframeArray 0x00007f9cf0864a20 mode 2
     {method} {0x000000010e4698a8} &apos;getMethodType&apos; &apos;()Ljava/lang/invoke/MethodType;&apos; in &apos;java/lang/invoke/MemberName&apos; - instanceof @ bci 39 sp = 0x000000030600c220
<uncommon_trap thread='9475' reason='bimorphic' action='maybe_recompile' compile_id='747' compiler='C2' count='3' state='#7' stamp='5.176'>
Uncommon trap occurred in java.util.concurrent.ConcurrentHashMap::get (@0x0000000111e16364) thread=9475 reason=bimorphic action=maybe_recompile unloaded_class_index=-1
<jvms bci='73' method='java/util/concurrent/ConcurrentHashMap get (Ljava/lang/Object;)Ljava/lang/Object;' bytes='162' count='2' backedge_count='1' iicount='23' bimorphic_traps='3'/>
</uncommon_trap>
DEOPT PACKING thread 0x00007f9cf0010800 Compiled frame (sp=0x000000030600c070 unextended sp=0x000000030600c070, fp=0x00000000f800a66d, real_fp=0x000000030600c0b0, pc=0x0000000111e16364)
     nmethod   5175  747             java.util.concurrent.ConcurrentHashMap::get (162 bytes)

     Virtual frames (innermost first):
        0 - frame( sp=0x000000030600c070, unextended_sp=0x000000030600c070, fp=0x00000000f800a66d, pc=0x0000000111e16364)
java.util.concurrent.ConcurrentHashMap.get(ConcurrentHashMap.java:940) - invokevirtual @ bci 73 
     Created vframeArray 0x00007f9cdf04fc20
DEOPT UNPACKING thread 0x00007f9cf0010800 vframeArray 0x00007f9cdf04fc20 mode 2
     {method} {0x000000010e652e60} &apos;get&apos; &apos;(Ljava/lang/Object;)Ljava/lang/Object;&apos; in &apos;java/util/concurrent/ConcurrentHashMap&apos; - invokevirtual @ bci 73 sp = 0x000000030600c008
<uncommon_trap thread='9475' reason='uninitialized' action='reinterpret' compile_id='899' compiler='C2' count='8' stamp='5.206'>
Uncommon trap occurred in java.lang.invoke.LambdaForm::argument (@0x0000000111e4f2e4) thread=9475 reason=uninitialized action=reinterpret unloaded_class_index=-1
<jvms bci='16' method='java/lang/invoke/LambdaForm argument (ILjava/lang/invoke/LambdaForm$BasicType;)Ljava/lang/invoke/LambdaForm$Name;' bytes='27' count='2' backedge_count='1' iicount='29' decompiles='8' uninitialized_traps='8'/>
</uncommon_trap>
DEOPT PACKING thread 0x00007f9cf0010800 Compiled frame (sp=0x000000030600c040 unextended sp=0x000000030600c040, fp=0x0000000000000001, real_fp=0x000000030600c070, pc=0x0000000111e4f2e4)
     nmethod   5206  899             java.lang.invoke.LambdaForm::argument (27 bytes)

     Virtual frames (innermost first):
        0 - frame( sp=0x000000030600c040, unextended_sp=0x000000030600c040, fp=0x0000000000000001, pc=0x0000000111e4f2e4)
java.lang.invoke.LambdaForm.argument(LambdaForm.java:1649) - getstatic @ bci 16 
     Created vframeArray 0x00007f9cef064c20
DEOPT UNPACKING thread 0x00007f9cf0010800 vframeArray 0x00007f9cef064c20 mode 2
     {method} {0x000000010e479a10} &apos;argument&apos; &apos;(ILjava/lang/invoke/LambdaForm$BasicType;)Ljava/lang/invoke/LambdaForm$Name;&apos; in &apos;java/lang/invoke/LambdaForm&apos; - getstatic @ bci 16 sp = 0x000000030600c020
<uncommon_trap thread='9475' reason='uninitialized' action='reinterpret' compile_id='870' compiler='C2' count='3' stamp='5.215'>
Uncommon trap occurred in java.lang.invoke.LambdaForm::normalize (@0x0000000111e4775c) thread=9475 reason=uninitialized action=reinterpret unloaded_class_index=-1
<jvms bci='176' method='java/lang/invoke/LambdaForm normalize ()I' bytes='322' count='2' backedge_count='4' iicount='8' decompiles='3' uninitialized_traps='3'/>
</uncommon_trap>
DEOPT PACKING thread 0x00007f9cf0010800 Compiled frame (sp=0x000000030600bf60 unextended sp=0x000000030600bf60, fp=0x00000007957a2288, real_fp=0x000000030600bff0, pc=0x0000000111e4775c)
     nmethod   5215  870             java.lang.invoke.LambdaForm::normalize (322 bytes)

     Virtual frames (innermost first):
        0 - frame( sp=0x000000030600bf60, unextended_sp=0x000000030600bf60, fp=0x00000007957a2288, pc=0x0000000111e4775c)
java.lang.invoke.LambdaForm.normalize(LambdaForm.java:431) - getstatic @ bci 176 
     Created vframeArray 0x00007f9cdf04fc20
DEOPT UNPACKING thread 0x00007f9cf0010800 vframeArray 0x00007f9cdf04fc20 mode 2
     {method} {0x000000010e475d08} &apos;normalize&apos; &apos;()I&apos; in &apos;java/lang/invoke/LambdaForm&apos; - getstatic @ bci 176 sp = 0x000000030600bf60
<uncommon_trap thread='9475' reason='uninitialized' action='reinterpret' compile_id='902' compiler='C2' count='3' stamp='5.216'>
Uncommon trap occurred in java.lang.invoke.LambdaForm::internArgument (@0x0000000111e4c7fc) thread=9475 reason=uninitialized action=reinterpret unloaded_class_index=-1
<jvms bci='0' method='java/lang/invoke/LambdaForm internArgument (Ljava/lang/invoke/LambdaForm$Name;)Ljava/lang/invoke/LambdaForm$Name;' bytes='84' count='2' backedge_count='1' iicount='14' decompiles='3' uninitialized_traps='3'/>
</uncommon_trap>
DEOPT PACKING thread 0x00007f9cf0010800 Compiled frame (sp=0x000000030600bf30 unextended sp=0x000000030600bf30, fp=0x0000000795798538, real_fp=0x000000030600bf50, pc=0x0000000111e4c7fc)
     nmethod   5216  902             java.lang.invoke.LambdaForm::internArgument (84 bytes)

     Virtual frames (innermost first):
        0 - frame( sp=0x000000030600bf30, unextended_sp=0x000000030600bf30, fp=0x0000000795798538, pc=0x0000000111e4c7fc)
java.lang.invoke.LambdaForm.internArgument(LambdaForm.java:1652) - getstatic @ bci 0 
     Created vframeArray 0x00007f9cf0864a20
DEOPT UNPACKING thread 0x00007f9cf0010800 vframeArray 0x00007f9cf0864a20 mode 2
     {method} {0x000000010e479b18} &apos;internArgument&apos; &apos;(Ljava/lang/invoke/LambdaForm$Name;)Ljava/lang/invoke/LambdaForm$Name;&apos; in &apos;java/lang/invoke/LambdaForm&apos; - getstatic @ bci 0 sp = 0x000000030600bf00
<dependency_failed type='abstract_with_unique_concrete_subtype' ctxk='java/util/HashMap$HashIterator' x='java/util/HashMap$EntryIterator' witness='java/util/HashMap$ValueIterator' stamp='5.490'/>
<uncommon_trap thread='9475' reason='class_check' action='maybe_recompile' compile_id='806' compiler='C2' count='1' state='class_check' stamp='5.492'>
Uncommon trap occurred in java.lang.invoke.MemberName::getMethodType (@0x0000000111e2e834) thread=9475 reason=class_check action=maybe_recompile unloaded_class_index=-1
<jvms bci='39' method='java/lang/invoke/MemberName getMethodType ()Ljava/lang/invoke/MethodType;' bytes='208' count='2' backedge_count='1' iicount='5' class_check_traps='1'/>
</uncommon_trap>
DEOPT PACKING thread 0x00007f9cf0010800 Compiled frame (sp=0x000000030600c280 unextended sp=0x000000030600c280, fp=0x00000007957a0cb0, real_fp=0x000000030600c2b0, pc=0x0000000111e2e834)
     nmethod   5491  806   !         java.lang.invoke.MemberName::getMethodType (208 bytes)

     Virtual frames (innermost first):
        0 - frame( sp=0x000000030600c280, unextended_sp=0x000000030600c280, fp=0x00000007957a0cb0, pc=0x0000000111e2e834)
java.lang.invoke.MemberName.getMethodType(MemberName.java:135) - instanceof @ bci 39 
     Created vframeArray 0x00007f9cef067e20
DEOPT UNPACKING thread 0x00007f9cf0010800 vframeArray 0x00007f9cef067e20 mode 2
     {method} {0x000000010e4698a8} &apos;getMethodType&apos; &apos;()Ljava/lang/invoke/MethodType;&apos; in &apos;java/lang/invoke/MemberName&apos; - instanceof @ bci 39 sp = 0x000000030600c220
<uncommon_trap thread='9475' reason='class_check' action='maybe_recompile' compile_id='806' compiler='C2' count='2' state='class_check' stamp='5.520'>
Uncommon trap occurred in java.lang.invoke.MemberName::getMethodType (@0x0000000111e2e834) thread=9475 reason=class_check action=maybe_recompile unloaded_class_index=-1
<jvms bci='39' method='java/lang/invoke/MemberName getMethodType ()Ljava/lang/invoke/MethodType;' bytes='208' count='2' backedge_count='1' iicount='5' class_check_traps='2'/>
</uncommon_trap>
DEOPT PACKING thread 0x00007f9cf0010800 Compiled frame (sp=0x000000030600c280 unextended sp=0x000000030600c280, fp=0x00000007957a0dc8, real_fp=0x000000030600c2b0, pc=0x0000000111e2e834)
     nmethod   5519  806   !         java.lang.invoke.MemberName::getMethodType (208 bytes)

     Virtual frames (innermost first):
        0 - frame( sp=0x000000030600c280, unextended_sp=0x000000030600c280, fp=0x00000007957a0dc8, pc=0x0000000111e2e834)
java.lang.invoke.MemberName.getMethodType(MemberName.java:135) - instanceof @ bci 39 
     Created vframeArray 0x00007f9cf0864a20
DEOPT UNPACKING thread 0x00007f9cf0010800 vframeArray 0x00007f9cf0864a20 mode 2
     {method} {0x000000010e4698a8} &apos;getMethodType&apos; &apos;()Ljava/lang/invoke/MethodType;&apos; in &apos;java/lang/invoke/MemberName&apos; - instanceof @ bci 39 sp = 0x000000030600c220
<uncommon_trap thread='9475' reason='uninitialized' action='reinterpret' compile_id='952' compiler='C2' count='9' stamp='5.544'>
Uncommon trap occurred in java.lang.invoke.LambdaForm::argument (@0x0000000111e58aac) thread=9475 reason=uninitialized action=reinterpret unloaded_class_index=-1
<jvms bci='16' method='java/lang/invoke/LambdaForm argument (ILjava/lang/invoke/LambdaForm$BasicType;)Ljava/lang/invoke/LambdaForm$Name;' bytes='27' count='2' backedge_count='1' iicount='32' decompiles='9' uninitialized_traps='9'/>
</uncommon_trap>
DEOPT PACKING thread 0x00007f9cf0010800 Compiled frame (sp=0x000000030600c080 unextended sp=0x000000030600c080, fp=0x0000000000000001, real_fp=0x000000030600c0b0, pc=0x0000000111e58aac)
     nmethod   5544  952             java.lang.invoke.LambdaForm::argument (27 bytes)

     Virtual frames (innermost first):
        0 - frame( sp=0x000000030600c080, unextended_sp=0x000000030600c080, fp=0x0000000000000001, pc=0x0000000111e58aac)
java.lang.invoke.LambdaForm.argument(LambdaForm.java:1649) - getstatic @ bci 16 
     Created vframeArray 0x00007f9cf006d620
DEOPT UNPACKING thread 0x00007f9cf0010800 vframeArray 0x00007f9cf006d620 mode 2
     {method} {0x000000010e479a10} &apos;argument&apos; &apos;(ILjava/lang/invoke/LambdaForm$BasicType;)Ljava/lang/invoke/LambdaForm$Name;&apos; in &apos;java/lang/invoke/LambdaForm&apos; - getstatic @ bci 16 sp = 0x000000030600c050
<uncommon_trap thread='9475' reason='class_check' action='maybe_recompile' compile_id='806' compiler='C2' count='3' state='class_check' stamp='5.962'>
Uncommon trap occurred in java.lang.invoke.MemberName::getMethodType (@0x0000000111e2e834) thread=9475 reason=class_check action=maybe_recompile unloaded_class_index=-1
<jvms bci='39' method='java/lang/invoke/MemberName getMethodType ()Ljava/lang/invoke/MethodType;' bytes='208' count='2' backedge_count='1' iicount='5' class_check_traps='3'/>
</uncommon_trap>
DEOPT PACKING thread 0x00007f9cf0010800 Compiled frame (sp=0x000000030600c2b0 unextended sp=0x000000030600c2b0, fp=0x00000007957a0ed0, real_fp=0x000000030600c2e0, pc=0x0000000111e2e834)
     nmethod   5962  806   !         java.lang.invoke.MemberName::getMethodType (208 bytes)

     Virtual frames (innermost first):
        0 - frame( sp=0x000000030600c2b0, unextended_sp=0x000000030600c2b0, fp=0x00000007957a0ed0, pc=0x0000000111e2e834)
java.lang.invoke.MemberName.getMethodType(MemberName.java:135) - instanceof @ bci 39 
     Created vframeArray 0x00007f9cf0077c20
DEOPT UNPACKING thread 0x00007f9cf0010800 vframeArray 0x00007f9cf0077c20 mode 2
     {method} {0x000000010e4698a8} &apos;getMethodType&apos; &apos;()Ljava/lang/invoke/MethodType;&apos; in &apos;java/lang/invoke/MemberName&apos; - instanceof @ bci 39 sp = 0x000000030600c250
<uncommon_trap thread='9475' reason='uninitialized' action='reinterpret' compile_id='1010' compiler='C2' count='10' stamp='6.004'>
Uncommon trap occurred in java.lang.invoke.LambdaForm::argument (@0x0000000111e9231c) thread=9475 reason=uninitialized action=reinterpret unloaded_class_index=-1
<jvms bci='16' method='java/lang/invoke/LambdaForm argument (ILjava/lang/invoke/LambdaForm$BasicType;)Ljava/lang/invoke/LambdaForm$Name;' bytes='27' count='2' backedge_count='1' iicount='35' decompiles='10' uninitialized_traps='10'/>
</uncommon_trap>
DEOPT PACKING thread 0x00007f9cf0010800 Compiled frame (sp=0x000000030600c120 unextended sp=0x000000030600c120, fp=0x0000000000000001, real_fp=0x000000030600c150, pc=0x0000000111e9231c)
     nmethod   6004 1010             java.lang.invoke.LambdaForm::argument (27 bytes)

     Virtual frames (innermost first):
        0 - frame( sp=0x000000030600c120, unextended_sp=0x000000030600c120, fp=0x0000000000000001, pc=0x0000000111e9231c)
java.lang.invoke.LambdaForm.argument(LambdaForm.java:1649) - getstatic @ bci 16 
     Created vframeArray 0x00007f9cdf052820
DEOPT UNPACKING thread 0x00007f9cf0010800 vframeArray 0x00007f9cdf052820 mode 2
     {method} {0x000000010e479a10} &apos;argument&apos; &apos;(ILjava/lang/invoke/LambdaForm$BasicType;)Ljava/lang/invoke/LambdaForm$Name;&apos; in &apos;java/lang/invoke/LambdaForm&apos; - getstatic @ bci 16 sp = 0x000000030600c0f0
<uncommon_trap thread='9475' reason='uninitialized' action='reinterpret' compile_id='965' compiler='C2' count='2' stamp='6.044'>
Uncommon trap occurred in java.lang.invoke.LambdaForm::fixDebugName (@0x0000000111e6b83c) thread=9475 reason=uninitialized action=reinterpret unloaded_class_index=-1
<jvms bci='0' method='java/lang/invoke/LambdaForm fixDebugName (Ljava/lang/String;)Ljava/lang/String;' bytes='236' count='2' backedge_count='1' iicount='11' decompiles='2' uninitialized_traps='2'/>
</uncommon_trap>
DEOPT PACKING thread 0x00007f9cf0010800 Compiled frame (sp=0x000000030600c0d0 unextended sp=0x000000030600c0d0, fp=0x00000007957acf38, real_fp=0x000000030600c0f0, pc=0x0000000111e6b83c)
     nmethod   6043  965   !         java.lang.invoke.LambdaForm::fixDebugName (236 bytes)

     Virtual frames (innermost first):
        0 - frame( sp=0x000000030600c0d0, unextended_sp=0x000000030600c0d0, fp=0x00000007957acf38, pc=0x0000000111e6b83c)
java.lang.invoke.LambdaForm.fixDebugName(LambdaForm.java:335) - getstatic @ bci 0 
     Created vframeArray 0x00007f9cef071a20
DEOPT UNPACKING thread 0x00007f9cf0010800 vframeArray 0x00007f9cef071a20 mode 2
     {method} {0x000000010e4756e0} &apos;fixDebugName&apos; &apos;(Ljava/lang/String;)Ljava/lang/String;&apos; in &apos;java/lang/invoke/LambdaForm&apos; - getstatic @ bci 0 sp = 0x000000030600c060
<uncommon_trap thread='9475' reason='uninitialized' action='reinterpret' compile_id='966' compiler='C2' count='4' stamp='6.044'>
Uncommon trap occurred in java.lang.invoke.LambdaForm::normalize (@0x0000000111e7d1d8) thread=9475 reason=uninitialized action=reinterpret unloaded_class_index=-1
<jvms bci='176' method='java/lang/invoke/LambdaForm normalize ()I' bytes='322' count='2' backedge_count='8' iicount='9' decompiles='4' uninitialized_traps='4'/>
</uncommon_trap>
DEOPT PACKING thread 0x00007f9cf0010800 Compiled frame (sp=0x000000030600c070 unextended sp=0x000000030600c070, fp=0x00000007957acf88, real_fp=0x000000030600c0f0, pc=0x0000000111e7d1d8)
     nmethod   6044  966             java.lang.invoke.LambdaForm::normalize (322 bytes)

     Virtual frames (innermost first):
        0 - frame( sp=0x000000030600c070, unextended_sp=0x000000030600c070, fp=0x00000007957acf88, pc=0x0000000111e7d1d8)
java.lang.invoke.LambdaForm.normalize(LambdaForm.java:431) - getstatic @ bci 176 
     Created vframeArray 0x00007f9cf0077c20
DEOPT UNPACKING thread 0x00007f9cf0010800 vframeArray 0x00007f9cf0077c20 mode 2
     {method} {0x000000010e475d08} &apos;normalize&apos; &apos;()I&apos; in &apos;java/lang/invoke/LambdaForm&apos; - getstatic @ bci 176 sp = 0x000000030600c058
<uncommon_trap thread='9475' reason='uninitialized' action='reinterpret' compile_id='1014' compiler='C2' count='4' stamp='6.045'>
Uncommon trap occurred in java.lang.invoke.LambdaForm::internArgument (@0x0000000111e8cdbc) thread=9475 reason=uninitialized action=reinterpret unloaded_class_index=-1
<jvms bci='0' method='java/lang/invoke/LambdaForm internArgument (Ljava/lang/invoke/LambdaForm$Name;)Ljava/lang/invoke/LambdaForm$Name;' bytes='84' count='2' backedge_count='1' iicount='17' decompiles='4' uninitialized_traps='4'/>
</uncommon_trap>
DEOPT PACKING thread 0x00007f9cf0010800 Compiled frame (sp=0x000000030600c020 unextended sp=0x000000030600c020, fp=0x0000000795798538, real_fp=0x000000030600c040, pc=0x0000000111e8cdbc)
     nmethod   6044 1014             java.lang.invoke.LambdaForm::internArgument (84 bytes)

     Virtual frames (innermost first):
        0 - frame( sp=0x000000030600c020, unextended_sp=0x000000030600c020, fp=0x0000000795798538, pc=0x0000000111e8cdbc)
java.lang.invoke.LambdaForm.internArgument(LambdaForm.java:1652) - getstatic @ bci 0 
     Created vframeArray 0x00007f9cdf052820
DEOPT UNPACKING thread 0x00007f9cf0010800 vframeArray 0x00007f9cdf052820 mode 2
     {method} {0x000000010e479b18} &apos;internArgument&apos; &apos;(Ljava/lang/invoke/LambdaForm$Name;)Ljava/lang/invoke/LambdaForm$Name;&apos; in &apos;java/lang/invoke/LambdaForm&apos; - getstatic @ bci 0 sp = 0x000000030600bff0
<uncommon_trap thread='9475' reason='uninitialized' action='reinterpret' compile_id='1018' compiler='C2' stamp='6.063'>
Uncommon trap occurred in java.lang.invoke.LambdaForm::parameter (@0x0000000111e93e1c) thread=9475 reason=uninitialized action=reinterpret unloaded_class_index=-1
<jvms bci='0' method='java/lang/invoke/LambdaForm parameter (I)Ljava/lang/invoke/LambdaForm$Name;' bytes='52' count='2' backedge_count='1' iicount='5'/>
</uncommon_trap>
DEOPT PACKING thread 0x00007f9cf0010800 Compiled frame (sp=0x000000030600c040 unextended sp=0x000000030600c040, fp=0x00000007957acf88, real_fp=0x000000030600c070, pc=0x0000000111e93e1c)
     nmethod   6063 1018             java.lang.invoke.LambdaForm::parameter (52 bytes)

     Virtual frames (innermost first):
        0 - frame( sp=0x000000030600c040, unextended_sp=0x000000030600c040, fp=0x00000007957acf88, pc=0x0000000111e93e1c)
java.lang.invoke.LambdaForm.parameter(LambdaForm.java:505) - getstatic @ bci 0 
     Created vframeArray 0x00007f9cf086a420
DEOPT UNPACKING thread 0x00007f9cf0010800 vframeArray 0x00007f9cf086a420 mode 2
     {method} {0x000000010e4762a0} &apos;parameter&apos; &apos;(I)Ljava/lang/invoke/LambdaForm$Name;&apos; in &apos;java/lang/invoke/LambdaForm&apos; - getstatic @ bci 0 sp = 0x000000030600c008
<uncommon_trap thread='9475' reason='uninitialized' action='reinterpret' compile_id='1021' compiler='C2' stamp='6.077'>
Uncommon trap occurred in java.lang.invoke.LambdaForm::signatureArity (@0x0000000111e956bc) thread=9475 reason=uninitialized action=reinterpret unloaded_class_index=-1
<jvms bci='0' method='java/lang/invoke/LambdaForm signatureArity (Ljava/lang/String;)I' bytes='28' count='2' backedge_count='1' iicount='5'/>
</uncommon_trap>
DEOPT PACKING thread 0x00007f9cf0010800 Compiled frame (sp=0x000000030600c030 unextended sp=0x000000030600c030, fp=0x00000007957ad010, real_fp=0x000000030600c050, pc=0x0000000111e956bc)
     nmethod   6077 1021             java.lang.invoke.LambdaForm::signatureArity (28 bytes)

     Virtual frames (innermost first):
        0 - frame( sp=0x000000030600c030, unextended_sp=0x000000030600c030, fp=0x00000007957ad010, pc=0x0000000111e956bc)
java.lang.invoke.LambdaForm.signatureArity(LambdaForm.java:538) - getstatic @ bci 0 
     Created vframeArray 0x00007f9cdf052820
DEOPT UNPACKING thread 0x00007f9cf0010800 vframeArray 0x00007f9cdf052820 mode 2
     {method} {0x000000010e476760} &apos;signatureArity&apos; &apos;(Ljava/lang/String;)I&apos; in &apos;java/lang/invoke/LambdaForm&apos; - getstatic @ bci 0 sp = 0x000000030600c000
<uncommon_trap thread='9475' reason='uninitialized' action='reinterpret' compile_id='1006' compiler='C2' stamp='6.078'>
Uncommon trap occurred in java.lang.invoke.LambdaForm::compileToBytecode (@0x0000000111e8b338) thread=9475 reason=uninitialized action=reinterpret unloaded_class_index=-1
<jvms bci='24' method='java/lang/invoke/LambdaForm compileToBytecode ()Ljava/lang/invoke/MemberName;' bytes='103' count='2' backedge_count='1' iicount='5'/>
</uncommon_trap>
DEOPT PACKING thread 0x00007f9cf0010800 Compiled frame (sp=0x000000030600c180 unextended sp=0x000000030600c180, fp=0x00000007957acf88, real_fp=0x000000030600c1b0, pc=0x0000000111e8b338)
     nmethod   6077 1006   !         java.lang.invoke.LambdaForm::compileToBytecode (103 bytes)

     Virtual frames (innermost first):
        0 - frame( sp=0x000000030600c180, unextended_sp=0x000000030600c180, fp=0x00000007957acf88, pc=0x0000000111e8b338)
java.lang.invoke.LambdaForm.compileToBytecode(LambdaForm.java:652) - getstatic @ bci 24 
     Created vframeArray 0x00007f9cf086a420
DEOPT UNPACKING thread 0x00007f9cf0010800 vframeArray 0x00007f9cf086a420 mode 2
     {method} {0x000000010e476ca0} &apos;compileToBytecode&apos; &apos;()Ljava/lang/invoke/MemberName;&apos; in &apos;java/lang/invoke/LambdaForm&apos; - getstatic @ bci 24 sp = 0x000000030600c150
<uncommon_trap thread='9475' reason='uninitialized' action='reinterpret' compile_id='1061' compiler='C2' stamp='6.367'>
Uncommon trap occurred in java.lang.invoke.LambdaForm::prepare (@0x0000000111e775dc) thread=9475 reason=uninitialized action=reinterpret unloaded_class_index=-1
<jvms bci='0' method='java/lang/invoke/LambdaForm prepare ()V' bytes='43' count='3' backedge_count='1' iicount='6'/>
</uncommon_trap>
DEOPT PACKING thread 0x00007f9cf0010800 Compiled frame (sp=0x000000030600c3f0 unextended sp=0x000000030600c3f0, fp=0x00000007957acf88, real_fp=0x000000030600c410, pc=0x0000000111e775dc)
     nmethod   6367 1061             java.lang.invoke.LambdaForm::prepare (43 bytes)

     Virtual frames (innermost first):
        0 - frame( sp=0x000000030600c3f0, unextended_sp=0x000000030600c3f0, fp=0x00000007957acf88, pc=0x0000000111e775dc)
java.lang.invoke.LambdaForm.prepare(LambdaForm.java:634) - getstatic @ bci 0 
     Created vframeArray 0x00007f9cdf052820
DEOPT UNPACKING thread 0x00007f9cf0010800 vframeArray 0x00007f9cdf052820 mode 2
     {method} {0x000000010e476b58} &apos;prepare&apos; &apos;()V&apos; in &apos;java/lang/invoke/LambdaForm&apos; - getstatic @ bci 0 sp = 0x000000030600c3b0
<uncommon_trap thread='9475' reason='uninitialized' action='reinterpret' compile_id='1064' compiler='C2' count='11' stamp='6.371'>
Uncommon trap occurred in java.lang.invoke.LambdaForm::argument (@0x0000000111eaffa4) thread=9475 reason=uninitialized action=reinterpret unloaded_class_index=-1
<jvms bci='16' method='java/lang/invoke/LambdaForm argument (ILjava/lang/invoke/LambdaForm$BasicType;)Ljava/lang/invoke/LambdaForm$Name;' bytes='27' count='2' backedge_count='1' iicount='38' decompiles='11' uninitialized_traps='11'/>
</uncommon_trap>
DEOPT PACKING thread 0x00007f9cf0010800 Compiled frame (sp=0x000000030600c230 unextended sp=0x000000030600c230, fp=0x0000000000000001, real_fp=0x000000030600c260, pc=0x0000000111eaffa4)
     nmethod   6371 1064             java.lang.invoke.LambdaForm::argument (27 bytes)

     Virtual frames (innermost first):
        0 - frame( sp=0x000000030600c230, unextended_sp=0x000000030600c230, fp=0x0000000000000001, pc=0x0000000111eaffa4)
java.lang.invoke.LambdaForm.argument(LambdaForm.java:1649) - getstatic @ bci 16 
     Created vframeArray 0x00007f9cf086a420
DEOPT UNPACKING thread 0x00007f9cf0010800 vframeArray 0x00007f9cf086a420 mode 2
     {method} {0x000000010e479a10} &apos;argument&apos; &apos;(ILjava/lang/invoke/LambdaForm$BasicType;)Ljava/lang/invoke/LambdaForm$Name;&apos; in &apos;java/lang/invoke/LambdaForm&apos; - getstatic @ bci 16 sp = 0x000000030600c200
<uncommon_trap thread='9475' reason='uninitialized' action='reinterpret' compile_id='1012' compiler='C2' stamp='6.373'>
Uncommon trap occurred in java.lang.invoke.LambdaForm::basicTypeSignature (@0x0000000111e9ae4c) thread=9475 reason=uninitialized action=reinterpret unloaded_class_index=-1
<jvms bci='76' method='java/lang/invoke/LambdaForm basicTypeSignature (Ljava/lang/invoke/MethodType;)Ljava/lang/String;' bytes='101' count='2' backedge_count='3' iicount='3'/>
</uncommon_trap>
DEOPT PACKING thread 0x00007f9cf0010800 Compiled frame (sp=0x000000030600c260 unextended sp=0x000000030600c260, fp=0x0000000000000004, real_fp=0x000000030600c2b0, pc=0x0000000111e9ae4c)
     nmethod   6372 1012             java.lang.invoke.LambdaForm::basicTypeSignature (101 bytes)

     Virtual frames (innermost first):
        0 - frame( sp=0x000000030600c260, unextended_sp=0x000000030600c260, fp=0x0000000000000004, pc=0x0000000111e9ae4c)
java.lang.invoke.LambdaForm.basicTypeSignature(LambdaForm.java:1340) - getstatic @ bci 76 
     Created vframeArray 0x00007f9cf086be20
DEOPT UNPACKING thread 0x00007f9cf0010800 vframeArray 0x00007f9cf086be20 mode 2
     {method} {0x000000010e479400} &apos;basicTypeSignature&apos; &apos;(Ljava/lang/invoke/MethodType;)Ljava/lang/String;&apos; in &apos;java/lang/invoke/LambdaForm&apos; - getstatic @ bci 76 sp = 0x000000030600c240
<uncommon_trap thread='9475' reason='uninitialized' action='reinterpret' compile_id='1066' compiler='C2' count='12' stamp='6.401'>
Uncommon trap occurred in java.lang.invoke.LambdaForm::argument (@0x0000000111eafc04) thread=9475 reason=uninitialized action=reinterpret unloaded_class_index=-1
<jvms bci='16' method='java/lang/invoke/LambdaForm argument (ILjava/lang/invoke/LambdaForm$BasicType;)Ljava/lang/invoke/LambdaForm$Name;' bytes='27' count='2' backedge_count='1' iicount='41' decompiles='12' uninitialized_traps='12'/>
</uncommon_trap>
DEOPT PACKING thread 0x00007f9cf0010800 Compiled frame (sp=0x000000030600c0c0 unextended sp=0x000000030600c0c0, fp=0x0000000000000002, real_fp=0x000000030600c0f0, pc=0x0000000111eafc04)
     nmethod   6400 1066             java.lang.invoke.LambdaForm::argument (27 bytes)

     Virtual frames (innermost first):
        0 - frame( sp=0x000000030600c0c0, unextended_sp=0x000000030600c0c0, fp=0x0000000000000002, pc=0x0000000111eafc04)
java.lang.invoke.LambdaForm.argument(LambdaForm.java:1649) - getstatic @ bci 16 
     Created vframeArray 0x00007f9cef071a20
DEOPT UNPACKING thread 0x00007f9cf0010800 vframeArray 0x00007f9cef071a20 mode 2
     {method} {0x000000010e479a10} &apos;argument&apos; &apos;(ILjava/lang/invoke/LambdaForm$BasicType;)Ljava/lang/invoke/LambdaForm$Name;&apos; in &apos;java/lang/invoke/LambdaForm&apos; - getstatic @ bci 16 sp = 0x000000030600c0a0
<uncommon_trap thread='9475' reason='uninitialized' action='reinterpret' compile_id='1062' compiler='C2' count='1' stamp='6.404'>
Uncommon trap occurred in java.lang.invoke.LambdaForm::compileToBytecode (@0x0000000111ead13c) thread=9475 reason=uninitialized action=reinterpret unloaded_class_index=-1
<jvms bci='24' method='java/lang/invoke/LambdaForm compileToBytecode ()Ljava/lang/invoke/MemberName;' bytes='103' count='2' backedge_count='1' iicount='8' decompiles='1' uninitialized_traps='1'/>
</uncommon_trap>
DEOPT PACKING thread 0x00007f9cf0010800 Compiled frame (sp=0x000000030600c290 unextended sp=0x000000030600c290, fp=0x00000007957b0340, real_fp=0x000000030600c2c0, pc=0x0000000111ead13c)
     nmethod   6404 1062   !         java.lang.invoke.LambdaForm::compileToBytecode (103 bytes)

     Virtual frames (innermost first):
        0 - frame( sp=0x000000030600c290, unextended_sp=0x000000030600c290, fp=0x00000007957b0340, pc=0x0000000111ead13c)
java.lang.invoke.LambdaForm.compileToBytecode(LambdaForm.java:652) - getstatic @ bci 24 
     Created vframeArray 0x00007f9cf086be20
DEOPT UNPACKING thread 0x00007f9cf0010800 vframeArray 0x00007f9cf086be20 mode 2
     {method} {0x000000010e476ca0} &apos;compileToBytecode&apos; &apos;()Ljava/lang/invoke/MemberName;&apos; in &apos;java/lang/invoke/LambdaForm&apos; - getstatic @ bci 24 sp = 0x000000030600c260
<uncommon_trap thread='9475' reason='loop_limit_check' action='maybe_recompile' compile_id='1046' compiler='C2' stamp='6.413'>
Uncommon trap occurred in java.lang.invoke.LambdaForm::useCount (@0x0000000111ea7c24) thread=9475 reason=loop_limit_check action=maybe_recompile unloaded_class_index=-1
<jvms bci='74' method='java/lang/invoke/LambdaForm useCount (Ljava/lang/invoke/LambdaForm$Name;)I' bytes='99' count='2' backedge_count='3' iicount='3'/>
</uncommon_trap>
DEOPT PACKING thread 0x00007f9cf0010800 Compiled frame (sp=0x000000030600bf50 unextended sp=0x000000030600bf50, fp=0x0000000000000004, real_fp=0x000000030600bf90, pc=0x0000000111ea7c24)
     nmethod   6413 1046             java.lang.invoke.LambdaForm::useCount (99 bytes)

     Virtual frames (innermost first):
        0 - frame( sp=0x000000030600bf50, unextended_sp=0x000000030600bf50, fp=0x0000000000000004, pc=0x0000000111ea7c24)
java.lang.invoke.LambdaForm.useCount(LambdaForm.java:1638) - fast_iload @ bci 74 
     Created vframeArray 0x00007f9cf086b020
DEOPT UNPACKING thread 0x00007f9cf0010800 vframeArray 0x00007f9cf086b020 mode 2
     {method} {0x000000010e479878} &apos;useCount&apos; &apos;(Ljava/lang/invoke/LambdaForm$Name;)I&apos; in &apos;java/lang/invoke/LambdaForm&apos; - iload @ bci 74 sp = 0x000000030600bf10
<uncommon_trap thread='9475' reason='uninitialized' action='reinterpret' compile_id='1007' compiler='C2' stamp='6.428'>
Uncommon trap occurred in java.lang.invoke.DirectMethodHandle::makePreparedLambdaForm (@0x0000000111e97e3c) thread=9475 reason=uninitialized action=reinterpret unloaded_class_index=-1
<jvms bci='449' method='java/lang/invoke/DirectMethodHandle makePreparedLambdaForm (Ljava/lang/invoke/MethodType;I)Ljava/lang/invoke/LambdaForm;' bytes='726' count='3' backedge_count='1' iicount='6'/>
</uncommon_trap>
REALLOC OBJECTS in thread 0x00007f9cf0010800
     object &lt;0x00000007957b3a18&gt; of type &apos;java/lang/invoke/LambdaForm$Name&apos; allocated (32 bytes)
DEOPT PACKING thread 0x00007f9cf0010800 Compiled frame (sp=0x000000030600c350 unextended sp=0x000000030600c350, fp=0x0000000795799670, real_fp=0x000000030600c3d0, pc=0x0000000111e97e3c)
     nmethod   6427 1007   !         java.lang.invoke.DirectMethodHandle::makePreparedLambdaForm (726 bytes)

     Virtual frames (innermost first):
        0 - frame( sp=0x000000030600c350, unextended_sp=0x000000030600c350, fp=0x0000000795799670, pc=0x0000000111e97e3c)
java.lang.invoke.DirectMethodHandle.makePreparedLambdaForm(DirectMethodHandle.java:240) - getstatic @ bci 449 
     Created vframeArray 0x00007f9cf086be20
DEOPT UNPACKING thread 0x00007f9cf0010800 vframeArray 0x00007f9cf086be20 mode 2
     {method} {0x000000010e461e58} &apos;makePreparedLambdaForm&apos; &apos;(Ljava/lang/invoke/MethodType;I)Ljava/lang/invoke/LambdaForm;&apos; in &apos;java/lang/invoke/DirectMethodHandle&apos; - getstatic @ bci 449 sp = 0x000000030600c2b8
<uncommon_trap thread='9475' reason='uninitialized' action='reinterpret' compile_id='1065' compiler='C2' count='5' stamp='6.436'>
Uncommon trap occurred in java.lang.invoke.LambdaForm::normalize (@0x0000000111eb956c) thread=9475 reason=uninitialized action=reinterpret unloaded_class_index=-1
<jvms bci='176' method='java/lang/invoke/LambdaForm normalize ()I' bytes='322' count='2' backedge_count='10' iicount='10' decompiles='5' uninitialized_traps='5'/>
</uncommon_trap>
DEOPT PACKING thread 0x00007f9cf0010800 Compiled frame (sp=0x000000030600c180 unextended sp=0x000000030600c180, fp=0x00000007957b3ca0, real_fp=0x000000030600c210, pc=0x0000000111eb956c)
     nmethod   6436 1065             java.lang.invoke.LambdaForm::normalize (322 bytes)

     Virtual frames (innermost first):
        0 - frame( sp=0x000000030600c180, unextended_sp=0x000000030600c180, fp=0x00000007957b3ca0, pc=0x0000000111eb956c)
java.lang.invoke.LambdaForm.normalize(LambdaForm.java:431) - getstatic @ bci 176 
     Created vframeArray 0x00007f9cef071a20
DEOPT UNPACKING thread 0x00007f9cf0010800 vframeArray 0x00007f9cef071a20 mode 2
     {method} {0x000000010e475d08} &apos;normalize&apos; &apos;()I&apos; in &apos;java/lang/invoke/LambdaForm&apos; - getstatic @ bci 176 sp = 0x000000030600c178
<uncommon_trap thread='9475' reason='uninitialized' action='reinterpret' compile_id='1067' compiler='C2' count='5' stamp='6.437'>
Uncommon trap occurred in java.lang.invoke.LambdaForm::internArgument (@0x0000000111eaf9bc) thread=9475 reason=uninitialized action=reinterpret unloaded_class_index=-1
<jvms bci='0' method='java/lang/invoke/LambdaForm internArgument (Ljava/lang/invoke/LambdaForm$Name;)Ljava/lang/invoke/LambdaForm$Name;' bytes='84' count='2' backedge_count='1' iicount='20' decompiles='5' uninitialized_traps='5'/>
</uncommon_trap>
DEOPT PACKING thread 0x00007f9cf0010800 Compiled frame (sp=0x000000030600c140 unextended sp=0x000000030600c140, fp=0x0000000795798518, real_fp=0x000000030600c160, pc=0x0000000111eaf9bc)
     nmethod   6436 1067             java.lang.invoke.LambdaForm::internArgument (84 bytes)

     Virtual frames (innermost first):
        0 - frame( sp=0x000000030600c140, unextended_sp=0x000000030600c140, fp=0x0000000795798518, pc=0x0000000111eaf9bc)
java.lang.invoke.LambdaForm.internArgument(LambdaForm.java:1652) - getstatic @ bci 0 
     Created vframeArray 0x00007f9cf086be20
DEOPT UNPACKING thread 0x00007f9cf0010800 vframeArray 0x00007f9cf086be20 mode 2
     {method} {0x000000010e479b18} &apos;internArgument&apos; &apos;(Ljava/lang/invoke/LambdaForm$Name;)Ljava/lang/invoke/LambdaForm$Name;&apos; in &apos;java/lang/invoke/LambdaForm&apos; - getstatic @ bci 0 sp = 0x000000030600c110
<uncommon_trap thread='9475' reason='uninitialized' action='reinterpret' compile_id='1074' compiler='C2' count='13' stamp='6.437'>
Uncommon trap occurred in java.lang.invoke.LambdaForm::argument (@0x0000000111eb88c4) thread=9475 reason=uninitialized action=reinterpret unloaded_class_index=-1
<jvms bci='16' method='java/lang/invoke/LambdaForm argument (ILjava/lang/invoke/LambdaForm$BasicType;)Ljava/lang/invoke/LambdaForm$Name;' bytes='27' count='2' backedge_count='1' iicount='44' decompiles='13' uninitialized_traps='13'/>
</uncommon_trap>
DEOPT PACKING thread 0x00007f9cf0010800 Compiled frame (sp=0x000000030600c0c0 unextended sp=0x000000030600c0c0, fp=0x0000000000000000, real_fp=0x000000030600c0f0, pc=0x0000000111eb88c4)
     nmethod   6437 1074             java.lang.invoke.LambdaForm::argument (27 bytes)

     Virtual frames (innermost first):
        0 - frame( sp=0x000000030600c0c0, unextended_sp=0x000000030600c0c0, fp=0x0000000000000000, pc=0x0000000111eb88c4)
java.lang.invoke.LambdaForm.argument(LambdaForm.java:1649) - getstatic @ bci 16 
     Created vframeArray 0x00007f9cf086a420
DEOPT UNPACKING thread 0x00007f9cf0010800 vframeArray 0x00007f9cf086a420 mode 2
     {method} {0x000000010e479a10} &apos;argument&apos; &apos;(ILjava/lang/invoke/LambdaForm$BasicType;)Ljava/lang/invoke/LambdaForm$Name;&apos; in &apos;java/lang/invoke/LambdaForm&apos; - getstatic @ bci 16 sp = 0x000000030600c0a0
<uncommon_trap thread='9475' reason='uninitialized' action='reinterpret' compile_id='1068' compiler='C2' count='1' stamp='6.438'>
Uncommon trap occurred in java.lang.invoke.LambdaForm::parameter (@0x0000000111eaf75c) thread=9475 reason=uninitialized action=reinterpret unloaded_class_index=-1
<jvms bci='0' method='java/lang/invoke/LambdaForm parameter (I)Ljava/lang/invoke/LambdaForm$Name;' bytes='52' count='3' backedge_count='1' iicount='9' decompiles='1' uninitialized_traps='1'/>
</uncommon_trap>
DEOPT PACKING thread 0x00007f9cf0010800 Compiled frame (sp=0x000000030600c180 unextended sp=0x000000030600c180, fp=0x00000007957b3ca0, real_fp=0x000000030600c1b0, pc=0x0000000111eaf75c)
     nmethod   6438 1068             java.lang.invoke.LambdaForm::parameter (52 bytes)

     Virtual frames (innermost first):
        0 - frame( sp=0x000000030600c180, unextended_sp=0x000000030600c180, fp=0x00000007957b3ca0, pc=0x0000000111eaf75c)
java.lang.invoke.LambdaForm.parameter(LambdaForm.java:505) - getstatic @ bci 0 
     Created vframeArray 0x00007f9cef071a20
DEOPT UNPACKING thread 0x00007f9cf0010800 vframeArray 0x00007f9cef071a20 mode 2
     {method} {0x000000010e4762a0} &apos;parameter&apos; &apos;(I)Ljava/lang/invoke/LambdaForm$Name;&apos; in &apos;java/lang/invoke/LambdaForm&apos; - getstatic @ bci 0 sp = 0x000000030600c148
<uncommon_trap thread='9475' reason='uninitialized' action='reinterpret' compile_id='1078' compiler='C2' count='1' stamp='6.442'>
Uncommon trap occurred in java.lang.invoke.LambdaForm::signatureArity (@0x0000000111eb783c) thread=9475 reason=uninitialized action=reinterpret unloaded_class_index=-1
<jvms bci='0' method='java/lang/invoke/LambdaForm signatureArity (Ljava/lang/String;)I' bytes='28' count='2' backedge_count='1' iicount='8' decompiles='1' uninitialized_traps='1'/>
</uncommon_trap>
DEOPT PACKING thread 0x00007f9cf0010800 Compiled frame (sp=0x000000030600c140 unextended sp=0x000000030600c140, fp=0x00000007957b3d30, real_fp=0x000000030600c160, pc=0x0000000111eb783c)
     nmethod   6441 1078             java.lang.invoke.LambdaForm::signatureArity (28 bytes)

     Virtual frames (innermost first):
        0 - frame( sp=0x000000030600c140, unextended_sp=0x000000030600c140, fp=0x00000007957b3d30, pc=0x0000000111eb783c)
java.lang.invoke.LambdaForm.signatureArity(LambdaForm.java:538) - getstatic @ bci 0 
     Created vframeArray 0x00007f9cef076e20
DEOPT UNPACKING thread 0x00007f9cf0010800 vframeArray 0x00007f9cef076e20 mode 2
     {method} {0x000000010e476760} &apos;signatureArity&apos; &apos;(Ljava/lang/String;)I&apos; in &apos;java/lang/invoke/LambdaForm&apos; - getstatic @ bci 0 sp = 0x000000030600c110
<uncommon_trap thread='9475' reason='uninitialized' action='reinterpret' compile_id='1071' compiler='C2' count='2' stamp='6.442'>
Uncommon trap occurred in java.lang.invoke.LambdaForm::compileToBytecode (@0x0000000111eb6a74) thread=9475 reason=uninitialized action=reinterpret unloaded_class_index=-1
<jvms bci='24' method='java/lang/invoke/LambdaForm compileToBytecode ()Ljava/lang/invoke/MemberName;' bytes='103' count='2' backedge_count='1' iicount='11' decompiles='2' uninitialized_traps='2'/>
</uncommon_trap>
DEOPT PACKING thread 0x00007f9cf0010800 Compiled frame (sp=0x000000030600c290 unextended sp=0x000000030600c290, fp=0x00000007957b3ca0, real_fp=0x000000030600c2c0, pc=0x0000000111eb6a74)
     nmethod   6442 1071   !         java.lang.invoke.LambdaForm::compileToBytecode (103 bytes)

     Virtual frames (innermost first):
        0 - frame( sp=0x000000030600c290, unextended_sp=0x000000030600c290, fp=0x00000007957b3ca0, pc=0x0000000111eb6a74)
java.lang.invoke.LambdaForm.compileToBytecode(LambdaForm.java:652) - getstatic @ bci 24 
     Created vframeArray 0x00007f9cef071a20
DEOPT UNPACKING thread 0x00007f9cf0010800 vframeArray 0x00007f9cef071a20 mode 2
     {method} {0x000000010e476ca0} &apos;compileToBytecode&apos; &apos;()Ljava/lang/invoke/MemberName;&apos; in &apos;java/lang/invoke/LambdaForm&apos; - getstatic @ bci 24 sp = 0x000000030600c260
<uncommon_trap thread='9475' reason='loop_limit_check' action='maybe_recompile' compile_id='962' compiler='C2' stamp='6.952'>
Uncommon trap occurred in java.lang.invoke.LambdaForm::shortenSignature (@0x0000000111e79a4c) thread=9475 reason=loop_limit_check action=maybe_recompile unloaded_class_index=-1
<jvms bci='97' method='java/lang/invoke/LambdaForm shortenSignature (Ljava/lang/String;)Ljava/lang/String;' bytes='166' count='2' backedge_count='6' iicount='2'/>
</uncommon_trap>
DEOPT PACKING thread 0x00007f9cf0010800 Compiled frame (sp=0x000000030600cdf0 unextended sp=0x000000030600cdf0, fp=0x0000000000000005, real_fp=0x000000030600ce50, pc=0x0000000111e79a4c)
     nmethod   6952  962             java.lang.invoke.LambdaForm::shortenSignature (166 bytes)

     Virtual frames (innermost first):
        0 - frame( sp=0x000000030600cdf0, unextended_sp=0x000000030600cdf0, fp=0x0000000000000005, pc=0x0000000111e79a4c)
java.lang.invoke.LambdaForm.shortenSignature(LambdaForm.java:1360) - aload @ bci 97 
     Created vframeArray 0x00007f9cf0077c20
DEOPT UNPACKING thread 0x00007f9cf0010800 vframeArray 0x00007f9cf0077c20 mode 2
     {method} {0x000000010e4795d8} &apos;shortenSignature&apos; &apos;(Ljava/lang/String;)Ljava/lang/String;&apos; in &apos;java/lang/invoke/LambdaForm&apos; - aload @ bci 97 sp = 0x000000030600cdb8
<uncommon_trap thread='9475' reason='uninitialized' action='reinterpret' compile_id='1126' compiler='C2' count='6' stamp='6.981'>
Uncommon trap occurred in java.lang.invoke.LambdaForm::internArgument (@0x0000000111ead6bc) thread=9475 reason=uninitialized action=reinterpret unloaded_class_index=-1
<jvms bci='0' method='java/lang/invoke/LambdaForm internArgument (Ljava/lang/invoke/LambdaForm$Name;)Ljava/lang/invoke/LambdaForm$Name;' bytes='84' count='2' backedge_count='1' iicount='23' decompiles='6' uninitialized_traps='6'/>
</uncommon_trap>
DEOPT PACKING thread 0x00007f9cf0010800 Compiled frame (sp=0x000000030600ccd0 unextended sp=0x000000030600ccd0, fp=0x0000000795798538, real_fp=0x000000030600ccf0, pc=0x0000000111ead6bc)
     nmethod   6981 1126             java.lang.invoke.LambdaForm::internArgument (84 bytes)

     Virtual frames (innermost first):
        0 - frame( sp=0x000000030600ccd0, unextended_sp=0x000000030600ccd0, fp=0x0000000795798538, pc=0x0000000111ead6bc)
java.lang.invoke.LambdaForm.internArgument(LambdaForm.java:1652) - getstatic @ bci 0 
     Created vframeArray 0x00007f9cef071a20
DEOPT UNPACKING thread 0x00007f9cf0010800 vframeArray 0x00007f9cef071a20 mode 2
     {method} {0x000000010e479b18} &apos;internArgument&apos; &apos;(Ljava/lang/invoke/LambdaForm$Name;)Ljava/lang/invoke/LambdaForm$Name;&apos; in &apos;java/lang/invoke/LambdaForm&apos; - getstatic @ bci 0 sp = 0x000000030600cca0
<uncommon_trap thread='9475' reason='uninitialized' action='reinterpret' compile_id='1127' compiler='C2' count='14' stamp='6.982'>
Uncommon trap occurred in java.lang.invoke.LambdaForm::argument (@0x0000000111ed6fc4) thread=9475 reason=uninitialized action=reinterpret unloaded_class_index=-1
<jvms bci='16' method='java/lang/invoke/LambdaForm argument (ILjava/lang/invoke/LambdaForm$BasicType;)Ljava/lang/invoke/LambdaForm$Name;' bytes='27' count='2' backedge_count='1' iicount='47' decompiles='14' uninitialized_traps='14'/>
</uncommon_trap>
DEOPT PACKING thread 0x00007f9cf0010800 Compiled frame (sp=0x000000030600cc50 unextended sp=0x000000030600cc50, fp=0x0000000000000001, real_fp=0x000000030600cc80, pc=0x0000000111ed6fc4)
     nmethod   6981 1127             java.lang.invoke.LambdaForm::argument (27 bytes)

     Virtual frames (innermost first):
        0 - frame( sp=0x000000030600cc50, unextended_sp=0x000000030600cc50, fp=0x0000000000000001, pc=0x0000000111ed6fc4)
java.lang.invoke.LambdaForm.argument(LambdaForm.java:1649) - getstatic @ bci 16 
     Created vframeArray 0x00007f9cf0077c20
DEOPT UNPACKING thread 0x00007f9cf0010800 vframeArray 0x00007f9cf0077c20 mode 2
     {method} {0x000000010e479a10} &apos;argument&apos; &apos;(ILjava/lang/invoke/LambdaForm$BasicType;)Ljava/lang/invoke/LambdaForm$Name;&apos; in &apos;java/lang/invoke/LambdaForm&apos; - getstatic @ bci 16 sp = 0x000000030600cc30
<uncommon_trap thread='9475' reason='uninitialized' action='reinterpret' compile_id='1128' compiler='C2' count='2' stamp='6.983'>
Uncommon trap occurred in java.lang.invoke.LambdaForm::parameter (@0x0000000111ead45c) thread=9475 reason=uninitialized action=reinterpret unloaded_class_index=-1
<jvms bci='0' method='java/lang/invoke/LambdaForm parameter (I)Ljava/lang/invoke/LambdaForm$Name;' bytes='52' count='3' backedge_count='1' iicount='13' decompiles='2' uninitialized_traps='2'/>
</uncommon_trap>
DEOPT PACKING thread 0x00007f9cf0010800 Compiled frame (sp=0x000000030600cd30 unextended sp=0x000000030600cd30, fp=0x00000007957b6938, real_fp=0x000000030600cd60, pc=0x0000000111ead45c)
     nmethod   6983 1128             java.lang.invoke.LambdaForm::parameter (52 bytes)

     Virtual frames (innermost first):
        0 - frame( sp=0x000000030600cd30, unextended_sp=0x000000030600cd30, fp=0x00000007957b6938, pc=0x0000000111ead45c)
java.lang.invoke.LambdaForm.parameter(LambdaForm.java:505) - getstatic @ bci 0 
     Created vframeArray 0x00007f9cf006d620
DEOPT UNPACKING thread 0x00007f9cf0010800 vframeArray 0x00007f9cf006d620 mode 2
     {method} {0x000000010e4762a0} &apos;parameter&apos; &apos;(I)Ljava/lang/invoke/LambdaForm$Name;&apos; in &apos;java/lang/invoke/LambdaForm&apos; - getstatic @ bci 0 sp = 0x000000030600ccf8
<uncommon_trap thread='9475' reason='uninitialized' action='reinterpret' compile_id='1098' compiler='C2' stamp='6.989'>
Uncommon trap occurred in java.lang.invoke.LambdaForm::lastUseIndex (@0x0000000111ecbcf4) thread=9475 reason=uninitialized action=reinterpret unloaded_class_index=-1
<jvms bci='11' method='java/lang/invoke/LambdaForm lastUseIndex (Ljava/lang/invoke/LambdaForm$Name;)I' bytes='76' count='2' backedge_count='1' iicount='5'/>
</uncommon_trap>
DEOPT PACKING thread 0x00007f9cf0010800 Compiled frame (sp=0x000000030600caf0 unextended sp=0x000000030600caf0, fp=0x0000000000000006, real_fp=0x000000030600cb30, pc=0x0000000111ecbcf4)
     nmethod   6989 1098             java.lang.invoke.LambdaForm::lastUseIndex (76 bytes)

     Virtual frames (innermost first):
        0 - frame( sp=0x000000030600caf0, unextended_sp=0x000000030600caf0, fp=0x0000000000000006, pc=0x0000000111ecbcf4)
java.lang.invoke.LambdaForm.lastUseIndex(LambdaForm.java:1619) - getstatic @ bci 11 
     Created vframeArray 0x00007f9cf086a420
DEOPT UNPACKING thread 0x00007f9cf0010800 vframeArray 0x00007f9cf086a420 mode 2
     {method} {0x000000010e479708} &apos;lastUseIndex&apos; &apos;(Ljava/lang/invoke/LambdaForm$Name;)I&apos; in &apos;java/lang/invoke/LambdaForm&apos; - getstatic @ bci 11 sp = 0x000000030600cab8
<uncommon_trap thread='9475' reason='uninitialized' action='reinterpret' compile_id='1072' compiler='C2' count='1' stamp='6.999'>
Uncommon trap occurred in java.lang.invoke.LambdaForm::prepare (@0x0000000111eaf4dc) thread=9475 reason=uninitialized action=reinterpret unloaded_class_index=-1
<jvms bci='0' method='java/lang/invoke/LambdaForm prepare ()V' bytes='43' count='3' backedge_count='1' iicount='10' decompiles='1' uninitialized_traps='1'/>
</uncommon_trap>
DEOPT PACKING thread 0x00007f9cf0010800 Compiled frame (sp=0x000000030600cf20 unextended sp=0x000000030600cf20, fp=0x00000007957b6938, real_fp=0x000000030600cf40, pc=0x0000000111eaf4dc)
     nmethod   6999 1072             java.lang.invoke.LambdaForm::prepare (43 bytes)

     Virtual frames (innermost first):
        0 - frame( sp=0x000000030600cf20, unextended_sp=0x000000030600cf20, fp=0x00000007957b6938, pc=0x0000000111eaf4dc)
java.lang.invoke.LambdaForm.prepare(LambdaForm.java:634) - getstatic @ bci 0 
     Created vframeArray 0x00007f9cf086e620
DEOPT UNPACKING thread 0x00007f9cf0010800 vframeArray 0x00007f9cf086e620 mode 2
     {method} {0x000000010e476b58} &apos;prepare&apos; &apos;()V&apos; in &apos;java/lang/invoke/LambdaForm&apos; - getstatic @ bci 0 sp = 0x000000030600cee8
<uncommon_trap thread='9475' reason='uninitialized' action='reinterpret' compile_id='1133' compiler='C2' count='15' stamp='7.006'>
Uncommon trap occurred in java.lang.invoke.LambdaForm::argument (@0x0000000111ee3dc4) thread=9475 reason=uninitialized action=reinterpret unloaded_class_index=-1
<jvms bci='16' method='java/lang/invoke/LambdaForm argument (ILjava/lang/invoke/LambdaForm$BasicType;)Ljava/lang/invoke/LambdaForm$Name;' bytes='27' count='2' backedge_count='1' iicount='50' decompiles='15' uninitialized_traps='15'/>
</uncommon_trap>
DEOPT PACKING thread 0x00007f9cf0010800 Compiled frame (sp=0x000000030600cd40 unextended sp=0x000000030600cd40, fp=0x0000000000000001, real_fp=0x000000030600cd70, pc=0x0000000111ee3dc4)
     nmethod   7005 1133             java.lang.invoke.LambdaForm::argument (27 bytes)

     Virtual frames (innermost first):
        0 - frame( sp=0x000000030600cd40, unextended_sp=0x000000030600cd40, fp=0x0000000000000001, pc=0x0000000111ee3dc4)
java.lang.invoke.LambdaForm.argument(LambdaForm.java:1649) - getstatic @ bci 16 
     Created vframeArray 0x00007f9cf086a420
DEOPT UNPACKING thread 0x00007f9cf0010800 vframeArray 0x00007f9cf086a420 mode 2
     {method} {0x000000010e479a10} &apos;argument&apos; &apos;(ILjava/lang/invoke/LambdaForm$BasicType;)Ljava/lang/invoke/LambdaForm$Name;&apos; in &apos;java/lang/invoke/LambdaForm&apos; - getstatic @ bci 16 sp = 0x000000030600cd10
<uncommon_trap thread='9475' reason='uninitialized' action='reinterpret' compile_id='1124' compiler='C2' count='3' stamp='7.007'>
Uncommon trap occurred in java.lang.invoke.LambdaForm::fixDebugName (@0x0000000111ebedbc) thread=9475 reason=uninitialized action=reinterpret unloaded_class_index=-1
<jvms bci='0' method='java/lang/invoke/LambdaForm fixDebugName (Ljava/lang/String;)Ljava/lang/String;' bytes='236' count='2' backedge_count='1' iicount='14' decompiles='3' uninitialized_traps='3'/>
</uncommon_trap>
DEOPT PACKING thread 0x00007f9cf0010800 Compiled frame (sp=0x000000030600ccf0 unextended sp=0x000000030600ccf0, fp=0x00000007957bb5f0, real_fp=0x000000030600cd10, pc=0x0000000111ebedbc)
     nmethod   7006 1124   !         java.lang.invoke.LambdaForm::fixDebugName (236 bytes)

     Virtual frames (innermost first):
        0 - frame( sp=0x000000030600ccf0, unextended_sp=0x000000030600ccf0, fp=0x00000007957bb5f0, pc=0x0000000111ebedbc)
java.lang.invoke.LambdaForm.fixDebugName(LambdaForm.java:335) - getstatic @ bci 0 
     Created vframeArray 0x00007f9cdf065020
DEOPT UNPACKING thread 0x00007f9cf0010800 vframeArray 0x00007f9cdf065020 mode 2
     {method} {0x000000010e4756e0} &apos;fixDebugName&apos; &apos;(Ljava/lang/String;)Ljava/lang/String;&apos; in &apos;java/lang/invoke/LambdaForm&apos; - getstatic @ bci 0 sp = 0x000000030600cc80
<uncommon_trap thread='9475' reason='uninitialized' action='reinterpret' compile_id='1125' compiler='C2' count='6' stamp='7.007'>
Uncommon trap occurred in java.lang.invoke.LambdaForm::normalize (@0x0000000111ee17e8) thread=9475 reason=uninitialized action=reinterpret unloaded_class_index=-1
<jvms bci='176' method='java/lang/invoke/LambdaForm normalize ()I' bytes='322' count='2' backedge_count='12' iicount='11' decompiles='6' uninitialized_traps='6'/>
</uncommon_trap>
DEOPT PACKING thread 0x00007f9cf0010800 Compiled frame (sp=0x000000030600cc80 unextended sp=0x000000030600cc80, fp=0x00000007957bb638, real_fp=0x000000030600cd10, pc=0x0000000111ee17e8)
     nmethod   7007 1125             java.lang.invoke.LambdaForm::normalize (322 bytes)

     Virtual frames (innermost first):
        0 - frame( sp=0x000000030600cc80, unextended_sp=0x000000030600cc80, fp=0x00000007957bb638, pc=0x0000000111ee17e8)
java.lang.invoke.LambdaForm.normalize(LambdaForm.java:431) - getstatic @ bci 176 
     Created vframeArray 0x00007f9cdf066420
DEOPT UNPACKING thread 0x00007f9cf0010800 vframeArray 0x00007f9cdf066420 mode 2
     {method} {0x000000010e475d08} &apos;normalize&apos; &apos;()I&apos; in &apos;java/lang/invoke/LambdaForm&apos; - getstatic @ bci 176 sp = 0x000000030600cc78
<uncommon_trap thread='9475' reason='uninitialized' action='reinterpret' compile_id='1134' compiler='C2' count='7' stamp='7.008'>
Uncommon trap occurred in java.lang.invoke.LambdaForm::internArgument (@0x0000000111ee067c) thread=9475 reason=uninitialized action=reinterpret unloaded_class_index=-1
<jvms bci='0' method='java/lang/invoke/LambdaForm internArgument (Ljava/lang/invoke/LambdaForm$Name;)Ljava/lang/invoke/LambdaForm$Name;' bytes='84' count='2' backedge_count='1' iicount='26' decompiles='7' uninitialized_traps='7'/>
</uncommon_trap>
DEOPT PACKING thread 0x00007f9cf0010800 Compiled frame (sp=0x000000030600cc40 unextended sp=0x000000030600cc40, fp=0x0000000795798538, real_fp=0x000000030600cc60, pc=0x0000000111ee067c)
     nmethod   7008 1134             java.lang.invoke.LambdaForm::internArgument (84 bytes)

     Virtual frames (innermost first):
        0 - frame( sp=0x000000030600cc40, unextended_sp=0x000000030600cc40, fp=0x0000000795798538, pc=0x0000000111ee067c)
java.lang.invoke.LambdaForm.internArgument(LambdaForm.java:1652) - getstatic @ bci 0 
     Created vframeArray 0x00007f9cf006d620
DEOPT UNPACKING thread 0x00007f9cf0010800 vframeArray 0x00007f9cf006d620 mode 2
     {method} {0x000000010e479b18} &apos;internArgument&apos; &apos;(Ljava/lang/invoke/LambdaForm$Name;)Ljava/lang/invoke/LambdaForm$Name;&apos; in &apos;java/lang/invoke/LambdaForm&apos; - getstatic @ bci 0 sp = 0x000000030600cc10
<uncommon_trap thread='9475' reason='uninitialized' action='reinterpret' compile_id='1135' compiler='C2' count='2' stamp='7.010'>
Uncommon trap occurred in java.lang.invoke.LambdaForm::signatureArity (@0x0000000111ed203c) thread=9475 reason=uninitialized action=reinterpret unloaded_class_index=-1
<jvms bci='0' method='java/lang/invoke/LambdaForm signatureArity (Ljava/lang/String;)I' bytes='28' count='2' backedge_count='1' iicount='11' decompiles='2' uninitialized_traps='2'/>
</uncommon_trap>
DEOPT PACKING thread 0x00007f9cf0010800 Compiled frame (sp=0x000000030600ce50 unextended sp=0x000000030600ce50, fp=0x00000007957bb6c8, real_fp=0x000000030600ce70, pc=0x0000000111ed203c)
     nmethod   7009 1135             java.lang.invoke.LambdaForm::signatureArity (28 bytes)

     Virtual frames (innermost first):
        0 - frame( sp=0x000000030600ce50, unextended_sp=0x000000030600ce50, fp=0x00000007957bb6c8, pc=0x0000000111ed203c)
java.lang.invoke.LambdaForm.signatureArity(LambdaForm.java:538) - getstatic @ bci 0 
     Created vframeArray 0x00007f9cef071a20
DEOPT UNPACKING thread 0x00007f9cf0010800 vframeArray 0x00007f9cef071a20 mode 2
     {method} {0x000000010e476760} &apos;signatureArity&apos; &apos;(Ljava/lang/String;)I&apos; in &apos;java/lang/invoke/LambdaForm&apos; - getstatic @ bci 0 sp = 0x000000030600ce18
<uncommon_trap thread='9475' reason='class_check' action='maybe_recompile' compile_id='993' compiler='C2' stamp='7.015'>
Uncommon trap occurred in java.lang.invoke.InvokerBytecodeGenerator::emitPushArgument (@0x0000000111e8a750) thread=9475 reason=class_check action=maybe_recompile unloaded_class_index=-1
<jvms bci='6' method='java/lang/invoke/InvokerBytecodeGenerator emitPushArgument (Ljava/lang/Class;Ljava/lang/Object;)V' bytes='120' count='3' backedge_count='1' iicount='6'/>
</uncommon_trap>
DEOPT PACKING thread 0x00007f9cf0010800 Compiled frame (sp=0x000000030600cd60 unextended sp=0x000000030600cd60, fp=0x00000007957bb758, real_fp=0x000000030600cdb0, pc=0x0000000111e8a750)
     nmethod   7015  993             java.lang.invoke.InvokerBytecodeGenerator::emitPushArgument (120 bytes)

     Virtual frames (innermost first):
        0 - frame( sp=0x000000030600cd60, unextended_sp=0x000000030600cd60, fp=0x00000007957bb758, pc=0x0000000111e8a750)
java.lang.invoke.InvokerBytecodeGenerator.emitPushArgument(InvokerBytecodeGenerator.java:1156) - instanceof @ bci 6 
     Created vframeArray 0x00007f9cef076e20
DEOPT UNPACKING thread 0x00007f9cf0010800 vframeArray 0x00007f9cef076e20 mode 2
     {method} {0x000000010e880a88} &apos;emitPushArgument&apos; &apos;(Ljava/lang/Class;Ljava/lang/Object;)V&apos; in &apos;java/lang/invoke/InvokerBytecodeGenerator&apos; - instanceof @ bci 6 sp = 0x000000030600cd30
<uncommon_trap thread='9475' reason='class_check' action='maybe_recompile' compile_id='1095' compiler='C2' stamp='7.018'>
Uncommon trap occurred in java.lang.invoke.InvokerBytecodeGenerator::emitReferenceCast (@0x0000000111ec08a8) thread=9475 reason=class_check action=maybe_recompile unloaded_class_index=-1
<jvms bci='3' method='java/lang/invoke/InvokerBytecodeGenerator emitReferenceCast (Ljava/lang/Class;Ljava/lang/Object;)V' bytes='184' count='3' backedge_count='1' iicount='6'/>
</uncommon_trap>
DEOPT PACKING thread 0x00007f9cf0010800 Compiled frame (sp=0x000000030600cc90 unextended sp=0x000000030600cc90, fp=0x00000007957bb758, real_fp=0x000000030600ccd0, pc=0x0000000111ec08a8)
     nmethod   7017 1095             java.lang.invoke.InvokerBytecodeGenerator::emitReferenceCast (184 bytes)

     Virtual frames (innermost first):
        0 - frame( sp=0x000000030600cc90, unextended_sp=0x000000030600cc90, fp=0x00000007957bb758, pc=0x0000000111ec08a8)
java.lang.invoke.InvokerBytecodeGenerator.emitReferenceCast(InvokerBytecodeGenerator.java:558) - instanceof @ bci 3 
     Created vframeArray 0x00007f9cf006d620
DEOPT UNPACKING thread 0x00007f9cf0010800 vframeArray 0x00007f9cf006d620 mode 2
     {method} {0x000000010e87e538} &apos;emitReferenceCast&apos; &apos;(Ljava/lang/Class;Ljava/lang/Object;)V&apos; in &apos;java/lang/invoke/InvokerBytecodeGenerator&apos; - instanceof @ bci 3 sp = 0x000000030600cc50
<uncommon_trap thread='9475' reason='null_assert' action='make_not_entrant' compile_id='1113' compiler='C2' stamp='7.038'>
Uncommon trap occurred in java.lang.invoke.InvokerBytecodeGenerator::cpPatches (@0x0000000111ecfd08) thread=9475 reason=null_assert action=make_not_entrant unloaded_class_index=-1
<jvms bci='43' method='java/lang/invoke/InvokerBytecodeGenerator cpPatches ([B)[Ljava/lang/Object;' bytes='128' count='2' backedge_count='1' iicount='5'/>
</uncommon_trap>
DEOPT PACKING thread 0x00007f9cf0010800 Compiled frame (sp=0x000000030600ce60 unextended sp=0x000000030600ce60, fp=0x00000007957be670, real_fp=0x000000030600ced0, pc=0x0000000111ecfd08)
     nmethod   7038 1113             java.lang.invoke.InvokerBytecodeGenerator::cpPatches (128 bytes)

     Virtual frames (innermost first):
        0 - frame( sp=0x000000030600ce60, unextended_sp=0x000000030600ce60, fp=0x00000007957be670, pc=0x0000000111ecfd08)
java.lang.invoke.InvokerBytecodeGenerator.cpPatches(InvokerBytecodeGenerator.java:238) - checkcast @ bci 43 
     Created vframeArray 0x00007f9cdf066420
DEOPT UNPACKING thread 0x00007f9cf0010800 vframeArray 0x00007f9cdf066420 mode 2
     {method} {0x000000010e87c8c0} &apos;cpPatches&apos; &apos;([B)[Ljava/lang/Object;&apos; in &apos;java/lang/invoke/InvokerBytecodeGenerator&apos; - checkcast @ bci 43 sp = 0x000000030600ce48
<uncommon_trap thread='9475' reason='unloaded' action='reinterpret' index='48' compile_id='942' compiler='C2' unresolved='1' name='java/lang/invoke/DirectMethodHandle$Accessor' stamp='7.040'>
Uncommon trap occurred in java.lang.invoke.DirectMethodHandle::make (@0x0000000111e741e8) thread=9475 reason=unloaded action=reinterpret unloaded_class_index=48 unresolved class: java/lang/invoke/DirectMethodHandle$Accessor
<jvms bci='226' method='java/lang/invoke/DirectMethodHandle make (BLjava/lang/Class;Ljava/lang/invoke/MemberName;)Ljava/lang/invoke/DirectMethodHandle;' bytes='242' count='2' backedge_count='1' iicount='5'/>
</uncommon_trap>
DEOPT PACKING thread 0x00007f9cf0010800 Compiled frame (sp=0x000000030600d040 unextended sp=0x000000030600d040, fp=0x00000007957bab08, real_fp=0x000000030600d090, pc=0x0000000111e741e8)
     nmethod   7040  942             java.lang.invoke.DirectMethodHandle::make (242 bytes)

     Virtual frames (innermost first):
        0 - frame( sp=0x000000030600d040, unextended_sp=0x000000030600d040, fp=0x00000007957bab08, pc=0x0000000111e741e8)
java.lang.invoke.DirectMethodHandle.make(DirectMethodHandle.java:102) - new @ bci 226 
     Created vframeArray 0x00007f9cef076e20
DEOPT UNPACKING thread 0x00007f9cf0010800 vframeArray 0x00007f9cef076e20 mode 2
     {method} {0x000000010e460e40} &apos;make&apos; &apos;(BLjava/lang/Class;Ljava/lang/invoke/MemberName;)Ljava/lang/invoke/DirectMethodHandle;&apos; in &apos;java/lang/invoke/DirectMethodHandle&apos; - new @ bci 226 sp = 0x000000030600d000
<uncommon_trap thread='9475' reason='uninitialized' action='reinterpret' compile_id='1130' compiler='C2' count='3' stamp='7.056'>
Uncommon trap occurred in java.lang.invoke.LambdaForm::compileToBytecode (@0x0000000111ee44bc) thread=9475 reason=uninitialized action=reinterpret unloaded_class_index=-1
<jvms bci='24' method='java/lang/invoke/LambdaForm compileToBytecode ()Ljava/lang/invoke/MemberName;' bytes='103' count='3' backedge_count='1' iicount='15' decompiles='3' uninitialized_traps='3'/>
</uncommon_trap>
DEOPT PACKING thread 0x00007f9cf0010800 Compiled frame (sp=0x000000030600e880 unextended sp=0x000000030600e880, fp=0x0000000795799838, real_fp=0x000000030600e8b0, pc=0x0000000111ee44bc)
     nmethod   7056 1130   !         java.lang.invoke.LambdaForm::compileToBytecode (103 bytes)

     Virtual frames (innermost first):
        0 - frame( sp=0x000000030600e880, unextended_sp=0x000000030600e880, fp=0x0000000795799838, pc=0x0000000111ee44bc)
java.lang.invoke.LambdaForm.compileToBytecode(LambdaForm.java:652) - getstatic @ bci 24 
     Created vframeArray 0x00007f9cdf066420
DEOPT UNPACKING thread 0x00007f9cf0010800 vframeArray 0x00007f9cdf066420 mode 2
     {method} {0x000000010e476ca0} &apos;compileToBytecode&apos; &apos;()Ljava/lang/invoke/MemberName;&apos; in &apos;java/lang/invoke/LambdaForm&apos; - getstatic @ bci 24 sp = 0x000000030600e850
<uncommon_trap thread='9475' reason='uninitialized' action='reinterpret' compile_id='1141' compiler='C2' count='3' stamp='7.074'>
Uncommon trap occurred in java.lang.invoke.LambdaForm::parameter (@0x0000000111ee7c5c) thread=9475 reason=uninitialized action=reinterpret unloaded_class_index=-1
<jvms bci='0' method='java/lang/invoke/LambdaForm parameter (I)Ljava/lang/invoke/LambdaForm$Name;' bytes='52' count='3' backedge_count='1' iicount='17' decompiles='3' uninitialized_traps='3'/>
</uncommon_trap>
DEOPT PACKING thread 0x00007f9cf0010800 Compiled frame (sp=0x000000030600e780 unextended sp=0x000000030600e780, fp=0x000000079579a3a8, real_fp=0x000000030600e7b0, pc=0x0000000111ee7c5c)
     nmethod   7074 1141             java.lang.invoke.LambdaForm::parameter (52 bytes)

     Virtual frames (innermost first):
        0 - frame( sp=0x000000030600e780, unextended_sp=0x000000030600e780, fp=0x000000079579a3a8, pc=0x0000000111ee7c5c)
java.lang.invoke.LambdaForm.parameter(LambdaForm.java:505) - getstatic @ bci 0 
     Created vframeArray 0x00007f9cef076e20
DEOPT UNPACKING thread 0x00007f9cf0010800 vframeArray 0x00007f9cef076e20 mode 2
     {method} {0x000000010e4762a0} &apos;parameter&apos; &apos;(I)Ljava/lang/invoke/LambdaForm$Name;&apos; in &apos;java/lang/invoke/LambdaForm&apos; - getstatic @ bci 0 sp = 0x000000030600e748
<uncommon_trap thread='9475' reason='uninitialized' action='reinterpret' compile_id='1144' compiler='C2' count='3' stamp='7.076'>
Uncommon trap occurred in java.lang.invoke.LambdaForm::signatureArity (@0x0000000111ee98bc) thread=9475 reason=uninitialized action=reinterpret unloaded_class_index=-1
<jvms bci='0' method='java/lang/invoke/LambdaForm signatureArity (Ljava/lang/String;)I' bytes='28' count='2' backedge_count='1' iicount='14' decompiles='3' uninitialized_traps='3'/>
</uncommon_trap>
DEOPT PACKING thread 0x00007f9cf0010800 Compiled frame (sp=0x000000030600e780 unextended sp=0x000000030600e780, fp=0x00000007957c06f8, real_fp=0x000000030600e7a0, pc=0x0000000111ee98bc)
     nmethod   7075 1144             java.lang.invoke.LambdaForm::signatureArity (28 bytes)

     Virtual frames (innermost first):
        0 - frame( sp=0x000000030600e780, unextended_sp=0x000000030600e780, fp=0x00000007957c06f8, pc=0x0000000111ee98bc)
java.lang.invoke.LambdaForm.signatureArity(LambdaForm.java:538) - getstatic @ bci 0 
     Created vframeArray 0x00007f9cef076220
DEOPT UNPACKING thread 0x00007f9cf0010800 vframeArray 0x00007f9cef076220 mode 2
     {method} {0x000000010e476760} &apos;signatureArity&apos; &apos;(Ljava/lang/String;)I&apos; in &apos;java/lang/invoke/LambdaForm&apos; - getstatic @ bci 0 sp = 0x000000030600e748
<uncommon_trap thread='9475' reason='class_check' action='maybe_recompile' compile_id='1095' compiler='C2' count='1' state='class_check' stamp='7.077'>
Uncommon trap occurred in java.lang.invoke.InvokerBytecodeGenerator::emitReferenceCast (@0x0000000111ec08a8) thread=9475 reason=class_check action=maybe_recompile unloaded_class_index=-1
<jvms bci='3' method='java/lang/invoke/InvokerBytecodeGenerator emitReferenceCast (Ljava/lang/Class;Ljava/lang/Object;)V' bytes='184' count='3' backedge_count='1' iicount='6' class_check_traps='1'/>
</uncommon_trap>
DEOPT PACKING thread 0x00007f9cf0010800 Compiled frame (sp=0x000000030600e6c0 unextended sp=0x000000030600e6c0, fp=0x00000007957c0788, real_fp=0x000000030600e700, pc=0x0000000111ec08a8)
     nmethod   7077 1095             java.lang.invoke.InvokerBytecodeGenerator::emitReferenceCast (184 bytes)

     Virtual frames (innermost first):
        0 - frame( sp=0x000000030600e6c0, unextended_sp=0x000000030600e6c0, fp=0x00000007957c0788, pc=0x0000000111ec08a8)
java.lang.invoke.InvokerBytecodeGenerator.emitReferenceCast(InvokerBytecodeGenerator.java:558) - instanceof @ bci 3 
     Created vframeArray 0x00007f9cf006d620
DEOPT UNPACKING thread 0x00007f9cf0010800 vframeArray 0x00007f9cf006d620 mode 2
     {method} {0x000000010e87e538} &apos;emitReferenceCast&apos; &apos;(Ljava/lang/Class;Ljava/lang/Object;)V&apos; in &apos;java/lang/invoke/InvokerBytecodeGenerator&apos; - instanceof @ bci 3 sp = 0x000000030600e698
<uncommon_trap thread='9475' reason='null_check' action='make_not_entrant' compile_id='993' compiler='C2' state='class_check' stamp='7.078'>
Uncommon trap occurred in java.lang.invoke.InvokerBytecodeGenerator::emitPushArgument (@0x0000000111e8a794) thread=9475 reason=null_check action=make_not_entrant unloaded_class_index=-1
<jvms bci='6' method='java/lang/invoke/InvokerBytecodeGenerator emitPushArgument (Ljava/lang/Class;Ljava/lang/Object;)V' bytes='120' count='3' backedge_count='1' iicount='6' class_check_traps='1'/>
</uncommon_trap>
DEOPT PACKING thread 0x00007f9cf0010800 Compiled frame (sp=0x000000030600e640 unextended sp=0x000000030600e640, fp=0x00000007957c0788, real_fp=0x000000030600e690, pc=0x0000000111e8a794)
     nmethod   7078  993             java.lang.invoke.InvokerBytecodeGenerator::emitPushArgument (120 bytes)

     Virtual frames (innermost first):
        0 - frame( sp=0x000000030600e640, unextended_sp=0x000000030600e640, fp=0x00000007957c0788, pc=0x0000000111e8a794)
java.lang.invoke.InvokerBytecodeGenerator.emitPushArgument(InvokerBytecodeGenerator.java:1156) - instanceof @ bci 6 
     Created vframeArray 0x00007f9cef076220
DEOPT UNPACKING thread 0x00007f9cf0010800 vframeArray 0x00007f9cef076220 mode 2
     {method} {0x000000010e880a88} &apos;emitPushArgument&apos; &apos;(Ljava/lang/Class;Ljava/lang/Object;)V&apos; in &apos;java/lang/invoke/InvokerBytecodeGenerator&apos; - instanceof @ bci 6 sp = 0x000000030600e610
<uncommon_trap thread='9475' reason='uninitialized' action='reinterpret' compile_id='1143' compiler='C2' count='2' stamp='7.085'>
Uncommon trap occurred in java.lang.invoke.LambdaForm::prepare (@0x0000000111ee79dc) thread=9475 reason=uninitialized action=reinterpret unloaded_class_index=-1
<jvms bci='0' method='java/lang/invoke/LambdaForm prepare ()V' bytes='43' count='3' backedge_count='1' iicount='14' decompiles='2' uninitialized_traps='2'/>
</uncommon_trap>
DEOPT PACKING thread 0x00007f9cf0010800 Compiled frame (sp=0x000000030600e900 unextended sp=0x000000030600e900, fp=0x000000079579b128, real_fp=0x000000030600e920, pc=0x0000000111ee79dc)
     nmethod   7085 1143             java.lang.invoke.LambdaForm::prepare (43 bytes)

     Virtual frames (innermost first):
        0 - frame( sp=0x000000030600e900, unextended_sp=0x000000030600e900, fp=0x000000079579b128, pc=0x0000000111ee79dc)
java.lang.invoke.LambdaForm.prepare(LambdaForm.java:634) - getstatic @ bci 0 
     Created vframeArray 0x00007f9cdf066420
DEOPT UNPACKING thread 0x00007f9cf0010800 vframeArray 0x00007f9cdf066420 mode 2
     {method} {0x000000010e476b58} &apos;prepare&apos; &apos;()V&apos; in &apos;java/lang/invoke/LambdaForm&apos; - getstatic @ bci 0 sp = 0x000000030600e8c0
<uncommon_trap thread='9475' reason='uninitialized' action='reinterpret' compile_id='1147' compiler='C2' count='4' stamp='7.090'>
Uncommon trap occurred in java.lang.invoke.LambdaForm::signatureArity (@0x0000000111eeabfc) thread=9475 reason=uninitialized action=reinterpret unloaded_class_index=-1
<jvms bci='0' method='java/lang/invoke/LambdaForm signatureArity (Ljava/lang/String;)I' bytes='28' count='2' backedge_count='1' iicount='17' decompiles='4' uninitialized_traps='4'/>
</uncommon_trap>
DEOPT PACKING thread 0x00007f9cf0010800 Compiled frame (sp=0x000000030600e780 unextended sp=0x000000030600e780, fp=0x00000007957c41b8, real_fp=0x000000030600e7a0, pc=0x0000000111eeabfc)
     nmethod   7089 1147             java.lang.invoke.LambdaForm::signatureArity (28 bytes)

     Virtual frames (innermost first):
        0 - frame( sp=0x000000030600e780, unextended_sp=0x000000030600e780, fp=0x00000007957c41b8, pc=0x0000000111eeabfc)
java.lang.invoke.LambdaForm.signatureArity(LambdaForm.java:538) - getstatic @ bci 0 
     Created vframeArray 0x00007f9cef076220
DEOPT UNPACKING thread 0x00007f9cf0010800 vframeArray 0x00007f9cef076220 mode 2
     {method} {0x000000010e476760} &apos;signatureArity&apos; &apos;(Ljava/lang/String;)I&apos; in &apos;java/lang/invoke/LambdaForm&apos; - getstatic @ bci 0 sp = 0x000000030600e748
<uncommon_trap thread='9475' reason='class_check' action='maybe_recompile' compile_id='1095' compiler='C2' count='2' state='class_check' stamp='7.121'>
Uncommon trap occurred in java.lang.invoke.InvokerBytecodeGenerator::emitReferenceCast (@0x0000000111ec08a8) thread=9475 reason=class_check action=maybe_recompile unloaded_class_index=-1
<jvms bci='3' method='java/lang/invoke/InvokerBytecodeGenerator emitReferenceCast (Ljava/lang/Class;Ljava/lang/Object;)V' bytes='184' count='3' backedge_count='1' iicount='6' class_check_traps='2'/>
</uncommon_trap>
DEOPT PACKING thread 0x00007f9cf0010800 Compiled frame (sp=0x000000030600e6c0 unextended sp=0x000000030600e6c0, fp=0x00000007957c43a8, real_fp=0x000000030600e700, pc=0x0000000111ec08a8)
     nmethod   7121 1095             java.lang.invoke.InvokerBytecodeGenerator::emitReferenceCast (184 bytes)

     Virtual frames (innermost first):
        0 - frame( sp=0x000000030600e6c0, unextended_sp=0x000000030600e6c0, fp=0x00000007957c43a8, pc=0x0000000111ec08a8)
java.lang.invoke.InvokerBytecodeGenerator.emitReferenceCast(InvokerBytecodeGenerator.java:558) - instanceof @ bci 3 
     Created vframeArray 0x00007f9cf086e620
DEOPT UNPACKING thread 0x00007f9cf0010800 vframeArray 0x00007f9cf086e620 mode 2
     {method} {0x000000010e87e538} &apos;emitReferenceCast&apos; &apos;(Ljava/lang/Class;Ljava/lang/Object;)V&apos; in &apos;java/lang/invoke/InvokerBytecodeGenerator&apos; - instanceof @ bci 3 sp = 0x000000030600e698
<uncommon_trap thread='9475' reason='uninitialized' action='reinterpret' compile_id='1146' compiler='C2' count='4' stamp='7.151'>
Uncommon trap occurred in java.lang.invoke.LambdaForm::parameter (@0x0000000111ee7edc) thread=9475 reason=uninitialized action=reinterpret unloaded_class_index=-1
<jvms bci='0' method='java/lang/invoke/LambdaForm parameter (I)Ljava/lang/invoke/LambdaForm$Name;' bytes='52' count='3' backedge_count='1' iicount='21' decompiles='4' uninitialized_traps='4'/>
</uncommon_trap>
DEOPT PACKING thread 0x00007f9cf0010800 Compiled frame (sp=0x000000030600e7c0 unextended sp=0x000000030600e7c0, fp=0x000000079579b8e0, real_fp=0x000000030600e7f0, pc=0x0000000111ee7edc)
     nmethod   7150 1146             java.lang.invoke.LambdaForm::parameter (52 bytes)

     Virtual frames (innermost first):
        0 - frame( sp=0x000000030600e7c0, unextended_sp=0x000000030600e7c0, fp=0x000000079579b8e0, pc=0x0000000111ee7edc)
java.lang.invoke.LambdaForm.parameter(LambdaForm.java:505) - getstatic @ bci 0 
     Created vframeArray 0x00007f9cf006d620
DEOPT UNPACKING thread 0x00007f9cf0010800 vframeArray 0x00007f9cf006d620 mode 2
     {method} {0x000000010e4762a0} &apos;parameter&apos; &apos;(I)Ljava/lang/invoke/LambdaForm$Name;&apos; in &apos;java/lang/invoke/LambdaForm&apos; - getstatic @ bci 0 sp = 0x000000030600e788
<uncommon_trap thread='9475' reason='uninitialized' action='reinterpret' compile_id='1145' compiler='C2' count='4' stamp='7.153'>
Uncommon trap occurred in java.lang.invoke.LambdaForm::compileToBytecode (@0x0000000111eeaf3c) thread=9475 reason=uninitialized action=reinterpret unloaded_class_index=-1
<jvms bci='24' method='java/lang/invoke/LambdaForm compileToBytecode ()Ljava/lang/invoke/MemberName;' bytes='103' count='2' backedge_count='1' iicount='18' decompiles='4' uninitialized_traps='4'/>
</uncommon_trap>
DEOPT PACKING thread 0x00007f9cf0010800 Compiled frame (sp=0x000000030600e880 unextended sp=0x000000030600e880, fp=0x000000079579b8e0, real_fp=0x000000030600e8b0, pc=0x0000000111eeaf3c)
     nmethod   7152 1145   !         java.lang.invoke.LambdaForm::compileToBytecode (103 bytes)

     Virtual frames (innermost first):
        0 - frame( sp=0x000000030600e880, unextended_sp=0x000000030600e880, fp=0x000000079579b8e0, pc=0x0000000111eeaf3c)
java.lang.invoke.LambdaForm.compileToBytecode(LambdaForm.java:652) - getstatic @ bci 24 
     Created vframeArray 0x00007f9cef076a20
DEOPT UNPACKING thread 0x00007f9cf0010800 vframeArray 0x00007f9cef076a20 mode 2
     {method} {0x000000010e476ca0} &apos;compileToBytecode&apos; &apos;()Ljava/lang/invoke/MemberName;&apos; in &apos;java/lang/invoke/LambdaForm&apos; - getstatic @ bci 24 sp = 0x000000030600e850
<uncommon_trap thread='9475' reason='uninitialized' action='reinterpret' compile_id='1154' compiler='C2' count='5' stamp='7.158'>
Uncommon trap occurred in java.lang.invoke.LambdaForm::signatureArity (@0x0000000111eeeb7c) thread=9475 reason=uninitialized action=reinterpret unloaded_class_index=-1
<jvms bci='0' method='java/lang/invoke/LambdaForm signatureArity (Ljava/lang/String;)I' bytes='28' count='2' backedge_count='1' iicount='20' decompiles='5' uninitialized_traps='5'/>
</uncommon_trap>
DEOPT PACKING thread 0x00007f9cf0010800 Compiled frame (sp=0x000000030600e8a0 unextended sp=0x000000030600e8a0, fp=0x00000007957c81c0, real_fp=0x000000030600e8c0, pc=0x0000000111eeeb7c)
     nmethod   7157 1154             java.lang.invoke.LambdaForm::signatureArity (28 bytes)

     Virtual frames (innermost first):
        0 - frame( sp=0x000000030600e8a0, unextended_sp=0x000000030600e8a0, fp=0x00000007957c81c0, pc=0x0000000111eeeb7c)
java.lang.invoke.LambdaForm.signatureArity(LambdaForm.java:538) - getstatic @ bci 0 
     Created vframeArray 0x00007f9cef077e20
DEOPT UNPACKING thread 0x00007f9cf0010800 vframeArray 0x00007f9cef077e20 mode 2
     {method} {0x000000010e476760} &apos;signatureArity&apos; &apos;(Ljava/lang/String;)I&apos; in &apos;java/lang/invoke/LambdaForm&apos; - getstatic @ bci 0 sp = 0x000000030600e868
<uncommon_trap thread='9475' reason='class_check' action='maybe_recompile' compile_id='1095' compiler='C2' count='3' state='class_check' stamp='7.159'>
Uncommon trap occurred in java.lang.invoke.InvokerBytecodeGenerator::emitReferenceCast (@0x0000000111ec08a8) thread=9475 reason=class_check action=maybe_recompile unloaded_class_index=-1
<jvms bci='3' method='java/lang/invoke/InvokerBytecodeGenerator emitReferenceCast (Ljava/lang/Class;Ljava/lang/Object;)V' bytes='184' count='3' backedge_count='1' iicount='6' class_check_traps='3'/>
</uncommon_trap>
DEOPT PACKING thread 0x00007f9cf0010800 Compiled frame (sp=0x000000030600e7e0 unextended sp=0x000000030600e7e0, fp=0x00000007957c8250, real_fp=0x000000030600e820, pc=0x0000000111ec08a8)
     nmethod   7158 1095             java.lang.invoke.InvokerBytecodeGenerator::emitReferenceCast (184 bytes)

     Virtual frames (innermost first):
        0 - frame( sp=0x000000030600e7e0, unextended_sp=0x000000030600e7e0, fp=0x00000007957c8250, pc=0x0000000111ec08a8)
java.lang.invoke.InvokerBytecodeGenerator.emitReferenceCast(InvokerBytecodeGenerator.java:558) - instanceof @ bci 3 
     Created vframeArray 0x00007f9cef076a20
DEOPT UNPACKING thread 0x00007f9cf0010800 vframeArray 0x00007f9cef076a20 mode 2
     {method} {0x000000010e87e538} &apos;emitReferenceCast&apos; &apos;(Ljava/lang/Class;Ljava/lang/Object;)V&apos; in &apos;java/lang/invoke/InvokerBytecodeGenerator&apos; - instanceof @ bci 3 sp = 0x000000030600e7b8
<uncommon_trap thread='9475' reason='uninitialized' action='reinterpret' compile_id='1159' compiler='C2' count='6' stamp='7.168'>
Uncommon trap occurred in java.lang.invoke.LambdaForm::signatureArity (@0x0000000111eefc3c) thread=9475 reason=uninitialized action=reinterpret unloaded_class_index=-1
<jvms bci='0' method='java/lang/invoke/LambdaForm signatureArity (Ljava/lang/String;)I' bytes='28' count='2' backedge_count='1' iicount='23' decompiles='6' uninitialized_traps='6'/>
</uncommon_trap>
DEOPT PACKING thread 0x00007f9cf0010800 Compiled frame (sp=0x000000030600e8a0 unextended sp=0x000000030600e8a0, fp=0x00000007957cbc80, real_fp=0x000000030600e8c0, pc=0x0000000111eefc3c)
     nmethod   7168 1159             java.lang.invoke.LambdaForm::signatureArity (28 bytes)

     Virtual frames (innermost first):
        0 - frame( sp=0x000000030600e8a0, unextended_sp=0x000000030600e8a0, fp=0x00000007957cbc80, pc=0x0000000111eefc3c)
java.lang.invoke.LambdaForm.signatureArity(LambdaForm.java:538) - getstatic @ bci 0 
     Created vframeArray 0x00007f9cf086e620
DEOPT UNPACKING thread 0x00007f9cf0010800 vframeArray 0x00007f9cf086e620 mode 2
     {method} {0x000000010e476760} &apos;signatureArity&apos; &apos;(Ljava/lang/String;)I&apos; in &apos;java/lang/invoke/LambdaForm&apos; - getstatic @ bci 0 sp = 0x000000030600e868
<uncommon_trap thread='9475' reason='uninitialized' action='reinterpret' compile_id='1156' compiler='C2' count='3' stamp='7.209'>
Uncommon trap occurred in java.lang.invoke.LambdaForm::prepare (@0x0000000111eef35c) thread=9475 reason=uninitialized action=reinterpret unloaded_class_index=-1
<jvms bci='0' method='java/lang/invoke/LambdaForm prepare ()V' bytes='43' count='3' backedge_count='1' iicount='18' decompiles='3' uninitialized_traps='3'/>
</uncommon_trap>
DEOPT PACKING thread 0x00007f9cf0010800 Compiled frame (sp=0x000000030600ea20 unextended sp=0x000000030600ea20, fp=0x000000079579c5a8, real_fp=0x000000030600ea40, pc=0x0000000111eef35c)
     nmethod   7208 1156             java.lang.invoke.LambdaForm::prepare (43 bytes)

     Virtual frames (innermost first):
        0 - frame( sp=0x000000030600ea20, unextended_sp=0x000000030600ea20, fp=0x000000079579c5a8, pc=0x0000000111eef35c)
java.lang.invoke.LambdaForm.prepare(LambdaForm.java:634) - getstatic @ bci 0 
     Created vframeArray 0x00007f9cdf067820
DEOPT UNPACKING thread 0x00007f9cf0010800 vframeArray 0x00007f9cdf067820 mode 2
     {method} {0x000000010e476b58} &apos;prepare&apos; &apos;()V&apos; in &apos;java/lang/invoke/LambdaForm&apos; - getstatic @ bci 0 sp = 0x000000030600e9e0
<uncommon_trap thread='9475' reason='uninitialized' action='reinterpret' compile_id='1157' compiler='C2' count='5' stamp='7.209'>
Uncommon trap occurred in java.lang.invoke.LambdaForm::parameter (@0x0000000111eef5dc) thread=9475 reason=uninitialized action=reinterpret unloaded_class_index=-1
<jvms bci='0' method='java/lang/invoke/LambdaForm parameter (I)Ljava/lang/invoke/LambdaForm$Name;' bytes='52' count='3' backedge_count='1' iicount='25' decompiles='5' uninitialized_traps='5'/>
</uncommon_trap>
DEOPT PACKING thread 0x00007f9cf0010800 Compiled frame (sp=0x000000030600e8e0 unextended sp=0x000000030600e8e0, fp=0x000000079579c5a8, real_fp=0x000000030600e910, pc=0x0000000111eef5dc)
     nmethod   7209 1157             java.lang.invoke.LambdaForm::parameter (52 bytes)

     Virtual frames (innermost first):
        0 - frame( sp=0x000000030600e8e0, unextended_sp=0x000000030600e8e0, fp=0x000000079579c5a8, pc=0x0000000111eef5dc)
java.lang.invoke.LambdaForm.parameter(LambdaForm.java:505) - getstatic @ bci 0 
     Created vframeArray 0x00007f9cdf068c20
DEOPT UNPACKING thread 0x00007f9cf0010800 vframeArray 0x00007f9cdf068c20 mode 2
     {method} {0x000000010e4762a0} &apos;parameter&apos; &apos;(I)Ljava/lang/invoke/LambdaForm$Name;&apos; in &apos;java/lang/invoke/LambdaForm&apos; - getstatic @ bci 0 sp = 0x000000030600e8a8
<uncommon_trap thread='9475' reason='uninitialized' action='reinterpret' compile_id='1158' compiler='C2' count='5' stamp='7.210'>
Uncommon trap occurred in java.lang.invoke.LambdaForm::compileToBytecode (@0x0000000111eef93c) thread=9475 reason=uninitialized action=reinterpret unloaded_class_index=-1
<jvms bci='24' method='java/lang/invoke/LambdaForm compileToBytecode ()Ljava/lang/invoke/MemberName;' bytes='103' count='2' backedge_count='1' iicount='21' decompiles='5' uninitialized_traps='5'/>
</uncommon_trap>
DEOPT PACKING thread 0x00007f9cf0010800 Compiled frame (sp=0x000000030600e9a0 unextended sp=0x000000030600e9a0, fp=0x000000079579c5a8, real_fp=0x000000030600e9d0, pc=0x0000000111eef93c)
     nmethod   7210 1158   !         java.lang.invoke.LambdaForm::compileToBytecode (103 bytes)

     Virtual frames (innermost first):
        0 - frame( sp=0x000000030600e9a0, unextended_sp=0x000000030600e9a0, fp=0x000000079579c5a8, pc=0x0000000111eef93c)
java.lang.invoke.LambdaForm.compileToBytecode(LambdaForm.java:652) - getstatic @ bci 24 
     Created vframeArray 0x00007f9cef076a20
DEOPT UNPACKING thread 0x00007f9cf0010800 vframeArray 0x00007f9cef076a20 mode 2
     {method} {0x000000010e476ca0} &apos;compileToBytecode&apos; &apos;()Ljava/lang/invoke/MemberName;&apos; in &apos;java/lang/invoke/LambdaForm&apos; - getstatic @ bci 24 sp = 0x000000030600e970
<uncommon_trap thread='9475' reason='uninitialized' action='reinterpret' compile_id='1167' compiler='C2' count='7' stamp='7.212'>
Uncommon trap occurred in java.lang.invoke.LambdaForm::signatureArity (@0x0000000111ef00bc) thread=9475 reason=uninitialized action=reinterpret unloaded_class_index=-1
<jvms bci='0' method='java/lang/invoke/LambdaForm signatureArity (Ljava/lang/String;)I' bytes='28' count='2' backedge_count='1' iicount='26' decompiles='7' uninitialized_traps='7'/>
</uncommon_trap>
DEOPT PACKING thread 0x00007f9cf0010800 Compiled frame (sp=0x000000030600e8a0 unextended sp=0x000000030600e8a0, fp=0x00000007957cfb70, real_fp=0x000000030600e8c0, pc=0x0000000111ef00bc)
     nmethod   7212 1167             java.lang.invoke.LambdaForm::signatureArity (28 bytes)

     Virtual frames (innermost first):
        0 - frame( sp=0x000000030600e8a0, unextended_sp=0x000000030600e8a0, fp=0x00000007957cfb70, pc=0x0000000111ef00bc)
java.lang.invoke.LambdaForm.signatureArity(LambdaForm.java:538) - getstatic @ bci 0 
     Created vframeArray 0x00007f9cef077220
DEOPT UNPACKING thread 0x00007f9cf0010800 vframeArray 0x00007f9cef077220 mode 2
     {method} {0x000000010e476760} &apos;signatureArity&apos; &apos;(Ljava/lang/String;)I&apos; in &apos;java/lang/invoke/LambdaForm&apos; - getstatic @ bci 0 sp = 0x000000030600e868
<uncommon_trap thread='9475' reason='uninitialized' action='reinterpret' compile_id='1123' compiler='C2' count='1' stamp='7.370'>
Uncommon trap occurred in java.lang.invoke.LambdaForm::basicTypeSignature (@0x0000000111ee2cf4) thread=9475 reason=uninitialized action=reinterpret unloaded_class_index=-1
<jvms bci='76' method='java/lang/invoke/LambdaForm basicTypeSignature (Ljava/lang/invoke/MethodType;)Ljava/lang/String;' bytes='101' count='2' backedge_count='5' iicount='5' decompiles='1' uninitialized_traps='1'/>
</uncommon_trap>
DEOPT PACKING thread 0x00007f9cf0010800 Compiled frame (sp=0x000000030600eab0 unextended sp=0x000000030600eab0, fp=0x0000000000000004, real_fp=0x000000030600eb00, pc=0x0000000111ee2cf4)
     nmethod   7370 1123             java.lang.invoke.LambdaForm::basicTypeSignature (101 bytes)

     Virtual frames (innermost first):
        0 - frame( sp=0x000000030600eab0, unextended_sp=0x000000030600eab0, fp=0x0000000000000004, pc=0x0000000111ee2cf4)
java.lang.invoke.LambdaForm.basicTypeSignature(LambdaForm.java:1340) - getstatic @ bci 76 
     Created vframeArray 0x00007f9cdf06a020
DEOPT UNPACKING thread 0x00007f9cf0010800 vframeArray 0x00007f9cdf06a020 mode 2
     {method} {0x000000010e479400} &apos;basicTypeSignature&apos; &apos;(Ljava/lang/invoke/MethodType;)Ljava/lang/String;&apos; in &apos;java/lang/invoke/LambdaForm&apos; - getstatic @ bci 76 sp = 0x000000030600ea90
<uncommon_trap thread='9475' reason='uninitialized' action='reinterpret' compile_id='1202' compiler='C2' count='8' stamp='7.372'>
Uncommon trap occurred in java.lang.invoke.LambdaForm::signatureArity (@0x0000000111efd87c) thread=9475 reason=uninitialized action=reinterpret unloaded_class_index=-1
<jvms bci='0' method='java/lang/invoke/LambdaForm signatureArity (Ljava/lang/String;)I' bytes='28' count='2' backedge_count='1' iicount='29' decompiles='8' uninitialized_traps='8'/>
</uncommon_trap>
DEOPT PACKING thread 0x00007f9cf0010800 Compiled frame (sp=0x000000030600ea40 unextended sp=0x000000030600ea40, fp=0x00000007957d9458, real_fp=0x000000030600ea60, pc=0x0000000111efd87c)
     nmethod   7371 1202             java.lang.invoke.LambdaForm::signatureArity (28 bytes)

     Virtual frames (innermost first):
        0 - frame( sp=0x000000030600ea40, unextended_sp=0x000000030600ea40, fp=0x00000007957d9458, pc=0x0000000111efd87c)
java.lang.invoke.LambdaForm.signatureArity(LambdaForm.java:538) - getstatic @ bci 0 
     Created vframeArray 0x00007f9cef077220
DEOPT UNPACKING thread 0x00007f9cf0010800 vframeArray 0x00007f9cef077220 mode 2
     {method} {0x000000010e476760} &apos;signatureArity&apos; &apos;(Ljava/lang/String;)I&apos; in &apos;java/lang/invoke/LambdaForm&apos; - getstatic @ bci 0 sp = 0x000000030600ea08
<uncommon_trap thread='9475' reason='uninitialized' action='reinterpret' compile_id='1203' compiler='C2' count='16' stamp='7.373'>
Uncommon trap occurred in java.lang.invoke.LambdaForm::argument (@0x0000000111f02704) thread=9475 reason=uninitialized action=reinterpret unloaded_class_index=-1
<jvms bci='16' method='java/lang/invoke/LambdaForm argument (ILjava/lang/invoke/LambdaForm$BasicType;)Ljava/lang/invoke/LambdaForm$Name;' bytes='27' count='2' backedge_count='1' iicount='53' decompiles='16' uninitialized_traps='16'/>
</uncommon_trap>
DEOPT PACKING thread 0x00007f9cf0010800 Compiled frame (sp=0x000000030600e8f0 unextended sp=0x000000030600e8f0, fp=0x0000000000000001, real_fp=0x000000030600e920, pc=0x0000000111f02704)
     nmethod   7372 1203             java.lang.invoke.LambdaForm::argument (27 bytes)

     Virtual frames (innermost first):
        0 - frame( sp=0x000000030600e8f0, unextended_sp=0x000000030600e8f0, fp=0x0000000000000001, pc=0x0000000111f02704)
java.lang.invoke.LambdaForm.argument(LambdaForm.java:1649) - getstatic @ bci 16 
     Created vframeArray 0x00007f9cf0077c20
DEOPT UNPACKING thread 0x00007f9cf0010800 vframeArray 0x00007f9cf0077c20 mode 2
     {method} {0x000000010e479a10} &apos;argument&apos; &apos;(ILjava/lang/invoke/LambdaForm$BasicType;)Ljava/lang/invoke/LambdaForm$Name;&apos; in &apos;java/lang/invoke/LambdaForm&apos; - getstatic @ bci 16 sp = 0x000000030600e8d0
<uncommon_trap thread='9475' reason='uninitialized' action='reinterpret' compile_id='1205' compiler='C2' count='9' stamp='7.392'>
Uncommon trap occurred in java.lang.invoke.LambdaForm::signatureArity (@0x0000000111ed757c) thread=9475 reason=uninitialized action=reinterpret unloaded_class_index=-1
<jvms bci='0' method='java/lang/invoke/LambdaForm signatureArity (Ljava/lang/String;)I' bytes='28' count='2' backedge_count='1' iicount='32' decompiles='9' uninitialized_traps='9'/>
</uncommon_trap>
DEOPT PACKING thread 0x00007f9cf0010800 Compiled frame (sp=0x000000030600ea40 unextended sp=0x000000030600ea40, fp=0x00000007957da2a8, real_fp=0x000000030600ea60, pc=0x0000000111ed757c)
     nmethod   7391 1205             java.lang.invoke.LambdaForm::signatureArity (28 bytes)

     Virtual frames (innermost first):
        0 - frame( sp=0x000000030600ea40, unextended_sp=0x000000030600ea40, fp=0x00000007957da2a8, pc=0x0000000111ed757c)
java.lang.invoke.LambdaForm.signatureArity(LambdaForm.java:538) - getstatic @ bci 0 
     Created vframeArray 0x00007f9cef077220
DEOPT UNPACKING thread 0x00007f9cf0010800 vframeArray 0x00007f9cef077220 mode 2
     {method} {0x000000010e476760} &apos;signatureArity&apos; &apos;(Ljava/lang/String;)I&apos; in &apos;java/lang/invoke/LambdaForm&apos; - getstatic @ bci 0 sp = 0x000000030600ea08
<uncommon_trap thread='9475' reason='uninitialized' action='reinterpret' compile_id='1209' compiler='C2' count='17' stamp='7.402'>
Uncommon trap occurred in java.lang.invoke.LambdaForm::argument (@0x0000000111f04544) thread=9475 reason=uninitialized action=reinterpret unloaded_class_index=-1
<jvms bci='16' method='java/lang/invoke/LambdaForm argument (ILjava/lang/invoke/LambdaForm$BasicType;)Ljava/lang/invoke/LambdaForm$Name;' bytes='27' count='2' backedge_count='1' iicount='56' decompiles='17' uninitialized_traps='17'/>
</uncommon_trap>
DEOPT PACKING thread 0x00007f9cf0010800 Compiled frame (sp=0x000000030600e930 unextended sp=0x000000030600e930, fp=0x0000000000000002, real_fp=0x000000030600e960, pc=0x0000000111f04544)
     nmethod   7401 1209             java.lang.invoke.LambdaForm::argument (27 bytes)

     Virtual frames (innermost first):
        0 - frame( sp=0x000000030600e930, unextended_sp=0x000000030600e930, fp=0x0000000000000002, pc=0x0000000111f04544)
java.lang.invoke.LambdaForm.argument(LambdaForm.java:1649) - getstatic @ bci 16 
     Created vframeArray 0x00007f9cdf06a020
DEOPT UNPACKING thread 0x00007f9cf0010800 vframeArray 0x00007f9cdf06a020 mode 2
     {method} {0x000000010e479a10} &apos;argument&apos; &apos;(ILjava/lang/invoke/LambdaForm$BasicType;)Ljava/lang/invoke/LambdaForm$Name;&apos; in &apos;java/lang/invoke/LambdaForm&apos; - getstatic @ bci 16 sp = 0x000000030600e900
<uncommon_trap thread='9475' reason='uninitialized' action='reinterpret' compile_id='1173' compiler='C2' count='4' stamp='7.423'>
Uncommon trap occurred in java.lang.invoke.LambdaForm::prepare (@0x0000000111ef579c) thread=9475 reason=uninitialized action=reinterpret unloaded_class_index=-1
<jvms bci='0' method='java/lang/invoke/LambdaForm prepare ()V' bytes='43' count='2' backedge_count='1' iicount='21' decompiles='4' uninitialized_traps='4'/>
</uncommon_trap>
DEOPT PACKING thread 0x00007f9cf0010800 Compiled frame (sp=0x000000030600e990 unextended sp=0x000000030600e990, fp=0x00000007957b0340, real_fp=0x000000030600e9b0, pc=0x0000000111ef579c)
     nmethod   7423 1173             java.lang.invoke.LambdaForm::prepare (43 bytes)

     Virtual frames (innermost first):
        0 - frame( sp=0x000000030600e990, unextended_sp=0x000000030600e990, fp=0x00000007957b0340, pc=0x0000000111ef579c)
java.lang.invoke.LambdaForm.prepare(LambdaForm.java:634) - getstatic @ bci 0 
     Created vframeArray 0x00007f9cef076a20
DEOPT UNPACKING thread 0x00007f9cf0010800 vframeArray 0x00007f9cef076a20 mode 2
     {method} {0x000000010e476b58} &apos;prepare&apos; &apos;()V&apos; in &apos;java/lang/invoke/LambdaForm&apos; - getstatic @ bci 0 sp = 0x000000030600e950
<uncommon_trap thread='9475' reason='uninitialized' action='reinterpret' compile_id='1214' compiler='C2' count='10' stamp='7.424'>
Uncommon trap occurred in java.lang.invoke.LambdaForm::signatureArity (@0x0000000111f07bfc) thread=9475 reason=uninitialized action=reinterpret unloaded_class_index=-1
<jvms bci='0' method='java/lang/invoke/LambdaForm signatureArity (Ljava/lang/String;)I' bytes='28' count='2' backedge_count='1' iicount='35' decompiles='10' uninitialized_traps='10'/>
</uncommon_trap>
DEOPT PACKING thread 0x00007f9cf0010800 Compiled frame (sp=0x000000030600eaa0 unextended sp=0x000000030600eaa0, fp=0x00000007957dedf8, real_fp=0x000000030600eac0, pc=0x0000000111f07bfc)
     nmethod   7424 1214             java.lang.invoke.LambdaForm::signatureArity (28 bytes)

     Virtual frames (innermost first):
        0 - frame( sp=0x000000030600eaa0, unextended_sp=0x000000030600eaa0, fp=0x00000007957dedf8, pc=0x0000000111f07bfc)
java.lang.invoke.LambdaForm.signatureArity(LambdaForm.java:538) - getstatic @ bci 0 
     Created vframeArray 0x00007f9cdf06a020
DEOPT UNPACKING thread 0x00007f9cf0010800 vframeArray 0x00007f9cdf06a020 mode 2
     {method} {0x000000010e476760} &apos;signatureArity&apos; &apos;(Ljava/lang/String;)I&apos; in &apos;java/lang/invoke/LambdaForm&apos; - getstatic @ bci 0 sp = 0x000000030600ea68
<uncommon_trap thread='9475' reason='predicate' action='maybe_recompile' compile_id='1201' compiler='C2' stamp='7.425'>
Uncommon trap occurred in java.util.Arrays::fill (@0x0000000111f020b0) thread=9475 reason=predicate action=maybe_recompile unloaded_class_index=-1
<jvms bci='10' method='java/util/Arrays fill ([Ljava/lang/Object;Ljava/lang/Object;)V' bytes='21' count='2' backedge_count='7' iicount='4'/>
</uncommon_trap>
DEOPT PACKING thread 0x00007f9cf0010800 Compiled frame (sp=0x000000030600ea10 unextended sp=0x000000030600ea10, fp=0x00000007957df410, real_fp=0x000000030600ea40, pc=0x0000000111f020b0)
     nmethod   7424 1201             java.util.Arrays::fill (21 bytes)

     Virtual frames (innermost first):
        0 - frame( sp=0x000000030600ea10, unextended_sp=0x000000030600ea10, fp=0x00000007957df410, pc=0x0000000111f020b0)
java.util.Arrays.fill(Arrays.java:3130) - fast_aload_0 @ bci 10 
     Created vframeArray 0x00007f9cf086ec20
DEOPT UNPACKING thread 0x00007f9cf0010800 vframeArray 0x00007f9cf086ec20 mode 2
     {method} {0x000000010e574a78} &apos;fill&apos; &apos;([Ljava/lang/Object;Ljava/lang/Object;)V&apos; in &apos;java/util/Arrays&apos; - aload_0 @ bci 10 sp = 0x000000030600e9d0
<uncommon_trap thread='9475' reason='uninitialized' action='reinterpret' compile_id='1216' compiler='C2' count='11' stamp='7.439'>
Uncommon trap occurred in java.lang.invoke.LambdaForm::signatureArity (@0x0000000111f078fc) thread=9475 reason=uninitialized action=reinterpret unloaded_class_index=-1
<jvms bci='0' method='java/lang/invoke/LambdaForm signatureArity (Ljava/lang/String;)I' bytes='28' count='2' backedge_count='1' iicount='38' decompiles='11' uninitialized_traps='11'/>
</uncommon_trap>
DEOPT PACKING thread 0x00007f9cf0010800 Compiled frame (sp=0x000000030600eaa0 unextended sp=0x000000030600eaa0, fp=0x00000007957dfa20, real_fp=0x000000030600eac0, pc=0x0000000111f078fc)
     nmethod   7439 1216             java.lang.invoke.LambdaForm::signatureArity (28 bytes)

     Virtual frames (innermost first):
        0 - frame( sp=0x000000030600eaa0, unextended_sp=0x000000030600eaa0, fp=0x00000007957dfa20, pc=0x0000000111f078fc)
java.lang.invoke.LambdaForm.signatureArity(LambdaForm.java:538) - getstatic @ bci 0 
     Created vframeArray 0x00007f9cdf06a020
DEOPT UNPACKING thread 0x00007f9cf0010800 vframeArray 0x00007f9cdf06a020 mode 2
     {method} {0x000000010e476760} &apos;signatureArity&apos; &apos;(Ljava/lang/String;)I&apos; in &apos;java/lang/invoke/LambdaForm&apos; - getstatic @ bci 0 sp = 0x000000030600ea68
<uncommon_trap thread='9475' reason='uninitialized' action='reinterpret' compile_id='1220' compiler='C2' count='12' stamp='7.463'>
Uncommon trap occurred in java.lang.invoke.LambdaForm::signatureArity (@0x0000000111f097fc) thread=9475 reason=uninitialized action=reinterpret unloaded_class_index=-1
<jvms bci='0' method='java/lang/invoke/LambdaForm signatureArity (Ljava/lang/String;)I' bytes='28' count='2' backedge_count='1' iicount='41' decompiles='12' uninitialized_traps='12'/>
</uncommon_trap>
DEOPT PACKING thread 0x00007f9cf0010800 Compiled frame (sp=0x000000030600eaa0 unextended sp=0x000000030600eaa0, fp=0x00000007957e05d0, real_fp=0x000000030600eac0, pc=0x0000000111f097fc)
     nmethod   7463 1220             java.lang.invoke.LambdaForm::signatureArity (28 bytes)

     Virtual frames (innermost first):
        0 - frame( sp=0x000000030600eaa0, unextended_sp=0x000000030600eaa0, fp=0x00000007957e05d0, pc=0x0000000111f097fc)
java.lang.invoke.LambdaForm.signatureArity(LambdaForm.java:538) - getstatic @ bci 0 
     Created vframeArray 0x00007f9cef076a20
DEOPT UNPACKING thread 0x00007f9cf0010800 vframeArray 0x00007f9cef076a20 mode 2
     {method} {0x000000010e476760} &apos;signatureArity&apos; &apos;(Ljava/lang/String;)I&apos; in &apos;java/lang/invoke/LambdaForm&apos; - getstatic @ bci 0 sp = 0x000000030600ea68
<uncommon_trap thread='9475' reason='uninitialized' action='reinterpret' compile_id='1217' compiler='C2' count='5' stamp='7.464'>
Uncommon trap occurred in java.lang.invoke.LambdaForm::prepare (@0x0000000111f07e5c) thread=9475 reason=uninitialized action=reinterpret unloaded_class_index=-1
<jvms bci='0' method='java/lang/invoke/LambdaForm prepare ()V' bytes='43' count='3' backedge_count='1' iicount='25' decompiles='5' uninitialized_traps='5'/>
</uncommon_trap>
DEOPT PACKING thread 0x00007f9cf0010800 Compiled frame (sp=0x000000030600ea00 unextended sp=0x000000030600ea00, fp=0x00000007957b0340, real_fp=0x000000030600ea20, pc=0x0000000111f07e5c)
     nmethod   7463 1217             java.lang.invoke.LambdaForm::prepare (43 bytes)

     Virtual frames (innermost first):
        0 - frame( sp=0x000000030600ea00, unextended_sp=0x000000030600ea00, fp=0x00000007957b0340, pc=0x0000000111f07e5c)
java.lang.invoke.LambdaForm.prepare(LambdaForm.java:634) - getstatic @ bci 0 
     Created vframeArray 0x00007f9cdf06a020
DEOPT UNPACKING thread 0x00007f9cf0010800 vframeArray 0x00007f9cdf06a020 mode 2
     {method} {0x000000010e476b58} &apos;prepare&apos; &apos;()V&apos; in &apos;java/lang/invoke/LambdaForm&apos; - getstatic @ bci 0 sp = 0x000000030600e9c0
<uncommon_trap thread='9475' reason='uninitialized' action='reinterpret' compile_id='1222' compiler='C2' count='13' stamp='7.466'>
Uncommon trap occurred in java.lang.invoke.LambdaForm::signatureArity (@0x0000000111f0957c) thread=9475 reason=uninitialized action=reinterpret unloaded_class_index=-1
<jvms bci='0' method='java/lang/invoke/LambdaForm signatureArity (Ljava/lang/String;)I' bytes='28' count='2' backedge_count='1' iicount='44' decompiles='13' uninitialized_traps='13'/>
</uncommon_trap>
DEOPT PACKING thread 0x00007f9cf0010800 Compiled frame (sp=0x000000030600eaa0 unextended sp=0x000000030600eaa0, fp=0x00000007957e13a0, real_fp=0x000000030600eac0, pc=0x0000000111f0957c)
     nmethod   7465 1222             java.lang.invoke.LambdaForm::signatureArity (28 bytes)

     Virtual frames (innermost first):
        0 - frame( sp=0x000000030600eaa0, unextended_sp=0x000000030600eaa0, fp=0x00000007957e13a0, pc=0x0000000111f0957c)
java.lang.invoke.LambdaForm.signatureArity(LambdaForm.java:538) - getstatic @ bci 0 
     Created vframeArray 0x00007f9cf086ec20
DEOPT UNPACKING thread 0x00007f9cf0010800 vframeArray 0x00007f9cf086ec20 mode 2
     {method} {0x000000010e476760} &apos;signatureArity&apos; &apos;(Ljava/lang/String;)I&apos; in &apos;java/lang/invoke/LambdaForm&apos; - getstatic @ bci 0 sp = 0x000000030600ea68
<uncommon_trap thread='9475' reason='uninitialized' action='reinterpret' compile_id='1224' compiler='C2' count='14' stamp='7.468'>
Uncommon trap occurred in java.lang.invoke.LambdaForm::signatureArity (@0x0000000111f09f7c) thread=9475 reason=uninitialized action=reinterpret unloaded_class_index=-1
<jvms bci='0' method='java/lang/invoke/LambdaForm signatureArity (Ljava/lang/String;)I' bytes='28' count='2' backedge_count='1' iicount='47' decompiles='14' uninitialized_traps='14'/>
</uncommon_trap>
DEOPT PACKING thread 0x00007f9cf0010800 Compiled frame (sp=0x000000030600eaa0 unextended sp=0x000000030600eaa0, fp=0x00000007957e2158, real_fp=0x000000030600eac0, pc=0x0000000111f09f7c)
     nmethod   7467 1224             java.lang.invoke.LambdaForm::signatureArity (28 bytes)

     Virtual frames (innermost first):
        0 - frame( sp=0x000000030600eaa0, unextended_sp=0x000000030600eaa0, fp=0x00000007957e2158, pc=0x0000000111f09f7c)
java.lang.invoke.LambdaForm.signatureArity(LambdaForm.java:538) - getstatic @ bci 0 
     Created vframeArray 0x00007f9cf086da20
DEOPT UNPACKING thread 0x00007f9cf0010800 vframeArray 0x00007f9cf086da20 mode 2
     {method} {0x000000010e476760} &apos;signatureArity&apos; &apos;(Ljava/lang/String;)I&apos; in &apos;java/lang/invoke/LambdaForm&apos; - getstatic @ bci 0 sp = 0x000000030600ea68
<uncommon_trap thread='9475' reason='uninitialized' action='reinterpret' compile_id='1223' compiler='C2' count='6' stamp='7.469'>
Uncommon trap occurred in java.lang.invoke.LambdaForm::prepare (@0x0000000111f0a1dc) thread=9475 reason=uninitialized action=reinterpret unloaded_class_index=-1
<jvms bci='0' method='java/lang/invoke/LambdaForm prepare ()V' bytes='43' count='3' backedge_count='1' iicount='29' decompiles='6' uninitialized_traps='6'/>
</uncommon_trap>
DEOPT PACKING thread 0x00007f9cf0010800 Compiled frame (sp=0x000000030600ea00 unextended sp=0x000000030600ea00, fp=0x00000007957b0340, real_fp=0x000000030600ea20, pc=0x0000000111f0a1dc)
     nmethod   7469 1223             java.lang.invoke.LambdaForm::prepare (43 bytes)

     Virtual frames (innermost first):
        0 - frame( sp=0x000000030600ea00, unextended_sp=0x000000030600ea00, fp=0x00000007957b0340, pc=0x0000000111f0a1dc)
java.lang.invoke.LambdaForm.prepare(LambdaForm.java:634) - getstatic @ bci 0 
     Created vframeArray 0x00007f9cf086ec20
DEOPT UNPACKING thread 0x00007f9cf0010800 vframeArray 0x00007f9cf086ec20 mode 2
     {method} {0x000000010e476b58} &apos;prepare&apos; &apos;()V&apos; in &apos;java/lang/invoke/LambdaForm&apos; - getstatic @ bci 0 sp = 0x000000030600e9c0
<uncommon_trap thread='9475' reason='uninitialized' action='reinterpret' compile_id='1226' compiler='C2' count='15' stamp='7.471'>
Uncommon trap occurred in java.lang.invoke.LambdaForm::signatureArity (@0x0000000111f09cbc) thread=9475 reason=uninitialized action=reinterpret unloaded_class_index=-1
<jvms bci='0' method='java/lang/invoke/LambdaForm signatureArity (Ljava/lang/String;)I' bytes='28' count='2' backedge_count='1' iicount='50' decompiles='15' uninitialized_traps='15'/>
</uncommon_trap>
DEOPT PACKING thread 0x00007f9cf0010800 Compiled frame (sp=0x000000030600eaa0 unextended sp=0x000000030600eaa0, fp=0x00000007957e2d98, real_fp=0x000000030600eac0, pc=0x0000000111f09cbc)
     nmethod   7471 1226             java.lang.invoke.LambdaForm::signatureArity (28 bytes)

     Virtual frames (innermost first):
        0 - frame( sp=0x000000030600eaa0, unextended_sp=0x000000030600eaa0, fp=0x00000007957e2d98, pc=0x0000000111f09cbc)
java.lang.invoke.LambdaForm.signatureArity(LambdaForm.java:538) - getstatic @ bci 0 
     Created vframeArray 0x00007f9cf086da20
DEOPT UNPACKING thread 0x00007f9cf0010800 vframeArray 0x00007f9cf086da20 mode 2
     {method} {0x000000010e476760} &apos;signatureArity&apos; &apos;(Ljava/lang/String;)I&apos; in &apos;java/lang/invoke/LambdaForm&apos; - getstatic @ bci 0 sp = 0x000000030600ea68
<uncommon_trap thread='9475' reason='uninitialized' action='reinterpret' compile_id='1204' compiler='C2' count='2' stamp='7.475'>
Uncommon trap occurred in java.lang.invoke.LambdaForm::basicTypeSignature (@0x0000000111f02fd4) thread=9475 reason=uninitialized action=reinterpret unloaded_class_index=-1
<jvms bci='76' method='java/lang/invoke/LambdaForm basicTypeSignature (Ljava/lang/invoke/MethodType;)Ljava/lang/String;' bytes='101' count='2' backedge_count='5' iicount='7' decompiles='2' uninitialized_traps='2'/>
</uncommon_trap>
DEOPT PACKING thread 0x00007f9cf0010800 Compiled frame (sp=0x000000030600f670 unextended sp=0x000000030600f670, fp=0x00000007957e3148, real_fp=0x000000030600f6c0, pc=0x0000000111f02fd4)
     nmethod   7474 1204             java.lang.invoke.LambdaForm::basicTypeSignature (101 bytes)

     Virtual frames (innermost first):
        0 - frame( sp=0x000000030600f670, unextended_sp=0x000000030600f670, fp=0x00000007957e3148, pc=0x0000000111f02fd4)
java.lang.invoke.LambdaForm.basicTypeSignature(LambdaForm.java:1340) - getstatic @ bci 76 
     Created vframeArray 0x00007f9cf0077c20
DEOPT UNPACKING thread 0x00007f9cf0010800 vframeArray 0x00007f9cf0077c20 mode 2
     {method} {0x000000010e479400} &apos;basicTypeSignature&apos; &apos;(Ljava/lang/invoke/MethodType;)Ljava/lang/String;&apos; in &apos;java/lang/invoke/LambdaForm&apos; - getstatic @ bci 76 sp = 0x000000030600f650
<uncommon_trap thread='9475' reason='uninitialized' action='reinterpret' compile_id='1172' compiler='C2' count='6' stamp='7.518'>
Uncommon trap occurred in java.lang.invoke.LambdaForm::parameter (@0x0000000111ef08dc) thread=9475 reason=uninitialized action=reinterpret unloaded_class_index=-1
<jvms bci='0' method='java/lang/invoke/LambdaForm parameter (I)Ljava/lang/invoke/LambdaForm$Name;' bytes='52' count='3' backedge_count='1' iicount='29' decompiles='6' uninitialized_traps='6'/>
</uncommon_trap>
DEOPT PACKING thread 0x00007f9cf0010800 Compiled frame (sp=0x000000030600f5d0 unextended sp=0x000000030600f5d0, fp=0x00000007957e3300, real_fp=0x000000030600f600, pc=0x0000000111ef08dc)
     nmethod   7518 1172             java.lang.invoke.LambdaForm::parameter (52 bytes)

     Virtual frames (innermost first):
        0 - frame( sp=0x000000030600f5d0, unextended_sp=0x000000030600f5d0, fp=0x00000007957e3300, pc=0x0000000111ef08dc)
java.lang.invoke.LambdaForm.parameter(LambdaForm.java:505) - getstatic @ bci 0 
     Created vframeArray 0x00007f9cef076a20
DEOPT UNPACKING thread 0x00007f9cf0010800 vframeArray 0x00007f9cef076a20 mode 2
     {method} {0x000000010e4762a0} &apos;parameter&apos; &apos;(I)Ljava/lang/invoke/LambdaForm$Name;&apos; in &apos;java/lang/invoke/LambdaForm&apos; - getstatic @ bci 0 sp = 0x000000030600f598
<uncommon_trap thread='9475' reason='uninitialized' action='reinterpret' compile_id='1213' compiler='C2' count='6' stamp='7.520'>
Uncommon trap occurred in java.lang.invoke.LambdaForm::compileToBytecode (@0x0000000111f0423c) thread=9475 reason=uninitialized action=reinterpret unloaded_class_index=-1
<jvms bci='24' method='java/lang/invoke/LambdaForm compileToBytecode ()Ljava/lang/invoke/MemberName;' bytes='103' count='2' backedge_count='1' iicount='24' decompiles='6' uninitialized_traps='6'/>
</uncommon_trap>
DEOPT PACKING thread 0x00007f9cf0010800 Compiled frame (sp=0x000000030600f690 unextended sp=0x000000030600f690, fp=0x00000007957e3300, real_fp=0x000000030600f6c0, pc=0x0000000111f0423c)
     nmethod   7520 1213   !         java.lang.invoke.LambdaForm::compileToBytecode (103 bytes)

     Virtual frames (innermost first):
        0 - frame( sp=0x000000030600f690, unextended_sp=0x000000030600f690, fp=0x00000007957e3300, pc=0x0000000111f0423c)
java.lang.invoke.LambdaForm.compileToBytecode(LambdaForm.java:652) - getstatic @ bci 24 
     Created vframeArray 0x00007f9cdf06a020
DEOPT UNPACKING thread 0x00007f9cf0010800 vframeArray 0x00007f9cdf06a020 mode 2
     {method} {0x000000010e476ca0} &apos;compileToBytecode&apos; &apos;()Ljava/lang/invoke/MemberName;&apos; in &apos;java/lang/invoke/LambdaForm&apos; - getstatic @ bci 24 sp = 0x000000030600f660
<uncommon_trap thread='9475' reason='unstable_if' action='reinterpret' compile_id='772' compiler='C2' stamp='7.534'>
Uncommon trap occurred in sun.invoke.util.VerifyAccess::isTypeVisible (@0x0000000111e1fa20) thread=9475 reason=unstable_if action=reinterpret unloaded_class_index=-1
<jvms bci='6' method='java/lang/Class getClassLoader ()Ljava/lang/ClassLoader;' bytes='28' count='2' backedge_count='1' iicount='45'/>
<jvms bci='43' method='sun/invoke/util/VerifyAccess isTypeVisible (Ljava/lang/Class;Ljava/lang/Class;)Z' bytes='118' count='2' backedge_count='1' iicount='5'/>
</uncommon_trap>
DEOPT PACKING thread 0x00007f9cf0010800 Compiled frame (sp=0x000000030600f910 unextended sp=0x000000030600f910, fp=0x00000000f2ab89f2, real_fp=0x000000030600f940, pc=0x0000000111e1fa20)
     nmethod   7534  772             sun.invoke.util.VerifyAccess::isTypeVisible (118 bytes)

     Virtual frames (innermost first):
        0 - frame( sp=0x000000030600f910, unextended_sp=0x000000030600f910, fp=0x00000000f2ab89f2, pc=0x0000000111e1fa20)
java.lang.Class.getClassLoader(Class.java:679) - ifnonnull @ bci 6 
        1 - frame( sp=0x000000030600f910, unextended_sp=0x000000030600f910, fp=0x00000000f2ab89f2, pc=0x0000000111e1fa20)
sun.invoke.util.VerifyAccess.isTypeVisible(VerifyAccess.java:196) - invokevirtual @ bci 43 
     Created vframeArray 0x00007f9cf086da20
DEOPT UNPACKING thread 0x00007f9cf0010800 vframeArray 0x00007f9cf086da20 mode 2
     {method} {0x000000010e836058} &apos;isTypeVisible&apos; &apos;(Ljava/lang/Class;Ljava/lang/Class;)Z&apos; in &apos;sun/invoke/util/VerifyAccess&apos; - invokevirtual @ bci 43 sp = 0x000000030600f8a8
     {method} {0x000000010e40f320} &apos;getClassLoader&apos; &apos;()Ljava/lang/ClassLoader;&apos; in &apos;java/lang/Class&apos; - ifnonnull @ bci 6 sp = 0x000000030600f850
<uncommon_trap thread='9475' reason='unstable_if' action='reinterpret' compile_id='874' compiler='C2' count='1' state='intrinsic recompiled' stamp='7.536'>
Uncommon trap occurred in sun.invoke.util.VerifyAccess::isSamePackage (@0x0000000111e176e8) thread=9475 reason=unstable_if action=reinterpret unloaded_class_index=-1
<jvms bci='6' method='java/lang/Class getClassLoader ()Ljava/lang/ClassLoader;' bytes='28' count='1' backedge_count='1' iicount='45' unstable_if_traps='1'/>
<jvms bci='40' method='sun/invoke/util/VerifyAccess isSamePackage (Ljava/lang/Class;Ljava/lang/Class;)Z' bytes='114' count='2' backedge_count='18' iicount='2'/>
</uncommon_trap>
DEOPT PACKING thread 0x00007f9cf0010800 Compiled frame (sp=0x000000030600f800 unextended sp=0x000000030600f800, fp=0x000000079578f398, real_fp=0x000000030600f850, pc=0x0000000111e176e8)
     nmethod   7535  874             sun.invoke.util.VerifyAccess::isSamePackage (114 bytes)

     Virtual frames (innermost first):
        0 - frame( sp=0x000000030600f800, unextended_sp=0x000000030600f800, fp=0x000000079578f398, pc=0x0000000111e176e8)
java.lang.Class.getClassLoader(Class.java:679) - ifnonnull @ bci 6 
        1 - frame( sp=0x000000030600f800, unextended_sp=0x000000030600f800, fp=0x000000079578f398, pc=0x0000000111e176e8)
sun.invoke.util.VerifyAccess.isSamePackage(VerifyAccess.java:275) - invokevirtual @ bci 40 
     Created vframeArray 0x00007f9cf086ec20
DEOPT UNPACKING thread 0x00007f9cf0010800 vframeArray 0x00007f9cf086ec20 mode 2
     {method} {0x000000010e8362e0} &apos;isSamePackage&apos; &apos;(Ljava/lang/Class;Ljava/lang/Class;)Z&apos; in &apos;sun/invoke/util/VerifyAccess&apos; - invokevirtual @ bci 40 sp = 0x000000030600f7b0
     {method} {0x000000010e40f320} &apos;getClassLoader&apos; &apos;()Ljava/lang/ClassLoader;&apos; in &apos;java/lang/Class&apos; - ifnonnull @ bci 6 sp = 0x000000030600f758
<uncommon_trap thread='9475' reason='unstable_if' action='reinterpret' compile_id='4' compiler='C2' count='2' state='intrinsic recompiled' stamp='7.536'>
Uncommon trap occurred in java.lang.Class::getClassLoader (@0x0000000111c7da74) thread=9475 reason=unstable_if action=reinterpret unloaded_class_index=-1
<jvms bci='6' method='java/lang/Class getClassLoader ()Ljava/lang/ClassLoader;' bytes='28' count='1' backedge_count='1' iicount='45' unstable_if_traps='2'/>
</uncommon_trap>
DEOPT PACKING thread 0x00007f9cf0010800 Compiled frame (sp=0x000000030600f780 unextended sp=0x000000030600f780, fp=0x000000030600f808, real_fp=0x000000030600f7b0, pc=0x0000000111c7da74)
     nmethod   7536    4             java.lang.Class::getClassLoader (28 bytes)

     Virtual frames (innermost first):
        0 - frame( sp=0x000000030600f780, unextended_sp=0x000000030600f780, fp=0x000000030600f808, pc=0x0000000111c7da74)
java.lang.Class.getClassLoader(Class.java:679) - ifnonnull @ bci 6 
     Created vframeArray 0x00007f9cdf06a020
DEOPT UNPACKING thread 0x00007f9cf0010800 vframeArray 0x00007f9cdf06a020 mode 2
     {method} {0x000000010e40f320} &apos;getClassLoader&apos; &apos;()Ljava/lang/ClassLoader;&apos; in &apos;java/lang/Class&apos; - ifnonnull @ bci 6 sp = 0x000000030600f748
<uncommon_trap thread='9475' reason='loop_limit_check' action='maybe_recompile' compile_id='1047' compiler='C2' stamp='7.563'>
Uncommon trap occurred in java.lang.invoke.LambdaForm$Name::useCount (@0x0000000111eabef8) thread=9475 reason=loop_limit_check action=maybe_recompile unloaded_class_index=-1
<jvms bci='24' method='java/lang/invoke/LambdaForm$Name useCount (Ljava/lang/invoke/LambdaForm$Name;)I' bytes='42' count='2' backedge_count='4' iicount='3'/>
</uncommon_trap>
DEOPT PACKING thread 0x00007f9cf0010800 Compiled frame (sp=0x000000030600f450 unextended sp=0x000000030600f450, fp=0x00000007957e8470, real_fp=0x000000030600f490, pc=0x0000000111eabef8)
     nmethod   7562 1047             java.lang.invoke.LambdaForm$Name::useCount (42 bytes)

     Virtual frames (innermost first):
        0 - frame( sp=0x000000030600f450, unextended_sp=0x000000030600f450, fp=0x00000007957e8470, pc=0x0000000111eabef8)
java.lang.invoke.LambdaForm$Name.useCount(LambdaForm.java:1582) - fast_aaccess_0 @ bci 24 
     Created vframeArray 0x00007f9cdf06c420
DEOPT UNPACKING thread 0x00007f9cf0010800 vframeArray 0x00007f9cdf06c420 mode 2
     {method} {0x000000010e850ee8} &apos;useCount&apos; &apos;(Ljava/lang/invoke/LambdaForm$Name;)I&apos; in &apos;java/lang/invoke/LambdaForm$Name&apos; - aload_0 @ bci 24 sp = 0x000000030600f420
<dependency_failed type='unique_concrete_method' ctxk='java/lang/invoke/MethodHandle' x='java/lang/invoke/MethodHandle setVarargs (Ljava/lang/invoke/MemberName;)Ljava/lang/invoke/MethodHandle;' witness='java/lang/invoke/MethodHandleImpl$AsVarargsCollector' stamp='7.660'/>
<dependency_failed type='unique_concrete_method' ctxk='java/lang/invoke/MethodHandle' x='java/lang/invoke/MethodHandle intrinsicName ()Ljava/lang/invoke/MethodHandleImpl$Intrinsic;' witness='java/lang/invoke/MethodHandleImpl$IntrinsicMethodHandle' stamp='7.855'/>
<dependency_failed type='unique_concrete_method' ctxk='java/lang/invoke/MethodHandle' x='java/lang/invoke/MethodHandle intrinsicName ()Ljava/lang/invoke/MethodHandleImpl$Intrinsic;' witness='java/lang/invoke/MethodHandleImpl$IntrinsicMethodHandle' stamp='7.855'/>
<uncommon_trap thread='9475' reason='array_check' action='maybe_recompile' compile_id='1221' compiler='C2' stamp='8.092'>
Uncommon trap occurred in java.util.Arrays::fill (@0x0000000111f06484) thread=9475 reason=array_check action=maybe_recompile unloaded_class_index=-1
<jvms bci='13' method='java/util/Arrays fill ([Ljava/lang/Object;Ljava/lang/Object;)V' bytes='21' count='2' backedge_count='2' iicount='5' decompiles='1' predicate_traps='1'/>
</uncommon_trap>
DEOPT PACKING thread 0x00007f9cf0010800 Compiled frame (sp=0x000000030600df70 unextended sp=0x000000030600df70, fp=0x0000000795825da8, real_fp=0x000000030600dfc0, pc=0x0000000111f06484)
     nmethod   8091 1221             java.util.Arrays::fill (21 bytes)

     Virtual frames (innermost first):
        0 - frame( sp=0x000000030600df70, unextended_sp=0x000000030600df70, fp=0x0000000795825da8, pc=0x0000000111f06484)
java.util.Arrays.fill(Arrays.java:3130) - aastore @ bci 13 
     Created vframeArray 0x00007f9cdf02e820
DEOPT UNPACKING thread 0x00007f9cf0010800 vframeArray 0x00007f9cdf02e820 mode 2
     {method} {0x000000010e574a78} &apos;fill&apos; &apos;([Ljava/lang/Object;Ljava/lang/Object;)V&apos; in &apos;java/util/Arrays&apos; - aastore @ bci 13 sp = 0x000000030600df38
<uncommon_trap thread='9475' reason='array_check' action='maybe_recompile' compile_id='1221' compiler='C2' count='1' state='array_check' stamp='8.093'>
Uncommon trap occurred in java.util.Arrays::fill (@0x0000000111f06484) thread=9475 reason=array_check action=maybe_recompile unloaded_class_index=-1
<jvms bci='13' method='java/util/Arrays fill ([Ljava/lang/Object;Ljava/lang/Object;)V' bytes='21' count='2' backedge_count='8' iicount='5' decompiles='1' array_check_traps='1' predicate_traps='1'/>
</uncommon_trap>
DEOPT PACKING thread 0x00007f9cf0010800 Compiled frame (sp=0x000000030600df70 unextended sp=0x000000030600df70, fp=0x000000079582e1b8, real_fp=0x000000030600dfc0, pc=0x0000000111f06484)
     nmethod   8093 1221             java.util.Arrays::fill (21 bytes)

     Virtual frames (innermost first):
        0 - frame( sp=0x000000030600df70, unextended_sp=0x000000030600df70, fp=0x000000079582e1b8, pc=0x0000000111f06484)
java.util.Arrays.fill(Arrays.java:3130) - aastore @ bci 13 
     Created vframeArray 0x00007f9cf0081a20
DEOPT UNPACKING thread 0x00007f9cf0010800 vframeArray 0x00007f9cf0081a20 mode 2
     {method} {0x000000010e574a78} &apos;fill&apos; &apos;([Ljava/lang/Object;Ljava/lang/Object;)V&apos; in &apos;java/util/Arrays&apos; - aastore @ bci 13 sp = 0x000000030600df38
<uncommon_trap thread='9475' reason='array_check' action='maybe_recompile' compile_id='1221' compiler='C2' count='2' state='array_check' stamp='8.095'>
Uncommon trap occurred in java.util.Arrays::fill (@0x0000000111f06484) thread=9475 reason=array_check action=maybe_recompile unloaded_class_index=-1
<jvms bci='13' method='java/util/Arrays fill ([Ljava/lang/Object;Ljava/lang/Object;)V' bytes='21' count='2' backedge_count='15' iicount='5' decompiles='1' array_check_traps='2' predicate_traps='1'/>
</uncommon_trap>
DEOPT PACKING thread 0x00007f9cf0010800 Compiled frame (sp=0x000000030600df70 unextended sp=0x000000030600df70, fp=0x000000079583a1c0, real_fp=0x000000030600dfc0, pc=0x0000000111f06484)
     nmethod   8095 1221             java.util.Arrays::fill (21 bytes)

     Virtual frames (innermost first):
        0 - frame( sp=0x000000030600df70, unextended_sp=0x000000030600df70, fp=0x000000079583a1c0, pc=0x0000000111f06484)
java.util.Arrays.fill(Arrays.java:3130) - aastore @ bci 13 
     Created vframeArray 0x00007f9cf0082e20
DEOPT UNPACKING thread 0x00007f9cf0010800 vframeArray 0x00007f9cf0082e20 mode 2
     {method} {0x000000010e574a78} &apos;fill&apos; &apos;([Ljava/lang/Object;Ljava/lang/Object;)V&apos; in &apos;java/util/Arrays&apos; - aastore @ bci 13 sp = 0x000000030600df38
<uncommon_trap thread='9475' reason='array_check' action='maybe_recompile' compile_id='1221' compiler='C2' count='3' state='array_check' stamp='8.097'>
Uncommon trap occurred in java.util.Arrays::fill (@0x0000000111f06484) thread=9475 reason=array_check action=maybe_recompile unloaded_class_index=-1
<jvms bci='13' method='java/util/Arrays fill ([Ljava/lang/Object;Ljava/lang/Object;)V' bytes='21' count='2' backedge_count='23' iicount='5' decompiles='1' array_check_traps='3' predicate_traps='1'/>
</uncommon_trap>
DEOPT PACKING thread 0x00007f9cf0010800 Compiled frame (sp=0x000000030600df70 unextended sp=0x000000030600df70, fp=0x0000000795846a30, real_fp=0x000000030600dfc0, pc=0x0000000111f06484)
     nmethod   8096 1221             java.util.Arrays::fill (21 bytes)

     Virtual frames (innermost first):
        0 - frame( sp=0x000000030600df70, unextended_sp=0x000000030600df70, fp=0x0000000795846a30, pc=0x0000000111f06484)
java.util.Arrays.fill(Arrays.java:3130) - aastore @ bci 13 
     Created vframeArray 0x00007f9cdf02e820
DEOPT UNPACKING thread 0x00007f9cf0010800 vframeArray 0x00007f9cdf02e820 mode 2
     {method} {0x000000010e574a78} &apos;fill&apos; &apos;([Ljava/lang/Object;Ljava/lang/Object;)V&apos; in &apos;java/util/Arrays&apos; - aastore @ bci 13 sp = 0x000000030600df38
<uncommon_trap thread='9475' reason='unstable_if' action='reinterpret' compile_id='1227' compiler='C2' stamp='8.098'>
Uncommon trap occurred in java.lang.invoke.LambdaForm::argument (@0x0000000111f0511c) thread=9475 reason=unstable_if action=reinterpret unloaded_class_index=-1
<jvms bci='3' method='java/lang/invoke/LambdaForm argument (ILjava/lang/invoke/LambdaForm$BasicType;)Ljava/lang/invoke/LambdaForm$Name;' bytes='27' count='3' backedge_count='1' iicount='60' decompiles='18' uninitialized_traps='18'/>
</uncommon_trap>
DEOPT PACKING thread 0x00007f9cf0010800 Compiled frame (sp=0x000000030600dc20 unextended sp=0x000000030600dc20, fp=0x000000000000000a, real_fp=0x000000030600dc50, pc=0x0000000111f0511c)
     nmethod   8097 1227             java.lang.invoke.LambdaForm::argument (27 bytes)

     Virtual frames (innermost first):
        0 - frame( sp=0x000000030600dc20, unextended_sp=0x000000030600dc20, fp=0x000000000000000a, pc=0x0000000111f0511c)
java.lang.invoke.LambdaForm.argument(LambdaForm.java:1647) - if_icmplt @ bci 3 
     Created vframeArray 0x00007f9cef07b420
DEOPT UNPACKING thread 0x00007f9cf0010800 vframeArray 0x00007f9cef07b420 mode 2
     {method} {0x000000010e479a10} &apos;argument&apos; &apos;(ILjava/lang/invoke/LambdaForm$BasicType;)Ljava/lang/invoke/LambdaForm$Name;&apos; in &apos;java/lang/invoke/LambdaForm&apos; - if_icmplt @ bci 3 sp = 0x000000030600dbe0
<uncommon_trap thread='9475' reason='unloaded' action='reinterpret' index='11' compile_id='758' compiler='C2' unresolved='1' name='java/lang/StringBuilder' stamp='8.121'>
Uncommon trap occurred in java.lang.Class::getSimpleName (@0x0000000111e1ba5c) thread=9475 reason=unloaded action=reinterpret unloaded_class_index=11 unresolved class: java/lang/StringBuilder
<jvms bci='7' method='java/lang/Class getSimpleName ()Ljava/lang/String;' bytes='120' count='2' backedge_count='1' iicount='5'/>
</uncommon_trap>
DEOPT PACKING thread 0x00007f9cf0010800 Compiled frame (sp=0x000000030600dd10 unextended sp=0x000000030600dd10, fp=0x0000000795584090, real_fp=0x000000030600dd50, pc=0x0000000111e1ba5c)
     nmethod   8121  758             java.lang.Class::getSimpleName (120 bytes)

     Virtual frames (innermost first):
        0 - frame( sp=0x000000030600dd10, unextended_sp=0x000000030600dd10, fp=0x0000000795584090, pc=0x0000000111e1ba5c)
java.lang.Class.getSimpleName(Class.java:1307) - new @ bci 7 
     Created vframeArray 0x00007f9cf0082e20
DEOPT UNPACKING thread 0x00007f9cf0010800 vframeArray 0x00007f9cf0082e20 mode 2
     {method} {0x000000010e410770} &apos;getSimpleName&apos; &apos;()Ljava/lang/String;&apos; in &apos;java/lang/Class&apos; - new @ bci 7 sp = 0x000000030600dce8
<uncommon_trap thread='9475' reason='null_assert' action='make_not_entrant' compile_id='813' compiler='C2' stamp='8.122'>
Uncommon trap occurred in java.lang.invoke.MemberName$Factory::resolveOrFail (@0x0000000111e320e4) thread=9475 reason=null_assert action=make_not_entrant unloaded_class_index=-1
<jvms bci='29' method='java/lang/invoke/MemberName$Factory resolveOrFail (BLjava/lang/invoke/MemberName;Ljava/lang/Class;Ljava/lang/Class;)Ljava/lang/invoke/MemberName;' bytes='52' count='2' backedge_count='1' iicount='5'/>
</uncommon_trap>
DEOPT PACKING thread 0x00007f9cf0010800 Compiled frame (sp=0x000000030600df70 unextended sp=0x000000030600df70, fp=0x0000000795797a28, real_fp=0x000000030600dfa0, pc=0x0000000111e320e4)
     nmethod   8121  813             java.lang.invoke.MemberName$Factory::resolveOrFail (52 bytes)

     Virtual frames (innermost first):
        0 - frame( sp=0x000000030600df70, unextended_sp=0x000000030600df70, fp=0x0000000795797a28, pc=0x0000000111e320e4)
java.lang.invoke.MemberName$Factory.resolveOrFail(MemberName.java:1004) - instanceof @ bci 29 
     Created vframeArray 0x00007f9cdf02e820
DEOPT UNPACKING thread 0x00007f9cf0010800 vframeArray 0x00007f9cdf02e820 mode 2
     {method} {0x000000010e6ac998} &apos;resolveOrFail&apos; &apos;(BLjava/lang/invoke/MemberName;Ljava/lang/Class;Ljava/lang/Class;)Ljava/lang/invoke/MemberName;&apos; in &apos;java/lang/invoke/MemberName$Factory&apos; - instanceof @ bci 29 sp = 0x000000030600df10
<uncommon_trap thread='9475' reason='null_check' action='make_not_entrant' compile_id='270' compiler='C2' stamp='8.123'>
Uncommon trap occurred in java.util.ArrayList::add (@0x0000000111d1adec) thread=9475 reason=null_check action=make_not_entrant unloaded_class_index=-1
<jvms bci='26' method='java/util/ArrayList add (Ljava/lang/Object;)Z' bytes='29' count='2' backedge_count='1' iicount='7'/>
</uncommon_trap>
DEOPT PACKING thread 0x00007f9cf0010800 Compiled frame (sp=0x000000030600e030 unextended sp=0x000000030600e030, fp=0x00000000f2b0c603, real_fp=0x000000030600e060, pc=0x0000000111d1adec)
     nmethod   8123  270             java.util.ArrayList::add (29 bytes)

     Virtual frames (innermost first):
        0 - frame( sp=0x000000030600e030, unextended_sp=0x000000030600e030, fp=0x00000000f2b0c603, pc=0x0000000111d1adec)
java.util.ArrayList.add(ArrayList.java:465) - aastore @ bci 26 
     Created vframeArray 0x00007f9cf0082e20
DEOPT UNPACKING thread 0x00007f9cf0010800 vframeArray 0x00007f9cf0082e20 mode 2
     {method} {0x000000010e4ff750} &apos;add&apos; &apos;(Ljava/lang/Object;)Z&apos; in &apos;java/util/ArrayList&apos; - aastore @ bci 26 sp = 0x000000030600dff8
<uncommon_trap thread='9475' reason='class_check' action='maybe_recompile' compile_id='1322' compiler='C2' stamp='8.150'>
Uncommon trap occurred in java.lang.String::valueOf (@0x0000000111f396ac) thread=9475 reason=class_check action=maybe_recompile unloaded_class_index=-1
<jvms bci='10' method='java/lang/String valueOf (Ljava/lang/Object;)Ljava/lang/String;' bytes='14' count='2' backedge_count='1' iicount='5'/>
</uncommon_trap>
DEOPT PACKING thread 0x00007f9cf0010800 Compiled frame (sp=0x000000030600de00 unextended sp=0x000000030600de00, fp=0x000000079586e970, real_fp=0x000000030600de20, pc=0x0000000111f396ac)
     nmethod   8150 1322             java.lang.String::valueOf (14 bytes)

     Virtual frames (innermost first):
        0 - frame( sp=0x000000030600de00, unextended_sp=0x000000030600de00, fp=0x000000079586e970, pc=0x0000000111f396ac)
java.lang.String.valueOf(String.java:2994) - invokevirtual @ bci 10 
     Created vframeArray 0x00007f9cdf06a820
DEOPT UNPACKING thread 0x00007f9cf0010800 vframeArray 0x00007f9cdf06a820 mode 2
     {method} {0x000000010e408f10} &apos;valueOf&apos; &apos;(Ljava/lang/Object;)Ljava/lang/String;&apos; in &apos;java/lang/String&apos; - invokevirtual @ bci 10 sp = 0x000000030600ddc8
<uncommon_trap thread='9475' reason='class_check' action='maybe_recompile' compile_id='1274' compiler='C2' stamp='8.168'>
Uncommon trap occurred in java.lang.invoke.InvokerBytecodeGenerator::generateCustomizedCodeBytes (@0x0000000111f1ec18) thread=9475 reason=class_check action=maybe_recompile unloaded_class_index=-1
<jvms bci='17' method='java/lang/invoke/LambdaForm$NamedFunction intrinsicName ()Ljava/lang/invoke/MethodHandleImpl$Intrinsic;' bytes='21' count='2' backedge_count='1' iicount='7' decompiles='1'/>
<jvms bci='180' method='java/lang/invoke/InvokerBytecodeGenerator generateCustomizedCodeBytes ()[B' bytes='604' count='2' backedge_count='4' iicount='4' decompiles='1'/>
</uncommon_trap>
DEOPT PACKING thread 0x00007f9cf0010800 Compiled frame (sp=0x000000030600db20 unextended sp=0x000000030600db20, fp=0x00000000f2af7d05, real_fp=0x000000030600dba0, pc=0x0000000111f1ec18)
     nmethod   8167 1274             java.lang.invoke.InvokerBytecodeGenerator::generateCustomizedCodeBytes (604 bytes)

     Virtual frames (innermost first):
        0 - frame( sp=0x000000030600db20, unextended_sp=0x000000030600db20, fp=0x00000000f2af7d05, pc=0x0000000111f1ec18)
java.lang.invoke.LambdaForm$NamedFunction.intrinsicName(LambdaForm.java:1328) - invokevirtual @ bci 17 
        1 - frame( sp=0x000000030600db20, unextended_sp=0x000000030600db20, fp=0x00000000f2af7d05, pc=0x0000000111f1ec18)
java.lang.invoke.InvokerBytecodeGenerator.generateCustomizedCodeBytes(InvokerBytecodeGenerator.java:668) - invokevirtual @ bci 180 
     Created vframeArray 0x00007f9cdf06d820
DEOPT UNPACKING thread 0x00007f9cf0010800 vframeArray 0x00007f9cdf06d820 mode 2
     {method} {0x000000010e87ed30} &apos;generateCustomizedCodeBytes&apos; &apos;()[B&apos; in &apos;java/lang/invoke/InvokerBytecodeGenerator&apos; - invokevirtual @ bci 180 sp = 0x000000030600db18
     {method} {0x000000010e855be0} &apos;intrinsicName&apos; &apos;()Ljava/lang/invoke/MethodHandleImpl$Intrinsic;&apos; in &apos;java/lang/invoke/LambdaForm$NamedFunction&apos; - invokevirtual @ bci 17 sp = 0x000000030600dac0
<uncommon_trap thread='9475' reason='class_check' action='maybe_recompile' compile_id='1195' compiler='C2' stamp='8.172'>
Uncommon trap occurred in java.lang.invoke.MethodType::listToArray (@0x0000000111ef8e90) thread=9475 reason=class_check action=maybe_recompile unloaded_class_index=-1
<jvms bci='1' method='java/lang/invoke/MethodType listToArray (Ljava/util/List;)[Ljava/lang/Class;' bytes='22' count='2' backedge_count='1' iicount='5'/>
</uncommon_trap>
DEOPT PACKING thread 0x00007f9cf0010800 Compiled frame (sp=0x000000030600dcf0 unextended sp=0x000000030600dcf0, fp=0x000000030600dd80, real_fp=0x000000030600dd20, pc=0x0000000111ef8e90)
     nmethod   8172 1195             java.lang.invoke.MethodType::listToArray (22 bytes)

     Virtual frames (innermost first):
        0 - frame( sp=0x000000030600dcf0, unextended_sp=0x000000030600dcf0, fp=0x000000030600dd80, pc=0x0000000111ef8e90)
java.lang.invoke.MethodType.listToArray(MethodType.java:227) - invokeinterface @ bci 1 
     Created vframeArray 0x00007f9cdf06a820
DEOPT UNPACKING thread 0x00007f9cf0010800 vframeArray 0x00007f9cdf06a820 mode 2
     {method} {0x000000010e47da50} &apos;listToArray&apos; &apos;(Ljava/util/List;)[Ljava/lang/Class;&apos; in &apos;java/lang/invoke/MethodType&apos; - invokeinterface @ bci 1 sp = 0x000000030600dcc8
<uncommon_trap thread='9475' reason='class_check' action='maybe_recompile' compile_id='1274' compiler='C2' count='1' state='class_check' stamp='8.197'>
Uncommon trap occurred in java.lang.invoke.InvokerBytecodeGenerator::generateCustomizedCodeBytes (@0x0000000111f1ec18) thread=9475 reason=class_check action=maybe_recompile unloaded_class_index=-1
<jvms bci='17' method='java/lang/invoke/LambdaForm$NamedFunction intrinsicName ()Ljava/lang/invoke/MethodHandleImpl$Intrinsic;' bytes='21' count='2' backedge_count='1' iicount='7' decompiles='1' class_check_traps='1'/>
<jvms bci='180' method='java/lang/invoke/InvokerBytecodeGenerator generateCustomizedCodeBytes ()[B' bytes='604' count='2' backedge_count='6' iicount='4' decompiles='1'/>
</uncommon_trap>
DEOPT PACKING thread 0x00007f9cf0010800 Compiled frame (sp=0x000000030600dbe0 unextended sp=0x000000030600dbe0, fp=0x00000000f2affdc2, real_fp=0x000000030600dc60, pc=0x0000000111f1ec18)
     nmethod   8196 1274             java.lang.invoke.InvokerBytecodeGenerator::generateCustomizedCodeBytes (604 bytes)

     Virtual frames (innermost first):
        0 - frame( sp=0x000000030600dbe0, unextended_sp=0x000000030600dbe0, fp=0x00000000f2affdc2, pc=0x0000000111f1ec18)
java.lang.invoke.LambdaForm$NamedFunction.intrinsicName(LambdaForm.java:1328) - invokevirtual @ bci 17 
        1 - frame( sp=0x000000030600dbe0, unextended_sp=0x000000030600dbe0, fp=0x00000000f2affdc2, pc=0x0000000111f1ec18)
java.lang.invoke.InvokerBytecodeGenerator.generateCustomizedCodeBytes(InvokerBytecodeGenerator.java:668) - invokevirtual @ bci 180 
     Created vframeArray 0x00007f9cf0082e20
DEOPT UNPACKING thread 0x00007f9cf0010800 vframeArray 0x00007f9cf0082e20 mode 2
     {method} {0x000000010e87ed30} &apos;generateCustomizedCodeBytes&apos; &apos;()[B&apos; in &apos;java/lang/invoke/InvokerBytecodeGenerator&apos; - invokevirtual @ bci 180 sp = 0x000000030600dbd8
     {method} {0x000000010e855be0} &apos;intrinsicName&apos; &apos;()Ljava/lang/invoke/MethodHandleImpl$Intrinsic;&apos; in &apos;java/lang/invoke/LambdaForm$NamedFunction&apos; - invokevirtual @ bci 17 sp = 0x000000030600db80
<uncommon_trap thread='9475' reason='class_check' action='maybe_recompile' compile_id='1274' compiler='C2' count='2' state='class_check' stamp='8.221'>
Uncommon trap occurred in java.lang.invoke.InvokerBytecodeGenerator::generateCustomizedCodeBytes (@0x0000000111f1ec18) thread=9475 reason=class_check action=maybe_recompile unloaded_class_index=-1
<jvms bci='17' method='java/lang/invoke/LambdaForm$NamedFunction intrinsicName ()Ljava/lang/invoke/MethodHandleImpl$Intrinsic;' bytes='21' count='2' backedge_count='1' iicount='7' decompiles='1' class_check_traps='2'/>
<jvms bci='180' method='java/lang/invoke/InvokerBytecodeGenerator generateCustomizedCodeBytes ()[B' bytes='604' count='2' backedge_count='6' iicount='4' decompiles='1'/>
</uncommon_trap>
DEOPT PACKING thread 0x00007f9cf0010800 Compiled frame (sp=0x000000030600d3e0 unextended sp=0x000000030600d3e0, fp=0x00000000f2af7d05, real_fp=0x000000030600d460, pc=0x0000000111f1ec18)
     nmethod   8221 1274             java.lang.invoke.InvokerBytecodeGenerator::generateCustomizedCodeBytes (604 bytes)

     Virtual frames (innermost first):
        0 - frame( sp=0x000000030600d3e0, unextended_sp=0x000000030600d3e0, fp=0x00000000f2af7d05, pc=0x0000000111f1ec18)
java.lang.invoke.LambdaForm$NamedFunction.intrinsicName(LambdaForm.java:1328) - invokevirtual @ bci 17 
        1 - frame( sp=0x000000030600d3e0, unextended_sp=0x000000030600d3e0, fp=0x00000000f2af7d05, pc=0x0000000111f1ec18)
java.lang.invoke.InvokerBytecodeGenerator.generateCustomizedCodeBytes(InvokerBytecodeGenerator.java:668) - invokevirtual @ bci 180 
     Created vframeArray 0x00007f9cdf06a820
DEOPT UNPACKING thread 0x00007f9cf0010800 vframeArray 0x00007f9cdf06a820 mode 2
     {method} {0x000000010e87ed30} &apos;generateCustomizedCodeBytes&apos; &apos;()[B&apos; in &apos;java/lang/invoke/InvokerBytecodeGenerator&apos; - invokevirtual @ bci 180 sp = 0x000000030600d3d8
     {method} {0x000000010e855be0} &apos;intrinsicName&apos; &apos;()Ljava/lang/invoke/MethodHandleImpl$Intrinsic;&apos; in &apos;java/lang/invoke/LambdaForm$NamedFunction&apos; - invokevirtual @ bci 17 sp = 0x000000030600d380
<uncommon_trap thread='9475' reason='class_check' action='maybe_recompile' compile_id='1275' compiler='C2' count='3' state='class_check' stamp='8.230'>
Uncommon trap occurred in java.lang.invoke.LambdaForm$NamedFunction::intrinsicName (@0x0000000111ce14c8) thread=9475 reason=class_check action=maybe_recompile unloaded_class_index=-1
<jvms bci='17' method='java/lang/invoke/LambdaForm$NamedFunction intrinsicName ()Ljava/lang/invoke/MethodHandleImpl$Intrinsic;' bytes='21' count='2' backedge_count='1' iicount='7' decompiles='1' class_check_traps='3'/>
</uncommon_trap>
DEOPT PACKING thread 0x00007f9cf0010800 Compiled frame (sp=0x000000030600dbb0 unextended sp=0x000000030600dbb0, fp=0x00000000f2af7d05, real_fp=0x000000030600dbd0, pc=0x0000000111ce14c8)
     nmethod   8229 1275             java.lang.invoke.LambdaForm$NamedFunction::intrinsicName (21 bytes)

     Virtual frames (innermost first):
        0 - frame( sp=0x000000030600dbb0, unextended_sp=0x000000030600dbb0, fp=0x00000000f2af7d05, pc=0x0000000111ce14c8)
java.lang.invoke.LambdaForm$NamedFunction.intrinsicName(LambdaForm.java:1328) - invokevirtual @ bci 17 
     Created vframeArray 0x00007f9cef07b420
DEOPT UNPACKING thread 0x00007f9cf0010800 vframeArray 0x00007f9cef07b420 mode 2
     {method} {0x000000010e855be0} &apos;intrinsicName&apos; &apos;()Ljava/lang/invoke/MethodHandleImpl$Intrinsic;&apos; in &apos;java/lang/invoke/LambdaForm$NamedFunction&apos; - invokevirtual @ bci 17 sp = 0x000000030600db78
<uncommon_trap thread='9475' reason='predicate' action='maybe_recompile' compile_id='1338' compiler='C2' stamp='8.240'>
Uncommon trap occurred in java.util.Arrays::fill (@0x0000000111f41258) thread=9475 reason=predicate action=maybe_recompile unloaded_class_index=-1
<jvms bci='16' method='java/util/Arrays fill ([Ljava/lang/Object;IILjava/lang/Object;)V' bytes='28' count='2' backedge_count='3' iicount='3'/>
</uncommon_trap>
DEOPT PACKING thread 0x00007f9cf0010800 Compiled frame (sp=0x000000030600ea60 unextended sp=0x000000030600ea60, fp=0x00000007958914a0, real_fp=0x000000030600eaa0, pc=0x0000000111f41258)
     nmethod   8240 1338             java.util.Arrays::fill (28 bytes)

     Virtual frames (innermost first):
        0 - frame( sp=0x000000030600ea60, unextended_sp=0x000000030600ea60, fp=0x00000007958914a0, pc=0x0000000111f41258)
java.util.Arrays.fill(Arrays.java:3155) - fast_aload_0 @ bci 16 
     Created vframeArray 0x00007f9cf086ec20
DEOPT UNPACKING thread 0x00007f9cf0010800 vframeArray 0x00007f9cf086ec20 mode 2
     {method} {0x000000010e574b78} &apos;fill&apos; &apos;([Ljava/lang/Object;IILjava/lang/Object;)V&apos; in &apos;java/util/Arrays&apos; - aload_0 @ bci 16 sp = 0x000000030600ea48
<uncommon_trap thread='9475' reason='array_check' action='maybe_recompile' compile_id='1349' compiler='C2' stamp='8.318'>
Uncommon trap occurred in java.util.Arrays::fill (@0x0000000111f3e2ec) thread=9475 reason=array_check action=maybe_recompile unloaded_class_index=-1
<jvms bci='20' method='java/util/Arrays fill ([Ljava/lang/Object;IILjava/lang/Object;)V' bytes='28' count='2' backedge_count='3' iicount='4' decompiles='1' predicate_traps='1'/>
</uncommon_trap>
DEOPT PACKING thread 0x00007f9cf0010800 Compiled frame (sp=0x000000030600ead0 unextended sp=0x000000030600ead0, fp=0x0000000000000005, real_fp=0x000000030600eb20, pc=0x0000000111f3e2ec)
     nmethod   8318 1349             java.util.Arrays::fill (28 bytes)

     Virtual frames (innermost first):
        0 - frame( sp=0x000000030600ead0, unextended_sp=0x000000030600ead0, fp=0x0000000000000005, pc=0x0000000111f3e2ec)
java.util.Arrays.fill(Arrays.java:3155) - aastore @ bci 20 
     Created vframeArray 0x00007f9cdf06a820
DEOPT UNPACKING thread 0x00007f9cf0010800 vframeArray 0x00007f9cdf06a820 mode 2
     {method} {0x000000010e574b78} &apos;fill&apos; &apos;([Ljava/lang/Object;IILjava/lang/Object;)V&apos; in &apos;java/util/Arrays&apos; - aastore @ bci 20 sp = 0x000000030600eab0
<uncommon_trap thread='9475' reason='class_check' action='maybe_recompile' compile_id='1274' compiler='C2' count='4' state='class_check recompiled' stamp='8.326'>
Uncommon trap occurred in java.lang.invoke.InvokerBytecodeGenerator::generateCustomizedCodeBytes (@0x0000000111f1ec18) thread=9475 reason=class_check action=maybe_recompile unloaded_class_index=-1
<jvms bci='17' method='java/lang/invoke/LambdaForm$NamedFunction intrinsicName ()Ljava/lang/invoke/MethodHandleImpl$Intrinsic;' bytes='21' count='3' backedge_count='1' iicount='8' decompiles='2' class_check_traps='4'/>
<jvms bci='180' method='java/lang/invoke/InvokerBytecodeGenerator generateCustomizedCodeBytes ()[B' bytes='604' count='2' backedge_count='11' iicount='4' decompiles='1'/>
</uncommon_trap>
DEOPT PACKING thread 0x00007f9cf0010800 Compiled frame (sp=0x000000030600eb40 unextended sp=0x000000030600eb40, fp=0x00000000f2affdc2, real_fp=0x000000030600ebc0, pc=0x0000000111f1ec18)
     nmethod   8325 1274             java.lang.invoke.InvokerBytecodeGenerator::generateCustomizedCodeBytes (604 bytes)

     Virtual frames (innermost first):
        0 - frame( sp=0x000000030600eb40, unextended_sp=0x000000030600eb40, fp=0x00000000f2affdc2, pc=0x0000000111f1ec18)
java.lang.invoke.LambdaForm$NamedFunction.intrinsicName(LambdaForm.java:1328) - invokevirtual @ bci 17 
        1 - frame( sp=0x000000030600eb40, unextended_sp=0x000000030600eb40, fp=0x00000000f2affdc2, pc=0x0000000111f1ec18)
java.lang.invoke.InvokerBytecodeGenerator.generateCustomizedCodeBytes(InvokerBytecodeGenerator.java:668) - invokevirtual @ bci 180 
     Created vframeArray 0x00007f9cf0081a20
DEOPT UNPACKING thread 0x00007f9cf0010800 vframeArray 0x00007f9cf0081a20 mode 2
     {method} {0x000000010e87ed30} &apos;generateCustomizedCodeBytes&apos; &apos;()[B&apos; in &apos;java/lang/invoke/InvokerBytecodeGenerator&apos; - invokevirtual @ bci 180 sp = 0x000000030600eb38
     {method} {0x000000010e855be0} &apos;intrinsicName&apos; &apos;()Ljava/lang/invoke/MethodHandleImpl$Intrinsic;&apos; in &apos;java/lang/invoke/LambdaForm$NamedFunction&apos; - invokevirtual @ bci 17 sp = 0x000000030600eae0
<uncommon_trap thread='9475' reason='null_assert' action='make_not_entrant' compile_id='1053' compiler='C2' stamp='8.465'>
Uncommon trap occurred in jdk.internal.org.objectweb.asm.ClassWriter::toByteArray (@0x0000000111eb31e8) thread=9475 reason=null_assert action=make_not_entrant unloaded_class_index=-1
<jvms bci='35' method='jdk/internal/org/objectweb/asm/ClassWriter toByteArray ()[B' bytes='1289' count='2' backedge_count='4' iicount='3'/>
</uncommon_trap>
DEOPT PACKING thread 0x00007f9cf0010800 Compiled frame (sp=0x000000030600ef90 unextended sp=0x000000030600ef90, fp=0x000000079589af28, real_fp=0x000000030600efe0, pc=0x0000000111eb31e8)
     nmethod   8465 1053             jdk.internal.org.objectweb.asm.ClassWriter::toByteArray (1289 bytes)

     Virtual frames (innermost first):
        0 - frame( sp=0x000000030600ef90, unextended_sp=0x000000030600ef90, fp=0x000000079589af28, pc=0x0000000111eb31e8)
jdk.internal.org.objectweb.asm.ClassWriter.toByteArray(ClassWriter.java:846) - astore_3 @ bci 35 
     Created vframeArray 0x00007f9cf086ec20
DEOPT UNPACKING thread 0x00007f9cf0010800 vframeArray 0x00007f9cf086ec20 mode 2
     {method} {0x000000010e8894d0} &apos;toByteArray&apos; &apos;()[B&apos; in &apos;jdk/internal/org/objectweb/asm/ClassWriter&apos; - astore_3 @ bci 35 sp = 0x000000030600ef40
<uncommon_trap thread='9475' reason='class_check' action='maybe_recompile' compile_id='809' compiler='C2' stamp='8.480'>
Uncommon trap occurred in java.util.Arrays::equals (@0x0000000111e2df94) thread=9475 reason=class_check action=maybe_recompile unloaded_class_index=-1
<jvms bci='62' method='java/util/Arrays equals ([Ljava/lang/Object;[Ljava/lang/Object;)Z' bytes='78' count='2' backedge_count='3' iicount='2'/>
</uncommon_trap>
DEOPT PACKING thread 0x00007f9cf0010800 Compiled frame (sp=0x000000030600f4e0 unextended sp=0x000000030600f4e0, fp=0x000000079587b468, real_fp=0x000000030600f520, pc=0x0000000111e2df94)
     nmethod   8480  809             java.util.Arrays::equals (78 bytes)

     Virtual frames (innermost first):
        0 - frame( sp=0x000000030600f4e0, unextended_sp=0x000000030600f4e0, fp=0x000000079587b468, pc=0x0000000111e2df94)
java.util.Arrays.equals(Arrays.java:2829) - invokevirtual @ bci 62 
     Created vframeArray 0x00007f9cdf06a820
DEOPT UNPACKING thread 0x00007f9cf0010800 vframeArray 0x00007f9cdf06a820 mode 2
     {method} {0x000000010e573a08} &apos;equals&apos; &apos;([Ljava/lang/Object;[Ljava/lang/Object;)Z&apos; in &apos;java/util/Arrays&apos; - invokevirtual @ bci 62 sp = 0x000000030600f4a0
<uncommon_trap thread='9475' reason='class_check' action='maybe_recompile' compile_id='809' compiler='C2' count='1' state='class_check' stamp='8.565'>
Uncommon trap occurred in java.util.Arrays::equals (@0x0000000111e2df94) thread=9475 reason=class_check action=maybe_recompile unloaded_class_index=-1
<jvms bci='62' method='java/util/Arrays equals ([Ljava/lang/Object;[Ljava/lang/Object;)Z' bytes='78' count='2' backedge_count='4' iicount='2' class_check_traps='1'/>
</uncommon_trap>
DEOPT PACKING thread 0x00007f9cf0010800 Compiled frame (sp=0x000000030600f5b0 unextended sp=0x000000030600f5b0, fp=0x00000007958977a0, real_fp=0x000000030600f5f0, pc=0x0000000111e2df94)
     nmethod   8565  809             java.util.Arrays::equals (78 bytes)

     Virtual frames (innermost first):
        0 - frame( sp=0x000000030600f5b0, unextended_sp=0x000000030600f5b0, fp=0x00000007958977a0, pc=0x0000000111e2df94)
java.util.Arrays.equals(Arrays.java:2829) - invokevirtual @ bci 62 
     Created vframeArray 0x00007f9cef07bc20
DEOPT UNPACKING thread 0x00007f9cf0010800 vframeArray 0x00007f9cef07bc20 mode 2
     {method} {0x000000010e573a08} &apos;equals&apos; &apos;([Ljava/lang/Object;[Ljava/lang/Object;)Z&apos; in &apos;java/util/Arrays&apos; - invokevirtual @ bci 62 sp = 0x000000030600f570
<uncommon_trap thread='9475' reason='array_check' action='maybe_recompile' compile_id='1349' compiler='C2' count='1' state='array_check' stamp='8.574'>
Uncommon trap occurred in java.util.Arrays::fill (@0x0000000111f3e2ec) thread=9475 reason=array_check action=maybe_recompile unloaded_class_index=-1
<jvms bci='20' method='java/util/Arrays fill ([Ljava/lang/Object;IILjava/lang/Object;)V' bytes='28' count='2' backedge_count='4' iicount='4' decompiles='1' array_check_traps='1' predicate_traps='1'/>
</uncommon_trap>
DEOPT PACKING thread 0x00007f9cf0010800 Compiled frame (sp=0x000000030600f4b0 unextended sp=0x000000030600f4b0, fp=0x0000000000000008, real_fp=0x000000030600f500, pc=0x0000000111f3e2ec)
     nmethod   8574 1349             java.util.Arrays::fill (28 bytes)

     Virtual frames (innermost first):
        0 - frame( sp=0x000000030600f4b0, unextended_sp=0x000000030600f4b0, fp=0x0000000000000008, pc=0x0000000111f3e2ec)
java.util.Arrays.fill(Arrays.java:3155) - aastore @ bci 20 
     Created vframeArray 0x00007f9cf086ec20
DEOPT UNPACKING thread 0x00007f9cf0010800 vframeArray 0x00007f9cf086ec20 mode 2
     {method} {0x000000010e574b78} &apos;fill&apos; &apos;([Ljava/lang/Object;IILjava/lang/Object;)V&apos; in &apos;java/util/Arrays&apos; - aastore @ bci 20 sp = 0x000000030600f490
<uncommon_trap thread='9475' reason='array_check' action='maybe_recompile' compile_id='1349' compiler='C2' count='2' state='array_check' stamp='8.575'>
Uncommon trap occurred in java.util.Arrays::fill (@0x0000000111f3e2ec) thread=9475 reason=array_check action=maybe_recompile unloaded_class_index=-1
<jvms bci='20' method='java/util/Arrays fill ([Ljava/lang/Object;IILjava/lang/Object;)V' bytes='28' count='2' backedge_count='5' iicount='4' decompiles='1' array_check_traps='2' predicate_traps='1'/>
</uncommon_trap>
DEOPT PACKING thread 0x00007f9cf0010800 Compiled frame (sp=0x000000030600f4b0 unextended sp=0x000000030600f4b0, fp=0x0000000000000008, real_fp=0x000000030600f500, pc=0x0000000111f3e2ec)
     nmethod   8574 1349             java.util.Arrays::fill (28 bytes)

     Virtual frames (innermost first):
        0 - frame( sp=0x000000030600f4b0, unextended_sp=0x000000030600f4b0, fp=0x0000000000000008, pc=0x0000000111f3e2ec)
java.util.Arrays.fill(Arrays.java:3155) - aastore @ bci 20 
     Created vframeArray 0x00007f9cf0081a20
DEOPT UNPACKING thread 0x00007f9cf0010800 vframeArray 0x00007f9cf0081a20 mode 2
     {method} {0x000000010e574b78} &apos;fill&apos; &apos;([Ljava/lang/Object;IILjava/lang/Object;)V&apos; in &apos;java/util/Arrays&apos; - aastore @ bci 20 sp = 0x000000030600f490
<uncommon_trap thread='9475' reason='array_check' action='maybe_recompile' compile_id='1349' compiler='C2' count='3' state='array_check' stamp='8.575'>
Uncommon trap occurred in java.util.Arrays::fill (@0x0000000111f3e2ec) thread=9475 reason=array_check action=maybe_recompile unloaded_class_index=-1
<jvms bci='20' method='java/util/Arrays fill ([Ljava/lang/Object;IILjava/lang/Object;)V' bytes='28' count='2' backedge_count='6' iicount='4' decompiles='1' array_check_traps='3' predicate_traps='1'/>
</uncommon_trap>
DEOPT PACKING thread 0x00007f9cf0010800 Compiled frame (sp=0x000000030600f4b0 unextended sp=0x000000030600f4b0, fp=0x0000000000000009, real_fp=0x000000030600f500, pc=0x0000000111f3e2ec)
     nmethod   8575 1349             java.util.Arrays::fill (28 bytes)

     Virtual frames (innermost first):
        0 - frame( sp=0x000000030600f4b0, unextended_sp=0x000000030600f4b0, fp=0x0000000000000009, pc=0x0000000111f3e2ec)
java.util.Arrays.fill(Arrays.java:3155) - aastore @ bci 20 
     Created vframeArray 0x00007f9cf0083820
DEOPT UNPACKING thread 0x00007f9cf0010800 vframeArray 0x00007f9cf0083820 mode 2
     {method} {0x000000010e574b78} &apos;fill&apos; &apos;([Ljava/lang/Object;IILjava/lang/Object;)V&apos; in &apos;java/util/Arrays&apos; - aastore @ bci 20 sp = 0x000000030600f490
<uncommon_trap thread='9475' reason='class_check' action='maybe_recompile' compile_id='809' compiler='C2' count='2' state='class_check' stamp='9.012'>
Uncommon trap occurred in java.util.Arrays::equals (@0x0000000111e2df94) thread=9475 reason=class_check action=maybe_recompile unloaded_class_index=-1
<jvms bci='62' method='java/util/Arrays equals ([Ljava/lang/Object;[Ljava/lang/Object;)Z' bytes='78' count='2' backedge_count='5' iicount='2' class_check_traps='2'/>
</uncommon_trap>
DEOPT PACKING thread 0x00007f9cf0010800 Compiled frame (sp=0x000000030600f5b0 unextended sp=0x000000030600f5b0, fp=0x00000007958ad2f0, real_fp=0x000000030600f5f0, pc=0x0000000111e2df94)
     nmethod   9011  809             java.util.Arrays::equals (78 bytes)

     Virtual frames (innermost first):
        0 - frame( sp=0x000000030600f5b0, unextended_sp=0x000000030600f5b0, fp=0x00000007958ad2f0, pc=0x0000000111e2df94)
java.util.Arrays.equals(Arrays.java:2829) - invokevirtual @ bci 62 
     Created vframeArray 0x00007f9cf0081a20
DEOPT UNPACKING thread 0x00007f9cf0010800 vframeArray 0x00007f9cf0081a20 mode 2
     {method} {0x000000010e573a08} &apos;equals&apos; &apos;([Ljava/lang/Object;[Ljava/lang/Object;)Z&apos; in &apos;java/util/Arrays&apos; - invokevirtual @ bci 62 sp = 0x000000030600f570
<uncommon_trap thread='9475' reason='class_check' action='maybe_recompile' compile_id='809' compiler='C2' count='3' state='class_check' stamp='9.012'>
Uncommon trap occurred in java.util.Arrays::equals (@0x0000000111e2df94) thread=9475 reason=class_check action=maybe_recompile unloaded_class_index=-1
<jvms bci='62' method='java/util/Arrays equals ([Ljava/lang/Object;[Ljava/lang/Object;)Z' bytes='78' count='2' backedge_count='6' iicount='2' class_check_traps='3'/>
</uncommon_trap>
DEOPT PACKING thread 0x00007f9cf0010800 Compiled frame (sp=0x000000030600f5b0 unextended sp=0x000000030600f5b0, fp=0x00000007958ad2f0, real_fp=0x000000030600f5f0, pc=0x0000000111e2df94)
     nmethod   9012  809             java.util.Arrays::equals (78 bytes)

     Virtual frames (innermost first):
        0 - frame( sp=0x000000030600f5b0, unextended_sp=0x000000030600f5b0, fp=0x00000007958ad2f0, pc=0x0000000111e2df94)
java.util.Arrays.equals(Arrays.java:2829) - invokevirtual @ bci 62 
     Created vframeArray 0x00007f9cdf074420
DEOPT UNPACKING thread 0x00007f9cf0010800 vframeArray 0x00007f9cdf074420 mode 2
     {method} {0x000000010e573a08} &apos;equals&apos; &apos;([Ljava/lang/Object;[Ljava/lang/Object;)Z&apos; in &apos;java/util/Arrays&apos; - invokevirtual @ bci 62 sp = 0x000000030600f570
<uncommon_trap thread='9475' reason='class_check' action='maybe_recompile' compile_id='1401' compiler='C2' stamp='9.038'>
Uncommon trap occurred in java.lang.invoke.LambdaFormEditor::getInCache (@0x0000000111f68cc0) thread=9475 reason=class_check action=maybe_recompile unloaded_class_index=-1
<jvms bci='64' method='java/lang/invoke/LambdaFormEditor getInCache (Ljava/lang/invoke/LambdaFormEditor$Transform;)Ljava/lang/invoke/LambdaForm;' bytes='189' count='2' backedge_count='2' iicount='5'/>
</uncommon_trap>
DEOPT PACKING thread 0x00007f9cf0010800 Compiled frame (sp=0x000000030600f580 unextended sp=0x000000030600f580, fp=0x00000007958c5bb0, real_fp=0x000000030600f5b0, pc=0x0000000111f68cc0)
     nmethod   9037 1401             java.lang.invoke.LambdaFormEditor::getInCache (189 bytes)

     Virtual frames (innermost first):
        0 - frame( sp=0x000000030600f580, unextended_sp=0x000000030600f580, fp=0x00000007958c5bb0, pc=0x0000000111f68cc0)
java.lang.invoke.LambdaFormEditor.getInCache(LambdaFormEditor.java:270) - instanceof @ bci 64 
     Created vframeArray 0x00007f9cdf074c20
DEOPT UNPACKING thread 0x00007f9cf0010800 vframeArray 0x00007f9cdf074c20 mode 2
     {method} {0x000000010e9057b8} &apos;getInCache&apos; &apos;(Ljava/lang/invoke/LambdaFormEditor$Transform;)Ljava/lang/invoke/LambdaForm;&apos; in &apos;java/lang/invoke/LambdaFormEditor&apos; - instanceof @ bci 64 sp = 0x000000030600f530
<dependency_failed type='abstract_with_unique_concrete_subtype' ctxk='jdk/internal/org/objectweb/asm/MethodVisitor' x='jdk/internal/org/objectweb/asm/MethodWriter' witness='java/lang/invoke/TypeConvertingMethodAdapter' stamp='9.282'/>
<dependency_failed type='abstract_with_unique_concrete_subtype' ctxk='jdk/internal/org/objectweb/asm/MethodVisitor' x='jdk/internal/org/objectweb/asm/MethodWriter' witness='java/lang/invoke/TypeConvertingMethodAdapter' stamp='9.282'/>
<dependency_failed type='abstract_with_unique_concrete_subtype' ctxk='jdk/internal/org/objectweb/asm/MethodVisitor' x='jdk/internal/org/objectweb/asm/MethodWriter' witness='java/lang/invoke/TypeConvertingMethodAdapter' stamp='9.282'/>
<dependency_failed type='abstract_with_unique_concrete_subtype' ctxk='jdk/internal/org/objectweb/asm/MethodVisitor' x='jdk/internal/org/objectweb/asm/MethodWriter' witness='java/lang/invoke/TypeConvertingMethodAdapter' stamp='9.282'/>
<dependency_failed type='abstract_with_unique_concrete_subtype' ctxk='jdk/internal/org/objectweb/asm/MethodVisitor' x='jdk/internal/org/objectweb/asm/MethodWriter' witness='java/lang/invoke/TypeConvertingMethodAdapter' stamp='9.282'/>
<dependency_failed type='abstract_with_unique_concrete_subtype' ctxk='jdk/internal/org/objectweb/asm/MethodVisitor' x='jdk/internal/org/objectweb/asm/MethodWriter' witness='java/lang/invoke/TypeConvertingMethodAdapter' stamp='9.282'/>
<dependency_failed type='abstract_with_unique_concrete_subtype' ctxk='jdk/internal/org/objectweb/asm/MethodVisitor' x='jdk/internal/org/objectweb/asm/MethodWriter' witness='java/lang/invoke/TypeConvertingMethodAdapter' stamp='9.282'/>
<dependency_failed type='abstract_with_unique_concrete_subtype' ctxk='jdk/internal/org/objectweb/asm/MethodVisitor' x='jdk/internal/org/objectweb/asm/MethodWriter' witness='java/lang/invoke/TypeConvertingMethodAdapter' stamp='9.282'/>
<dependency_failed type='abstract_with_unique_concrete_subtype' ctxk='jdk/internal/org/objectweb/asm/MethodVisitor' x='jdk/internal/org/objectweb/asm/MethodWriter' witness='java/lang/invoke/TypeConvertingMethodAdapter' stamp='9.282'/>
<dependency_failed type='abstract_with_unique_concrete_subtype' ctxk='jdk/internal/org/objectweb/asm/MethodVisitor' x='jdk/internal/org/objectweb/asm/MethodWriter' witness='java/lang/invoke/TypeConvertingMethodAdapter' stamp='9.282'/>
<dependency_failed type='abstract_with_unique_concrete_subtype' ctxk='jdk/internal/org/objectweb/asm/MethodVisitor' x='jdk/internal/org/objectweb/asm/MethodWriter' witness='java/lang/invoke/TypeConvertingMethodAdapter' stamp='9.282'/>
<dependency_failed type='abstract_with_unique_concrete_subtype' ctxk='jdk/internal/org/objectweb/asm/MethodVisitor' x='jdk/internal/org/objectweb/asm/MethodWriter' witness='java/lang/invoke/TypeConvertingMethodAdapter' stamp='9.282'/>
<dependency_failed type='abstract_with_unique_concrete_subtype' ctxk='jdk/internal/org/objectweb/asm/MethodVisitor' x='jdk/internal/org/objectweb/asm/MethodWriter' witness='java/lang/invoke/TypeConvertingMethodAdapter' stamp='9.282'/>
<dependency_failed type='abstract_with_unique_concrete_subtype' ctxk='jdk/internal/org/objectweb/asm/MethodVisitor' x='jdk/internal/org/objectweb/asm/MethodWriter' witness='java/lang/invoke/TypeConvertingMethodAdapter' stamp='9.282'/>
<dependency_failed type='abstract_with_unique_concrete_subtype' ctxk='jdk/internal/org/objectweb/asm/MethodVisitor' x='jdk/internal/org/objectweb/asm/MethodWriter' witness='java/lang/invoke/TypeConvertingMethodAdapter' stamp='9.282'/>
<dependency_failed type='abstract_with_unique_concrete_subtype' ctxk='jdk/internal/org/objectweb/asm/MethodVisitor' x='jdk/internal/org/objectweb/asm/MethodWriter' witness='java/lang/invoke/TypeConvertingMethodAdapter' stamp='9.282'/>
<dependency_failed type='abstract_with_unique_concrete_subtype' ctxk='jdk/internal/org/objectweb/asm/MethodVisitor' x='jdk/internal/org/objectweb/asm/MethodWriter' witness='java/lang/invoke/TypeConvertingMethodAdapter' stamp='9.282'/>
<dependency_failed type='abstract_with_unique_concrete_subtype' ctxk='jdk/internal/org/objectweb/asm/MethodVisitor' x='jdk/internal/org/objectweb/asm/MethodWriter' witness='java/lang/invoke/TypeConvertingMethodAdapter' stamp='9.282'/>
<dependency_failed type='abstract_with_unique_concrete_subtype' ctxk='jdk/internal/org/objectweb/asm/MethodVisitor' x='jdk/internal/org/objectweb/asm/MethodWriter' witness='java/lang/invoke/TypeConvertingMethodAdapter' stamp='9.282'/>
<dependency_failed type='abstract_with_unique_concrete_subtype' ctxk='jdk/internal/org/objectweb/asm/MethodVisitor' x='jdk/internal/org/objectweb/asm/MethodWriter' witness='java/lang/invoke/TypeConvertingMethodAdapter' stamp='9.282'/>
<dependency_failed type='abstract_with_unique_concrete_subtype' ctxk='jdk/internal/org/objectweb/asm/MethodVisitor' x='jdk/internal/org/objectweb/asm/MethodWriter' witness='java/lang/invoke/TypeConvertingMethodAdapter' stamp='9.283'/>
<dependency_failed type='abstract_with_unique_concrete_subtype' ctxk='jdk/internal/org/objectweb/asm/MethodVisitor' x='jdk/internal/org/objectweb/asm/MethodWriter' witness='java/lang/invoke/TypeConvertingMethodAdapter' stamp='9.283'/>
<dependency_failed type='abstract_with_unique_concrete_subtype' ctxk='jdk/internal/org/objectweb/asm/MethodVisitor' x='jdk/internal/org/objectweb/asm/MethodWriter' witness='java/lang/invoke/TypeConvertingMethodAdapter' stamp='9.283'/>
<dependency_failed type='abstract_with_unique_concrete_subtype' ctxk='jdk/internal/org/objectweb/asm/MethodVisitor' x='jdk/internal/org/objectweb/asm/MethodWriter' witness='java/lang/invoke/TypeConvertingMethodAdapter' stamp='9.283'/>
<uncommon_trap thread='9475' reason='uninitialized' action='reinterpret' compile_id='1478' compiler='C2' stamp='9.292'>
Uncommon trap occurred in java.lang.invoke.TypeConvertingMethodAdapter::initWidening (@0x0000000111f96504) thread=9475 reason=uninitialized action=reinterpret unloaded_class_index=-1
<jvms bci='22' method='java/lang/invoke/TypeConvertingMethodAdapter initWidening (Lsun/invoke/util/Wrapper;I[Lsun/invoke/util/Wrapper;)V' bytes='44' count='2' backedge_count='3' iicount='2'/>
</uncommon_trap>
DEOPT PACKING thread 0x00007f9cf0010800 Compiled frame (sp=0x000000030600eec0 unextended sp=0x000000030600eec0, fp=0x00000000f2af247f, real_fp=0x000000030600ef00, pc=0x0000000111f96504)
     nmethod   9292 1478             java.lang.invoke.TypeConvertingMethodAdapter::initWidening (44 bytes)

     Virtual frames (innermost first):
        0 - frame( sp=0x000000030600eec0, unextended_sp=0x000000030600eec0, fp=0x00000000f2af247f, pc=0x0000000111f96504)
java.lang.invoke.TypeConvertingMethodAdapter.initWidening(TypeConvertingMethodAdapter.java:92) - getstatic @ bci 22 
     Created vframeArray 0x00007f9cef041020
DEOPT UNPACKING thread 0x00007f9cf0010800 vframeArray 0x00007f9cef041020 mode 2
     {method} {0x000000010e967830} &apos;initWidening&apos; &apos;(Lsun/invoke/util/Wrapper;I[Lsun/invoke/util/Wrapper;)V&apos; in &apos;java/lang/invoke/TypeConvertingMethodAdapter&apos; - getstatic @ bci 22 sp = 0x000000030600ee90
<uncommon_trap thread='9475' reason='uninitialized' action='reinterpret' compile_id='1479' compiler='C2' count='1' stamp='9.297'>
Uncommon trap occurred in java.lang.invoke.TypeConvertingMethodAdapter::initWidening (@0x0000000111d150d0) thread=9475 reason=uninitialized action=reinterpret unloaded_class_index=-1
<jvms bci='22' method='java/lang/invoke/TypeConvertingMethodAdapter initWidening (Lsun/invoke/util/Wrapper;I[Lsun/invoke/util/Wrapper;)V' bytes='44' count='2' backedge_count='3' iicount='3' decompiles='1' uninitialized_traps='1'/>
</uncommon_trap>
DEOPT PACKING thread 0x00007f9cf0010800 Compiled frame (sp=0x000000030600eec0 unextended sp=0x000000030600eec0, fp=0x00000000f2af247f, real_fp=0x000000030600ef00, pc=0x0000000111d150d0)
     nmethod   9296 1479             java.lang.invoke.TypeConvertingMethodAdapter::initWidening (44 bytes)

     Virtual frames (innermost first):
        0 - frame( sp=0x000000030600eec0, unextended_sp=0x000000030600eec0, fp=0x00000000f2af247f, pc=0x0000000111d150d0)
java.lang.invoke.TypeConvertingMethodAdapter.initWidening(TypeConvertingMethodAdapter.java:92) - getstatic @ bci 22 
     Created vframeArray 0x00007f9cf0081a20
DEOPT UNPACKING thread 0x00007f9cf0010800 vframeArray 0x00007f9cf0081a20 mode 2
     {method} {0x000000010e967830} &apos;initWidening&apos; &apos;(Lsun/invoke/util/Wrapper;I[Lsun/invoke/util/Wrapper;)V&apos; in &apos;java/lang/invoke/TypeConvertingMethodAdapter&apos; - getstatic @ bci 22 sp = 0x000000030600ee90
<uncommon_trap thread='9475' reason='uninitialized' action='reinterpret' compile_id='1480' compiler='C2' count='2' stamp='9.301'>
Uncommon trap occurred in java.lang.invoke.TypeConvertingMethodAdapter::initWidening (@0x0000000111d94ec8) thread=9475 reason=uninitialized action=reinterpret unloaded_class_index=-1
<jvms bci='22' method='java/lang/invoke/TypeConvertingMethodAdapter initWidening (Lsun/invoke/util/Wrapper;I[Lsun/invoke/util/Wrapper;)V' bytes='44' count='2' backedge_count='3' iicount='4' decompiles='2' uninitialized_traps='2'/>
</uncommon_trap>
DEOPT PACKING thread 0x00007f9cf0010800 Compiled frame (sp=0x000000030600eec0 unextended sp=0x000000030600eec0, fp=0x00000000f2af2c36, real_fp=0x000000030600ef00, pc=0x0000000111d94ec8)
     nmethod   9301 1480             java.lang.invoke.TypeConvertingMethodAdapter::initWidening (44 bytes)

     Virtual frames (innermost first):
        0 - frame( sp=0x000000030600eec0, unextended_sp=0x000000030600eec0, fp=0x00000000f2af2c36, pc=0x0000000111d94ec8)
java.lang.invoke.TypeConvertingMethodAdapter.initWidening(TypeConvertingMethodAdapter.java:92) - getstatic @ bci 22 
     Created vframeArray 0x00007f9cdf074c20
DEOPT UNPACKING thread 0x00007f9cf0010800 vframeArray 0x00007f9cdf074c20 mode 2
     {method} {0x000000010e967830} &apos;initWidening&apos; &apos;(Lsun/invoke/util/Wrapper;I[Lsun/invoke/util/Wrapper;)V&apos; in &apos;java/lang/invoke/TypeConvertingMethodAdapter&apos; - getstatic @ bci 22 sp = 0x000000030600ee90
<uncommon_trap thread='9475' reason='class_check' action='maybe_recompile' compile_id='207' compiler='C2' count='1' state='class_check' stamp='9.648'>
Uncommon trap occurred in java.lang.reflect.AccessibleObject::setAccessible0 (@0x0000000111cf8d84) thread=9475 reason=class_check action=maybe_recompile unloaded_class_index=-1
<jvms bci='1' method='java/lang/reflect/AccessibleObject setAccessible0 (Ljava/lang/reflect/AccessibleObject;Z)V' bytes='42' count='2' backedge_count='1' iicount='5' class_check_traps='1'/>
</uncommon_trap>
DEOPT PACKING thread 0x00007f9cf0010800 Compiled frame (sp=0x000000030600f430 unextended sp=0x000000030600f430, fp=0x000000030600f4f0, real_fp=0x000000030600f460, pc=0x0000000111cf8d84)
     nmethod   9648  207             java.lang.reflect.AccessibleObject::setAccessible0 (42 bytes)

     Virtual frames (innermost first):
        0 - frame( sp=0x000000030600f430, unextended_sp=0x000000030600f430, fp=0x000000030600f4f0, pc=0x0000000111cf8d84)
java.lang.reflect.AccessibleObject.setAccessible0(AccessibleObject.java:137) - instanceof @ bci 1 
     Created vframeArray 0x00007f9cf086ec20
DEOPT UNPACKING thread 0x00007f9cf0010800 vframeArray 0x00007f9cf086ec20 mode 2
     {method} {0x000000010e447c00} &apos;setAccessible0&apos; &apos;(Ljava/lang/reflect/AccessibleObject;Z)V&apos; in &apos;java/lang/reflect/AccessibleObject&apos; - instanceof @ bci 1 sp = 0x000000030600f3f0
<uncommon_trap thread='9475' reason='unloaded' action='reinterpret' index='37' compile_id='1215' compiler='C2' unresolved='1' name='java/lang/invoke/DirectMethodHandle$Special' count='1' stamp='9.686'>
Uncommon trap occurred in java.lang.invoke.DirectMethodHandle::make (@0x0000000111f08360) thread=9475 reason=unloaded action=reinterpret unloaded_class_index=37 unresolved class: java/lang/invoke/DirectMethodHandle$Special
<jvms bci='103' method='java/lang/invoke/DirectMethodHandle make (BLjava/lang/Class;Ljava/lang/invoke/MemberName;)Ljava/lang/invoke/DirectMethodHandle;' bytes='242' count='1' backedge_count='1' iicount='9' decompiles='1' unloaded_traps='1'/>
</uncommon_trap>
DEOPT PACKING thread 0x00007f9cf0010800 Compiled frame (sp=0x000000030600f4a0 unextended sp=0x000000030600f4a0, fp=0x000000079593dad8, real_fp=0x000000030600f4f0, pc=0x0000000111f08360)
     nmethod   9687 1215             java.lang.invoke.DirectMethodHandle::make (242 bytes)

     Virtual frames (innermost first):
        0 - frame( sp=0x000000030600f4a0, unextended_sp=0x000000030600f4a0, fp=0x000000079593dad8, pc=0x0000000111f08360)
java.lang.invoke.DirectMethodHandle.make(DirectMethodHandle.java:82) - new @ bci 103 
     Created vframeArray 0x00007f9cdf074c20
DEOPT UNPACKING thread 0x00007f9cf0010800 vframeArray 0x00007f9cdf074c20 mode 2
     {method} {0x000000010e460e40} &apos;make&apos; &apos;(BLjava/lang/Class;Ljava/lang/invoke/MemberName;)Ljava/lang/invoke/DirectMethodHandle;&apos; in &apos;java/lang/invoke/DirectMethodHandle&apos; - new @ bci 103 sp = 0x000000030600f460
<uncommon_trap thread='9475' reason='class_check' action='maybe_recompile' compile_id='1279' compiler='C2' stamp='9.688'>
Uncommon trap occurred in java.lang.invoke.MethodHandles$Lookup::getDirectMethodCommon (@0x0000000111cc8250) thread=9475 reason=class_check action=maybe_recompile unloaded_class_index=-1
<jvms bci='263' method='java/lang/invoke/MethodHandles$Lookup getDirectMethodCommon (BLjava/lang/Class;Ljava/lang/invoke/MemberName;ZZLjava/lang/Class;)Ljava/lang/invoke/MethodHandle;' bytes='271' count='2' backedge_count='1' iicount='7' decompiles='1'/>
</uncommon_trap>
DEOPT PACKING thread 0x00007f9cf0010800 Compiled frame (sp=0x000000030600f4f0 unextended sp=0x000000030600f4f0, fp=0x0000000795942b10, real_fp=0x000000030600f570, pc=0x0000000111cc8250)
     nmethod   9688 1279             java.lang.invoke.MethodHandles$Lookup::getDirectMethodCommon (271 bytes)

     Virtual frames (innermost first):
        0 - frame( sp=0x000000030600f4f0, unextended_sp=0x000000030600f4f0, fp=0x0000000795942b10, pc=0x0000000111cc8250)
java.lang.invoke.MethodHandles$Lookup.getDirectMethodCommon(MethodHandles.java:1670) - invokevirtual @ bci 263 
     Created vframeArray 0x00007f9cf0083220
DEOPT UNPACKING thread 0x00007f9cf0010800 vframeArray 0x00007f9cf0083220 mode 2
     {method} {0x000000010e7dd718} &apos;getDirectMethodCommon&apos; &apos;(BLjava/lang/Class;Ljava/lang/invoke/MemberName;ZZLjava/lang/Class;)Ljava/lang/invoke/MethodHandle;&apos; in &apos;java/lang/invoke/MethodHandles$Lookup&apos; - invokevirtual @ bci 263 sp = 0x000000030600f500
<uncommon_trap thread='9475' reason='class_check' action='maybe_recompile' compile_id='322' compiler='C2' count='3' state='class_check' stamp='9.962'>
Uncommon trap occurred in java.util.HashMap::putVal (@0x0000000111d3a354) thread=9475 reason=class_check action=maybe_recompile unloaded_class_index=-1
<jvms bci='152' method='java/util/HashMap putVal (ILjava/lang/Object;Ljava/lang/Object;ZZ)Ljava/lang/Object;' bytes='300' count='1' backedge_count='1' iicount='15' class_check_traps='3'/>
</uncommon_trap>
DEOPT PACKING thread 0x00007f9cf0010800 Compiled frame (sp=0x0000000306010020 unextended sp=0x0000000306010020, fp=0x00000000f80039e2, real_fp=0x00000003060100d0, pc=0x0000000111d3a354)
     nmethod   9962  322             java.util.HashMap::putVal (300 bytes)

     Virtual frames (innermost first):
        0 - frame( sp=0x0000000306010020, unextended_sp=0x0000000306010020, fp=0x00000000f80039e2, pc=0x0000000111d3a354)
java.util.HashMap.putVal(HashMap.java:643) - invokevirtual @ bci 152 
     Created vframeArray 0x00007f9cdf074c20
DEOPT UNPACKING thread 0x00007f9cf0010800 vframeArray 0x00007f9cdf074c20 mode 2
     {method} {0x000000010e521d88} &apos;putVal&apos; &apos;(ILjava/lang/Object;Ljava/lang/Object;ZZ)Ljava/lang/Object;&apos; in &apos;java/util/HashMap&apos; - invokevirtual @ bci 152 sp = 0x000000030600ffe8
<dependency_failed type='abstract_with_unique_concrete_subtype' ctxk='sun/misc/ProxyGenerator$ConstantPool$Entry' x='sun/misc/ProxyGenerator$ConstantPool$ValueEntry' witness='sun/misc/ProxyGenerator$ConstantPool$IndirectEntry' stamp='10.046'/>
<dependency_failed type='abstract_with_unique_concrete_subtype' ctxk='sun/misc/ProxyGenerator$ConstantPool$Entry' x='sun/misc/ProxyGenerator$ConstantPool$ValueEntry' witness='sun/misc/ProxyGenerator$ConstantPool$IndirectEntry' stamp='10.046'/>
<dependency_failed type='abstract_with_unique_concrete_subtype' ctxk='sun/misc/ProxyGenerator$ConstantPool$Entry' x='sun/misc/ProxyGenerator$ConstantPool$ValueEntry' witness='sun/misc/ProxyGenerator$ConstantPool$IndirectEntry' stamp='10.046'/>
<dependency_failed type='abstract_with_unique_concrete_subtype' ctxk='sun/misc/ProxyGenerator$ConstantPool$Entry' x='sun/misc/ProxyGenerator$ConstantPool$ValueEntry' witness='sun/misc/ProxyGenerator$ConstantPool$IndirectEntry' stamp='10.046'/>
<dependency_failed type='abstract_with_unique_concrete_subtype' ctxk='sun/misc/ProxyGenerator$ConstantPool$Entry' x='sun/misc/ProxyGenerator$ConstantPool$ValueEntry' witness='sun/misc/ProxyGenerator$ConstantPool$IndirectEntry' stamp='10.046'/>
<uncommon_trap thread='9475' reason='unloaded' action='reinterpret' index='196' compile_id='1591' compiler='C2' unresolved='1' name='sun/misc/ProxyGenerator$PrimitiveTypeInfo' stamp='10.069'>
Uncommon trap occurred in sun.misc.ProxyGenerator::getFieldType (@0x0000000111fc4ed4) thread=9475 reason=unloaded action=reinterpret unloaded_class_index=196 unresolved class: sun/misc/ProxyGenerator$PrimitiveTypeInfo
<jvms bci='8' method='sun/misc/ProxyGenerator getFieldType (Ljava/lang/Class;)Ljava/lang/String;' bytes='65' count='3' backedge_count='1' iicount='6'/>
</uncommon_trap>
DEOPT PACKING thread 0x00007f9cf0010800 Compiled frame (sp=0x000000030600ff80 unextended sp=0x000000030600ff80, fp=0x00000007955801b0, real_fp=0x000000030600ffc0, pc=0x0000000111fc4ed4)
     nmethod  10070 1591             sun.misc.ProxyGenerator::getFieldType (65 bytes)

     Virtual frames (innermost first):
        0 - frame( sp=0x000000030600ff80, unextended_sp=0x000000030600ff80, fp=0x00000007955801b0, pc=0x0000000111fc4ed4)
sun.misc.ProxyGenerator.getFieldType(ProxyGenerator.java:1479) - invokestatic @ bci 8 
     Created vframeArray 0x00007f9cf0083220
DEOPT UNPACKING thread 0x00007f9cf0010800 vframeArray 0x00007f9cf0083220 mode 2
     {method} {0x000000010e9dc5f8} &apos;getFieldType&apos; &apos;(Ljava/lang/Class;)Ljava/lang/String;&apos; in &apos;sun/misc/ProxyGenerator&apos; - invokestatic @ bci 8 sp = 0x000000030600ff68
<uncommon_trap thread='9475' reason='uninitialized' action='reinterpret' compile_id='1615' compiler='C2' stamp='10.095'>
Uncommon trap occurred in sun.misc.ProxyGenerator$PrimitiveTypeInfo::add (@0x0000000111fc96c0) thread=9475 reason=uninitialized action=reinterpret unloaded_class_index=-1
<jvms bci='0' method='sun/misc/ProxyGenerator$PrimitiveTypeInfo add (Ljava/lang/Class;Ljava/lang/Class;)V' bytes='20' count='2' backedge_count='1' iicount='5'/>
</uncommon_trap>
DEOPT PACKING thread 0x00007f9cf0010800 Compiled frame (sp=0x000000030600f410 unextended sp=0x000000030600f410, fp=0x0000000795580280, real_fp=0x000000030600f440, pc=0x0000000111fc96c0)
     nmethod  10095 1615             sun.misc.ProxyGenerator$PrimitiveTypeInfo::add (20 bytes)

     Virtual frames (innermost first):
        0 - frame( sp=0x000000030600f410, unextended_sp=0x000000030600f410, fp=0x0000000795580280, pc=0x0000000111fc96c0)
sun.misc.ProxyGenerator$PrimitiveTypeInfo.add(ProxyGenerator.java:1671) - getstatic @ bci 0 
     Created vframeArray 0x00007f9cdf074c20
DEOPT UNPACKING thread 0x00007f9cf0010800 vframeArray 0x00007f9cdf074c20 mode 2
     {method} {0x000000010e9f4498} &apos;add&apos; &apos;(Ljava/lang/Class;Ljava/lang/Class;)V&apos; in &apos;sun/misc/ProxyGenerator$PrimitiveTypeInfo&apos; - getstatic @ bci 0 sp = 0x000000030600f3f0
<uncommon_trap thread='9475' reason='class_check' action='maybe_recompile' compile_id='1625' compiler='C2' stamp='10.555'>
Uncommon trap occurred in java.io.DataOutputStream::writeShort (@0x0000000111fd04c8) thread=9475 reason=class_check action=maybe_recompile unloaded_class_index=-1
<jvms bci='12' method='java/io/DataOutputStream writeShort (I)V' bytes='35' count='2' backedge_count='1' iicount='5'/>
</uncommon_trap>
DEOPT PACKING thread 0x00007f9cf0010800 Compiled frame (sp=0x00000003060100f0 unextended sp=0x00000003060100f0, fp=0x00000000000000c0, real_fp=0x0000000306010120, pc=0x0000000111fd04c8)
     nmethod  10554 1625             java.io.DataOutputStream::writeShort (35 bytes)

     Virtual frames (innermost first):
        0 - frame( sp=0x00000003060100f0, unextended_sp=0x00000003060100f0, fp=0x00000000000000c0, pc=0x0000000111fd04c8)
java.io.DataOutputStream.writeShort(DataOutputStream.java:167) - invokevirtual @ bci 12 
     Created vframeArray 0x00007f9cdf075420
DEOPT UNPACKING thread 0x00007f9cf0010800 vframeArray 0x00007f9cdf075420 mode 2
     {method} {0x000000010e9eecf8} &apos;writeShort&apos; &apos;(I)V&apos; in &apos;java/io/DataOutputStream&apos; - invokevirtual @ bci 12 sp = 0x00000003060100c0
<uncommon_trap thread='9475' reason='class_check' action='maybe_recompile' compile_id='1618' compiler='C2' stamp='10.555'>
Uncommon trap occurred in java.io.DataOutputStream::writeByte (@0x0000000111fcc644) thread=9475 reason=class_check action=maybe_recompile unloaded_class_index=-1
<jvms bci='5' method='java/io/DataOutputStream writeByte (I)V' bytes='14' count='2' backedge_count='1' iicount='5'/>
</uncommon_trap>
DEOPT PACKING thread 0x00007f9cf0010800 Compiled frame (sp=0x0000000306010090 unextended sp=0x0000000306010090, fp=0x0000000795996118, real_fp=0x00000003060100c0, pc=0x0000000111fcc644)
     nmethod  10555 1618             java.io.DataOutputStream::writeByte (14 bytes)

     Virtual frames (innermost first):
        0 - frame( sp=0x0000000306010090, unextended_sp=0x0000000306010090, fp=0x0000000795996118, pc=0x0000000111fcc644)
java.io.DataOutputStream.writeByte(DataOutputStream.java:153) - invokevirtual @ bci 5 
     Created vframeArray 0x00007f9cef092e20
DEOPT UNPACKING thread 0x00007f9cf0010800 vframeArray 0x00007f9cef092e20 mode 2
     {method} {0x000000010e9eec10} &apos;writeByte&apos; &apos;(I)V&apos; in &apos;java/io/DataOutputStream&apos; - invokevirtual @ bci 5 sp = 0x0000000306010060
<uncommon_trap thread='9475' reason='class_check' action='maybe_recompile' compile_id='1618' compiler='C2' count='1' state='class_check' stamp='10.556'>
Uncommon trap occurred in java.io.DataOutputStream::writeByte (@0x0000000111fcc644) thread=9475 reason=class_check action=maybe_recompile unloaded_class_index=-1
<jvms bci='5' method='java/io/DataOutputStream writeByte (I)V' bytes='14' count='2' backedge_count='1' iicount='5' class_check_traps='1'/>
</uncommon_trap>
DEOPT PACKING thread 0x00007f9cf0010800 Compiled frame (sp=0x0000000306010090 unextended sp=0x0000000306010090, fp=0x0000000795996118, real_fp=0x00000003060100c0, pc=0x0000000111fcc644)
     nmethod  10555 1618             java.io.DataOutputStream::writeByte (14 bytes)

     Virtual frames (innermost first):
        0 - frame( sp=0x0000000306010090, unextended_sp=0x0000000306010090, fp=0x0000000795996118, pc=0x0000000111fcc644)
java.io.DataOutputStream.writeByte(DataOutputStream.java:153) - invokevirtual @ bci 5 
     Created vframeArray 0x00007f9cef093620
DEOPT UNPACKING thread 0x00007f9cf0010800 vframeArray 0x00007f9cef093620 mode 2
     {method} {0x000000010e9eec10} &apos;writeByte&apos; &apos;(I)V&apos; in &apos;java/io/DataOutputStream&apos; - invokevirtual @ bci 5 sp = 0x0000000306010060
<uncommon_trap thread='9475' reason='class_check' action='maybe_recompile' compile_id='1618' compiler='C2' count='2' state='class_check' stamp='10.597'>
Uncommon trap occurred in java.io.DataOutputStream::writeByte (@0x0000000111fcc644) thread=9475 reason=class_check action=maybe_recompile unloaded_class_index=-1
<jvms bci='5' method='java/io/DataOutputStream writeByte (I)V' bytes='14' count='2' backedge_count='1' iicount='5' class_check_traps='2'/>
</uncommon_trap>
DEOPT PACKING thread 0x00007f9cf0010800 Compiled frame (sp=0x0000000306010090 unextended sp=0x0000000306010090, fp=0x0000000795996118, real_fp=0x00000003060100c0, pc=0x0000000111fcc644)
     nmethod  10596 1618             java.io.DataOutputStream::writeByte (14 bytes)

     Virtual frames (innermost first):
        0 - frame( sp=0x0000000306010090, unextended_sp=0x0000000306010090, fp=0x0000000795996118, pc=0x0000000111fcc644)
java.io.DataOutputStream.writeByte(DataOutputStream.java:153) - invokevirtual @ bci 5 
     Created vframeArray 0x00007f9cdf074c20
DEOPT UNPACKING thread 0x00007f9cf0010800 vframeArray 0x00007f9cdf074c20 mode 2
     {method} {0x000000010e9eec10} &apos;writeByte&apos; &apos;(I)V&apos; in &apos;java/io/DataOutputStream&apos; - invokevirtual @ bci 5 sp = 0x0000000306010060
<uncommon_trap thread='9475' reason='class_check' action='maybe_recompile' compile_id='1618' compiler='C2' count='3' state='class_check' stamp='10.616'>
Uncommon trap occurred in java.io.DataOutputStream::writeByte (@0x0000000111fcc644) thread=9475 reason=class_check action=maybe_recompile unloaded_class_index=-1
<jvms bci='5' method='java/io/DataOutputStream writeByte (I)V' bytes='14' count='2' backedge_count='1' iicount='5' class_check_traps='3'/>
</uncommon_trap>
DEOPT PACKING thread 0x00007f9cf0010800 Compiled frame (sp=0x0000000306010090 unextended sp=0x0000000306010090, fp=0x0000000795996118, real_fp=0x00000003060100c0, pc=0x0000000111fcc644)
     nmethod  10616 1618             java.io.DataOutputStream::writeByte (14 bytes)

     Virtual frames (innermost first):
        0 - frame( sp=0x0000000306010090, unextended_sp=0x0000000306010090, fp=0x0000000795996118, pc=0x0000000111fcc644)
java.io.DataOutputStream.writeByte(DataOutputStream.java:153) - invokevirtual @ bci 5 
     Created vframeArray 0x00007f9cef093620
DEOPT UNPACKING thread 0x00007f9cf0010800 vframeArray 0x00007f9cef093620 mode 2
     {method} {0x000000010e9eec10} &apos;writeByte&apos; &apos;(I)V&apos; in &apos;java/io/DataOutputStream&apos; - invokevirtual @ bci 5 sp = 0x0000000306010060
<uncommon_trap thread='9475' reason='class_check' action='maybe_recompile' compile_id='1625' compiler='C2' count='1' state='class_check' stamp='10.636'>
Uncommon trap occurred in java.io.DataOutputStream::writeShort (@0x0000000111fd04c8) thread=9475 reason=class_check action=maybe_recompile unloaded_class_index=-1
<jvms bci='12' method='java/io/DataOutputStream writeShort (I)V' bytes='35' count='2' backedge_count='1' iicount='5' class_check_traps='1'/>
</uncommon_trap>
DEOPT PACKING thread 0x00007f9cf0010800 Compiled frame (sp=0x0000000306010090 unextended sp=0x0000000306010090, fp=0x0000000000000005, real_fp=0x00000003060100c0, pc=0x0000000111fd04c8)
     nmethod  10636 1625             java.io.DataOutputStream::writeShort (35 bytes)

     Virtual frames (innermost first):
        0 - frame( sp=0x0000000306010090, unextended_sp=0x0000000306010090, fp=0x0000000000000005, pc=0x0000000111fd04c8)
java.io.DataOutputStream.writeShort(DataOutputStream.java:167) - invokevirtual @ bci 12 
     Created vframeArray 0x00007f9cdf074c20
DEOPT UNPACKING thread 0x00007f9cf0010800 vframeArray 0x00007f9cdf074c20 mode 2
     {method} {0x000000010e9eecf8} &apos;writeShort&apos; &apos;(I)V&apos; in &apos;java/io/DataOutputStream&apos; - invokevirtual @ bci 12 sp = 0x0000000306010060
<uncommon_trap thread='9475' reason='class_check' action='maybe_recompile' compile_id='1625' compiler='C2' count='2' state='class_check' stamp='10.637'>
Uncommon trap occurred in java.io.DataOutputStream::writeShort (@0x0000000111fd04c8) thread=9475 reason=class_check action=maybe_recompile unloaded_class_index=-1
<jvms bci='12' method='java/io/DataOutputStream writeShort (I)V' bytes='35' count='2' backedge_count='1' iicount='5' class_check_traps='2'/>
</uncommon_trap>
DEOPT PACKING thread 0x00007f9cf0010800 Compiled frame (sp=0x0000000306010090 unextended sp=0x0000000306010090, fp=0x0000000000000001, real_fp=0x00000003060100c0, pc=0x0000000111fd04c8)
     nmethod  10637 1625             java.io.DataOutputStream::writeShort (35 bytes)

     Virtual frames (innermost first):
        0 - frame( sp=0x0000000306010090, unextended_sp=0x0000000306010090, fp=0x0000000000000001, pc=0x0000000111fd04c8)
java.io.DataOutputStream.writeShort(DataOutputStream.java:167) - invokevirtual @ bci 12 
     Created vframeArray 0x00007f9cf0083220
DEOPT UNPACKING thread 0x00007f9cf0010800 vframeArray 0x00007f9cf0083220 mode 2
     {method} {0x000000010e9eecf8} &apos;writeShort&apos; &apos;(I)V&apos; in &apos;java/io/DataOutputStream&apos; - invokevirtual @ bci 12 sp = 0x0000000306010060
<uncommon_trap thread='9475' reason='class_check' action='maybe_recompile' compile_id='1625' compiler='C2' count='3' state='class_check' stamp='10.638'>
Uncommon trap occurred in java.io.DataOutputStream::writeShort (@0x0000000111fd04c8) thread=9475 reason=class_check action=maybe_recompile unloaded_class_index=-1
<jvms bci='12' method='java/io/DataOutputStream writeShort (I)V' bytes='35' count='2' backedge_count='1' iicount='5' class_check_traps='3'/>
</uncommon_trap>
DEOPT PACKING thread 0x00007f9cf0010800 Compiled frame (sp=0x0000000306010090 unextended sp=0x0000000306010090, fp=0x0000000000000002, real_fp=0x00000003060100c0, pc=0x0000000111fd04c8)
     nmethod  10637 1625             java.io.DataOutputStream::writeShort (35 bytes)

     Virtual frames (innermost first):
        0 - frame( sp=0x0000000306010090, unextended_sp=0x0000000306010090, fp=0x0000000000000002, pc=0x0000000111fd04c8)
java.io.DataOutputStream.writeShort(DataOutputStream.java:167) - invokevirtual @ bci 12 
     Created vframeArray 0x00007f9cf009c620
DEOPT UNPACKING thread 0x00007f9cf0010800 vframeArray 0x00007f9cf009c620 mode 2
     {method} {0x000000010e9eecf8} &apos;writeShort&apos; &apos;(I)V&apos; in &apos;java/io/DataOutputStream&apos; - invokevirtual @ bci 12 sp = 0x0000000306010060
<uncommon_trap thread='9475' reason='speculate_class_check' action='maybe_recompile' compile_id='1297' compiler='C2' stamp='11.206'>
Uncommon trap occurred in java.lang.invoke.MethodHandleImpl$IntrinsicMethodHandle::&lt;init&gt; (@0x0000000111f2e8f0) thread=9475 reason=speculate_class_check action=maybe_recompile unloaded_class_index=-1
<jvms bci='1' method='java/lang/invoke/DelegatingMethodHandle chooseDelegatingForm (Ljava/lang/invoke/MethodHandle;)Ljava/lang/invoke/LambdaForm;' bytes='24' count='2' backedge_count='1' iicount='5'/>
<jvms bci='3' method='java/lang/invoke/DelegatingMethodHandle &lt;init&gt; (Ljava/lang/invoke/MethodType;Ljava/lang/invoke/MethodHandle;)V' bytes='10' count='2' backedge_count='1' iicount='5'/>
<jvms bci='6' method='java/lang/invoke/MethodHandleImpl$IntrinsicMethodHandle &lt;init&gt; (Ljava/lang/invoke/MethodHandle;Ljava/lang/invoke/MethodHandleImpl$Intrinsic;)V' bytes='20' count='2' backedge_count='1' iicount='5'/>
</uncommon_trap>
DEOPT PACKING thread 0x00007f9cf0010800 Compiled frame (sp=0x000000030600e790 unextended sp=0x000000030600e790, fp=0x00000007959bf0f0, real_fp=0x000000030600e7f0, pc=0x0000000111f2e8f0)
     nmethod  11205 1297             java.lang.invoke.MethodHandleImpl$IntrinsicMethodHandle::&lt;init&gt; (20 bytes)

     Virtual frames (innermost first):
        0 - frame( sp=0x000000030600e790, unextended_sp=0x000000030600e790, fp=0x00000007959bf0f0, pc=0x0000000111f2e8f0)
java.lang.invoke.DelegatingMethodHandle.chooseDelegatingForm(DelegatingMethodHandle.java:90) - instanceof @ bci 1 
        1 - frame( sp=0x000000030600e790, unextended_sp=0x000000030600e790, fp=0x00000007959bf0f0, pc=0x0000000111f2e8f0)
java.lang.invoke.DelegatingMethodHandle.&lt;init&gt;(DelegatingMethodHandle.java:44) - invokestatic @ bci 3 
        2 - frame( sp=0x000000030600e790, unextended_sp=0x000000030600e790, fp=0x00000007959bf0f0, pc=0x0000000111f2e8f0)
java.lang.invoke.MethodHandleImpl$IntrinsicMethodHandle.&lt;init&gt;(MethodHandleImpl.java:1331) - invokespecial @ bci 6 
     Created vframeArray 0x00007f9cf00a0020
DEOPT UNPACKING thread 0x00007f9cf0010800 vframeArray 0x00007f9cf00a0020 mode 2
     {method} {0x000000010e8f8698} &apos;&lt;init&gt;&apos; &apos;(Ljava/lang/invoke/MethodHandle;Ljava/lang/invoke/MethodHandleImpl$Intrinsic;)V&apos; in &apos;java/lang/invoke/MethodHandleImpl$IntrinsicMethodHandle&apos; - invokespecial @ bci 6 sp = 0x000000030600e788
     {method} {0x000000010e8ec8c8} &apos;&lt;init&gt;&apos; &apos;(Ljava/lang/invoke/MethodType;Ljava/lang/invoke/MethodHandle;)V&apos; in &apos;java/lang/invoke/DelegatingMethodHandle&apos; - invokestatic @ bci 3 sp = 0x000000030600e720
     {method} {0x000000010e8ed010} &apos;chooseDelegatingForm&apos; &apos;(Ljava/lang/invoke/MethodHandle;)Ljava/lang/invoke/LambdaForm;&apos; in &apos;java/lang/invoke/DelegatingMethodHandle&apos; - instanceof @ bci 1 sp = 0x000000030600e6c8
<uncommon_trap thread='9475' reason='speculate_class_check' action='maybe_recompile' compile_id='1297' compiler='C2' count='1' stamp='11.207'>
Uncommon trap occurred in java.lang.invoke.MethodHandleImpl$IntrinsicMethodHandle::&lt;init&gt; (@0x0000000111f2e8f0) thread=9475 reason=speculate_class_check action=maybe_recompile unloaded_class_index=-1
<jvms bci='1' method='java/lang/invoke/DelegatingMethodHandle chooseDelegatingForm (Ljava/lang/invoke/MethodHandle;)Ljava/lang/invoke/LambdaForm;' bytes='24' count='2' backedge_count='1' iicount='5' speculate_class_check_traps='1'/>
<jvms bci='3' method='java/lang/invoke/DelegatingMethodHandle &lt;init&gt; (Ljava/lang/invoke/MethodType;Ljava/lang/invoke/MethodHandle;)V' bytes='10' count='2' backedge_count='1' iicount='5'/>
<jvms bci='6' method='java/lang/invoke/MethodHandleImpl$IntrinsicMethodHandle &lt;init&gt; (Ljava/lang/invoke/MethodHandle;Ljava/lang/invoke/MethodHandleImpl$Intrinsic;)V' bytes='20' count='2' backedge_count='1' iicount='5'/>
</uncommon_trap>
DEOPT PACKING thread 0x00007f9cf0010800 Compiled frame (sp=0x000000030600e7a0 unextended sp=0x000000030600e7a0, fp=0x00000007959bf260, real_fp=0x000000030600e800, pc=0x0000000111f2e8f0)
     nmethod  11207 1297             java.lang.invoke.MethodHandleImpl$IntrinsicMethodHandle::&lt;init&gt; (20 bytes)

     Virtual frames (innermost first):
        0 - frame( sp=0x000000030600e7a0, unextended_sp=0x000000030600e7a0, fp=0x00000007959bf260, pc=0x0000000111f2e8f0)
java.lang.invoke.DelegatingMethodHandle.chooseDelegatingForm(DelegatingMethodHandle.java:90) - instanceof @ bci 1 
        1 - frame( sp=0x000000030600e7a0, unextended_sp=0x000000030600e7a0, fp=0x00000007959bf260, pc=0x0000000111f2e8f0)
java.lang.invoke.DelegatingMethodHandle.&lt;init&gt;(DelegatingMethodHandle.java:44) - invokestatic @ bci 3 
        2 - frame( sp=0x000000030600e7a0, unextended_sp=0x000000030600e7a0, fp=0x00000007959bf260, pc=0x0000000111f2e8f0)
java.lang.invoke.MethodHandleImpl$IntrinsicMethodHandle.&lt;init&gt;(MethodHandleImpl.java:1331) - invokespecial @ bci 6 
     Created vframeArray 0x00007f9cef094a20
DEOPT UNPACKING thread 0x00007f9cf0010800 vframeArray 0x00007f9cef094a20 mode 2
     {method} {0x000000010e8f8698} &apos;&lt;init&gt;&apos; &apos;(Ljava/lang/invoke/MethodHandle;Ljava/lang/invoke/MethodHandleImpl$Intrinsic;)V&apos; in &apos;java/lang/invoke/MethodHandleImpl$IntrinsicMethodHandle&apos; - invokespecial @ bci 6 sp = 0x000000030600e798
     {method} {0x000000010e8ec8c8} &apos;&lt;init&gt;&apos; &apos;(Ljava/lang/invoke/MethodType;Ljava/lang/invoke/MethodHandle;)V&apos; in &apos;java/lang/invoke/DelegatingMethodHandle&apos; - invokestatic @ bci 3 sp = 0x000000030600e730
     {method} {0x000000010e8ed010} &apos;chooseDelegatingForm&apos; &apos;(Ljava/lang/invoke/MethodHandle;)Ljava/lang/invoke/LambdaForm;&apos; in &apos;java/lang/invoke/DelegatingMethodHandle&apos; - instanceof @ bci 1 sp = 0x000000030600e6d8
<uncommon_trap thread='9475' reason='null_check' action='make_not_entrant' compile_id='1410' compiler='C2' stamp='11.209'>
Uncommon trap occurred in java.lang.invoke.LambdaFormEditor::oldSpeciesData (@0x0000000111f6f448) thread=9475 reason=null_check action=make_not_entrant unloaded_class_index=-1
<jvms bci='11' method='java/lang/invoke/BoundMethodHandle speciesData (Ljava/lang/invoke/LambdaForm;)Ljava/lang/invoke/BoundMethodHandle$SpeciesData;' bytes='26' count='2' backedge_count='1' iicount='5'/>
<jvms bci='4' method='java/lang/invoke/LambdaFormEditor oldSpeciesData ()Ljava/lang/invoke/BoundMethodHandle$SpeciesData;' bytes='8' count='2' backedge_count='1' iicount='5'/>
</uncommon_trap>
DEOPT PACKING thread 0x00007f9cf0010800 Compiled frame (sp=0x000000030600e6e0 unextended sp=0x000000030600e6e0, fp=0x0000000000000000, real_fp=0x000000030600e700, pc=0x0000000111f6f448)
     nmethod  11208 1410             java.lang.invoke.LambdaFormEditor::oldSpeciesData (8 bytes)

     Virtual frames (innermost first):
        0 - frame( sp=0x000000030600e6e0, unextended_sp=0x000000030600e6e0, fp=0x0000000000000000, pc=0x0000000111f6f448)
java.lang.invoke.BoundMethodHandle.speciesData(BoundMethodHandle.java:152) - instanceof @ bci 11 
        1 - frame( sp=0x000000030600e6e0, unextended_sp=0x000000030600e6e0, fp=0x0000000000000000, pc=0x0000000111f6f448)
java.lang.invoke.LambdaFormEditor.oldSpeciesData(LambdaFormEditor.java:393) - invokestatic @ bci 4 
     Created vframeArray 0x00007f9cef093620
DEOPT UNPACKING thread 0x00007f9cf0010800 vframeArray 0x00007f9cef093620 mode 2
     {method} {0x000000010e905d60} &apos;oldSpeciesData&apos; &apos;()Ljava/lang/invoke/BoundMethodHandle$SpeciesData;&apos; in &apos;java/lang/invoke/LambdaFormEditor&apos; - invokestatic @ bci 4 sp = 0x000000030600e6a0
     {method} {0x000000010e85fa40} &apos;speciesData&apos; &apos;(Ljava/lang/invoke/LambdaForm;)Ljava/lang/invoke/BoundMethodHandle$SpeciesData;&apos; in &apos;java/lang/invoke/BoundMethodHandle&apos; - instanceof @ bci 11 sp = 0x000000030600e648
<uncommon_trap thread='9475' reason='null_check' action='make_not_entrant' compile_id='1411' compiler='C2' count='1' state='null_check recompiled' stamp='11.212'>
Uncommon trap occurred in java.lang.invoke.BoundMethodHandle::speciesData (@0x0000000111f5d1e0) thread=9475 reason=null_check action=make_not_entrant unloaded_class_index=-1
<jvms bci='11' method='java/lang/invoke/BoundMethodHandle speciesData (Ljava/lang/invoke/LambdaForm;)Ljava/lang/invoke/BoundMethodHandle$SpeciesData;' bytes='26' count='2' backedge_count='1' iicount='5' null_check_traps='1'/>
</uncommon_trap>
DEOPT PACKING thread 0x00007f9cf0010800 Compiled frame (sp=0x000000030600e630 unextended sp=0x000000030600e630, fp=0x0000000000000000, real_fp=0x000000030600e650, pc=0x0000000111f5d1e0)
     nmethod  11211 1411             java.lang.invoke.BoundMethodHandle::speciesData (26 bytes)

     Virtual frames (innermost first):
        0 - frame( sp=0x000000030600e630, unextended_sp=0x000000030600e630, fp=0x0000000000000000, pc=0x0000000111f5d1e0)
java.lang.invoke.BoundMethodHandle.speciesData(BoundMethodHandle.java:152) - instanceof @ bci 11 
     Created vframeArray 0x00007f9cf00a0a20
DEOPT UNPACKING thread 0x00007f9cf0010800 vframeArray 0x00007f9cf00a0a20 mode 2
     {method} {0x000000010e85fa40} &apos;speciesData&apos; &apos;(Ljava/lang/invoke/LambdaForm;)Ljava/lang/invoke/BoundMethodHandle$SpeciesData;&apos; in &apos;java/lang/invoke/BoundMethodHandle&apos; - instanceof @ bci 11 sp = 0x000000030600e5f0
<uncommon_trap thread='9475' reason='speculate_class_check' action='maybe_recompile' compile_id='1297' compiler='C2' count='2' stamp='11.299'>
Uncommon trap occurred in java.lang.invoke.MethodHandleImpl$IntrinsicMethodHandle::&lt;init&gt; (@0x0000000111f2e8f0) thread=9475 reason=speculate_class_check action=maybe_recompile unloaded_class_index=-1
<jvms bci='1' method='java/lang/invoke/DelegatingMethodHandle chooseDelegatingForm (Ljava/lang/invoke/MethodHandle;)Ljava/lang/invoke/LambdaForm;' bytes='24' count='2' backedge_count='1' iicount='5' speculate_class_check_traps='2'/>
<jvms bci='3' method='java/lang/invoke/DelegatingMethodHandle &lt;init&gt; (Ljava/lang/invoke/MethodType;Ljava/lang/invoke/MethodHandle;)V' bytes='10' count='2' backedge_count='1' iicount='5'/>
<jvms bci='6' method='java/lang/invoke/MethodHandleImpl$IntrinsicMethodHandle &lt;init&gt; (Ljava/lang/invoke/MethodHandle;Ljava/lang/invoke/MethodHandleImpl$Intrinsic;)V' bytes='20' count='2' backedge_count='1' iicount='5'/>
</uncommon_trap>
DEOPT PACKING thread 0x00007f9cf0010800 Compiled frame (sp=0x000000030600e7a0 unextended sp=0x000000030600e7a0, fp=0x00000007959c9c40, real_fp=0x000000030600e800, pc=0x0000000111f2e8f0)
     nmethod  11299 1297             java.lang.invoke.MethodHandleImpl$IntrinsicMethodHandle::&lt;init&gt; (20 bytes)

     Virtual frames (innermost first):
        0 - frame( sp=0x000000030600e7a0, unextended_sp=0x000000030600e7a0, fp=0x00000007959c9c40, pc=0x0000000111f2e8f0)
java.lang.invoke.DelegatingMethodHandle.chooseDelegatingForm(DelegatingMethodHandle.java:90) - instanceof @ bci 1 
        1 - frame( sp=0x000000030600e7a0, unextended_sp=0x000000030600e7a0, fp=0x00000007959c9c40, pc=0x0000000111f2e8f0)
java.lang.invoke.DelegatingMethodHandle.&lt;init&gt;(DelegatingMethodHandle.java:44) - invokestatic @ bci 3 
        2 - frame( sp=0x000000030600e7a0, unextended_sp=0x000000030600e7a0, fp=0x00000007959c9c40, pc=0x0000000111f2e8f0)
java.lang.invoke.MethodHandleImpl$IntrinsicMethodHandle.&lt;init&gt;(MethodHandleImpl.java:1331) - invokespecial @ bci 6 
     Created vframeArray 0x00007f9cf085d020
DEOPT UNPACKING thread 0x00007f9cf0010800 vframeArray 0x00007f9cf085d020 mode 2
     {method} {0x000000010e8f8698} &apos;&lt;init&gt;&apos; &apos;(Ljava/lang/invoke/MethodHandle;Ljava/lang/invoke/MethodHandleImpl$Intrinsic;)V&apos; in &apos;java/lang/invoke/MethodHandleImpl$IntrinsicMethodHandle&apos; - invokespecial @ bci 6 sp = 0x000000030600e798
     {method} {0x000000010e8ec8c8} &apos;&lt;init&gt;&apos; &apos;(Ljava/lang/invoke/MethodType;Ljava/lang/invoke/MethodHandle;)V&apos; in &apos;java/lang/invoke/DelegatingMethodHandle&apos; - invokestatic @ bci 3 sp = 0x000000030600e730
     {method} {0x000000010e8ed010} &apos;chooseDelegatingForm&apos; &apos;(Ljava/lang/invoke/MethodHandle;)Ljava/lang/invoke/LambdaForm;&apos; in &apos;java/lang/invoke/DelegatingMethodHandle&apos; - instanceof @ bci 1 sp = 0x000000030600e6d8
<uncommon_trap thread='9475' reason='null_assert' action='make_not_entrant' compile_id='1564' compiler='C2' stamp='11.569'>
Uncommon trap occurred in sun.reflect.generics.parser.SignatureParser::parseFieldTypeSignature (@0x0000000111fb4bc4) thread=9475 reason=null_assert action=make_not_entrant unloaded_class_index=-1
<jvms bci='49' method='sun/reflect/generics/parser/SignatureParser parseFieldTypeSignature (Z)Lsun/reflect/generics/tree/FieldTypeSignature;' bytes='73' count='2' backedge_count='1' iicount='5'/>
</uncommon_trap>
DEOPT PACKING thread 0x00007f9cf0010800 Compiled frame (sp=0x000000030600fe90 unextended sp=0x000000030600fe90, fp=0x00000007959cce78, real_fp=0x000000030600fec0, pc=0x0000000111fb4bc4)
     nmethod  11568 1564             sun.reflect.generics.parser.SignatureParser::parseFieldTypeSignature (73 bytes)

     Virtual frames (innermost first):
        0 - frame( sp=0x000000030600fe90, unextended_sp=0x000000030600fe90, fp=0x00000007959cce78, pc=0x0000000111fb4bc4)
sun.reflect.generics.parser.SignatureParser.parseFieldTypeSignature(SignatureParser.java:285) - areturn @ bci 49 
     Created vframeArray 0x00007f9cf00a0a20
DEOPT UNPACKING thread 0x00007f9cf0010800 vframeArray 0x00007f9cf00a0a20 mode 2
     {method} {0x000000010e97cac8} &apos;parseFieldTypeSignature&apos; &apos;(Z)Lsun/reflect/generics/tree/FieldTypeSignature;&apos; in &apos;sun/reflect/generics/parser/SignatureParser&apos; - areturn @ bci 49 sp = 0x000000030600fe58
<uncommon_trap thread='9475' reason='class_check' action='maybe_recompile' compile_id='1739' compiler='C2' stamp='11.580'>
Uncommon trap occurred in sun.reflect.generics.repository.FieldRepository::getGenericType (@0x0000000112015664) thread=9475 reason=class_check action=maybe_recompile unloaded_class_index=-1
<jvms bci='20' method='sun/reflect/generics/repository/FieldRepository getGenericType ()Ljava/lang/reflect/Type;' bytes='38' count='2' backedge_count='1' iicount='5'/>
</uncommon_trap>
DEOPT PACKING thread 0x00007f9cf0010800 Compiled frame (sp=0x00000003060104f0 unextended sp=0x00000003060104f0, fp=0x00000007959ccb78, real_fp=0x0000000306010530, pc=0x0000000112015664)
     nmethod  11579 1739             sun.reflect.generics.repository.FieldRepository::getGenericType (38 bytes)

     Virtual frames (innermost first):
        0 - frame( sp=0x00000003060104f0, unextended_sp=0x00000003060104f0, fp=0x00000007959ccb78, pc=0x0000000112015664)
sun.reflect.generics.repository.FieldRepository.getGenericType(FieldRepository.java:85) - invokeinterface @ bci 20 
     Created vframeArray 0x00007f9cef092e20
DEOPT UNPACKING thread 0x00007f9cf0010800 vframeArray 0x00007f9cef092e20 mode 2
     {method} {0x000000010e9c09f8} &apos;getGenericType&apos; &apos;()Ljava/lang/reflect/Type;&apos; in &apos;sun/reflect/generics/repository/FieldRepository&apos; - invokeinterface @ bci 20 sp = 0x00000003060104c0
<uncommon_trap thread='9475' reason='bimorphic' action='maybe_recompile' compile_id='1682' compiler='C2' stamp='11.817'>
Uncommon trap occurred in org.springframework.util.ConcurrentReferenceHashMap::getHash (@0x0000000111fee490) thread=9475 reason=bimorphic action=maybe_recompile unloaded_class_index=-1
<jvms bci='5' method='org/springframework/util/ConcurrentReferenceHashMap getHash (Ljava/lang/Object;)I' bytes='64' count='2' backedge_count='1' iicount='5'/>
</uncommon_trap>
DEOPT PACKING thread 0x00007f9cf0010800 Compiled frame (sp=0x0000000306010450 unextended sp=0x0000000306010450, fp=0x00000007959ceae8, real_fp=0x0000000306010480, pc=0x0000000111fee490)
     nmethod  11816 1682             org.springframework.util.ConcurrentReferenceHashMap::getHash (64 bytes)

     Virtual frames (innermost first):
        0 - frame( sp=0x0000000306010450, unextended_sp=0x0000000306010450, fp=0x00000007959ceae8, pc=0x0000000111fee490)
org.springframework.util.ConcurrentReferenceHashMap.getHash(ConcurrentReferenceHashMap.java:222) - invokevirtual @ bci 5 
     Created vframeArray 0x00007f9cf00a0a20
DEOPT UNPACKING thread 0x00007f9cf0010800 vframeArray 0x00007f9cf00a0a20 mode 2
     {method} {0x000000010e813738} &apos;getHash&apos; &apos;(Ljava/lang/Object;)I&apos; in &apos;org/springframework/util/ConcurrentReferenceHashMap&apos; - invokevirtual @ bci 5 sp = 0x0000000306010420
<uncommon_trap thread='9475' reason='class_check' action='maybe_recompile' compile_id='1627' compiler='C2' stamp='12.254'>
Uncommon trap occurred in sun.misc.ProxyGenerator$ConstantPool$IndirectEntry::equals (@0x0000000111fcf9ac) thread=9475 reason=class_check action=maybe_recompile unloaded_class_index=-1
<jvms bci='1' method='sun/misc/ProxyGenerator$ConstantPool$IndirectEntry equals (Ljava/lang/Object;)Z' bytes='49' count='2' backedge_count='1' iicount='5'/>
</uncommon_trap>
DEOPT PACKING thread 0x00007f9cf0010800 Compiled frame (sp=0x000000030600feb0 unextended sp=0x000000030600feb0, fp=0x00000007959d6aa0, real_fp=0x000000030600fee0, pc=0x0000000111fcf9ac)
     nmethod  12254 1627             sun.misc.ProxyGenerator$ConstantPool$IndirectEntry::equals (49 bytes)

     Virtual frames (innermost first):
        0 - frame( sp=0x000000030600feb0, unextended_sp=0x000000030600feb0, fp=0x00000007959d6aa0, pc=0x0000000111fcf9ac)
sun.misc.ProxyGenerator$ConstantPool$IndirectEntry.equals(ProxyGenerator.java:2019) - instanceof @ bci 1 
     Created vframeArray 0x00007f9cf00a6020
DEOPT UNPACKING thread 0x00007f9cf0010800 vframeArray 0x00007f9cf00a6020 mode 2
     {method} {0x000000010e9f1478} &apos;equals&apos; &apos;(Ljava/lang/Object;)Z&apos; in &apos;sun/misc/ProxyGenerator$ConstantPool$IndirectEntry&apos; - instanceof @ bci 1 sp = 0x000000030600fe70
<uncommon_trap thread='9475' reason='class_check' action='maybe_recompile' compile_id='1627' compiler='C2' count='1' state='class_check' stamp='12.255'>
Uncommon trap occurred in sun.misc.ProxyGenerator$ConstantPool$IndirectEntry::equals (@0x0000000111fcf9ac) thread=9475 reason=class_check action=maybe_recompile unloaded_class_index=-1
<jvms bci='1' method='sun/misc/ProxyGenerator$ConstantPool$IndirectEntry equals (Ljava/lang/Object;)Z' bytes='49' count='2' backedge_count='1' iicount='5' class_check_traps='1'/>
</uncommon_trap>
DEOPT PACKING thread 0x00007f9cf0010800 Compiled frame (sp=0x000000030600fe90 unextended sp=0x000000030600fe90, fp=0x00000007959d6aa0, real_fp=0x000000030600fec0, pc=0x0000000111fcf9ac)
     nmethod  12254 1627             sun.misc.ProxyGenerator$ConstantPool$IndirectEntry::equals (49 bytes)

     Virtual frames (innermost first):
        0 - frame( sp=0x000000030600fe90, unextended_sp=0x000000030600fe90, fp=0x00000007959d6aa0, pc=0x0000000111fcf9ac)
sun.misc.ProxyGenerator$ConstantPool$IndirectEntry.equals(ProxyGenerator.java:2019) - instanceof @ bci 1 
     Created vframeArray 0x00007f9cf0876e20
DEOPT UNPACKING thread 0x00007f9cf0010800 vframeArray 0x00007f9cf0876e20 mode 2
     {method} {0x000000010e9f1478} &apos;equals&apos; &apos;(Ljava/lang/Object;)Z&apos; in &apos;sun/misc/ProxyGenerator$ConstantPool$IndirectEntry&apos; - instanceof @ bci 1 sp = 0x000000030600fe50
<uncommon_trap thread='9475' reason='class_check' action='maybe_recompile' compile_id='1627' compiler='C2' count='2' state='class_check' stamp='12.331'>
Uncommon trap occurred in sun.misc.ProxyGenerator$ConstantPool$IndirectEntry::equals (@0x0000000111fcf9ac) thread=9475 reason=class_check action=maybe_recompile unloaded_class_index=-1
<jvms bci='1' method='sun/misc/ProxyGenerator$ConstantPool$IndirectEntry equals (Ljava/lang/Object;)Z' bytes='49' count='2' backedge_count='1' iicount='5' class_check_traps='2'/>
</uncommon_trap>
DEOPT PACKING thread 0x00007f9cf0010800 Compiled frame (sp=0x000000030600fe70 unextended sp=0x000000030600fe70, fp=0x00000007959d8bb0, real_fp=0x000000030600fea0, pc=0x0000000111fcf9ac)
     nmethod  12331 1627             sun.misc.ProxyGenerator$ConstantPool$IndirectEntry::equals (49 bytes)

     Virtual frames (innermost first):
        0 - frame( sp=0x000000030600fe70, unextended_sp=0x000000030600fe70, fp=0x00000007959d8bb0, pc=0x0000000111fcf9ac)
sun.misc.ProxyGenerator$ConstantPool$IndirectEntry.equals(ProxyGenerator.java:2019) - instanceof @ bci 1 
     Created vframeArray 0x00007f9cdf07f820
DEOPT UNPACKING thread 0x00007f9cf0010800 vframeArray 0x00007f9cdf07f820 mode 2
     {method} {0x000000010e9f1478} &apos;equals&apos; &apos;(Ljava/lang/Object;)Z&apos; in &apos;sun/misc/ProxyGenerator$ConstantPool$IndirectEntry&apos; - instanceof @ bci 1 sp = 0x000000030600fe30
<uncommon_trap thread='9475' reason='bimorphic' action='maybe_recompile' compile_id='1682' compiler='C2' count='1' state='#7' stamp='12.361'>
Uncommon trap occurred in org.springframework.util.ConcurrentReferenceHashMap::getHash (@0x0000000111fee490) thread=9475 reason=bimorphic action=maybe_recompile unloaded_class_index=-1
<jvms bci='5' method='org/springframework/util/ConcurrentReferenceHashMap getHash (Ljava/lang/Object;)I' bytes='64' count='2' backedge_count='1' iicount='5' bimorphic_traps='1'/>
</uncommon_trap>
DEOPT PACKING thread 0x00007f9cf0010800 Compiled frame (sp=0x00000003060103f0 unextended sp=0x00000003060103f0, fp=0x00000007959ceae8, real_fp=0x0000000306010420, pc=0x0000000111fee490)
     nmethod  12360 1682             org.springframework.util.ConcurrentReferenceHashMap::getHash (64 bytes)

     Virtual frames (innermost first):
        0 - frame( sp=0x00000003060103f0, unextended_sp=0x00000003060103f0, fp=0x00000007959ceae8, pc=0x0000000111fee490)
org.springframework.util.ConcurrentReferenceHashMap.getHash(ConcurrentReferenceHashMap.java:222) - invokevirtual @ bci 5 
     Created vframeArray 0x00007f9cef092e20
DEOPT UNPACKING thread 0x00007f9cf0010800 vframeArray 0x00007f9cef092e20 mode 2
     {method} {0x000000010e813738} &apos;getHash&apos; &apos;(Ljava/lang/Object;)I&apos; in &apos;org/springframework/util/ConcurrentReferenceHashMap&apos; - invokevirtual @ bci 5 sp = 0x00000003060103c0
<uncommon_trap thread='9475' reason='unloaded' action='reinterpret' index='18' compile_id='1820' compiler='C2' stamp='12.551'>
Uncommon trap occurred in org.springframework.core.SerializableTypeWrapper$TypeProxyInvocationHandler::invoke (@0x000000011204be60) thread=9475 reason=unloaded action=reinterpret unloaded_class_index=18
<jvms bci='198' method='org/springframework/core/SerializableTypeWrapper$TypeProxyInvocationHandler invoke (Ljava/lang/Object;Ljava/lang/reflect/Method;[Ljava/lang/Object;)Ljava/lang/Object;' bytes='324' count='2' backedge_count='1' iicount='5'/>
</uncommon_trap>
DEOPT PACKING thread 0x00007f9cf0010800 Compiled frame (sp=0x0000000306010490 unextended sp=0x0000000306010490, fp=0x00000007959cefc8, real_fp=0x00000003060104d0, pc=0x000000011204be60)
     nmethod  12551 1820             org.springframework.core.SerializableTypeWrapper$TypeProxyInvocationHandler::invoke (324 bytes)

     Virtual frames (innermost first):
        0 - frame( sp=0x0000000306010490, unextended_sp=0x0000000306010490, fp=0x00000007959cefc8, pc=0x000000011204be60)
org.springframework.core.SerializableTypeWrapper$TypeProxyInvocationHandler.invoke(SerializableTypeWrapper.java:203) - new @ bci 198 
     Created vframeArray 0x00007f9cf087aa20
DEOPT UNPACKING thread 0x00007f9cf0010800 vframeArray 0x00007f9cf087aa20 mode 2
     {method} {0x000000010e9ad9a0} &apos;invoke&apos; &apos;(Ljava/lang/Object;Ljava/lang/reflect/Method;[Ljava/lang/Object;)Ljava/lang/Object;&apos; in &apos;org/springframework/core/SerializableTypeWrapper$TypeProxyInvocationHandler&apos; - new @ bci 198 sp = 0x0000000306010468
<uncommon_trap thread='9475' reason='class_check' action='maybe_recompile' compile_id='1821' compiler='C2' stamp='12.552'>
Uncommon trap occurred in org.springframework.core.SerializableTypeWrapper::forTypeProvider (@0x0000000112050f5c) thread=9475 reason=class_check action=maybe_recompile unloaded_class_index=-1
<jvms bci='1' method='org/springframework/core/SerializableTypeWrapper forTypeProvider (Lorg/springframework/core/SerializableTypeWrapper$TypeProvider;)Ljava/lang/reflect/Type;' bytes='191' count='2' backedge_count='2' iicount='3'/>
</uncommon_trap>
DEOPT PACKING thread 0x00007f9cf0010800 Compiled frame (sp=0x00000003060103c0 unextended sp=0x00000003060103c0, fp=0x00000003060104a8, real_fp=0x0000000306010450, pc=0x0000000112050f5c)
     nmethod  12551 1821             org.springframework.core.SerializableTypeWrapper::forTypeProvider (191 bytes)

     Virtual frames (innermost first):
        0 - frame( sp=0x00000003060103c0, unextended_sp=0x00000003060103c0, fp=0x00000003060104a8, pc=0x0000000112050f5c)
org.springframework.core.SerializableTypeWrapper.forTypeProvider(SerializableTypeWrapper.java:106) - invokeinterface @ bci 1 
     Created vframeArray 0x00007f9cf087be20
DEOPT UNPACKING thread 0x00007f9cf0010800 vframeArray 0x00007f9cf087be20 mode 2
     {method} {0x000000010e9ab8f8} &apos;forTypeProvider&apos; &apos;(Lorg/springframework/core/SerializableTypeWrapper$TypeProvider;)Ljava/lang/reflect/Type;&apos; in &apos;org/springframework/core/SerializableTypeWrapper&apos; - invokeinterface @ bci 1 sp = 0x00000003060103b0
<uncommon_trap thread='9475' reason='class_check' action='maybe_recompile' compile_id='1856' compiler='C2' stamp='12.560'>
Uncommon trap occurred in org.springframework.core.ResolvableType::resolveType (@0x0000000112058e70) thread=9475 reason=class_check action=maybe_recompile unloaded_class_index=-1
<jvms bci='91' method='org/springframework/core/ResolvableType resolveType ()Lorg/springframework/core/ResolvableType;' bytes='151' count='2' backedge_count='1' iicount='5'/>
</uncommon_trap>
DEOPT PACKING thread 0x00007f9cf0010800 Compiled frame (sp=0x0000000306010520 unextended sp=0x0000000306010520, fp=0x00000007959e2b60, real_fp=0x0000000306010560, pc=0x0000000112058e70)
     nmethod  12560 1856             org.springframework.core.ResolvableType::resolveType (151 bytes)

     Virtual frames (innermost first):
        0 - frame( sp=0x0000000306010520, unextended_sp=0x0000000306010520, fp=0x00000007959e2b60, pc=0x0000000112058e70)
org.springframework.core.ResolvableType.resolveType(ResolvableType.java:862) - instanceof @ bci 91 
     Created vframeArray 0x00007f9cef092e20
DEOPT UNPACKING thread 0x00007f9cf0010800 vframeArray 0x00007f9cef092e20 mode 2
     {method} {0x000000010e984540} &apos;resolveType&apos; &apos;()Lorg/springframework/core/ResolvableType;&apos; in &apos;org/springframework/core/ResolvableType&apos; - instanceof @ bci 91 sp = 0x00000003060104f8
<uncommon_trap thread='9475' reason='class_check' action='maybe_recompile' compile_id='1821' compiler='C2' count='1' state='class_check' stamp='12.563'>
Uncommon trap occurred in org.springframework.core.SerializableTypeWrapper::forTypeProvider (@0x0000000112050f5c) thread=9475 reason=class_check action=maybe_recompile unloaded_class_index=-1
<jvms bci='1' method='org/springframework/core/SerializableTypeWrapper forTypeProvider (Lorg/springframework/core/SerializableTypeWrapper$TypeProvider;)Ljava/lang/reflect/Type;' bytes='191' count='2' backedge_count='2' iicount='3' class_check_traps='1'/>
</uncommon_trap>
DEOPT PACKING thread 0x00007f9cf0010800 Compiled frame (sp=0x00000003060103c0 unextended sp=0x00000003060103c0, fp=0x00000003060104b0, real_fp=0x0000000306010450, pc=0x0000000112050f5c)
     nmethod  12562 1821             org.springframework.core.SerializableTypeWrapper::forTypeProvider (191 bytes)

     Virtual frames (innermost first):
        0 - frame( sp=0x00000003060103c0, unextended_sp=0x00000003060103c0, fp=0x00000003060104b0, pc=0x0000000112050f5c)
org.springframework.core.SerializableTypeWrapper.forTypeProvider(SerializableTypeWrapper.java:106) - invokeinterface @ bci 1 
     Created vframeArray 0x00007f9cf087be20
DEOPT UNPACKING thread 0x00007f9cf0010800 vframeArray 0x00007f9cf087be20 mode 2
     {method} {0x000000010e9ab8f8} &apos;forTypeProvider&apos; &apos;(Lorg/springframework/core/SerializableTypeWrapper$TypeProvider;)Ljava/lang/reflect/Type;&apos; in &apos;org/springframework/core/SerializableTypeWrapper&apos; - invokeinterface @ bci 1 sp = 0x00000003060103b0
<uncommon_trap thread='9475' reason='bimorphic' action='maybe_recompile' compile_id='1682' compiler='C2' count='2' state='#7' stamp='12.563'>
Uncommon trap occurred in org.springframework.util.ConcurrentReferenceHashMap::getHash (@0x0000000111fee490) thread=9475 reason=bimorphic action=maybe_recompile unloaded_class_index=-1
<jvms bci='5' method='org/springframework/util/ConcurrentReferenceHashMap getHash (Ljava/lang/Object;)I' bytes='64' count='2' backedge_count='1' iicount='5' bimorphic_traps='2'/>
</uncommon_trap>
DEOPT PACKING thread 0x00007f9cf0010800 Compiled frame (sp=0x0000000306010340 unextended sp=0x0000000306010340, fp=0x00000007959ce428, real_fp=0x0000000306010370, pc=0x0000000111fee490)
     nmethod  12563 1682             org.springframework.util.ConcurrentReferenceHashMap::getHash (64 bytes)

     Virtual frames (innermost first):
        0 - frame( sp=0x0000000306010340, unextended_sp=0x0000000306010340, fp=0x00000007959ce428, pc=0x0000000111fee490)
org.springframework.util.ConcurrentReferenceHashMap.getHash(ConcurrentReferenceHashMap.java:222) - invokevirtual @ bci 5 
     Created vframeArray 0x00007f9cf087c620
DEOPT UNPACKING thread 0x00007f9cf0010800 vframeArray 0x00007f9cf087c620 mode 2
     {method} {0x000000010e813738} &apos;getHash&apos; &apos;(Ljava/lang/Object;)I&apos; in &apos;org/springframework/util/ConcurrentReferenceHashMap&apos; - invokevirtual @ bci 5 sp = 0x0000000306010300
<uncommon_trap thread='9475' reason='bimorphic' action='maybe_recompile' compile_id='1682' compiler='C2' count='3' state='#7' stamp='12.589'>
Uncommon trap occurred in org.springframework.util.ConcurrentReferenceHashMap::getHash (@0x0000000111fee490) thread=9475 reason=bimorphic action=maybe_recompile unloaded_class_index=-1
<jvms bci='5' method='org/springframework/util/ConcurrentReferenceHashMap getHash (Ljava/lang/Object;)I' bytes='64' count='2' backedge_count='1' iicount='5' bimorphic_traps='3'/>
</uncommon_trap>
DEOPT PACKING thread 0x00007f9cf0010800 Compiled frame (sp=0x00000003060102f0 unextended sp=0x00000003060102f0, fp=0x00000007959ce428, real_fp=0x0000000306010320, pc=0x0000000111fee490)
     nmethod  12588 1682             org.springframework.util.ConcurrentReferenceHashMap::getHash (64 bytes)

     Virtual frames (innermost first):
        0 - frame( sp=0x00000003060102f0, unextended_sp=0x00000003060102f0, fp=0x00000007959ce428, pc=0x0000000111fee490)
org.springframework.util.ConcurrentReferenceHashMap.getHash(ConcurrentReferenceHashMap.java:222) - invokevirtual @ bci 5 
     Created vframeArray 0x00007f9cf087be20
DEOPT UNPACKING thread 0x00007f9cf0010800 vframeArray 0x00007f9cf087be20 mode 2
     {method} {0x000000010e813738} &apos;getHash&apos; &apos;(Ljava/lang/Object;)I&apos; in &apos;org/springframework/util/ConcurrentReferenceHashMap&apos; - invokevirtual @ bci 5 sp = 0x00000003060102b0
<uncommon_trap thread='9475' reason='class_check' action='maybe_recompile' compile_id='1821' compiler='C2' count='2' state='class_check' stamp='12.634'>
Uncommon trap occurred in org.springframework.core.SerializableTypeWrapper::forTypeProvider (@0x0000000112050f5c) thread=9475 reason=class_check action=maybe_recompile unloaded_class_index=-1
<jvms bci='1' method='org/springframework/core/SerializableTypeWrapper forTypeProvider (Lorg/springframework/core/SerializableTypeWrapper$TypeProvider;)Ljava/lang/reflect/Type;' bytes='191' count='2' backedge_count='3' iicount='3' class_check_traps='2'/>
</uncommon_trap>
DEOPT PACKING thread 0x00007f9cf0010800 Compiled frame (sp=0x0000000306010220 unextended sp=0x0000000306010220, fp=0x00000000f2b3c62d, real_fp=0x00000003060102b0, pc=0x0000000112050f5c)
     nmethod  12633 1821             org.springframework.core.SerializableTypeWrapper::forTypeProvider (191 bytes)

     Virtual frames (innermost first):
        0 - frame( sp=0x0000000306010220, unextended_sp=0x0000000306010220, fp=0x00000000f2b3c62d, pc=0x0000000112050f5c)
org.springframework.core.SerializableTypeWrapper.forTypeProvider(SerializableTypeWrapper.java:106) - invokeinterface @ bci 1 
     Created vframeArray 0x00007f9cf087c620
DEOPT UNPACKING thread 0x00007f9cf0010800 vframeArray 0x00007f9cf087c620 mode 2
     {method} {0x000000010e9ab8f8} &apos;forTypeProvider&apos; &apos;(Lorg/springframework/core/SerializableTypeWrapper$TypeProvider;)Ljava/lang/reflect/Type;&apos; in &apos;org/springframework/core/SerializableTypeWrapper&apos; - invokeinterface @ bci 1 sp = 0x0000000306010208
<uncommon_trap thread='9475' reason='class_check' action='maybe_recompile' compile_id='1863' compiler='C2' stamp='12.671'>
Uncommon trap occurred in org.springframework.core.SerializableTypeWrapper$TypeProxyInvocationHandler::invoke (@0x0000000112063b28) thread=9475 reason=class_check action=maybe_recompile unloaded_class_index=-1
<jvms bci='236' method='org/springframework/core/SerializableTypeWrapper$TypeProxyInvocationHandler invoke (Ljava/lang/Object;Ljava/lang/reflect/Method;[Ljava/lang/Object;)Ljava/lang/Object;' bytes='324' count='2' backedge_count='2' iicount='7' decompiles='1' unloaded_traps='1'/>
</uncommon_trap>
DEOPT PACKING thread 0x00007f9cf0010800 Compiled frame (sp=0x0000000306010520 unextended sp=0x0000000306010520, fp=0x00000000f2b3c62d, real_fp=0x00000003060105d0, pc=0x0000000112063b28)
     nmethod  12670 1863             org.springframework.core.SerializableTypeWrapper$TypeProxyInvocationHandler::invoke (324 bytes)

     Virtual frames (innermost first):
        0 - frame( sp=0x0000000306010520, unextended_sp=0x0000000306010520, fp=0x00000000f2b3c62d, pc=0x0000000112063b28)
org.springframework.core.SerializableTypeWrapper$TypeProxyInvocationHandler.invoke(SerializableTypeWrapper.java:206) - invokeinterface @ bci 236 
     Created vframeArray 0x00007f9cf00a0620
DEOPT UNPACKING thread 0x00007f9cf0010800 vframeArray 0x00007f9cf00a0620 mode 2
     {method} {0x000000010e9ad9a0} &apos;invoke&apos; &apos;(Ljava/lang/Object;Ljava/lang/reflect/Method;[Ljava/lang/Object;)Ljava/lang/Object;&apos; in &apos;org/springframework/core/SerializableTypeWrapper$TypeProxyInvocationHandler&apos; - invokeinterface @ bci 236 sp = 0x0000000306010558
<uncommon_trap thread='9475' reason='class_check' action='maybe_recompile' compile_id='1821' compiler='C2' count='3' state='class_check' stamp='12.676'>
Uncommon trap occurred in org.springframework.core.SerializableTypeWrapper::forTypeProvider (@0x0000000112050f5c) thread=9475 reason=class_check action=maybe_recompile unloaded_class_index=-1
<jvms bci='1' method='org/springframework/core/SerializableTypeWrapper forTypeProvider (Lorg/springframework/core/SerializableTypeWrapper$TypeProvider;)Ljava/lang/reflect/Type;' bytes='191' count='2' backedge_count='3' iicount='3' class_check_traps='3'/>
</uncommon_trap>
DEOPT PACKING thread 0x00007f9cf0010800 Compiled frame (sp=0x00000003060104b0 unextended sp=0x00000003060104b0, fp=0x00000003060105a8, real_fp=0x0000000306010540, pc=0x0000000112050f5c)
     nmethod  12675 1821             org.springframework.core.SerializableTypeWrapper::forTypeProvider (191 bytes)

     Virtual frames (innermost first):
        0 - frame( sp=0x00000003060104b0, unextended_sp=0x00000003060104b0, fp=0x00000003060105a8, pc=0x0000000112050f5c)
org.springframework.core.SerializableTypeWrapper.forTypeProvider(SerializableTypeWrapper.java:106) - invokeinterface @ bci 1 
     Created vframeArray 0x00007f9cdf083a20
DEOPT UNPACKING thread 0x00007f9cf0010800 vframeArray 0x00007f9cdf083a20 mode 2
     {method} {0x000000010e9ab8f8} &apos;forTypeProvider&apos; &apos;(Lorg/springframework/core/SerializableTypeWrapper$TypeProvider;)Ljava/lang/reflect/Type;&apos; in &apos;org/springframework/core/SerializableTypeWrapper&apos; - invokeinterface @ bci 1 sp = 0x00000003060104a0
<uncommon_trap thread='9475' reason='class_check' action='maybe_recompile' compile_id='1864' compiler='C2' stamp='12.676'>
Uncommon trap occurred in org.springframework.core.SerializableTypeWrapper$MethodInvokeTypeProvider::getType (@0x000000011205b1fc) thread=9475 reason=class_check action=maybe_recompile unloaded_class_index=-1
<jvms bci='17' method='org/springframework/core/SerializableTypeWrapper$MethodInvokeTypeProvider getType ()Ljava/lang/reflect/Type;' bytes='58' count='2' backedge_count='1' iicount='5'/>
</uncommon_trap>
DEOPT PACKING thread 0x00007f9cf0010800 Compiled frame (sp=0x0000000306010460 unextended sp=0x0000000306010460, fp=0x00000000f2b3b9bb, real_fp=0x0000000306010490, pc=0x000000011205b1fc)
     nmethod  12676 1864             org.springframework.core.SerializableTypeWrapper$MethodInvokeTypeProvider::getType (58 bytes)

     Virtual frames (innermost first):
        0 - frame( sp=0x0000000306010460, unextended_sp=0x0000000306010460, fp=0x00000000f2b3b9bb, pc=0x000000011205b1fc)
org.springframework.core.SerializableTypeWrapper$MethodInvokeTypeProvider.getType(SerializableTypeWrapper.java:349) - invokeinterface @ bci 17 
     Created vframeArray 0x00007f9cdf084e20
DEOPT UNPACKING thread 0x00007f9cf0010800 vframeArray 0x00007f9cdf084e20 mode 2
     {method} {0x000000010ea11318} &apos;getType&apos; &apos;()Ljava/lang/reflect/Type;&apos; in &apos;org/springframework/core/SerializableTypeWrapper$MethodInvokeTypeProvider&apos; - invokeinterface @ bci 17 sp = 0x0000000306010428
<uncommon_trap thread='9475' reason='class_check' action='maybe_recompile' compile_id='1862' compiler='C2' stamp='12.684'>
Uncommon trap occurred in java.lang.reflect.WeakCache::get (@0x000000011205ef68) thread=9475 reason=class_check action=maybe_recompile unloaded_class_index=-1
<jvms bci='112' method='java/lang/reflect/WeakCache get (Ljava/lang/Object;Ljava/lang/Object;)Ljava/lang/Object;' bytes='221' count='2' backedge_count='2' iicount='3'/>
</uncommon_trap>
DEOPT PACKING thread 0x00007f9cf0010800 Compiled frame (sp=0x00000003060102e0 unextended sp=0x00000003060102e0, fp=0x0000000000000000, real_fp=0x0000000306010390, pc=0x000000011205ef68)
     nmethod  12683 1862             java.lang.reflect.WeakCache::get (221 bytes)

     Virtual frames (innermost first):
        0 - frame( sp=0x00000003060102e0, unextended_sp=0x00000003060102e0, fp=0x0000000000000000, pc=0x000000011205ef68)
java.lang.reflect.WeakCache.get(WeakCache.java:127) - invokeinterface @ bci 112 
     Created vframeArray 0x00007f9cef092e20
DEOPT UNPACKING thread 0x00007f9cf0010800 vframeArray 0x00007f9cef092e20 mode 2
     {method} {0x000000010e9ca860} &apos;get&apos; &apos;(Ljava/lang/Object;Ljava/lang/Object;)Ljava/lang/Object;&apos; in &apos;java/lang/reflect/WeakCache&apos; - invokeinterface @ bci 112 sp = 0x0000000306010308
<uncommon_trap thread='9475' reason='class_check' action='maybe_recompile' compile_id='1864' compiler='C2' count='1' state='class_check' stamp='12.709'>
Uncommon trap occurred in org.springframework.core.SerializableTypeWrapper$MethodInvokeTypeProvider::getType (@0x000000011205b1fc) thread=9475 reason=class_check action=maybe_recompile unloaded_class_index=-1
<jvms bci='17' method='org/springframework/core/SerializableTypeWrapper$MethodInvokeTypeProvider getType ()Ljava/lang/reflect/Type;' bytes='58' count='2' backedge_count='1' iicount='5' class_check_traps='1'/>
</uncommon_trap>
DEOPT PACKING thread 0x00007f9cf0010800 Compiled frame (sp=0x0000000306010470 unextended sp=0x0000000306010470, fp=0x00000000f2b3b9bb, real_fp=0x00000003060104a0, pc=0x000000011205b1fc)
     nmethod  12709 1864             org.springframework.core.SerializableTypeWrapper$MethodInvokeTypeProvider::getType (58 bytes)

     Virtual frames (innermost first):
        0 - frame( sp=0x0000000306010470, unextended_sp=0x0000000306010470, fp=0x00000000f2b3b9bb, pc=0x000000011205b1fc)
org.springframework.core.SerializableTypeWrapper$MethodInvokeTypeProvider.getType(SerializableTypeWrapper.java:349) - invokeinterface @ bci 17 
     Created vframeArray 0x00007f9cf00a0620
DEOPT UNPACKING thread 0x00007f9cf0010800 vframeArray 0x00007f9cf00a0620 mode 2
     {method} {0x000000010ea11318} &apos;getType&apos; &apos;()Ljava/lang/reflect/Type;&apos; in &apos;org/springframework/core/SerializableTypeWrapper$MethodInvokeTypeProvider&apos; - invokeinterface @ bci 17 sp = 0x0000000306010438
<uncommon_trap thread='9475' reason='class_check' action='maybe_recompile' compile_id='1862' compiler='C2' count='1' state='class_check' stamp='12.767'>
Uncommon trap occurred in java.lang.reflect.WeakCache::get (@0x000000011205ef68) thread=9475 reason=class_check action=maybe_recompile unloaded_class_index=-1
<jvms bci='112' method='java/lang/reflect/WeakCache get (Ljava/lang/Object;Ljava/lang/Object;)Ljava/lang/Object;' bytes='221' count='2' backedge_count='2' iicount='3' class_check_traps='1'/>
</uncommon_trap>
DEOPT PACKING thread 0x00007f9cf0010800 Compiled frame (sp=0x00000003060102f0 unextended sp=0x00000003060102f0, fp=0x0000000000000000, real_fp=0x00000003060103a0, pc=0x000000011205ef68)
     nmethod  12766 1862             java.lang.reflect.WeakCache::get (221 bytes)

     Virtual frames (innermost first):
        0 - frame( sp=0x00000003060102f0, unextended_sp=0x00000003060102f0, fp=0x0000000000000000, pc=0x000000011205ef68)
java.lang.reflect.WeakCache.get(WeakCache.java:127) - invokeinterface @ bci 112 
     Created vframeArray 0x00007f9cef092e20
DEOPT UNPACKING thread 0x00007f9cf0010800 vframeArray 0x00007f9cef092e20 mode 2
     {method} {0x000000010e9ca860} &apos;get&apos; &apos;(Ljava/lang/Object;Ljava/lang/Object;)Ljava/lang/Object;&apos; in &apos;java/lang/reflect/WeakCache&apos; - invokeinterface @ bci 112 sp = 0x0000000306010318
<uncommon_trap thread='9475' reason='class_check' action='maybe_recompile' compile_id='1863' compiler='C2' count='1' stamp='12.774'>
Uncommon trap occurred in org.springframework.core.SerializableTypeWrapper$TypeProxyInvocationHandler::invoke (@0x0000000112063a98) thread=9475 reason=class_check action=maybe_recompile unloaded_class_index=-1
<jvms bci='165' method='org/springframework/core/SerializableTypeWrapper$TypeProxyInvocationHandler invoke (Ljava/lang/Object;Ljava/lang/reflect/Method;[Ljava/lang/Object;)Ljava/lang/Object;' bytes='324' count='2' backedge_count='4' iicount='7' decompiles='1' class_check_traps='1' unloaded_traps='1'/>
</uncommon_trap>
DEOPT PACKING thread 0x00007f9cf0010800 Compiled frame (sp=0x0000000306010430 unextended sp=0x0000000306010430, fp=0x00000000f2b3c6fe, real_fp=0x00000003060104e0, pc=0x0000000112063a98)
     nmethod  12774 1863             org.springframework.core.SerializableTypeWrapper$TypeProxyInvocationHandler::invoke (324 bytes)

     Virtual frames (innermost first):
        0 - frame( sp=0x0000000306010430, unextended_sp=0x0000000306010430, fp=0x00000000f2b3c6fe, pc=0x0000000112063a98)
org.springframework.core.SerializableTypeWrapper$TypeProxyInvocationHandler.invoke(SerializableTypeWrapper.java:197) - invokeinterface @ bci 165 
     Created vframeArray 0x00007f9cf00a0620
DEOPT UNPACKING thread 0x00007f9cf0010800 vframeArray 0x00007f9cf00a0620 mode 2
     {method} {0x000000010e9ad9a0} &apos;invoke&apos; &apos;(Ljava/lang/Object;Ljava/lang/reflect/Method;[Ljava/lang/Object;)Ljava/lang/Object;&apos; in &apos;org/springframework/core/SerializableTypeWrapper$TypeProxyInvocationHandler&apos; - invokeinterface @ bci 165 sp = 0x0000000306010470
<uncommon_trap thread='9475' reason='class_check' action='maybe_recompile' compile_id='1863' compiler='C2' count='2' state='class_check' stamp='12.775'>
Uncommon trap occurred in org.springframework.core.SerializableTypeWrapper$TypeProxyInvocationHandler::invoke (@0x0000000112063b28) thread=9475 reason=class_check action=maybe_recompile unloaded_class_index=-1
<jvms bci='236' method='org/springframework/core/SerializableTypeWrapper$TypeProxyInvocationHandler invoke (Ljava/lang/Object;Ljava/lang/reflect/Method;[Ljava/lang/Object;)Ljava/lang/Object;' bytes='324' count='2' backedge_count='4' iicount='7' decompiles='1' class_check_traps='2' unloaded_traps='1'/>
</uncommon_trap>
DEOPT PACKING thread 0x00007f9cf0010800 Compiled frame (sp=0x0000000306010420 unextended sp=0x0000000306010420, fp=0x00000000f2b3c6fe, real_fp=0x00000003060104d0, pc=0x0000000112063b28)
     nmethod  12775 1863             org.springframework.core.SerializableTypeWrapper$TypeProxyInvocationHandler::invoke (324 bytes)

     Virtual frames (innermost first):
        0 - frame( sp=0x0000000306010420, unextended_sp=0x0000000306010420, fp=0x00000000f2b3c6fe, pc=0x0000000112063b28)
org.springframework.core.SerializableTypeWrapper$TypeProxyInvocationHandler.invoke(SerializableTypeWrapper.java:206) - invokeinterface @ bci 236 
     Created vframeArray 0x00007f9cdf084e20
DEOPT UNPACKING thread 0x00007f9cf0010800 vframeArray 0x00007f9cdf084e20 mode 2
     {method} {0x000000010e9ad9a0} &apos;invoke&apos; &apos;(Ljava/lang/Object;Ljava/lang/reflect/Method;[Ljava/lang/Object;)Ljava/lang/Object;&apos; in &apos;org/springframework/core/SerializableTypeWrapper$TypeProxyInvocationHandler&apos; - invokeinterface @ bci 236 sp = 0x0000000306010458
<uncommon_trap thread='9475' reason='class_check' action='maybe_recompile' compile_id='1864' compiler='C2' count='2' state='class_check' stamp='12.788'>
Uncommon trap occurred in org.springframework.core.SerializableTypeWrapper$MethodInvokeTypeProvider::getType (@0x000000011205b1fc) thread=9475 reason=class_check action=maybe_recompile unloaded_class_index=-1
<jvms bci='17' method='org/springframework/core/SerializableTypeWrapper$MethodInvokeTypeProvider getType ()Ljava/lang/reflect/Type;' bytes='58' count='2' backedge_count='1' iicount='5' class_check_traps='2'/>
</uncommon_trap>
DEOPT PACKING thread 0x00007f9cf0010800 Compiled frame (sp=0x0000000306010390 unextended sp=0x0000000306010390, fp=0x00000000f2b33aae, real_fp=0x00000003060103c0, pc=0x000000011205b1fc)
     nmethod  12787 1864             org.springframework.core.SerializableTypeWrapper$MethodInvokeTypeProvider::getType (58 bytes)

     Virtual frames (innermost first):
        0 - frame( sp=0x0000000306010390, unextended_sp=0x0000000306010390, fp=0x00000000f2b33aae, pc=0x000000011205b1fc)
org.springframework.core.SerializableTypeWrapper$MethodInvokeTypeProvider.getType(SerializableTypeWrapper.java:349) - invokeinterface @ bci 17 
     Created vframeArray 0x00007f9cef092e20
DEOPT UNPACKING thread 0x00007f9cf0010800 vframeArray 0x00007f9cef092e20 mode 2
     {method} {0x000000010ea11318} &apos;getType&apos; &apos;()Ljava/lang/reflect/Type;&apos; in &apos;org/springframework/core/SerializableTypeWrapper$MethodInvokeTypeProvider&apos; - invokeinterface @ bci 17 sp = 0x0000000306010350
<uncommon_trap thread='9475' reason='class_check' action='maybe_recompile' compile_id='1863' compiler='C2' count='3' state='class_check' stamp='12.789'>
Uncommon trap occurred in org.springframework.core.SerializableTypeWrapper$TypeProxyInvocationHandler::invoke (@0x0000000112063a98) thread=9475 reason=class_check action=maybe_recompile unloaded_class_index=-1
<jvms bci='165' method='org/springframework/core/SerializableTypeWrapper$TypeProxyInvocationHandler invoke (Ljava/lang/Object;Ljava/lang/reflect/Method;[Ljava/lang/Object;)Ljava/lang/Object;' bytes='324' count='2' backedge_count='5' iicount='7' decompiles='1' class_check_traps='3' unloaded_traps='1'/>
</uncommon_trap>
DEOPT PACKING thread 0x00007f9cf0010800 Compiled frame (sp=0x0000000306010430 unextended sp=0x0000000306010430, fp=0x00000000f2b3c753, real_fp=0x00000003060104e0, pc=0x0000000112063a98)
     nmethod  12789 1863             org.springframework.core.SerializableTypeWrapper$TypeProxyInvocationHandler::invoke (324 bytes)

     Virtual frames (innermost first):
        0 - frame( sp=0x0000000306010430, unextended_sp=0x0000000306010430, fp=0x00000000f2b3c753, pc=0x0000000112063a98)
org.springframework.core.SerializableTypeWrapper$TypeProxyInvocationHandler.invoke(SerializableTypeWrapper.java:197) - invokeinterface @ bci 165 
     Created vframeArray 0x00007f9cf00a0620
DEOPT UNPACKING thread 0x00007f9cf0010800 vframeArray 0x00007f9cf00a0620 mode 2
     {method} {0x000000010e9ad9a0} &apos;invoke&apos; &apos;(Ljava/lang/Object;Ljava/lang/reflect/Method;[Ljava/lang/Object;)Ljava/lang/Object;&apos; in &apos;org/springframework/core/SerializableTypeWrapper$TypeProxyInvocationHandler&apos; - invokeinterface @ bci 165 sp = 0x0000000306010470
<uncommon_trap thread='9475' reason='class_check' action='maybe_recompile' compile_id='1864' compiler='C2' count='3' state='class_check' stamp='12.829'>
Uncommon trap occurred in org.springframework.core.SerializableTypeWrapper$MethodInvokeTypeProvider::getType (@0x000000011205b1fc) thread=9475 reason=class_check action=maybe_recompile unloaded_class_index=-1
<jvms bci='17' method='org/springframework/core/SerializableTypeWrapper$MethodInvokeTypeProvider getType ()Ljava/lang/reflect/Type;' bytes='58' count='2' backedge_count='1' iicount='5' class_check_traps='3'/>
</uncommon_trap>
DEOPT PACKING thread 0x00007f9cf0010800 Compiled frame (sp=0x00000003060103b0 unextended sp=0x00000003060103b0, fp=0x00000000f2b3b9a6, real_fp=0x00000003060103e0, pc=0x000000011205b1fc)
     nmethod  12828 1864             org.springframework.core.SerializableTypeWrapper$MethodInvokeTypeProvider::getType (58 bytes)

     Virtual frames (innermost first):
        0 - frame( sp=0x00000003060103b0, unextended_sp=0x00000003060103b0, fp=0x00000000f2b3b9a6, pc=0x000000011205b1fc)
org.springframework.core.SerializableTypeWrapper$MethodInvokeTypeProvider.getType(SerializableTypeWrapper.java:349) - invokeinterface @ bci 17 
     Created vframeArray 0x00007f9cdf084e20
DEOPT UNPACKING thread 0x00007f9cf0010800 vframeArray 0x00007f9cdf084e20 mode 2
     {method} {0x000000010ea11318} &apos;getType&apos; &apos;()Ljava/lang/reflect/Type;&apos; in &apos;org/springframework/core/SerializableTypeWrapper$MethodInvokeTypeProvider&apos; - invokeinterface @ bci 17 sp = 0x0000000306010370
<uncommon_trap thread='9475' reason='class_check' action='maybe_recompile' compile_id='1856' compiler='C2' count='1' state='class_check' stamp='12.862'>
Uncommon trap occurred in org.springframework.core.ResolvableType::resolveType (@0x0000000112058e70) thread=9475 reason=class_check action=maybe_recompile unloaded_class_index=-1
<jvms bci='91' method='org/springframework/core/ResolvableType resolveType ()Lorg/springframework/core/ResolvableType;' bytes='151' count='3' backedge_count='1' iicount='6' class_check_traps='1'/>
</uncommon_trap>
DEOPT PACKING thread 0x00007f9cf0010800 Compiled frame (sp=0x0000000306010580 unextended sp=0x0000000306010580, fp=0x00000007959e4310, real_fp=0x00000003060105c0, pc=0x0000000112058e70)
     nmethod  12862 1856             org.springframework.core.ResolvableType::resolveType (151 bytes)

     Virtual frames (innermost first):
        0 - frame( sp=0x0000000306010580, unextended_sp=0x0000000306010580, fp=0x00000007959e4310, pc=0x0000000112058e70)
org.springframework.core.ResolvableType.resolveType(ResolvableType.java:862) - instanceof @ bci 91 
     Created vframeArray 0x00007f9cf087c620
DEOPT UNPACKING thread 0x00007f9cf0010800 vframeArray 0x00007f9cf087c620 mode 2
     {method} {0x000000010e984540} &apos;resolveType&apos; &apos;()Lorg/springframework/core/ResolvableType;&apos; in &apos;org/springframework/core/ResolvableType&apos; - instanceof @ bci 91 sp = 0x0000000306010558
<uncommon_trap thread='9475' reason='class_check' action='maybe_recompile' compile_id='1739' compiler='C2' count='1' state='class_check' stamp='12.933'>
Uncommon trap occurred in sun.reflect.generics.repository.FieldRepository::getGenericType (@0x0000000112015664) thread=9475 reason=class_check action=maybe_recompile unloaded_class_index=-1
<jvms bci='20' method='sun/reflect/generics/repository/FieldRepository getGenericType ()Ljava/lang/reflect/Type;' bytes='38' count='2' backedge_count='1' iicount='5' class_check_traps='1'/>
</uncommon_trap>
DEOPT PACKING thread 0x00007f9cf0010800 Compiled frame (sp=0x00000003060104f0 unextended sp=0x00000003060104f0, fp=0x00000007959e5050, real_fp=0x0000000306010530, pc=0x0000000112015664)
     nmethod  12933 1739             sun.reflect.generics.repository.FieldRepository::getGenericType (38 bytes)

     Virtual frames (innermost first):
        0 - frame( sp=0x00000003060104f0, unextended_sp=0x00000003060104f0, fp=0x00000007959e5050, pc=0x0000000112015664)
sun.reflect.generics.repository.FieldRepository.getGenericType(FieldRepository.java:85) - invokeinterface @ bci 20 
     Created vframeArray 0x00007f9cef098820
DEOPT UNPACKING thread 0x00007f9cf0010800 vframeArray 0x00007f9cef098820 mode 2
     {method} {0x000000010e9c09f8} &apos;getGenericType&apos; &apos;()Ljava/lang/reflect/Type;&apos; in &apos;sun/reflect/generics/repository/FieldRepository&apos; - invokeinterface @ bci 20 sp = 0x00000003060104c0
<uncommon_trap thread='9475' reason='class_check' action='maybe_recompile' compile_id='1773' compiler='C2' stamp='12.934'>
Uncommon trap occurred in sun.reflect.generics.visitor.Reifier::reifyTypeArguments (@0x00000001120207a0) thread=9475 reason=class_check action=maybe_recompile unloaded_class_index=-1
<jvms bci='18' method='sun/reflect/generics/visitor/Reifier reifyTypeArguments ([Lsun/reflect/generics/tree/TypeArgument;)[Ljava/lang/reflect/Type;' bytes='38' count='2' backedge_count='5' iicount='4'/>
</uncommon_trap>
DEOPT PACKING thread 0x00007f9cf0010800 Compiled frame (sp=0x00000003060103b0 unextended sp=0x00000003060103b0, fp=0x00000007959e5278, real_fp=0x0000000306010400, pc=0x00000001120207a0)
     nmethod  12933 1773             sun.reflect.generics.visitor.Reifier::reifyTypeArguments (38 bytes)

     Virtual frames (innermost first):
        0 - frame( sp=0x00000003060103b0, unextended_sp=0x00000003060103b0, fp=0x00000007959e5278, pc=0x00000001120207a0)
sun.reflect.generics.visitor.Reifier.reifyTypeArguments(Reifier.java:68) - invokeinterface @ bci 18 
     Created vframeArray 0x00007f9cf087c620
DEOPT UNPACKING thread 0x00007f9cf0010800 vframeArray 0x00007f9cf087c620 mode 2
     {method} {0x000000010e997af8} &apos;reifyTypeArguments&apos; &apos;([Lsun/reflect/generics/tree/TypeArgument;)[Ljava/lang/reflect/Type;&apos; in &apos;sun/reflect/generics/visitor/Reifier&apos; - invokeinterface @ bci 18 sp = 0x0000000306010380
<uncommon_trap thread='9475' reason='class_check' action='maybe_recompile' compile_id='1862' compiler='C2' count='2' state='class_check' stamp='12.956'>
Uncommon trap occurred in java.lang.reflect.WeakCache::get (@0x000000011205ef68) thread=9475 reason=class_check action=maybe_recompile unloaded_class_index=-1
<jvms bci='112' method='java/lang/reflect/WeakCache get (Ljava/lang/Object;Ljava/lang/Object;)Ljava/lang/Object;' bytes='221' count='2' backedge_count='2' iicount='3' class_check_traps='2'/>
</uncommon_trap>
DEOPT PACKING thread 0x00007f9cf0010800 Compiled frame (sp=0x0000000306010440 unextended sp=0x0000000306010440, fp=0x0000000000000000, real_fp=0x00000003060104f0, pc=0x000000011205ef68)
     nmethod  12955 1862             java.lang.reflect.WeakCache::get (221 bytes)

     Virtual frames (innermost first):
        0 - frame( sp=0x0000000306010440, unextended_sp=0x0000000306010440, fp=0x0000000000000000, pc=0x000000011205ef68)
java.lang.reflect.WeakCache.get(WeakCache.java:127) - invokeinterface @ bci 112 
     Created vframeArray 0x00007f9cef098820
DEOPT UNPACKING thread 0x00007f9cf0010800 vframeArray 0x00007f9cef098820 mode 2
     {method} {0x000000010e9ca860} &apos;get&apos; &apos;(Ljava/lang/Object;Ljava/lang/Object;)Ljava/lang/Object;&apos; in &apos;java/lang/reflect/WeakCache&apos; - invokeinterface @ bci 112 sp = 0x0000000306010450
<uncommon_trap thread='9475' reason='class_check' action='maybe_recompile' compile_id='1856' compiler='C2' count='2' state='class_check' stamp='12.962'>
Uncommon trap occurred in org.springframework.core.ResolvableType::resolveType (@0x0000000112058e70) thread=9475 reason=class_check action=maybe_recompile unloaded_class_index=-1
<jvms bci='91' method='org/springframework/core/ResolvableType resolveType ()Lorg/springframework/core/ResolvableType;' bytes='151' count='3' backedge_count='1' iicount='6' class_check_traps='2'/>
</uncommon_trap>
DEOPT PACKING thread 0x00007f9cf0010800 Compiled frame (sp=0x0000000306010590 unextended sp=0x0000000306010590, fp=0x00000007959e69c0, real_fp=0x00000003060105d0, pc=0x0000000112058e70)
     nmethod  12962 1856             org.springframework.core.ResolvableType::resolveType (151 bytes)

     Virtual frames (innermost first):
        0 - frame( sp=0x0000000306010590, unextended_sp=0x0000000306010590, fp=0x00000007959e69c0, pc=0x0000000112058e70)
org.springframework.core.ResolvableType.resolveType(ResolvableType.java:862) - instanceof @ bci 91 
     Created vframeArray 0x00007f9cf00a0620
DEOPT UNPACKING thread 0x00007f9cf0010800 vframeArray 0x00007f9cf00a0620 mode 2
     {method} {0x000000010e984540} &apos;resolveType&apos; &apos;()Lorg/springframework/core/ResolvableType;&apos; in &apos;org/springframework/core/ResolvableType&apos; - instanceof @ bci 91 sp = 0x0000000306010560
<uncommon_trap thread='9475' reason='class_check' action='maybe_recompile' compile_id='1862' compiler='C2' count='3' state='class_check' stamp='12.966'>
Uncommon trap occurred in java.lang.reflect.WeakCache::get (@0x000000011205ef68) thread=9475 reason=class_check action=maybe_recompile unloaded_class_index=-1
<jvms bci='112' method='java/lang/reflect/WeakCache get (Ljava/lang/Object;Ljava/lang/Object;)Ljava/lang/Object;' bytes='221' count='2' backedge_count='2' iicount='3' class_check_traps='3'/>
</uncommon_trap>
DEOPT PACKING thread 0x00007f9cf0010800 Compiled frame (sp=0x0000000306010270 unextended sp=0x0000000306010270, fp=0x0000000000000000, real_fp=0x0000000306010320, pc=0x000000011205ef68)
     nmethod  12965 1862             java.lang.reflect.WeakCache::get (221 bytes)

     Virtual frames (innermost first):
        0 - frame( sp=0x0000000306010270, unextended_sp=0x0000000306010270, fp=0x0000000000000000, pc=0x000000011205ef68)
java.lang.reflect.WeakCache.get(WeakCache.java:127) - invokeinterface @ bci 112 
     Created vframeArray 0x00007f9cf087c620
DEOPT UNPACKING thread 0x00007f9cf0010800 vframeArray 0x00007f9cf087c620 mode 2
     {method} {0x000000010e9ca860} &apos;get&apos; &apos;(Ljava/lang/Object;Ljava/lang/Object;)Ljava/lang/Object;&apos; in &apos;java/lang/reflect/WeakCache&apos; - invokeinterface @ bci 112 sp = 0x0000000306010280
<uncommon_trap thread='9475' reason='null_assert' action='make_not_entrant' compile_id='1764' compiler='C2' count='1' stamp='13.023'>
Uncommon trap occurred in sun.reflect.generics.parser.SignatureParser::parseFieldTypeSignature (@0x0000000112014474) thread=9475 reason=null_assert action=make_not_entrant unloaded_class_index=-1
<jvms bci='58' method='sun/reflect/generics/parser/SignatureParser parseFieldTypeSignature (Z)Lsun/reflect/generics/tree/FieldTypeSignature;' bytes='73' count='3' backedge_count='1' iicount='8' decompiles='1' null_assert_traps='1'/>
</uncommon_trap>
DEOPT PACKING thread 0x00007f9cf0010800 Compiled frame (sp=0x0000000306010280 unextended sp=0x0000000306010280, fp=0x00000007959e7918, real_fp=0x00000003060102b0, pc=0x0000000112014474)
     nmethod  13023 1764             sun.reflect.generics.parser.SignatureParser::parseFieldTypeSignature (73 bytes)

     Virtual frames (innermost first):
        0 - frame( sp=0x0000000306010280, unextended_sp=0x0000000306010280, fp=0x00000007959e7918, pc=0x0000000112014474)
sun.reflect.generics.parser.SignatureParser.parseFieldTypeSignature(SignatureParser.java:288) - areturn @ bci 58 
     Created vframeArray 0x00007f9cdf084e20
DEOPT UNPACKING thread 0x00007f9cf0010800 vframeArray 0x00007f9cdf084e20 mode 2
     {method} {0x000000010e97cac8} &apos;parseFieldTypeSignature&apos; &apos;(Z)Lsun/reflect/generics/tree/FieldTypeSignature;&apos; in &apos;sun/reflect/generics/parser/SignatureParser&apos; - areturn @ bci 58 sp = 0x0000000306010248
<uncommon_trap thread='9475' reason='class_check' action='maybe_recompile' compile_id='1739' compiler='C2' count='2' state='class_check' stamp='13.024'>
Uncommon trap occurred in sun.reflect.generics.repository.FieldRepository::getGenericType (@0x0000000112015664) thread=9475 reason=class_check action=maybe_recompile unloaded_class_index=-1
<jvms bci='20' method='sun/reflect/generics/repository/FieldRepository getGenericType ()Ljava/lang/reflect/Type;' bytes='38' count='2' backedge_count='1' iicount='5' class_check_traps='2'/>
</uncommon_trap>
DEOPT PACKING thread 0x00007f9cf0010800 Compiled frame (sp=0x0000000306010520 unextended sp=0x0000000306010520, fp=0x00000007959e7830, real_fp=0x0000000306010560, pc=0x0000000112015664)
     nmethod  13023 1739             sun.reflect.generics.repository.FieldRepository::getGenericType (38 bytes)

     Virtual frames (innermost first):
        0 - frame( sp=0x0000000306010520, unextended_sp=0x0000000306010520, fp=0x00000007959e7830, pc=0x0000000112015664)
sun.reflect.generics.repository.FieldRepository.getGenericType(FieldRepository.java:85) - invokeinterface @ bci 20 
     Created vframeArray 0x00007f9cdf085620
DEOPT UNPACKING thread 0x00007f9cf0010800 vframeArray 0x00007f9cdf085620 mode 2
     {method} {0x000000010e9c09f8} &apos;getGenericType&apos; &apos;()Ljava/lang/reflect/Type;&apos; in &apos;sun/reflect/generics/repository/FieldRepository&apos; - invokeinterface @ bci 20 sp = 0x00000003060104f0
<uncommon_trap thread='9475' reason='class_check' action='maybe_recompile' compile_id='1803' compiler='C2' stamp='13.025'>
Uncommon trap occurred in java.util.Objects::hashCode (@0x000000011202e744) thread=9475 reason=class_check action=maybe_recompile unloaded_class_index=-1
<jvms bci='5' method='java/util/Objects hashCode (Ljava/lang/Object;)I' bytes='13' count='2' backedge_count='1' iicount='5'/>
</uncommon_trap>
DEOPT PACKING thread 0x00007f9cf0010800 Compiled frame (sp=0x00000003060104c0 unextended sp=0x00000003060104c0, fp=0x000000079591cf68, real_fp=0x00000003060104e0, pc=0x000000011202e744)
     nmethod  13025 1803             java.util.Objects::hashCode (13 bytes)

     Virtual frames (innermost first):
        0 - frame( sp=0x00000003060104c0, unextended_sp=0x00000003060104c0, fp=0x000000079591cf68, pc=0x000000011202e744)
java.util.Objects.hashCode(Objects.java:98) - invokevirtual @ bci 5 
     Created vframeArray 0x00007f9cf087c620
DEOPT UNPACKING thread 0x00007f9cf0010800 vframeArray 0x00007f9cf087c620 mode 2
     {method} {0x000000010e5a19a0} &apos;hashCode&apos; &apos;(Ljava/lang/Object;)I&apos; in &apos;java/util/Objects&apos; - invokevirtual @ bci 5 sp = 0x0000000306010488
<uncommon_trap thread='9475' reason='class_check' action='maybe_recompile' compile_id='1743' compiler='C2' stamp='13.027'>
Uncommon trap occurred in org.springframework.util.ObjectUtils::nullSafeEquals (@0x0000000111e37138) thread=9475 reason=class_check action=maybe_recompile unloaded_class_index=-1
<jvms bci='19' method='org/springframework/util/ObjectUtils nullSafeEquals (Ljava/lang/Object;Ljava/lang/Object;)Z' bytes='55' count='2' backedge_count='1' iicount='5'/>
</uncommon_trap>
DEOPT PACKING thread 0x00007f9cf0010800 Compiled frame (sp=0x00000003060104b0 unextended sp=0x00000003060104b0, fp=0x000000079599dd80, real_fp=0x00000003060104f0, pc=0x0000000111e37138)
     nmethod  13027 1743             org.springframework.util.ObjectUtils::nullSafeEquals (55 bytes)

     Virtual frames (innermost first):
        0 - frame( sp=0x00000003060104b0, unextended_sp=0x00000003060104b0, fp=0x000000079599dd80, pc=0x0000000111e37138)
org.springframework.util.ObjectUtils.nullSafeEquals(ObjectUtils.java:341) - invokevirtual @ bci 19 
     Created vframeArray 0x00007f9cdf085620
DEOPT UNPACKING thread 0x00007f9cf0010800 vframeArray 0x00007f9cdf085620 mode 2
     {method} {0x000000010e98f890} &apos;nullSafeEquals&apos; &apos;(Ljava/lang/Object;Ljava/lang/Object;)Z&apos; in &apos;org/springframework/util/ObjectUtils&apos; - invokevirtual @ bci 19 sp = 0x0000000306010480
<uncommon_trap thread='9475' reason='class_check' action='maybe_recompile' compile_id='1627' compiler='C2' count='3' state='class_check' stamp='13.038'>
Uncommon trap occurred in sun.misc.ProxyGenerator$ConstantPool$IndirectEntry::equals (@0x0000000111fcf9ac) thread=9475 reason=class_check action=maybe_recompile unloaded_class_index=-1
<jvms bci='1' method='sun/misc/ProxyGenerator$ConstantPool$IndirectEntry equals (Ljava/lang/Object;)Z' bytes='49' count='2' backedge_count='1' iicount='5' class_check_traps='3'/>
</uncommon_trap>
DEOPT PACKING thread 0x00007f9cf0010800 Compiled frame (sp=0x000000030600ff70 unextended sp=0x000000030600ff70, fp=0x00000007959ee590, real_fp=0x000000030600ffa0, pc=0x0000000111fcf9ac)
     nmethod  13037 1627             sun.misc.ProxyGenerator$ConstantPool$IndirectEntry::equals (49 bytes)

     Virtual frames (innermost first):
        0 - frame( sp=0x000000030600ff70, unextended_sp=0x000000030600ff70, fp=0x00000007959ee590, pc=0x0000000111fcf9ac)
sun.misc.ProxyGenerator$ConstantPool$IndirectEntry.equals(ProxyGenerator.java:2019) - instanceof @ bci 1 
     Created vframeArray 0x00007f9cf00a0620
DEOPT UNPACKING thread 0x00007f9cf0010800 vframeArray 0x00007f9cf00a0620 mode 2
     {method} {0x000000010e9f1478} &apos;equals&apos; &apos;(Ljava/lang/Object;)Z&apos; in &apos;sun/misc/ProxyGenerator$ConstantPool$IndirectEntry&apos; - instanceof @ bci 1 sp = 0x000000030600ff30
<uncommon_trap thread='9475' reason='class_check' action='maybe_recompile' compile_id='1803' compiler='C2' count='1' state='class_check' stamp='13.058'>
Uncommon trap occurred in java.util.Objects::hashCode (@0x000000011202e744) thread=9475 reason=class_check action=maybe_recompile unloaded_class_index=-1
<jvms bci='5' method='java/util/Objects hashCode (Ljava/lang/Object;)I' bytes='13' count='2' backedge_count='1' iicount='5' class_check_traps='1'/>
</uncommon_trap>
DEOPT PACKING thread 0x00007f9cf0010800 Compiled frame (sp=0x0000000306010480 unextended sp=0x0000000306010480, fp=0x000000079591cf68, real_fp=0x00000003060104a0, pc=0x000000011202e744)
     nmethod  13058 1803             java.util.Objects::hashCode (13 bytes)

     Virtual frames (innermost first):
        0 - frame( sp=0x0000000306010480, unextended_sp=0x0000000306010480, fp=0x000000079591cf68, pc=0x000000011202e744)
java.util.Objects.hashCode(Objects.java:98) - invokevirtual @ bci 5 
     Created vframeArray 0x00007f9cf087ce20
DEOPT UNPACKING thread 0x00007f9cf0010800 vframeArray 0x00007f9cf087ce20 mode 2
     {method} {0x000000010e5a19a0} &apos;hashCode&apos; &apos;(Ljava/lang/Object;)I&apos; in &apos;java/util/Objects&apos; - invokevirtual @ bci 5 sp = 0x0000000306010448
<uncommon_trap thread='9475' reason='class_check' action='maybe_recompile' compile_id='1743' compiler='C2' count='1' state='class_check' stamp='13.059'>
Uncommon trap occurred in org.springframework.util.ObjectUtils::nullSafeEquals (@0x0000000111e37138) thread=9475 reason=class_check action=maybe_recompile unloaded_class_index=-1
<jvms bci='19' method='org/springframework/util/ObjectUtils nullSafeEquals (Ljava/lang/Object;Ljava/lang/Object;)Z' bytes='55' count='2' backedge_count='1' iicount='5' class_check_traps='1'/>
</uncommon_trap>
DEOPT PACKING thread 0x00007f9cf0010800 Compiled frame (sp=0x0000000306010430 unextended sp=0x0000000306010430, fp=0x000000079599dd80, real_fp=0x0000000306010470, pc=0x0000000111e37138)
     nmethod  13058 1743             org.springframework.util.ObjectUtils::nullSafeEquals (55 bytes)

     Virtual frames (innermost first):
        0 - frame( sp=0x0000000306010430, unextended_sp=0x0000000306010430, fp=0x000000079599dd80, pc=0x0000000111e37138)
org.springframework.util.ObjectUtils.nullSafeEquals(ObjectUtils.java:341) - invokevirtual @ bci 19 
     Created vframeArray 0x00007f9cef098820
DEOPT UNPACKING thread 0x00007f9cf0010800 vframeArray 0x00007f9cef098820 mode 2
     {method} {0x000000010e98f890} &apos;nullSafeEquals&apos; &apos;(Ljava/lang/Object;Ljava/lang/Object;)Z&apos; in &apos;org/springframework/util/ObjectUtils&apos; - invokevirtual @ bci 19 sp = 0x0000000306010400
<uncommon_trap thread='9475' reason='class_check' action='maybe_recompile' compile_id='1803' compiler='C2' count='2' state='class_check' stamp='13.059'>
Uncommon trap occurred in java.util.Objects::hashCode (@0x000000011202e744) thread=9475 reason=class_check action=maybe_recompile unloaded_class_index=-1
<jvms bci='5' method='java/util/Objects hashCode (Ljava/lang/Object;)I' bytes='13' count='2' backedge_count='1' iicount='5' class_check_traps='2'/>
</uncommon_trap>
DEOPT PACKING thread 0x00007f9cf0010800 Compiled frame (sp=0x0000000306010400 unextended sp=0x0000000306010400, fp=0x000000079591cf68, real_fp=0x0000000306010420, pc=0x000000011202e744)
     nmethod  13059 1803             java.util.Objects::hashCode (13 bytes)

     Virtual frames (innermost first):
        0 - frame( sp=0x0000000306010400, unextended_sp=0x0000000306010400, fp=0x000000079591cf68, pc=0x000000011202e744)
java.util.Objects.hashCode(Objects.java:98) - invokevirtual @ bci 5 
     Created vframeArray 0x00007f9cf00a0620
DEOPT UNPACKING thread 0x00007f9cf0010800 vframeArray 0x00007f9cf00a0620 mode 2
     {method} {0x000000010e5a19a0} &apos;hashCode&apos; &apos;(Ljava/lang/Object;)I&apos; in &apos;java/util/Objects&apos; - invokevirtual @ bci 5 sp = 0x00000003060103c8
<uncommon_trap thread='9475' reason='class_check' action='maybe_recompile' compile_id='1803' compiler='C2' count='3' state='class_check' stamp='13.059'>
Uncommon trap occurred in java.util.Objects::hashCode (@0x000000011202e744) thread=9475 reason=class_check action=maybe_recompile unloaded_class_index=-1
<jvms bci='5' method='java/util/Objects hashCode (Ljava/lang/Object;)I' bytes='13' count='2' backedge_count='1' iicount='5' class_check_traps='3'/>
</uncommon_trap>
DEOPT PACKING thread 0x00007f9cf0010800 Compiled frame (sp=0x0000000306010560 unextended sp=0x0000000306010560, fp=0x000000079591cf68, real_fp=0x0000000306010580, pc=0x000000011202e744)
     nmethod  13059 1803             java.util.Objects::hashCode (13 bytes)

     Virtual frames (innermost first):
        0 - frame( sp=0x0000000306010560, unextended_sp=0x0000000306010560, fp=0x000000079591cf68, pc=0x000000011202e744)
java.util.Objects.hashCode(Objects.java:98) - invokevirtual @ bci 5 
     Created vframeArray 0x00007f9cdf084220
DEOPT UNPACKING thread 0x00007f9cf0010800 vframeArray 0x00007f9cdf084220 mode 2
     {method} {0x000000010e5a19a0} &apos;hashCode&apos; &apos;(Ljava/lang/Object;)I&apos; in &apos;java/util/Objects&apos; - invokevirtual @ bci 5 sp = 0x0000000306010528
<uncommon_trap thread='9475' reason='class_check' action='maybe_recompile' compile_id='1743' compiler='C2' count='2' state='class_check' stamp='13.061'>
Uncommon trap occurred in org.springframework.util.ObjectUtils::nullSafeEquals (@0x0000000111e37138) thread=9475 reason=class_check action=maybe_recompile unloaded_class_index=-1
<jvms bci='19' method='org/springframework/util/ObjectUtils nullSafeEquals (Ljava/lang/Object;Ljava/lang/Object;)Z' bytes='55' count='2' backedge_count='1' iicount='5' class_check_traps='2'/>
</uncommon_trap>
DEOPT PACKING thread 0x00007f9cf0010800 Compiled frame (sp=0x0000000306010320 unextended sp=0x0000000306010320, fp=0x00000007959f3880, real_fp=0x0000000306010360, pc=0x0000000111e37138)
     nmethod  13060 1743             org.springframework.util.ObjectUtils::nullSafeEquals (55 bytes)

     Virtual frames (innermost first):
        0 - frame( sp=0x0000000306010320, unextended_sp=0x0000000306010320, fp=0x00000007959f3880, pc=0x0000000111e37138)
org.springframework.util.ObjectUtils.nullSafeEquals(ObjectUtils.java:341) - invokevirtual @ bci 19 
     Created vframeArray 0x00007f9cf00a0620
DEOPT UNPACKING thread 0x00007f9cf0010800 vframeArray 0x00007f9cf00a0620 mode 2
     {method} {0x000000010e98f890} &apos;nullSafeEquals&apos; &apos;(Ljava/lang/Object;Ljava/lang/Object;)Z&apos; in &apos;org/springframework/util/ObjectUtils&apos; - invokevirtual @ bci 19 sp = 0x00000003060102f0
<uncommon_trap thread='9475' reason='class_check' action='maybe_recompile' compile_id='1743' compiler='C2' count='3' state='class_check' stamp='13.067'>
Uncommon trap occurred in org.springframework.util.ObjectUtils::nullSafeEquals (@0x0000000111e37138) thread=9475 reason=class_check action=maybe_recompile unloaded_class_index=-1
<jvms bci='19' method='org/springframework/util/ObjectUtils nullSafeEquals (Ljava/lang/Object;Ljava/lang/Object;)Z' bytes='55' count='2' backedge_count='1' iicount='5' class_check_traps='3'/>
</uncommon_trap>
DEOPT PACKING thread 0x00007f9cf0010800 Compiled frame (sp=0x0000000306010350 unextended sp=0x0000000306010350, fp=0x00000007959f3880, real_fp=0x0000000306010390, pc=0x0000000111e37138)
     nmethod  13067 1743             org.springframework.util.ObjectUtils::nullSafeEquals (55 bytes)

     Virtual frames (innermost first):
        0 - frame( sp=0x0000000306010350, unextended_sp=0x0000000306010350, fp=0x00000007959f3880, pc=0x0000000111e37138)
org.springframework.util.ObjectUtils.nullSafeEquals(ObjectUtils.java:341) - invokevirtual @ bci 19 
     Created vframeArray 0x00007f9c8f00c420
DEOPT UNPACKING thread 0x00007f9cf0010800 vframeArray 0x00007f9c8f00c420 mode 2
     {method} {0x000000010e98f890} &apos;nullSafeEquals&apos; &apos;(Ljava/lang/Object;Ljava/lang/Object;)Z&apos; in &apos;org/springframework/util/ObjectUtils&apos; - invokevirtual @ bci 19 sp = 0x0000000306010320
<uncommon_trap thread='9475' reason='class_check' action='maybe_recompile' compile_id='1856' compiler='C2' count='3' state='class_check' stamp='13.077'>
Uncommon trap occurred in org.springframework.core.ResolvableType::resolveType (@0x0000000112058e70) thread=9475 reason=class_check action=maybe_recompile unloaded_class_index=-1
<jvms bci='91' method='org/springframework/core/ResolvableType resolveType ()Lorg/springframework/core/ResolvableType;' bytes='151' count='3' backedge_count='1' iicount='6' class_check_traps='3'/>
</uncommon_trap>
DEOPT PACKING thread 0x00007f9cf0010800 Compiled frame (sp=0x00000003060105d0 unextended sp=0x00000003060105d0, fp=0x00000007959f3cc8, real_fp=0x0000000306010610, pc=0x0000000112058e70)
     nmethod  13076 1856             org.springframework.core.ResolvableType::resolveType (151 bytes)

     Virtual frames (innermost first):
        0 - frame( sp=0x00000003060105d0, unextended_sp=0x00000003060105d0, fp=0x00000007959f3cc8, pc=0x0000000112058e70)
org.springframework.core.ResolvableType.resolveType(ResolvableType.java:862) - instanceof @ bci 91 
     Created vframeArray 0x00007f9cef098820
DEOPT UNPACKING thread 0x00007f9cf0010800 vframeArray 0x00007f9cef098820 mode 2
     {method} {0x000000010e984540} &apos;resolveType&apos; &apos;()Lorg/springframework/core/ResolvableType;&apos; in &apos;org/springframework/core/ResolvableType&apos; - instanceof @ bci 91 sp = 0x00000003060105a0
<uncommon_trap thread='9475' reason='class_check' action='maybe_recompile' compile_id='1773' compiler='C2' count='1' state='class_check' stamp='13.147'>
Uncommon trap occurred in sun.reflect.generics.visitor.Reifier::reifyTypeArguments (@0x00000001120207a0) thread=9475 reason=class_check action=maybe_recompile unloaded_class_index=-1
<jvms bci='18' method='sun/reflect/generics/visitor/Reifier reifyTypeArguments ([Lsun/reflect/generics/tree/TypeArgument;)[Ljava/lang/reflect/Type;' bytes='38' count='2' backedge_count='7' iicount='4' class_check_traps='1'/>
</uncommon_trap>
DEOPT PACKING thread 0x00007f9cf0010800 Compiled frame (sp=0x0000000306010460 unextended sp=0x0000000306010460, fp=0x00000007959cdaa8, real_fp=0x00000003060104b0, pc=0x00000001120207a0)
     nmethod  13146 1773             sun.reflect.generics.visitor.Reifier::reifyTypeArguments (38 bytes)

     Virtual frames (innermost first):
        0 - frame( sp=0x0000000306010460, unextended_sp=0x0000000306010460, fp=0x00000007959cdaa8, pc=0x00000001120207a0)
sun.reflect.generics.visitor.Reifier.reifyTypeArguments(Reifier.java:68) - invokeinterface @ bci 18 
     Created vframeArray 0x00007f9cdf063c20
DEOPT UNPACKING thread 0x00007f9cf0010800 vframeArray 0x00007f9cdf063c20 mode 2
     {method} {0x000000010e997af8} &apos;reifyTypeArguments&apos; &apos;([Lsun/reflect/generics/tree/TypeArgument;)[Ljava/lang/reflect/Type;&apos; in &apos;sun/reflect/generics/visitor/Reifier&apos; - invokeinterface @ bci 18 sp = 0x0000000306010430
<uncommon_trap thread='9475' reason='class_check' action='maybe_recompile' compile_id='1773' compiler='C2' count='2' state='class_check' stamp='13.147'>
Uncommon trap occurred in sun.reflect.generics.visitor.Reifier::reifyTypeArguments (@0x00000001120207a0) thread=9475 reason=class_check action=maybe_recompile unloaded_class_index=-1
<jvms bci='18' method='sun/reflect/generics/visitor/Reifier reifyTypeArguments ([Lsun/reflect/generics/tree/TypeArgument;)[Ljava/lang/reflect/Type;' bytes='38' count='2' backedge_count='8' iicount='4' class_check_traps='2'/>
</uncommon_trap>
DEOPT PACKING thread 0x00007f9cf0010800 Compiled frame (sp=0x0000000306010530 unextended sp=0x0000000306010530, fp=0x00000007959cdb38, real_fp=0x0000000306010580, pc=0x00000001120207a0)
     nmethod  13147 1773             sun.reflect.generics.visitor.Reifier::reifyTypeArguments (38 bytes)

     Virtual frames (innermost first):
        0 - frame( sp=0x0000000306010530, unextended_sp=0x0000000306010530, fp=0x00000007959cdb38, pc=0x00000001120207a0)
sun.reflect.generics.visitor.Reifier.reifyTypeArguments(Reifier.java:68) - invokeinterface @ bci 18 
     Created vframeArray 0x00007f9cf0076220
DEOPT UNPACKING thread 0x00007f9cf0010800 vframeArray 0x00007f9cf0076220 mode 2
     {method} {0x000000010e997af8} &apos;reifyTypeArguments&apos; &apos;([Lsun/reflect/generics/tree/TypeArgument;)[Ljava/lang/reflect/Type;&apos; in &apos;sun/reflect/generics/visitor/Reifier&apos; - invokeinterface @ bci 18 sp = 0x0000000306010500
<uncommon_trap thread='9475' reason='class_check' action='maybe_recompile' compile_id='1739' compiler='C2' count='3' state='class_check' stamp='13.159'>
Uncommon trap occurred in sun.reflect.generics.repository.FieldRepository::getGenericType (@0x0000000112015664) thread=9475 reason=class_check action=maybe_recompile unloaded_class_index=-1
<jvms bci='20' method='sun/reflect/generics/repository/FieldRepository getGenericType ()Ljava/lang/reflect/Type;' bytes='38' count='2' backedge_count='1' iicount='5' class_check_traps='3'/>
</uncommon_trap>
DEOPT PACKING thread 0x00007f9cf0010800 Compiled frame (sp=0x0000000306010520 unextended sp=0x0000000306010520, fp=0x00000007959f55b8, real_fp=0x0000000306010560, pc=0x0000000112015664)
     nmethod  13159 1739             sun.reflect.generics.repository.FieldRepository::getGenericType (38 bytes)

     Virtual frames (innermost first):
        0 - frame( sp=0x0000000306010520, unextended_sp=0x0000000306010520, fp=0x00000007959f55b8, pc=0x0000000112015664)
sun.reflect.generics.repository.FieldRepository.getGenericType(FieldRepository.java:85) - invokeinterface @ bci 20 
     Created vframeArray 0x00007f9cef098820
DEOPT UNPACKING thread 0x00007f9cf0010800 vframeArray 0x00007f9cef098820 mode 2
     {method} {0x000000010e9c09f8} &apos;getGenericType&apos; &apos;()Ljava/lang/reflect/Type;&apos; in &apos;sun/reflect/generics/repository/FieldRepository&apos; - invokeinterface @ bci 20 sp = 0x00000003060104f0
<uncommon_trap thread='9475' reason='class_check' action='maybe_recompile' compile_id='1773' compiler='C2' count='3' state='class_check' stamp='13.184'>
Uncommon trap occurred in sun.reflect.generics.visitor.Reifier::reifyTypeArguments (@0x00000001120207a0) thread=9475 reason=class_check action=maybe_recompile unloaded_class_index=-1
<jvms bci='18' method='sun/reflect/generics/visitor/Reifier reifyTypeArguments ([Lsun/reflect/generics/tree/TypeArgument;)[Ljava/lang/reflect/Type;' bytes='38' count='2' backedge_count='9' iicount='4' class_check_traps='3'/>
</uncommon_trap>
DEOPT PACKING thread 0x00007f9cf0010800 Compiled frame (sp=0x00000003060104a0 unextended sp=0x00000003060104a0, fp=0x00000007959f72a8, real_fp=0x00000003060104f0, pc=0x00000001120207a0)
     nmethod  13183 1773             sun.reflect.generics.visitor.Reifier::reifyTypeArguments (38 bytes)

     Virtual frames (innermost first):
        0 - frame( sp=0x00000003060104a0, unextended_sp=0x00000003060104a0, fp=0x00000007959f72a8, pc=0x00000001120207a0)
sun.reflect.generics.visitor.Reifier.reifyTypeArguments(Reifier.java:68) - invokeinterface @ bci 18 
     Created vframeArray 0x00007f9cf0076220
DEOPT UNPACKING thread 0x00007f9cf0010800 vframeArray 0x00007f9cf0076220 mode 2
     {method} {0x000000010e997af8} &apos;reifyTypeArguments&apos; &apos;([Lsun/reflect/generics/tree/TypeArgument;)[Ljava/lang/reflect/Type;&apos; in &apos;sun/reflect/generics/visitor/Reifier&apos; - invokeinterface @ bci 18 sp = 0x0000000306010470
<uncommon_trap thread='9475' reason='unloaded' action='reinterpret' index='7' compile_id='1859' compiler='C2' unresolved='1' name='sun/reflect/MethodAccessorGenerator' stamp='13.205'>
Uncommon trap occurred in sun.reflect.NativeMethodAccessorImpl::invoke (@0x0000000112059990) thread=9475 reason=unloaded action=reinterpret unloaded_class_index=7 unresolved class: sun/reflect/MethodAccessorGenerator
<jvms bci='30' method='sun/reflect/NativeMethodAccessorImpl invoke (Ljava/lang/Object;[Ljava/lang/Object;)Ljava/lang/Object;' bytes='104' count='2' backedge_count='1' iicount='5'/>
</uncommon_trap>
DEOPT PACKING thread 0x00007f9cf0010800 Compiled frame (sp=0x0000000306010460 unextended sp=0x0000000306010460, fp=0x00000007959e3110, real_fp=0x0000000306010490, pc=0x0000000112059990)
     nmethod  13207 1859             sun.reflect.NativeMethodAccessorImpl::invoke (104 bytes)

     Virtual frames (innermost first):
        0 - frame( sp=0x0000000306010460, unextended_sp=0x0000000306010460, fp=0x00000007959e3110, pc=0x0000000112059990)
sun.reflect.NativeMethodAccessorImpl.invoke(NativeMethodAccessorImpl.java:51) - new @ bci 30 
     Created vframeArray 0x00007f9cdf051620
DEOPT UNPACKING thread 0x00007f9cf0010800 vframeArray 0x00007f9cdf051620 mode 2
     {method} {0x000000010e9b8a88} &apos;invoke&apos; &apos;(Ljava/lang/Object;[Ljava/lang/Object;)Ljava/lang/Object;&apos; in &apos;sun/reflect/NativeMethodAccessorImpl&apos; - new @ bci 30 sp = 0x0000000306010420
<uncommon_trap thread='9475' reason='class_check' action='maybe_recompile' compile_id='1857' compiler='C2' stamp='13.312'>
Uncommon trap occurred in java.lang.reflect.Method::invoke (@0x0000000112056be8) thread=9475 reason=class_check action=maybe_recompile unloaded_class_index=-1
<jvms bci='6' method='sun/reflect/DelegatingMethodAccessorImpl invoke (Ljava/lang/Object;[Ljava/lang/Object;)Ljava/lang/Object;' bytes='10' count='2' backedge_count='1' iicount='5'/>
<jvms bci='56' method='java/lang/reflect/Method invoke (Ljava/lang/Object;[Ljava/lang/Object;)Ljava/lang/Object;' bytes='62' count='2' backedge_count='1' iicount='5'/>
</uncommon_trap>
DEOPT PACKING thread 0x00007f9cf0010800 Compiled frame (sp=0x0000000306010490 unextended sp=0x0000000306010490, fp=0x00000000f2b3f89f, real_fp=0x00000003060104d0, pc=0x0000000112056be8)
     nmethod  13312 1857             java.lang.reflect.Method::invoke (62 bytes)

     Virtual frames (innermost first):
        0 - frame( sp=0x0000000306010490, unextended_sp=0x0000000306010490, fp=0x00000000f2b3f89f, pc=0x0000000112056be8)
sun.reflect.DelegatingMethodAccessorImpl.invoke(DelegatingMethodAccessorImpl.java:43) - invokevirtual @ bci 6 
        1 - frame( sp=0x0000000306010490, unextended_sp=0x0000000306010490, fp=0x00000000f2b3f89f, pc=0x0000000112056be8)
java.lang.reflect.Method.invoke(Method.java:498) - invokeinterface @ bci 56 
     Created vframeArray 0x00007f9cf0076220
DEOPT UNPACKING thread 0x00007f9cf0010800 vframeArray 0x00007f9cf0076220 mode 2
     {method} {0x000000010e4506f8} &apos;invoke&apos; &apos;(Ljava/lang/Object;[Ljava/lang/Object;)Ljava/lang/Object;&apos; in &apos;java/lang/reflect/Method&apos; - invokeinterface @ bci 56 sp = 0x0000000306010448
     {method} {0x000000010e9b94c8} &apos;invoke&apos; &apos;(Ljava/lang/Object;[Ljava/lang/Object;)Ljava/lang/Object;&apos; in &apos;sun/reflect/DelegatingMethodAccessorImpl&apos; - invokevirtual @ bci 6 sp = 0x00000003060103e0
<uncommon_trap thread='9475' reason='class_check' action='maybe_recompile' compile_id='1857' compiler='C2' count='1' state='class_check' stamp='13.449'>
Uncommon trap occurred in java.lang.reflect.Method::invoke (@0x0000000112056be8) thread=9475 reason=class_check action=maybe_recompile unloaded_class_index=-1
<jvms bci='6' method='sun/reflect/DelegatingMethodAccessorImpl invoke (Ljava/lang/Object;[Ljava/lang/Object;)Ljava/lang/Object;' bytes='10' count='2' backedge_count='1' iicount='5' class_check_traps='1'/>
<jvms bci='56' method='java/lang/reflect/Method invoke (Ljava/lang/Object;[Ljava/lang/Object;)Ljava/lang/Object;' bytes='62' count='2' backedge_count='1' iicount='5'/>
</uncommon_trap>
DEOPT PACKING thread 0x00007f9cf0010800 Compiled frame (sp=0x0000000306010520 unextended sp=0x0000000306010520, fp=0x00000000f2b3f89f, real_fp=0x0000000306010560, pc=0x0000000112056be8)
     nmethod  13448 1857             java.lang.reflect.Method::invoke (62 bytes)

     Virtual frames (innermost first):
        0 - frame( sp=0x0000000306010520, unextended_sp=0x0000000306010520, fp=0x00000000f2b3f89f, pc=0x0000000112056be8)
sun.reflect.DelegatingMethodAccessorImpl.invoke(DelegatingMethodAccessorImpl.java:43) - invokevirtual @ bci 6 
        1 - frame( sp=0x0000000306010520, unextended_sp=0x0000000306010520, fp=0x00000000f2b3f89f, pc=0x0000000112056be8)
java.lang.reflect.Method.invoke(Method.java:498) - invokeinterface @ bci 56 
     Created vframeArray 0x00007f9cef07a020
DEOPT UNPACKING thread 0x00007f9cf0010800 vframeArray 0x00007f9cef07a020 mode 2
     {method} {0x000000010e4506f8} &apos;invoke&apos; &apos;(Ljava/lang/Object;[Ljava/lang/Object;)Ljava/lang/Object;&apos; in &apos;java/lang/reflect/Method&apos; - invokeinterface @ bci 56 sp = 0x00000003060104d8
     {method} {0x000000010e9b94c8} &apos;invoke&apos; &apos;(Ljava/lang/Object;[Ljava/lang/Object;)Ljava/lang/Object;&apos; in &apos;sun/reflect/DelegatingMethodAccessorImpl&apos; - invokevirtual @ bci 6 sp = 0x0000000306010470
<uncommon_trap thread='9475' reason='class_check' action='maybe_recompile' compile_id='1857' compiler='C2' count='2' state='class_check' stamp='13.449'>
Uncommon trap occurred in java.lang.reflect.Method::invoke (@0x0000000112056be8) thread=9475 reason=class_check action=maybe_recompile unloaded_class_index=-1
<jvms bci='6' method='sun/reflect/DelegatingMethodAccessorImpl invoke (Ljava/lang/Object;[Ljava/lang/Object;)Ljava/lang/Object;' bytes='10' count='2' backedge_count='1' iicount='5' class_check_traps='2'/>
<jvms bci='56' method='java/lang/reflect/Method invoke (Ljava/lang/Object;[Ljava/lang/Object;)Ljava/lang/Object;' bytes='62' count='2' backedge_count='1' iicount='5'/>
</uncommon_trap>
DEOPT PACKING thread 0x00007f9cf0010800 Compiled frame (sp=0x0000000306010470 unextended sp=0x0000000306010470, fp=0x00000000f2b3f89f, real_fp=0x00000003060104b0, pc=0x0000000112056be8)
     nmethod  13449 1857             java.lang.reflect.Method::invoke (62 bytes)

     Virtual frames (innermost first):
        0 - frame( sp=0x0000000306010470, unextended_sp=0x0000000306010470, fp=0x00000000f2b3f89f, pc=0x0000000112056be8)
sun.reflect.DelegatingMethodAccessorImpl.invoke(DelegatingMethodAccessorImpl.java:43) - invokevirtual @ bci 6 
        1 - frame( sp=0x0000000306010470, unextended_sp=0x0000000306010470, fp=0x00000000f2b3f89f, pc=0x0000000112056be8)
java.lang.reflect.Method.invoke(Method.java:498) - invokeinterface @ bci 56 
     Created vframeArray 0x00007f9cf0076220
DEOPT UNPACKING thread 0x00007f9cf0010800 vframeArray 0x00007f9cf0076220 mode 2
     {method} {0x000000010e4506f8} &apos;invoke&apos; &apos;(Ljava/lang/Object;[Ljava/lang/Object;)Ljava/lang/Object;&apos; in &apos;java/lang/reflect/Method&apos; - invokeinterface @ bci 56 sp = 0x0000000306010428
     {method} {0x000000010e9b94c8} &apos;invoke&apos; &apos;(Ljava/lang/Object;[Ljava/lang/Object;)Ljava/lang/Object;&apos; in &apos;sun/reflect/DelegatingMethodAccessorImpl&apos; - invokevirtual @ bci 6 sp = 0x00000003060103c0
<uncommon_trap thread='9475' reason='bimorphic' action='maybe_recompile' compile_id='1450' compiler='C2' state='class_check recompiled' stamp='13.450'>
Uncommon trap occurred in java.util.Arrays::equals (@0x0000000111f82614) thread=9475 reason=bimorphic action=maybe_recompile unloaded_class_index=-1
<jvms bci='62' method='java/util/Arrays equals ([Ljava/lang/Object;[Ljava/lang/Object;)Z' bytes='78' count='2' backedge_count='9' iicount='3' decompiles='1' class_check_traps='4'/>
</uncommon_trap>
DEOPT PACKING thread 0x00007f9cf0010800 Compiled frame (sp=0x0000000306010330 unextended sp=0x0000000306010330, fp=0x0000000000000001, real_fp=0x0000000306010380, pc=0x0000000111f82614)
     nmethod  13450 1450             java.util.Arrays::equals (78 bytes)

     Virtual frames (innermost first):
        0 - frame( sp=0x0000000306010330, unextended_sp=0x0000000306010330, fp=0x0000000000000001, pc=0x0000000111f82614)
java.util.Arrays.equals(Arrays.java:2829) - invokevirtual @ bci 62 
     Created vframeArray 0x00007f9cef07a020
DEOPT UNPACKING thread 0x00007f9cf0010800 vframeArray 0x00007f9cef07a020 mode 2
     {method} {0x000000010e573a08} &apos;equals&apos; &apos;([Ljava/lang/Object;[Ljava/lang/Object;)Z&apos; in &apos;java/util/Arrays&apos; - invokevirtual @ bci 62 sp = 0x0000000306010300
<uncommon_trap thread='9475' reason='class_check' action='maybe_recompile' compile_id='1857' compiler='C2' count='3' state='class_check' stamp='13.452'>
Uncommon trap occurred in java.lang.reflect.Method::invoke (@0x0000000112056be8) thread=9475 reason=class_check action=maybe_recompile unloaded_class_index=-1
<jvms bci='6' method='sun/reflect/DelegatingMethodAccessorImpl invoke (Ljava/lang/Object;[Ljava/lang/Object;)Ljava/lang/Object;' bytes='10' count='2' backedge_count='1' iicount='5' class_check_traps='3'/>
<jvms bci='56' method='java/lang/reflect/Method invoke (Ljava/lang/Object;[Ljava/lang/Object;)Ljava/lang/Object;' bytes='62' count='2' backedge_count='1' iicount='5'/>
</uncommon_trap>
DEOPT PACKING thread 0x00007f9cf0010800 Compiled frame (sp=0x0000000306010370 unextended sp=0x0000000306010370, fp=0x00000000f2b4006f, real_fp=0x00000003060103b0, pc=0x0000000112056be8)
     nmethod  13451 1857             java.lang.reflect.Method::invoke (62 bytes)

     Virtual frames (innermost first):
        0 - frame( sp=0x0000000306010370, unextended_sp=0x0000000306010370, fp=0x00000000f2b4006f, pc=0x0000000112056be8)
sun.reflect.DelegatingMethodAccessorImpl.invoke(DelegatingMethodAccessorImpl.java:43) - invokevirtual @ bci 6 
        1 - frame( sp=0x0000000306010370, unextended_sp=0x0000000306010370, fp=0x00000000f2b4006f, pc=0x0000000112056be8)
java.lang.reflect.Method.invoke(Method.java:498) - invokeinterface @ bci 56 
     Created vframeArray 0x00007f9cdf051620
DEOPT UNPACKING thread 0x00007f9cf0010800 vframeArray 0x00007f9cdf051620 mode 2
     {method} {0x000000010e4506f8} &apos;invoke&apos; &apos;(Ljava/lang/Object;[Ljava/lang/Object;)Ljava/lang/Object;&apos; in &apos;java/lang/reflect/Method&apos; - invokeinterface @ bci 56 sp = 0x0000000306010328
     {method} {0x000000010e9b94c8} &apos;invoke&apos; &apos;(Ljava/lang/Object;[Ljava/lang/Object;)Ljava/lang/Object;&apos; in &apos;sun/reflect/DelegatingMethodAccessorImpl&apos; - invokevirtual @ bci 6 sp = 0x00000003060102c0
<uncommon_trap thread='9475' reason='class_check' action='maybe_recompile' compile_id='1858' compiler='C2' count='4' state='class_check recompiled' stamp='13.452'>
Uncommon trap occurred in sun.reflect.DelegatingMethodAccessorImpl::invoke (@0x00000001120582b4) thread=9475 reason=class_check action=maybe_recompile unloaded_class_index=-1
<jvms bci='6' method='sun/reflect/DelegatingMethodAccessorImpl invoke (Ljava/lang/Object;[Ljava/lang/Object;)Ljava/lang/Object;' bytes='10' count='2' backedge_count='1' iicount='5' class_check_traps='4'/>
</uncommon_trap>
DEOPT PACKING thread 0x00007f9cf0010800 Compiled frame (sp=0x0000000306010410 unextended sp=0x0000000306010410, fp=0x00000000f2b4006f, real_fp=0x0000000306010440, pc=0x00000001120582b4)
     nmethod  13452 1858             sun.reflect.DelegatingMethodAccessorImpl::invoke (10 bytes)

     Virtual frames (innermost first):
        0 - frame( sp=0x0000000306010410, unextended_sp=0x0000000306010410, fp=0x00000000f2b4006f, pc=0x00000001120582b4)
sun.reflect.DelegatingMethodAccessorImpl.invoke(DelegatingMethodAccessorImpl.java:43) - invokevirtual @ bci 6 
     Created vframeArray 0x00007f9cef07a020
DEOPT UNPACKING thread 0x00007f9cf0010800 vframeArray 0x00007f9cef07a020 mode 2
     {method} {0x000000010e9b94c8} &apos;invoke&apos; &apos;(Ljava/lang/Object;[Ljava/lang/Object;)Ljava/lang/Object;&apos; in &apos;sun/reflect/DelegatingMethodAccessorImpl&apos; - invokevirtual @ bci 6 sp = 0x00000003060103d8
<uncommon_trap thread='9475' reason='class_check' action='maybe_recompile' compile_id='1898' compiler='C2' count='4' stamp='13.461'>
Uncommon trap occurred in org.springframework.core.SerializableTypeWrapper$TypeProxyInvocationHandler::invoke (@0x000000011207374c) thread=9475 reason=class_check action=maybe_recompile unloaded_class_index=-1
<jvms bci='314' method='org/springframework/core/SerializableTypeWrapper$TypeProxyInvocationHandler invoke (Ljava/lang/Object;Ljava/lang/reflect/Method;[Ljava/lang/Object;)Ljava/lang/Object;' bytes='324' count='2' backedge_count='2' iicount='8' decompiles='2' class_check_traps='4' unloaded_traps='1'/>
</uncommon_trap>
DEOPT PACKING thread 0x00007f9cf0010800 Compiled frame (sp=0x0000000306010460 unextended sp=0x0000000306010460, fp=0x00000000f2b400ee, real_fp=0x0000000306010500, pc=0x000000011207374c)
     nmethod  13460 1898             org.springframework.core.SerializableTypeWrapper$TypeProxyInvocationHandler::invoke (324 bytes)

     Virtual frames (innermost first):
        0 - frame( sp=0x0000000306010460, unextended_sp=0x0000000306010460, fp=0x00000000f2b400ee, pc=0x000000011207374c)
org.springframework.core.SerializableTypeWrapper$TypeProxyInvocationHandler.invoke(SerializableTypeWrapper.java:217) - invokeinterface @ bci 314 
     Created vframeArray 0x00007f9cf086cc20
DEOPT UNPACKING thread 0x00007f9cf0010800 vframeArray 0x00007f9cf086cc20 mode 2
     {method} {0x000000010e9ad9a0} &apos;invoke&apos; &apos;(Ljava/lang/Object;Ljava/lang/reflect/Method;[Ljava/lang/Object;)Ljava/lang/Object;&apos; in &apos;org/springframework/core/SerializableTypeWrapper$TypeProxyInvocationHandler&apos; - invokeinterface @ bci 314 sp = 0x0000000306010468
<uncommon_trap thread='9475' reason='class_check' action='maybe_recompile' compile_id='1898' compiler='C2' count='5' state='class_check' stamp='13.462'>
Uncommon trap occurred in org.springframework.core.SerializableTypeWrapper$TypeProxyInvocationHandler::invoke (@0x000000011207374c) thread=9475 reason=class_check action=maybe_recompile unloaded_class_index=-1
<jvms bci='314' method='org/springframework/core/SerializableTypeWrapper$TypeProxyInvocationHandler invoke (Ljava/lang/Object;Ljava/lang/reflect/Method;[Ljava/lang/Object;)Ljava/lang/Object;' bytes='324' count='2' backedge_count='2' iicount='8' decompiles='2' class_check_traps='5' unloaded_traps='1'/>
</uncommon_trap>
DEOPT PACKING thread 0x00007f9cf0010800 Compiled frame (sp=0x00000003060105a0 unextended sp=0x00000003060105a0, fp=0x00000000f2b400ee, real_fp=0x0000000306010640, pc=0x000000011207374c)
     nmethod  13462 1898             org.springframework.core.SerializableTypeWrapper$TypeProxyInvocationHandler::invoke (324 bytes)

     Virtual frames (innermost first):
        0 - frame( sp=0x00000003060105a0, unextended_sp=0x00000003060105a0, fp=0x00000000f2b400ee, pc=0x000000011207374c)
org.springframework.core.SerializableTypeWrapper$TypeProxyInvocationHandler.invoke(SerializableTypeWrapper.java:217) - invokeinterface @ bci 314 
     Created vframeArray 0x00007f9cef07a020
DEOPT UNPACKING thread 0x00007f9cf0010800 vframeArray 0x00007f9cef07a020 mode 2
     {method} {0x000000010e9ad9a0} &apos;invoke&apos; &apos;(Ljava/lang/Object;Ljava/lang/reflect/Method;[Ljava/lang/Object;)Ljava/lang/Object;&apos; in &apos;org/springframework/core/SerializableTypeWrapper$TypeProxyInvocationHandler&apos; - invokeinterface @ bci 314 sp = 0x00000003060105a8
<uncommon_trap thread='9475' reason='unstable_if' action='reinterpret' compile_id='137' compiler='C2' stamp='13.761'>
Uncommon trap occurred in java.lang.StringCoding::encode (@0x0000000111ce0648) thread=9475 reason=unstable_if action=reinterpret unloaded_class_index=-1
<jvms bci='17' method='java/lang/ref/SoftReference get ()Ljava/lang/Object;' bytes='29' count='2' backedge_count='1' iicount='115'/>
<jvms bci='15' method='java/lang/StringCoding deref (Ljava/lang/ThreadLocal;)Ljava/lang/Object;' bytes='19' count='2' backedge_count='1' iicount='103'/>
<jvms bci='3' method='java/lang/StringCoding encode (Ljava/lang/String;[CII)[B' bytes='120' count='2' backedge_count='1' iicount='31'/>
</uncommon_trap>
DEOPT PACKING thread 0x00007f9cf0010800 Compiled frame (sp=0x000000030600e240 unextended sp=0x000000030600e240, fp=0x00000000ffffffff, real_fp=0x000000030600e290, pc=0x0000000111ce0648)
     nmethod  13761  137   !         java.lang.StringCoding::encode (120 bytes)

     Virtual frames (innermost first):
        0 - frame( sp=0x000000030600e240, unextended_sp=0x000000030600e240, fp=0x00000000ffffffff, pc=0x0000000111ce0648)
java.lang.ref.SoftReference.get(SoftReference.java:113) - ifeq @ bci 17 
        1 - frame( sp=0x000000030600e240, unextended_sp=0x000000030600e240, fp=0x00000000ffffffff, pc=0x0000000111ce0648)
java.lang.StringCoding.deref(StringCoding.java:66) - invokevirtual @ bci 15 
        2 - frame( sp=0x000000030600e240, unextended_sp=0x000000030600e240, fp=0x00000000ffffffff, pc=0x0000000111ce0648)
java.lang.StringCoding.encode(StringCoding.java:330) - invokestatic @ bci 3 
     Created vframeArray 0x00007f9cf00aa220
DEOPT UNPACKING thread 0x00007f9cf0010800 vframeArray 0x00007f9cf00aa220 mode 2
     {method} {0x000000010e58afb0} &apos;encode&apos; &apos;(Ljava/lang/String;[CII)[B&apos; in &apos;java/lang/StringCoding&apos; - invokestatic @ bci 3 sp = 0x000000030600e1f8
     {method} {0x000000010e58a408} &apos;deref&apos; &apos;(Ljava/lang/ThreadLocal;)Ljava/lang/Object;&apos; in &apos;java/lang/StringCoding&apos; - invokevirtual @ bci 15 sp = 0x000000030600e198
     {method} {0x000000010e431320} &apos;get&apos; &apos;()Ljava/lang/Object;&apos; in &apos;java/lang/ref/SoftReference&apos; - ifeq @ bci 17 sp = 0x000000030600e140
<uncommon_trap thread='9475' reason='unstable_if' action='reinterpret' compile_id='158' compiler='C2' count='1' state='intrinsic recompiled' stamp='13.781'>
Uncommon trap occurred in java.lang.Class::reflectionData (@0x0000000111cec76c) thread=9475 reason=unstable_if action=reinterpret unloaded_class_index=-1
<jvms bci='17' method='java/lang/ref/SoftReference get ()Ljava/lang/Object;' bytes='29' count='1' backedge_count='1' iicount='115' unstable_if_traps='1'/>
<jvms bci='21' method='java/lang/Class reflectionData ()Ljava/lang/Class$ReflectionData;' bytes='49' count='2' backedge_count='1' iicount='15'/>
</uncommon_trap>
DEOPT PACKING thread 0x00007f9cf0010800 Compiled frame (sp=0x0000000306010490 unextended sp=0x0000000306010490, fp=0x00000000ffffffff, real_fp=0x00000003060104d0, pc=0x0000000111cec76c)
     nmethod  13780  158             java.lang.Class::reflectionData (49 bytes)

     Virtual frames (innermost first):
        0 - frame( sp=0x0000000306010490, unextended_sp=0x0000000306010490, fp=0x00000000ffffffff, pc=0x0000000111cec76c)
java.lang.ref.SoftReference.get(SoftReference.java:113) - ifeq @ bci 17 
        1 - frame( sp=0x0000000306010490, unextended_sp=0x0000000306010490, fp=0x00000000ffffffff, pc=0x0000000111cec76c)
java.lang.Class.reflectionData(Class.java:2497) - invokevirtual @ bci 21 
     Created vframeArray 0x00007f9cf00a0620
DEOPT UNPACKING thread 0x00007f9cf0010800 vframeArray 0x00007f9cf00a0620 mode 2
     {method} {0x000000010e412598} &apos;reflectionData&apos; &apos;()Ljava/lang/Class$ReflectionData;&apos; in &apos;java/lang/Class&apos; - invokevirtual @ bci 21 sp = 0x0000000306010450
     {method} {0x000000010e431320} &apos;get&apos; &apos;()Ljava/lang/Object;&apos; in &apos;java/lang/ref/SoftReference&apos; - ifeq @ bci 17 sp = 0x00000003060103f8
<uncommon_trap thread='9475' reason='unstable_if' action='reinterpret' compile_id='141' compiler='C2' count='2' state='intrinsic recompiled' stamp='13.786'>
Uncommon trap occurred in java.lang.ref.SoftReference::get (@0x0000000111ce34fc) thread=9475 reason=unstable_if action=reinterpret unloaded_class_index=-1
<jvms bci='17' method='java/lang/ref/SoftReference get ()Ljava/lang/Object;' bytes='29' count='1' backedge_count='1' iicount='115' unstable_if_traps='2'/>
</uncommon_trap>
DEOPT PACKING thread 0x00007f9cf0010800 Compiled frame (sp=0x00000003060103a0 unextended sp=0x00000003060103a0, fp=0x00000000ffffffff, real_fp=0x00000003060103d0, pc=0x0000000111ce34fc)
     nmethod  13785  141             java.lang.ref.SoftReference::get (29 bytes)

     Virtual frames (innermost first):
        0 - frame( sp=0x00000003060103a0, unextended_sp=0x00000003060103a0, fp=0x00000000ffffffff, pc=0x0000000111ce34fc)
java.lang.ref.SoftReference.get(SoftReference.java:113) - ifeq @ bci 17 
     Created vframeArray 0x00007f9cef07a020
DEOPT UNPACKING thread 0x00007f9cf0010800 vframeArray 0x00007f9cef07a020 mode 2
     {method} {0x000000010e431320} &apos;get&apos; &apos;()Ljava/lang/Object;&apos; in &apos;java/lang/ref/SoftReference&apos; - ifeq @ bci 17 sp = 0x0000000306010370
<uncommon_trap thread='9475' reason='predicate' action='maybe_recompile' compile_id='1942' compiler='C2' stamp='13.789'>
Uncommon trap occurred in org.springframework.core.ResolvableType::resolveVariable (@0x0000000111eb93bc) thread=9475 reason=predicate action=maybe_recompile unloaded_class_index=-1
<jvms bci='65' method='org/springframework/core/ResolvableType resolveVariable (Ljava/lang/reflect/TypeVariable;)Lorg/springframework/core/ResolvableType;' bytes='186' count='2' backedge_count='1' iicount='5'/>
</uncommon_trap>
DEOPT PACKING thread 0x00007f9cf0010800 Compiled frame (sp=0x0000000306010420 unextended sp=0x0000000306010420, fp=0x0000000795583c88, real_fp=0x0000000306010480, pc=0x0000000111eb93bc)
     nmethod  13788 1942             org.springframework.core.ResolvableType::resolveVariable (186 bytes)

     Virtual frames (innermost first):
        0 - frame( sp=0x0000000306010420, unextended_sp=0x0000000306010420, fp=0x0000000795583c88, pc=0x0000000111eb93bc)
org.springframework.core.ResolvableType.resolveVariable(ResolvableType.java:898) - aload @ bci 65 
     Created vframeArray 0x00007f9cf086cc20
DEOPT UNPACKING thread 0x00007f9cf0010800 vframeArray 0x00007f9cf086cc20 mode 2
     {method} {0x000000010e984860} &apos;resolveVariable&apos; &apos;(Ljava/lang/reflect/TypeVariable;)Lorg/springframework/core/ResolvableType;&apos; in &apos;org/springframework/core/ResolvableType&apos; - aload @ bci 65 sp = 0x00000003060103f8
<uncommon_trap thread='9475' reason='unloaded' action='reinterpret' index='319' compile_id='1763' compiler='C2' unresolved='1' name='sun/reflect/generics/tree/BottomSignature' stamp='13.791'>
Uncommon trap occurred in sun.reflect.generics.parser.SignatureParser::parseTypeArgument (@0x000000011201d5d4) thread=9475 reason=unloaded action=reinterpret unloaded_class_index=319 unresolved class: sun/reflect/generics/tree/BottomSignature
<jvms bci='65' method='sun/reflect/generics/parser/SignatureParser parseTypeArgument ()Lsun/reflect/generics/tree/TypeArgument;' bytes='133' count='2' backedge_count='1' iicount='5'/>
</uncommon_trap>
REALLOC OBJECTS in thread 0x00007f9cf0010800
     object &lt;0x0000000795585a48&gt; of type &apos;sun/reflect/generics/tree/FieldTypeSignature&apos;[] allocated (24 bytes)
     object &lt;0x0000000795585a60&gt; of type &apos;sun/reflect/generics/tree/FieldTypeSignature&apos;[] allocated (24 bytes)
DEOPT PACKING thread 0x00007f9cf0010800 Compiled frame (sp=0x0000000306010440 unextended sp=0x0000000306010440, fp=0x00000007955859b8, real_fp=0x0000000306010470, pc=0x000000011201d5d4)
     nmethod  13793 1763             sun.reflect.generics.parser.SignatureParser::parseTypeArgument (133 bytes)

     Virtual frames (innermost first):
        0 - frame( sp=0x0000000306010440, unextended_sp=0x0000000306010440, fp=0x00000007955859b8, pc=0x000000011201d5d4)
sun.reflect.generics.parser.SignatureParser.parseTypeArgument(SignatureParser.java:404) - invokestatic @ bci 65 
     Created vframeArray 0x00007f9cef07a020
DEOPT UNPACKING thread 0x00007f9cf0010800 vframeArray 0x00007f9cef07a020 mode 2
     {method} {0x000000010e97d200} &apos;parseTypeArgument&apos; &apos;()Lsun/reflect/generics/tree/TypeArgument;&apos; in &apos;sun/reflect/generics/parser/SignatureParser&apos; - invokestatic @ bci 65 sp = 0x00000003060103e8
<uncommon_trap thread='9475' reason='bimorphic' action='maybe_recompile' compile_id='1961' compiler='C2' state='class_check recompiled' stamp='13.795'>
Uncommon trap occurred in sun.reflect.generics.visitor.Reifier::reifyTypeArguments (@0x0000000111eabe40) thread=9475 reason=bimorphic action=maybe_recompile unloaded_class_index=-1
<jvms bci='18' method='sun/reflect/generics/visitor/Reifier reifyTypeArguments ([Lsun/reflect/generics/tree/TypeArgument;)[Ljava/lang/reflect/Type;' bytes='38' count='2' backedge_count='5' iicount='5' decompiles='1' class_check_traps='4'/>
</uncommon_trap>
DEOPT PACKING thread 0x00007f9cf0010800 Compiled frame (sp=0x00000003060104a0 unextended sp=0x00000003060104a0, fp=0x0000000795585b30, real_fp=0x00000003060104f0, pc=0x0000000111eabe40)
     nmethod  13795 1961             sun.reflect.generics.visitor.Reifier::reifyTypeArguments (38 bytes)

     Virtual frames (innermost first):
        0 - frame( sp=0x00000003060104a0, unextended_sp=0x00000003060104a0, fp=0x0000000795585b30, pc=0x0000000111eabe40)
sun.reflect.generics.visitor.Reifier.reifyTypeArguments(Reifier.java:68) - invokeinterface @ bci 18 
     Created vframeArray 0x00007f9cef077a20
DEOPT UNPACKING thread 0x00007f9cf0010800 vframeArray 0x00007f9cef077a20 mode 2
     {method} {0x000000010e997af8} &apos;reifyTypeArguments&apos; &apos;([Lsun/reflect/generics/tree/TypeArgument;)[Ljava/lang/reflect/Type;&apos; in &apos;sun/reflect/generics/visitor/Reifier&apos; - invokeinterface @ bci 18 sp = 0x0000000306010470
<dependency_failed type='abstract_with_unique_concrete_subtype' ctxk='sun/reflect/generics/reflectiveObjects/LazyReflectiveObjectGenerator' x='sun/reflect/generics/reflectiveObjects/TypeVariableImpl' witness='sun/reflect/generics/reflectiveObjects/WildcardTypeImpl' stamp='13.796'/>
<dependency_failed type='abstract_with_unique_concrete_subtype' ctxk='sun/reflect/generics/reflectiveObjects/LazyReflectiveObjectGenerator' x='sun/reflect/generics/reflectiveObjects/TypeVariableImpl' witness='sun/reflect/generics/reflectiveObjects/WildcardTypeImpl' stamp='13.796'/>
<dependency_failed type='abstract_with_unique_concrete_subtype' ctxk='sun/reflect/generics/reflectiveObjects/LazyReflectiveObjectGenerator' x='sun/reflect/generics/reflectiveObjects/TypeVariableImpl' witness='sun/reflect/generics/reflectiveObjects/WildcardTypeImpl' stamp='13.796'/>
<dependency_failed type='abstract_with_unique_concrete_subtype' ctxk='sun/reflect/generics/reflectiveObjects/LazyReflectiveObjectGenerator' x='sun/reflect/generics/reflectiveObjects/TypeVariableImpl' witness='sun/reflect/generics/reflectiveObjects/WildcardTypeImpl' stamp='13.796'/>
<dependency_failed type='abstract_with_unique_concrete_subtype' ctxk='sun/reflect/generics/reflectiveObjects/LazyReflectiveObjectGenerator' x='sun/reflect/generics/reflectiveObjects/TypeVariableImpl' witness='sun/reflect/generics/reflectiveObjects/WildcardTypeImpl' stamp='13.796'/>
<dependency_failed type='abstract_with_unique_concrete_subtype' ctxk='sun/reflect/generics/reflectiveObjects/LazyReflectiveObjectGenerator' x='sun/reflect/generics/reflectiveObjects/TypeVariableImpl' witness='sun/reflect/generics/reflectiveObjects/WildcardTypeImpl' stamp='13.796'/>
<writer thread='21283'/>
<uncommon_trap thread='21283' reason='class_check' action='maybe_recompile' compile_id='2045' compiler='C2' stamp='13.807'>
Uncommon trap occurred in java.lang.ref.ReferenceQueue::enqueue (@0x0000000111ea41ec) thread=21283 reason=class_check action=maybe_recompile unloaded_class_index=-1
<jvms bci='91' method='java/lang/ref/ReferenceQueue enqueue (Ljava/lang/ref/Reference;)Z' bytes='119' count='3' backedge_count='1' iicount='6'/>
</uncommon_trap>
DEOPT PACKING thread 0x00007f9cef01f000 Compiled frame (sp=0x0000000306a2e780 unextended sp=0x0000000306a2e780, fp=0x00000007400aea80, real_fp=0x0000000306a2e7d0, pc=0x0000000111ea41ec)
     nmethod  13807 2045   !         java.lang.ref.ReferenceQueue::enqueue (119 bytes)

     Virtual frames (innermost first):
        0 - frame( sp=0x0000000306a2e780, unextended_sp=0x0000000306a2e780, fp=0x00000007400aea80, pc=0x0000000111ea41ec)
java.lang.ref.ReferenceQueue.enqueue(ReferenceQueue.java:72) - instanceof @ bci 91 
     Created vframeArray 0x00007f9cef07a020
DEOPT UNPACKING thread 0x00007f9cef01f000 vframeArray 0x00007f9cef07a020 mode 2
     {method} {0x000000010e433620} &apos;enqueue&apos; &apos;(Ljava/lang/ref/Reference;)Z&apos; in &apos;java/lang/ref/ReferenceQueue&apos; - instanceof @ bci 91 sp = 0x0000000306a2e740
<uncommon_trap thread='21283' reason='class_check' action='maybe_recompile' compile_id='2045' compiler='C2' count='1' state='class_check' stamp='13.808'>
Uncommon trap occurred in java.lang.ref.ReferenceQueue::enqueue (@0x0000000111ea41ec) thread=21283 reason=class_check action=maybe_recompile unloaded_class_index=-1
<jvms bci='91' method='java/lang/ref/ReferenceQueue enqueue (Ljava/lang/ref/Reference;)Z' bytes='119' count='3' backedge_count='1' iicount='6' class_check_traps='1'/>
</uncommon_trap>
DEOPT PACKING thread 0x00007f9cef01f000 Compiled frame (sp=0x0000000306a2e780 unextended sp=0x0000000306a2e780, fp=0x00000007400aea80, real_fp=0x0000000306a2e7d0, pc=0x0000000111ea41ec)
     nmethod  13807 2045   !         java.lang.ref.ReferenceQueue::enqueue (119 bytes)

     Virtual frames (innermost first):
        0 - frame( sp=0x0000000306a2e780, unextended_sp=0x0000000306a2e780, fp=0x00000007400aea80, pc=0x0000000111ea41ec)
java.lang.ref.ReferenceQueue.enqueue(ReferenceQueue.java:72) - instanceof @ bci 91 
     Created vframeArray 0x00007f9cf086cc20
DEOPT UNPACKING thread 0x00007f9cef01f000 vframeArray 0x00007f9cf086cc20 mode 2
     {method} {0x000000010e433620} &apos;enqueue&apos; &apos;(Ljava/lang/ref/Reference;)Z&apos; in &apos;java/lang/ref/ReferenceQueue&apos; - instanceof @ bci 91 sp = 0x0000000306a2e740
<uncommon_trap thread='21283' reason='class_check' action='maybe_recompile' compile_id='2045' compiler='C2' count='2' state='class_check' stamp='13.808'>
Uncommon trap occurred in java.lang.ref.ReferenceQueue::enqueue (@0x0000000111ea41ec) thread=21283 reason=class_check action=maybe_recompile unloaded_class_index=-1
<jvms bci='91' method='java/lang/ref/ReferenceQueue enqueue (Ljava/lang/ref/Reference;)Z' bytes='119' count='3' backedge_count='1' iicount='6' class_check_traps='2'/>
</uncommon_trap>
DEOPT PACKING thread 0x00007f9cef01f000 Compiled frame (sp=0x0000000306a2e780 unextended sp=0x0000000306a2e780, fp=0x00000007400aea80, real_fp=0x0000000306a2e7d0, pc=0x0000000111ea41ec)
     nmethod  13808 2045   !         java.lang.ref.ReferenceQueue::enqueue (119 bytes)

     Virtual frames (innermost first):
        0 - frame( sp=0x0000000306a2e780, unextended_sp=0x0000000306a2e780, fp=0x00000007400aea80, pc=0x0000000111ea41ec)
java.lang.ref.ReferenceQueue.enqueue(ReferenceQueue.java:72) - instanceof @ bci 91 
     Created vframeArray 0x00007f9cdf051020
DEOPT UNPACKING thread 0x00007f9cef01f000 vframeArray 0x00007f9cdf051020 mode 2
     {method} {0x000000010e433620} &apos;enqueue&apos; &apos;(Ljava/lang/ref/Reference;)Z&apos; in &apos;java/lang/ref/ReferenceQueue&apos; - instanceof @ bci 91 sp = 0x0000000306a2e740
<uncommon_trap thread='21283' reason='class_check' action='maybe_recompile' compile_id='2045' compiler='C2' count='3' state='class_check' stamp='13.808'>
Uncommon trap occurred in java.lang.ref.ReferenceQueue::enqueue (@0x0000000111ea41ec) thread=21283 reason=class_check action=maybe_recompile unloaded_class_index=-1
<jvms bci='91' method='java/lang/ref/ReferenceQueue enqueue (Ljava/lang/ref/Reference;)Z' bytes='119' count='3' backedge_count='1' iicount='6' class_check_traps='3'/>
</uncommon_trap>
DEOPT PACKING thread 0x00007f9cef01f000 Compiled frame (sp=0x0000000306a2e780 unextended sp=0x0000000306a2e780, fp=0x00000007400aea80, real_fp=0x0000000306a2e7d0, pc=0x0000000111ea41ec)
     nmethod  13808 2045   !         java.lang.ref.ReferenceQueue::enqueue (119 bytes)

     Virtual frames (innermost first):
        0 - frame( sp=0x0000000306a2e780, unextended_sp=0x0000000306a2e780, fp=0x00000007400aea80, pc=0x0000000111ea41ec)
java.lang.ref.ReferenceQueue.enqueue(ReferenceQueue.java:72) - instanceof @ bci 91 
     Created vframeArray 0x00007f9cf086cc20
DEOPT UNPACKING thread 0x00007f9cef01f000 vframeArray 0x00007f9cf086cc20 mode 2
     {method} {0x000000010e433620} &apos;enqueue&apos; &apos;(Ljava/lang/ref/Reference;)Z&apos; in &apos;java/lang/ref/ReferenceQueue&apos; - instanceof @ bci 91 sp = 0x0000000306a2e740
<writer thread='17439'/>
<uncommon_trap thread='17439' reason='bimorphic' action='maybe_recompile' compile_id='2054' compiler='C2' stamp='13.889'>
Uncommon trap occurred in java.lang.ref.Finalizer::runFinalizer (@0x0000000111e2de40) thread=17439 reason=bimorphic action=maybe_recompile unloaded_class_index=-1
<jvms bci='1' method='java/lang/System$2 invokeFinalize (Ljava/lang/Object;)V' bytes='5' count='2' backedge_count='1' iicount='5'/>
<jvms bci='46' method='java/lang/ref/Finalizer runFinalizer (Lsun/misc/JavaLangAccess;)V' bytes='62' count='2' backedge_count='1' iicount='5'/>
</uncommon_trap>
DEOPT PACKING thread 0x00007f9cf0825800 Compiled frame (sp=0x0000000306b317a0 unextended sp=0x0000000306b317a0, fp=0x00000000e801b22c, real_fp=0x0000000306b317e0, pc=0x0000000111e2de40)
     nmethod  13889 2054   !         java.lang.ref.Finalizer::runFinalizer (62 bytes)

     Virtual frames (innermost first):
        0 - frame( sp=0x0000000306b317a0, unextended_sp=0x0000000306b317a0, fp=0x00000000e801b22c, pc=0x0000000111e2de40)
java.lang.System$2.invokeFinalize(System.java:1285) - invokevirtual @ bci 1 
        1 - frame( sp=0x0000000306b317a0, unextended_sp=0x0000000306b317a0, fp=0x00000000e801b22c, pc=0x0000000111e2de40)
java.lang.ref.Finalizer.runFinalizer(Finalizer.java:102) - invokeinterface @ bci 46 
     Created vframeArray 0x00007f9cf00a0620
DEOPT UNPACKING thread 0x00007f9cf0825800 vframeArray 0x00007f9cf00a0620 mode 2
     {method} {0x000000010e4329a8} &apos;runFinalizer&apos; &apos;(Lsun/misc/JavaLangAccess;)V&apos; in &apos;java/lang/ref/Finalizer&apos; - invokeinterface @ bci 46 sp = 0x0000000306b31760
     {method} {0x000000010e616d58} &apos;invokeFinalize&apos; &apos;(Ljava/lang/Object;)V&apos; in &apos;java/lang/System$2&apos; - invokevirtual @ bci 1 sp = 0x0000000306b31708
<uncommon_trap thread='17439' reason='bimorphic' action='maybe_recompile' compile_id='2054' compiler='C2' count='1' state='#7' stamp='13.890'>
Uncommon trap occurred in java.lang.ref.Finalizer::runFinalizer (@0x0000000111e2de40) thread=17439 reason=bimorphic action=maybe_recompile unloaded_class_index=-1
<jvms bci='1' method='java/lang/System$2 invokeFinalize (Ljava/lang/Object;)V' bytes='5' count='2' backedge_count='1' iicount='5' bimorphic_traps='1'/>
<jvms bci='46' method='java/lang/ref/Finalizer runFinalizer (Lsun/misc/JavaLangAccess;)V' bytes='62' count='2' backedge_count='1' iicount='5'/>
</uncommon_trap>
DEOPT PACKING thread 0x00007f9cf0825800 Compiled frame (sp=0x0000000306b317a0 unextended sp=0x0000000306b317a0, fp=0x00000000e801b228, real_fp=0x0000000306b317e0, pc=0x0000000111e2de40)
     nmethod  13890 2054   !         java.lang.ref.Finalizer::runFinalizer (62 bytes)

     Virtual frames (innermost first):
        0 - frame( sp=0x0000000306b317a0, unextended_sp=0x0000000306b317a0, fp=0x00000000e801b228, pc=0x0000000111e2de40)
java.lang.System$2.invokeFinalize(System.java:1285) - invokevirtual @ bci 1 
        1 - frame( sp=0x0000000306b317a0, unextended_sp=0x0000000306b317a0, fp=0x00000000e801b228, pc=0x0000000111e2de40)
java.lang.ref.Finalizer.runFinalizer(Finalizer.java:102) - invokeinterface @ bci 46 
     Created vframeArray 0x00007f9cef076220
DEOPT UNPACKING thread 0x00007f9cf0825800 vframeArray 0x00007f9cef076220 mode 2
     {method} {0x000000010e4329a8} &apos;runFinalizer&apos; &apos;(Lsun/misc/JavaLangAccess;)V&apos; in &apos;java/lang/ref/Finalizer&apos; - invokeinterface @ bci 46 sp = 0x0000000306b31760
     {method} {0x000000010e616d58} &apos;invokeFinalize&apos; &apos;(Ljava/lang/Object;)V&apos; in &apos;java/lang/System$2&apos; - invokevirtual @ bci 1 sp = 0x0000000306b31708
<uncommon_trap thread='17439' reason='bimorphic' action='maybe_recompile' compile_id='2054' compiler='C2' count='2' state='#7' stamp='13.891'>
Uncommon trap occurred in java.lang.ref.Finalizer::runFinalizer (@0x0000000111e2de40) thread=17439 reason=bimorphic action=maybe_recompile unloaded_class_index=-1
<jvms bci='1' method='java/lang/System$2 invokeFinalize (Ljava/lang/Object;)V' bytes='5' count='2' backedge_count='1' iicount='5' bimorphic_traps='2'/>
<jvms bci='46' method='java/lang/ref/Finalizer runFinalizer (Lsun/misc/JavaLangAccess;)V' bytes='62' count='2' backedge_count='1' iicount='5'/>
</uncommon_trap>
DEOPT PACKING thread 0x00007f9cf0825800 Compiled frame (sp=0x0000000306b317a0 unextended sp=0x0000000306b317a0, fp=0x00000000e801b224, real_fp=0x0000000306b317e0, pc=0x0000000111e2de40)
     nmethod  13890 2054   !         java.lang.ref.Finalizer::runFinalizer (62 bytes)

     Virtual frames (innermost first):
        0 - frame( sp=0x0000000306b317a0, unextended_sp=0x0000000306b317a0, fp=0x00000000e801b224, pc=0x0000000111e2de40)
java.lang.System$2.invokeFinalize(System.java:1285) - invokevirtual @ bci 1 
        1 - frame( sp=0x0000000306b317a0, unextended_sp=0x0000000306b317a0, fp=0x00000000e801b224, pc=0x0000000111e2de40)
java.lang.ref.Finalizer.runFinalizer(Finalizer.java:102) - invokeinterface @ bci 46 
     Created vframeArray 0x00007f9cf087d020
DEOPT UNPACKING thread 0x00007f9cf0825800 vframeArray 0x00007f9cf087d020 mode 2
     {method} {0x000000010e4329a8} &apos;runFinalizer&apos; &apos;(Lsun/misc/JavaLangAccess;)V&apos; in &apos;java/lang/ref/Finalizer&apos; - invokeinterface @ bci 46 sp = 0x0000000306b31760
     {method} {0x000000010e616d58} &apos;invokeFinalize&apos; &apos;(Ljava/lang/Object;)V&apos; in &apos;java/lang/System$2&apos; - invokevirtual @ bci 1 sp = 0x0000000306b31708
<uncommon_trap thread='17439' reason='bimorphic' action='maybe_recompile' compile_id='2054' compiler='C2' count='3' state='#7' stamp='13.892'>
Uncommon trap occurred in java.lang.ref.Finalizer::runFinalizer (@0x0000000111e2de40) thread=17439 reason=bimorphic action=maybe_recompile unloaded_class_index=-1
<jvms bci='1' method='java/lang/System$2 invokeFinalize (Ljava/lang/Object;)V' bytes='5' count='2' backedge_count='1' iicount='5' bimorphic_traps='3'/>
<jvms bci='46' method='java/lang/ref/Finalizer runFinalizer (Lsun/misc/JavaLangAccess;)V' bytes='62' count='2' backedge_count='1' iicount='5'/>
</uncommon_trap>
DEOPT PACKING thread 0x00007f9cf0825800 Compiled frame (sp=0x0000000306b317a0 unextended sp=0x0000000306b317a0, fp=0x00000000e801b220, real_fp=0x0000000306b317e0, pc=0x0000000111e2de40)
     nmethod  13891 2054   !         java.lang.ref.Finalizer::runFinalizer (62 bytes)

     Virtual frames (innermost first):
        0 - frame( sp=0x0000000306b317a0, unextended_sp=0x0000000306b317a0, fp=0x00000000e801b220, pc=0x0000000111e2de40)
java.lang.System$2.invokeFinalize(System.java:1285) - invokevirtual @ bci 1 
        1 - frame( sp=0x0000000306b317a0, unextended_sp=0x0000000306b317a0, fp=0x00000000e801b220, pc=0x0000000111e2de40)
java.lang.ref.Finalizer.runFinalizer(Finalizer.java:102) - invokeinterface @ bci 46 
     Created vframeArray 0x00007f9cef07a020
DEOPT UNPACKING thread 0x00007f9cf0825800 vframeArray 0x00007f9cef07a020 mode 2
     {method} {0x000000010e4329a8} &apos;runFinalizer&apos; &apos;(Lsun/misc/JavaLangAccess;)V&apos; in &apos;java/lang/ref/Finalizer&apos; - invokeinterface @ bci 46 sp = 0x0000000306b31760
     {method} {0x000000010e616d58} &apos;invokeFinalize&apos; &apos;(Ljava/lang/Object;)V&apos; in &apos;java/lang/System$2&apos; - invokevirtual @ bci 1 sp = 0x0000000306b31708
<uncommon_trap thread='17439' reason='bimorphic' action='maybe_recompile' compile_id='2059' compiler='C2' count='4' state='#15' stamp='13.893'>
Uncommon trap occurred in java.lang.System$2::invokeFinalize (@0x0000000111ecc134) thread=17439 reason=bimorphic action=maybe_recompile unloaded_class_index=-1
<jvms bci='1' method='java/lang/System$2 invokeFinalize (Ljava/lang/Object;)V' bytes='5' count='2' backedge_count='1' iicount='5' bimorphic_traps='4'/>
</uncommon_trap>
DEOPT PACKING thread 0x00007f9cf0825800 Compiled frame (sp=0x0000000306b31720 unextended sp=0x0000000306b31720, fp=0x00000007400d90e0, real_fp=0x0000000306b31740, pc=0x0000000111ecc134)
     nmethod  13892 2059             java.lang.System$2::invokeFinalize (5 bytes)

     Virtual frames (innermost first):
        0 - frame( sp=0x0000000306b31720, unextended_sp=0x0000000306b31720, fp=0x00000007400d90e0, pc=0x0000000111ecc134)
java.lang.System$2.invokeFinalize(System.java:1285) - invokevirtual @ bci 1 
     Created vframeArray 0x00007f9cdf065620
DEOPT UNPACKING thread 0x00007f9cf0825800 vframeArray 0x00007f9cdf065620 mode 2
     {method} {0x000000010e616d58} &apos;invokeFinalize&apos; &apos;(Ljava/lang/Object;)V&apos; in &apos;java/lang/System$2&apos; - invokevirtual @ bci 1 sp = 0x0000000306b316e8
<writer thread='9475'/>
<uncommon_trap thread='9475' reason='class_check' action='maybe_recompile' compile_id='2044' compiler='C2' stamp='13.897'>
Uncommon trap occurred in java.lang.ref.ReferenceQueue::reallyPoll (@0x0000000111d1af94) thread=9475 reason=class_check action=maybe_recompile unloaded_class_index=-1
<jvms bci='51' method='java/lang/ref/ReferenceQueue reallyPoll ()Ljava/lang/ref/Reference;' bytes='65' count='2' backedge_count='1' iicount='5'/>
</uncommon_trap>
DEOPT PACKING thread 0x00007f9cf0010800 Compiled frame (sp=0x0000000306010650 unextended sp=0x0000000306010650, fp=0x0000000740000260, real_fp=0x0000000306010680, pc=0x0000000111d1af94)
     nmethod  13897 2044             java.lang.ref.ReferenceQueue::reallyPoll (65 bytes)

     Virtual frames (innermost first):
        0 - frame( sp=0x0000000306010650, unextended_sp=0x0000000306010650, fp=0x0000000740000260, pc=0x0000000111d1af94)
java.lang.ref.ReferenceQueue.reallyPoll(ReferenceQueue.java:89) - instanceof @ bci 51 
     Created vframeArray 0x00007f9cf087d020
DEOPT UNPACKING thread 0x00007f9cf0010800 vframeArray 0x00007f9cf087d020 mode 2
     {method} {0x000000010e433730} &apos;reallyPoll&apos; &apos;()Ljava/lang/ref/Reference;&apos; in &apos;java/lang/ref/ReferenceQueue&apos; - instanceof @ bci 51 sp = 0x0000000306010610
<uncommon_trap thread='9475' reason='null_check' action='make_not_entrant' compile_id='265' compiler='C2' stamp='13.898'>
Uncommon trap occurred in java.util.WeakHashMap::expungeStaleEntries (@0x0000000111d18e14) thread=9475 reason=null_check action=make_not_entrant unloaded_class_index=-1
<jvms bci='83' method='java/util/WeakHashMap expungeStaleEntries ()V' bytes='139' count='2' backedge_count='1' iicount='13'/>
</uncommon_trap>
DEOPT PACKING thread 0x00007f9cf0010800 Compiled frame (sp=0x00000003060106b0 unextended sp=0x00000003060106b0, fp=0x0000000740017fd8, real_fp=0x0000000306010710, pc=0x0000000111d18e14)
     nmethod  13897  265   !         java.util.WeakHashMap::expungeStaleEntries (139 bytes)

     Virtual frames (innermost first):
        0 - frame( sp=0x00000003060106b0, unextended_sp=0x00000003060106b0, fp=0x0000000740017fd8, pc=0x0000000111d18e14)
java.util.WeakHashMap.expungeStaleEntries(WeakHashMap.java:330) - aastore @ bci 83 
     Created vframeArray 0x00007f9cf00a0620
DEOPT UNPACKING thread 0x00007f9cf0010800 vframeArray 0x00007f9cf00a0620 mode 2
     {method} {0x000000010e5618d0} &apos;expungeStaleEntries&apos; &apos;()V&apos; in &apos;java/util/WeakHashMap&apos; - aastore @ bci 83 sp = 0x0000000306010650
<uncommon_trap thread='9475' reason='class_check' action='maybe_recompile' compile_id='2044' compiler='C2' count='1' state='class_check' stamp='13.898'>
Uncommon trap occurred in java.lang.ref.ReferenceQueue::reallyPoll (@0x0000000111d1af94) thread=9475 reason=class_check action=maybe_recompile unloaded_class_index=-1
<jvms bci='51' method='java/lang/ref/ReferenceQueue reallyPoll ()Ljava/lang/ref/Reference;' bytes='65' count='2' backedge_count='1' iicount='5' class_check_traps='1'/>
</uncommon_trap>
DEOPT PACKING thread 0x00007f9cf0010800 Compiled frame (sp=0x00000003060105f0 unextended sp=0x00000003060105f0, fp=0x0000000740000260, real_fp=0x0000000306010620, pc=0x0000000111d1af94)
     nmethod  13898 2044             java.lang.ref.ReferenceQueue::reallyPoll (65 bytes)

     Virtual frames (innermost first):
        0 - frame( sp=0x00000003060105f0, unextended_sp=0x00000003060105f0, fp=0x0000000740000260, pc=0x0000000111d1af94)
java.lang.ref.ReferenceQueue.reallyPoll(ReferenceQueue.java:89) - instanceof @ bci 51 
     Created vframeArray 0x00007f9cf087d020
DEOPT UNPACKING thread 0x00007f9cf0010800 vframeArray 0x00007f9cf087d020 mode 2
     {method} {0x000000010e433730} &apos;reallyPoll&apos; &apos;()Ljava/lang/ref/Reference;&apos; in &apos;java/lang/ref/ReferenceQueue&apos; - instanceof @ bci 51 sp = 0x00000003060105b0
<uncommon_trap thread='9475' reason='class_check' action='maybe_recompile' compile_id='2044' compiler='C2' count='2' state='class_check' stamp='13.898'>
Uncommon trap occurred in java.lang.ref.ReferenceQueue::reallyPoll (@0x0000000111d1af94) thread=9475 reason=class_check action=maybe_recompile unloaded_class_index=-1
<jvms bci='51' method='java/lang/ref/ReferenceQueue reallyPoll ()Ljava/lang/ref/Reference;' bytes='65' count='2' backedge_count='1' iicount='5' class_check_traps='2'/>
</uncommon_trap>
DEOPT PACKING thread 0x00007f9cf0010800 Compiled frame (sp=0x00000003060105f0 unextended sp=0x00000003060105f0, fp=0x0000000740000260, real_fp=0x0000000306010620, pc=0x0000000111d1af94)
     nmethod  13898 2044             java.lang.ref.ReferenceQueue::reallyPoll (65 bytes)

     Virtual frames (innermost first):
        0 - frame( sp=0x00000003060105f0, unextended_sp=0x00000003060105f0, fp=0x0000000740000260, pc=0x0000000111d1af94)
java.lang.ref.ReferenceQueue.reallyPoll(ReferenceQueue.java:89) - instanceof @ bci 51 
     Created vframeArray 0x00007f9cf087e420
DEOPT UNPACKING thread 0x00007f9cf0010800 vframeArray 0x00007f9cf087e420 mode 2
     {method} {0x000000010e433730} &apos;reallyPoll&apos; &apos;()Ljava/lang/ref/Reference;&apos; in &apos;java/lang/ref/ReferenceQueue&apos; - instanceof @ bci 51 sp = 0x00000003060105b0
<uncommon_trap thread='9475' reason='class_check' action='maybe_recompile' compile_id='2044' compiler='C2' count='3' state='class_check' stamp='13.899'>
Uncommon trap occurred in java.lang.ref.ReferenceQueue::reallyPoll (@0x0000000111d1af94) thread=9475 reason=class_check action=maybe_recompile unloaded_class_index=-1
<jvms bci='51' method='java/lang/ref/ReferenceQueue reallyPoll ()Ljava/lang/ref/Reference;' bytes='65' count='2' backedge_count='1' iicount='5' class_check_traps='3'/>
</uncommon_trap>
DEOPT PACKING thread 0x00007f9cf0010800 Compiled frame (sp=0x00000003060105f0 unextended sp=0x00000003060105f0, fp=0x0000000740000260, real_fp=0x0000000306010620, pc=0x0000000111d1af94)
     nmethod  13898 2044             java.lang.ref.ReferenceQueue::reallyPoll (65 bytes)

     Virtual frames (innermost first):
        0 - frame( sp=0x00000003060105f0, unextended_sp=0x00000003060105f0, fp=0x0000000740000260, pc=0x0000000111d1af94)
java.lang.ref.ReferenceQueue.reallyPoll(ReferenceQueue.java:89) - instanceof @ bci 51 
     Created vframeArray 0x00007f9cf00a0620
DEOPT UNPACKING thread 0x00007f9cf0010800 vframeArray 0x00007f9cf00a0620 mode 2
     {method} {0x000000010e433730} &apos;reallyPoll&apos; &apos;()Ljava/lang/ref/Reference;&apos; in &apos;java/lang/ref/ReferenceQueue&apos; - instanceof @ bci 51 sp = 0x00000003060105b0
<writer thread='17439'/>
<uncommon_trap thread='17439' reason='null_check' action='make_not_entrant' compile_id='640' compiler='C2' stamp='13.920'>
Uncommon trap occurred in java.util.zip.ZipFile$ZipFileInflaterInputStream::close (@0x0000000111dcc8b0) thread=17439 reason=null_check action=make_not_entrant unloaded_class_index=-1
<jvms bci='40' method='java/util/zip/ZipFile$ZipFileInflaterInputStream close ()V' bytes='67' count='2' backedge_count='1' iicount='5'/>
</uncommon_trap>
DEOPT PACKING thread 0x00007f9cf0825800 Compiled frame (sp=0x0000000306b316f0 unextended sp=0x0000000306b316f0, fp=0x00000007400da838, real_fp=0x0000000306b31730, pc=0x0000000111dcc8b0)
     nmethod  13920  640   !         java.util.zip.ZipFile$ZipFileInflaterInputStream::close (67 bytes)

     Virtual frames (innermost first):
        0 - frame( sp=0x0000000306b316f0, unextended_sp=0x0000000306b316f0, fp=0x00000007400da838, pc=0x0000000111dcc8b0)
java.util.zip.ZipFile$ZipFileInflaterInputStream.close(ZipFile.java:428) - checkcast @ bci 40 
     Created vframeArray 0x00007f9cef077a20
DEOPT UNPACKING thread 0x00007f9cf0825800 vframeArray 0x00007f9cef077a20 mode 2
     {method} {0x000000010e710618} &apos;close&apos; &apos;()V&apos; in &apos;java/util/zip/ZipFile$ZipFileInflaterInputStream&apos; - checkcast @ bci 40 sp = 0x0000000306b316b0
<writer thread='9475'/>
<uncommon_trap thread='9475' reason='unstable_if' action='reinterpret' compile_id='1933' compiler='C2' count='3' state='intrinsic recompiled' stamp='13.997'>
Uncommon trap occurred in org.springframework.util.ConcurrentReferenceHashMap$SoftEntryReference::get (@0x000000011207e954) thread=9475 reason=unstable_if action=reinterpret unloaded_class_index=-1
<jvms bci='17' method='java/lang/ref/SoftReference get ()Ljava/lang/Object;' bytes='29' count='3' backedge_count='1' iicount='117' decompiles='1' unstable_if_traps='3'/>
<jvms bci='1' method='org/springframework/util/ConcurrentReferenceHashMap$SoftEntryReference get ()Lorg/springframework/util/ConcurrentReferenceHashMap$Entry;' bytes='8' count='2' backedge_count='1' iicount='7'/>
</uncommon_trap>
DEOPT PACKING thread 0x00007f9cf0010800 Compiled frame (sp=0x0000000306010430 unextended sp=0x0000000306010430, fp=0x00000000ffffffff, real_fp=0x0000000306010460, pc=0x000000011207e954)
     nmethod  13996 1933             org.springframework.util.ConcurrentReferenceHashMap$SoftEntryReference::get (8 bytes)

     Virtual frames (innermost first):
        0 - frame( sp=0x0000000306010430, unextended_sp=0x0000000306010430, fp=0x00000000ffffffff, pc=0x000000011207e954)
java.lang.ref.SoftReference.get(SoftReference.java:113) - ifeq @ bci 17 
        1 - frame( sp=0x0000000306010430, unextended_sp=0x0000000306010430, fp=0x00000000ffffffff, pc=0x000000011207e954)
org.springframework.util.ConcurrentReferenceHashMap$SoftEntryReference.get(ConcurrentReferenceHashMap.java:1022) - invokespecial @ bci 1 
     Created vframeArray 0x00007f9cf087e420
DEOPT UNPACKING thread 0x00007f9cf0010800 vframeArray 0x00007f9cf087e420 mode 2
     {method} {0x000000010e9a9ed8} &apos;get&apos; &apos;()Lorg/springframework/util/ConcurrentReferenceHashMap$Entry;&apos; in &apos;org/springframework/util/ConcurrentReferenceHashMap$SoftEntryReference&apos; - invokespecial @ bci 1 sp = 0x00000003060103f8
     {method} {0x000000010e431320} &apos;get&apos; &apos;()Ljava/lang/Object;&apos; in &apos;java/lang/ref/SoftReference&apos; - ifeq @ bci 17 sp = 0x00000003060103a0
<uncommon_trap thread='9475' reason='unloaded' action='reinterpret' index='7' compile_id='176' compiler='C2' unresolved='1' name='sun/reflect/MethodAccessorGenerator' stamp='14.005'>
Uncommon trap occurred in sun.reflect.NativeConstructorAccessorImpl::newInstance (@0x0000000111cd67cc) thread=9475 reason=unloaded action=reinterpret unloaded_class_index=7 unresolved class: sun/reflect/MethodAccessorGenerator
<jvms bci='30' method='sun/reflect/NativeConstructorAccessorImpl newInstance ([Ljava/lang/Object;)Ljava/lang/Object;' bytes='89' count='1' backedge_count='1' iicount='5'/>
</uncommon_trap>
DEOPT PACKING thread 0x00007f9cf0010800 Compiled frame (sp=0x0000000306010430 unextended sp=0x0000000306010430, fp=0x000000074002cbe8, real_fp=0x0000000306010460, pc=0x0000000111cd67cc)
     nmethod  14005  176             sun.reflect.NativeConstructorAccessorImpl::newInstance (89 bytes)

     Virtual frames (innermost first):
        0 - frame( sp=0x0000000306010430, unextended_sp=0x0000000306010430, fp=0x000000074002cbe8, pc=0x0000000111cd67cc)
sun.reflect.NativeConstructorAccessorImpl.newInstance(NativeConstructorAccessorImpl.java:53) - new @ bci 30 
     Created vframeArray 0x00007f9cef07a020
DEOPT UNPACKING thread 0x00007f9cf0010800 vframeArray 0x00007f9cef07a020 mode 2
     {method} {0x000000010e585fa0} &apos;newInstance&apos; &apos;([Ljava/lang/Object;)Ljava/lang/Object;&apos; in &apos;sun/reflect/NativeConstructorAccessorImpl&apos; - new @ bci 30 sp = 0x00000003060103f8
<uncommon_trap thread='9475' reason='unloaded' action='reinterpret' index='36' compile_id='212' compiler='C2' unresolved='1' name='sun/reflect/BootstrapConstructorAccessorImpl' stamp='14.466'>
Uncommon trap occurred in sun.reflect.ReflectionFactory::newConstructorAccessor (@0x0000000111d04bb8) thread=9475 reason=unloaded action=reinterpret unloaded_class_index=36 unresolved class: sun/reflect/BootstrapConstructorAccessorImpl
<jvms bci='52' method='sun/reflect/ReflectionFactory newConstructorAccessor (Ljava/lang/reflect/Constructor;)Lsun/reflect/ConstructorAccessor;' bytes='132' count='2' backedge_count='1' iicount='5'/>
</uncommon_trap>
DEOPT PACKING thread 0x00007f9cf0010800 Compiled frame (sp=0x000000030600f520 unextended sp=0x000000030600f520, fp=0x000000079559d670, real_fp=0x000000030600f580, pc=0x0000000111d04bb8)
     nmethod  14466  212             sun.reflect.ReflectionFactory::newConstructorAccessor (132 bytes)

     Virtual frames (innermost first):
        0 - frame( sp=0x000000030600f520, unextended_sp=0x000000030600f520, fp=0x000000079559d670, pc=0x0000000111d04bb8)
sun.reflect.ReflectionFactory.newConstructorAccessor(ReflectionFactory.java:196) - new @ bci 52 
     Created vframeArray 0x00007f9cf087d020
DEOPT UNPACKING thread 0x00007f9cf0010800 vframeArray 0x00007f9cf087d020 mode 2
     {method} {0x000000010e4f7b80} &apos;newConstructorAccessor&apos; &apos;(Ljava/lang/reflect/Constructor;)Lsun/reflect/ConstructorAccessor;&apos; in &apos;sun/reflect/ReflectionFactory&apos; - new @ bci 52 sp = 0x000000030600f508
<uncommon_trap thread='9475' reason='class_check' action='maybe_recompile' compile_id='168' compiler='C2' stamp='14.467'>
Uncommon trap occurred in java.lang.reflect.Constructor::newInstance (@0x0000000111ceaa68) thread=9475 reason=class_check action=maybe_recompile unloaded_class_index=-1
<jvms bci='79' method='java/lang/reflect/Constructor newInstance ([Ljava/lang/Object;)Ljava/lang/Object;' bytes='87' count='1' backedge_count='1' iicount='5'/>
</uncommon_trap>
DEOPT PACKING thread 0x00007f9cf0010800 Compiled frame (sp=0x000000030600f5b0 unextended sp=0x000000030600f5b0, fp=0x0000000000000000, real_fp=0x000000030600f5f0, pc=0x0000000111ceaa68)
     nmethod  14467  168             java.lang.reflect.Constructor::newInstance (87 bytes)

     Virtual frames (innermost first):
        0 - frame( sp=0x000000030600f5b0, unextended_sp=0x000000030600f5b0, fp=0x0000000000000000, pc=0x0000000111ceaa68)
java.lang.reflect.Constructor.newInstance(Constructor.java:423) - invokeinterface @ bci 79 
     Created vframeArray 0x00007f9cf087e420
DEOPT UNPACKING thread 0x00007f9cf0010800 vframeArray 0x00007f9cf087e420 mode 2
     {method} {0x000000010e456ce8} &apos;newInstance&apos; &apos;([Ljava/lang/Object;)Ljava/lang/Object;&apos; in &apos;java/lang/reflect/Constructor&apos; - invokeinterface @ bci 79 sp = 0x000000030600f570
<uncommon_trap thread='9475' reason='bimorphic' action='maybe_recompile' compile_id='1450' compiler='C2' count='1' state='#15' stamp='14.471'>
Uncommon trap occurred in java.util.Arrays::equals (@0x0000000111f82614) thread=9475 reason=bimorphic action=maybe_recompile unloaded_class_index=-1
<jvms bci='62' method='java/util/Arrays equals ([Ljava/lang/Object;[Ljava/lang/Object;)Z' bytes='78' count='2' backedge_count='10' iicount='3' decompiles='1' class_check_traps='4' bimorphic_traps='1'/>
</uncommon_trap>
DEOPT PACKING thread 0x00007f9cf0010800 Compiled frame (sp=0x00000003060103b0 unextended sp=0x00000003060103b0, fp=0x0000000000000002, real_fp=0x0000000306010400, pc=0x0000000111f82614)
     nmethod  14471 1450             java.util.Arrays::equals (78 bytes)

     Virtual frames (innermost first):
        0 - frame( sp=0x00000003060103b0, unextended_sp=0x00000003060103b0, fp=0x0000000000000002, pc=0x0000000111f82614)
java.util.Arrays.equals(Arrays.java:2829) - invokevirtual @ bci 62 
     Created vframeArray 0x00007f9cdf065620
DEOPT UNPACKING thread 0x00007f9cf0010800 vframeArray 0x00007f9cdf065620 mode 2
     {method} {0x000000010e573a08} &apos;equals&apos; &apos;([Ljava/lang/Object;[Ljava/lang/Object;)Z&apos; in &apos;java/util/Arrays&apos; - invokevirtual @ bci 62 sp = 0x0000000306010380
<uncommon_trap thread='9475' reason='class_check' action='maybe_recompile' compile_id='168' compiler='C2' stamp='14.484'>
Uncommon trap occurred in java.lang.reflect.Constructor::newInstance (@0x0000000111ceaa78) thread=9475 reason=class_check action=maybe_recompile unloaded_class_index=-1
<jvms bci='5' method='sun/reflect/DelegatingConstructorAccessorImpl newInstance ([Ljava/lang/Object;)Ljava/lang/Object;' bytes='9' count='2' backedge_count='1' iicount='5'/>
<jvms bci='79' method='java/lang/reflect/Constructor newInstance ([Ljava/lang/Object;)Ljava/lang/Object;' bytes='87' count='1' backedge_count='1' iicount='5' class_check_traps='1'/>
</uncommon_trap>
DEOPT PACKING thread 0x00007f9cf0010800 Compiled frame (sp=0x0000000306010560 unextended sp=0x0000000306010560, fp=0x00000000f2ab3aec, real_fp=0x00000003060105a0, pc=0x0000000111ceaa78)
     nmethod  14483  168             java.lang.reflect.Constructor::newInstance (87 bytes)

     Virtual frames (innermost first):
        0 - frame( sp=0x0000000306010560, unextended_sp=0x0000000306010560, fp=0x00000000f2ab3aec, pc=0x0000000111ceaa78)
sun.reflect.DelegatingConstructorAccessorImpl.newInstance(DelegatingConstructorAccessorImpl.java:45) - invokevirtual @ bci 5 
        1 - frame( sp=0x0000000306010560, unextended_sp=0x0000000306010560, fp=0x00000000f2ab3aec, pc=0x0000000111ceaa78)
java.lang.reflect.Constructor.newInstance(Constructor.java:423) - invokeinterface @ bci 79 
     Created vframeArray 0x00007f9cef07a020
DEOPT UNPACKING thread 0x00007f9cf0010800 vframeArray 0x00007f9cef07a020 mode 2
     {method} {0x000000010e456ce8} &apos;newInstance&apos; &apos;([Ljava/lang/Object;)Ljava/lang/Object;&apos; in &apos;java/lang/reflect/Constructor&apos; - invokeinterface @ bci 79 sp = 0x0000000306010520
     {method} {0x000000010e586b48} &apos;newInstance&apos; &apos;([Ljava/lang/Object;)Ljava/lang/Object;&apos; in &apos;sun/reflect/DelegatingConstructorAccessorImpl&apos; - invokevirtual @ bci 5 sp = 0x00000003060104c0
<uncommon_trap thread='9475' reason='bimorphic' action='maybe_recompile' compile_id='1450' compiler='C2' count='2' state='#15' stamp='14.484'>
Uncommon trap occurred in java.util.Arrays::equals (@0x0000000111f82614) thread=9475 reason=bimorphic action=maybe_recompile unloaded_class_index=-1
<jvms bci='62' method='java/util/Arrays equals ([Ljava/lang/Object;[Ljava/lang/Object;)Z' bytes='78' count='2' backedge_count='12' iicount='3' decompiles='1' class_check_traps='4' bimorphic_traps='2'/>
</uncommon_trap>
DEOPT PACKING thread 0x00007f9cf0010800 Compiled frame (sp=0x0000000306010330 unextended sp=0x0000000306010330, fp=0x0000000000000001, real_fp=0x0000000306010380, pc=0x0000000111f82614)
     nmethod  14484 1450             java.util.Arrays::equals (78 bytes)

     Virtual frames (innermost first):
        0 - frame( sp=0x0000000306010330, unextended_sp=0x0000000306010330, fp=0x0000000000000001, pc=0x0000000111f82614)
java.util.Arrays.equals(Arrays.java:2829) - invokevirtual @ bci 62 
     Created vframeArray 0x00007f9cf087e420
DEOPT UNPACKING thread 0x00007f9cf0010800 vframeArray 0x00007f9cf087e420 mode 2
     {method} {0x000000010e573a08} &apos;equals&apos; &apos;([Ljava/lang/Object;[Ljava/lang/Object;)Z&apos; in &apos;java/util/Arrays&apos; - invokevirtual @ bci 62 sp = 0x0000000306010300
<uncommon_trap thread='9475' reason='class_check' action='maybe_recompile' compile_id='168' compiler='C2' count='1' state='class_check' stamp='14.507'>
Uncommon trap occurred in java.lang.reflect.Constructor::newInstance (@0x0000000111ceaa78) thread=9475 reason=class_check action=maybe_recompile unloaded_class_index=-1
<jvms bci='5' method='sun/reflect/DelegatingConstructorAccessorImpl newInstance ([Ljava/lang/Object;)Ljava/lang/Object;' bytes='9' count='2' backedge_count='1' iicount='5' class_check_traps='1'/>
<jvms bci='79' method='java/lang/reflect/Constructor newInstance ([Ljava/lang/Object;)Ljava/lang/Object;' bytes='87' count='1' backedge_count='1' iicount='5' class_check_traps='1'/>
</uncommon_trap>
DEOPT PACKING thread 0x00007f9cf0010800 Compiled frame (sp=0x0000000306010560 unextended sp=0x0000000306010560, fp=0x00000000f2ab3aec, real_fp=0x00000003060105a0, pc=0x0000000111ceaa78)
     nmethod  14507  168             java.lang.reflect.Constructor::newInstance (87 bytes)

     Virtual frames (innermost first):
        0 - frame( sp=0x0000000306010560, unextended_sp=0x0000000306010560, fp=0x00000000f2ab3aec, pc=0x0000000111ceaa78)
sun.reflect.DelegatingConstructorAccessorImpl.newInstance(DelegatingConstructorAccessorImpl.java:45) - invokevirtual @ bci 5 
        1 - frame( sp=0x0000000306010560, unextended_sp=0x0000000306010560, fp=0x00000000f2ab3aec, pc=0x0000000111ceaa78)
java.lang.reflect.Constructor.newInstance(Constructor.java:423) - invokeinterface @ bci 79 
     Created vframeArray 0x00007f9cf087d020
DEOPT UNPACKING thread 0x00007f9cf0010800 vframeArray 0x00007f9cf087d020 mode 2
     {method} {0x000000010e456ce8} &apos;newInstance&apos; &apos;([Ljava/lang/Object;)Ljava/lang/Object;&apos; in &apos;java/lang/reflect/Constructor&apos; - invokeinterface @ bci 79 sp = 0x0000000306010520
     {method} {0x000000010e586b48} &apos;newInstance&apos; &apos;([Ljava/lang/Object;)Ljava/lang/Object;&apos; in &apos;sun/reflect/DelegatingConstructorAccessorImpl&apos; - invokevirtual @ bci 5 sp = 0x00000003060104c0
<uncommon_trap thread='9475' reason='bimorphic' action='maybe_recompile' compile_id='2111' compiler='C2' state='class_check recompiled' stamp='14.517'>
Uncommon trap occurred in sun.reflect.generics.reflectiveObjects.GenericArrayTypeImpl::hashCode (@0x0000000111f57d78) thread=9475 reason=bimorphic action=maybe_recompile unloaded_class_index=-1
<jvms bci='5' method='java/util/Objects hashCode (Ljava/lang/Object;)I' bytes='13' count='3' backedge_count='1' iicount='6' decompiles='1' class_check_traps='4'/>
<jvms bci='4' method='sun/reflect/generics/reflectiveObjects/GenericArrayTypeImpl hashCode ()I' bytes='8' count='2' backedge_count='1' iicount='5'/>
</uncommon_trap>
DEOPT PACKING thread 0x00007f9cf0010800 Compiled frame (sp=0x0000000306010550 unextended sp=0x0000000306010550, fp=0x00000000f2ab4d21, real_fp=0x0000000306010580, pc=0x0000000111f57d78)
     nmethod  14516 2111             sun.reflect.generics.reflectiveObjects.GenericArrayTypeImpl::hashCode (8 bytes)

     Virtual frames (innermost first):
        0 - frame( sp=0x0000000306010550, unextended_sp=0x0000000306010550, fp=0x00000000f2ab4d21, pc=0x0000000111f57d78)
java.util.Objects.hashCode(Objects.java:98) - invokevirtual @ bci 5 
        1 - frame( sp=0x0000000306010550, unextended_sp=0x0000000306010550, fp=0x00000000f2ab4d21, pc=0x0000000111f57d78)
sun.reflect.generics.reflectiveObjects.GenericArrayTypeImpl.hashCode(GenericArrayTypeImpl.java:91) - invokestatic @ bci 4 
     Created vframeArray 0x00007f9cef07a020
DEOPT UNPACKING thread 0x00007f9cf0010800 vframeArray 0x00007f9cef07a020 mode 2
     {method} {0x000000010ea059d8} &apos;hashCode&apos; &apos;()I&apos; in &apos;sun/reflect/generics/reflectiveObjects/GenericArrayTypeImpl&apos; - invokestatic @ bci 4 sp = 0x0000000306010520
     {method} {0x000000010e5a19a0} &apos;hashCode&apos; &apos;(Ljava/lang/Object;)I&apos; in &apos;java/util/Objects&apos; - invokevirtual @ bci 5 sp = 0x00000003060104c8
<uncommon_trap thread='9475' reason='bimorphic' action='maybe_recompile' compile_id='2111' compiler='C2' count='1' state='#15' stamp='14.522'>
Uncommon trap occurred in sun.reflect.generics.reflectiveObjects.GenericArrayTypeImpl::hashCode (@0x0000000111f57d78) thread=9475 reason=bimorphic action=maybe_recompile unloaded_class_index=-1
<jvms bci='5' method='java/util/Objects hashCode (Ljava/lang/Object;)I' bytes='13' count='3' backedge_count='1' iicount='6' decompiles='1' class_check_traps='4' bimorphic_traps='1'/>
<jvms bci='4' method='sun/reflect/generics/reflectiveObjects/GenericArrayTypeImpl hashCode ()I' bytes='8' count='2' backedge_count='1' iicount='5'/>
</uncommon_trap>
DEOPT PACKING thread 0x00007f9cf0010800 Compiled frame (sp=0x00000003060104d0 unextended sp=0x00000003060104d0, fp=0x00000000f2ab4d21, real_fp=0x0000000306010500, pc=0x0000000111f57d78)
     nmethod  14521 2111             sun.reflect.generics.reflectiveObjects.GenericArrayTypeImpl::hashCode (8 bytes)

     Virtual frames (innermost first):
        0 - frame( sp=0x00000003060104d0, unextended_sp=0x00000003060104d0, fp=0x00000000f2ab4d21, pc=0x0000000111f57d78)
java.util.Objects.hashCode(Objects.java:98) - invokevirtual @ bci 5 
        1 - frame( sp=0x00000003060104d0, unextended_sp=0x00000003060104d0, fp=0x00000000f2ab4d21, pc=0x0000000111f57d78)
sun.reflect.generics.reflectiveObjects.GenericArrayTypeImpl.hashCode(GenericArrayTypeImpl.java:91) - invokestatic @ bci 4 
     Created vframeArray 0x00007f9cf087d020
DEOPT UNPACKING thread 0x00007f9cf0010800 vframeArray 0x00007f9cf087d020 mode 2
     {method} {0x000000010ea059d8} &apos;hashCode&apos; &apos;()I&apos; in &apos;sun/reflect/generics/reflectiveObjects/GenericArrayTypeImpl&apos; - invokestatic @ bci 4 sp = 0x00000003060104a0
     {method} {0x000000010e5a19a0} &apos;hashCode&apos; &apos;(Ljava/lang/Object;)I&apos; in &apos;java/util/Objects&apos; - invokevirtual @ bci 5 sp = 0x0000000306010448
<uncommon_trap thread='9475' reason='bimorphic' action='maybe_recompile' compile_id='2111' compiler='C2' count='2' state='#15' stamp='14.522'>
Uncommon trap occurred in sun.reflect.generics.reflectiveObjects.GenericArrayTypeImpl::hashCode (@0x0000000111f57d78) thread=9475 reason=bimorphic action=maybe_recompile unloaded_class_index=-1
<jvms bci='5' method='java/util/Objects hashCode (Ljava/lang/Object;)I' bytes='13' count='3' backedge_count='1' iicount='6' decompiles='1' class_check_traps='4' bimorphic_traps='2'/>
<jvms bci='4' method='sun/reflect/generics/reflectiveObjects/GenericArrayTypeImpl hashCode ()I' bytes='8' count='2' backedge_count='1' iicount='5'/>
</uncommon_trap>
DEOPT PACKING thread 0x00007f9cf0010800 Compiled frame (sp=0x0000000306010630 unextended sp=0x0000000306010630, fp=0x00000000f2ab4d21, real_fp=0x0000000306010660, pc=0x0000000111f57d78)
     nmethod  14522 2111             sun.reflect.generics.reflectiveObjects.GenericArrayTypeImpl::hashCode (8 bytes)

     Virtual frames (innermost first):
        0 - frame( sp=0x0000000306010630, unextended_sp=0x0000000306010630, fp=0x00000000f2ab4d21, pc=0x0000000111f57d78)
java.util.Objects.hashCode(Objects.java:98) - invokevirtual @ bci 5 
        1 - frame( sp=0x0000000306010630, unextended_sp=0x0000000306010630, fp=0x00000000f2ab4d21, pc=0x0000000111f57d78)
sun.reflect.generics.reflectiveObjects.GenericArrayTypeImpl.hashCode(GenericArrayTypeImpl.java:91) - invokestatic @ bci 4 
     Created vframeArray 0x00007f9cdf065620
DEOPT UNPACKING thread 0x00007f9cf0010800 vframeArray 0x00007f9cdf065620 mode 2
     {method} {0x000000010ea059d8} &apos;hashCode&apos; &apos;()I&apos; in &apos;sun/reflect/generics/reflectiveObjects/GenericArrayTypeImpl&apos; - invokestatic @ bci 4 sp = 0x0000000306010600
     {method} {0x000000010e5a19a0} &apos;hashCode&apos; &apos;(Ljava/lang/Object;)I&apos; in &apos;java/util/Objects&apos; - invokevirtual @ bci 5 sp = 0x00000003060105a8
<uncommon_trap thread='9475' reason='bimorphic' action='maybe_recompile' compile_id='1450' compiler='C2' count='3' state='#15' stamp='14.523'>
Uncommon trap occurred in java.util.Arrays::equals (@0x0000000111f82614) thread=9475 reason=bimorphic action=maybe_recompile unloaded_class_index=-1
<jvms bci='62' method='java/util/Arrays equals ([Ljava/lang/Object;[Ljava/lang/Object;)Z' bytes='78' count='2' backedge_count='13' iicount='3' decompiles='1' class_check_traps='4' bimorphic_traps='3'/>
</uncommon_trap>
DEOPT PACKING thread 0x00007f9cf0010800 Compiled frame (sp=0x0000000306010310 unextended sp=0x0000000306010310, fp=0x0000000000000001, real_fp=0x0000000306010360, pc=0x0000000111f82614)
     nmethod  14523 1450             java.util.Arrays::equals (78 bytes)

     Virtual frames (innermost first):
        0 - frame( sp=0x0000000306010310, unextended_sp=0x0000000306010310, fp=0x0000000000000001, pc=0x0000000111f82614)
java.util.Arrays.equals(Arrays.java:2829) - invokevirtual @ bci 62 
     Created vframeArray 0x00007f9cf00a0620
DEOPT UNPACKING thread 0x00007f9cf0010800 vframeArray 0x00007f9cf00a0620 mode 2
     {method} {0x000000010e573a08} &apos;equals&apos; &apos;([Ljava/lang/Object;[Ljava/lang/Object;)Z&apos; in &apos;java/util/Arrays&apos; - invokevirtual @ bci 62 sp = 0x00000003060102d0
<uncommon_trap thread='9475' reason='class_check' action='maybe_recompile' compile_id='168' compiler='C2' count='2' state='class_check' stamp='14.541'>
Uncommon trap occurred in java.lang.reflect.Constructor::newInstance (@0x0000000111ceaa78) thread=9475 reason=class_check action=maybe_recompile unloaded_class_index=-1
<jvms bci='5' method='sun/reflect/DelegatingConstructorAccessorImpl newInstance ([Ljava/lang/Object;)Ljava/lang/Object;' bytes='9' count='2' backedge_count='1' iicount='5' class_check_traps='2'/>
<jvms bci='79' method='java/lang/reflect/Constructor newInstance ([Ljava/lang/Object;)Ljava/lang/Object;' bytes='87' count='1' backedge_count='1' iicount='5' class_check_traps='1'/>
</uncommon_trap>
DEOPT PACKING thread 0x00007f9cf0010800 Compiled frame (sp=0x0000000306010560 unextended sp=0x0000000306010560, fp=0x00000000f2ab3aec, real_fp=0x00000003060105a0, pc=0x0000000111ceaa78)
     nmethod  14540  168             java.lang.reflect.Constructor::newInstance (87 bytes)

     Virtual frames (innermost first):
        0 - frame( sp=0x0000000306010560, unextended_sp=0x0000000306010560, fp=0x00000000f2ab3aec, pc=0x0000000111ceaa78)
sun.reflect.DelegatingConstructorAccessorImpl.newInstance(DelegatingConstructorAccessorImpl.java:45) - invokevirtual @ bci 5 
        1 - frame( sp=0x0000000306010560, unextended_sp=0x0000000306010560, fp=0x00000000f2ab3aec, pc=0x0000000111ceaa78)
java.lang.reflect.Constructor.newInstance(Constructor.java:423) - invokeinterface @ bci 79 
     Created vframeArray 0x00007f9cef07a020
DEOPT UNPACKING thread 0x00007f9cf0010800 vframeArray 0x00007f9cef07a020 mode 2
     {method} {0x000000010e456ce8} &apos;newInstance&apos; &apos;([Ljava/lang/Object;)Ljava/lang/Object;&apos; in &apos;java/lang/reflect/Constructor&apos; - invokeinterface @ bci 79 sp = 0x0000000306010520
     {method} {0x000000010e586b48} &apos;newInstance&apos; &apos;([Ljava/lang/Object;)Ljava/lang/Object;&apos; in &apos;sun/reflect/DelegatingConstructorAccessorImpl&apos; - invokevirtual @ bci 5 sp = 0x00000003060104c0
<uncommon_trap thread='9475' reason='class_check' action='maybe_recompile' compile_id='168' compiler='C2' count='3' state='class_check' stamp='14.549'>
Uncommon trap occurred in java.lang.reflect.Constructor::newInstance (@0x0000000111ceaa78) thread=9475 reason=class_check action=maybe_recompile unloaded_class_index=-1
<jvms bci='5' method='sun/reflect/DelegatingConstructorAccessorImpl newInstance ([Ljava/lang/Object;)Ljava/lang/Object;' bytes='9' count='2' backedge_count='1' iicount='5' class_check_traps='3'/>
<jvms bci='79' method='java/lang/reflect/Constructor newInstance ([Ljava/lang/Object;)Ljava/lang/Object;' bytes='87' count='1' backedge_count='1' iicount='5' class_check_traps='1'/>
</uncommon_trap>
DEOPT PACKING thread 0x00007f9cf0010800 Compiled frame (sp=0x0000000306010460 unextended sp=0x0000000306010460, fp=0x00000000f2ab3aec, real_fp=0x00000003060104a0, pc=0x0000000111ceaa78)
     nmethod  14549  168             java.lang.reflect.Constructor::newInstance (87 bytes)

     Virtual frames (innermost first):
        0 - frame( sp=0x0000000306010460, unextended_sp=0x0000000306010460, fp=0x00000000f2ab3aec, pc=0x0000000111ceaa78)
sun.reflect.DelegatingConstructorAccessorImpl.newInstance(DelegatingConstructorAccessorImpl.java:45) - invokevirtual @ bci 5 
        1 - frame( sp=0x0000000306010460, unextended_sp=0x0000000306010460, fp=0x00000000f2ab3aec, pc=0x0000000111ceaa78)
java.lang.reflect.Constructor.newInstance(Constructor.java:423) - invokeinterface @ bci 79 
     Created vframeArray 0x00007f9cf087d020
DEOPT UNPACKING thread 0x00007f9cf0010800 vframeArray 0x00007f9cf087d020 mode 2
     {method} {0x000000010e456ce8} &apos;newInstance&apos; &apos;([Ljava/lang/Object;)Ljava/lang/Object;&apos; in &apos;java/lang/reflect/Constructor&apos; - invokeinterface @ bci 79 sp = 0x0000000306010420
     {method} {0x000000010e586b48} &apos;newInstance&apos; &apos;([Ljava/lang/Object;)Ljava/lang/Object;&apos; in &apos;sun/reflect/DelegatingConstructorAccessorImpl&apos; - invokevirtual @ bci 5 sp = 0x00000003060103c0
<uncommon_trap thread='9475' reason='class_check' action='maybe_recompile' compile_id='175' compiler='C2' count='4' state='class_check recompiled' stamp='14.550'>
Uncommon trap occurred in sun.reflect.DelegatingConstructorAccessorImpl::newInstance (@0x0000000111cf4b6c) thread=9475 reason=class_check action=maybe_recompile unloaded_class_index=-1
<jvms bci='5' method='sun/reflect/DelegatingConstructorAccessorImpl newInstance ([Ljava/lang/Object;)Ljava/lang/Object;' bytes='9' count='2' backedge_count='1' iicount='5' class_check_traps='4'/>
</uncommon_trap>
DEOPT PACKING thread 0x00007f9cf0010800 Compiled frame (sp=0x00000003060103e0 unextended sp=0x00000003060103e0, fp=0x00000000f2ab3aec, real_fp=0x0000000306010410, pc=0x0000000111cf4b6c)
     nmethod  14549  175             sun.reflect.DelegatingConstructorAccessorImpl::newInstance (9 bytes)

     Virtual frames (innermost first):
        0 - frame( sp=0x00000003060103e0, unextended_sp=0x00000003060103e0, fp=0x00000000f2ab3aec, pc=0x0000000111cf4b6c)
sun.reflect.DelegatingConstructorAccessorImpl.newInstance(DelegatingConstructorAccessorImpl.java:45) - invokevirtual @ bci 5 
     Created vframeArray 0x00007f9cdf065620
DEOPT UNPACKING thread 0x00007f9cf0010800 vframeArray 0x00007f9cdf065620 mode 2
     {method} {0x000000010e586b48} &apos;newInstance&apos; &apos;([Ljava/lang/Object;)Ljava/lang/Object;&apos; in &apos;sun/reflect/DelegatingConstructorAccessorImpl&apos; - invokevirtual @ bci 5 sp = 0x00000003060103b0
<uncommon_trap thread='9475' reason='bimorphic' action='maybe_recompile' compile_id='1961' compiler='C2' count='1' state='#15' stamp='14.558'>
Uncommon trap occurred in sun.reflect.generics.visitor.Reifier::reifyTypeArguments (@0x0000000111eabe40) thread=9475 reason=bimorphic action=maybe_recompile unloaded_class_index=-1
<jvms bci='18' method='sun/reflect/generics/visitor/Reifier reifyTypeArguments ([Lsun/reflect/generics/tree/TypeArgument;)[Ljava/lang/reflect/Type;' bytes='38' count='2' backedge_count='6' iicount='5' decompiles='1' class_check_traps='4' bimorphic_traps='1'/>
</uncommon_trap>
DEOPT PACKING thread 0x00007f9cf0010800 Compiled frame (sp=0x00000003060104a0 unextended sp=0x00000003060104a0, fp=0x00000007955ad2a0, real_fp=0x00000003060104f0, pc=0x0000000111eabe40)
     nmethod  14558 1961             sun.reflect.generics.visitor.Reifier::reifyTypeArguments (38 bytes)

     Virtual frames (innermost first):
        0 - frame( sp=0x00000003060104a0, unextended_sp=0x00000003060104a0, fp=0x00000007955ad2a0, pc=0x0000000111eabe40)
sun.reflect.generics.visitor.Reifier.reifyTypeArguments(Reifier.java:68) - invokeinterface @ bci 18 
     Created vframeArray 0x00007f9cf00a0620
DEOPT UNPACKING thread 0x00007f9cf0010800 vframeArray 0x00007f9cf00a0620 mode 2
     {method} {0x000000010e997af8} &apos;reifyTypeArguments&apos; &apos;([Lsun/reflect/generics/tree/TypeArgument;)[Ljava/lang/reflect/Type;&apos; in &apos;sun/reflect/generics/visitor/Reifier&apos; - invokeinterface @ bci 18 sp = 0x0000000306010470
<uncommon_trap thread='9475' reason='class_check' action='maybe_recompile' compile_id='1869' compiler='C2' stamp='14.573'>
Uncommon trap occurred in org.springframework.core.ResolvableType::getGenerics (@0x000000011205d4d4) thread=9475 reason=class_check action=maybe_recompile unloaded_class_index=-1
<jvms bci='91' method='org/springframework/core/ResolvableType getGenerics ()[Lorg/springframework/core/ResolvableType;' bytes='148' count='2' backedge_count='1' iicount='5'/>
</uncommon_trap>
DEOPT PACKING thread 0x00007f9cf0010800 Compiled frame (sp=0x0000000306010690 unextended sp=0x0000000306010690, fp=0x00000007955b12b8, real_fp=0x00000003060106f0, pc=0x000000011205d4d4)
     nmethod  14573 1869             org.springframework.core.ResolvableType::getGenerics (148 bytes)

     Virtual frames (innermost first):
        0 - frame( sp=0x0000000306010690, unextended_sp=0x0000000306010690, fp=0x00000007955b12b8, pc=0x000000011205d4d4)
org.springframework.core.ResolvableType.getGenerics(ResolvableType.java:735) - invokeinterface @ bci 91 
     Created vframeArray 0x00007f9cdf065620
DEOPT UNPACKING thread 0x00007f9cf0010800 vframeArray 0x00007f9cdf065620 mode 2
     {method} {0x000000010e830928} &apos;getGenerics&apos; &apos;()[Lorg/springframework/core/ResolvableType;&apos; in &apos;org/springframework/core/ResolvableType&apos; - invokeinterface @ bci 91 sp = 0x0000000306010678
<uncommon_trap thread='9475' reason='class_check' action='maybe_recompile' compile_id='1869' compiler='C2' count='1' state='class_check' stamp='14.585'>
Uncommon trap occurred in org.springframework.core.ResolvableType::getGenerics (@0x000000011205d4d4) thread=9475 reason=class_check action=maybe_recompile unloaded_class_index=-1
<jvms bci='91' method='org/springframework/core/ResolvableType getGenerics ()[Lorg/springframework/core/ResolvableType;' bytes='148' count='2' backedge_count='3' iicount='5' class_check_traps='1'/>
</uncommon_trap>
DEOPT PACKING thread 0x00007f9cf0010800 Compiled frame (sp=0x0000000306010680 unextended sp=0x0000000306010680, fp=0x00000007955b85a0, real_fp=0x00000003060106e0, pc=0x000000011205d4d4)
     nmethod  14585 1869             org.springframework.core.ResolvableType::getGenerics (148 bytes)

     Virtual frames (innermost first):
        0 - frame( sp=0x0000000306010680, unextended_sp=0x0000000306010680, fp=0x00000007955b85a0, pc=0x000000011205d4d4)
org.springframework.core.ResolvableType.getGenerics(ResolvableType.java:735) - invokeinterface @ bci 91 
     Created vframeArray 0x00007f9cf087d020
DEOPT UNPACKING thread 0x00007f9cf0010800 vframeArray 0x00007f9cf087d020 mode 2
     {method} {0x000000010e830928} &apos;getGenerics&apos; &apos;()[Lorg/springframework/core/ResolvableType;&apos; in &apos;org/springframework/core/ResolvableType&apos; - invokeinterface @ bci 91 sp = 0x0000000306010668
<uncommon_trap thread='9475' reason='bimorphic' action='maybe_recompile' compile_id='2121' compiler='C2' state='class_check recompiled' stamp='14.612'>
Uncommon trap occurred in java.lang.reflect.Constructor::newInstance (@0x0000000111ea292c) thread=9475 reason=bimorphic action=maybe_recompile unloaded_class_index=-1
<jvms bci='5' method='sun/reflect/DelegatingConstructorAccessorImpl newInstance ([Ljava/lang/Object;)Ljava/lang/Object;' bytes='9' count='2' backedge_count='1' iicount='7' decompiles='1' class_check_traps='5'/>
<jvms bci='79' method='java/lang/reflect/Constructor newInstance ([Ljava/lang/Object;)Ljava/lang/Object;' bytes='87' count='3' backedge_count='1' iicount='9' decompiles='1' class_check_traps='1'/>
</uncommon_trap>
DEOPT PACKING thread 0x00007f9cf0010800 Compiled frame (sp=0x0000000306010460 unextended sp=0x0000000306010460, fp=0x00000000f2ab7cb1, real_fp=0x00000003060104a0, pc=0x0000000111ea292c)
     nmethod  14612 2121             java.lang.reflect.Constructor::newInstance (87 bytes)

     Virtual frames (innermost first):
        0 - frame( sp=0x0000000306010460, unextended_sp=0x0000000306010460, fp=0x00000000f2ab7cb1, pc=0x0000000111ea292c)
sun.reflect.DelegatingConstructorAccessorImpl.newInstance(DelegatingConstructorAccessorImpl.java:45) - invokevirtual @ bci 5 
        1 - frame( sp=0x0000000306010460, unextended_sp=0x0000000306010460, fp=0x00000000f2ab7cb1, pc=0x0000000111ea292c)
java.lang.reflect.Constructor.newInstance(Constructor.java:423) - invokeinterface @ bci 79 
     Created vframeArray 0x00007f9cf00a0620
DEOPT UNPACKING thread 0x00007f9cf0010800 vframeArray 0x00007f9cf00a0620 mode 2
     {method} {0x000000010e456ce8} &apos;newInstance&apos; &apos;([Ljava/lang/Object;)Ljava/lang/Object;&apos; in &apos;java/lang/reflect/Constructor&apos; - invokeinterface @ bci 79 sp = 0x0000000306010420
     {method} {0x000000010e586b48} &apos;newInstance&apos; &apos;([Ljava/lang/Object;)Ljava/lang/Object;&apos; in &apos;sun/reflect/DelegatingConstructorAccessorImpl&apos; - invokevirtual @ bci 5 sp = 0x00000003060103c0
<uncommon_trap thread='9475' reason='class_check' action='maybe_recompile' compile_id='1869' compiler='C2' count='2' state='class_check' stamp='14.624'>
Uncommon trap occurred in org.springframework.core.ResolvableType::getGenerics (@0x000000011205d4d4) thread=9475 reason=class_check action=maybe_recompile unloaded_class_index=-1
<jvms bci='91' method='org/springframework/core/ResolvableType getGenerics ()[Lorg/springframework/core/ResolvableType;' bytes='148' count='2' backedge_count='4' iicount='5' class_check_traps='2'/>
</uncommon_trap>
DEOPT PACKING thread 0x00007f9cf0010800 Compiled frame (sp=0x0000000306010690 unextended sp=0x0000000306010690, fp=0x00000007955bfde8, real_fp=0x00000003060106f0, pc=0x000000011205d4d4)
     nmethod  14623 1869             org.springframework.core.ResolvableType::getGenerics (148 bytes)

     Virtual frames (innermost first):
        0 - frame( sp=0x0000000306010690, unextended_sp=0x0000000306010690, fp=0x00000007955bfde8, pc=0x000000011205d4d4)
org.springframework.core.ResolvableType.getGenerics(ResolvableType.java:735) - invokeinterface @ bci 91 
     Created vframeArray 0x00007f9cf0076220
DEOPT UNPACKING thread 0x00007f9cf0010800 vframeArray 0x00007f9cf0076220 mode 2
     {method} {0x000000010e830928} &apos;getGenerics&apos; &apos;()[Lorg/springframework/core/ResolvableType;&apos; in &apos;org/springframework/core/ResolvableType&apos; - invokeinterface @ bci 91 sp = 0x0000000306010678
<uncommon_trap thread='9475' reason='bimorphic' action='maybe_recompile' compile_id='2121' compiler='C2' count='1' state='#15' stamp='14.624'>
Uncommon trap occurred in java.lang.reflect.Constructor::newInstance (@0x0000000111ea292c) thread=9475 reason=bimorphic action=maybe_recompile unloaded_class_index=-1
<jvms bci='5' method='sun/reflect/DelegatingConstructorAccessorImpl newInstance ([Ljava/lang/Object;)Ljava/lang/Object;' bytes='9' count='2' backedge_count='1' iicount='7' decompiles='1' class_check_traps='5' bimorphic_traps='1'/>
<jvms bci='79' method='java/lang/reflect/Constructor newInstance ([Ljava/lang/Object;)Ljava/lang/Object;' bytes='87' count='3' backedge_count='1' iicount='9' decompiles='1' class_check_traps='1'/>
</uncommon_trap>
DEOPT PACKING thread 0x00007f9cf0010800 Compiled frame (sp=0x0000000306010460 unextended sp=0x0000000306010460, fp=0x00000000f2ab7cb1, real_fp=0x00000003060104a0, pc=0x0000000111ea292c)
     nmethod  14624 2121             java.lang.reflect.Constructor::newInstance (87 bytes)

     Virtual frames (innermost first):
        0 - frame( sp=0x0000000306010460, unextended_sp=0x0000000306010460, fp=0x00000000f2ab7cb1, pc=0x0000000111ea292c)
sun.reflect.DelegatingConstructorAccessorImpl.newInstance(DelegatingConstructorAccessorImpl.java:45) - invokevirtual @ bci 5 
        1 - frame( sp=0x0000000306010460, unextended_sp=0x0000000306010460, fp=0x00000000f2ab7cb1, pc=0x0000000111ea292c)
java.lang.reflect.Constructor.newInstance(Constructor.java:423) - invokeinterface @ bci 79 
     Created vframeArray 0x00007f9cf087ea20
DEOPT UNPACKING thread 0x00007f9cf0010800 vframeArray 0x00007f9cf087ea20 mode 2
     {method} {0x000000010e456ce8} &apos;newInstance&apos; &apos;([Ljava/lang/Object;)Ljava/lang/Object;&apos; in &apos;java/lang/reflect/Constructor&apos; - invokeinterface @ bci 79 sp = 0x0000000306010420
     {method} {0x000000010e586b48} &apos;newInstance&apos; &apos;([Ljava/lang/Object;)Ljava/lang/Object;&apos; in &apos;sun/reflect/DelegatingConstructorAccessorImpl&apos; - invokevirtual @ bci 5 sp = 0x00000003060103c0
<uncommon_trap thread='9475' reason='bimorphic' action='maybe_recompile' compile_id='2121' compiler='C2' count='2' state='#15' stamp='14.625'>
Uncommon trap occurred in java.lang.reflect.Constructor::newInstance (@0x0000000111ea292c) thread=9475 reason=bimorphic action=maybe_recompile unloaded_class_index=-1
<jvms bci='5' method='sun/reflect/DelegatingConstructorAccessorImpl newInstance ([Ljava/lang/Object;)Ljava/lang/Object;' bytes='9' count='2' backedge_count='1' iicount='7' decompiles='1' class_check_traps='5' bimorphic_traps='2'/>
<jvms bci='79' method='java/lang/reflect/Constructor newInstance ([Ljava/lang/Object;)Ljava/lang/Object;' bytes='87' count='3' backedge_count='1' iicount='9' decompiles='1' class_check_traps='1'/>
</uncommon_trap>
DEOPT PACKING thread 0x00007f9cf0010800 Compiled frame (sp=0x0000000306010460 unextended sp=0x0000000306010460, fp=0x00000000f2ab7cb1, real_fp=0x00000003060104a0, pc=0x0000000111ea292c)
     nmethod  14625 2121             java.lang.reflect.Constructor::newInstance (87 bytes)

     Virtual frames (innermost first):
        0 - frame( sp=0x0000000306010460, unextended_sp=0x0000000306010460, fp=0x00000000f2ab7cb1, pc=0x0000000111ea292c)
sun.reflect.DelegatingConstructorAccessorImpl.newInstance(DelegatingConstructorAccessorImpl.java:45) - invokevirtual @ bci 5 
        1 - frame( sp=0x0000000306010460, unextended_sp=0x0000000306010460, fp=0x00000000f2ab7cb1, pc=0x0000000111ea292c)
java.lang.reflect.Constructor.newInstance(Constructor.java:423) - invokeinterface @ bci 79 
     Created vframeArray 0x00007f9cf0076220
DEOPT UNPACKING thread 0x00007f9cf0010800 vframeArray 0x00007f9cf0076220 mode 2
     {method} {0x000000010e456ce8} &apos;newInstance&apos; &apos;([Ljava/lang/Object;)Ljava/lang/Object;&apos; in &apos;java/lang/reflect/Constructor&apos; - invokeinterface @ bci 79 sp = 0x0000000306010420
     {method} {0x000000010e586b48} &apos;newInstance&apos; &apos;([Ljava/lang/Object;)Ljava/lang/Object;&apos; in &apos;sun/reflect/DelegatingConstructorAccessorImpl&apos; - invokevirtual @ bci 5 sp = 0x00000003060103c0
<uncommon_trap thread='9475' reason='bimorphic' action='maybe_recompile' compile_id='1961' compiler='C2' count='2' state='#15' stamp='14.627'>
Uncommon trap occurred in sun.reflect.generics.visitor.Reifier::reifyTypeArguments (@0x0000000111eabe40) thread=9475 reason=bimorphic action=maybe_recompile unloaded_class_index=-1
<jvms bci='18' method='sun/reflect/generics/visitor/Reifier reifyTypeArguments ([Lsun/reflect/generics/tree/TypeArgument;)[Ljava/lang/reflect/Type;' bytes='38' count='2' backedge_count='7' iicount='5' decompiles='1' class_check_traps='4' bimorphic_traps='2'/>
</uncommon_trap>
DEOPT PACKING thread 0x00007f9cf0010800 Compiled frame (sp=0x0000000306010300 unextended sp=0x0000000306010300, fp=0x00000007955c61f8, real_fp=0x0000000306010350, pc=0x0000000111eabe40)
     nmethod  14626 1961             sun.reflect.generics.visitor.Reifier::reifyTypeArguments (38 bytes)

     Virtual frames (innermost first):
        0 - frame( sp=0x0000000306010300, unextended_sp=0x0000000306010300, fp=0x00000007955c61f8, pc=0x0000000111eabe40)
sun.reflect.generics.visitor.Reifier.reifyTypeArguments(Reifier.java:68) - invokeinterface @ bci 18 
     Created vframeArray 0x00007f9cef07a020
DEOPT UNPACKING thread 0x00007f9cf0010800 vframeArray 0x00007f9cef07a020 mode 2
     {method} {0x000000010e997af8} &apos;reifyTypeArguments&apos; &apos;([Lsun/reflect/generics/tree/TypeArgument;)[Ljava/lang/reflect/Type;&apos; in &apos;sun/reflect/generics/visitor/Reifier&apos; - invokeinterface @ bci 18 sp = 0x00000003060102d0
<uncommon_trap thread='9475' reason='class_check' action='maybe_recompile' compile_id='2050' compiler='C2' stamp='14.628'>
Uncommon trap occurred in sun.reflect.generics.reflectiveObjects.WildcardTypeImpl::getUpperBounds (@0x0000000111ea54b8) thread=9475 reason=class_check action=maybe_recompile unloaded_class_index=-1
<jvms bci='37' method='sun/reflect/generics/reflectiveObjects/WildcardTypeImpl getUpperBounds ()[Ljava/lang/reflect/Type;' bytes='72' count='2' backedge_count='1' iicount='4'/>
</uncommon_trap>
DEOPT PACKING thread 0x00007f9cf0010800 Compiled frame (sp=0x00000003060103e0 unextended sp=0x00000003060103e0, fp=0x00000000f2ab8c39, real_fp=0x0000000306010440, pc=0x0000000111ea54b8)
     nmethod  14627 2050             sun.reflect.generics.reflectiveObjects.WildcardTypeImpl::getUpperBounds (72 bytes)

     Virtual frames (innermost first):
        0 - frame( sp=0x00000003060103e0, unextended_sp=0x00000003060103e0, fp=0x00000000f2ab8c39, pc=0x0000000111ea54b8)
sun.reflect.generics.reflectiveObjects.WildcardTypeImpl.getUpperBounds(WildcardTypeImpl.java:130) - invokeinterface @ bci 37 
     Created vframeArray 0x00007f9cf0076220
DEOPT UNPACKING thread 0x00007f9cf0010800 vframeArray 0x00007f9cf0076220 mode 2
     {method} {0x000000010ea45450} &apos;getUpperBounds&apos; &apos;()[Ljava/lang/reflect/Type;&apos; in &apos;sun/reflect/generics/reflectiveObjects/WildcardTypeImpl&apos; - invokeinterface @ bci 37 sp = 0x00000003060103b8
<uncommon_trap thread='9475' reason='bimorphic' action='maybe_recompile' compile_id='2121' compiler='C2' count='3' state='#15' stamp='14.629'>
Uncommon trap occurred in java.lang.reflect.Constructor::newInstance (@0x0000000111ea292c) thread=9475 reason=bimorphic action=maybe_recompile unloaded_class_index=-1
<jvms bci='5' method='sun/reflect/DelegatingConstructorAccessorImpl newInstance ([Ljava/lang/Object;)Ljava/lang/Object;' bytes='9' count='2' backedge_count='1' iicount='7' decompiles='1' class_check_traps='5' bimorphic_traps='3'/>
<jvms bci='79' method='java/lang/reflect/Constructor newInstance ([Ljava/lang/Object;)Ljava/lang/Object;' bytes='87' count='3' backedge_count='1' iicount='9' decompiles='1' class_check_traps='1'/>
</uncommon_trap>
DEOPT PACKING thread 0x00007f9cf0010800 Compiled frame (sp=0x0000000306010460 unextended sp=0x0000000306010460, fp=0x00000000f2ab7cb1, real_fp=0x00000003060104a0, pc=0x0000000111ea292c)
     nmethod  14628 2121             java.lang.reflect.Constructor::newInstance (87 bytes)

     Virtual frames (innermost first):
        0 - frame( sp=0x0000000306010460, unextended_sp=0x0000000306010460, fp=0x00000000f2ab7cb1, pc=0x0000000111ea292c)
sun.reflect.DelegatingConstructorAccessorImpl.newInstance(DelegatingConstructorAccessorImpl.java:45) - invokevirtual @ bci 5 
        1 - frame( sp=0x0000000306010460, unextended_sp=0x0000000306010460, fp=0x00000000f2ab7cb1, pc=0x0000000111ea292c)
java.lang.reflect.Constructor.newInstance(Constructor.java:423) - invokeinterface @ bci 79 
     Created vframeArray 0x00007f9cef07a020
DEOPT UNPACKING thread 0x00007f9cf0010800 vframeArray 0x00007f9cef07a020 mode 2
     {method} {0x000000010e456ce8} &apos;newInstance&apos; &apos;([Ljava/lang/Object;)Ljava/lang/Object;&apos; in &apos;java/lang/reflect/Constructor&apos; - invokeinterface @ bci 79 sp = 0x0000000306010420
     {method} {0x000000010e586b48} &apos;newInstance&apos; &apos;([Ljava/lang/Object;)Ljava/lang/Object;&apos; in &apos;sun/reflect/DelegatingConstructorAccessorImpl&apos; - invokevirtual @ bci 5 sp = 0x00000003060103c0
<uncommon_trap thread='9475' reason='bimorphic' action='maybe_recompile' compile_id='1961' compiler='C2' count='3' state='#15' stamp='14.646'>
Uncommon trap occurred in sun.reflect.generics.visitor.Reifier::reifyTypeArguments (@0x0000000111eabe40) thread=9475 reason=bimorphic action=maybe_recompile unloaded_class_index=-1
<jvms bci='18' method='sun/reflect/generics/visitor/Reifier reifyTypeArguments ([Lsun/reflect/generics/tree/TypeArgument;)[Ljava/lang/reflect/Type;' bytes='38' count='2' backedge_count='8' iicount='5' decompiles='1' class_check_traps='4' bimorphic_traps='3'/>
</uncommon_trap>
DEOPT PACKING thread 0x00007f9cf0010800 Compiled frame (sp=0x00000003060104a0 unextended sp=0x00000003060104a0, fp=0x00000007955ca278, real_fp=0x00000003060104f0, pc=0x0000000111eabe40)
     nmethod  14646 1961             sun.reflect.generics.visitor.Reifier::reifyTypeArguments (38 bytes)

     Virtual frames (innermost first):
        0 - frame( sp=0x00000003060104a0, unextended_sp=0x00000003060104a0, fp=0x00000007955ca278, pc=0x0000000111eabe40)
sun.reflect.generics.visitor.Reifier.reifyTypeArguments(Reifier.java:68) - invokeinterface @ bci 18 
     Created vframeArray 0x00007f9cf0076220
DEOPT UNPACKING thread 0x00007f9cf0010800 vframeArray 0x00007f9cf0076220 mode 2
     {method} {0x000000010e997af8} &apos;reifyTypeArguments&apos; &apos;([Lsun/reflect/generics/tree/TypeArgument;)[Ljava/lang/reflect/Type;&apos; in &apos;sun/reflect/generics/visitor/Reifier&apos; - invokeinterface @ bci 18 sp = 0x0000000306010470
<uncommon_trap thread='9475' reason='class_check' action='maybe_recompile' compile_id='2050' compiler='C2' count='1' state='class_check' stamp='14.647'>
Uncommon trap occurred in sun.reflect.generics.reflectiveObjects.WildcardTypeImpl::getUpperBounds (@0x0000000111ea54b8) thread=9475 reason=class_check action=maybe_recompile unloaded_class_index=-1
<jvms bci='37' method='sun/reflect/generics/reflectiveObjects/WildcardTypeImpl getUpperBounds ()[Ljava/lang/reflect/Type;' bytes='72' count='2' backedge_count='2' iicount='4' class_check_traps='1'/>
</uncommon_trap>
DEOPT PACKING thread 0x00007f9cf0010800 Compiled frame (sp=0x00000003060104c0 unextended sp=0x00000003060104c0, fp=0x00000000f2ab9449, real_fp=0x0000000306010520, pc=0x0000000111ea54b8)
     nmethod  14647 2050             sun.reflect.generics.reflectiveObjects.WildcardTypeImpl::getUpperBounds (72 bytes)

     Virtual frames (innermost first):
        0 - frame( sp=0x00000003060104c0, unextended_sp=0x00000003060104c0, fp=0x00000000f2ab9449, pc=0x0000000111ea54b8)
sun.reflect.generics.reflectiveObjects.WildcardTypeImpl.getUpperBounds(WildcardTypeImpl.java:130) - invokeinterface @ bci 37 
     Created vframeArray 0x00007f9cdf065620
DEOPT UNPACKING thread 0x00007f9cf0010800 vframeArray 0x00007f9cdf065620 mode 2
     {method} {0x000000010ea45450} &apos;getUpperBounds&apos; &apos;()[Ljava/lang/reflect/Type;&apos; in &apos;sun/reflect/generics/reflectiveObjects/WildcardTypeImpl&apos; - invokeinterface @ bci 37 sp = 0x0000000306010498
<uncommon_trap thread='9475' reason='class_check' action='maybe_recompile' compile_id='1869' compiler='C2' count='3' state='class_check' stamp='14.681'>
Uncommon trap occurred in org.springframework.core.ResolvableType::getGenerics (@0x000000011205d4d4) thread=9475 reason=class_check action=maybe_recompile unloaded_class_index=-1
<jvms bci='91' method='org/springframework/core/ResolvableType getGenerics ()[Lorg/springframework/core/ResolvableType;' bytes='148' count='2' backedge_count='6' iicount='5' class_check_traps='3'/>
</uncommon_trap>
DEOPT PACKING thread 0x00007f9cf0010800 Compiled frame (sp=0x0000000306010660 unextended sp=0x0000000306010660, fp=0x00000007955cf070, real_fp=0x00000003060106c0, pc=0x000000011205d4d4)
     nmethod  14681 1869             org.springframework.core.ResolvableType::getGenerics (148 bytes)

     Virtual frames (innermost first):
        0 - frame( sp=0x0000000306010660, unextended_sp=0x0000000306010660, fp=0x00000007955cf070, pc=0x000000011205d4d4)
org.springframework.core.ResolvableType.getGenerics(ResolvableType.java:735) - invokeinterface @ bci 91 
     Created vframeArray 0x00007f9cf087ea20
DEOPT UNPACKING thread 0x00007f9cf0010800 vframeArray 0x00007f9cf087ea20 mode 2
     {method} {0x000000010e830928} &apos;getGenerics&apos; &apos;()[Lorg/springframework/core/ResolvableType;&apos; in &apos;org/springframework/core/ResolvableType&apos; - invokeinterface @ bci 91 sp = 0x0000000306010648
<uncommon_trap thread='9475' reason='null_check' action='make_not_entrant' compile_id='801' compiler='C2' stamp='14.708'>
Uncommon trap occurred in java.lang.reflect.Array::newInstance (@0x0000000111e2c93c) thread=9475 reason=null_check action=make_not_entrant unloaded_class_index=-1
<jvms bci='2' method='java/lang/reflect/Array newInstance (Ljava/lang/Class;I)Ljava/lang/Object;' bytes='6' count='1' backedge_count='1' iicount='5'/>
</uncommon_trap>
DEOPT PACKING thread 0x00007f9cf0010800 Compiled frame (sp=0x0000000306010660 unextended sp=0x0000000306010660, fp=0x000000074000c5e8, real_fp=0x0000000306010690, pc=0x0000000111e2c93c)
     nmethod  14707  801             java.lang.reflect.Array::newInstance (6 bytes)

     Virtual frames (innermost first):
        0 - frame( sp=0x0000000306010660, unextended_sp=0x0000000306010660, fp=0x000000074000c5e8, pc=0x0000000111e2c93c)
java.lang.reflect.Array.newInstance(Array.java:75) - invokestatic @ bci 2 
     Created vframeArray 0x00007f9cdf065620
DEOPT UNPACKING thread 0x00007f9cf0010800 vframeArray 0x00007f9cdf065620 mode 2
     {method} {0x000000010e7bf7e8} &apos;newInstance&apos; &apos;(Ljava/lang/Class;I)Ljava/lang/Object;&apos; in &apos;java/lang/reflect/Array&apos; - invokestatic @ bci 2 sp = 0x0000000306010620
<uncommon_trap thread='9475' reason='unloaded' action='reinterpret' index='81' compile_id='2015' compiler='C2' unresolved='1' name='java/lang/Boolean' count='1' stamp='14.709'>
Uncommon trap occurred in org.springframework.core.SerializableTypeWrapper$TypeProxyInvocationHandler::invoke (@0x000000011208f16c) thread=9475 reason=unloaded action=reinterpret unloaded_class_index=81 unresolved class: java/lang/Boolean
<jvms bci='157' method='org/springframework/core/SerializableTypeWrapper$TypeProxyInvocationHandler invoke (Ljava/lang/Object;Ljava/lang/reflect/Method;[Ljava/lang/Object;)Ljava/lang/Object;' bytes='324' count='2' backedge_count='2' iicount='9' decompiles='3' class_check_traps='6' unloaded_traps='1'/>
</uncommon_trap>
DEOPT PACKING thread 0x00007f9cf0010800 Compiled frame (sp=0x0000000306010310 unextended sp=0x0000000306010310, fp=0x0000000000000001, real_fp=0x00000003060103b0, pc=0x000000011208f16c)
     nmethod  14709 2015             org.springframework.core.SerializableTypeWrapper$TypeProxyInvocationHandler::invoke (324 bytes)

     Virtual frames (innermost first):
        0 - frame( sp=0x0000000306010310, unextended_sp=0x0000000306010310, fp=0x0000000000000001, pc=0x000000011208f16c)
org.springframework.core.SerializableTypeWrapper$TypeProxyInvocationHandler.invoke(SerializableTypeWrapper.java:195) - invokestatic @ bci 157 
     Created vframeArray 0x00007f9cef07a020
DEOPT UNPACKING thread 0x00007f9cf0010800 vframeArray 0x00007f9cef07a020 mode 2
     {method} {0x000000010e9ad9a0} &apos;invoke&apos; &apos;(Ljava/lang/Object;Ljava/lang/reflect/Method;[Ljava/lang/Object;)Ljava/lang/Object;&apos; in &apos;org/springframework/core/SerializableTypeWrapper$TypeProxyInvocationHandler&apos; - invokestatic @ bci 157 sp = 0x0000000306010340
<uncommon_trap thread='9475' reason='bimorphic' action='maybe_recompile' compile_id='2111' compiler='C2' count='3' state='#15' stamp='14.766'>
Uncommon trap occurred in sun.reflect.generics.reflectiveObjects.GenericArrayTypeImpl::hashCode (@0x0000000111f57d78) thread=9475 reason=bimorphic action=maybe_recompile unloaded_class_index=-1
<jvms bci='5' method='java/util/Objects hashCode (Ljava/lang/Object;)I' bytes='13' count='3' backedge_count='1' iicount='6' decompiles='1' class_check_traps='4' bimorphic_traps='3'/>
<jvms bci='4' method='sun/reflect/generics/reflectiveObjects/GenericArrayTypeImpl hashCode ()I' bytes='8' count='2' backedge_count='1' iicount='5'/>
</uncommon_trap>
DEOPT PACKING thread 0x00007f9cf0010800 Compiled frame (sp=0x0000000306010590 unextended sp=0x0000000306010590, fp=0x00000000f2ab4d21, real_fp=0x00000003060105c0, pc=0x0000000111f57d78)
     nmethod  14766 2111             sun.reflect.generics.reflectiveObjects.GenericArrayTypeImpl::hashCode (8 bytes)

     Virtual frames (innermost first):
        0 - frame( sp=0x0000000306010590, unextended_sp=0x0000000306010590, fp=0x00000000f2ab4d21, pc=0x0000000111f57d78)
java.util.Objects.hashCode(Objects.java:98) - invokevirtual @ bci 5 
        1 - frame( sp=0x0000000306010590, unextended_sp=0x0000000306010590, fp=0x00000000f2ab4d21, pc=0x0000000111f57d78)
sun.reflect.generics.reflectiveObjects.GenericArrayTypeImpl.hashCode(GenericArrayTypeImpl.java:91) - invokestatic @ bci 4 
     Created vframeArray 0x00007f9cef0a7020
DEOPT UNPACKING thread 0x00007f9cf0010800 vframeArray 0x00007f9cef0a7020 mode 2
     {method} {0x000000010ea059d8} &apos;hashCode&apos; &apos;()I&apos; in &apos;sun/reflect/generics/reflectiveObjects/GenericArrayTypeImpl&apos; - invokestatic @ bci 4 sp = 0x0000000306010560
     {method} {0x000000010e5a19a0} &apos;hashCode&apos; &apos;(Ljava/lang/Object;)I&apos; in &apos;java/util/Objects&apos; - invokevirtual @ bci 5 sp = 0x0000000306010508
<uncommon_trap thread='9475' reason='class_check' action='maybe_recompile' compile_id='2141' compiler='C2' count='6' stamp='14.808'>
Uncommon trap occurred in org.springframework.core.SerializableTypeWrapper$TypeProxyInvocationHandler::invoke (@0x0000000111f7ca9c) thread=9475 reason=class_check action=maybe_recompile unloaded_class_index=-1
<jvms bci='127' method='org/springframework/core/SerializableTypeWrapper$TypeProxyInvocationHandler invoke (Ljava/lang/Object;Ljava/lang/reflect/Method;[Ljava/lang/Object;)Ljava/lang/Object;' bytes='324' count='2' backedge_count='1' iicount='12' decompiles='4' class_check_traps='6' unloaded_traps='2'/>
</uncommon_trap>
DEOPT PACKING thread 0x00007f9cf0010800 Compiled frame (sp=0x0000000306010180 unextended sp=0x0000000306010180, fp=0x00000007955c22d8, real_fp=0x0000000306010220, pc=0x0000000111f7ca9c)
     nmethod  14807 2141             org.springframework.core.SerializableTypeWrapper$TypeProxyInvocationHandler::invoke (324 bytes)

     Virtual frames (innermost first):
        0 - frame( sp=0x0000000306010180, unextended_sp=0x0000000306010180, fp=0x00000007955c22d8, pc=0x0000000111f7ca9c)
org.springframework.core.SerializableTypeWrapper$TypeProxyInvocationHandler.invoke(SerializableTypeWrapper.java:192) - instanceof @ bci 127 
     Created vframeArray 0x00007f9cef07a020
DEOPT UNPACKING thread 0x00007f9cf0010800 vframeArray 0x00007f9cef07a020 mode 2
     {method} {0x000000010e9ad9a0} &apos;invoke&apos; &apos;(Ljava/lang/Object;Ljava/lang/reflect/Method;[Ljava/lang/Object;)Ljava/lang/Object;&apos; in &apos;org/springframework/core/SerializableTypeWrapper$TypeProxyInvocationHandler&apos; - instanceof @ bci 127 sp = 0x00000003060101b0
<uncommon_trap thread='9475' reason='class_check' action='maybe_recompile' compile_id='2141' compiler='C2' count='7' state='class_check' stamp='14.810'>
Uncommon trap occurred in org.springframework.core.SerializableTypeWrapper$TypeProxyInvocationHandler::invoke (@0x0000000111f7ca9c) thread=9475 reason=class_check action=maybe_recompile unloaded_class_index=-1
<jvms bci='127' method='org/springframework/core/SerializableTypeWrapper$TypeProxyInvocationHandler invoke (Ljava/lang/Object;Ljava/lang/reflect/Method;[Ljava/lang/Object;)Ljava/lang/Object;' bytes='324' count='2' backedge_count='1' iicount='12' decompiles='4' class_check_traps='7' unloaded_traps='2'/>
</uncommon_trap>
DEOPT PACKING thread 0x00007f9cf0010800 Compiled frame (sp=0x00000003060102b0 unextended sp=0x00000003060102b0, fp=0x00000007955c22d8, real_fp=0x0000000306010350, pc=0x0000000111f7ca9c)
     nmethod  14810 2141             org.springframework.core.SerializableTypeWrapper$TypeProxyInvocationHandler::invoke (324 bytes)

     Virtual frames (innermost first):
        0 - frame( sp=0x00000003060102b0, unextended_sp=0x00000003060102b0, fp=0x00000007955c22d8, pc=0x0000000111f7ca9c)
org.springframework.core.SerializableTypeWrapper$TypeProxyInvocationHandler.invoke(SerializableTypeWrapper.java:192) - instanceof @ bci 127 
     Created vframeArray 0x00007f9cf087ea20
DEOPT UNPACKING thread 0x00007f9cf0010800 vframeArray 0x00007f9cf087ea20 mode 2
     {method} {0x000000010e9ad9a0} &apos;invoke&apos; &apos;(Ljava/lang/Object;Ljava/lang/reflect/Method;[Ljava/lang/Object;)Ljava/lang/Object;&apos; in &apos;org/springframework/core/SerializableTypeWrapper$TypeProxyInvocationHandler&apos; - instanceof @ bci 127 sp = 0x00000003060102e0
<uncommon_trap thread='9475' reason='class_check' action='maybe_recompile' compile_id='2112' compiler='C2' stamp='15.026'>
Uncommon trap occurred in sun.reflect.generics.reflectiveObjects.ParameterizedTypeImpl::equals (@0x0000000111f57668) thread=9475 reason=class_check action=maybe_recompile unloaded_class_index=-1
<jvms bci='20' method='sun/reflect/generics/reflectiveObjects/ParameterizedTypeImpl equals (Ljava/lang/Object;)Z' bytes='81' count='2' backedge_count='1' iicount='5'/>
</uncommon_trap>
DEOPT PACKING thread 0x00007f9cf0010800 Compiled frame (sp=0x0000000306010400 unextended sp=0x0000000306010400, fp=0x00000007400cd9d8, real_fp=0x0000000306010430, pc=0x0000000111f57668)
     nmethod  15026 2112             sun.reflect.generics.reflectiveObjects.ParameterizedTypeImpl::equals (81 bytes)

     Virtual frames (innermost first):
        0 - frame( sp=0x0000000306010400, unextended_sp=0x0000000306010400, fp=0x00000007400cd9d8, pc=0x0000000111f57668)
sun.reflect.generics.reflectiveObjects.ParameterizedTypeImpl.equals(ParameterizedTypeImpl.java:167) - invokeinterface @ bci 20 
     Created vframeArray 0x00007f9cf0076220
DEOPT UNPACKING thread 0x00007f9cf0010800 vframeArray 0x00007f9cf0076220 mode 2
     {method} {0x000000010e99c5b0} &apos;equals&apos; &apos;(Ljava/lang/Object;)Z&apos; in &apos;sun/reflect/generics/reflectiveObjects/ParameterizedTypeImpl&apos; - invokeinterface @ bci 20 sp = 0x00000003060103b0
<uncommon_trap thread='9475' reason='class_check' action='maybe_recompile' compile_id='2112' compiler='C2' count='1' state='class_check' stamp='15.027'>
Uncommon trap occurred in sun.reflect.generics.reflectiveObjects.ParameterizedTypeImpl::equals (@0x0000000111f57668) thread=9475 reason=class_check action=maybe_recompile unloaded_class_index=-1
<jvms bci='20' method='sun/reflect/generics/reflectiveObjects/ParameterizedTypeImpl equals (Ljava/lang/Object;)Z' bytes='81' count='2' backedge_count='1' iicount='5' class_check_traps='1'/>
</uncommon_trap>
DEOPT PACKING thread 0x00007f9cf0010800 Compiled frame (sp=0x0000000306010380 unextended sp=0x0000000306010380, fp=0x00000007400cd9d8, real_fp=0x00000003060103b0, pc=0x0000000111f57668)
     nmethod  15027 2112             sun.reflect.generics.reflectiveObjects.ParameterizedTypeImpl::equals (81 bytes)

     Virtual frames (innermost first):
        0 - frame( sp=0x0000000306010380, unextended_sp=0x0000000306010380, fp=0x00000007400cd9d8, pc=0x0000000111f57668)
sun.reflect.generics.reflectiveObjects.ParameterizedTypeImpl.equals(ParameterizedTypeImpl.java:167) - invokeinterface @ bci 20 
     Created vframeArray 0x00007f9cdf065620
DEOPT UNPACKING thread 0x00007f9cf0010800 vframeArray 0x00007f9cdf065620 mode 2
     {method} {0x000000010e99c5b0} &apos;equals&apos; &apos;(Ljava/lang/Object;)Z&apos; in &apos;sun/reflect/generics/reflectiveObjects/ParameterizedTypeImpl&apos; - invokeinterface @ bci 20 sp = 0x0000000306010330
<uncommon_trap thread='9475' reason='class_check' action='maybe_recompile' compile_id='2112' compiler='C2' count='2' state='class_check' stamp='15.034'>
Uncommon trap occurred in sun.reflect.generics.reflectiveObjects.ParameterizedTypeImpl::equals (@0x0000000111f57668) thread=9475 reason=class_check action=maybe_recompile unloaded_class_index=-1
<jvms bci='20' method='sun/reflect/generics/reflectiveObjects/ParameterizedTypeImpl equals (Ljava/lang/Object;)Z' bytes='81' count='2' backedge_count='1' iicount='5' class_check_traps='2'/>
</uncommon_trap>
DEOPT PACKING thread 0x00007f9cf0010800 Compiled frame (sp=0x0000000306010400 unextended sp=0x0000000306010400, fp=0x00000007400cd3f8, real_fp=0x0000000306010430, pc=0x0000000111f57668)
     nmethod  15034 2112             sun.reflect.generics.reflectiveObjects.ParameterizedTypeImpl::equals (81 bytes)

     Virtual frames (innermost first):
        0 - frame( sp=0x0000000306010400, unextended_sp=0x0000000306010400, fp=0x00000007400cd3f8, pc=0x0000000111f57668)
sun.reflect.generics.reflectiveObjects.ParameterizedTypeImpl.equals(ParameterizedTypeImpl.java:167) - invokeinterface @ bci 20 
     Created vframeArray 0x00007f9cf087ea20
DEOPT UNPACKING thread 0x00007f9cf0010800 vframeArray 0x00007f9cf087ea20 mode 2
     {method} {0x000000010e99c5b0} &apos;equals&apos; &apos;(Ljava/lang/Object;)Z&apos; in &apos;sun/reflect/generics/reflectiveObjects/ParameterizedTypeImpl&apos; - invokeinterface @ bci 20 sp = 0x00000003060103b0
<uncommon_trap thread='9475' reason='class_check' action='maybe_recompile' compile_id='2112' compiler='C2' count='3' state='class_check' stamp='15.035'>
Uncommon trap occurred in sun.reflect.generics.reflectiveObjects.ParameterizedTypeImpl::equals (@0x0000000111f57668) thread=9475 reason=class_check action=maybe_recompile unloaded_class_index=-1
<jvms bci='20' method='sun/reflect/generics/reflectiveObjects/ParameterizedTypeImpl equals (Ljava/lang/Object;)Z' bytes='81' count='2' backedge_count='1' iicount='5' class_check_traps='3'/>
</uncommon_trap>
DEOPT PACKING thread 0x00007f9cf0010800 Compiled frame (sp=0x0000000306010380 unextended sp=0x0000000306010380, fp=0x00000007400cd3f8, real_fp=0x00000003060103b0, pc=0x0000000111f57668)
     nmethod  15034 2112             sun.reflect.generics.reflectiveObjects.ParameterizedTypeImpl::equals (81 bytes)

     Virtual frames (innermost first):
        0 - frame( sp=0x0000000306010380, unextended_sp=0x0000000306010380, fp=0x00000007400cd3f8, pc=0x0000000111f57668)
sun.reflect.generics.reflectiveObjects.ParameterizedTypeImpl.equals(ParameterizedTypeImpl.java:167) - invokeinterface @ bci 20 
     Created vframeArray 0x00007f9cdf065620
DEOPT UNPACKING thread 0x00007f9cf0010800 vframeArray 0x00007f9cdf065620 mode 2
     {method} {0x000000010e99c5b0} &apos;equals&apos; &apos;(Ljava/lang/Object;)Z&apos; in &apos;sun/reflect/generics/reflectiveObjects/ParameterizedTypeImpl&apos; - invokeinterface @ bci 20 sp = 0x0000000306010330
<uncommon_trap thread='9475' reason='null_check' action='make_not_entrant' compile_id='1903' compiler='C2' stamp='15.162'>
Uncommon trap occurred in org.springframework.core.SerializableTypeWrapper$MethodInvokeTypeProvider::getType (@0x0000000112069fe0) thread=9475 reason=null_check action=make_not_entrant unloaded_class_index=-1
<jvms bci='32' method='org/springframework/core/SerializableTypeWrapper$MethodInvokeTypeProvider getType ()Ljava/lang/reflect/Type;' bytes='58' count='2' backedge_count='1' iicount='7' decompiles='1' class_check_traps='4'/>
</uncommon_trap>
DEOPT PACKING thread 0x00007f9cf0010800 Compiled frame (sp=0x0000000306010320 unextended sp=0x0000000306010320, fp=0x00000000e8005864, real_fp=0x0000000306010350, pc=0x0000000112069fe0)
     nmethod  15162 1903             org.springframework.core.SerializableTypeWrapper$MethodInvokeTypeProvider::getType (58 bytes)

     Virtual frames (innermost first):
        0 - frame( sp=0x0000000306010320, unextended_sp=0x0000000306010320, fp=0x00000000e8005864, pc=0x0000000112069fe0)
org.springframework.core.SerializableTypeWrapper$MethodInvokeTypeProvider.getType(SerializableTypeWrapper.java:353) - instanceof @ bci 32 
     Created vframeArray 0x00007f9cf00a6020
DEOPT UNPACKING thread 0x00007f9cf0010800 vframeArray 0x00007f9cf00a6020 mode 2
     {method} {0x000000010ea11318} &apos;getType&apos; &apos;()Ljava/lang/reflect/Type;&apos; in &apos;org/springframework/core/SerializableTypeWrapper$MethodInvokeTypeProvider&apos; - instanceof @ bci 32 sp = 0x00000003060102e8
<uncommon_trap thread='9475' reason='null_check' action='make_not_entrant' compile_id='2161' compiler='C2' stamp='15.163'>
Uncommon trap occurred in sun.reflect.generics.reflectiveObjects.ParameterizedTypeImpl::equals (@0x000000011204c86c) thread=9475 reason=null_check action=make_not_entrant unloaded_class_index=-1
<jvms bci='14' method='org/springframework/core/$Proxy1 getOwnerType ()Ljava/lang/reflect/Type;' bytes='29' count='4' iicount='4'/>
<jvms bci='20' method='sun/reflect/generics/reflectiveObjects/ParameterizedTypeImpl equals (Ljava/lang/Object;)Z' bytes='81' count='2' backedge_count='1' iicount='7' decompiles='1' class_check_traps='4'/>
</uncommon_trap>
DEOPT PACKING thread 0x00007f9cf0010800 Compiled frame (sp=0x0000000306010470 unextended sp=0x0000000306010470, fp=0x0000000740003d58, real_fp=0x00000003060104b0, pc=0x000000011204c86c)
     nmethod  15162 2161             sun.reflect.generics.reflectiveObjects.ParameterizedTypeImpl::equals (81 bytes)

     Virtual frames (innermost first):
        0 - frame( sp=0x0000000306010470, unextended_sp=0x0000000306010470, fp=0x0000000740003d58, pc=0x000000011204c86c)
org.springframework.core.$Proxy1.getOwnerType - checkcast @ bci 14 
        1 - frame( sp=0x0000000306010470, unextended_sp=0x0000000306010470, fp=0x0000000740003d58, pc=0x000000011204c86c)
sun.reflect.generics.reflectiveObjects.ParameterizedTypeImpl.equals(ParameterizedTypeImpl.java:167) - invokeinterface @ bci 20 
     Created vframeArray 0x00007f9cf0887220
DEOPT UNPACKING thread 0x00007f9cf0010800 vframeArray 0x00007f9cf0887220 mode 2
     {method} {0x000000010e99c5b0} &apos;equals&apos; &apos;(Ljava/lang/Object;)Z&apos; in &apos;sun/reflect/generics/reflectiveObjects/ParameterizedTypeImpl&apos; - invokeinterface @ bci 20 sp = 0x0000000306010428
     {method} {0x000000010ea0f780} &apos;getOwnerType&apos; &apos;()Ljava/lang/reflect/Type;&apos; in &apos;org/springframework/core/$Proxy1&apos; - checkcast @ bci 14 sp = 0x00000003060103d0
<uncommon_trap thread='9475' reason='class_check' action='maybe_recompile' compile_id='2154' compiler='C2' count='8' stamp='15.193'>
Uncommon trap occurred in org.springframework.core.SerializableTypeWrapper$TypeProxyInvocationHandler::invoke (@0x00000001120b1dfc) thread=9475 reason=class_check action=maybe_recompile unloaded_class_index=-1
<jvms bci='147' method='org/springframework/core/SerializableTypeWrapper$TypeProxyInvocationHandler invoke (Ljava/lang/Object;Ljava/lang/reflect/Method;[Ljava/lang/Object;)Ljava/lang/Object;' bytes='324' count='2' backedge_count='1' iicount='14' decompiles='5' class_check_traps='8' unloaded_traps='2'/>
</uncommon_trap>
DEOPT PACKING thread 0x00007f9cf0010800 Compiled frame (sp=0x00000003060102d0 unextended sp=0x00000003060102d0, fp=0x0000000740003d08, real_fp=0x0000000306010370, pc=0x00000001120b1dfc)
     nmethod  15193 2154             org.springframework.core.SerializableTypeWrapper$TypeProxyInvocationHandler::invoke (324 bytes)

     Virtual frames (innermost first):
        0 - frame( sp=0x00000003060102d0, unextended_sp=0x00000003060102d0, fp=0x0000000740003d08, pc=0x00000001120b1dfc)
org.springframework.core.SerializableTypeWrapper$TypeProxyInvocationHandler.invoke(SerializableTypeWrapper.java:195) - invokeinterface @ bci 147 
     Created vframeArray 0x00007f9cdf065620
DEOPT UNPACKING thread 0x00007f9cf0010800 vframeArray 0x00007f9cdf065620 mode 2
     {method} {0x000000010e9ad9a0} &apos;invoke&apos; &apos;(Ljava/lang/Object;Ljava/lang/reflect/Method;[Ljava/lang/Object;)Ljava/lang/Object;&apos; in &apos;org/springframework/core/SerializableTypeWrapper$TypeProxyInvocationHandler&apos; - invokeinterface @ bci 147 sp = 0x00000003060102e0
<uncommon_trap thread='9475' reason='class_check' action='maybe_recompile' compile_id='2154' compiler='C2' count='9' state='class_check' stamp='15.827'>
Uncommon trap occurred in org.springframework.core.SerializableTypeWrapper$TypeProxyInvocationHandler::invoke (@0x00000001120b1dfc) thread=9475 reason=class_check action=maybe_recompile unloaded_class_index=-1
<jvms bci='147' method='org/springframework/core/SerializableTypeWrapper$TypeProxyInvocationHandler invoke (Ljava/lang/Object;Ljava/lang/reflect/Method;[Ljava/lang/Object;)Ljava/lang/Object;' bytes='324' count='2' backedge_count='1' iicount='14' decompiles='5' class_check_traps='9' unloaded_traps='2'/>
</uncommon_trap>
DEOPT PACKING thread 0x00007f9cf0010800 Compiled frame (sp=0x0000000306010260 unextended sp=0x0000000306010260, fp=0x00000007400cbad0, real_fp=0x0000000306010300, pc=0x00000001120b1dfc)
     nmethod  15826 2154             org.springframework.core.SerializableTypeWrapper$TypeProxyInvocationHandler::invoke (324 bytes)

     Virtual frames (innermost first):
        0 - frame( sp=0x0000000306010260, unextended_sp=0x0000000306010260, fp=0x00000007400cbad0, pc=0x00000001120b1dfc)
org.springframework.core.SerializableTypeWrapper$TypeProxyInvocationHandler.invoke(SerializableTypeWrapper.java:195) - invokeinterface @ bci 147 
     Created vframeArray 0x00007f9cef07d220
DEOPT UNPACKING thread 0x00007f9cf0010800 vframeArray 0x00007f9cef07d220 mode 2
     {method} {0x000000010e9ad9a0} &apos;invoke&apos; &apos;(Ljava/lang/Object;Ljava/lang/reflect/Method;[Ljava/lang/Object;)Ljava/lang/Object;&apos; in &apos;org/springframework/core/SerializableTypeWrapper$TypeProxyInvocationHandler&apos; - invokeinterface @ bci 147 sp = 0x0000000306010270
<uncommon_trap thread='9475' reason='unstable_if' action='reinterpret' compile_id='2179' compile_kind='osr' compiler='C2' stamp='25.861'>
Uncommon trap occurred in repro.ResolvableTypeC2Repro::exerciseWeakQueueStormOsr (@0x00000001120bc330) thread=9475 reason=unstable_if action=reinterpret unloaded_class_index=-1
<jvms bci='54' method='repro/ResolvableTypeC2Repro exerciseWeakQueueStormOsr (II)V' bytes='635' count='1' backedge_count='1024' iicount='1'/>
</uncommon_trap>
DEOPT PACKING thread 0x00007f9cf0010800 Compiled frame (sp=0x0000000306010780 unextended sp=0x0000000306010780, fp=0x0000000000000000, real_fp=0x00000003060108b0, pc=0x00000001120bc330)
     nmethod  25862 2179 % !         repro.ResolvableTypeC2Repro::exerciseWeakQueueStormOsr @ -2 (635 bytes)

     Virtual frames (innermost first):
        0 - frame( sp=0x0000000306010780, unextended_sp=0x0000000306010780, fp=0x0000000000000000, pc=0x00000001120bc330)
repro.ResolvableTypeC2Repro.exerciseWeakQueueStormOsr(ResolvableTypeC2Repro.java:1355) - if_icmpge @ bci 54 
     Created vframeArray 0x00007f9cf000a820
DEOPT UNPACKING thread 0x00007f9cf0010800 vframeArray 0x00007f9cf000a820 mode 2
     {method} {0x000000010e809158} &apos;exerciseWeakQueueStormOsr&apos; &apos;(II)V&apos; in &apos;repro/ResolvableTypeC2Repro&apos; - if_icmpge @ bci 54 sp = 0x00000003060107d0
C1 Runtime statistics:
 _resolve_invoke_virtual_cnt:     47
 _resolve_invoke_opt_virtual_cnt: 2552
 _resolve_invoke_static_cnt:      1243
 _handle_wrong_method_cnt:        142
 _ic_miss_cnt:                    26
 _generic_arraycopy_cnt:          0
 _generic_arraycopystub_cnt:      0
 _byte_arraycopy_cnt:             0
 _short_arraycopy_cnt:            0
 _int_arraycopy_cnt:              0
 _long_arraycopy_cnt:             0
 _primitive_arraycopy_cnt:        0
 _oop_arraycopy_cnt (C):          0
 _oop_arraycopy_cnt (stub):       0
 _arraycopy_slowcase_cnt:         0
 _arraycopy_checkcast_cnt:        0
 _arraycopy_checkcast_attempt_cnt:0
 _new_type_array_slowcase_cnt:    0
 _new_object_array_slowcase_cnt:  0
 _new_instance_slowcase_cnt:      0
 _new_multi_array_slowcase_cnt:   0
 _monitorenter_slowcase_cnt:      0
 _monitorexit_slowcase_cnt:       0
 _patch_code_slowcase_cnt:        0
 _throw_range_check_exception_count:            0:
 _throw_index_exception_count:                  0:
 _throw_div0_exception_count:                   0:
 _throw_null_pointer_exception_count:           0:
 _throw_class_cast_exception_count:             0:
 _throw_incompatible_class_change_error_count:  0:
 _throw_array_store_exception_count:            0:
 _throw_count:                                  0:

<statistics type='deoptimization'>
Deoptimization traps recorded:
   324 (100.0%) total
    null_check/make_not_entrant/instanceof: 4 (1.2%)
       null_check/make_not_entrant/aastore: 2 (0.6%)
     null_check/make_not_entrant/checkcast: 2 (0.6%)
  null_check/make_not_entrant/invokestatic: 1 (0.3%)
    null_assert/make_not_entrant/checkcast: 1 (0.3%)
   null_assert/make_not_entrant/instanceof: 1 (0.3%)
     null_assert/make_not_entrant/astore_3: 1 (0.3%)
      null_assert/make_not_entrant/areturn: 2 (0.6%)
  class_check/maybe_recompile/invokevirtual: 62 (19.1%)
    class_check/maybe_recompile/instanceof: 30 (9.3%)
  class_check/maybe_recompile/invokeinterface: 40 (12.3%)
       array_check/maybe_recompile/aastore: 8 (2.5%)
   bimorphic/maybe_recompile/invokevirtual: 41 (12.7%)
  bimorphic/maybe_recompile/invokeinterface: 4 (1.2%)
         unloaded/reinterpret/invokestatic: 4 (1.2%)
                  unloaded/reinterpret/new: 7 (2.2%)
       uninitialized/reinterpret/getstatic: 86 (26.5%)
                       constraint/none/nop: 4 (1.2%)
           predicate/maybe_recompile/aload: 2 (0.6%)
         predicate/maybe_recompile/aload_0: 2 (0.6%)
    loop_limit_check/maybe_recompile/aload: 2 (0.6%)
    loop_limit_check/maybe_recompile/iload: 1 (0.3%)
  loop_limit_check/maybe_recompile/aload_0: 1 (0.3%)
  speculate_class_check/maybe_recompile/instanceof: 3 (0.9%)
         unstable_if/reinterpret/if_icmpeq: 1 (0.3%)
         unstable_if/reinterpret/if_icmpge: 3 (0.9%)
              unstable_if/reinterpret/ifne: 1 (0.3%)
               unstable_if/reinterpret/nop: 8 (2.5%)
</statistics>
<statistics type='SharedRuntime'>
   11 monitor enter slow
    1 monitor exit slow
    1 new instance requires GC
  122 new array requires GC
   26 inline cache miss in compiled
  142 wrong method
 1243 unresolved static call site
   47 unresolved virtual call site
 2552 unresolved opt virtual call site
335207 slow partial subtype
 1274 byte array copies
10542 short array copies
  902 int array copies
123458 long array copies
  174 checkcast array copies
  144 find exception handler
  137 rethrow handler
AdapterHandlerTable: empty 154 longest 3 total 185 average 1.330935
AdapterHandlerTable: lookups 9205 buckets 9627 equals 8745 hits 8745 compact 8745
</statistics>
<statistics type='nmethod'>
Statistics for 138 native nmethods:
 N. total size  = 134288
 N. relocation  = 11296
 N. main code   = 79152
Statistics for 2067 bytecoded nmethods:
 total in heap  = 4475000
 relocation     = 236304
 constants      = 4288
 main code      = 1625504
 stub code      = 127840
 oops           = 5256
 scopes data    = 521368
 scopes pcs     = 1013152
 dependencies   = 17880
 handler table  = 169032
 nul chk table  = 31048
Debug Data Chunks: 120105, shared 17127+34884, non-SP&apos;s elided 487
PcDesc Statistics:  343692 queries, 9.00 comparisons per query
  caches=2067 queries=343692/0, hits=0+82370, tests=1513923+1577779, adds=261322
</statistics>
<statistics type='opto'>
--- Compiler Statistics ---
Methods seen: 7106  Methods parsed: 7106  Nodes created: 1579145
Blocks parsed: 20195  Blocks seen: 22332
25441 original NULL checks - 19097 elided (75%); optimizer leaves 7043,
2877 made implicit (40%)
CCP: 2067  constants found: 13
Total frameslots = 13204, Max frameslots = 64
Inserted 0 spill loads, 0 spill stores, 0 mem-mem moves and 0 copies.
Total load cost=      0, store cost =      0, mem-mem cost =  0.00, copy cost =     0.
Adjusted spill cost =       0.
Conservatively coalesced 20026 copies, 0 pairs, 29214 post alloc.
Used cisc instruction  1047,  remained in register 7721
Average allocation trips 1.757081
High Pressure Blocks = 0, Low Pressure Blocks = 0
Nops added 0 bytes to total of 1593643 bytes, for 0.00%
Peephole: peephole rules applied: 0
PhaseIdealLoop=6345, sum _unique=3072477
</statistics>
<statistics type='intrinsic'>
Compiler intrinsic usage:
    36 ( 5.2%) _hashCode (worked,virtual,nonvirtual)
    75 (10.8%) _getClass (worked)
    37 ( 5.3%) _clone (worked)
    28 ( 4.0%) _min (worked)
    16 ( 2.3%) _max (worked)
     1 ( 0.1%) _floatToRawIntBits (worked)
     2 ( 0.3%) _numberOfLeadingZeros_i (worked)
     5 ( 0.7%) _identityHashCode (worked)
     3 ( 0.4%) _currentTimeMillis (worked)
    10 ( 1.4%) _nanoTime (worked)
    48 ( 6.9%) _arraycopy (worked)
     3 ( 0.4%) _isInterrupted (worked)
    15 ( 2.2%) _currentThread (worked)
    28 ( 4.0%) _isAssignableFrom (worked)
     5 ( 0.7%) _isInstance (worked)
    13 ( 1.9%) _getModifiers (worked)
    28 ( 4.0%) _isInterface (worked)
    27 ( 3.9%) _isArray (worked)
    59 ( 8.5%) _isPrimitive (worked)
    16 ( 2.3%) _getSuperclass (worked)
    11 ( 1.6%) _getComponentType (worked)
     7 ( 1.0%) _getClassAccessFlags (worked)
    19 ( 2.7%) _getCallerClass (worked,failed)
     3 ( 0.4%) _newArray (worked)
     4 ( 0.6%) _copyOf (worked)
     5 ( 0.7%) _copyOfRange (worked)
    14 ( 2.0%) _indexOf (worked)
    93 (13.3%) _equals (worked)
     0 ( 0.0%) _checkIndex (disabled)
    37 ( 5.3%) _Reference_get (worked)
     2 ( 0.3%) _updateBytesCRC32 (worked)
    14 ( 2.0%) _getObjectVolatile (worked)
     2 ( 0.3%) _getIntVolatile (worked)
     5 ( 0.7%) _putObjectVolatile (worked)
     3 ( 0.4%) _getLong_raw (worked)
     2 ( 0.3%) _putLong_raw (worked)
     5 ( 0.7%) _compareAndSwapObject (worked)
     1 ( 0.1%) _compareAndSwapLong (worked)
     9 ( 1.3%) _compareAndSwapInt (worked)
     6 ( 0.9%) _getAndAddInt (worked)
   697 (100.0%) total (worked,failed,disabled,virtual,nonvirtual)
</statistics>
<writer thread='21507'/>
<destroy_vm stamp='25.968'/>
<tty_done stamp='25.998'/>
</tty>
<hotspot_log_done stamp='25.998'/>
</hotspot_log>
