<?xml version='1.0' encoding='UTF-8'?>
<hotspot_log version='160 1' process='6305' time_ms='1783158981860'>
<vm_version>
<name>
OpenJDK 64-Bit Server VM
</name>
<release>
25.512-b00-fastdebug
</release>
<info>
OpenJDK 64-Bit Server VM (25.512-b00-fastdebug) for bsd-amd64 JRE (1.8.0_512-internal-xiezhaokun_2026_07_04_16_29-b00), built on Jul  4 2026 17:42:47 by &quot;xiezhaokun&quot; with gcc Apple LLVM 16.0.0 (clang-1600.0.26.6)
</info>
</vm_version>
<vm_arguments>
<args>
-Xbatch -XX:CompileThreshold=100 -XX:-TieredCompilation -XX:CICompilerCount=1 -XX:+UnlockDiagnosticVMOptions -XX:CompileCommand=quiet -XX:+StressGCM -XX:+StressLCM -XX:+StressReflectiveCode -XX:+TraceDeoptimization -Drepro.iterations=3000000 -Drepro.seconds=0 -Drepro.clearCacheEvery=257 -Drepro.deoptAfter=1200000 -Drepro.target=advanced 
</args>
<command>
repro.ResolvableTypeC2Repro
</command>
<launcher>
SUN_STANDARD
</launcher>
<properties>
java.vm.specification.name=Java Virtual Machine Specification
java.vm.version=25.512-b00-fastdebug
java.vm.name=OpenJDK 64-Bit Server VM
java.vm.info=mixed mode, sharing
java.ext.dirs=/Users/xiezhaokun/Library/Java/Extensions:/Users/xiezhaokun/workspace/jdk8u-dev/build/codex-fastdebug-x86_64/jdk/lib/ext:/Library/Java/Extensions:/Network/Library/Java/Extensions:/System/Library/Java/Extensions:/usr/lib/java
java.endorsed.dirs=/Users/xiezhaokun/workspace/jdk8u-dev/build/codex-fastdebug-x86_64/jdk/lib/endorsed
sun.boot.library.path=/Users/xiezhaokun/workspace/jdk8u-dev/build/codex-fastdebug-x86_64/jdk/lib
java.library.path=/Users/xiezhaokun/Library/Java/Extensions:/Library/Java/Extensions:/Network/Library/Java/Extensions:/System/Library/Java/Extensions:/usr/lib/java:.
java.home=/Users/xiezhaokun/workspace/jdk8u-dev/build/codex-fastdebug-x86_64/jdk
java.class.path=/Users/xiezhaokun/workspace/jdk8u-dev/repro/spring-resolvabletype-c2/target/classes:/Users/xiezhaokun/workspace/jdk8u-dev/repro/spring-resolvabletype-c2/target/dependency/spring-core-5.3.31.jar:/Users/xiezhaokun/workspace/jdk8u-dev/repro/spring-resolvabletype-c2/target/dependency/spring-jcl-5.3.31.jar
sun.boot.class.path=/Users/xiezhaokun/workspace/jdk8u-dev/build/codex-fastdebug-x86_64/jdk/lib/resources.jar:/Users/xiezhaokun/workspace/jdk8u-dev/build/codex-fastdebug-x86_64/jdk/lib/rt.jar:/Users/xiezhaokun/workspace/jdk8u-dev/build/codex-fastdebug-x86_64/jdk/lib/sunrsasign.jar:/Users/xiezhaokun/workspace/jdk8u-dev/build/codex-fastdebug-x86_64/jdk/lib/jsse.jar:/Users/xiezhaokun/workspace/jdk8u-dev/build/codex-fastdebug-x86_64/jdk/lib/jce.jar:/Users/xiezhaokun/workspace/jdk8u-dev/build/codex-fastdebug-x86_64/jdk/lib/charsets.jar:/Users/xiezhaokun/workspace/jdk8u-dev/build/codex-fastdebug-x86_64/jdk/lib/jfr.jar:/Users/xiezhaokun/workspace/jdk8u-dev/build/codex-fastdebug-x86_64/jdk/classes
java.vm.specification.vendor=Oracle Corporation
java.vm.specification.version=1.8
java.vm.vendor=Oracle Corporation
repro.iterations=3000000
repro.seconds=0
repro.clearCacheEvery=257
repro.deoptAfter=1200000
repro.target=advanced
sun.java.command=repro.ResolvableTypeC2Repro
sun.java.launcher=SUN_STANDARD
</properties>
</vm_arguments>
<tty>
<writer thread='32003'/>
C2_CSV enter compile_id=1 alias_idx=4 final=1 eliminate_boxing=1 load=25:LoadN ld_adr=24:AddP st=7:Parm
C2_CSV probe compile_id=1 step=1 opc=224 holder=3:Start current=7:Parm
C2_CSV enter compile_id=1 alias_idx=4 final=1 eliminate_boxing=1 load=25:LoadN ld_adr=24:AddP st=7:Parm
C2_CSV probe compile_id=1 step=1 opc=224 holder=3:Start current=7:Parm
C2_CSV enter compile_id=1 alias_idx=4 final=1 eliminate_boxing=1 load=25:LoadN ld_adr=24:AddP st=7:Parm
C2_CSV probe compile_id=1 step=1 opc=224 holder=3:Start current=7:Parm
C2_CSV enter compile_id=2 alias_idx=7 final=1 eliminate_boxing=1 load=134:LoadN ld_adr=133:AddP st=7:Parm
C2_CSV probe compile_id=2 step=1 opc=224 holder=3:Start current=7:Parm
C2_CSV enter compile_id=2 alias_idx=7 final=1 eliminate_boxing=1 load=134:LoadN ld_adr=133:AddP st=7:Parm
C2_CSV probe compile_id=2 step=1 opc=224 holder=3:Start current=7:Parm
C2_CSV enter compile_id=2 alias_idx=7 final=1 eliminate_boxing=1 load=153:LoadN ld_adr=152:AddP st=7:Parm
C2_CSV probe compile_id=2 step=1 opc=224 holder=3:Start current=7:Parm
C2_CSV enter compile_id=2 alias_idx=7 final=1 eliminate_boxing=1 load=153:LoadN ld_adr=152:AddP st=7:Parm
C2_CSV probe compile_id=2 step=1 opc=224 holder=3:Start current=7:Parm
C2_CSV enter compile_id=2 alias_idx=7 final=1 eliminate_boxing=1 load=178:LoadN ld_adr=133:AddP st=7:Parm
C2_CSV probe compile_id=2 step=1 opc=224 holder=3:Start current=7:Parm
C2_CSV enter compile_id=2 alias_idx=7 final=1 eliminate_boxing=1 load=178:LoadN ld_adr=133:AddP st=7:Parm
C2_CSV probe compile_id=2 step=1 opc=224 holder=3:Start current=7:Parm
C2_CSV enter compile_id=2 alias_idx=7 final=1 eliminate_boxing=1 load=181:LoadN ld_adr=152:AddP st=7:Parm
C2_CSV probe compile_id=2 step=1 opc=224 holder=3:Start current=7:Parm
C2_CSV enter compile_id=2 alias_idx=7 final=1 eliminate_boxing=1 load=181:LoadN ld_adr=152:AddP st=7:Parm
C2_CSV probe compile_id=2 step=1 opc=224 holder=3:Start current=7:Parm
C2_CSV enter compile_id=2 alias_idx=7 final=1 eliminate_boxing=1 load=134:LoadN ld_adr=133:AddP st=7:Parm
C2_CSV probe compile_id=2 step=1 opc=224 holder=3:Start current=7:Parm
C2_CSV enter compile_id=2 alias_idx=7 final=1 eliminate_boxing=1 load=153:LoadN ld_adr=152:AddP st=7:Parm
C2_CSV probe compile_id=2 step=1 opc=224 holder=3:Start current=7:Parm
C2_CSV enter compile_id=2 alias_idx=7 final=1 eliminate_boxing=1 load=153:LoadN ld_adr=152:AddP st=7:Parm
C2_CSV probe compile_id=2 step=1 opc=224 holder=3:Start current=7:Parm
C2_CSV enter compile_id=2 alias_idx=7 final=1 eliminate_boxing=1 load=153:LoadN ld_adr=152:AddP st=7:Parm
C2_CSV probe compile_id=2 step=1 opc=224 holder=3:Start current=7:Parm
C2_CSV enter compile_id=3 alias_idx=4 final=0 eliminate_boxing=1 load=36:LoadN ld_adr=35:AddP st=29:Proj
C2_CSV probe compile_id=3 step=1 opc=161 holder=27:MemBarAcquireLock current=29:Proj
C2_CSV enter compile_id=3 alias_idx=4 final=0 eliminate_boxing=1 load=36:LoadN ld_adr=35:AddP st=29:Proj
C2_CSV probe compile_id=3 step=1 opc=161 holder=27:MemBarAcquireLock current=29:Proj
C2_CSV enter compile_id=3 alias_idx=6 final=0 eliminate_boxing=1 load=98:LoadI ld_adr=97:AddP st=29:Proj
C2_CSV probe compile_id=3 step=1 opc=161 holder=27:MemBarAcquireLock current=29:Proj
C2_CSV enter compile_id=3 alias_idx=6 final=0 eliminate_boxing=1 load=98:LoadI ld_adr=97:AddP st=29:Proj
C2_CSV probe compile_id=3 step=1 opc=161 holder=27:MemBarAcquireLock current=29:Proj
C2_CSV enter compile_id=3 alias_idx=9 final=1 eliminate_boxing=1 load=234:LoadI ld_adr=233:AddP st=215:Phi
C2_CSV enter compile_id=3 alias_idx=9 final=1 eliminate_boxing=1 load=234:LoadI ld_adr=233:AddP st=215:Phi
C2_CSV enter compile_id=3 alias_idx=10 final=1 eliminate_boxing=1 load=244:LoadN ld_adr=243:AddP st=215:Phi
C2_CSV enter compile_id=3 alias_idx=10 final=1 eliminate_boxing=1 load=244:LoadN ld_adr=243:AddP st=215:Phi
C2_CSV enter compile_id=3 alias_idx=13 final=1 eliminate_boxing=1 load=328:LoadN ld_adr=327:AddP st=215:Phi
C2_CSV enter compile_id=3 alias_idx=13 final=1 eliminate_boxing=1 load=328:LoadN ld_adr=327:AddP st=215:Phi
C2_CSV enter compile_id=3 alias_idx=13 final=1 eliminate_boxing=1 load=333:LoadN ld_adr=327:AddP st=215:Phi
C2_CSV enter compile_id=3 alias_idx=13 final=1 eliminate_boxing=1 load=333:LoadN ld_adr=327:AddP st=215:Phi
C2_CSV enter compile_id=3 alias_idx=13 final=1 eliminate_boxing=1 load=339:LoadN ld_adr=338:AddP st=215:Phi
C2_CSV enter compile_id=3 alias_idx=13 final=1 eliminate_boxing=1 load=339:LoadN ld_adr=338:AddP st=215:Phi
C2_CSV enter compile_id=3 alias_idx=13 final=1 eliminate_boxing=1 load=344:LoadN ld_adr=338:AddP st=215:Phi
C2_CSV enter compile_id=3 alias_idx=13 final=1 eliminate_boxing=1 load=344:LoadN ld_adr=338:AddP st=215:Phi
C2_CSV enter compile_id=3 alias_idx=15 final=0 eliminate_boxing=1 load=366:LoadN ld_adr=365:AddP st=215:Phi
C2_CSV enter compile_id=3 alias_idx=15 final=0 eliminate_boxing=1 load=366:LoadN ld_adr=365:AddP st=215:Phi
C2_CSV enter compile_id=3 alias_idx=16 final=0 eliminate_boxing=1 load=379:LoadN ld_adr=378:AddP st=215:Phi
C2_CSV enter compile_id=3 alias_idx=16 final=0 eliminate_boxing=1 load=379:LoadN ld_adr=378:AddP st=215:Phi
C2_CSV enter compile_id=3 alias_idx=6 final=0 eliminate_boxing=1 load=98:LoadI ld_adr=97:AddP st=29:Proj
C2_CSV probe compile_id=3 step=1 opc=161 holder=27:MemBarAcquireLock current=29:Proj
C2_CSV enter compile_id=3 alias_idx=6 final=0 eliminate_boxing=1 load=98:LoadI ld_adr=97:AddP st=29:Proj
C2_CSV probe compile_id=3 step=1 opc=161 holder=27:MemBarAcquireLock current=29:Proj
C2_CSV enter compile_id=3 alias_idx=9 final=1 eliminate_boxing=1 load=234:LoadI ld_adr=233:AddP st=114:Phi
C2_CSV enter compile_id=3 alias_idx=9 final=1 eliminate_boxing=1 load=234:LoadI ld_adr=233:AddP st=114:Phi
C2_CSV enter compile_id=3 alias_idx=16 final=0 eliminate_boxing=1 load=379:LoadN ld_adr=378:AddP st=114:Phi
C2_CSV enter compile_id=3 alias_idx=16 final=0 eliminate_boxing=1 load=379:LoadN ld_adr=378:AddP st=114:Phi
C2_CSV enter compile_id=3 alias_idx=10 final=1 eliminate_boxing=1 load=244:LoadN ld_adr=243:AddP st=114:Phi
C2_CSV enter compile_id=3 alias_idx=10 final=1 eliminate_boxing=1 load=244:LoadN ld_adr=243:AddP st=114:Phi
C2_CSV enter compile_id=3 alias_idx=15 final=0 eliminate_boxing=1 load=366:LoadN ld_adr=365:AddP st=114:Phi
C2_CSV enter compile_id=3 alias_idx=15 final=0 eliminate_boxing=1 load=366:LoadN ld_adr=365:AddP st=114:Phi
C2_CSV enter compile_id=3 alias_idx=13 final=1 eliminate_boxing=1 load=339:LoadN ld_adr=338:AddP st=114:Phi
C2_CSV enter compile_id=3 alias_idx=13 final=1 eliminate_boxing=1 load=339:LoadN ld_adr=338:AddP st=114:Phi
C2_CSV enter compile_id=3 alias_idx=13 final=1 eliminate_boxing=1 load=328:LoadN ld_adr=327:AddP st=114:Phi
C2_CSV enter compile_id=3 alias_idx=13 final=1 eliminate_boxing=1 load=328:LoadN ld_adr=327:AddP st=114:Phi
C2_CSV enter compile_id=3 alias_idx=10 final=1 eliminate_boxing=1 load=244:LoadN ld_adr=243:AddP st=114:Phi
C2_CSV enter compile_id=3 alias_idx=10 final=1 eliminate_boxing=1 load=244:LoadN ld_adr=243:AddP st=114:Phi
C2_CSV enter compile_id=3 alias_idx=16 final=0 eliminate_boxing=1 load=379:LoadN ld_adr=378:AddP st=114:Phi
C2_CSV enter compile_id=3 alias_idx=16 final=0 eliminate_boxing=1 load=379:LoadN ld_adr=378:AddP st=114:Phi
C2_CSV enter compile_id=3 alias_idx=9 final=1 eliminate_boxing=1 load=234:LoadI ld_adr=233:AddP st=114:Phi
C2_CSV enter compile_id=3 alias_idx=9 final=1 eliminate_boxing=1 load=234:LoadI ld_adr=233:AddP st=114:Phi
C2_CSV enter compile_id=3 alias_idx=15 final=0 eliminate_boxing=1 load=366:LoadN ld_adr=365:AddP st=114:Phi
C2_CSV enter compile_id=3 alias_idx=15 final=0 eliminate_boxing=1 load=366:LoadN ld_adr=365:AddP st=114:Phi
C2_CSV enter compile_id=3 alias_idx=10 final=1 eliminate_boxing=1 load=244:LoadN ld_adr=243:AddP st=114:Phi
C2_CSV enter compile_id=3 alias_idx=10 final=1 eliminate_boxing=1 load=244:LoadN ld_adr=243:AddP st=114:Phi
C2_CSV enter compile_id=3 alias_idx=16 final=0 eliminate_boxing=1 load=379:LoadN ld_adr=378:AddP st=114:Phi
C2_CSV enter compile_id=3 alias_idx=16 final=0 eliminate_boxing=1 load=379:LoadN ld_adr=378:AddP st=114:Phi
C2_CSV enter compile_id=3 alias_idx=9 final=1 eliminate_boxing=1 load=234:LoadI ld_adr=233:AddP st=114:Phi
C2_CSV enter compile_id=3 alias_idx=9 final=1 eliminate_boxing=1 load=234:LoadI ld_adr=233:AddP st=114:Phi
C2_CSV enter compile_id=3 alias_idx=15 final=0 eliminate_boxing=1 load=366:LoadN ld_adr=365:AddP st=114:Phi
C2_CSV enter compile_id=3 alias_idx=15 final=0 eliminate_boxing=1 load=366:LoadN ld_adr=365:AddP st=114:Phi
C2_CSV enter compile_id=3 alias_idx=4 final=0 eliminate_boxing=1 load=36:LoadN ld_adr=35:AddP st=29:Proj
C2_CSV probe compile_id=3 step=1 opc=161 holder=27:MemBarAcquireLock current=29:Proj
C2_CSV enter compile_id=3 alias_idx=6 final=0 eliminate_boxing=1 load=98:LoadI ld_adr=97:AddP st=29:Proj
C2_CSV probe compile_id=3 step=1 opc=161 holder=27:MemBarAcquireLock current=29:Proj
C2_CSV enter compile_id=3 alias_idx=15 final=0 eliminate_boxing=1 load=366:LoadN ld_adr=365:AddP st=114:Phi
C2_CSV enter compile_id=3 alias_idx=9 final=1 eliminate_boxing=1 load=234:LoadI ld_adr=233:AddP st=114:Phi
C2_CSV enter compile_id=3 alias_idx=10 final=1 eliminate_boxing=1 load=244:LoadN ld_adr=243:AddP st=114:Phi
C2_CSV enter compile_id=3 alias_idx=16 final=0 eliminate_boxing=1 load=379:LoadN ld_adr=378:AddP st=114:Phi
C2_CSV enter compile_id=3 alias_idx=13 final=1 eliminate_boxing=1 load=328:LoadN ld_adr=327:AddP st=114:Phi
C2_CSV enter compile_id=3 alias_idx=13 final=1 eliminate_boxing=1 load=339:LoadN ld_adr=338:AddP st=114:Phi
C2_CSV enter compile_id=3 alias_idx=15 final=0 eliminate_boxing=1 load=366:LoadN ld_adr=365:AddP st=114:Phi
C2_CSV enter compile_id=3 alias_idx=15 final=0 eliminate_boxing=1 load=366:LoadN ld_adr=365:AddP st=114:Phi
C2_CSV enter compile_id=3 alias_idx=16 final=0 eliminate_boxing=1 load=379:LoadN ld_adr=378:AddP st=114:Phi
C2_CSV enter compile_id=3 alias_idx=16 final=0 eliminate_boxing=1 load=379:LoadN ld_adr=378:AddP st=114:Phi
C2_CSV enter compile_id=3 alias_idx=6 final=0 eliminate_boxing=1 load=98:LoadI ld_adr=97:AddP st=29:Proj
C2_CSV probe compile_id=3 step=1 opc=161 holder=27:MemBarAcquireLock current=29:Proj
C2_CSV enter compile_id=3 alias_idx=6 final=0 eliminate_boxing=1 load=98:LoadI ld_adr=97:AddP st=29:Proj
C2_CSV probe compile_id=3 step=1 opc=161 holder=27:MemBarAcquireLock current=29:Proj
C2_CSV enter compile_id=3 alias_idx=13 final=1 eliminate_boxing=1 load=339:LoadN ld_adr=338:AddP st=114:Phi
C2_CSV enter compile_id=3 alias_idx=13 final=1 eliminate_boxing=1 load=339:LoadN ld_adr=338:AddP st=114:Phi
C2_CSV enter compile_id=3 alias_idx=13 final=1 eliminate_boxing=1 load=328:LoadN ld_adr=327:AddP st=114:Phi
C2_CSV enter compile_id=3 alias_idx=13 final=1 eliminate_boxing=1 load=328:LoadN ld_adr=327:AddP st=114:Phi
C2_CSV enter compile_id=3 alias_idx=10 final=1 eliminate_boxing=1 load=244:LoadN ld_adr=243:AddP st=114:Phi
C2_CSV enter compile_id=3 alias_idx=10 final=1 eliminate_boxing=1 load=244:LoadN ld_adr=243:AddP st=114:Phi
C2_CSV enter compile_id=3 alias_idx=15 final=0 eliminate_boxing=1 load=366:LoadN ld_adr=365:AddP st=114:Phi
C2_CSV enter compile_id=3 alias_idx=15 final=0 eliminate_boxing=1 load=366:LoadN ld_adr=365:AddP st=114:Phi
C2_CSV enter compile_id=3 alias_idx=9 final=1 eliminate_boxing=1 load=234:LoadI ld_adr=233:AddP st=114:Phi
C2_CSV enter compile_id=3 alias_idx=9 final=1 eliminate_boxing=1 load=234:LoadI ld_adr=233:AddP st=114:Phi
C2_CSV enter compile_id=4 alias_idx=4 final=0 eliminate_boxing=1 load=25:LoadI ld_adr=24:AddP st=7:Parm
C2_CSV probe compile_id=4 step=1 opc=224 holder=3:Start current=7:Parm
C2_CSV enter compile_id=4 alias_idx=4 final=0 eliminate_boxing=1 load=25:LoadI ld_adr=24:AddP st=7:Parm
C2_CSV probe compile_id=4 step=1 opc=224 holder=3:Start current=7:Parm
C2_CSV enter compile_id=4 alias_idx=5 final=1 eliminate_boxing=1 load=37:LoadN ld_adr=36:AddP st=7:Parm
C2_CSV probe compile_id=4 step=1 opc=224 holder=3:Start current=7:Parm
C2_CSV enter compile_id=4 alias_idx=5 final=1 eliminate_boxing=1 load=37:LoadN ld_adr=36:AddP st=7:Parm
C2_CSV probe compile_id=4 step=1 opc=224 holder=3:Start current=7:Parm
C2_CSV enter compile_id=4 alias_idx=5 final=1 eliminate_boxing=1 load=65:LoadN ld_adr=36:AddP st=7:Parm
C2_CSV probe compile_id=4 step=1 opc=224 holder=3:Start current=7:Parm
C2_CSV enter compile_id=4 alias_idx=5 final=1 eliminate_boxing=1 load=65:LoadN ld_adr=36:AddP st=7:Parm
C2_CSV probe compile_id=4 step=1 opc=224 holder=3:Start current=7:Parm
C2_CSV enter compile_id=4 alias_idx=5 final=1 eliminate_boxing=1 load=68:LoadN ld_adr=36:AddP st=7:Parm
C2_CSV probe compile_id=4 step=1 opc=224 holder=3:Start current=7:Parm
C2_CSV enter compile_id=4 alias_idx=5 final=1 eliminate_boxing=1 load=68:LoadN ld_adr=36:AddP st=7:Parm
C2_CSV probe compile_id=4 step=1 opc=224 holder=3:Start current=7:Parm
C2_CSV enter compile_id=4 alias_idx=5 final=1 eliminate_boxing=1 load=157:LoadN ld_adr=36:AddP st=120:Phi
C2_CSV enter compile_id=4 alias_idx=5 final=1 eliminate_boxing=1 load=157:LoadN ld_adr=36:AddP st=120:Phi
C2_CSV enter compile_id=4 alias_idx=4 final=0 eliminate_boxing=1 load=25:LoadI ld_adr=24:AddP st=7:Parm
C2_CSV probe compile_id=4 step=1 opc=224 holder=3:Start current=7:Parm
C2_CSV enter compile_id=4 alias_idx=4 final=0 eliminate_boxing=1 load=25:LoadI ld_adr=24:AddP st=7:Parm
C2_CSV probe compile_id=4 step=1 opc=224 holder=3:Start current=7:Parm
C2_CSV enter compile_id=4 alias_idx=5 final=1 eliminate_boxing=1 load=157:LoadN ld_adr=36:AddP st=7:Parm
C2_CSV probe compile_id=4 step=1 opc=224 holder=3:Start current=7:Parm
C2_CSV enter compile_id=4 alias_idx=5 final=1 eliminate_boxing=1 load=157:LoadN ld_adr=36:AddP st=7:Parm
C2_CSV probe compile_id=4 step=1 opc=224 holder=3:Start current=7:Parm
C2_CSV enter compile_id=4 alias_idx=4 final=0 eliminate_boxing=1 load=25:LoadI ld_adr=24:AddP st=7:Parm
C2_CSV probe compile_id=4 step=1 opc=224 holder=3:Start current=7:Parm
C2_CSV enter compile_id=4 alias_idx=5 final=1 eliminate_boxing=1 load=37:LoadN ld_adr=36:AddP st=7:Parm
C2_CSV probe compile_id=4 step=1 opc=224 holder=3:Start current=7:Parm
<blob name='MethodHandlesAdapterBlob' size='182000'>
<sect index='1' size='182000' free='177710'/>
</blob>
C2_CSV enter compile_id=7 alias_idx=4 final=1 eliminate_boxing=1 load=35:LoadN ld_adr=34:AddP st=7:Parm
C2_CSV probe compile_id=7 step=1 opc=224 holder=3:Start current=7:Parm
C2_CSV enter compile_id=7 alias_idx=4 final=1 eliminate_boxing=1 load=35:LoadN ld_adr=34:AddP st=7:Parm
C2_CSV probe compile_id=7 step=1 opc=224 holder=3:Start current=7:Parm
C2_CSV enter compile_id=7 alias_idx=4 final=1 eliminate_boxing=1 load=56:LoadN ld_adr=34:AddP st=7:Parm
C2_CSV probe compile_id=7 step=1 opc=224 holder=3:Start current=7:Parm
C2_CSV enter compile_id=7 alias_idx=4 final=1 eliminate_boxing=1 load=56:LoadN ld_adr=34:AddP st=7:Parm
C2_CSV probe compile_id=7 step=1 opc=224 holder=3:Start current=7:Parm
C2_CSV enter compile_id=7 alias_idx=4 final=1 eliminate_boxing=1 load=35:LoadN ld_adr=34:AddP st=7:Parm
C2_CSV probe compile_id=7 step=1 opc=224 holder=3:Start current=7:Parm
C2_CSV enter compile_id=8 alias_idx=4 final=1 eliminate_boxing=1 load=35:LoadN ld_adr=34:AddP st=7:Parm
C2_CSV probe compile_id=8 step=1 opc=224 holder=3:Start current=7:Parm
C2_CSV enter compile_id=8 alias_idx=4 final=1 eliminate_boxing=1 load=35:LoadN ld_adr=34:AddP st=7:Parm
C2_CSV probe compile_id=8 step=1 opc=224 holder=3:Start current=7:Parm
C2_CSV enter compile_id=8 alias_idx=4 final=1 eliminate_boxing=1 load=35:LoadN ld_adr=34:AddP st=7:Parm
C2_CSV probe compile_id=8 step=1 opc=224 holder=3:Start current=7:Parm
C2_CSV enter compile_id=9 alias_idx=4 final=1 eliminate_boxing=1 load=27:LoadN ld_adr=26:AddP st=7:Parm
C2_CSV probe compile_id=9 step=1 opc=224 holder=3:Start current=7:Parm
C2_CSV enter compile_id=9 alias_idx=4 final=1 eliminate_boxing=1 load=27:LoadN ld_adr=26:AddP st=7:Parm
C2_CSV probe compile_id=9 step=1 opc=224 holder=3:Start current=7:Parm
C2_CSV enter compile_id=9 alias_idx=4 final=1 eliminate_boxing=1 load=82:LoadN ld_adr=26:AddP st=7:Parm
C2_CSV probe compile_id=9 step=1 opc=224 holder=3:Start current=7:Parm
C2_CSV enter compile_id=9 alias_idx=4 final=1 eliminate_boxing=1 load=82:LoadN ld_adr=26:AddP st=7:Parm
C2_CSV probe compile_id=9 step=1 opc=224 holder=3:Start current=7:Parm
C2_CSV enter compile_id=9 alias_idx=4 final=1 eliminate_boxing=1 load=27:LoadN ld_adr=26:AddP st=7:Parm
C2_CSV probe compile_id=9 step=1 opc=224 holder=3:Start current=7:Parm
C2_CSV enter compile_id=13 alias_idx=4 final=1 eliminate_boxing=1 load=51:LoadN ld_adr=50:AddP st=7:Parm
C2_CSV probe compile_id=13 step=1 opc=224 holder=3:Start current=7:Parm
C2_CSV enter compile_id=13 alias_idx=4 final=1 eliminate_boxing=1 load=51:LoadN ld_adr=50:AddP st=7:Parm
C2_CSV probe compile_id=13 step=1 opc=224 holder=3:Start current=7:Parm
C2_CSV enter compile_id=13 alias_idx=4 final=1 eliminate_boxing=1 load=144:LoadN ld_adr=50:AddP st=114:Phi
C2_CSV enter compile_id=13 alias_idx=4 final=1 eliminate_boxing=1 load=144:LoadN ld_adr=50:AddP st=114:Phi
C2_CSV enter compile_id=13 alias_idx=4 final=1 eliminate_boxing=1 load=174:LoadN ld_adr=50:AddP st=114:Phi
C2_CSV enter compile_id=13 alias_idx=4 final=1 eliminate_boxing=1 load=174:LoadN ld_adr=50:AddP st=114:Phi
C2_CSV enter compile_id=13 alias_idx=4 final=1 eliminate_boxing=1 load=144:LoadN ld_adr=50:AddP st=7:Parm
C2_CSV probe compile_id=13 step=1 opc=224 holder=3:Start current=7:Parm
C2_CSV enter compile_id=13 alias_idx=4 final=1 eliminate_boxing=1 load=144:LoadN ld_adr=50:AddP st=7:Parm
C2_CSV probe compile_id=13 step=1 opc=224 holder=3:Start current=7:Parm
C2_CSV enter compile_id=13 alias_idx=4 final=1 eliminate_boxing=1 load=51:LoadN ld_adr=50:AddP st=7:Parm
C2_CSV probe compile_id=13 step=1 opc=224 holder=3:Start current=7:Parm
C2_CSV enter compile_id=13 alias_idx=4 final=1 eliminate_boxing=1 load=51:LoadN ld_adr=50:AddP st=7:Parm
C2_CSV probe compile_id=13 step=1 opc=224 holder=3:Start current=7:Parm
C2_CSV enter compile_id=13 alias_idx=4 final=1 eliminate_boxing=1 load=51:LoadN ld_adr=50:AddP st=7:Parm
C2_CSV probe compile_id=13 step=1 opc=224 holder=3:Start current=7:Parm
C2_CSV enter compile_id=14 alias_idx=4 final=1 eliminate_boxing=1 load=39:LoadN ld_adr=38:AddP st=7:Parm
C2_CSV probe compile_id=14 step=1 opc=224 holder=3:Start current=7:Parm
C2_CSV enter compile_id=14 alias_idx=4 final=1 eliminate_boxing=1 load=39:LoadN ld_adr=38:AddP st=7:Parm
C2_CSV probe compile_id=14 step=1 opc=224 holder=3:Start current=7:Parm
C2_CSV enter compile_id=14 alias_idx=4 final=1 eliminate_boxing=1 load=71:LoadN ld_adr=38:AddP st=7:Parm
C2_CSV probe compile_id=14 step=1 opc=224 holder=3:Start current=7:Parm
C2_CSV enter compile_id=14 alias_idx=4 final=1 eliminate_boxing=1 load=71:LoadN ld_adr=38:AddP st=7:Parm
C2_CSV probe compile_id=14 step=1 opc=224 holder=3:Start current=7:Parm
C2_CSV enter compile_id=14 alias_idx=4 final=1 eliminate_boxing=1 load=39:LoadN ld_adr=38:AddP st=7:Parm
C2_CSV probe compile_id=14 step=1 opc=224 holder=3:Start current=7:Parm
C2_CSV enter compile_id=15 alias_idx=7 final=0 eliminate_boxing=1 load=417:LoadN ld_adr=416:AddP st=395:Proj
C2_CSV probe compile_id=15 step=1 opc=41 holder=392:CallStaticJava current=395:Proj
C2_CSV enter compile_id=15 alias_idx=7 final=0 eliminate_boxing=1 load=417:LoadN ld_adr=416:AddP st=395:Proj
C2_CSV probe compile_id=15 step=1 opc=41 holder=392:CallStaticJava current=395:Proj
C2_CSV enter compile_id=15 alias_idx=7 final=0 eliminate_boxing=1 load=435:LoadN ld_adr=416:AddP st=395:Proj
C2_CSV probe compile_id=15 step=1 opc=41 holder=392:CallStaticJava current=395:Proj
C2_CSV enter compile_id=15 alias_idx=7 final=0 eliminate_boxing=1 load=435:LoadN ld_adr=416:AddP st=395:Proj
C2_CSV probe compile_id=15 step=1 opc=41 holder=392:CallStaticJava current=395:Proj
C2_CSV enter compile_id=15 alias_idx=8 final=0 eliminate_boxing=1 load=481:LoadN ld_adr=480:AddP st=446:Proj
C2_CSV probe compile_id=15 step=1 opc=41 holder=440:CallStaticJava current=446:Proj
C2_CSV enter compile_id=15 alias_idx=8 final=0 eliminate_boxing=1 load=481:LoadN ld_adr=480:AddP st=446:Proj
C2_CSV probe compile_id=15 step=1 opc=41 holder=440:CallStaticJava current=446:Proj
C2_CSV enter compile_id=15 alias_idx=9 final=0 eliminate_boxing=1 load=495:LoadB ld_adr=494:AddP st=446:Proj
C2_CSV probe compile_id=15 step=1 opc=41 holder=440:CallStaticJava current=446:Proj
C2_CSV enter compile_id=15 alias_idx=9 final=0 eliminate_boxing=1 load=495:LoadB ld_adr=494:AddP st=446:Proj
C2_CSV probe compile_id=15 step=1 opc=41 holder=440:CallStaticJava current=446:Proj
C2_CSV enter compile_id=15 alias_idx=9 final=0 eliminate_boxing=1 load=495:LoadB ld_adr=494:AddP st=446:Proj
C2_CSV probe compile_id=15 step=1 opc=41 holder=440:CallStaticJava current=446:Proj
C2_CSV enter compile_id=15 alias_idx=9 final=0 eliminate_boxing=1 load=495:LoadB ld_adr=494:AddP st=446:Proj
C2_CSV probe compile_id=15 step=1 opc=41 holder=440:CallStaticJava current=446:Proj
C2_CSV enter compile_id=15 alias_idx=9 final=0 eliminate_boxing=1 load=495:LoadB ld_adr=494:AddP st=446:Proj
C2_CSV probe compile_id=15 step=1 opc=41 holder=440:CallStaticJava current=446:Proj
C2_CSV enter compile_id=15 alias_idx=9 final=0 eliminate_boxing=1 load=495:LoadB ld_adr=494:AddP st=446:Proj
C2_CSV probe compile_id=15 step=1 opc=41 holder=440:CallStaticJava current=446:Proj
C2_CSV enter compile_id=15 alias_idx=9 final=0 eliminate_boxing=1 load=495:LoadB ld_adr=494:AddP st=446:Proj
C2_CSV probe compile_id=15 step=1 opc=41 holder=440:CallStaticJava current=446:Proj
C2_CSV enter compile_id=15 alias_idx=9 final=0 eliminate_boxing=1 load=495:LoadB ld_adr=494:AddP st=446:Proj
C2_CSV probe compile_id=15 step=1 opc=41 holder=440:CallStaticJava current=446:Proj
C2_CSV enter compile_id=15 alias_idx=9 final=0 eliminate_boxing=1 load=495:LoadB ld_adr=494:AddP st=446:Proj
C2_CSV probe compile_id=15 step=1 opc=41 holder=440:CallStaticJava current=446:Proj
C2_CSV enter compile_id=15 alias_idx=9 final=0 eliminate_boxing=1 load=495:LoadB ld_adr=494:AddP st=446:Proj
C2_CSV probe compile_id=15 step=1 opc=41 holder=440:CallStaticJava current=446:Proj
C2_CSV enter compile_id=15 alias_idx=9 final=0 eliminate_boxing=1 load=495:LoadB ld_adr=494:AddP st=446:Proj
C2_CSV probe compile_id=15 step=1 opc=41 holder=440:CallStaticJava current=446:Proj
C2_CSV enter compile_id=15 alias_idx=9 final=0 eliminate_boxing=1 load=495:LoadB ld_adr=494:AddP st=446:Proj
C2_CSV probe compile_id=15 step=1 opc=41 holder=440:CallStaticJava current=446:Proj
C2_CSV enter compile_id=15 alias_idx=9 final=0 eliminate_boxing=1 load=495:LoadB ld_adr=494:AddP st=446:Proj
C2_CSV probe compile_id=15 step=1 opc=41 holder=440:CallStaticJava current=446:Proj
C2_CSV enter compile_id=15 alias_idx=7 final=0 eliminate_boxing=1 load=417:LoadN ld_adr=416:AddP st=395:Proj
C2_CSV probe compile_id=15 step=1 opc=41 holder=392:CallStaticJava current=395:Proj
C2_CSV enter compile_id=15 alias_idx=8 final=0 eliminate_boxing=1 load=481:LoadN ld_adr=480:AddP st=446:Proj
C2_CSV probe compile_id=15 step=1 opc=41 holder=440:CallStaticJava current=446:Proj
C2_CSV enter compile_id=15 alias_idx=9 final=0 eliminate_boxing=1 load=495:LoadB ld_adr=494:AddP st=446:Proj
C2_CSV probe compile_id=15 step=1 opc=41 holder=440:CallStaticJava current=446:Proj
C2_CSV enter compile_id=15 alias_idx=9 final=0 eliminate_boxing=1 load=495:LoadB ld_adr=494:AddP st=446:Proj
C2_CSV probe compile_id=15 step=1 opc=41 holder=440:CallStaticJava current=446:Proj
<writer thread='9987'/>
<uncommon_trap thread='9987' reason='unstable_if' action='reinterpret' compile_id='2' compiler='C2' stamp='0.329'>
Uncommon trap occurred in java.lang.String::equals (@0x000000011147a744) thread=9987 reason=unstable_if action=reinterpret unloaded_class_index=-1
<jvms bci='66' method='java/lang/String equals (Ljava/lang/Object;)Z' bytes='81' count='50' backedge_count='50' iicount='251'/>
</uncommon_trap>
DEOPT PACKING thread 0x00007f78a700a800 Compiled frame (sp=0x0000000305882f20 unextended sp=0x0000000305882f20, fp=0x0000000000000000, real_fp=0x0000000305882f60, pc=0x000000011147a744)
     nmethod    329    2             java.lang.String::equals (81 bytes)

     Virtual frames (innermost first):
        0 - frame( sp=0x0000000305882f20, unextended_sp=0x0000000305882f20, fp=0x0000000000000000, pc=0x000000011147a744)
java.lang.String.equals(String.java:988) - if_icmpeq @ bci 66 
     Created vframeArray 0x00007f78a704f820
DEOPT UNPACKING thread 0x00007f78a700a800 vframeArray 0x00007f78a704f820 mode 2
     {method} {0x000000010e006488} &apos;equals&apos; &apos;(Ljava/lang/Object;)Z&apos; in &apos;java/lang/String&apos; - if_icmpeq @ bci 66 sp = 0x0000000305882ed8
<writer thread='32003'/>
C2_CSV enter compile_id=16 alias_idx=4 final=1 eliminate_boxing=1 load=49:LoadN ld_adr=48:AddP st=7:Parm
C2_CSV probe compile_id=16 step=1 opc=224 holder=3:Start current=7:Parm
C2_CSV enter compile_id=16 alias_idx=4 final=1 eliminate_boxing=1 load=49:LoadN ld_adr=48:AddP st=7:Parm
C2_CSV probe compile_id=16 step=1 opc=224 holder=3:Start current=7:Parm
C2_CSV enter compile_id=16 alias_idx=4 final=1 eliminate_boxing=1 load=179:LoadN ld_adr=48:AddP st=150:Phi
<writer thread='9987'/>
<dependency_failed type='abstract_with_unique_concrete_subtype' ctxk='java/nio/ByteBuffer' x='java/nio/HeapByteBuffer' witness='java/nio/DirectByteBuffer' stamp='0.357'/>
<uncommon_trap thread='9987' reason='unstable_if' action='reinterpret' compile_id='7' compiler='C2' stamp='0.475'>
Uncommon trap occurred in java.lang.String::replace (@0x00000001114addf0) thread=9987 reason=unstable_if action=reinterpret unloaded_class_index=-1
<jvms bci='26' method='java/lang/String replace (CC)Ljava/lang/String;' bytes='127' count='12' backedge_count='77' iicount='12'/>
</uncommon_trap>
DEOPT PACKING thread 0x00007f78a700a800 Compiled frame (sp=0x0000000305885640 unextended sp=0x0000000305885640, fp=0x000000000000002e, real_fp=0x00000003058856b0, pc=0x00000001114addf0)
     nmethod    475    7             java.lang.String::replace (127 bytes)

     Virtual frames (innermost first):
        0 - frame( sp=0x0000000305885640, unextended_sp=0x0000000305885640, fp=0x000000000000002e, pc=0x00000001114addf0)
java.lang.String.replace(String.java:2072) - if_icmpge @ bci 26 
     Created vframeArray 0x00007f78a7055e20
DEOPT UNPACKING thread 0x00007f78a700a800 vframeArray 0x00007f78a7055e20 mode 2
     {method} {0x000000010e0087c8} &apos;replace&apos; &apos;(CC)Ljava/lang/String;&apos; in &apos;java/lang/String&apos; - if_icmpge @ bci 26 sp = 0x0000000305885628
<uncommon_trap thread='9987' reason='loop_limit_check' action='maybe_recompile' compile_id='17' compiler='C2' stamp='0.495'>
Uncommon trap occurred in java.lang.String::equals (@0x00000001114b5564) thread=9987 reason=loop_limit_check action=maybe_recompile unloaded_class_index=-1
<jvms bci='56' method='java/lang/String equals (Ljava/lang/Object;)Z' bytes='81' count='33' backedge_count='51' iicount='283' decompiles='1' unstable_if_traps='1'/>
</uncommon_trap>
DEOPT PACKING thread 0x00007f78a700a800 Compiled frame (sp=0x0000000305884f40 unextended sp=0x0000000305884f40, fp=0x0000000000000000, real_fp=0x0000000305884f80, pc=0x00000001114b5564)
     nmethod    494   17             java.lang.String::equals (81 bytes)

     Virtual frames (innermost first):
        0 - frame( sp=0x0000000305884f40, unextended_sp=0x0000000305884f40, fp=0x0000000000000000, pc=0x00000001114b5564)
java.lang.String.equals(String.java:988) - aload @ bci 56 
     Created vframeArray 0x00007f78a682b220
DEOPT UNPACKING thread 0x00007f78a700a800 vframeArray 0x00007f78a682b220 mode 2
     {method} {0x000000010e006488} &apos;equals&apos; &apos;(Ljava/lang/Object;)Z&apos; in &apos;java/lang/String&apos; - aload @ bci 56 sp = 0x0000000305884f08
<uncommon_trap thread='9987' reason='predicate' action='maybe_recompile' compile_id='29' compiler='C2' stamp='0.555'>
Uncommon trap occurred in sun.net.www.ParseUtil::encodePath (@0x00000001114ba9e0) thread=9987 reason=predicate action=maybe_recompile unloaded_class_index=-1
<jvms bci='36' method='sun/net/www/ParseUtil encodePath (Ljava/lang/String;Z)Ljava/lang/String;' bytes='336' count='7' backedge_count='83' iicount='7'/>
</uncommon_trap>
DEOPT PACKING thread 0x00007f78a700a800 Compiled frame (sp=0x00000003058845d0 unextended sp=0x00000003058845d0, fp=0x00000007955ebe38, real_fp=0x0000000305884650, pc=0x00000001114ba9e0)
     nmethod    555   29             sun.net.www.ParseUtil::encodePath (336 bytes)

     Virtual frames (innermost first):
        0 - frame( sp=0x00000003058845d0, unextended_sp=0x00000003058845d0, fp=0x00000007955ebe38, pc=0x00000001114ba9e0)
sun.net.www.ParseUtil.encodePath(ParseUtil.java:111) - aload @ bci 36 
     Created vframeArray 0x00007f78a704f820
DEOPT UNPACKING thread 0x00007f78a700a800 vframeArray 0x00007f78a704f820 mode 2
     {method} {0x000000010e1dd6b0} &apos;encodePath&apos; &apos;(Ljava/lang/String;Z)Ljava/lang/String;&apos; in &apos;sun/net/www/ParseUtil&apos; - aload @ bci 36 sp = 0x00000003058845c0
<dependency_failed type='leaf_type' ctxk='java/util/concurrent/ConcurrentHashMap$Node' witness='java/util/concurrent/ConcurrentHashMap$ForwardingNode' stamp='0.587'/>
<uncommon_trap thread='9987' reason='unstable_if' action='reinterpret' compile_id='77' compiler='C2' stamp='0.915'>
Uncommon trap occurred in java.util.zip.ZipCoder::getBytes (@0x00000001114d122c) thread=9987 reason=unstable_if action=reinterpret unloaded_class_index=-1
<jvms bci='4' method='java/util/zip/ZipCoder encoder ()Ljava/nio/charset/CharsetEncoder;' bytes='35' count='50' backedge_count='1' iicount='100'/>
<jvms bci='1' method='java/util/zip/ZipCoder getBytes (Ljava/lang/String;)[B' bytes='192' count='50' backedge_count='1' iicount='100'/>
</uncommon_trap>
DEOPT PACKING thread 0x00007f78a700a800 Compiled frame (sp=0x00000003058829e0 unextended sp=0x00000003058829e0, fp=0x0000000305882aa8, real_fp=0x0000000305882a30, pc=0x00000001114d122c)
     nmethod    914   77             java.util.zip.ZipCoder::getBytes (192 bytes)

     Virtual frames (innermost first):
        0 - frame( sp=0x00000003058829e0, unextended_sp=0x00000003058829e0, fp=0x0000000305882aa8, pc=0x00000001114d122c)
java.util.zip.ZipCoder.encoder(ZipCoder.java:152) - ifnonnull @ bci 4 
        1 - frame( sp=0x00000003058829e0, unextended_sp=0x00000003058829e0, fp=0x0000000305882aa8, pc=0x00000001114d122c)
java.util.zip.ZipCoder.getBytes(ZipCoder.java:77) - invokespecial @ bci 1 
     Created vframeArray 0x00007f78a5032c20
DEOPT UNPACKING thread 0x00007f78a700a800 vframeArray 0x00007f78a5032c20 mode 2
     {method} {0x000000010e26e098} &apos;getBytes&apos; &apos;(Ljava/lang/String;)[B&apos; in &apos;java/util/zip/ZipCoder&apos; - invokespecial @ bci 1 sp = 0x00000003058829a0
     {method} {0x000000010e26e668} &apos;encoder&apos; &apos;()Ljava/nio/charset/CharsetEncoder;&apos; in &apos;java/util/zip/ZipCoder&apos; - ifnonnull @ bci 4 sp = 0x0000000305882948
<uncommon_trap thread='9987' reason='class_check' action='maybe_recompile' compile_id='76' compiler='C2' stamp='0.922'>
Uncommon trap occurred in java.net.URL::&lt;init&gt; (@0x00000001114d46dc) thread=9987 reason=class_check action=maybe_recompile unloaded_class_index=-1
<jvms bci='504' method='java/net/URL &lt;init&gt; (Ljava/net/URL;Ljava/lang/String;Ljava/net/URLStreamHandler;)V' bytes='543' count='27' backedge_count='51' iicount='27'/>
</uncommon_trap>
DEOPT PACKING thread 0x00007f78a700a800 Compiled frame (sp=0x0000000305884540 unextended sp=0x0000000305884540, fp=0x0000000795648108, real_fp=0x00000003058845a0, pc=0x00000001114d46dc)
     nmethod    921   76   !         java.net.URL::&lt;init&gt; (543 bytes)

     Virtual frames (innermost first):
        0 - frame( sp=0x0000000305884540, unextended_sp=0x0000000305884540, fp=0x0000000795648108, pc=0x00000001114d46dc)
java.net.URL.&lt;init&gt;(URL.java:640) - invokevirtual @ bci 504 
     Created vframeArray 0x00007f78a704f820
DEOPT UNPACKING thread 0x00007f78a700a800 vframeArray 0x00007f78a704f820 mode 2
     {method} {0x000000010e0a9008} &apos;&lt;init&gt;&apos; &apos;(Ljava/net/URL;Ljava/lang/String;Ljava/net/URLStreamHandler;)V&apos; in &apos;java/net/URL&apos; - invokevirtual @ bci 504 sp = 0x00000003058844d8
<dependency_failed type='abstract_with_unique_concrete_subtype' ctxk='sun/misc/Resource' x='sun/misc/URLClassPath$FileLoader$1' witness='sun/misc/URLClassPath$JarLoader$2' stamp='0.922'/>
SAVED OOP RESULT 0x0000000795648eb8 in thread 0x00007f78a700a800
DEOPT PACKING thread 0x00007f78a700a800 Deoptimized frame (sp=0x0000000305884730 unextended sp=0x0000000305884730, fp=0x0000000000000001, real_fp=0x0000000305884780, pc=0x00000001114cba3c)
     nmethod    924   99             sun.misc.URLClassPath::getResource (83 bytes)

     Virtual frames (innermost first):
        0 - frame( sp=0x0000000305884730, unextended_sp=0x0000000305884730, fp=0x0000000000000001, pc=0x00000001114cba3c)
sun.misc.URLClassPath.getResource(URLClassPath.java:250) - invokevirtual @ bci 62 
     Created vframeArray 0x00007f78a5032c20
DEOPT UNPACKING thread 0x00007f78a700a800 vframeArray 0x00007f78a5032c20 mode 0
     {method} {0x000000010e223d78} &apos;getResource&apos; &apos;(Ljava/lang/String;Z)Lsun/misc/Resource;&apos; in &apos;sun/misc/URLClassPath&apos; - invokevirtual @ bci 62 sp = 0x0000000305884710
<uncommon_trap thread='9987' reason='bimorphic' action='maybe_recompile' compile_id='108' compiler='C2' stamp='1.030'>
Uncommon trap occurred in java.util.HashMap::getNode (@0x00000001114e2114) thread=9987 reason=bimorphic action=maybe_recompile unloaded_class_index=-1
<jvms bci='59' method='java/util/HashMap getNode (ILjava/lang/Object;)Ljava/util/HashMap$Node;' bytes='148' count='50' backedge_count='1' iicount='100'/>
</uncommon_trap>
DEOPT PACKING thread 0x00007f78a700a800 Compiled frame (sp=0x00000003058843e0 unextended sp=0x00000003058843e0, fp=0x00000000f59c21e1, real_fp=0x0000000305884420, pc=0x00000001114e2114)
     nmethod   1030  108             java.util.HashMap::getNode (148 bytes)

     Virtual frames (innermost first):
        0 - frame( sp=0x00000003058843e0, unextended_sp=0x00000003058843e0, fp=0x00000000f59c21e1, pc=0x00000001114e2114)
java.util.HashMap.getNode(HashMap.java:573) - invokevirtual @ bci 59 
     Created vframeArray 0x00007f78a6037820
DEOPT UNPACKING thread 0x00007f78a700a800 vframeArray 0x00007f78a6037820 mode 2
     {method} {0x000000010e116c80} &apos;getNode&apos; &apos;(ILjava/lang/Object;)Ljava/util/HashMap$Node;&apos; in &apos;java/util/HashMap&apos; - invokevirtual @ bci 59 sp = 0x0000000305884398
<uncommon_trap thread='9987' reason='bimorphic' action='maybe_recompile' compile_id='108' compiler='C2' count='1' state='#7' stamp='1.031'>
Uncommon trap occurred in java.util.HashMap::getNode (@0x00000001114e2114) thread=9987 reason=bimorphic action=maybe_recompile unloaded_class_index=-1
<jvms bci='59' method='java/util/HashMap getNode (ILjava/lang/Object;)Ljava/util/HashMap$Node;' bytes='148' count='50' backedge_count='1' iicount='100' bimorphic_traps='1'/>
</uncommon_trap>
DEOPT PACKING thread 0x00007f78a700a800 Compiled frame (sp=0x00000003058843e0 unextended sp=0x00000003058843e0, fp=0x000000006499bd24, real_fp=0x0000000305884420, pc=0x00000001114e2114)
     nmethod   1031  108             java.util.HashMap::getNode (148 bytes)

     Virtual frames (innermost first):
        0 - frame( sp=0x00000003058843e0, unextended_sp=0x00000003058843e0, fp=0x000000006499bd24, pc=0x00000001114e2114)
java.util.HashMap.getNode(HashMap.java:573) - invokevirtual @ bci 59 
     Created vframeArray 0x00007f78a6038020
DEOPT UNPACKING thread 0x00007f78a700a800 vframeArray 0x00007f78a6038020 mode 2
     {method} {0x000000010e116c80} &apos;getNode&apos; &apos;(ILjava/lang/Object;)Ljava/util/HashMap$Node;&apos; in &apos;java/util/HashMap&apos; - invokevirtual @ bci 59 sp = 0x0000000305884398
<uncommon_trap thread='9987' reason='class_check' action='maybe_recompile' compile_id='76' compiler='C2' count='1' state='class_check' stamp='1.098'>
Uncommon trap occurred in java.net.URL::&lt;init&gt; (@0x00000001114d46dc) thread=9987 reason=class_check action=maybe_recompile unloaded_class_index=-1
<jvms bci='504' method='java/net/URL &lt;init&gt; (Ljava/net/URL;Ljava/lang/String;Ljava/net/URLStreamHandler;)V' bytes='543' count='27' backedge_count='51' iicount='27' class_check_traps='1'/>
</uncommon_trap>
DEOPT PACKING thread 0x00007f78a700a800 Compiled frame (sp=0x0000000305883fc0 unextended sp=0x0000000305883fc0, fp=0x00000007956614d0, real_fp=0x0000000305884020, pc=0x00000001114d46dc)
     nmethod   1097   76   !         java.net.URL::&lt;init&gt; (543 bytes)

     Virtual frames (innermost first):
        0 - frame( sp=0x0000000305883fc0, unextended_sp=0x0000000305883fc0, fp=0x00000007956614d0, pc=0x00000001114d46dc)
java.net.URL.&lt;init&gt;(URL.java:640) - invokevirtual @ bci 504 
     Created vframeArray 0x00007f78a5032c20
DEOPT UNPACKING thread 0x00007f78a700a800 vframeArray 0x00007f78a5032c20 mode 2
     {method} {0x000000010e0a9008} &apos;&lt;init&gt;&apos; &apos;(Ljava/net/URL;Ljava/lang/String;Ljava/net/URLStreamHandler;)V&apos; in &apos;java/net/URL&apos; - invokevirtual @ bci 504 sp = 0x0000000305883f58
<uncommon_trap thread='9987' reason='bimorphic' action='maybe_recompile' compile_id='108' compiler='C2' count='2' state='#7' stamp='1.100'>
Uncommon trap occurred in java.util.HashMap::getNode (@0x00000001114e2114) thread=9987 reason=bimorphic action=maybe_recompile unloaded_class_index=-1
<jvms bci='59' method='java/util/HashMap getNode (ILjava/lang/Object;)Ljava/util/HashMap$Node;' bytes='148' count='50' backedge_count='1' iicount='100' bimorphic_traps='2'/>
</uncommon_trap>
DEOPT PACKING thread 0x00007f78a700a800 Compiled frame (sp=0x0000000305883ea0 unextended sp=0x0000000305883ea0, fp=0x00000000f59c21e1, real_fp=0x0000000305883ee0, pc=0x00000001114e2114)
     nmethod   1100  108             java.util.HashMap::getNode (148 bytes)

     Virtual frames (innermost first):
        0 - frame( sp=0x0000000305883ea0, unextended_sp=0x0000000305883ea0, fp=0x00000000f59c21e1, pc=0x00000001114e2114)
java.util.HashMap.getNode(HashMap.java:573) - invokevirtual @ bci 59 
     Created vframeArray 0x00007f78a6038020
DEOPT UNPACKING thread 0x00007f78a700a800 vframeArray 0x00007f78a6038020 mode 2
     {method} {0x000000010e116c80} &apos;getNode&apos; &apos;(ILjava/lang/Object;)Ljava/util/HashMap$Node;&apos; in &apos;java/util/HashMap&apos; - invokevirtual @ bci 59 sp = 0x0000000305883e40
<uncommon_trap thread='9987' reason='bimorphic' action='maybe_recompile' compile_id='108' compiler='C2' count='3' state='#7' stamp='1.101'>
Uncommon trap occurred in java.util.HashMap::getNode (@0x00000001114e2114) thread=9987 reason=bimorphic action=maybe_recompile unloaded_class_index=-1
<jvms bci='59' method='java/util/HashMap getNode (ILjava/lang/Object;)Ljava/util/HashMap$Node;' bytes='148' count='50' backedge_count='1' iicount='100' bimorphic_traps='3'/>
</uncommon_trap>
DEOPT PACKING thread 0x00007f78a700a800 Compiled frame (sp=0x0000000305883ea0 unextended sp=0x0000000305883ea0, fp=0x000000006499bd24, real_fp=0x0000000305883ee0, pc=0x00000001114e2114)
     nmethod   1100  108             java.util.HashMap::getNode (148 bytes)

     Virtual frames (innermost first):
        0 - frame( sp=0x0000000305883ea0, unextended_sp=0x0000000305883ea0, fp=0x000000006499bd24, pc=0x00000001114e2114)
java.util.HashMap.getNode(HashMap.java:573) - invokevirtual @ bci 59 
     Created vframeArray 0x00007f78a6037820
DEOPT UNPACKING thread 0x00007f78a700a800 vframeArray 0x00007f78a6037820 mode 2
     {method} {0x000000010e116c80} &apos;getNode&apos; &apos;(ILjava/lang/Object;)Ljava/util/HashMap$Node;&apos; in &apos;java/util/HashMap&apos; - invokevirtual @ bci 59 sp = 0x0000000305883e40
<uncommon_trap thread='9987' reason='unstable_if' action='reinterpret' compile_id='26' compiler='C2' stamp='1.141'>
Uncommon trap occurred in java.lang.Math::max (@0x00000001114b2790) thread=9987 reason=unstable_if action=reinterpret unloaded_class_index=-1
<jvms bci='2' method='java/lang/Math max (II)I' bytes='11' count='50' backedge_count='1' iicount='100'/>
</uncommon_trap>
DEOPT PACKING thread 0x00007f78a700a800 Compiled frame (sp=0x0000000305884b40 unextended sp=0x0000000305884b40, fp=0x0000000305884bd0, real_fp=0x0000000305884b70, pc=0x00000001114b2790)
     nmethod   1140   26             java.lang.Math::max (11 bytes)

     Virtual frames (innermost first):
        0 - frame( sp=0x0000000305884b40, unextended_sp=0x0000000305884b40, fp=0x0000000305884bd0, pc=0x00000001114b2790)
java.lang.Math.max(Math.java:1252) - if_icmplt @ bci 2 
     Created vframeArray 0x00007f78a704f820
DEOPT UNPACKING thread 0x00007f78a700a800 vframeArray 0x00007f78a704f820 mode 2
     {method} {0x000000010e124a80} &apos;max&apos; &apos;(II)I&apos; in &apos;java/lang/Math&apos; - if_icmplt @ bci 2 sp = 0x0000000305884b10
<uncommon_trap thread='9987' reason='unstable_if' action='reinterpret' compile_id='136' compiler='C2' stamp='1.157'>
Uncommon trap occurred in java.lang.ClassLoader::loadClass (@0x00000001114ec4d8) thread=9987 reason=unstable_if action=reinterpret unloaded_class_index=-1
<jvms bci='28' method='java/lang/ClassLoader getClassLoadingLock (Ljava/lang/String;)Ljava/lang/Object;' bytes='35' count='50' backedge_count='1' iicount='100'/>
<jvms bci='2' method='java/lang/ClassLoader loadClass (Ljava/lang/String;Z)Ljava/lang/Class;' bytes='122' count='50' backedge_count='1' iicount='100' throwouts='27'/>
</uncommon_trap>
DEOPT PACKING thread 0x00007f78a700a800 Compiled frame (sp=0x0000000305882ef0 unextended sp=0x0000000305882ef0, fp=0x00000007955c4f78, real_fp=0x0000000305882f50, pc=0x00000001114ec4d8)
     nmethod   1157  136   !         java.lang.ClassLoader::loadClass (122 bytes)

     Virtual frames (innermost first):
        0 - frame( sp=0x0000000305882ef0, unextended_sp=0x0000000305882ef0, fp=0x00000007955c4f78, pc=0x00000001114ec4d8)
java.lang.ClassLoader.getClassLoadingLock(ClassLoader.java:458) - ifnonnull @ bci 28 
        1 - frame( sp=0x0000000305882ef0, unextended_sp=0x0000000305882ef0, fp=0x00000007955c4f78, pc=0x00000001114ec4d8)
java.lang.ClassLoader.loadClass(ClassLoader.java:398) - invokevirtual @ bci 2 
     Created vframeArray 0x00007f78a5056220
DEOPT UNPACKING thread 0x00007f78a700a800 vframeArray 0x00007f78a5056220 mode 2
     {method} {0x000000010e019d60} &apos;loadClass&apos; &apos;(Ljava/lang/String;Z)Ljava/lang/Class;&apos; in &apos;java/lang/ClassLoader&apos; - invokevirtual @ bci 2 sp = 0x0000000305882ea8
     {method} {0x000000010e019e58} &apos;getClassLoadingLock&apos; &apos;(Ljava/lang/String;)Ljava/lang/Object;&apos; in &apos;java/lang/ClassLoader&apos; - ifnonnull @ bci 28 sp = 0x0000000305882e50
<uncommon_trap thread='9987' reason='unstable_if' action='reinterpret' compile_id='179' compiler='C2' stamp='1.329'>
Uncommon trap occurred in java.lang.invoke.MemberName::isInvocable (@0x0000000111501b48) thread=9987 reason=unstable_if action=reinterpret unloaded_class_index=-1
<jvms bci='6' method='java/lang/invoke/MemberName testAnyFlags (I)Z' bytes='15' count='50' backedge_count='1' iicount='100'/>
<jvms bci='3' method='java/lang/invoke/MemberName isInvocable ()Z' bytes='7' count='50' backedge_count='1' iicount='100'/>
</uncommon_trap>
DEOPT PACKING thread 0x00007f78a700a800 Compiled frame (sp=0x0000000305882fb0 unextended sp=0x0000000305882fb0, fp=0x0000000000000001, real_fp=0x0000000305882fd0, pc=0x0000000111501b48)
     nmethod   1328  179             java.lang.invoke.MemberName::isInvocable (7 bytes)

     Virtual frames (innermost first):
        0 - frame( sp=0x0000000305882fb0, unextended_sp=0x0000000305882fb0, fp=0x0000000000000001, pc=0x0000000111501b48)
java.lang.invoke.MemberName.testAnyFlags(MemberName.java:340) - ifne @ bci 6 
        1 - frame( sp=0x0000000305882fb0, unextended_sp=0x0000000305882fb0, fp=0x0000000000000001, pc=0x0000000111501b48)
java.lang.invoke.MemberName.isInvocable(MemberName.java:443) - invokespecial @ bci 3 
     Created vframeArray 0x00007f78a5064620
DEOPT UNPACKING thread 0x00007f78a700a800 vframeArray 0x00007f78a5064620 mode 2
     {method} {0x000000010e06c5c8} &apos;isInvocable&apos; &apos;()Z&apos; in &apos;java/lang/invoke/MemberName&apos; - invokespecial @ bci 3 sp = 0x0000000305882f70
     {method} {0x000000010e06ba58} &apos;testAnyFlags&apos; &apos;(I)Z&apos; in &apos;java/lang/invoke/MemberName&apos; - ifne @ bci 6 sp = 0x0000000305882f18
<uncommon_trap thread='9987' reason='unstable_if' action='reinterpret' compile_id='180' compiler='C2' count='1' state='intrinsic recompiled' stamp='1.329'>
Uncommon trap occurred in java.lang.invoke.MemberName::testAnyFlags (@0x000000011150187c) thread=9987 reason=unstable_if action=reinterpret unloaded_class_index=-1
<jvms bci='6' method='java/lang/invoke/MemberName testAnyFlags (I)Z' bytes='15' count='1' backedge_count='1' iicount='100' unstable_if_traps='1'/>
</uncommon_trap>
DEOPT PACKING thread 0x00007f78a700a800 Compiled frame (sp=0x0000000305882ee0 unextended sp=0x0000000305882ee0, fp=0x0000000000000001, real_fp=0x0000000305882f00, pc=0x000000011150187c)
     nmethod   1329  180             java.lang.invoke.MemberName::testAnyFlags (15 bytes)

     Virtual frames (innermost first):
        0 - frame( sp=0x0000000305882ee0, unextended_sp=0x0000000305882ee0, fp=0x0000000000000001, pc=0x000000011150187c)
java.lang.invoke.MemberName.testAnyFlags(MemberName.java:340) - ifne @ bci 6 
     Created vframeArray 0x00007f78a705be20
DEOPT UNPACKING thread 0x00007f78a700a800 vframeArray 0x00007f78a705be20 mode 2
     {method} {0x000000010e06ba58} &apos;testAnyFlags&apos; &apos;(I)Z&apos; in &apos;java/lang/invoke/MemberName&apos; - ifne @ bci 6 sp = 0x0000000305882ea8
<uncommon_trap thread='9987' reason='unstable_if' action='reinterpret' compile_id='213' compiler='C2' stamp='1.499'>
Uncommon trap occurred in java.util.SubList$1::hasNext (@0x0000000111509b34) thread=9987 reason=unstable_if action=reinterpret unloaded_class_index=-1
<jvms bci='11' method='java/util/SubList$1 hasNext ()Z' bytes='20' count='50' backedge_count='1' iicount='100'/>
</uncommon_trap>
DEOPT PACKING thread 0x00007f78a700a800 Compiled frame (sp=0x00000003058848a0 unextended sp=0x00000003058848a0, fp=0x0000000000000048, real_fp=0x00000003058848d0, pc=0x0000000111509b34)
     nmethod   1499  213             java.util.SubList$1::hasNext (20 bytes)

     Virtual frames (innermost first):
        0 - frame( sp=0x00000003058848a0, unextended_sp=0x00000003058848a0, fp=0x0000000000000048, pc=0x0000000111509b34)
java.util.SubList$1.hasNext(AbstractList.java:702) - if_icmpge @ bci 11 
     Created vframeArray 0x00007f78a6039020
DEOPT UNPACKING thread 0x00007f78a700a800 vframeArray 0x00007f78a6039020 mode 2
     {method} {0x000000010e3b7308} &apos;hasNext&apos; &apos;()Z&apos; in &apos;java/util/SubList$1&apos; - if_icmpge @ bci 11 sp = 0x0000000305884870
<uncommon_trap thread='9987' reason='unstable_if' action='reinterpret' compile_id='200' compiler='C2' stamp='1.501'>
Uncommon trap occurred in java.lang.invoke.MemberName::getMethodType (@0x0000000111508ec0) thread=9987 reason=unstable_if action=reinterpret unloaded_class_index=-1
<jvms bci='4' method='java/lang/invoke/MemberName getMethodType ()Ljava/lang/invoke/MethodType;' bytes='208' count='50' backedge_count='1' iicount='100'/>
</uncommon_trap>
DEOPT PACKING thread 0x00007f78a700a800 Compiled frame (sp=0x0000000305884ac0 unextended sp=0x0000000305884ac0, fp=0x00000007956af310, real_fp=0x0000000305884b00, pc=0x0000000111508ec0)
     nmethod   1500  200   !         java.lang.invoke.MemberName::getMethodType (208 bytes)

     Virtual frames (innermost first):
        0 - frame( sp=0x0000000305884ac0, unextended_sp=0x0000000305884ac0, fp=0x00000007956af310, pc=0x0000000111508ec0)
java.lang.invoke.MemberName.getMethodType(MemberName.java:122) - ifnonnull @ bci 4 
     Created vframeArray 0x00007f78a6866c20
DEOPT UNPACKING thread 0x00007f78a700a800 vframeArray 0x00007f78a6866c20 mode 2
     {method} {0x000000010e06a8a8} &apos;getMethodType&apos; &apos;()Ljava/lang/invoke/MethodType;&apos; in &apos;java/lang/invoke/MemberName&apos; - ifnonnull @ bci 4 sp = 0x0000000305884a78
<uncommon_trap thread='9987' reason='unstable_if' action='reinterpret' compile_id='137' compiler='C2' count='1' state='intrinsic recompiled' stamp='1.502'>
Uncommon trap occurred in java.lang.ClassLoader::getClassLoadingLock (@0x00000001114edde8) thread=9987 reason=unstable_if action=reinterpret unloaded_class_index=-1
<jvms bci='28' method='java/lang/ClassLoader getClassLoadingLock (Ljava/lang/String;)Ljava/lang/Object;' bytes='35' count='1' backedge_count='1' iicount='100' unstable_if_traps='1'/>
</uncommon_trap>
DEOPT PACKING thread 0x00007f78a700a800 Compiled frame (sp=0x00000003058846b0 unextended sp=0x00000003058846b0, fp=0x00000007956b17b8, real_fp=0x00000003058846f0, pc=0x00000001114edde8)
     nmethod   1501  137             java.lang.ClassLoader::getClassLoadingLock (35 bytes)

     Virtual frames (innermost first):
        0 - frame( sp=0x00000003058846b0, unextended_sp=0x00000003058846b0, fp=0x00000007956b17b8, pc=0x00000001114edde8)
java.lang.ClassLoader.getClassLoadingLock(ClassLoader.java:458) - ifnonnull @ bci 28 
     Created vframeArray 0x00007f78a705be20
DEOPT UNPACKING thread 0x00007f78a700a800 vframeArray 0x00007f78a705be20 mode 2
     {method} {0x000000010e019e58} &apos;getClassLoadingLock&apos; &apos;(Ljava/lang/String;)Ljava/lang/Object;&apos; in &apos;java/lang/ClassLoader&apos; - ifnonnull @ bci 28 sp = 0x0000000305884688
<uncommon_trap thread='9987' reason='class_check' action='maybe_recompile' compile_id='195' compiler='C2' stamp='1.680'>
Uncommon trap occurred in java.util.concurrent.ConcurrentHashMap::get (@0x0000000111507448) thread=9987 reason=class_check action=maybe_recompile unloaded_class_index=-1
<jvms bci='1' method='java/util/concurrent/ConcurrentHashMap get (Ljava/lang/Object;)Ljava/lang/Object;' bytes='162' count='50' backedge_count='14' iicount='86'/>
</uncommon_trap>
DEOPT PACKING thread 0x00007f78a700a800 Compiled frame (sp=0x0000000305885a70 unextended sp=0x0000000305885a70, fp=0x0000000795674548, real_fp=0x0000000305885ab0, pc=0x0000000111507448)
     nmethod   1680  195             java.util.concurrent.ConcurrentHashMap::get (162 bytes)

     Virtual frames (innermost first):
        0 - frame( sp=0x0000000305885a70, unextended_sp=0x0000000305885a70, fp=0x0000000795674548, pc=0x0000000111507448)
java.util.concurrent.ConcurrentHashMap.get(ConcurrentHashMap.java:936) - invokevirtual @ bci 1 
     Created vframeArray 0x00007f78a7062a20
DEOPT UNPACKING thread 0x00007f78a700a800 vframeArray 0x00007f78a7062a20 mode 2
     {method} {0x000000010e1f9c88} &apos;get&apos; &apos;(Ljava/lang/Object;)Ljava/lang/Object;&apos; in &apos;java/util/concurrent/ConcurrentHashMap&apos; - invokevirtual @ bci 1 sp = 0x0000000305885a20
<uncommon_trap thread='9987' reason='unstable_if' action='reinterpret' compile_id='152' compiler='C2' stamp='1.681'>
Uncommon trap occurred in java.lang.Class::getClassLoader (@0x00000001114f40f4) thread=9987 reason=unstable_if action=reinterpret unloaded_class_index=-1
<jvms bci='6' method='java/lang/Class getClassLoader ()Ljava/lang/ClassLoader;' bytes='28' count='50' backedge_count='1' iicount='100'/>
</uncommon_trap>
DEOPT PACKING thread 0x00007f78a700a800 Compiled frame (sp=0x00000003058857b0 unextended sp=0x00000003058857b0, fp=0x0000000305885838, real_fp=0x00000003058857e0, pc=0x00000001114f40f4)
     nmethod   1680  152             java.lang.Class::getClassLoader (28 bytes)

     Virtual frames (innermost first):
        0 - frame( sp=0x00000003058857b0, unextended_sp=0x00000003058857b0, fp=0x0000000305885838, pc=0x00000001114f40f4)
java.lang.Class.getClassLoader(Class.java:679) - ifnonnull @ bci 6 
     Created vframeArray 0x00007f78a6042420
DEOPT UNPACKING thread 0x00007f78a700a800 vframeArray 0x00007f78a6042420 mode 2
     {method} {0x000000010e010320} &apos;getClassLoader&apos; &apos;()Ljava/lang/ClassLoader;&apos; in &apos;java/lang/Class&apos; - ifnonnull @ bci 6 sp = 0x0000000305885778
<uncommon_trap thread='9987' reason='unstable_if' action='reinterpret' compile_id='168' compiler='C2' count='1' state='intrinsic recompiled' stamp='1.682'>
Uncommon trap occurred in sun.invoke.util.VerifyAccess::isSamePackage (@0x00000001114fdfe8) thread=9987 reason=unstable_if action=reinterpret unloaded_class_index=-1
<jvms bci='6' method='java/lang/Class getClassLoader ()Ljava/lang/ClassLoader;' bytes='28' count='1' backedge_count='1' iicount='100' decompiles='1' unstable_if_traps='1'/>
<jvms bci='40' method='sun/invoke/util/VerifyAccess isSamePackage (Ljava/lang/Class;Ljava/lang/Class;)Z' bytes='114' count='8' backedge_count='66' iicount='8'/>
</uncommon_trap>
DEOPT PACKING thread 0x00007f78a700a800 Compiled frame (sp=0x0000000305885770 unextended sp=0x0000000305885770, fp=0x0000000795582920, real_fp=0x00000003058857c0, pc=0x00000001114fdfe8)
     nmethod   1681  168             sun.invoke.util.VerifyAccess::isSamePackage (114 bytes)

     Virtual frames (innermost first):
        0 - frame( sp=0x0000000305885770, unextended_sp=0x0000000305885770, fp=0x0000000795582920, pc=0x00000001114fdfe8)
java.lang.Class.getClassLoader(Class.java:679) - ifnonnull @ bci 6 
        1 - frame( sp=0x0000000305885770, unextended_sp=0x0000000305885770, fp=0x0000000795582920, pc=0x00000001114fdfe8)
sun.invoke.util.VerifyAccess.isSamePackage(VerifyAccess.java:275) - invokevirtual @ bci 40 
     Created vframeArray 0x00007f78a7062a20
DEOPT UNPACKING thread 0x00007f78a700a800 vframeArray 0x00007f78a7062a20 mode 2
     {method} {0x000000010e336c60} &apos;isSamePackage&apos; &apos;(Ljava/lang/Class;Ljava/lang/Class;)Z&apos; in &apos;sun/invoke/util/VerifyAccess&apos; - invokevirtual @ bci 40 sp = 0x0000000305885730
     {method} {0x000000010e010320} &apos;getClassLoader&apos; &apos;()Ljava/lang/ClassLoader;&apos; in &apos;java/lang/Class&apos; - ifnonnull @ bci 6 sp = 0x00000003058856d8
<uncommon_trap thread='9987' reason='loop_limit_check' action='maybe_recompile' compile_id='335' compiler='C2' stamp='2.185'>
Uncommon trap occurred in java.lang.invoke.LambdaForm::shortenSignature (@0x0000000111553090) thread=9987 reason=loop_limit_check action=maybe_recompile unloaded_class_index=-1
<jvms bci='97' method='java/lang/invoke/LambdaForm shortenSignature (Ljava/lang/String;)Ljava/lang/String;' bytes='166' count='17' backedge_count='60' iicount='17'/>
</uncommon_trap>
DEOPT PACKING thread 0x00007f78a700a800 Compiled frame (sp=0x0000000305883b60 unextended sp=0x0000000305883b60, fp=0x0000000000000000, real_fp=0x0000000305883be0, pc=0x0000000111553090)
     nmethod   2184  335             java.lang.invoke.LambdaForm::shortenSignature (166 bytes)

     Virtual frames (innermost first):
        0 - frame( sp=0x0000000305883b60, unextended_sp=0x0000000305883b60, fp=0x0000000000000000, pc=0x0000000111553090)
java.lang.invoke.LambdaForm.shortenSignature(LambdaForm.java:1360) - aload @ bci 97 
     Created vframeArray 0x00007f78a6866c20
DEOPT UNPACKING thread 0x00007f78a700a800 vframeArray 0x00007f78a6866c20 mode 2
     {method} {0x000000010e07a5d8} &apos;shortenSignature&apos; &apos;(Ljava/lang/String;)Ljava/lang/String;&apos; in &apos;java/lang/invoke/LambdaForm&apos; - aload @ bci 97 sp = 0x0000000305883b48
<uncommon_trap thread='9987' reason='unstable_if' action='reinterpret' compile_id='310' compiler='C2' stamp='2.221'>
Uncommon trap occurred in jdk.internal.org.objectweb.asm.ByteVector::enlarge (@0x00000001115463c4) thread=9987 reason=unstable_if action=reinterpret unloaded_class_index=-1
<jvms bci='17' method='jdk/internal/org/objectweb/asm/ByteVector enlarge (I)V' bytes='51' count='51' backedge_count='1' iicount='101'/>
</uncommon_trap>
DEOPT PACKING thread 0x00007f78a700a800 Compiled frame (sp=0x00000003058834f0 unextended sp=0x00000003058834f0, fp=0x0000000795703f48, real_fp=0x0000000305883530, pc=0x00000001115463c4)
     nmethod   2220  310             jdk.internal.org.objectweb.asm.ByteVector::enlarge (51 bytes)

     Virtual frames (innermost first):
        0 - frame( sp=0x00000003058834f0, unextended_sp=0x00000003058834f0, fp=0x0000000795703f48, pc=0x00000001115463c4)
jdk.internal.org.objectweb.asm.ByteVector.enlarge(ByteVector.java:364) - if_icmple @ bci 17 
     Created vframeArray 0x00007f78a5059a20
DEOPT UNPACKING thread 0x00007f78a700a800 vframeArray 0x00007f78a5059a20 mode 2
     {method} {0x000000010e378858} &apos;enlarge&apos; &apos;(I)V&apos; in &apos;jdk/internal/org/objectweb/asm/ByteVector&apos; - if_icmple @ bci 17 sp = 0x00000003058834a8
<uncommon_trap thread='9987' reason='unstable_if' action='reinterpret' compile_id='192' compiler='C2' stamp='2.221'>
Uncommon trap occurred in jdk.internal.org.objectweb.asm.ByteVector::putByte (@0x0000000111503a10) thread=9987 reason=unstable_if action=reinterpret unloaded_class_index=-1
<jvms bci='13' method='jdk/internal/org/objectweb/asm/ByteVector putByte (I)Ljdk/internal/org/objectweb/asm/ByteVector;' bytes='39' count='50' backedge_count='1' iicount='100'/>
</uncommon_trap>
DEOPT PACKING thread 0x00007f78a700a800 Compiled frame (sp=0x0000000305883680 unextended sp=0x0000000305883680, fp=0x0000000795703f48, real_fp=0x00000003058836c0, pc=0x0000000111503a10)
     nmethod   2220  192             jdk.internal.org.objectweb.asm.ByteVector::putByte (39 bytes)

     Virtual frames (innermost first):
        0 - frame( sp=0x0000000305883680, unextended_sp=0x0000000305883680, fp=0x0000000795703f48, pc=0x0000000111503a10)
jdk.internal.org.objectweb.asm.ByteVector.putByte(ByteVector.java:108) - if_icmple @ bci 13 
     Created vframeArray 0x00007f78a5066620
DEOPT UNPACKING thread 0x00007f78a700a800 vframeArray 0x00007f78a5066620 mode 2
     {method} {0x000000010e377c00} &apos;putByte&apos; &apos;(I)Ljdk/internal/org/objectweb/asm/ByteVector;&apos; in &apos;jdk/internal/org/objectweb/asm/ByteVector&apos; - if_icmple @ bci 13 sp = 0x0000000305883648
<uncommon_trap thread='9987' reason='loop_limit_check' action='maybe_recompile' compile_id='356' compiler='C2' stamp='2.263'>
Uncommon trap occurred in java.lang.invoke.LambdaForm$Name::useCount (@0x000000011155ca1c) thread=9987 reason=loop_limit_check action=maybe_recompile unloaded_class_index=-1
<jvms bci='24' method='java/lang/invoke/LambdaForm$Name useCount (Ljava/lang/invoke/LambdaForm$Name;)I' bytes='42' count='27' backedge_count='51' iicount='27'/>
</uncommon_trap>
DEOPT PACKING thread 0x00007f78a700a800 Compiled frame (sp=0x00000003058839b0 unextended sp=0x00000003058839b0, fp=0x0000000795702f60, real_fp=0x00000003058839f0, pc=0x000000011155ca1c)
     nmethod   2263  356             java.lang.invoke.LambdaForm$Name::useCount (42 bytes)

     Virtual frames (innermost first):
        0 - frame( sp=0x00000003058839b0, unextended_sp=0x00000003058839b0, fp=0x0000000795702f60, pc=0x000000011155ca1c)
java.lang.invoke.LambdaForm$Name.useCount(LambdaForm.java:1582) - fast_aaccess_0 @ bci 24 
     Created vframeArray 0x00007f78a6866c20
DEOPT UNPACKING thread 0x00007f78a700a800 vframeArray 0x00007f78a6866c20 mode 2
     {method} {0x000000010e349310} &apos;useCount&apos; &apos;(Ljava/lang/invoke/LambdaForm$Name;)I&apos; in &apos;java/lang/invoke/LambdaForm$Name&apos; - aload_0 @ bci 24 sp = 0x0000000305883990
<uncommon_trap thread='9987' reason='unstable_if' action='reinterpret' compile_id='276' compiler='C2' stamp='2.361'>
Uncommon trap occurred in java.lang.invoke.LambdaForm::argument (@0x000000011153781c) thread=9987 reason=unstable_if action=reinterpret unloaded_class_index=-1
<jvms bci='3' method='java/lang/invoke/LambdaForm argument (ILjava/lang/invoke/LambdaForm$BasicType;)Ljava/lang/invoke/LambdaForm$Name;' bytes='27' count='50' backedge_count='1' iicount='100'/>
</uncommon_trap>
DEOPT PACKING thread 0x00007f78a700a800 Compiled frame (sp=0x0000000305883850 unextended sp=0x0000000305883850, fp=0x000000000000000b, real_fp=0x0000000305883880, pc=0x000000011153781c)
     nmethod   2361  276             java.lang.invoke.LambdaForm::argument (27 bytes)

     Virtual frames (innermost first):
        0 - frame( sp=0x0000000305883850, unextended_sp=0x0000000305883850, fp=0x000000000000000b, pc=0x000000011153781c)
java.lang.invoke.LambdaForm.argument(LambdaForm.java:1647) - if_icmplt @ bci 3 
     Created vframeArray 0x00007f78a6048e20
DEOPT UNPACKING thread 0x00007f78a700a800 vframeArray 0x00007f78a6048e20 mode 2
     {method} {0x000000010e07aa10} &apos;argument&apos; &apos;(ILjava/lang/invoke/LambdaForm$BasicType;)Ljava/lang/invoke/LambdaForm$Name;&apos; in &apos;java/lang/invoke/LambdaForm&apos; - if_icmplt @ bci 3 sp = 0x0000000305883810
<uncommon_trap thread='9987' reason='unstable_if' action='reinterpret' compile_id='262' compiler='C2' stamp='2.379'>
Uncommon trap occurred in jdk.internal.org.objectweb.asm.Frame::push (@0x000000011150f338) thread=9987 reason=unstable_if action=reinterpret unloaded_class_index=-1
<jvms bci='26' method='jdk/internal/org/objectweb/asm/Frame push (I)V' bytes='110' count='52' backedge_count='1' iicount='102'/>
</uncommon_trap>
DEOPT PACKING thread 0x00007f78a700a800 Compiled frame (sp=0x0000000305883500 unextended sp=0x0000000305883500, fp=0x000000000000000a, real_fp=0x0000000305883540, pc=0x000000011150f338)
     nmethod   2379  262             jdk.internal.org.objectweb.asm.Frame::push (110 bytes)

     Virtual frames (innermost first):
        0 - frame( sp=0x0000000305883500, unextended_sp=0x0000000305883500, fp=0x000000000000000a, pc=0x000000011150f338)
jdk.internal.org.objectweb.asm.Frame.push(Frame.java:610) - if_icmplt @ bci 26 
     Created vframeArray 0x00007f78a7062a20
DEOPT UNPACKING thread 0x00007f78a700a800 vframeArray 0x00007f78a7062a20 mode 2
     {method} {0x000000010e38d428} &apos;push&apos; &apos;(I)V&apos; in &apos;jdk/internal/org/objectweb/asm/Frame&apos; - if_icmplt @ bci 26 sp = 0x00000003058834c0
<uncommon_trap thread='9987' reason='unstable_if' action='reinterpret' compile_id='369' compiler='C2' stamp='2.395'>
Uncommon trap occurred in java.lang.invoke.MemberName$Factory::resolveOrFail (@0x00000001115544c0) thread=9987 reason=unstable_if action=reinterpret unloaded_class_index=-1
<jvms bci='4' method='java/lang/invoke/MemberName isResolved ()Z' bytes='13' count='25' backedge_count='1' iicount='100'/>
<jvms bci='11' method='java/lang/invoke/MemberName$Factory resolveOrFail (BLjava/lang/invoke/MemberName;Ljava/lang/Class;Ljava/lang/Class;)Ljava/lang/invoke/MemberName;' bytes='52' count='50' backedge_count='1' iicount='100'/>
</uncommon_trap>
DEOPT PACKING thread 0x00007f78a700a800 Compiled frame (sp=0x0000000305883ea0 unextended sp=0x0000000305883ea0, fp=0x00000000f2ae7e13, real_fp=0x0000000305883ed0, pc=0x00000001115544c0)
     nmethod   2395  369             java.lang.invoke.MemberName$Factory::resolveOrFail (52 bytes)

     Virtual frames (innermost first):
        0 - frame( sp=0x0000000305883ea0, unextended_sp=0x0000000305883ea0, fp=0x00000000f2ae7e13, pc=0x00000001115544c0)
java.lang.invoke.MemberName.isResolved(MemberName.java:774) - ifnonnull @ bci 4 
        1 - frame( sp=0x0000000305883ea0, unextended_sp=0x0000000305883ea0, fp=0x00000000f2ae7e13, pc=0x00000001115544c0)
java.lang.invoke.MemberName$Factory.resolveOrFail(MemberName.java:1001) - invokevirtual @ bci 11 
     Created vframeArray 0x00007f78a7065e20
DEOPT UNPACKING thread 0x00007f78a700a800 vframeArray 0x00007f78a7065e20 mode 2
     {method} {0x000000010e240e90} &apos;resolveOrFail&apos; &apos;(BLjava/lang/invoke/MemberName;Ljava/lang/Class;Ljava/lang/Class;)Ljava/lang/invoke/MemberName;&apos; in &apos;java/lang/invoke/MemberName$Factory&apos; - invokevirtual @ bci 11 sp = 0x0000000305883e68
     {method} {0x000000010e06e758} &apos;isResolved&apos; &apos;()Z&apos; in &apos;java/lang/invoke/MemberName&apos; - ifnonnull @ bci 4 sp = 0x0000000305883e10
<uncommon_trap thread='9987' reason='unstable_if' action='reinterpret' compile_id='248' compiler='C2' count='1' state='intrinsic recompiled' stamp='2.396'>
Uncommon trap occurred in java.lang.invoke.MemberName::isResolved (@0x0000000111523534) thread=9987 reason=unstable_if action=reinterpret unloaded_class_index=-1
<jvms bci='4' method='java/lang/invoke/MemberName isResolved ()Z' bytes='13' count='1' backedge_count='1' iicount='100' unstable_if_traps='1'/>
</uncommon_trap>
DEOPT PACKING thread 0x00007f78a700a800 Compiled frame (sp=0x0000000305883d70 unextended sp=0x0000000305883d70, fp=0x00000000f2ae7e13, real_fp=0x0000000305883d90, pc=0x0000000111523534)
     nmethod   2395  248             java.lang.invoke.MemberName::isResolved (13 bytes)

     Virtual frames (innermost first):
        0 - frame( sp=0x0000000305883d70, unextended_sp=0x0000000305883d70, fp=0x00000000f2ae7e13, pc=0x0000000111523534)
java.lang.invoke.MemberName.isResolved(MemberName.java:774) - ifnonnull @ bci 4 
     Created vframeArray 0x00007f78a7062a20
DEOPT UNPACKING thread 0x00007f78a700a800 vframeArray 0x00007f78a7062a20 mode 2
     {method} {0x000000010e06e758} &apos;isResolved&apos; &apos;()Z&apos; in &apos;java/lang/invoke/MemberName&apos; - ifnonnull @ bci 4 sp = 0x0000000305883d38
<uncommon_trap thread='9987' reason='unstable_if' action='reinterpret' compile_id='389' compiler='C2' stamp='2.396'>
Uncommon trap occurred in java.lang.Class::getSimpleName (@0x000000011156fd70) thread=9987 reason=unstable_if action=reinterpret unloaded_class_index=-1
<jvms bci='4' method='java/lang/Class getSimpleName ()Ljava/lang/String;' bytes='120' count='50' backedge_count='1' iicount='100'/>
</uncommon_trap>
DEOPT PACKING thread 0x00007f78a700a800 Compiled frame (sp=0x0000000305883c10 unextended sp=0x0000000305883c10, fp=0x0000000795584090, real_fp=0x0000000305883c50, pc=0x000000011156fd70)
     nmethod   2396  389             java.lang.Class::getSimpleName (120 bytes)

     Virtual frames (innermost first):
        0 - frame( sp=0x0000000305883c10, unextended_sp=0x0000000305883c10, fp=0x0000000795584090, pc=0x000000011156fd70)
java.lang.Class.getSimpleName(Class.java:1306) - ifeq @ bci 4 
     Created vframeArray 0x00007f78a7065e20
DEOPT UNPACKING thread 0x00007f78a700a800 vframeArray 0x00007f78a7065e20 mode 2
     {method} {0x000000010e011770} &apos;getSimpleName&apos; &apos;()Ljava/lang/String;&apos; in &apos;java/lang/Class&apos; - ifeq @ bci 4 sp = 0x0000000305883be0
<uncommon_trap thread='9987' reason='null_check' action='make_not_entrant' compile_id='237' compiler='C2' stamp='2.411'>
Uncommon trap occurred in java.util.ArrayList::add (@0x0000000111520e9c) thread=9987 reason=null_check action=make_not_entrant unloaded_class_index=-1
<jvms bci='26' method='java/util/ArrayList add (Ljava/lang/Object;)Z' bytes='29' count='50' backedge_count='1' iicount='100'/>
</uncommon_trap>
DEOPT PACKING thread 0x00007f78a700a800 Compiled frame (sp=0x0000000305884030 unextended sp=0x0000000305884030, fp=0x00000000f2ae80cb, real_fp=0x0000000305884060, pc=0x0000000111520e9c)
     nmethod   2411  237             java.util.ArrayList::add (29 bytes)

     Virtual frames (innermost first):
        0 - frame( sp=0x0000000305884030, unextended_sp=0x0000000305884030, fp=0x00000000f2ae80cb, pc=0x0000000111520e9c)
java.util.ArrayList.add(ArrayList.java:465) - aastore @ bci 26 
     Created vframeArray 0x00007f78a5065620
DEOPT UNPACKING thread 0x00007f78a700a800 vframeArray 0x00007f78a5065620 mode 2
     {method} {0x000000010e0f8970} &apos;add&apos; &apos;(Ljava/lang/Object;)Z&apos; in &apos;java/util/ArrayList&apos; - aastore @ bci 26 sp = 0x0000000305883ff8
<uncommon_trap thread='9987' reason='bimorphic' action='maybe_recompile' compile_id='362' compiler='C2' stamp='2.459'>
Uncommon trap occurred in java.lang.invoke.InvokerBytecodeGenerator::generateCustomizedCodeBytes (@0x000000011156649c) thread=9987 reason=bimorphic action=maybe_recompile unloaded_class_index=-1
<jvms bci='17' method='java/lang/invoke/LambdaForm$NamedFunction intrinsicName ()Ljava/lang/invoke/MethodHandleImpl$Intrinsic;' bytes='21' count='64' iicount='64'/>
<jvms bci='180' method='java/lang/invoke/InvokerBytecodeGenerator generateCustomizedCodeBytes ()[B' bytes='604' count='40' backedge_count='52' iicount='40'/>
</uncommon_trap>
DEOPT PACKING thread 0x00007f78a700a800 Compiled frame (sp=0x00000003058839f0 unextended sp=0x00000003058839f0, fp=0x00000000f2adb874, real_fp=0x0000000305883a60, pc=0x000000011156649c)
     nmethod   2459  362             java.lang.invoke.InvokerBytecodeGenerator::generateCustomizedCodeBytes (604 bytes)

     Virtual frames (innermost first):
        0 - frame( sp=0x00000003058839f0, unextended_sp=0x00000003058839f0, fp=0x00000000f2adb874, pc=0x000000011156649c)
java.lang.invoke.LambdaForm$NamedFunction.intrinsicName(LambdaForm.java:1328) - invokevirtual @ bci 17 
        1 - frame( sp=0x00000003058839f0, unextended_sp=0x00000003058839f0, fp=0x00000000f2adb874, pc=0x000000011156649c)
java.lang.invoke.InvokerBytecodeGenerator.generateCustomizedCodeBytes(InvokerBytecodeGenerator.java:668) - invokevirtual @ bci 180 
     Created vframeArray 0x00007f78a7065e20
DEOPT UNPACKING thread 0x00007f78a700a800 vframeArray 0x00007f78a7065e20 mode 2
     {method} {0x000000010e36a0c8} &apos;generateCustomizedCodeBytes&apos; &apos;()[B&apos; in &apos;java/lang/invoke/InvokerBytecodeGenerator&apos; - invokevirtual @ bci 180 sp = 0x00000003058839e0
     {method} {0x000000010e34e140} &apos;intrinsicName&apos; &apos;()Ljava/lang/invoke/MethodHandleImpl$Intrinsic;&apos; in &apos;java/lang/invoke/LambdaForm$NamedFunction&apos; - invokevirtual @ bci 17 sp = 0x0000000305883988
<uncommon_trap thread='9987' reason='unstable_if' action='reinterpret' compile_id='368' compiler='C2' stamp='2.515'>
Uncommon trap occurred in java.lang.invoke.InvokerBytecodeGenerator::getInternalName (@0x00000001115548d4) thread=9987 reason=unstable_if action=reinterpret unloaded_class_index=-1
<jvms bci='12' method='java/lang/invoke/InvokerBytecodeGenerator getInternalName (Ljava/lang/Class;)Ljava/lang/String;' bytes='75' count='50' backedge_count='1' iicount='100'/>
</uncommon_trap>
DEOPT PACKING thread 0x00007f78a700a800 Compiled frame (sp=0x00000003058838b0 unextended sp=0x00000003058838b0, fp=0x0000000305883930, real_fp=0x00000003058838e0, pc=0x00000001115548d4)
     nmethod   2515  368             java.lang.invoke.InvokerBytecodeGenerator::getInternalName (75 bytes)

     Virtual frames (innermost first):
        0 - frame( sp=0x00000003058838b0, unextended_sp=0x00000003058838b0, fp=0x0000000305883930, pc=0x00000001115548d4)
java.lang.invoke.InvokerBytecodeGenerator.getInternalName(InvokerBytecodeGenerator.java:606) - if_acmpne @ bci 12 
     Created vframeArray 0x00007f78a5065e20
DEOPT UNPACKING thread 0x00007f78a700a800 vframeArray 0x00007f78a5065e20 mode 2
     {method} {0x000000010e369b68} &apos;getInternalName&apos; &apos;(Ljava/lang/Class;)Ljava/lang/String;&apos; in &apos;java/lang/invoke/InvokerBytecodeGenerator&apos; - if_acmpne @ bci 12 sp = 0x0000000305883880
<uncommon_trap thread='9987' reason='loop_limit_check' action='maybe_recompile' compile_id='431' compiler='C2' stamp='2.526'>
Uncommon trap occurred in java.lang.invoke.LambdaForm::useCount (@0x000000011157dfa4) thread=9987 reason=loop_limit_check action=maybe_recompile unloaded_class_index=-1
<jvms bci='74' method='java/lang/invoke/LambdaForm useCount (Ljava/lang/invoke/LambdaForm$Name;)I' bytes='99' count='50' backedge_count='51' iicount='50'/>
</uncommon_trap>
DEOPT PACKING thread 0x00007f78a700a800 Compiled frame (sp=0x0000000305883760 unextended sp=0x0000000305883760, fp=0x0000000000000000, real_fp=0x00000003058837a0, pc=0x000000011157dfa4)
     nmethod   2525  431             java.lang.invoke.LambdaForm::useCount (99 bytes)

     Virtual frames (innermost first):
        0 - frame( sp=0x0000000305883760, unextended_sp=0x0000000305883760, fp=0x0000000000000000, pc=0x000000011157dfa4)
java.lang.invoke.LambdaForm.useCount(LambdaForm.java:1638) - fast_iload @ bci 74 
     Created vframeArray 0x00007f78a6868020
DEOPT UNPACKING thread 0x00007f78a700a800 vframeArray 0x00007f78a6868020 mode 2
     {method} {0x000000010e07a878} &apos;useCount&apos; &apos;(Ljava/lang/invoke/LambdaForm$Name;)I&apos; in &apos;java/lang/invoke/LambdaForm&apos; - iload @ bci 74 sp = 0x0000000305883720
<uncommon_trap thread='9987' reason='bimorphic' action='maybe_recompile' compile_id='362' compiler='C2' count='1' state='#7' stamp='2.539'>
Uncommon trap occurred in java.lang.invoke.InvokerBytecodeGenerator::generateCustomizedCodeBytes (@0x000000011156649c) thread=9987 reason=bimorphic action=maybe_recompile unloaded_class_index=-1
<jvms bci='17' method='java/lang/invoke/LambdaForm$NamedFunction intrinsicName ()Ljava/lang/invoke/MethodHandleImpl$Intrinsic;' bytes='21' count='66' iicount='66' bimorphic_traps='1'/>
<jvms bci='180' method='java/lang/invoke/InvokerBytecodeGenerator generateCustomizedCodeBytes ()[B' bytes='604' count='40' backedge_count='55' iicount='40'/>
</uncommon_trap>
DEOPT PACKING thread 0x00007f78a700a800 Compiled frame (sp=0x0000000305884a30 unextended sp=0x0000000305884a30, fp=0x00000000f2adb874, real_fp=0x0000000305884aa0, pc=0x000000011156649c)
     nmethod   2539  362             java.lang.invoke.InvokerBytecodeGenerator::generateCustomizedCodeBytes (604 bytes)

     Virtual frames (innermost first):
        0 - frame( sp=0x0000000305884a30, unextended_sp=0x0000000305884a30, fp=0x00000000f2adb874, pc=0x000000011156649c)
java.lang.invoke.LambdaForm$NamedFunction.intrinsicName(LambdaForm.java:1328) - invokevirtual @ bci 17 
        1 - frame( sp=0x0000000305884a30, unextended_sp=0x0000000305884a30, fp=0x00000000f2adb874, pc=0x000000011156649c)
java.lang.invoke.InvokerBytecodeGenerator.generateCustomizedCodeBytes(InvokerBytecodeGenerator.java:668) - invokevirtual @ bci 180 
     Created vframeArray 0x00007f78a6868820
DEOPT UNPACKING thread 0x00007f78a700a800 vframeArray 0x00007f78a6868820 mode 2
     {method} {0x000000010e36a0c8} &apos;generateCustomizedCodeBytes&apos; &apos;()[B&apos; in &apos;java/lang/invoke/InvokerBytecodeGenerator&apos; - invokevirtual @ bci 180 sp = 0x0000000305884a20
     {method} {0x000000010e34e140} &apos;intrinsicName&apos; &apos;()Ljava/lang/invoke/MethodHandleImpl$Intrinsic;&apos; in &apos;java/lang/invoke/LambdaForm$NamedFunction&apos; - invokevirtual @ bci 17 sp = 0x00000003058849c8
<uncommon_trap thread='9987' reason='unstable_if' action='reinterpret' compile_id='434' compiler='C2' stamp='2.560'>
Uncommon trap occurred in jdk.internal.org.objectweb.asm.Frame::pop (@0x000000011157d964) thread=9987 reason=unstable_if action=reinterpret unloaded_class_index=-1
<jvms bci='9' method='jdk/internal/org/objectweb/asm/Frame pop (Ljava/lang/String;)V' bytes='53' count='51' backedge_count='1' iicount='101'/>
</uncommon_trap>
DEOPT PACKING thread 0x00007f78a700a800 Compiled frame (sp=0x0000000305884eb0 unextended sp=0x0000000305884eb0, fp=0x000000000000004c, real_fp=0x0000000305884ef0, pc=0x000000011157d964)
     nmethod   2560  434             jdk.internal.org.objectweb.asm.Frame::pop (53 bytes)

     Virtual frames (innermost first):
        0 - frame( sp=0x0000000305884eb0, unextended_sp=0x0000000305884eb0, fp=0x000000000000004c, pc=0x000000011157d964)
jdk.internal.org.objectweb.asm.Frame.pop(Frame.java:760) - if_icmpne @ bci 9 
     Created vframeArray 0x00007f78a6048e20
DEOPT UNPACKING thread 0x00007f78a700a800 vframeArray 0x00007f78a6048e20 mode 2
     {method} {0x000000010e38daf8} &apos;pop&apos; &apos;(Ljava/lang/String;)V&apos; in &apos;jdk/internal/org/objectweb/asm/Frame&apos; - if_icmpne @ bci 9 sp = 0x0000000305884e78
<uncommon_trap thread='9987' reason='unstable_if' action='reinterpret' compile_id='203' compiler='C2' stamp='2.561'>
Uncommon trap occurred in jdk.internal.org.objectweb.asm.ByteVector::put12 (@0x0000000111508064) thread=9987 reason=unstable_if action=reinterpret unloaded_class_index=-1
<jvms bci='13' method='jdk/internal/org/objectweb/asm/ByteVector put12 (II)Ljdk/internal/org/objectweb/asm/ByteVector;' bytes='64' count='50' backedge_count='1' iicount='100'/>
</uncommon_trap>
DEOPT PACKING thread 0x00007f78a700a800 Compiled frame (sp=0x0000000305884e50 unextended sp=0x0000000305884e50, fp=0x000000079581f1b8, real_fp=0x0000000305884e90, pc=0x0000000111508064)
     nmethod   2561  203             jdk.internal.org.objectweb.asm.ByteVector::put12 (64 bytes)

     Virtual frames (innermost first):
        0 - frame( sp=0x0000000305884e50, unextended_sp=0x0000000305884e50, fp=0x000000079581f1b8, pc=0x0000000111508064)
jdk.internal.org.objectweb.asm.ByteVector.put12(ByteVector.java:170) - if_icmple @ bci 13 
     Created vframeArray 0x00007f78a6868820
DEOPT UNPACKING thread 0x00007f78a700a800 vframeArray 0x00007f78a6868820 mode 2
     {method} {0x000000010e377f50} &apos;put12&apos; &apos;(II)Ljdk/internal/org/objectweb/asm/ByteVector;&apos; in &apos;jdk/internal/org/objectweb/asm/ByteVector&apos; - if_icmple @ bci 13 sp = 0x0000000305884e08
<uncommon_trap thread='9987' reason='unstable_if' action='reinterpret' compile_id='433' compiler='C2' stamp='2.563'>
Uncommon trap occurred in jdk.internal.org.objectweb.asm.ClassWriter::newMethodItem (@0x0000000111581a70) thread=9987 reason=unstable_if action=reinterpret unloaded_class_index=-1
<jvms bci='38' method='jdk/internal/org/objectweb/asm/ClassWriter newMethodItem (Ljava/lang/String;Ljava/lang/String;Ljava/lang/String;Z)Ljdk/internal/org/objectweb/asm/Item;' bytes='91' count='50' backedge_count='1' iicount='100'/>
</uncommon_trap>
DEOPT PACKING thread 0x00007f78a700a800 Compiled frame (sp=0x0000000305884f30 unextended sp=0x0000000305884f30, fp=0x000000079581f110, real_fp=0x0000000305884f80, pc=0x0000000111581a70)
     nmethod   2562  433             jdk.internal.org.objectweb.asm.ClassWriter::newMethodItem (91 bytes)

     Virtual frames (innermost first):
        0 - frame( sp=0x0000000305884f30, unextended_sp=0x0000000305884f30, fp=0x000000079581f110, pc=0x0000000111581a70)
jdk.internal.org.objectweb.asm.ClassWriter.newMethodItem(ClassWriter.java:1435) - ifnonnull @ bci 38 
     Created vframeArray 0x00007f78a6867e20
DEOPT UNPACKING thread 0x00007f78a700a800 vframeArray 0x00007f78a6867e20 mode 2
     {method} {0x000000010e3739d8} &apos;newMethodItem&apos; &apos;(Ljava/lang/String;Ljava/lang/String;Ljava/lang/String;Z)Ljdk/internal/org/objectweb/asm/Item;&apos; in &apos;jdk/internal/org/objectweb/asm/ClassWriter&apos; - ifnonnull @ bci 38 sp = 0x0000000305884ef0
<uncommon_trap thread='9987' reason='null_assert' action='make_not_entrant' compile_id='341' compiler='C2' stamp='2.565'>
Uncommon trap occurred in jdk.internal.org.objectweb.asm.ClassWriter::toByteArray (@0x0000000111558c4c) thread=9987 reason=null_assert action=make_not_entrant unloaded_class_index=-1
<jvms bci='35' method='jdk/internal/org/objectweb/asm/ClassWriter toByteArray ()[B' bytes='1289' count='34' backedge_count='52' iicount='34'/>
</uncommon_trap>
DEOPT PACKING thread 0x00007f78a700a800 Compiled frame (sp=0x0000000305884f90 unextended sp=0x0000000305884f90, fp=0x000000079581f110, real_fp=0x0000000305884fe0, pc=0x0000000111558c4c)
     nmethod   2565  341             jdk.internal.org.objectweb.asm.ClassWriter::toByteArray (1289 bytes)

     Virtual frames (innermost first):
        0 - frame( sp=0x0000000305884f90, unextended_sp=0x0000000305884f90, fp=0x000000079581f110, pc=0x0000000111558c4c)
jdk.internal.org.objectweb.asm.ClassWriter.toByteArray(ClassWriter.java:846) - astore_3 @ bci 35 
     Created vframeArray 0x00007f78a5065e20
DEOPT UNPACKING thread 0x00007f78a700a800 vframeArray 0x00007f78a5065e20 mode 2
     {method} {0x000000010e372808} &apos;toByteArray&apos; &apos;()[B&apos; in &apos;jdk/internal/org/objectweb/asm/ClassWriter&apos; - astore_3 @ bci 35 sp = 0x0000000305884f40
<uncommon_trap thread='9987' reason='unstable_if' action='reinterpret' compile_id='404' compiler='C2' stamp='2.568'>
Uncommon trap occurred in java.lang.invoke.MemberName::checkForTypeAlias (@0x0000000111575dbc) thread=9987 reason=unstable_if action=reinterpret unloaded_class_index=-1
<jvms bci='4' method='java/lang/invoke/MemberName checkForTypeAlias (Ljava/lang/Class;)V' bytes='168' count='51' backedge_count='1' iicount='131'/>
</uncommon_trap>
DEOPT PACKING thread 0x00007f78a700a800 Compiled frame (sp=0x0000000305884f30 unextended sp=0x0000000305884f30, fp=0x000000079582eb18, real_fp=0x0000000305884f60, pc=0x0000000111575dbc)
     nmethod   2568  404             java.lang.invoke.MemberName::checkForTypeAlias (168 bytes)

     Virtual frames (innermost first):
        0 - frame( sp=0x0000000305884f30, unextended_sp=0x0000000305884f30, fp=0x000000079582eb18, pc=0x0000000111575dbc)
java.lang.invoke.MemberName.checkForTypeAlias(MemberName.java:785) - ifeq @ bci 4 
     Created vframeArray 0x00007f78a6867e20
DEOPT UNPACKING thread 0x00007f78a700a800 vframeArray 0x00007f78a6867e20 mode 2
     {method} {0x000000010e06e9e8} &apos;checkForTypeAlias&apos; &apos;(Ljava/lang/Class;)V&apos; in &apos;java/lang/invoke/MemberName&apos; - ifeq @ bci 4 sp = 0x0000000305884ef0
<dependency_failed type='abstract_with_unique_concrete_subtype' ctxk='java/util/HashMap$HashIterator' x='java/util/HashMap$ValueIterator' witness='java/util/HashMap$EntryIterator' stamp='2.570'/>
<uncommon_trap thread='9987' reason='class_check' action='maybe_recompile' compile_id='198' compiler='C2' stamp='2.571'>
Uncommon trap occurred in java.util.Arrays::equals (@0x00000001115034f0) thread=9987 reason=class_check action=maybe_recompile unloaded_class_index=-1
<jvms bci='62' method='java/util/Arrays equals ([Ljava/lang/Object;[Ljava/lang/Object;)Z' bytes='78' count='34' backedge_count='52' iicount='34'/>
</uncommon_trap>
DEOPT PACKING thread 0x00007f78a700a800 Compiled frame (sp=0x00000003058854e0 unextended sp=0x00000003058854e0, fp=0x0000000795758b40, real_fp=0x0000000305885520, pc=0x00000001115034f0)
     nmethod   2571  198             java.util.Arrays::equals (78 bytes)

     Virtual frames (innermost first):
        0 - frame( sp=0x00000003058854e0, unextended_sp=0x00000003058854e0, fp=0x0000000795758b40, pc=0x00000001115034f0)
java.util.Arrays.equals(Arrays.java:2829) - invokevirtual @ bci 62 
     Created vframeArray 0x00007f78a5065e20
DEOPT UNPACKING thread 0x00007f78a700a800 vframeArray 0x00007f78a5065e20 mode 2
     {method} {0x000000010e14ede0} &apos;equals&apos; &apos;([Ljava/lang/Object;[Ljava/lang/Object;)Z&apos; in &apos;java/util/Arrays&apos; - invokevirtual @ bci 62 sp = 0x00000003058854a0
<uncommon_trap thread='9987' reason='unstable_if' action='reinterpret' compile_id='253' compiler='C2' stamp='2.571'>
Uncommon trap occurred in java.lang.invoke.LambdaForm::normalize (@0x0000000111529f44) thread=9987 reason=unstable_if action=reinterpret unloaded_class_index=-1
<jvms bci='35' method='java/lang/invoke/LambdaForm normalize ()I' bytes='322' count='19' backedge_count='66' iicount='19'/>
</uncommon_trap>
DEOPT PACKING thread 0x00007f78a700a800 Compiled frame (sp=0x0000000305885380 unextended sp=0x0000000305885380, fp=0x0000000000000001, real_fp=0x00000003058853d0, pc=0x0000000111529f44)
     nmethod   2571  253             java.lang.invoke.LambdaForm::normalize (322 bytes)

     Virtual frames (innermost first):
        0 - frame( sp=0x0000000305885380, unextended_sp=0x0000000305885380, fp=0x0000000000000001, pc=0x0000000111529f44)
java.lang.invoke.LambdaForm.normalize(LambdaForm.java:412) - ifne @ bci 35 
     Created vframeArray 0x00007f78a6867e20
DEOPT UNPACKING thread 0x00007f78a700a800 vframeArray 0x00007f78a6867e20 mode 2
     {method} {0x000000010e076d08} &apos;normalize&apos; &apos;()I&apos; in &apos;java/lang/invoke/LambdaForm&apos; - ifne @ bci 35 sp = 0x0000000305885338
<uncommon_trap thread='9987' reason='class_check' action='maybe_recompile' compile_id='198' compiler='C2' count='1' state='class_check' stamp='2.637'>
Uncommon trap occurred in java.util.Arrays::equals (@0x00000001115034f0) thread=9987 reason=class_check action=maybe_recompile unloaded_class_index=-1
<jvms bci='62' method='java/util/Arrays equals ([Ljava/lang/Object;[Ljava/lang/Object;)Z' bytes='78' count='34' backedge_count='53' iicount='34' class_check_traps='1'/>
</uncommon_trap>
DEOPT PACKING thread 0x00007f78a700a800 Compiled frame (sp=0x00000003058855b0 unextended sp=0x00000003058855b0, fp=0x000000079581ba90, real_fp=0x00000003058855f0, pc=0x00000001115034f0)
     nmethod   2637  198             java.util.Arrays::equals (78 bytes)

     Virtual frames (innermost first):
        0 - frame( sp=0x00000003058855b0, unextended_sp=0x00000003058855b0, fp=0x000000079581ba90, pc=0x00000001115034f0)
java.util.Arrays.equals(Arrays.java:2829) - invokevirtual @ bci 62 
     Created vframeArray 0x00007f78a7065e20
DEOPT UNPACKING thread 0x00007f78a700a800 vframeArray 0x00007f78a7065e20 mode 2
     {method} {0x000000010e14ede0} &apos;equals&apos; &apos;([Ljava/lang/Object;[Ljava/lang/Object;)Z&apos; in &apos;java/util/Arrays&apos; - invokevirtual @ bci 62 sp = 0x0000000305885570
<uncommon_trap thread='9987' reason='class_check' action='maybe_recompile' compile_id='198' compiler='C2' count='2' state='class_check' stamp='2.678'>
Uncommon trap occurred in java.util.Arrays::equals (@0x00000001115034f0) thread=9987 reason=class_check action=maybe_recompile unloaded_class_index=-1
<jvms bci='62' method='java/util/Arrays equals ([Ljava/lang/Object;[Ljava/lang/Object;)Z' bytes='78' count='34' backedge_count='54' iicount='34' class_check_traps='2'/>
</uncommon_trap>
DEOPT PACKING thread 0x00007f78a700a800 Compiled frame (sp=0x00000003058855b0 unextended sp=0x00000003058855b0, fp=0x00000007958323c0, real_fp=0x00000003058855f0, pc=0x00000001115034f0)
     nmethod   2678  198             java.util.Arrays::equals (78 bytes)

     Virtual frames (innermost first):
        0 - frame( sp=0x00000003058855b0, unextended_sp=0x00000003058855b0, fp=0x00000007958323c0, pc=0x00000001115034f0)
java.util.Arrays.equals(Arrays.java:2829) - invokevirtual @ bci 62 
     Created vframeArray 0x00007f78a5065e20
DEOPT UNPACKING thread 0x00007f78a700a800 vframeArray 0x00007f78a5065e20 mode 2
     {method} {0x000000010e14ede0} &apos;equals&apos; &apos;([Ljava/lang/Object;[Ljava/lang/Object;)Z&apos; in &apos;java/util/Arrays&apos; - invokevirtual @ bci 62 sp = 0x0000000305885570
<uncommon_trap thread='9987' reason='class_check' action='maybe_recompile' compile_id='198' compiler='C2' count='3' state='class_check' stamp='2.679'>
Uncommon trap occurred in java.util.Arrays::equals (@0x00000001115034f0) thread=9987 reason=class_check action=maybe_recompile unloaded_class_index=-1
<jvms bci='62' method='java/util/Arrays equals ([Ljava/lang/Object;[Ljava/lang/Object;)Z' bytes='78' count='34' backedge_count='55' iicount='34' class_check_traps='3'/>
</uncommon_trap>
DEOPT PACKING thread 0x00007f78a700a800 Compiled frame (sp=0x00000003058855b0 unextended sp=0x00000003058855b0, fp=0x0000000795832640, real_fp=0x00000003058855f0, pc=0x00000001115034f0)
     nmethod   2678  198             java.util.Arrays::equals (78 bytes)

     Virtual frames (innermost first):
        0 - frame( sp=0x00000003058855b0, unextended_sp=0x00000003058855b0, fp=0x0000000795832640, pc=0x00000001115034f0)
java.util.Arrays.equals(Arrays.java:2829) - invokevirtual @ bci 62 
     Created vframeArray 0x00007f78a6867e20
DEOPT UNPACKING thread 0x00007f78a700a800 vframeArray 0x00007f78a6867e20 mode 2
     {method} {0x000000010e14ede0} &apos;equals&apos; &apos;([Ljava/lang/Object;[Ljava/lang/Object;)Z&apos; in &apos;java/util/Arrays&apos; - invokevirtual @ bci 62 sp = 0x0000000305885570
<uncommon_trap thread='9987' reason='unstable_if' action='reinterpret' compile_id='383' compiler='C2' stamp='2.816'>
Uncommon trap occurred in jdk.internal.org.objectweb.asm.ByteVector::put11 (@0x0000000111563404) thread=9987 reason=unstable_if action=reinterpret unloaded_class_index=-1
<jvms bci='13' method='jdk/internal/org/objectweb/asm/ByteVector put11 (II)Ljdk/internal/org/objectweb/asm/ByteVector;' bytes='52' count='51' backedge_count='1' iicount='101'/>
</uncommon_trap>
DEOPT PACKING thread 0x00007f78a700a800 Compiled frame (sp=0x00000003058852e0 unextended sp=0x00000003058852e0, fp=0x000000079585e3b0, real_fp=0x0000000305885320, pc=0x0000000111563404)
     nmethod   2816  383             jdk.internal.org.objectweb.asm.ByteVector::put11 (52 bytes)

     Virtual frames (innermost first):
        0 - frame( sp=0x00000003058852e0, unextended_sp=0x00000003058852e0, fp=0x000000079585e3b0, pc=0x0000000111563404)
jdk.internal.org.objectweb.asm.ByteVector.put11(ByteVector.java:128) - if_icmple @ bci 13 
     Created vframeArray 0x00007f78a6861c20
DEOPT UNPACKING thread 0x00007f78a700a800 vframeArray 0x00007f78a6861c20 mode 2
     {method} {0x000000010e377d18} &apos;put11&apos; &apos;(II)Ljdk/internal/org/objectweb/asm/ByteVector;&apos; in &apos;jdk/internal/org/objectweb/asm/ByteVector&apos; - if_icmple @ bci 13 sp = 0x0000000305885298
<uncommon_trap thread='9987' reason='unstable_if' action='reinterpret' compile_id='279' compiler='C2' stamp='2.859'>
Uncommon trap occurred in sun.invoke.util.BytecodeDescriptor::unparseSig (@0x00000001115363d0) thread=9987 reason=unstable_if action=reinterpret unloaded_class_index=-1
<jvms bci='27' method='sun/invoke/util/BytecodeDescriptor unparseSig (Ljava/lang/Class;Ljava/lang/StringBuilder;)V' bytes='75' count='50' backedge_count='1' iicount='100'/>
</uncommon_trap>
DEOPT PACKING thread 0x00007f78a700a800 Compiled frame (sp=0x0000000305885190 unextended sp=0x0000000305885190, fp=0x0000000795584090, real_fp=0x00000003058851c0, pc=0x00000001115363d0)
     nmethod   2859  279             sun.invoke.util.BytecodeDescriptor::unparseSig (75 bytes)

     Virtual frames (innermost first):
        0 - frame( sp=0x0000000305885190, unextended_sp=0x0000000305885190, fp=0x0000000795584090, pc=0x00000001115363d0)
sun.invoke.util.BytecodeDescriptor.unparseSig(BytecodeDescriptor.java:130) - ifne @ bci 27 
     Created vframeArray 0x00007f78a5067820
DEOPT UNPACKING thread 0x00007f78a700a800 vframeArray 0x00007f78a5067820 mode 2
     {method} {0x000000010e35dc18} &apos;unparseSig&apos; &apos;(Ljava/lang/Class;Ljava/lang/StringBuilder;)V&apos; in &apos;sun/invoke/util/BytecodeDescriptor&apos; - ifne @ bci 27 sp = 0x0000000305885148
<uncommon_trap thread='9987' reason='unstable_if' action='reinterpret' compile_id='457' compiler='C2' stamp='2.865'>
Uncommon trap occurred in jdk.internal.org.objectweb.asm.MethodWriter::&lt;init&gt; (@0x00000001115946a0) thread=9987 reason=unstable_if action=reinterpret unloaded_class_index=-1
<jvms bci='171' method='jdk/internal/org/objectweb/asm/MethodWriter &lt;init&gt; (Ljdk/internal/org/objectweb/asm/ClassWriter;ILjava/lang/String;Ljava/lang/String;Ljava/lang/String;[Ljava/lang/String;ZZ)V' bytes='268' count='50' backedge_count='10' iicount='90'/>
</uncommon_trap>
DEOPT PACKING thread 0x00007f78a700a800 Compiled frame (sp=0x0000000305885670 unextended sp=0x0000000305885670, fp=0x0000000795865be8, real_fp=0x00000003058856f0, pc=0x00000001115946a0)
     nmethod   2864  457             jdk.internal.org.objectweb.asm.MethodWriter::&lt;init&gt; (268 bytes)

     Virtual frames (innermost first):
        0 - frame( sp=0x0000000305885670, unextended_sp=0x0000000305885670, fp=0x0000000795865be8, pc=0x00000001115946a0)
jdk.internal.org.objectweb.asm.MethodWriter.&lt;init&gt;(MethodWriter.java:510) - ifeq @ bci 171 
     Created vframeArray 0x00007f78a6861c20
DEOPT UNPACKING thread 0x00007f78a700a800 vframeArray 0x00007f78a6861c20 mode 2
     {method} {0x000000010e37c4b0} &apos;&lt;init&gt;&apos; &apos;(Ljdk/internal/org/objectweb/asm/ClassWriter;ILjava/lang/String;Ljava/lang/String;Ljava/lang/String;[Ljava/lang/String;ZZ)V&apos; in &apos;jdk/internal/org/objectweb/asm/MethodWriter&apos; - ifeq @ bci 171 sp = 0x0000000305885640
<uncommon_trap thread='9987' reason='unstable_if' action='reinterpret' compile_id='468' compiler='C2' stamp='2.866'>
Uncommon trap occurred in jdk.internal.org.objectweb.asm.MethodWriter::visitLabel (@0x00000001115925a0) thread=9987 reason=unstable_if action=reinterpret unloaded_class_index=-1
<jvms bci='42' method='jdk/internal/org/objectweb/asm/MethodWriter visitLabel (Ljdk/internal/org/objectweb/asm/Label;)V' bytes='281' count='50' backedge_count='1' iicount='100'/>
</uncommon_trap>
DEOPT PACKING thread 0x00007f78a700a800 Compiled frame (sp=0x00000003058855e0 unextended sp=0x00000003058855e0, fp=0x0000000000000001, real_fp=0x0000000305885630, pc=0x00000001115925a0)
     nmethod   2865  468             jdk.internal.org.objectweb.asm.MethodWriter::visitLabel (281 bytes)

     Virtual frames (innermost first):
        0 - frame( sp=0x00000003058855e0, unextended_sp=0x00000003058855e0, fp=0x0000000000000001, pc=0x00000001115925a0)
jdk.internal.org.objectweb.asm.MethodWriter.visitLabel(MethodWriter.java:1105) - ifne @ bci 42 
     Created vframeArray 0x00007f78a5067820
DEOPT UNPACKING thread 0x00007f78a700a800 vframeArray 0x00007f78a5067820 mode 2
     {method} {0x000000010e37e130} &apos;visitLabel&apos; &apos;(Ljdk/internal/org/objectweb/asm/Label;)V&apos; in &apos;jdk/internal/org/objectweb/asm/MethodWriter&apos; - ifne @ bci 42 sp = 0x00000003058855d8
<uncommon_trap thread='9987' reason='unstable_if' action='reinterpret' compile_id='321' compiler='C2' stamp='2.866'>
Uncommon trap occurred in jdk.internal.org.objectweb.asm.MethodWriter::visitVarInsn (@0x000000011154a69c) thread=9987 reason=unstable_if action=reinterpret unloaded_class_index=-1
<jvms bci='22' method='jdk/internal/org/objectweb/asm/MethodWriter visitVarInsn (II)V' bytes='292' count='50' backedge_count='1' iicount='100'/>
</uncommon_trap>
DEOPT PACKING thread 0x00007f78a700a800 Compiled frame (sp=0x0000000305885740 unextended sp=0x0000000305885740, fp=0x0000000000000001, real_fp=0x0000000305885780, pc=0x000000011154a69c)
     nmethod   2866  321             jdk.internal.org.objectweb.asm.MethodWriter::visitVarInsn (292 bytes)

     Virtual frames (innermost first):
        0 - frame( sp=0x0000000305885740, unextended_sp=0x0000000305885740, fp=0x0000000000000001, pc=0x000000011154a69c)
jdk.internal.org.objectweb.asm.MethodWriter.visitVarInsn(MethodWriter.java:798) - ifne @ bci 22 
     Created vframeArray 0x00007f78a6861c20
DEOPT UNPACKING thread 0x00007f78a700a800 vframeArray 0x00007f78a6861c20 mode 2
     {method} {0x000000010e37d580} &apos;visitVarInsn&apos; &apos;(II)V&apos; in &apos;jdk/internal/org/objectweb/asm/MethodWriter&apos; - ifne @ bci 22 sp = 0x0000000305885720
<uncommon_trap thread='9987' reason='unstable_if' action='reinterpret' compile_id='432' compiler='C2' stamp='2.867'>
Uncommon trap occurred in jdk.internal.org.objectweb.asm.MethodWriter::visitMethodInsn (@0x0000000111580fb0) thread=9987 reason=unstable_if action=reinterpret unloaded_class_index=-1
<jvms bci='44' method='jdk/internal/org/objectweb/asm/MethodWriter visitMethodInsn (ILjava/lang/String;Ljava/lang/String;Ljava/lang/String;Z)V' bytes='220' count='50' backedge_count='1' iicount='100'/>
</uncommon_trap>
DEOPT PACKING thread 0x00007f78a700a800 Compiled frame (sp=0x0000000305885720 unextended sp=0x0000000305885720, fp=0x0000000000000001, real_fp=0x0000000305885760, pc=0x0000000111580fb0)
     nmethod   2866  432             jdk.internal.org.objectweb.asm.MethodWriter::visitMethodInsn (220 bytes)

     Virtual frames (innermost first):
        0 - frame( sp=0x0000000305885720, unextended_sp=0x0000000305885720, fp=0x0000000000000001, pc=0x0000000111580fb0)
jdk.internal.org.objectweb.asm.MethodWriter.visitMethodInsn(MethodWriter.java:921) - ifne @ bci 44 
     Created vframeArray 0x00007f78a6869820
DEOPT UNPACKING thread 0x00007f78a700a800 vframeArray 0x00007f78a6869820 mode 2
     {method} {0x000000010e37db18} &apos;visitMethodInsn&apos; &apos;(ILjava/lang/String;Ljava/lang/String;Ljava/lang/String;Z)V&apos; in &apos;jdk/internal/org/objectweb/asm/MethodWriter&apos; - ifne @ bci 44 sp = 0x00000003058856f0
<uncommon_trap thread='9987' reason='unstable_if' action='reinterpret' compile_id='450' compiler='C2' stamp='2.867'>
Uncommon trap occurred in jdk.internal.org.objectweb.asm.MethodWriter::visitInsn (@0x0000000111587a04) thread=9987 reason=unstable_if action=reinterpret unloaded_class_index=-1
<jvms bci='31' method='jdk/internal/org/objectweb/asm/MethodWriter visitInsn (I)V' bytes='106' count='50' backedge_count='1' iicount='100'/>
</uncommon_trap>
DEOPT PACKING thread 0x00007f78a700a800 Compiled frame (sp=0x0000000305885750 unextended sp=0x0000000305885750, fp=0x0000000000000001, real_fp=0x0000000305885780, pc=0x0000000111587a04)
     nmethod   2866  450             jdk.internal.org.objectweb.asm.MethodWriter::visitInsn (106 bytes)

     Virtual frames (innermost first):
        0 - frame( sp=0x0000000305885750, unextended_sp=0x0000000305885750, fp=0x0000000000000001, pc=0x0000000111587a04)
jdk.internal.org.objectweb.asm.MethodWriter.visitInsn(MethodWriter.java:750) - ifne @ bci 31 
     Created vframeArray 0x00007f78a6048820
DEOPT UNPACKING thread 0x00007f78a700a800 vframeArray 0x00007f78a6048820 mode 2
     {method} {0x000000010e37d1f8} &apos;visitInsn&apos; &apos;(I)V&apos; in &apos;jdk/internal/org/objectweb/asm/MethodWriter&apos; - ifne @ bci 31 sp = 0x0000000305885720
<uncommon_trap thread='9987' reason='unstable_if' action='reinterpret' compile_id='472' compiler='C2' stamp='2.867'>
Uncommon trap occurred in jdk.internal.org.objectweb.asm.MethodWriter::noSuccessor (@0x0000000111597540) thread=9987 reason=unstable_if action=reinterpret unloaded_class_index=-1
<jvms bci='4' method='jdk/internal/org/objectweb/asm/MethodWriter noSuccessor ()V' bytes='87' count='50' backedge_count='1' iicount='100'/>
</uncommon_trap>
DEOPT PACKING thread 0x00007f78a700a800 Compiled frame (sp=0x00000003058856c0 unextended sp=0x00000003058856c0, fp=0x0000000795865be8, real_fp=0x0000000305885710, pc=0x0000000111597540)
     nmethod   2867  472             jdk.internal.org.objectweb.asm.MethodWriter::noSuccessor (87 bytes)

     Virtual frames (innermost first):
        0 - frame( sp=0x00000003058856c0, unextended_sp=0x00000003058856c0, fp=0x0000000795865be8, pc=0x0000000111597540)
jdk.internal.org.objectweb.asm.MethodWriter.noSuccessor(MethodWriter.java:1710) - ifne @ bci 4 
     Created vframeArray 0x00007f78a5067820
DEOPT UNPACKING thread 0x00007f78a700a800 vframeArray 0x00007f78a5067820 mode 2
     {method} {0x000000010e37fd88} &apos;noSuccessor&apos; &apos;()V&apos; in &apos;jdk/internal/org/objectweb/asm/MethodWriter&apos; - ifne @ bci 4 sp = 0x00000003058856b0
<dependency_failed type='abstract_with_unique_concrete_subtype' ctxk='jdk/internal/org/objectweb/asm/MethodVisitor' x='jdk/internal/org/objectweb/asm/MethodWriter' witness='java/lang/invoke/TypeConvertingMethodAdapter' stamp='2.868'/>
<dependency_failed type='abstract_with_unique_concrete_subtype' ctxk='jdk/internal/org/objectweb/asm/MethodVisitor' x='jdk/internal/org/objectweb/asm/MethodWriter' witness='java/lang/invoke/TypeConvertingMethodAdapter' stamp='2.868'/>
<dependency_failed type='abstract_with_unique_concrete_subtype' ctxk='jdk/internal/org/objectweb/asm/MethodVisitor' x='jdk/internal/org/objectweb/asm/MethodWriter' witness='java/lang/invoke/TypeConvertingMethodAdapter' stamp='2.868'/>
<dependency_failed type='abstract_with_unique_concrete_subtype' ctxk='jdk/internal/org/objectweb/asm/MethodVisitor' x='jdk/internal/org/objectweb/asm/MethodWriter' witness='java/lang/invoke/TypeConvertingMethodAdapter' stamp='2.868'/>
<dependency_failed type='abstract_with_unique_concrete_subtype' ctxk='jdk/internal/org/objectweb/asm/MethodVisitor' x='jdk/internal/org/objectweb/asm/MethodWriter' witness='java/lang/invoke/TypeConvertingMethodAdapter' stamp='2.868'/>
<dependency_failed type='abstract_with_unique_concrete_subtype' ctxk='jdk/internal/org/objectweb/asm/MethodVisitor' x='jdk/internal/org/objectweb/asm/MethodWriter' witness='java/lang/invoke/TypeConvertingMethodAdapter' stamp='2.868'/>
<dependency_failed type='abstract_with_unique_concrete_subtype' ctxk='jdk/internal/org/objectweb/asm/MethodVisitor' x='jdk/internal/org/objectweb/asm/MethodWriter' witness='java/lang/invoke/TypeConvertingMethodAdapter' stamp='2.868'/>
<dependency_failed type='abstract_with_unique_concrete_subtype' ctxk='jdk/internal/org/objectweb/asm/MethodVisitor' x='jdk/internal/org/objectweb/asm/MethodWriter' witness='java/lang/invoke/TypeConvertingMethodAdapter' stamp='2.868'/>
<dependency_failed type='abstract_with_unique_concrete_subtype' ctxk='jdk/internal/org/objectweb/asm/MethodVisitor' x='jdk/internal/org/objectweb/asm/MethodWriter' witness='java/lang/invoke/TypeConvertingMethodAdapter' stamp='2.868'/>
<uncommon_trap thread='9987' reason='class_check' action='maybe_recompile' compile_id='76' compiler='C2' count='2' state='class_check' stamp='3.068'>
Uncommon trap occurred in java.net.URL::&lt;init&gt; (@0x00000001114d46dc) thread=9987 reason=class_check action=maybe_recompile unloaded_class_index=-1
<jvms bci='504' method='java/net/URL &lt;init&gt; (Ljava/net/URL;Ljava/lang/String;Ljava/net/URLStreamHandler;)V' bytes='543' count='13' backedge_count='51' iicount='27' class_check_traps='2'/>
</uncommon_trap>
DEOPT PACKING thread 0x00007f78a700a800 Compiled frame (sp=0x00000003058841c0 unextended sp=0x00000003058841c0, fp=0x0000000795870930, real_fp=0x0000000305884220, pc=0x00000001114d46dc)
     nmethod   3067   76   !         java.net.URL::&lt;init&gt; (543 bytes)

     Virtual frames (innermost first):
        0 - frame( sp=0x00000003058841c0, unextended_sp=0x00000003058841c0, fp=0x0000000795870930, pc=0x00000001114d46dc)
java.net.URL.&lt;init&gt;(URL.java:640) - invokevirtual @ bci 504 
     Created vframeArray 0x00007f78a706dc20
DEOPT UNPACKING thread 0x00007f78a700a800 vframeArray 0x00007f78a706dc20 mode 2
     {method} {0x000000010e0a9008} &apos;&lt;init&gt;&apos; &apos;(Ljava/net/URL;Ljava/lang/String;Ljava/net/URLStreamHandler;)V&apos; in &apos;java/net/URL&apos; - invokevirtual @ bci 504 sp = 0x0000000305884158
<uncommon_trap thread='9987' reason='class_check' action='maybe_recompile' compile_id='76' compiler='C2' count='3' state='class_check' stamp='3.329'>
Uncommon trap occurred in java.net.URL::&lt;init&gt; (@0x00000001114d46dc) thread=9987 reason=class_check action=maybe_recompile unloaded_class_index=-1
<jvms bci='504' method='java/net/URL &lt;init&gt; (Ljava/net/URL;Ljava/lang/String;Ljava/net/URLStreamHandler;)V' bytes='543' count='13' backedge_count='51' iicount='27' class_check_traps='3'/>
</uncommon_trap>
DEOPT PACKING thread 0x00007f78a700a800 Compiled frame (sp=0x0000000305883360 unextended sp=0x0000000305883360, fp=0x000000079588a178, real_fp=0x00000003058833c0, pc=0x00000001114d46dc)
     nmethod   3328   76   !         java.net.URL::&lt;init&gt; (543 bytes)

     Virtual frames (innermost first):
        0 - frame( sp=0x0000000305883360, unextended_sp=0x0000000305883360, fp=0x000000079588a178, pc=0x00000001114d46dc)
java.net.URL.&lt;init&gt;(URL.java:640) - invokevirtual @ bci 504 
     Created vframeArray 0x00007f78a5074820
DEOPT UNPACKING thread 0x00007f78a700a800 vframeArray 0x00007f78a5074820 mode 2
     {method} {0x000000010e0a9008} &apos;&lt;init&gt;&apos; &apos;(Ljava/net/URL;Ljava/lang/String;Ljava/net/URLStreamHandler;)V&apos; in &apos;java/net/URL&apos; - invokevirtual @ bci 504 sp = 0x00000003058832f8
<uncommon_trap thread='9987' reason='null_check' action='make_not_entrant' compile_id='283' compiler='C2' stamp='3.583'>
Uncommon trap occurred in java.lang.reflect.Array::newInstance (@0x000000011152c438) thread=9987 reason=null_check action=make_not_entrant unloaded_class_index=-1
<jvms bci='2' method='java/lang/reflect/Array newInstance (Ljava/lang/Class;I)Ljava/lang/Object;' bytes='6' count='50' backedge_count='1' iicount='100'/>
</uncommon_trap>
DEOPT PACKING thread 0x00007f78a700a800 Compiled frame (sp=0x0000000305885c60 unextended sp=0x0000000305885c60, fp=0x00000007958dd530, real_fp=0x0000000305885c90, pc=0x000000011152c438)
     nmethod   3583  283             java.lang.reflect.Array::newInstance (6 bytes)

     Virtual frames (innermost first):
        0 - frame( sp=0x0000000305885c60, unextended_sp=0x0000000305885c60, fp=0x00000007958dd530, pc=0x000000011152c438)
java.lang.reflect.Array.newInstance(Array.java:75) - invokestatic @ bci 2 
     Created vframeArray 0x00007f78a6048820
DEOPT UNPACKING thread 0x00007f78a700a800 vframeArray 0x00007f78a6048820 mode 2
     {method} {0x000000010e340880} &apos;newInstance&apos; &apos;(Ljava/lang/Class;I)Ljava/lang/Object;&apos; in &apos;java/lang/reflect/Array&apos; - invokestatic @ bci 2 sp = 0x0000000305885c30
<uncommon_trap thread='9987' reason='unstable_if' action='reinterpret' compile_id='518' compiler='C2' stamp='3.607'>
Uncommon trap occurred in sun.reflect.generics.parser.SignatureParser::current (@0x00000001115bbb7c) thread=9987 reason=unstable_if action=reinterpret unloaded_class_index=-1
<jvms bci='39' method='sun/reflect/generics/parser/SignatureParser current ()C' bytes='59' count='50' backedge_count='1' iicount='100'/>
</uncommon_trap>
DEOPT PACKING thread 0x00007f78a700a800 Compiled frame (sp=0x0000000305886240 unextended sp=0x0000000305886240, fp=0x000000000000005d, real_fp=0x0000000305886270, pc=0x00000001115bbb7c)
     nmethod   3606  518             sun.reflect.generics.parser.SignatureParser::current (59 bytes)

     Virtual frames (innermost first):
        0 - frame( sp=0x0000000305886240, unextended_sp=0x0000000305886240, fp=0x000000000000005d, pc=0x00000001115bbb7c)
sun.reflect.generics.parser.SignatureParser.current(SignatureParser.java:93) - if_icmpge @ bci 39 
     Created vframeArray 0x00007f78a6057c20
DEOPT UNPACKING thread 0x00007f78a700a800 vframeArray 0x00007f78a6057c20 mode 2
     {method} {0x000000010e475248} &apos;current&apos; &apos;()C&apos; in &apos;sun/reflect/generics/parser/SignatureParser&apos; - if_icmpge @ bci 39 sp = 0x0000000305886210
<uncommon_trap thread='9987' reason='class_check' action='maybe_recompile' compile_id='195' compiler='C2' count='1' state='class_check' stamp='3.609'>
Uncommon trap occurred in java.util.concurrent.ConcurrentHashMap::get (@0x0000000111507448) thread=9987 reason=class_check action=maybe_recompile unloaded_class_index=-1
<jvms bci='1' method='java/util/concurrent/ConcurrentHashMap get (Ljava/lang/Object;)Ljava/lang/Object;' bytes='162' count='50' backedge_count='14' iicount='86' class_check_traps='1'/>
</uncommon_trap>
DEOPT PACKING thread 0x00007f78a700a800 Compiled frame (sp=0x0000000305885a80 unextended sp=0x0000000305885a80, fp=0x0000000795674548, real_fp=0x0000000305885ac0, pc=0x0000000111507448)
     nmethod   3608  195             java.util.concurrent.ConcurrentHashMap::get (162 bytes)

     Virtual frames (innermost first):
        0 - frame( sp=0x0000000305885a80, unextended_sp=0x0000000305885a80, fp=0x0000000795674548, pc=0x0000000111507448)
java.util.concurrent.ConcurrentHashMap.get(ConcurrentHashMap.java:936) - invokevirtual @ bci 1 
     Created vframeArray 0x00007f78a6869820
DEOPT UNPACKING thread 0x00007f78a700a800 vframeArray 0x00007f78a6869820 mode 2
     {method} {0x000000010e1f9c88} &apos;get&apos; &apos;(Ljava/lang/Object;)Ljava/lang/Object;&apos; in &apos;java/util/concurrent/ConcurrentHashMap&apos; - invokevirtual @ bci 1 sp = 0x0000000305885a30
<uncommon_trap thread='9987' reason='unstable_if' action='reinterpret' compile_id='446' compiler='C2' stamp='3.609'>
Uncommon trap occurred in java.lang.invoke.MethodHandles$Lookup::lookupClassOrNull (@0x0000000111577d78) thread=9987 reason=unstable_if action=reinterpret unloaded_class_index=-1
<jvms bci='5' method='java/lang/invoke/MethodHandles$Lookup lookupClassOrNull ()Ljava/lang/Class;' bytes='17' count='50' backedge_count='1' iicount='100'/>
</uncommon_trap>
DEOPT PACKING thread 0x00007f78a700a800 Compiled frame (sp=0x0000000305885a30 unextended sp=0x0000000305885a30, fp=0x00000007958fa220, real_fp=0x0000000305885a60, pc=0x0000000111577d78)
     nmethod   3609  446             java.lang.invoke.MethodHandles$Lookup::lookupClassOrNull (17 bytes)

     Virtual frames (innermost first):
        0 - frame( sp=0x0000000305885a30, unextended_sp=0x0000000305885a30, fp=0x00000007958fa220, pc=0x0000000111577d78)
java.lang.invoke.MethodHandles$Lookup.lookupClassOrNull(MethodHandles.java:571) - if_icmpne @ bci 5 
     Created vframeArray 0x00007f78a686a620
DEOPT UNPACKING thread 0x00007f78a700a800 vframeArray 0x00007f78a686a620 mode 2
     {method} {0x000000010e3181f8} &apos;lookupClassOrNull&apos; &apos;()Ljava/lang/Class;&apos; in &apos;java/lang/invoke/MethodHandles$Lookup&apos; - if_icmpne @ bci 5 sp = 0x0000000305885a00
<uncommon_trap thread='9987' reason='class_check' action='maybe_recompile' compile_id='195' compiler='C2' count='2' state='class_check' stamp='3.609'>
Uncommon trap occurred in java.util.concurrent.ConcurrentHashMap::get (@0x0000000111507448) thread=9987 reason=class_check action=maybe_recompile unloaded_class_index=-1
<jvms bci='1' method='java/util/concurrent/ConcurrentHashMap get (Ljava/lang/Object;)Ljava/lang/Object;' bytes='162' count='50' backedge_count='14' iicount='86' class_check_traps='2'/>
</uncommon_trap>
DEOPT PACKING thread 0x00007f78a700a800 Compiled frame (sp=0x0000000305885a80 unextended sp=0x0000000305885a80, fp=0x0000000795674548, real_fp=0x0000000305885ac0, pc=0x0000000111507448)
     nmethod   3609  195             java.util.concurrent.ConcurrentHashMap::get (162 bytes)

     Virtual frames (innermost first):
        0 - frame( sp=0x0000000305885a80, unextended_sp=0x0000000305885a80, fp=0x0000000795674548, pc=0x0000000111507448)
java.util.concurrent.ConcurrentHashMap.get(ConcurrentHashMap.java:936) - invokevirtual @ bci 1 
     Created vframeArray 0x00007f78a6057c20
DEOPT UNPACKING thread 0x00007f78a700a800 vframeArray 0x00007f78a6057c20 mode 2
     {method} {0x000000010e1f9c88} &apos;get&apos; &apos;(Ljava/lang/Object;)Ljava/lang/Object;&apos; in &apos;java/util/concurrent/ConcurrentHashMap&apos; - invokevirtual @ bci 1 sp = 0x0000000305885a30
<uncommon_trap thread='9987' reason='class_check' action='maybe_recompile' compile_id='195' compiler='C2' count='3' state='class_check' stamp='3.780'>
Uncommon trap occurred in java.util.concurrent.ConcurrentHashMap::get (@0x0000000111507448) thread=9987 reason=class_check action=maybe_recompile unloaded_class_index=-1
<jvms bci='1' method='java/util/concurrent/ConcurrentHashMap get (Ljava/lang/Object;)Ljava/lang/Object;' bytes='162' count='50' backedge_count='14' iicount='86' class_check_traps='3'/>
</uncommon_trap>
DEOPT PACKING thread 0x00007f78a700a800 Compiled frame (sp=0x00000003058857a0 unextended sp=0x00000003058857a0, fp=0x0000000795674548, real_fp=0x00000003058857e0, pc=0x0000000111507448)
     nmethod   3780  195             java.util.concurrent.ConcurrentHashMap::get (162 bytes)

     Virtual frames (innermost first):
        0 - frame( sp=0x00000003058857a0, unextended_sp=0x00000003058857a0, fp=0x0000000795674548, pc=0x0000000111507448)
java.util.concurrent.ConcurrentHashMap.get(ConcurrentHashMap.java:936) - invokevirtual @ bci 1 
     Created vframeArray 0x00007f78a6048e20
DEOPT UNPACKING thread 0x00007f78a700a800 vframeArray 0x00007f78a6048e20 mode 2
     {method} {0x000000010e1f9c88} &apos;get&apos; &apos;(Ljava/lang/Object;)Ljava/lang/Object;&apos; in &apos;java/util/concurrent/ConcurrentHashMap&apos; - invokevirtual @ bci 1 sp = 0x0000000305885750
<uncommon_trap thread='9987' reason='unstable_if' action='reinterpret' compile_id='562' compiler='C2' stamp='3.865'>
Uncommon trap occurred in java.util.concurrent.ConcurrentHashMap::get (@0x00000001115d481c) thread=9987 reason=unstable_if action=reinterpret unloaded_class_index=-1
<jvms bci='15' method='java/util/concurrent/ConcurrentHashMap get (Ljava/lang/Object;)Ljava/lang/Object;' bytes='162' count='51' backedge_count='20' iicount='117' decompiles='1' class_check_traps='4'/>
</uncommon_trap>
DEOPT PACKING thread 0x00007f78a700a800 Compiled frame (sp=0x0000000305886450 unextended sp=0x0000000305886450, fp=0x00000000f80110d1, real_fp=0x00000003058864a0, pc=0x00000001115d481c)
     nmethod   3864  562             java.util.concurrent.ConcurrentHashMap::get (162 bytes)

     Virtual frames (innermost first):
        0 - frame( sp=0x0000000305886450, unextended_sp=0x0000000305886450, fp=0x00000000f80110d1, pc=0x00000001115d481c)
java.util.concurrent.ConcurrentHashMap.get(ConcurrentHashMap.java:937) - ifnull @ bci 15 
     Created vframeArray 0x00007f78a5077e20
DEOPT UNPACKING thread 0x00007f78a700a800 vframeArray 0x00007f78a5077e20 mode 2
     {method} {0x000000010e1f9c88} &apos;get&apos; &apos;(Ljava/lang/Object;)Ljava/lang/Object;&apos; in &apos;java/util/concurrent/ConcurrentHashMap&apos; - ifnull @ bci 15 sp = 0x0000000305886410
<uncommon_trap thread='9987' reason='unstable_if' action='reinterpret' compile_id='507' compiler='C2' stamp='3.885'>
Uncommon trap occurred in java.util.HashMap::getNode (@0x00000001115b6110) thread=9987 reason=unstable_if action=reinterpret unloaded_class_index=-1
<jvms bci='49' method='java/util/HashMap getNode (ILjava/lang/Object;)Ljava/util/HashMap$Node;' bytes='148' count='51' backedge_count='1' iicount='150' decompiles='1' bimorphic_traps='4'/>
</uncommon_trap>
DEOPT PACKING thread 0x00007f78a700a800 Compiled frame (sp=0x0000000305885f30 unextended sp=0x0000000305885f30, fp=0x000000006c5e6e2c, real_fp=0x0000000305885f70, pc=0x00000001115b6110)
     nmethod   3885  507             java.util.HashMap::getNode (148 bytes)

     Virtual frames (innermost first):
        0 - frame( sp=0x0000000305885f30, unextended_sp=0x0000000305885f30, fp=0x000000006c5e6e2c, pc=0x00000001115b6110)
java.util.HashMap.getNode(HashMap.java:572) - if_acmpeq @ bci 49 
     Created vframeArray 0x00007f78a506b620
DEOPT UNPACKING thread 0x00007f78a700a800 vframeArray 0x00007f78a506b620 mode 2
     {method} {0x000000010e116c80} &apos;getNode&apos; &apos;(ILjava/lang/Object;)Ljava/util/HashMap$Node;&apos; in &apos;java/util/HashMap&apos; - if_acmpeq @ bci 49 sp = 0x0000000305885ed0
<uncommon_trap thread='9987' reason='class_check' action='maybe_recompile' compile_id='599' compiler='C2' stamp='3.974'>
Uncommon trap occurred in sun.misc.ProxyGenerator$ConstantPool$IndirectEntry::equals (@0x00000001115e0c60) thread=9987 reason=class_check action=maybe_recompile unloaded_class_index=-1
<jvms bci='1' method='sun/misc/ProxyGenerator$ConstantPool$IndirectEntry equals (Ljava/lang/Object;)Z' bytes='49' count='51' backedge_count='1' iicount='101'/>
</uncommon_trap>
DEOPT PACKING thread 0x00007f78a700a800 Compiled frame (sp=0x0000000305885ed0 unextended sp=0x0000000305885ed0, fp=0x000000079597ad98, real_fp=0x0000000305885f00, pc=0x00000001115e0c60)
     nmethod   3974  599             sun.misc.ProxyGenerator$ConstantPool$IndirectEntry::equals (49 bytes)

     Virtual frames (innermost first):
        0 - frame( sp=0x0000000305885ed0, unextended_sp=0x0000000305885ed0, fp=0x000000079597ad98, pc=0x00000001115e0c60)
sun.misc.ProxyGenerator$ConstantPool$IndirectEntry.equals(ProxyGenerator.java:2019) - instanceof @ bci 1 
     Created vframeArray 0x00007f7855009a20
DEOPT UNPACKING thread 0x00007f78a700a800 vframeArray 0x00007f7855009a20 mode 2
     {method} {0x000000010e4c5da8} &apos;equals&apos; &apos;(Ljava/lang/Object;)Z&apos; in &apos;sun/misc/ProxyGenerator$ConstantPool$IndirectEntry&apos; - instanceof @ bci 1 sp = 0x0000000305885e90
<uncommon_trap thread='9987' reason='unstable_if' action='reinterpret' compile_id='599' compiler='C2' stamp='4.006'>
Uncommon trap occurred in sun.misc.ProxyGenerator$ConstantPool$IndirectEntry::equals (@0x00000001115e0c34) thread=9987 reason=unstable_if action=reinterpret unloaded_class_index=-1
<jvms bci='31' method='sun/misc/ProxyGenerator$ConstantPool$IndirectEntry equals (Ljava/lang/Object;)Z' bytes='49' count='52' backedge_count='1' iicount='102' class_check_traps='1'/>
</uncommon_trap>
DEOPT PACKING thread 0x00007f78a700a800 Compiled frame (sp=0x0000000305885e70 unextended sp=0x0000000305885e70, fp=0x000000079597c448, real_fp=0x0000000305885ea0, pc=0x00000001115e0c34)
     nmethod   4005  599             sun.misc.ProxyGenerator$ConstantPool$IndirectEntry::equals (49 bytes)

     Virtual frames (innermost first):
        0 - frame( sp=0x0000000305885e70, unextended_sp=0x0000000305885e70, fp=0x000000079597c448, pc=0x00000001115e0c34)
sun.misc.ProxyGenerator$ConstantPool$IndirectEntry.equals(ProxyGenerator.java:2021) - if_icmpne @ bci 31 
     Created vframeArray 0x00007f78a506b620
DEOPT UNPACKING thread 0x00007f78a700a800 vframeArray 0x00007f78a506b620 mode 2
     {method} {0x000000010e4c5da8} &apos;equals&apos; &apos;(Ljava/lang/Object;)Z&apos; in &apos;sun/misc/ProxyGenerator$ConstantPool$IndirectEntry&apos; - if_icmpne @ bci 31 sp = 0x0000000305885e28
<uncommon_trap thread='9987' reason='class_check' action='maybe_recompile' compile_id='596' compiler='C2' stamp='4.014'>
Uncommon trap occurred in java.io.DataOutputStream::writeByte (@0x00000001115e0184) thread=9987 reason=class_check action=maybe_recompile unloaded_class_index=-1
<jvms bci='5' method='java/io/DataOutputStream writeByte (I)V' bytes='14' count='50' backedge_count='1' iicount='100'/>
</uncommon_trap>
DEOPT PACKING thread 0x00007f78a700a800 Compiled frame (sp=0x00000003058860e0 unextended sp=0x00000003058860e0, fp=0x000000079597d910, real_fp=0x0000000305886110, pc=0x00000001115e0184)
     nmethod   4014  596             java.io.DataOutputStream::writeByte (14 bytes)

     Virtual frames (innermost first):
        0 - frame( sp=0x00000003058860e0, unextended_sp=0x00000003058860e0, fp=0x000000079597d910, pc=0x00000001115e0184)
java.io.DataOutputStream.writeByte(DataOutputStream.java:153) - invokevirtual @ bci 5 
     Created vframeArray 0x00007f78a706f220
DEOPT UNPACKING thread 0x00007f78a700a800 vframeArray 0x00007f78a706f220 mode 2
     {method} {0x000000010e4c4570} &apos;writeByte&apos; &apos;(I)V&apos; in &apos;java/io/DataOutputStream&apos; - invokevirtual @ bci 5 sp = 0x00000003058860b0
<uncommon_trap thread='9987' reason='class_check' action='maybe_recompile' compile_id='596' compiler='C2' count='1' state='class_check' stamp='4.015'>
Uncommon trap occurred in java.io.DataOutputStream::writeByte (@0x00000001115e0184) thread=9987 reason=class_check action=maybe_recompile unloaded_class_index=-1
<jvms bci='5' method='java/io/DataOutputStream writeByte (I)V' bytes='14' count='50' backedge_count='1' iicount='100' class_check_traps='1'/>
</uncommon_trap>
DEOPT PACKING thread 0x00007f78a700a800 Compiled frame (sp=0x00000003058860e0 unextended sp=0x00000003058860e0, fp=0x000000079597d910, real_fp=0x0000000305886110, pc=0x00000001115e0184)
     nmethod   4014  596             java.io.DataOutputStream::writeByte (14 bytes)

     Virtual frames (innermost first):
        0 - frame( sp=0x00000003058860e0, unextended_sp=0x00000003058860e0, fp=0x000000079597d910, pc=0x00000001115e0184)
java.io.DataOutputStream.writeByte(DataOutputStream.java:153) - invokevirtual @ bci 5 
     Created vframeArray 0x00007f78a686ae20
DEOPT UNPACKING thread 0x00007f78a700a800 vframeArray 0x00007f78a686ae20 mode 2
     {method} {0x000000010e4c4570} &apos;writeByte&apos; &apos;(I)V&apos; in &apos;java/io/DataOutputStream&apos; - invokevirtual @ bci 5 sp = 0x00000003058860b0
<uncommon_trap thread='9987' reason='class_check' action='maybe_recompile' compile_id='596' compiler='C2' count='2' state='class_check' stamp='4.015'>
Uncommon trap occurred in java.io.DataOutputStream::writeByte (@0x00000001115e0184) thread=9987 reason=class_check action=maybe_recompile unloaded_class_index=-1
<jvms bci='5' method='java/io/DataOutputStream writeByte (I)V' bytes='14' count='50' backedge_count='1' iicount='100' class_check_traps='2'/>
</uncommon_trap>
DEOPT PACKING thread 0x00007f78a700a800 Compiled frame (sp=0x00000003058860e0 unextended sp=0x00000003058860e0, fp=0x000000079597d910, real_fp=0x0000000305886110, pc=0x00000001115e0184)
     nmethod   4015  596             java.io.DataOutputStream::writeByte (14 bytes)

     Virtual frames (innermost first):
        0 - frame( sp=0x00000003058860e0, unextended_sp=0x00000003058860e0, fp=0x000000079597d910, pc=0x00000001115e0184)
java.io.DataOutputStream.writeByte(DataOutputStream.java:153) - invokevirtual @ bci 5 
     Created vframeArray 0x00007f78a686c220
DEOPT UNPACKING thread 0x00007f78a700a800 vframeArray 0x00007f78a686c220 mode 2
     {method} {0x000000010e4c4570} &apos;writeByte&apos; &apos;(I)V&apos; in &apos;java/io/DataOutputStream&apos; - invokevirtual @ bci 5 sp = 0x00000003058860b0
<uncommon_trap thread='9987' reason='class_check' action='maybe_recompile' compile_id='596' compiler='C2' count='3' state='class_check' stamp='4.015'>
Uncommon trap occurred in java.io.DataOutputStream::writeByte (@0x00000001115e0184) thread=9987 reason=class_check action=maybe_recompile unloaded_class_index=-1
<jvms bci='5' method='java/io/DataOutputStream writeByte (I)V' bytes='14' count='50' backedge_count='1' iicount='100' class_check_traps='3'/>
</uncommon_trap>
DEOPT PACKING thread 0x00007f78a700a800 Compiled frame (sp=0x00000003058860e0 unextended sp=0x00000003058860e0, fp=0x000000079597d910, real_fp=0x0000000305886110, pc=0x00000001115e0184)
     nmethod   4015  596             java.io.DataOutputStream::writeByte (14 bytes)

     Virtual frames (innermost first):
        0 - frame( sp=0x00000003058860e0, unextended_sp=0x00000003058860e0, fp=0x000000079597d910, pc=0x00000001115e0184)
java.io.DataOutputStream.writeByte(DataOutputStream.java:153) - invokevirtual @ bci 5 
     Created vframeArray 0x00007f78a506b620
DEOPT UNPACKING thread 0x00007f78a700a800 vframeArray 0x00007f78a506b620 mode 2
     {method} {0x000000010e4c4570} &apos;writeByte&apos; &apos;(I)V&apos; in &apos;java/io/DataOutputStream&apos; - invokevirtual @ bci 5 sp = 0x00000003058860b0
<uncommon_trap thread='9987' reason='unstable_if' action='reinterpret' compile_id='461' compiler='C2' stamp='4.126'>
Uncommon trap occurred in java.lang.AbstractStringBuilder::append (@0x000000011159144c) thread=9987 reason=unstable_if action=reinterpret unloaded_class_index=-1
<jvms bci='8' method='java/lang/Integer stringSize (I)I' bytes='21' count='50' backedge_count='5' iicount='95'/>
<jvms bci='30' method='java/lang/AbstractStringBuilder append (I)Ljava/lang/AbstractStringBuilder;' bytes='62' count='50' backedge_count='1' iicount='100'/>
</uncommon_trap>
DEOPT PACKING thread 0x00007f78a700a800 Compiled frame (sp=0x0000000305886840 unextended sp=0x0000000305886840, fp=0x0000000000000009, real_fp=0x0000000305886880, pc=0x000000011159144c)
     nmethod   4126  461             java.lang.AbstractStringBuilder::append (62 bytes)

     Virtual frames (innermost first):
        0 - frame( sp=0x0000000305886840, unextended_sp=0x0000000305886840, fp=0x0000000000000009, pc=0x000000011159144c)
java.lang.Integer.stringSize(Integer.java:473) - if_icmpgt @ bci 8 
        1 - frame( sp=0x0000000305886840, unextended_sp=0x0000000305886840, fp=0x0000000000000009, pc=0x000000011159144c)
java.lang.AbstractStringBuilder.append(AbstractStringBuilder.java:672) - invokestatic @ bci 30 
     Created vframeArray 0x00007f78a686ca20
DEOPT UNPACKING thread 0x00007f78a700a800 vframeArray 0x00007f78a686ca20 mode 2
     {method} {0x000000010e08e418} &apos;append&apos; &apos;(I)Ljava/lang/AbstractStringBuilder;&apos; in &apos;java/lang/AbstractStringBuilder&apos; - invokestatic @ bci 30 sp = 0x0000000305886800
     {method} {0x000000010e0c7260} &apos;stringSize&apos; &apos;(I)I&apos; in &apos;java/lang/Integer&apos; - if_icmpgt @ bci 8 sp = 0x00000003058867a0
<uncommon_trap thread='9987' reason='unstable_if' action='reinterpret' compile_id='459' compiler='C2' stamp='4.126'>
Uncommon trap occurred in java.lang.Integer::getChars (@0x0000000111585418) thread=9987 reason=unstable_if action=reinterpret unloaded_class_index=-1
<jvms bci='20' method='java/lang/Integer getChars (II[C)V' bytes='131' count='50' backedge_count='5' iicount='95'/>
</uncommon_trap>
DEOPT PACKING thread 0x00007f78a700a800 Compiled frame (sp=0x00000003058867b0 unextended sp=0x00000003058867b0, fp=0x0000000305886850, real_fp=0x00000003058867f0, pc=0x0000000111585418)
     nmethod   4126  459             java.lang.Integer::getChars (131 bytes)

     Virtual frames (innermost first):
        0 - frame( sp=0x00000003058867b0, unextended_sp=0x00000003058867b0, fp=0x0000000305886850, pc=0x0000000111585418)
java.lang.Integer.getChars(Integer.java:444) - if_icmplt @ bci 20 
     Created vframeArray 0x00007f78a706f220
DEOPT UNPACKING thread 0x00007f78a700a800 vframeArray 0x00007f78a706f220 mode 2
     {method} {0x000000010e0c7188} &apos;getChars&apos; &apos;(II[C)V&apos; in &apos;java/lang/Integer&apos; - if_icmplt @ bci 20 sp = 0x0000000305886770
C1 Runtime statistics:
 _resolve_invoke_virtual_cnt:     14
 _resolve_invoke_opt_virtual_cnt: 602
 _resolve_invoke_static_cnt:      497
 _handle_wrong_method_cnt:        30
 _ic_miss_cnt:                    10
 _generic_arraycopy_cnt:          0
 _generic_arraycopystub_cnt:      0
 _byte_arraycopy_cnt:             0
 _short_arraycopy_cnt:            0
 _int_arraycopy_cnt:              0
 _long_arraycopy_cnt:             0
 _primitive_arraycopy_cnt:        0
 _oop_arraycopy_cnt (C):          0
 _oop_arraycopy_cnt (stub):       0
 _arraycopy_slowcase_cnt:         0
 _arraycopy_checkcast_cnt:        0
 _arraycopy_checkcast_attempt_cnt:0
 _new_type_array_slowcase_cnt:    0
 _new_object_array_slowcase_cnt:  0
 _new_instance_slowcase_cnt:      0
 _new_multi_array_slowcase_cnt:   0
 _monitorenter_slowcase_cnt:      0
 _monitorexit_slowcase_cnt:       0
 _patch_code_slowcase_cnt:        0
 _throw_range_check_exception_count:            0:
 _throw_index_exception_count:                  0:
 _throw_div0_exception_count:                   0:
 _throw_null_pointer_exception_count:           0:
 _throw_class_cast_exception_count:             0:
 _throw_incompatible_class_change_error_count:  0:
 _throw_array_store_exception_count:            0:
 _throw_count:                                  0:

<statistics type='deoptimization'>
Deoptimization traps recorded:
    72 (100.0%) total
       null_check/make_not_entrant/aastore: 1 (1.4%)
  null_check/make_not_entrant/invokestatic: 1 (1.4%)
     null_assert/make_not_entrant/astore_3: 1 (1.4%)
  class_check/maybe_recompile/invokevirtual: 16 (22.2%)
    class_check/maybe_recompile/instanceof: 1 (1.4%)
   bimorphic/maybe_recompile/invokevirtual: 6 (8.3%)
                       constraint/none/nop: 1 (1.4%)
           predicate/maybe_recompile/aload: 1 (1.4%)
    loop_limit_check/maybe_recompile/aload: 2 (2.8%)
  loop_limit_check/maybe_recompile/aload_0: 1 (1.4%)
    loop_limit_check/maybe_recompile/iload: 1 (1.4%)
         unstable_if/reinterpret/if_icmpeq: 1 (1.4%)
         unstable_if/reinterpret/if_icmpge: 3 (4.2%)
         unstable_if/reinterpret/ifnonnull: 9 (12.5%)
               unstable_if/reinterpret/nop: 27 (37.5%)
</statistics>
<statistics type='SharedRuntime'>
    3 new array requires GC
   10 inline cache miss in compiled
   30 wrong method
  497 unresolved static call site
   14 unresolved virtual call site
  602 unresolved opt virtual call site
  172 slow partial subtype
  583 byte array copies
 7883 short array copies
  613 int array copies
 1560 long array copies
   10 checkcast array copies
   74 find exception handler
   48 rethrow handler
AdapterHandlerTable: empty 157 longest 3 total 182 average 1.338235
AdapterHandlerTable: lookups 8883 buckets 9248 equals 8426 hits 8426 compact 8426
</statistics>
<statistics type='nmethod'>
Statistics for 81 native nmethods:
 N. total size  = 76504
 N. relocation  = 6736
 N. main code   = 44168
Statistics for 540 bytecoded nmethods:
 total in heap  = 1132104
 relocation     = 52664
 constants      = 3136
 main code      = 381184
 stub code      = 31664
 oops           = 728
 scopes data    = 142600
 scopes pcs     = 282320
 dependencies   = 4568
 handler table  = 39088
 nul chk table  = 8648
Debug Data Chunks: 30501, shared 4385+7861, non-SP&apos;s elided 105
PcDesc Statistics:  2082 queries, 8.31 comparisons per query
  caches=540 queries=2082/0, hits=0+497, tests=7484+9808, adds=1585
</statistics>
<statistics type='opto'>
--- Compiler Statistics ---
Methods seen: 1407  Methods parsed: 1407  Nodes created: 407362
Blocks parsed: 5085  Blocks seen: 6172
6328 original NULL checks - 4582 elided (72%); optimizer leaves 1768,
777 made implicit (43%)
CCP: 540  constants found: 5
Total frameslots = 3540, Max frameslots = 60
Inserted 0 spill loads, 0 spill stores, 0 mem-mem moves and 0 copies.
Total load cost=      0, store cost =      0, mem-mem cost =  0.00, copy cost =     0.
Adjusted spill cost =       0.
Conservatively coalesced 4845 copies, 0 pairs, 7940 post alloc.
Used cisc instruction  430,  remained in register 2283
Average allocation trips 1.726619
High Pressure Blocks = 0, Low Pressure Blocks = 0
Nops added 0 bytes to total of 374330 bytes, for 0.00%
Peephole: peephole rules applied: 0
PhaseIdealLoop=1838, sum _unique=929793
</statistics>
<statistics type='intrinsic'>
Compiler intrinsic usage:
    12 ( 6.0%) _hashCode (worked,virtual,nonvirtual)
     6 ( 3.0%) _getClass (worked)
     8 ( 4.0%) _clone (worked)
    18 ( 9.0%) _min (worked)
     9 ( 4.5%) _max (worked)
     6 ( 3.0%) _nanoTime (worked)
    27 (13.6%) _arraycopy (worked)
     4 ( 2.0%) _currentThread (worked)
     3 ( 1.5%) _isAssignableFrom (worked)
     1 ( 0.5%) _getModifiers (worked)
     5 ( 2.5%) _isInterface (worked)
     8 ( 4.0%) _isArray (worked)
    18 ( 9.0%) _isPrimitive (worked)
     4 ( 2.0%) _getComponentType (worked)
     9 ( 4.5%) _getCallerClass (worked,failed)
     3 ( 1.5%) _newArray (worked)
     2 ( 1.0%) _copyOf (worked)
     1 ( 0.5%) _copyOfRange (worked)
     4 ( 2.0%) _indexOf (worked)
    19 ( 9.5%) _equals (worked)
     0 ( 0.0%) _checkIndex (disabled)
    11 ( 5.5%) _Reference_get (worked)
     8 ( 4.0%) _getObjectVolatile (worked)
     1 ( 0.5%) _putObjectVolatile (worked)
     3 ( 1.5%) _getLong_raw (worked)
     2 ( 1.0%) _putLong_raw (worked)
     2 ( 1.0%) _compareAndSwapObject (worked)
     1 ( 0.5%) _compareAndSwapLong (worked)
     4 ( 2.0%) _compareAndSwapInt (worked)
   199 (100.0%) total (worked,failed,disabled,virtual,nonvirtual)
</statistics>
<writer thread='21251'/>
<destroy_vm stamp='4.137'/>
<tty_done stamp='4.149'/>
</tty>
<hotspot_log_done stamp='4.149'/>
</hotspot_log>
