<?xml version='1.0' encoding='UTF-8'?>
<hotspot_log version='160 1' process='41615' time_ms='1783302116927'>
<vm_version>
<name>
OpenJDK 64-Bit Server VM
</name>
<release>
25.512-b00-fastdebug
</release>
<info>
OpenJDK 64-Bit Server VM (25.512-b00-fastdebug) for bsd-amd64 JRE (1.8.0_512-internal-xiezhaokun_2026_07_04_16_29-b00), built on Jul  4 2026 18:13:54 by &quot;xiezhaokun&quot; with gcc Apple LLVM 16.0.0 (clang-1600.0.26.6)
</info>
</vm_version>
<vm_arguments>
<args>
-Xbatch -XX:CompileThreshold=10 -XX:BackEdgeThreshold=20 -XX:-TieredCompilation -XX:CICompilerCount=1 -XX:+UnlockDiagnosticVMOptions -XX:CompileCommand=quiet -XX:+StressGCM -XX:+StressLCM -XX:+StressReflectiveCode -XX:+TraceDeoptimization -Drepro.iterations=45000 -Drepro.seconds=0 -Drepro.clearCacheEvery=0 -Drepro.deoptAfter=9000 -Drepro.target=cacheOsr 
</args>
<command>
repro.ResolvableTypeC2Repro
</command>
<launcher>
SUN_STANDARD
</launcher>
<properties>
java.vm.specification.name=Java Virtual Machine Specification
java.vm.version=25.512-b00-fastdebug
java.vm.name=OpenJDK 64-Bit Server VM
java.vm.info=mixed mode, sharing
java.ext.dirs=/Users/xiezhaokun/Library/Java/Extensions:/Users/xiezhaokun/workspace/jdk8u-dev/build/codex-fastdebug-x86_64/jdk/lib/ext:/Library/Java/Extensions:/Network/Library/Java/Extensions:/System/Library/Java/Extensions:/usr/lib/java
java.endorsed.dirs=/Users/xiezhaokun/workspace/jdk8u-dev/build/codex-fastdebug-x86_64/jdk/lib/endorsed
sun.boot.library.path=/Users/xiezhaokun/workspace/jdk8u-dev/build/codex-fastdebug-x86_64/jdk/lib
java.library.path=/Users/xiezhaokun/Library/Java/Extensions:/Library/Java/Extensions:/Network/Library/Java/Extensions:/System/Library/Java/Extensions:/usr/lib/java:.
java.home=/Users/xiezhaokun/workspace/jdk8u-dev/build/codex-fastdebug-x86_64/jdk
java.class.path=/Users/xiezhaokun/workspace/jdk8u-dev/repro/spring-resolvabletype-c2/target/classes:/Users/xiezhaokun/workspace/jdk8u-dev/repro/spring-resolvabletype-c2/target/dependency/spring-core-5.3.31.jar:/Users/xiezhaokun/workspace/jdk8u-dev/repro/spring-resolvabletype-c2/target/dependency/spring-jcl-5.3.31.jar
sun.boot.class.path=/Users/xiezhaokun/workspace/jdk8u-dev/build/codex-fastdebug-x86_64/jdk/lib/resources.jar:/Users/xiezhaokun/workspace/jdk8u-dev/build/codex-fastdebug-x86_64/jdk/lib/rt.jar:/Users/xiezhaokun/workspace/jdk8u-dev/build/codex-fastdebug-x86_64/jdk/lib/sunrsasign.jar:/Users/xiezhaokun/workspace/jdk8u-dev/build/codex-fastdebug-x86_64/jdk/lib/jsse.jar:/Users/xiezhaokun/workspace/jdk8u-dev/build/codex-fastdebug-x86_64/jdk/lib/jce.jar:/Users/xiezhaokun/workspace/jdk8u-dev/build/codex-fastdebug-x86_64/jdk/lib/charsets.jar:/Users/xiezhaokun/workspace/jdk8u-dev/build/codex-fastdebug-x86_64/jdk/lib/jfr.jar:/Users/xiezhaokun/workspace/jdk8u-dev/build/codex-fastdebug-x86_64/jdk/classes
java.vm.specification.vendor=Oracle Corporation
java.vm.specification.version=1.8
java.vm.vendor=Oracle Corporation
repro.iterations=45000
repro.seconds=0
repro.clearCacheEvery=0
repro.deoptAfter=9000
repro.target=cacheOsr
sun.java.command=repro.ResolvableTypeC2Repro
sun.java.launcher=SUN_STANDARD
</properties>
</vm_arguments>
<tty>
<blob name='MethodHandlesAdapterBlob' size='182000'>
<sect index='1' size='182000' free='177710'/>
</blob>
<writer thread='9987'/>
<uncommon_trap thread='9987' reason='bimorphic' action='maybe_recompile' compile_id='51' compiler='C2' stamp='0.444'>
Uncommon trap occurred in java.util.concurrent.ConcurrentHashMap::putVal (@0x0000000114cbdfe4) thread=9987 reason=bimorphic action=maybe_recompile unloaded_class_index=-1
<jvms bci='17' method='java/util/concurrent/ConcurrentHashMap putVal (Ljava/lang/Object;Ljava/lang/Object;Z)Ljava/lang/Object;' bytes='362' count='5' backedge_count='6' iicount='39'/>
</uncommon_trap>
DEOPT PACKING thread 0x00007fe28e009000 Compiled frame (sp=0x000000030c7914f0 unextended sp=0x000000030c7914f0, fp=0x00000007955c1f18, real_fp=0x000000030c7915c0, pc=0x0000000114cbdfe4)
     nmethod    444   51   !         java.util.concurrent.ConcurrentHashMap::putVal (362 bytes)

     Virtual frames (innermost first):
        0 - frame( sp=0x000000030c7914f0, unextended_sp=0x000000030c7914f0, fp=0x00000007955c1f18, pc=0x0000000114cbdfe4)
java.util.concurrent.ConcurrentHashMap.putVal(ConcurrentHashMap.java:1012) - invokevirtual @ bci 17 
     Created vframeArray 0x00007fe28d00c820
DEOPT UNPACKING thread 0x00007fe28e009000 vframeArray 0x00007fe28d00c820 mode 2
     {method} {0x00000001118c17d8} &apos;putVal&apos; &apos;(Ljava/lang/Object;Ljava/lang/Object;Z)Ljava/lang/Object;&apos; in &apos;java/util/concurrent/ConcurrentHashMap&apos; - invokevirtual @ bci 17 sp = 0x000000030c791500
<uncommon_trap thread='9987' reason='uninitialized' action='reinterpret' compile_id='68' compiler='C2' stamp='0.698'>
Uncommon trap occurred in java.io.ObjectStreamField::&lt;init&gt; (@0x0000000114ccf038) thread=9987 reason=uninitialized action=reinterpret unloaded_class_index=-1
<jvms bci='123' method='java/io/ObjectStreamField getClassSignature (Ljava/lang/Class;)Ljava/lang/String;' bytes='242' count='5' backedge_count='3' iicount='18'/>
<jvms bci='38' method='java/io/ObjectStreamField &lt;init&gt; (Ljava/lang/String;Ljava/lang/Class;Z)V' bytes='53' count='5' backedge_count='1' iicount='18'/>
<jvms bci='4' method='java/io/ObjectStreamField &lt;init&gt; (Ljava/lang/String;Ljava/lang/Class;)V' bytes='8' count='5' backedge_count='1' iicount='18'/>
</uncommon_trap>
DEOPT PACKING thread 0x00007fe28e009000 Compiled frame (sp=0x000000030c78f120 unextended sp=0x000000030c78f120, fp=0x0000000010200031, real_fp=0x000000030c78f200, pc=0x0000000114ccf038)
     nmethod    697   68             java.io.ObjectStreamField::&lt;init&gt; (8 bytes)

     Virtual frames (innermost first):
        0 - frame( sp=0x000000030c78f120, unextended_sp=0x000000030c78f120, fp=0x0000000010200031, pc=0x0000000114ccf038)
java.io.ObjectStreamField.getClassSignature(ObjectStreamField.java:310) - getstatic @ bci 123 
        1 - frame( sp=0x000000030c78f120, unextended_sp=0x000000030c78f120, fp=0x0000000010200031, pc=0x0000000114ccf038)
java.io.ObjectStreamField.&lt;init&gt;(ObjectStreamField.java:94) - invokestatic @ bci 38 
        2 - frame( sp=0x000000030c78f120, unextended_sp=0x000000030c78f120, fp=0x0000000010200031, pc=0x0000000114ccf038)
java.io.ObjectStreamField.&lt;init&gt;(ObjectStreamField.java:67) - invokespecial @ bci 4 
     Created vframeArray 0x00007fe28d02a220
DEOPT UNPACKING thread 0x00007fe28e009000 vframeArray 0x00007fe28d02a220 mode 2
     {method} {0x000000011177df58} &apos;&lt;init&gt;&apos; &apos;(Ljava/lang/String;Ljava/lang/Class;)V&apos; in &apos;java/io/ObjectStreamField&apos; - invokespecial @ bci 4 sp = 0x000000030c78f190
     {method} {0x000000011177e070} &apos;&lt;init&gt;&apos; &apos;(Ljava/lang/String;Ljava/lang/Class;Z)V&apos; in &apos;java/io/ObjectStreamField&apos; - invokestatic @ bci 38 sp = 0x000000030c78f128
     {method} {0x000000011177eeb8} &apos;getClassSignature&apos; &apos;(Ljava/lang/Class;)Ljava/lang/String;&apos; in &apos;java/io/ObjectStreamField&apos; - getstatic @ bci 123 sp = 0x000000030c78f0d0
<uncommon_trap thread='9987' reason='unstable_if' action='reinterpret' compile_id='13' compiler='C2' stamp='0.836'>
Uncommon trap occurred in java.lang.String::equals (@0x0000000114c7fb98) thread=9987 reason=unstable_if action=reinterpret unloaded_class_index=-1
<jvms bci='66' method='java/lang/String equals (Ljava/lang/Object;)Z' bytes='81' count='5' backedge_count='5' iicount='251'/>
</uncommon_trap>
DEOPT PACKING thread 0x00007fe28e009000 Compiled frame (sp=0x000000030c78dea0 unextended sp=0x000000030c78dea0, fp=0x0000000000000000, real_fp=0x000000030c78dee0, pc=0x0000000114c7fb98)
     nmethod    835   13             java.lang.String::equals (81 bytes)

     Virtual frames (innermost first):
        0 - frame( sp=0x000000030c78dea0, unextended_sp=0x000000030c78dea0, fp=0x0000000000000000, pc=0x0000000114c7fb98)
java.lang.String.equals(String.java:988) - if_icmpeq @ bci 66 
     Created vframeArray 0x00007fe28e034020
DEOPT UNPACKING thread 0x00007fe28e009000 vframeArray 0x00007fe28e034020 mode 2
     {method} {0x00000001116b0488} &apos;equals&apos; &apos;(Ljava/lang/Object;)Z&apos; in &apos;java/lang/String&apos; - if_icmpeq @ bci 66 sp = 0x000000030c78de58
<dependency_failed type='abstract_with_unique_concrete_subtype' ctxk='java/nio/ByteBuffer' x='java/nio/HeapByteBuffer' witness='java/nio/DirectByteBuffer' stamp='0.891'/>
<uncommon_trap thread='9987' reason='bimorphic' action='maybe_recompile' compile_id='82' compiler='C2' stamp='1.010'>
Uncommon trap occurred in java.util.HashMap::hash (@0x0000000114cc45c0) thread=9987 reason=bimorphic action=maybe_recompile unloaded_class_index=-1
<jvms bci='9' method='java/util/HashMap hash (Ljava/lang/Object;)I' bytes='20' count='5' backedge_count='1' iicount='46'/>
</uncommon_trap>
DEOPT PACKING thread 0x00007fe28e009000 Compiled frame (sp=0x000000030c78f9a0 unextended sp=0x000000030c78f9a0, fp=0x00000007955d7318, real_fp=0x000000030c78f9d0, pc=0x0000000114cc45c0)
     nmethod   1010   82             java.util.HashMap::hash (20 bytes)

     Virtual frames (innermost first):
        0 - frame( sp=0x000000030c78f9a0, unextended_sp=0x000000030c78f9a0, fp=0x00000007955d7318, pc=0x0000000114cc45c0)
java.util.HashMap.hash(HashMap.java:340) - invokevirtual @ bci 9 
     Created vframeArray 0x00007fe28d043c20
DEOPT UNPACKING thread 0x00007fe28e009000 vframeArray 0x00007fe28d043c20 mode 2
     {method} {0x00000001117c29b0} &apos;hash&apos; &apos;(Ljava/lang/Object;)I&apos; in &apos;java/util/HashMap&apos; - invokevirtual @ bci 9 sp = 0x000000030c78f970
<uncommon_trap thread='9987' reason='unstable_if' action='reinterpret' compile_id='49' compiler='C2' stamp='1.303'>
Uncommon trap occurred in java.lang.String::replace (@0x0000000114cbbb7c) thread=9987 reason=unstable_if action=reinterpret unloaded_class_index=-1
<jvms bci='26' method='java/lang/String replace (CC)Ljava/lang/String;' bytes='127' count='5' backedge_count='32' iicount='12'/>
</uncommon_trap>
DEOPT PACKING thread 0x00007fe28e009000 Compiled frame (sp=0x000000030c790640 unextended sp=0x000000030c790640, fp=0x000000000000002e, real_fp=0x000000030c7906b0, pc=0x0000000114cbbb7c)
     nmethod   1302   49             java.lang.String::replace (127 bytes)

     Virtual frames (innermost first):
        0 - frame( sp=0x000000030c790640, unextended_sp=0x000000030c790640, fp=0x000000000000002e, pc=0x0000000114cbbb7c)
java.lang.String.replace(String.java:2072) - if_icmpge @ bci 26 
     Created vframeArray 0x00007fe28d056220
DEOPT UNPACKING thread 0x00007fe28e009000 vframeArray 0x00007fe28d056220 mode 2
     {method} {0x00000001116b27c8} &apos;replace&apos; &apos;(CC)Ljava/lang/String;&apos; in &apos;java/lang/String&apos; - if_icmpge @ bci 26 sp = 0x000000030c790628
<uncommon_trap thread='9987' reason='loop_limit_check' action='maybe_recompile' compile_id='106' compiler='C2' stamp='1.445'>
Uncommon trap occurred in java.lang.String::equals (@0x0000000114cde8a4) thread=9987 reason=loop_limit_check action=maybe_recompile unloaded_class_index=-1
<jvms bci='56' method='java/lang/String equals (Ljava/lang/Object;)Z' bytes='81' count='3' backedge_count='5' iicount='253' decompiles='1' unstable_if_traps='1'/>
</uncommon_trap>
DEOPT PACKING thread 0x00007fe28e009000 Compiled frame (sp=0x000000030c78ff40 unextended sp=0x000000030c78ff40, fp=0x0000000000000000, real_fp=0x000000030c78ff80, pc=0x0000000114cde8a4)
     nmethod   1444  106             java.lang.String::equals (81 bytes)

     Virtual frames (innermost first):
        0 - frame( sp=0x000000030c78ff40, unextended_sp=0x000000030c78ff40, fp=0x0000000000000000, pc=0x0000000114cde8a4)
java.lang.String.equals(String.java:988) - aload @ bci 56 
     Created vframeArray 0x00007fe28d043c20
DEOPT UNPACKING thread 0x00007fe28e009000 vframeArray 0x00007fe28d043c20 mode 2
     {method} {0x00000001116b0488} &apos;equals&apos; &apos;(Ljava/lang/Object;)Z&apos; in &apos;java/lang/String&apos; - aload @ bci 56 sp = 0x000000030c78ff08
<uncommon_trap thread='9987' reason='uninitialized' action='reinterpret' compile_id='70' compiler='C2' count='1' stamp='1.543'>
Uncommon trap occurred in java.io.ObjectStreamField::getClassSignature (@0x0000000114cd3e2c) thread=9987 reason=uninitialized action=reinterpret unloaded_class_index=-1
<jvms bci='123' method='java/io/ObjectStreamField getClassSignature (Ljava/lang/Class;)Ljava/lang/String;' bytes='242' count='1' backedge_count='3' iicount='18' uninitialized_traps='1'/>
</uncommon_trap>
DEOPT PACKING thread 0x00007fe28e009000 Compiled frame (sp=0x000000030c78fe50 unextended sp=0x000000030c78fe50, fp=0x00000000f80002f3, real_fp=0x000000030c78ff20, pc=0x0000000114cd3e2c)
     nmethod   1543   70             java.io.ObjectStreamField::getClassSignature (242 bytes)

     Virtual frames (innermost first):
        0 - frame( sp=0x000000030c78fe50, unextended_sp=0x000000030c78fe50, fp=0x00000000f80002f3, pc=0x0000000114cd3e2c)
java.io.ObjectStreamField.getClassSignature(ObjectStreamField.java:310) - getstatic @ bci 123 
     Created vframeArray 0x00007fe28c051c20
DEOPT UNPACKING thread 0x00007fe28e009000 vframeArray 0x00007fe28c051c20 mode 2
     {method} {0x000000011177eeb8} &apos;getClassSignature&apos; &apos;(Ljava/lang/Class;)Ljava/lang/String;&apos; in &apos;java/io/ObjectStreamField&apos; - getstatic @ bci 123 sp = 0x000000030c78feb8
<uncommon_trap thread='9987' reason='bimorphic' action='maybe_recompile' compile_id='51' compiler='C2' count='1' state='#7' stamp='1.569'>
Uncommon trap occurred in java.util.concurrent.ConcurrentHashMap::putVal (@0x0000000114cbdfe4) thread=9987 reason=bimorphic action=maybe_recompile unloaded_class_index=-1
<jvms bci='17' method='java/util/concurrent/ConcurrentHashMap putVal (Ljava/lang/Object;Ljava/lang/Object;Z)Ljava/lang/Object;' bytes='362' count='5' backedge_count='7' iicount='39' bimorphic_traps='1'/>
</uncommon_trap>
DEOPT PACKING thread 0x00007fe28e009000 Compiled frame (sp=0x000000030c7905f0 unextended sp=0x000000030c7905f0, fp=0x00000007955c5158, real_fp=0x000000030c7906c0, pc=0x0000000114cbdfe4)
     nmethod   1568   51   !         java.util.concurrent.ConcurrentHashMap::putVal (362 bytes)

     Virtual frames (innermost first):
        0 - frame( sp=0x000000030c7905f0, unextended_sp=0x000000030c7905f0, fp=0x00000007955c5158, pc=0x0000000114cbdfe4)
java.util.concurrent.ConcurrentHashMap.putVal(ConcurrentHashMap.java:1012) - invokevirtual @ bci 17 
     Created vframeArray 0x00007fe28c053820
DEOPT UNPACKING thread 0x00007fe28e009000 vframeArray 0x00007fe28c053820 mode 2
     {method} {0x00000001118c17d8} &apos;putVal&apos; &apos;(Ljava/lang/Object;Ljava/lang/Object;Z)Ljava/lang/Object;&apos; in &apos;java/util/concurrent/ConcurrentHashMap&apos; - invokevirtual @ bci 17 sp = 0x000000030c790600
<uncommon_trap thread='9987' reason='bimorphic' action='maybe_recompile' compile_id='51' compiler='C2' count='2' state='#7' stamp='1.572'>
Uncommon trap occurred in java.util.concurrent.ConcurrentHashMap::putVal (@0x0000000114cbdfe4) thread=9987 reason=bimorphic action=maybe_recompile unloaded_class_index=-1
<jvms bci='17' method='java/util/concurrent/ConcurrentHashMap putVal (Ljava/lang/Object;Ljava/lang/Object;Z)Ljava/lang/Object;' bytes='362' count='5' backedge_count='8' iicount='39' bimorphic_traps='2'/>
</uncommon_trap>
DEOPT PACKING thread 0x00007fe28e009000 Compiled frame (sp=0x000000030c78ed20 unextended sp=0x000000030c78ed20, fp=0x00000007955c5118, real_fp=0x000000030c78edf0, pc=0x0000000114cbdfe4)
     nmethod   1571   51   !         java.util.concurrent.ConcurrentHashMap::putVal (362 bytes)

     Virtual frames (innermost first):
        0 - frame( sp=0x000000030c78ed20, unextended_sp=0x000000030c78ed20, fp=0x00000007955c5118, pc=0x0000000114cbdfe4)
java.util.concurrent.ConcurrentHashMap.putVal(ConcurrentHashMap.java:1012) - invokevirtual @ bci 17 
     Created vframeArray 0x00007fe28d83e020
DEOPT UNPACKING thread 0x00007fe28e009000 vframeArray 0x00007fe28d83e020 mode 2
     {method} {0x00000001118c17d8} &apos;putVal&apos; &apos;(Ljava/lang/Object;Ljava/lang/Object;Z)Ljava/lang/Object;&apos; in &apos;java/util/concurrent/ConcurrentHashMap&apos; - invokevirtual @ bci 17 sp = 0x000000030c78ed10
<uncommon_trap thread='9987' reason='bimorphic' action='maybe_recompile' compile_id='51' compiler='C2' count='3' state='#7' stamp='1.576'>
Uncommon trap occurred in java.util.concurrent.ConcurrentHashMap::putVal (@0x0000000114cbdfe4) thread=9987 reason=bimorphic action=maybe_recompile unloaded_class_index=-1
<jvms bci='17' method='java/util/concurrent/ConcurrentHashMap putVal (Ljava/lang/Object;Ljava/lang/Object;Z)Ljava/lang/Object;' bytes='362' count='5' backedge_count='8' iicount='39' bimorphic_traps='3'/>
</uncommon_trap>
DEOPT PACKING thread 0x00007fe28e009000 Compiled frame (sp=0x000000030c78ec70 unextended sp=0x000000030c78ec70, fp=0x00000007955c1f18, real_fp=0x000000030c78ed40, pc=0x0000000114cbdfe4)
     nmethod   1575   51   !         java.util.concurrent.ConcurrentHashMap::putVal (362 bytes)

     Virtual frames (innermost first):
        0 - frame( sp=0x000000030c78ec70, unextended_sp=0x000000030c78ec70, fp=0x00000007955c1f18, pc=0x0000000114cbdfe4)
java.util.concurrent.ConcurrentHashMap.putVal(ConcurrentHashMap.java:1012) - invokevirtual @ bci 17 
     Created vframeArray 0x00007fe28d83f420
DEOPT UNPACKING thread 0x00007fe28e009000 vframeArray 0x00007fe28d83f420 mode 2
     {method} {0x00000001118c17d8} &apos;putVal&apos; &apos;(Ljava/lang/Object;Ljava/lang/Object;Z)Ljava/lang/Object;&apos; in &apos;java/util/concurrent/ConcurrentHashMap&apos; - invokevirtual @ bci 17 sp = 0x000000030c78ec60
<uncommon_trap thread='9987' reason='predicate' action='maybe_recompile' compile_id='208' compiler='C2' stamp='1.720'>
Uncommon trap occurred in sun.net.www.ParseUtil::encodePath (@0x0000000114d0cacc) thread=9987 reason=predicate action=maybe_recompile unloaded_class_index=-1
<jvms bci='36' method='sun/net/www/ParseUtil encodePath (Ljava/lang/String;Z)Ljava/lang/String;' bytes='336' count='5' backedge_count='38' iicount='7'/>
</uncommon_trap>
DEOPT PACKING thread 0x00007fe28e009000 Compiled frame (sp=0x000000030c78f630 unextended sp=0x000000030c78f630, fp=0x00000007955f8138, real_fp=0x000000030c78f690, pc=0x0000000114d0cacc)
     nmethod   1720  208             sun.net.www.ParseUtil::encodePath (336 bytes)

     Virtual frames (innermost first):
        0 - frame( sp=0x000000030c78f630, unextended_sp=0x000000030c78f630, fp=0x00000007955f8138, pc=0x0000000114d0cacc)
sun.net.www.ParseUtil.encodePath(ParseUtil.java:111) - aload @ bci 36 
     Created vframeArray 0x00007fe28c053820
DEOPT UNPACKING thread 0x00007fe28e009000 vframeArray 0x00007fe28c053820 mode 2
     {method} {0x00000001118a33b0} &apos;encodePath&apos; &apos;(Ljava/lang/String;Z)Ljava/lang/String;&apos; in &apos;sun/net/www/ParseUtil&apos; - aload @ bci 36 sp = 0x000000030c78f600
<uncommon_trap thread='9987' reason='class_check' action='maybe_recompile' compile_id='154' compiler='C2' stamp='1.780'>
Uncommon trap occurred in java.util.HashMap::getNode (@0x0000000114cf278c) thread=9987 reason=class_check action=maybe_recompile unloaded_class_index=-1
<jvms bci='59' method='java/util/HashMap getNode (ILjava/lang/Object;)Ljava/util/HashMap$Node;' bytes='148' count='5' backedge_count='1' iicount='34'/>
</uncommon_trap>
DEOPT PACKING thread 0x00007fe28e009000 Compiled frame (sp=0x000000030c78f4e0 unextended sp=0x000000030c78f4e0, fp=0x0000000001494fe6, real_fp=0x000000030c78f520, pc=0x0000000114cf278c)
     nmethod   1780  154             java.util.HashMap::getNode (148 bytes)

     Virtual frames (innermost first):
        0 - frame( sp=0x000000030c78f4e0, unextended_sp=0x000000030c78f4e0, fp=0x0000000001494fe6, pc=0x0000000114cf278c)
java.util.HashMap.getNode(HashMap.java:573) - invokevirtual @ bci 59 
     Created vframeArray 0x00007fe28c051c20
DEOPT UNPACKING thread 0x00007fe28e009000 vframeArray 0x00007fe28c051c20 mode 2
     {method} {0x00000001117c3628} &apos;getNode&apos; &apos;(ILjava/lang/Object;)Ljava/util/HashMap$Node;&apos; in &apos;java/util/HashMap&apos; - invokevirtual @ bci 59 sp = 0x000000030c78f480
<uncommon_trap thread='9987' reason='class_check' action='maybe_recompile' compile_id='154' compiler='C2' count='1' state='class_check' stamp='1.840'>
Uncommon trap occurred in java.util.HashMap::getNode (@0x0000000114cf278c) thread=9987 reason=class_check action=maybe_recompile unloaded_class_index=-1
<jvms bci='59' method='java/util/HashMap getNode (ILjava/lang/Object;)Ljava/util/HashMap$Node;' bytes='148' count='5' backedge_count='1' iicount='34' class_check_traps='1'/>
</uncommon_trap>
DEOPT PACKING thread 0x00007fe28e009000 Compiled frame (sp=0x000000030c78cc50 unextended sp=0x000000030c78cc50, fp=0x0000000001494fe6, real_fp=0x000000030c78cc90, pc=0x0000000114cf278c)
     nmethod   1840  154             java.util.HashMap::getNode (148 bytes)

     Virtual frames (innermost first):
        0 - frame( sp=0x000000030c78cc50, unextended_sp=0x000000030c78cc50, fp=0x0000000001494fe6, pc=0x0000000114cf278c)
java.util.HashMap.getNode(HashMap.java:573) - invokevirtual @ bci 59 
     Created vframeArray 0x00007fe28c053820
DEOPT UNPACKING thread 0x00007fe28e009000 vframeArray 0x00007fe28c053820 mode 2
     {method} {0x00000001117c3628} &apos;getNode&apos; &apos;(ILjava/lang/Object;)Ljava/util/HashMap$Node;&apos; in &apos;java/util/HashMap&apos; - invokevirtual @ bci 59 sp = 0x000000030c78cbf0
<uncommon_trap thread='9987' reason='class_check' action='maybe_recompile' compile_id='154' compiler='C2' count='2' state='class_check' stamp='1.883'>
Uncommon trap occurred in java.util.HashMap::getNode (@0x0000000114cf278c) thread=9987 reason=class_check action=maybe_recompile unloaded_class_index=-1
<jvms bci='59' method='java/util/HashMap getNode (ILjava/lang/Object;)Ljava/util/HashMap$Node;' bytes='148' count='5' backedge_count='1' iicount='34' class_check_traps='2'/>
</uncommon_trap>
DEOPT PACKING thread 0x00007fe28e009000 Compiled frame (sp=0x000000030c78f530 unextended sp=0x000000030c78f530, fp=0x0000000001494fe6, real_fp=0x000000030c78f570, pc=0x0000000114cf278c)
     nmethod   1882  154             java.util.HashMap::getNode (148 bytes)

     Virtual frames (innermost first):
        0 - frame( sp=0x000000030c78f530, unextended_sp=0x000000030c78f530, fp=0x0000000001494fe6, pc=0x0000000114cf278c)
java.util.HashMap.getNode(HashMap.java:573) - invokevirtual @ bci 59 
     Created vframeArray 0x00007fe28d043c20
DEOPT UNPACKING thread 0x00007fe28e009000 vframeArray 0x00007fe28d043c20 mode 2
     {method} {0x00000001117c3628} &apos;getNode&apos; &apos;(ILjava/lang/Object;)Ljava/util/HashMap$Node;&apos; in &apos;java/util/HashMap&apos; - invokevirtual @ bci 59 sp = 0x000000030c78f4d0
<uncommon_trap thread='9987' reason='unstable_if' action='reinterpret' compile_id='254' compiler='C2' stamp='1.884'>
Uncommon trap occurred in java.util.concurrent.ConcurrentHashMap::addCount (@0x0000000114d277d8) thread=9987 reason=unstable_if action=reinterpret unloaded_class_index=-1
<jvms bci='135' method='java/util/concurrent/ConcurrentHashMap addCount (JI)V' bytes='281' count='5' backedge_count='1' iicount='42'/>
</uncommon_trap>
DEOPT PACKING thread 0x00007fe28e009000 Compiled frame (sp=0x000000030c7903e0 unextended sp=0x000000030c7903e0, fp=0x0000000000000000, real_fp=0x000000030c790420, pc=0x0000000114d277d8)
     nmethod   1884  254             java.util.concurrent.ConcurrentHashMap::addCount (281 bytes)

     Virtual frames (innermost first):
        0 - frame( sp=0x000000030c7903e0, unextended_sp=0x000000030c7903e0, fp=0x0000000000000000, pc=0x0000000114d277d8)
java.util.concurrent.ConcurrentHashMap.addCount(ConcurrentHashMap.java:2275) - iflt @ bci 135 
     Created vframeArray 0x00007fe28d02a220
DEOPT UNPACKING thread 0x00007fe28e009000 vframeArray 0x00007fe28d02a220 mode 2
     {method} {0x00000001118c4e60} &apos;addCount&apos; &apos;(JI)V&apos; in &apos;java/util/concurrent/ConcurrentHashMap&apos; - iflt @ bci 135 sp = 0x000000030c790358
<dependency_failed type='leaf_type' ctxk='java/util/concurrent/ConcurrentHashMap$Node' witness='java/util/concurrent/ConcurrentHashMap$ForwardingNode' stamp='1.885'/>
<dependency_failed type='leaf_type' ctxk='java/util/concurrent/ConcurrentHashMap$Node' witness='java/util/concurrent/ConcurrentHashMap$ForwardingNode' stamp='1.885'/>
<dependency_failed type='leaf_type' ctxk='java/util/concurrent/ConcurrentHashMap$Node' witness='java/util/concurrent/ConcurrentHashMap$ForwardingNode' stamp='1.885'/>
DEOPT PACKING thread 0x00007fe28e009000 Deoptimized frame (sp=0x000000030c790420 unextended sp=0x000000030c790420, fp=0x0000000000000000, real_fp=0x000000030c7904f0, pc=0x0000000114d2c474)
     nmethod   1889  263   !         java.util.concurrent.ConcurrentHashMap::putVal (362 bytes)

     Virtual frames (innermost first):
        0 - frame( sp=0x000000030c790420, unextended_sp=0x000000030c790420, fp=0x0000000000000000, pc=0x0000000114d2c474)
java.util.concurrent.ConcurrentHashMap.putVal(ConcurrentHashMap.java:1070) - invokespecial @ bci 357 
     Created vframeArray 0x00007fe28e052220
DEOPT UNPACKING thread 0x00007fe28e009000 vframeArray 0x00007fe28e052220 mode 0
     {method} {0x00000001118c17d8} &apos;putVal&apos; &apos;(Ljava/lang/Object;Ljava/lang/Object;Z)Ljava/lang/Object;&apos; in &apos;java/util/concurrent/ConcurrentHashMap&apos; - invokespecial @ bci 357 sp = 0x000000030c790418
<uncommon_trap thread='9987' reason='class_check' action='maybe_recompile' compile_id='154' compiler='C2' count='3' state='class_check' stamp='2.158'>
Uncommon trap occurred in java.util.HashMap::getNode (@0x0000000114cf278c) thread=9987 reason=class_check action=maybe_recompile unloaded_class_index=-1
<jvms bci='59' method='java/util/HashMap getNode (ILjava/lang/Object;)Ljava/util/HashMap$Node;' bytes='148' count='5' backedge_count='1' iicount='34' class_check_traps='3'/>
</uncommon_trap>
DEOPT PACKING thread 0x00007fe28e009000 Compiled frame (sp=0x000000030c78f530 unextended sp=0x000000030c78f530, fp=0x0000000001494fe6, real_fp=0x000000030c78f570, pc=0x0000000114cf278c)
     nmethod   2157  154             java.util.HashMap::getNode (148 bytes)

     Virtual frames (innermost first):
        0 - frame( sp=0x000000030c78f530, unextended_sp=0x000000030c78f530, fp=0x0000000001494fe6, pc=0x0000000114cf278c)
java.util.HashMap.getNode(HashMap.java:573) - invokevirtual @ bci 59 
     Created vframeArray 0x00007fe28e057620
DEOPT UNPACKING thread 0x00007fe28e009000 vframeArray 0x00007fe28e057620 mode 2
     {method} {0x00000001117c3628} &apos;getNode&apos; &apos;(ILjava/lang/Object;)Ljava/util/HashMap$Node;&apos; in &apos;java/util/HashMap&apos; - invokevirtual @ bci 59 sp = 0x000000030c78f4d0
<uncommon_trap thread='9987' reason='class_check' action='maybe_recompile' compile_id='280' compiler='C2' stamp='2.835'>
Uncommon trap occurred in java.net.URL::&lt;init&gt; (@0x0000000114d38be0) thread=9987 reason=class_check action=maybe_recompile unloaded_class_index=-1
<jvms bci='504' method='java/net/URL &lt;init&gt; (Ljava/net/URL;Ljava/lang/String;Ljava/net/URLStreamHandler;)V' bytes='543' count='4' backedge_count='10' iicount='4'/>
</uncommon_trap>
DEOPT PACKING thread 0x00007fe28e009000 Compiled frame (sp=0x000000030c78f720 unextended sp=0x000000030c78f720, fp=0x00000000f2ab7ea5, real_fp=0x000000030c78f790, pc=0x0000000114d38be0)
     nmethod   2834  280   !         java.net.URL::&lt;init&gt; (543 bytes)

     Virtual frames (innermost first):
        0 - frame( sp=0x000000030c78f720, unextended_sp=0x000000030c78f720, fp=0x00000000f2ab7ea5, pc=0x0000000114d38be0)
java.net.URL.&lt;init&gt;(URL.java:640) - invokevirtual @ bci 504 
     Created vframeArray 0x00007fe28d811020
DEOPT UNPACKING thread 0x00007fe28e009000 vframeArray 0x00007fe28d811020 mode 2
     {method} {0x0000000111753008} &apos;&lt;init&gt;&apos; &apos;(Ljava/net/URL;Ljava/lang/String;Ljava/net/URLStreamHandler;)V&apos; in &apos;java/net/URL&apos; - invokevirtual @ bci 504 sp = 0x000000030c78f6a8
<dependency_failed type='abstract_with_unique_concrete_subtype' ctxk='sun/misc/Resource' x='sun/misc/URLClassPath$FileLoader$1' witness='sun/misc/URLClassPath$JarLoader$2' stamp='2.836'/>
<dependency_failed type='abstract_with_unique_concrete_subtype' ctxk='sun/misc/Resource' x='sun/misc/URLClassPath$FileLoader$1' witness='sun/misc/URLClassPath$JarLoader$2' stamp='2.836'/>
<dependency_failed type='abstract_with_unique_concrete_subtype' ctxk='sun/misc/Resource' x='sun/misc/URLClassPath$FileLoader$1' witness='sun/misc/URLClassPath$JarLoader$2' stamp='2.836'/>
<dependency_failed type='abstract_with_unique_concrete_subtype' ctxk='sun/misc/Resource' x='sun/misc/URLClassPath$FileLoader$1' witness='sun/misc/URLClassPath$JarLoader$2' stamp='2.836'/>
<dependency_failed type='abstract_with_unique_concrete_subtype' ctxk='sun/misc/Resource' x='sun/misc/URLClassPath$FileLoader$1' witness='sun/misc/URLClassPath$JarLoader$2' stamp='2.836'/>
<dependency_failed type='abstract_with_unique_concrete_subtype' ctxk='sun/misc/Resource' x='sun/misc/URLClassPath$FileLoader$1' witness='sun/misc/URLClassPath$JarLoader$2' stamp='2.836'/>
<dependency_failed type='abstract_with_unique_concrete_subtype' ctxk='sun/misc/Resource' x='sun/misc/URLClassPath$FileLoader$1' witness='sun/misc/URLClassPath$JarLoader$2' stamp='2.836'/>
<dependency_failed type='abstract_with_unique_concrete_subtype' ctxk='sun/misc/Resource' x='sun/misc/URLClassPath$FileLoader$1' witness='sun/misc/URLClassPath$JarLoader$2' stamp='2.836'/>
<dependency_failed type='abstract_with_unique_concrete_subtype' ctxk='sun/misc/Resource' x='sun/misc/URLClassPath$FileLoader$1' witness='sun/misc/URLClassPath$JarLoader$2' stamp='2.836'/>
<dependency_failed type='abstract_with_unique_concrete_subtype' ctxk='sun/misc/Resource' x='sun/misc/URLClassPath$FileLoader$1' witness='sun/misc/URLClassPath$JarLoader$2' stamp='2.836'/>
<dependency_failed type='abstract_with_unique_concrete_subtype' ctxk='sun/misc/Resource' x='sun/misc/URLClassPath$FileLoader$1' witness='sun/misc/URLClassPath$JarLoader$2' stamp='2.837'/>
<dependency_failed type='abstract_with_unique_concrete_subtype' ctxk='sun/misc/Resource' x='sun/misc/URLClassPath$FileLoader$1' witness='sun/misc/URLClassPath$JarLoader$2' stamp='2.837'/>
<dependency_failed type='abstract_with_unique_concrete_subtype' ctxk='sun/misc/Resource' x='sun/misc/URLClassPath$FileLoader$1' witness='sun/misc/URLClassPath$JarLoader$2' stamp='2.837'/>
SAVED OOP RESULT 0x0000000795648638 in thread 0x00007fe28e009000
DEOPT PACKING thread 0x00007fe28e009000 Deoptimized frame (sp=0x000000030c78f860 unextended sp=0x000000030c78f860, fp=0x0000000795643a30, real_fp=0x000000030c78f8a0, pc=0x0000000114d3f228)
     nmethod   2839  300   !         sun.misc.URLClassPath$JarLoader::getResource (85 bytes)

     Virtual frames (innermost first):
        0 - frame( sp=0x000000030c78f860, unextended_sp=0x000000030c78f860, fp=0x0000000795643a30, pc=0x0000000114d3f228)
sun.misc.URLClassPath$JarLoader.getResource(URLClassPath.java:1070) - invokevirtual @ bci 54 
     Created vframeArray 0x00007fe27c008220
DEOPT UNPACKING thread 0x00007fe28e009000 vframeArray 0x00007fe27c008220 mode 0
     {method} {0x0000000111928c28} &apos;getResource&apos; &apos;(Ljava/lang/String;Z)Lsun/misc/Resource;&apos; in &apos;sun/misc/URLClassPath$JarLoader&apos; - invokevirtual @ bci 54 sp = 0x000000030c78f828
SAVED OOP RESULT 0x0000000795648638 in thread 0x00007fe28e009000
DEOPT PACKING thread 0x00007fe28e009000 Deoptimized frame (sp=0x000000030c78f8a0 unextended sp=0x000000030c78f8a0, fp=0x0000000000000001, real_fp=0x000000030c78f8f0, pc=0x0000000114d34010)
     nmethod   2839  276             sun.misc.URLClassPath::getResource (83 bytes)

     Virtual frames (innermost first):
        0 - frame( sp=0x000000030c78f8a0, unextended_sp=0x000000030c78f8a0, fp=0x0000000000000001, pc=0x0000000114d34010)
sun.misc.URLClassPath.getResource(URLClassPath.java:250) - invokevirtual @ bci 62 
     Created vframeArray 0x00007fe28e057620
DEOPT UNPACKING thread 0x00007fe28e009000 vframeArray 0x00007fe28e057620 mode 0
     {method} {0x00000001118f4d10} &apos;getResource&apos; &apos;(Ljava/lang/String;Z)Lsun/misc/Resource;&apos; in &apos;sun/misc/URLClassPath&apos; - invokevirtual @ bci 62 sp = 0x000000030c78f868
SAVED OOP RESULT 0x0000000795648638 in thread 0x00007fe28e009000
DEOPT PACKING thread 0x00007fe28e009000 Deoptimized frame (sp=0x000000030c78f8f0 unextended sp=0x000000030c78f8f0, fp=0x00000007956428d0, real_fp=0x000000030c78f920, pc=0x0000000114d45aac)
     nmethod   2840  315   !         java.net.URLClassLoader$1::run (81 bytes)

     Virtual frames (innermost first):
        0 - frame( sp=0x000000030c78f8f0, unextended_sp=0x000000030c78f8f0, fp=0x00000007956428d0, pc=0x0000000114d45aac)
java.net.URLClassLoader$1.run(URLClassLoader.java:366) - invokevirtual @ bci 26 
     Created vframeArray 0x00007fe28d062c20
DEOPT UNPACKING thread 0x00007fe28e009000 vframeArray 0x00007fe28d062c20 mode 0
     {method} {0x0000000111924500} &apos;run&apos; &apos;()Ljava/lang/Class;&apos; in &apos;java/net/URLClassLoader$1&apos; - invokevirtual @ bci 26 sp = 0x000000030c78f8b0
<uncommon_trap thread='9987' reason='class_check' action='maybe_recompile' compile_id='149' compiler='C2' stamp='3.124'>
Uncommon trap occurred in java.util.HashMap::putVal (@0x0000000114cf3e4c) thread=9987 reason=class_check action=maybe_recompile unloaded_class_index=-1
<jvms bci='152' method='java/util/HashMap putVal (ILjava/lang/Object;Ljava/lang/Object;ZZ)Ljava/lang/Object;' bytes='300' count='5' backedge_count='1' iicount='14'/>
</uncommon_trap>
DEOPT PACKING thread 0x00007fe28e009000 Compiled frame (sp=0x000000030c78f280 unextended sp=0x000000030c78f280, fp=0x00000007c001cf10, real_fp=0x000000030c78f330, pc=0x0000000114cf3e4c)
     nmethod   3123  149             java.util.HashMap::putVal (300 bytes)

     Virtual frames (innermost first):
        0 - frame( sp=0x000000030c78f280, unextended_sp=0x000000030c78f280, fp=0x00000007c001cf10, pc=0x0000000114cf3e4c)
java.util.HashMap.putVal(HashMap.java:643) - invokevirtual @ bci 152 
     Created vframeArray 0x00007fe28d840820
DEOPT UNPACKING thread 0x00007fe28e009000 vframeArray 0x00007fe28d840820 mode 2
     {method} {0x00000001117c3a98} &apos;putVal&apos; &apos;(ILjava/lang/Object;Ljava/lang/Object;ZZ)Ljava/lang/Object;&apos; in &apos;java/util/HashMap&apos; - invokevirtual @ bci 152 sp = 0x000000030c78f248
<uncommon_trap thread='9987' reason='bimorphic' action='maybe_recompile' compile_id='333' compiler='C2' state='class_check recompiled' stamp='3.136'>
Uncommon trap occurred in java.util.HashMap::getNode (@0x0000000114d4cab4) thread=9987 reason=bimorphic action=maybe_recompile unloaded_class_index=-1
<jvms bci='59' method='java/util/HashMap getNode (ILjava/lang/Object;)Ljava/util/HashMap$Node;' bytes='148' count='6' backedge_count='1' iicount='39' decompiles='1' class_check_traps='4'/>
</uncommon_trap>
DEOPT PACKING thread 0x00007fe28e009000 Compiled frame (sp=0x000000030c78f4f0 unextended sp=0x000000030c78f4f0, fp=0x00000000f59c21e1, real_fp=0x000000030c78f540, pc=0x0000000114d4cab4)
     nmethod   3136  333             java.util.HashMap::getNode (148 bytes)

     Virtual frames (innermost first):
        0 - frame( sp=0x000000030c78f4f0, unextended_sp=0x000000030c78f4f0, fp=0x00000000f59c21e1, pc=0x0000000114d4cab4)
java.util.HashMap.getNode(HashMap.java:573) - invokevirtual @ bci 59 
     Created vframeArray 0x00007fe28e811620
DEOPT UNPACKING thread 0x00007fe28e009000 vframeArray 0x00007fe28e811620 mode 2
     {method} {0x00000001117c3628} &apos;getNode&apos; &apos;(ILjava/lang/Object;)Ljava/util/HashMap$Node;&apos; in &apos;java/util/HashMap&apos; - invokevirtual @ bci 59 sp = 0x000000030c78f4a0
<uncommon_trap thread='9987' reason='bimorphic' action='maybe_recompile' compile_id='333' compiler='C2' count='1' state='#15' stamp='3.138'>
Uncommon trap occurred in java.util.HashMap::getNode (@0x0000000114d4cab4) thread=9987 reason=bimorphic action=maybe_recompile unloaded_class_index=-1
<jvms bci='59' method='java/util/HashMap getNode (ILjava/lang/Object;)Ljava/util/HashMap$Node;' bytes='148' count='6' backedge_count='1' iicount='39' decompiles='1' class_check_traps='4' bimorphic_traps='1'/>
</uncommon_trap>
DEOPT PACKING thread 0x00007fe28e009000 Compiled frame (sp=0x000000030c78f4f0 unextended sp=0x000000030c78f4f0, fp=0x000000006499bd24, real_fp=0x000000030c78f540, pc=0x0000000114d4cab4)
     nmethod   3137  333             java.util.HashMap::getNode (148 bytes)

     Virtual frames (innermost first):
        0 - frame( sp=0x000000030c78f4f0, unextended_sp=0x000000030c78f4f0, fp=0x000000006499bd24, pc=0x0000000114d4cab4)
java.util.HashMap.getNode(HashMap.java:573) - invokevirtual @ bci 59 
     Created vframeArray 0x00007fe28d840820
DEOPT UNPACKING thread 0x00007fe28e009000 vframeArray 0x00007fe28d840820 mode 2
     {method} {0x00000001117c3628} &apos;getNode&apos; &apos;(ILjava/lang/Object;)Ljava/util/HashMap$Node;&apos; in &apos;java/util/HashMap&apos; - invokevirtual @ bci 59 sp = 0x000000030c78f4a0
<uncommon_trap thread='9987' reason='null_check' action='make_not_entrant' compile_id='375' compiler='C2' stamp='3.410'>
Uncommon trap occurred in java.security.SecureClassLoader::getProtectionDomain (@0x0000000114d2125c) thread=9987 reason=null_check action=make_not_entrant unloaded_class_index=-1
<jvms bci='23' method='java/security/SecureClassLoader getProtectionDomain (Ljava/security/CodeSource;)Ljava/security/ProtectionDomain;' bytes='114' count='5' backedge_count='1' iicount='10'/>
</uncommon_trap>
DEOPT PACKING thread 0x00007fe28e009000 Compiled frame (sp=0x000000030c78f6e0 unextended sp=0x000000030c78f6e0, fp=0x00000007955c4f70, real_fp=0x000000030c78f720, pc=0x0000000114d2125c)
     nmethod   3411  375   !         java.security.SecureClassLoader::getProtectionDomain (114 bytes)

     Virtual frames (innermost first):
        0 - frame( sp=0x000000030c78f6e0, unextended_sp=0x000000030c78f6e0, fp=0x00000007955c4f70, pc=0x0000000114d2125c)
java.security.SecureClassLoader.getProtectionDomain(SecureClassLoader.java:204) - checkcast @ bci 23 
     Created vframeArray 0x00007fe23c808220
DEOPT UNPACKING thread 0x00007fe28e009000 vframeArray 0x00007fe23c808220 mode 2
     {method} {0x00000001116d8898} &apos;getProtectionDomain&apos; &apos;(Ljava/security/CodeSource;)Ljava/security/ProtectionDomain;&apos; in &apos;java/security/SecureClassLoader&apos; - checkcast @ bci 23 sp = 0x000000030c78f688
<uncommon_trap thread='9987' reason='null_check' action='make_not_entrant' compile_id='378' compiler='C2' stamp='3.438'>
Uncommon trap occurred in java.lang.ClassLoader::checkCerts (@0x0000000114d6e05c) thread=9987 reason=null_check action=make_not_entrant unloaded_class_index=-1
<jvms bci='141' method='java/lang/ClassLoader checkCerts (Ljava/lang/String;Ljava/security/CodeSource;)V' bytes='195' count='5' backedge_count='1' iicount='10'/>
</uncommon_trap>
DEOPT PACKING thread 0x00007fe28e009000 Compiled frame (sp=0x000000030c78f640 unextended sp=0x000000030c78f640, fp=0x00000007955c4f70, real_fp=0x000000030c78f6a0, pc=0x0000000114d6e05c)
     nmethod   3438  378   !         java.lang.ClassLoader::checkCerts (195 bytes)

     Virtual frames (innermost first):
        0 - frame( sp=0x000000030c78f640, unextended_sp=0x000000030c78f640, fp=0x00000007955c4f70, pc=0x0000000114d6e05c)
java.lang.ClassLoader.checkCerts(ClassLoader.java:888) - checkcast @ bci 141 
     Created vframeArray 0x00007fe23c008820
DEOPT UNPACKING thread 0x00007fe28e009000 vframeArray 0x00007fe23c008820 mode 2
     {method} {0x00000001116c4e28} &apos;checkCerts&apos; &apos;(Ljava/lang/String;Ljava/security/CodeSource;)V&apos; in &apos;java/lang/ClassLoader&apos; - checkcast @ bci 141 sp = 0x000000030c78f600
<uncommon_trap thread='9987' reason='class_check' action='maybe_recompile' compile_id='280' compiler='C2' count='1' state='class_check' stamp='3.536'>
Uncommon trap occurred in java.net.URL::&lt;init&gt; (@0x0000000114d38be0) thread=9987 reason=class_check action=maybe_recompile unloaded_class_index=-1
<jvms bci='504' method='java/net/URL &lt;init&gt; (Ljava/net/URL;Ljava/lang/String;Ljava/net/URLStreamHandler;)V' bytes='543' count='2' backedge_count='10' iicount='4' class_check_traps='1'/>
</uncommon_trap>
DEOPT PACKING thread 0x00007fe28e009000 Compiled frame (sp=0x000000030c78f130 unextended sp=0x000000030c78f130, fp=0x00000000f2ab7ea5, real_fp=0x000000030c78f1a0, pc=0x0000000114d38be0)
     nmethod   3535  280   !         java.net.URL::&lt;init&gt; (543 bytes)

     Virtual frames (innermost first):
        0 - frame( sp=0x000000030c78f130, unextended_sp=0x000000030c78f130, fp=0x00000000f2ab7ea5, pc=0x0000000114d38be0)
java.net.URL.&lt;init&gt;(URL.java:640) - invokevirtual @ bci 504 
     Created vframeArray 0x00007fe28d062a20
DEOPT UNPACKING thread 0x00007fe28e009000 vframeArray 0x00007fe28d062a20 mode 2
     {method} {0x0000000111753008} &apos;&lt;init&gt;&apos; &apos;(Ljava/net/URL;Ljava/lang/String;Ljava/net/URLStreamHandler;)V&apos; in &apos;java/net/URL&apos; - invokevirtual @ bci 504 sp = 0x000000030c78f0b8
<uncommon_trap thread='9987' reason='bimorphic' action='maybe_recompile' compile_id='333' compiler='C2' count='2' state='#15' stamp='3.620'>
Uncommon trap occurred in java.util.HashMap::getNode (@0x0000000114d4cab4) thread=9987 reason=bimorphic action=maybe_recompile unloaded_class_index=-1
<jvms bci='59' method='java/util/HashMap getNode (ILjava/lang/Object;)Ljava/util/HashMap$Node;' bytes='148' count='6' backedge_count='1' iicount='39' decompiles='1' class_check_traps='4' bimorphic_traps='2'/>
</uncommon_trap>
DEOPT PACKING thread 0x00007fe28e009000 Compiled frame (sp=0x000000030c78eff0 unextended sp=0x000000030c78eff0, fp=0x00000000f59c21e1, real_fp=0x000000030c78f040, pc=0x0000000114d4cab4)
     nmethod   3620  333             java.util.HashMap::getNode (148 bytes)

     Virtual frames (innermost first):
        0 - frame( sp=0x000000030c78eff0, unextended_sp=0x000000030c78eff0, fp=0x00000000f59c21e1, pc=0x0000000114d4cab4)
java.util.HashMap.getNode(HashMap.java:573) - invokevirtual @ bci 59 
     Created vframeArray 0x00007fe28e811620
DEOPT UNPACKING thread 0x00007fe28e009000 vframeArray 0x00007fe28e811620 mode 2
     {method} {0x00000001117c3628} &apos;getNode&apos; &apos;(ILjava/lang/Object;)Ljava/util/HashMap$Node;&apos; in &apos;java/util/HashMap&apos; - invokevirtual @ bci 59 sp = 0x000000030c78efa0
<uncommon_trap thread='9987' reason='bimorphic' action='maybe_recompile' compile_id='333' compiler='C2' count='3' state='#15' stamp='3.622'>
Uncommon trap occurred in java.util.HashMap::getNode (@0x0000000114d4cab4) thread=9987 reason=bimorphic action=maybe_recompile unloaded_class_index=-1
<jvms bci='59' method='java/util/HashMap getNode (ILjava/lang/Object;)Ljava/util/HashMap$Node;' bytes='148' count='6' backedge_count='1' iicount='39' decompiles='1' class_check_traps='4' bimorphic_traps='3'/>
</uncommon_trap>
DEOPT PACKING thread 0x00007fe28e009000 Compiled frame (sp=0x000000030c78eff0 unextended sp=0x000000030c78eff0, fp=0x000000006499bd24, real_fp=0x000000030c78f040, pc=0x0000000114d4cab4)
     nmethod   3622  333             java.util.HashMap::getNode (148 bytes)

     Virtual frames (innermost first):
        0 - frame( sp=0x000000030c78eff0, unextended_sp=0x000000030c78eff0, fp=0x000000006499bd24, pc=0x0000000114d4cab4)
java.util.HashMap.getNode(HashMap.java:573) - invokevirtual @ bci 59 
     Created vframeArray 0x00007fe28e057620
DEOPT UNPACKING thread 0x00007fe28e009000 vframeArray 0x00007fe28e057620 mode 2
     {method} {0x00000001117c3628} &apos;getNode&apos; &apos;(ILjava/lang/Object;)Ljava/util/HashMap$Node;&apos; in &apos;java/util/HashMap&apos; - invokevirtual @ bci 59 sp = 0x000000030c78efa0
<uncommon_trap thread='9987' reason='class_check' action='maybe_recompile' compile_id='438' compiler='C2' stamp='3.628'>
Uncommon trap occurred in sun.misc.Resource::getBytes (@0x0000000114d8b80c) thread=9987 reason=class_check action=maybe_recompile unloaded_class_index=-1
<jvms bci='10' method='sun/misc/Resource getBytes ()[B' bytes='242' count='5' backedge_count='10' iicount='5' decompiles='1'/>
</uncommon_trap>
DEOPT PACKING thread 0x00007fe28e009000 Compiled frame (sp=0x000000030c78f140 unextended sp=0x000000030c78f140, fp=0x00000007956615c8, real_fp=0x000000030c78f190, pc=0x0000000114d8b80c)
     nmethod   3627  438   !         sun.misc.Resource::getBytes (242 bytes)

     Virtual frames (innermost first):
        0 - frame( sp=0x000000030c78f140, unextended_sp=0x000000030c78f140, fp=0x00000007956615c8, pc=0x0000000114d8b80c)
sun.misc.Resource.getBytes(Resource.java:100) - invokevirtual @ bci 10 
     Created vframeArray 0x00007fe28d840820
DEOPT UNPACKING thread 0x00007fe28e009000 vframeArray 0x00007fe28d840820 mode 2
     {method} {0x000000011198b3c0} &apos;getBytes&apos; &apos;()[B&apos; in &apos;sun/misc/Resource&apos; - invokevirtual @ bci 10 sp = 0x000000030c78f0e8
<uncommon_trap thread='9987' reason='bimorphic' action='maybe_recompile' compile_id='457' compiler='C2' stamp='3.666'>
Uncommon trap occurred in java.util.concurrent.ConcurrentHashMap::get (@0x0000000114d8f320) thread=9987 reason=bimorphic action=maybe_recompile unloaded_class_index=-1
<jvms bci='1' method='java/util/concurrent/ConcurrentHashMap get (Ljava/lang/Object;)Ljava/lang/Object;' bytes='162' count='5' backedge_count='1' iicount='22'/>
</uncommon_trap>
DEOPT PACKING thread 0x00007fe28e009000 Compiled frame (sp=0x000000030c7906c0 unextended sp=0x000000030c7906c0, fp=0x000000079566c3b0, real_fp=0x000000030c790700, pc=0x0000000114d8f320)
     nmethod   3666  457             java.util.concurrent.ConcurrentHashMap::get (162 bytes)

     Virtual frames (innermost first):
        0 - frame( sp=0x000000030c7906c0, unextended_sp=0x000000030c7906c0, fp=0x000000079566c3b0, pc=0x0000000114d8f320)
java.util.concurrent.ConcurrentHashMap.get(ConcurrentHashMap.java:936) - invokevirtual @ bci 1 
     Created vframeArray 0x00007fe28d846220
DEOPT UNPACKING thread 0x00007fe28e009000 vframeArray 0x00007fe28d846220 mode 2
     {method} {0x00000001118c11e8} &apos;get&apos; &apos;(Ljava/lang/Object;)Ljava/lang/Object;&apos; in &apos;java/util/concurrent/ConcurrentHashMap&apos; - invokevirtual @ bci 1 sp = 0x000000030c790670
<uncommon_trap thread='9987' reason='bimorphic' action='maybe_recompile' compile_id='457' compiler='C2' count='1' state='#7' stamp='3.875'>
Uncommon trap occurred in java.util.concurrent.ConcurrentHashMap::get (@0x0000000114d8f320) thread=9987 reason=bimorphic action=maybe_recompile unloaded_class_index=-1
<jvms bci='1' method='java/util/concurrent/ConcurrentHashMap get (Ljava/lang/Object;)Ljava/lang/Object;' bytes='162' count='5' backedge_count='1' iicount='22' bimorphic_traps='1'/>
</uncommon_trap>
DEOPT PACKING thread 0x00007fe28e009000 Compiled frame (sp=0x000000030c790a70 unextended sp=0x000000030c790a70, fp=0x0000000795674180, real_fp=0x000000030c790ab0, pc=0x0000000114d8f320)
     nmethod   3875  457             java.util.concurrent.ConcurrentHashMap::get (162 bytes)

     Virtual frames (innermost first):
        0 - frame( sp=0x000000030c790a70, unextended_sp=0x000000030c790a70, fp=0x0000000795674180, pc=0x0000000114d8f320)
java.util.concurrent.ConcurrentHashMap.get(ConcurrentHashMap.java:936) - invokevirtual @ bci 1 
     Created vframeArray 0x00007fe28e057620
DEOPT UNPACKING thread 0x00007fe28e009000 vframeArray 0x00007fe28e057620 mode 2
     {method} {0x00000001118c11e8} &apos;get&apos; &apos;(Ljava/lang/Object;)Ljava/lang/Object;&apos; in &apos;java/util/concurrent/ConcurrentHashMap&apos; - invokevirtual @ bci 1 sp = 0x000000030c790a20
<uncommon_trap thread='9987' reason='bimorphic' action='maybe_recompile' compile_id='457' compiler='C2' count='2' state='#7' stamp='3.938'>
Uncommon trap occurred in java.util.concurrent.ConcurrentHashMap::get (@0x0000000114d8f320) thread=9987 reason=bimorphic action=maybe_recompile unloaded_class_index=-1
<jvms bci='1' method='java/util/concurrent/ConcurrentHashMap get (Ljava/lang/Object;)Ljava/lang/Object;' bytes='162' count='5' backedge_count='1' iicount='22' bimorphic_traps='2'/>
</uncommon_trap>
DEOPT PACKING thread 0x00007fe28e009000 Compiled frame (sp=0x000000030c7904b0 unextended sp=0x000000030c7904b0, fp=0x000000079566c3b0, real_fp=0x000000030c7904f0, pc=0x0000000114d8f320)
     nmethod   3937  457             java.util.concurrent.ConcurrentHashMap::get (162 bytes)

     Virtual frames (innermost first):
        0 - frame( sp=0x000000030c7904b0, unextended_sp=0x000000030c7904b0, fp=0x000000079566c3b0, pc=0x0000000114d8f320)
java.util.concurrent.ConcurrentHashMap.get(ConcurrentHashMap.java:936) - invokevirtual @ bci 1 
     Created vframeArray 0x00007fe23c808220
DEOPT UNPACKING thread 0x00007fe28e009000 vframeArray 0x00007fe23c808220 mode 2
     {method} {0x00000001118c11e8} &apos;get&apos; &apos;(Ljava/lang/Object;)Ljava/lang/Object;&apos; in &apos;java/util/concurrent/ConcurrentHashMap&apos; - invokevirtual @ bci 1 sp = 0x000000030c790460
<uncommon_trap thread='9987' reason='bimorphic' action='maybe_recompile' compile_id='457' compiler='C2' count='3' state='#7' stamp='3.980'>
Uncommon trap occurred in java.util.concurrent.ConcurrentHashMap::get (@0x0000000114d8f320) thread=9987 reason=bimorphic action=maybe_recompile unloaded_class_index=-1
<jvms bci='1' method='java/util/concurrent/ConcurrentHashMap get (Ljava/lang/Object;)Ljava/lang/Object;' bytes='162' count='5' backedge_count='1' iicount='22' bimorphic_traps='3'/>
</uncommon_trap>
DEOPT PACKING thread 0x00007fe28e009000 Compiled frame (sp=0x000000030c790350 unextended sp=0x000000030c790350, fp=0x000000079566c3b0, real_fp=0x000000030c790390, pc=0x0000000114d8f320)
     nmethod   3980  457             java.util.concurrent.ConcurrentHashMap::get (162 bytes)

     Virtual frames (innermost first):
        0 - frame( sp=0x000000030c790350, unextended_sp=0x000000030c790350, fp=0x000000079566c3b0, pc=0x0000000114d8f320)
java.util.concurrent.ConcurrentHashMap.get(ConcurrentHashMap.java:936) - invokevirtual @ bci 1 
     Created vframeArray 0x00007fe28c052620
DEOPT UNPACKING thread 0x00007fe28e009000 vframeArray 0x00007fe28c052620 mode 2
     {method} {0x00000001118c11e8} &apos;get&apos; &apos;(Ljava/lang/Object;)Ljava/lang/Object;&apos; in &apos;java/util/concurrent/ConcurrentHashMap&apos; - invokevirtual @ bci 1 sp = 0x000000030c790300
<uncommon_trap thread='9987' reason='uninitialized' action='reinterpret' compile_id='514' compiler='C2' stamp='4.386'>
Uncommon trap occurred in java.lang.invoke.LambdaForm::argument (@0x0000000114da7930) thread=9987 reason=uninitialized action=reinterpret unloaded_class_index=-1
<jvms bci='16' method='java/lang/invoke/LambdaForm argument (ILjava/lang/invoke/LambdaForm$BasicType;)Ljava/lang/invoke/LambdaForm$Name;' bytes='27' count='5' backedge_count='1' iicount='10'/>
</uncommon_trap>
DEOPT PACKING thread 0x00007fe28e009000 Compiled frame (sp=0x000000030c78fa50 unextended sp=0x000000030c78fa50, fp=0x0000000000000000, real_fp=0x000000030c78fa80, pc=0x0000000114da7930)
     nmethod   4386  514             java.lang.invoke.LambdaForm::argument (27 bytes)

     Virtual frames (innermost first):
        0 - frame( sp=0x000000030c78fa50, unextended_sp=0x000000030c78fa50, fp=0x0000000000000000, pc=0x0000000114da7930)
java.lang.invoke.LambdaForm.argument(LambdaForm.java:1649) - getstatic @ bci 16 
     Created vframeArray 0x00007fe28e057620
DEOPT UNPACKING thread 0x00007fe28e009000 vframeArray 0x00007fe28e057620 mode 2
     {method} {0x0000000111724a10} &apos;argument&apos; &apos;(ILjava/lang/invoke/LambdaForm$BasicType;)Ljava/lang/invoke/LambdaForm$Name;&apos; in &apos;java/lang/invoke/LambdaForm&apos; - getstatic @ bci 16 sp = 0x000000030c78fa30
<uncommon_trap thread='9987' reason='uninitialized' action='reinterpret' compile_id='513' compiler='C2' stamp='4.388'>
Uncommon trap occurred in java.lang.invoke.LambdaForm::normalize (@0x0000000114dad2d4) thread=9987 reason=uninitialized action=reinterpret unloaded_class_index=-1
<jvms bci='176' method='java/lang/invoke/LambdaForm normalize ()I' bytes='322' count='3' backedge_count='9' iicount='3'/>
</uncommon_trap>
DEOPT PACKING thread 0x00007fe28e009000 Compiled frame (sp=0x000000030c78f900 unextended sp=0x000000030c78f900, fp=0x0000000795678350, real_fp=0x000000030c78f990, pc=0x0000000114dad2d4)
     nmethod   4388  513             java.lang.invoke.LambdaForm::normalize (322 bytes)

     Virtual frames (innermost first):
        0 - frame( sp=0x000000030c78f900, unextended_sp=0x000000030c78f900, fp=0x0000000795678350, pc=0x0000000114dad2d4)
java.lang.invoke.LambdaForm.normalize(LambdaForm.java:431) - getstatic @ bci 176 
     Created vframeArray 0x00007fe28d846220
DEOPT UNPACKING thread 0x00007fe28e009000 vframeArray 0x00007fe28d846220 mode 2
     {method} {0x0000000111720d08} &apos;normalize&apos; &apos;()I&apos; in &apos;java/lang/invoke/LambdaForm&apos; - getstatic @ bci 176 sp = 0x000000030c78f900
<uncommon_trap thread='9987' reason='uninitialized' action='reinterpret' compile_id='533' compiler='C2' count='1' stamp='4.493'>
Uncommon trap occurred in java.lang.invoke.LambdaForm::argument (@0x0000000114daee5c) thread=9987 reason=uninitialized action=reinterpret unloaded_class_index=-1
<jvms bci='16' method='java/lang/invoke/LambdaForm argument (ILjava/lang/invoke/LambdaForm$BasicType;)Ljava/lang/invoke/LambdaForm$Name;' bytes='27' count='5' backedge_count='1' iicount='18' decompiles='1' uninitialized_traps='1'/>
</uncommon_trap>
DEOPT PACKING thread 0x00007fe28e009000 Compiled frame (sp=0x000000030c78fa50 unextended sp=0x000000030c78fa50, fp=0x0000000000000001, real_fp=0x000000030c78fa80, pc=0x0000000114daee5c)
     nmethod   4493  533             java.lang.invoke.LambdaForm::argument (27 bytes)

     Virtual frames (innermost first):
        0 - frame( sp=0x000000030c78fa50, unextended_sp=0x000000030c78fa50, fp=0x0000000000000001, pc=0x0000000114daee5c)
java.lang.invoke.LambdaForm.argument(LambdaForm.java:1649) - getstatic @ bci 16 
     Created vframeArray 0x00007fe28c052620
DEOPT UNPACKING thread 0x00007fe28e009000 vframeArray 0x00007fe28c052620 mode 2
     {method} {0x0000000111724a10} &apos;argument&apos; &apos;(ILjava/lang/invoke/LambdaForm$BasicType;)Ljava/lang/invoke/LambdaForm$Name;&apos; in &apos;java/lang/invoke/LambdaForm&apos; - getstatic @ bci 16 sp = 0x000000030c78fa30
<uncommon_trap thread='9987' reason='uninitialized' action='reinterpret' compile_id='535' compiler='C2' stamp='4.537'>
Uncommon trap occurred in java.lang.invoke.LambdaForm::internArgument (@0x0000000114daeb3c) thread=9987 reason=uninitialized action=reinterpret unloaded_class_index=-1
<jvms bci='0' method='java/lang/invoke/LambdaForm internArgument (Ljava/lang/invoke/LambdaForm$Name;)Ljava/lang/invoke/LambdaForm$Name;' bytes='84' count='5' backedge_count='1' iicount='10'/>
</uncommon_trap>
DEOPT PACKING thread 0x00007fe28e009000 Compiled frame (sp=0x000000030c78f8d0 unextended sp=0x000000030c78f8d0, fp=0x0000000795676490, real_fp=0x000000030c78f8f0, pc=0x0000000114daeb3c)
     nmethod   4537  535             java.lang.invoke.LambdaForm::internArgument (84 bytes)

     Virtual frames (innermost first):
        0 - frame( sp=0x000000030c78f8d0, unextended_sp=0x000000030c78f8d0, fp=0x0000000795676490, pc=0x0000000114daeb3c)
java.lang.invoke.LambdaForm.internArgument(LambdaForm.java:1652) - getstatic @ bci 0 
     Created vframeArray 0x00007fe28d066a20
DEOPT UNPACKING thread 0x00007fe28e009000 vframeArray 0x00007fe28d066a20 mode 2
     {method} {0x0000000111724b18} &apos;internArgument&apos; &apos;(Ljava/lang/invoke/LambdaForm$Name;)Ljava/lang/invoke/LambdaForm$Name;&apos; in &apos;java/lang/invoke/LambdaForm&apos; - getstatic @ bci 0 sp = 0x000000030c78f8a0
<uncommon_trap thread='9987' reason='uninitialized' action='reinterpret' compile_id='534' compiler='C2' count='1' stamp='4.540'>
Uncommon trap occurred in java.lang.invoke.LambdaForm::normalize (@0x0000000114db3b00) thread=9987 reason=uninitialized action=reinterpret unloaded_class_index=-1
<jvms bci='176' method='java/lang/invoke/LambdaForm normalize ()I' bytes='322' count='4' backedge_count='9' iicount='6' decompiles='1' uninitialized_traps='1'/>
</uncommon_trap>
DEOPT PACKING thread 0x00007fe28e009000 Compiled frame (sp=0x000000030c78f900 unextended sp=0x000000030c78f900, fp=0x0000000795679840, real_fp=0x000000030c78f990, pc=0x0000000114db3b00)
     nmethod   4540  534             java.lang.invoke.LambdaForm::normalize (322 bytes)

     Virtual frames (innermost first):
        0 - frame( sp=0x000000030c78f900, unextended_sp=0x000000030c78f900, fp=0x0000000795679840, pc=0x0000000114db3b00)
java.lang.invoke.LambdaForm.normalize(LambdaForm.java:431) - getstatic @ bci 176 
     Created vframeArray 0x00007fe28d846220
DEOPT UNPACKING thread 0x00007fe28e009000 vframeArray 0x00007fe28d846220 mode 2
     {method} {0x0000000111720d08} &apos;normalize&apos; &apos;()I&apos; in &apos;java/lang/invoke/LambdaForm&apos; - getstatic @ bci 176 sp = 0x000000030c78f900
<uncommon_trap thread='9987' reason='uninitialized' action='reinterpret' compile_id='542' compiler='C2' count='2' stamp='4.557'>
Uncommon trap occurred in java.lang.invoke.LambdaForm::argument (@0x0000000114db0aac) thread=9987 reason=uninitialized action=reinterpret unloaded_class_index=-1
<jvms bci='16' method='java/lang/invoke/LambdaForm argument (ILjava/lang/invoke/LambdaForm$BasicType;)Ljava/lang/invoke/LambdaForm$Name;' bytes='27' count='5' backedge_count='1' iicount='26' decompiles='2' uninitialized_traps='2'/>
</uncommon_trap>
DEOPT PACKING thread 0x00007fe28e009000 Compiled frame (sp=0x000000030c78fa50 unextended sp=0x000000030c78fa50, fp=0x0000000000000000, real_fp=0x000000030c78fa80, pc=0x0000000114db0aac)
     nmethod   4557  542             java.lang.invoke.LambdaForm::argument (27 bytes)

     Virtual frames (innermost first):
        0 - frame( sp=0x000000030c78fa50, unextended_sp=0x000000030c78fa50, fp=0x0000000000000000, pc=0x0000000114db0aac)
java.lang.invoke.LambdaForm.argument(LambdaForm.java:1649) - getstatic @ bci 16 
     Created vframeArray 0x00007fe28d840820
DEOPT UNPACKING thread 0x00007fe28e009000 vframeArray 0x00007fe28d840820 mode 2
     {method} {0x0000000111724a10} &apos;argument&apos; &apos;(ILjava/lang/invoke/LambdaForm$BasicType;)Ljava/lang/invoke/LambdaForm$Name;&apos; in &apos;java/lang/invoke/LambdaForm&apos; - getstatic @ bci 16 sp = 0x000000030c78fa30
<uncommon_trap thread='9987' reason='uninitialized' action='reinterpret' compile_id='547' compiler='C2' stamp='4.573'>
Uncommon trap occurred in java.lang.invoke.LambdaForm::fixDebugName (@0x0000000114db017c) thread=9987 reason=uninitialized action=reinterpret unloaded_class_index=-1
<jvms bci='0' method='java/lang/invoke/LambdaForm fixDebugName (Ljava/lang/String;)Ljava/lang/String;' bytes='236' count='5' backedge_count='1' iicount='10'/>
</uncommon_trap>
DEOPT PACKING thread 0x00007fe28e009000 Compiled frame (sp=0x000000030c78f9c0 unextended sp=0x000000030c78f9c0, fp=0x000000079567a248, real_fp=0x000000030c78f9e0, pc=0x0000000114db017c)
     nmethod   4573  547   !         java.lang.invoke.LambdaForm::fixDebugName (236 bytes)

     Virtual frames (innermost first):
        0 - frame( sp=0x000000030c78f9c0, unextended_sp=0x000000030c78f9c0, fp=0x000000079567a248, pc=0x0000000114db017c)
java.lang.invoke.LambdaForm.fixDebugName(LambdaForm.java:335) - getstatic @ bci 0 
     Created vframeArray 0x00007fe28d066a20
DEOPT UNPACKING thread 0x00007fe28e009000 vframeArray 0x00007fe28d066a20 mode 2
     {method} {0x00000001117206e0} &apos;fixDebugName&apos; &apos;(Ljava/lang/String;)Ljava/lang/String;&apos; in &apos;java/lang/invoke/LambdaForm&apos; - getstatic @ bci 0 sp = 0x000000030c78f950
<dependency_failed type='abstract_with_unique_concrete_subtype' ctxk='java/lang/invoke/MethodHandle' x='java/lang/invoke/DirectMethodHandle' witness='java/lang/invoke/SimpleMethodHandle' stamp='4.608'/>
<dependency_failed type='abstract_with_unique_concrete_subtype' ctxk='java/lang/invoke/MethodHandle' x='java/lang/invoke/DirectMethodHandle' witness='java/lang/invoke/SimpleMethodHandle' stamp='4.608'/>
<dependency_failed type='abstract_with_unique_concrete_subtype' ctxk='java/lang/invoke/MethodHandle' x='java/lang/invoke/DirectMethodHandle' witness='java/lang/invoke/SimpleMethodHandle' stamp='4.608'/>
<uncommon_trap thread='9987' reason='class_check' action='maybe_recompile' compile_id='549' compiler='C2' stamp='4.748'>
Uncommon trap occurred in java.lang.invoke.MemberName::getMethodType (@0x0000000114db1a38) thread=9987 reason=class_check action=maybe_recompile unloaded_class_index=-1
<jvms bci='39' method='java/lang/invoke/MemberName getMethodType ()Ljava/lang/invoke/MethodType;' bytes='208' count='5' backedge_count='1' iicount='10'/>
</uncommon_trap>
DEOPT PACKING thread 0x00007fe28e009000 Compiled frame (sp=0x000000030c78d280 unextended sp=0x000000030c78d280, fp=0x000000079567e528, real_fp=0x000000030c78d2b0, pc=0x0000000114db1a38)
     nmethod   4748  549   !         java.lang.invoke.MemberName::getMethodType (208 bytes)

     Virtual frames (innermost first):
        0 - frame( sp=0x000000030c78d280, unextended_sp=0x000000030c78d280, fp=0x000000079567e528, pc=0x0000000114db1a38)
java.lang.invoke.MemberName.getMethodType(MemberName.java:135) - instanceof @ bci 39 
     Created vframeArray 0x00007fe28d06b420
DEOPT UNPACKING thread 0x00007fe28e009000 vframeArray 0x00007fe28d06b420 mode 2
     {method} {0x00000001117148a8} &apos;getMethodType&apos; &apos;()Ljava/lang/invoke/MethodType;&apos; in &apos;java/lang/invoke/MemberName&apos; - instanceof @ bci 39 sp = 0x000000030c78d220
<uncommon_trap thread='9987' reason='uninitialized' action='reinterpret' compile_id='587' compiler='C2' count='3' stamp='4.801'>
Uncommon trap occurred in java.lang.invoke.LambdaForm::argument (@0x0000000114dc2db0) thread=9987 reason=uninitialized action=reinterpret unloaded_class_index=-1
<jvms bci='16' method='java/lang/invoke/LambdaForm argument (ILjava/lang/invoke/LambdaForm$BasicType;)Ljava/lang/invoke/LambdaForm$Name;' bytes='27' count='5' backedge_count='1' iicount='34' decompiles='3' uninitialized_traps='3'/>
</uncommon_trap>
DEOPT PACKING thread 0x00007fe28e009000 Compiled frame (sp=0x000000030c78d040 unextended sp=0x000000030c78d040, fp=0x0000000000000001, real_fp=0x000000030c78d070, pc=0x0000000114dc2db0)
     nmethod   4800  587             java.lang.invoke.LambdaForm::argument (27 bytes)

     Virtual frames (innermost first):
        0 - frame( sp=0x000000030c78d040, unextended_sp=0x000000030c78d040, fp=0x0000000000000001, pc=0x0000000114dc2db0)
java.lang.invoke.LambdaForm.argument(LambdaForm.java:1649) - getstatic @ bci 16 
     Created vframeArray 0x00007fe28c052620
DEOPT UNPACKING thread 0x00007fe28e009000 vframeArray 0x00007fe28c052620 mode 2
     {method} {0x0000000111724a10} &apos;argument&apos; &apos;(ILjava/lang/invoke/LambdaForm$BasicType;)Ljava/lang/invoke/LambdaForm$Name;&apos; in &apos;java/lang/invoke/LambdaForm&apos; - getstatic @ bci 16 sp = 0x000000030c78d020
<uncommon_trap thread='9987' reason='uninitialized' action='reinterpret' compile_id='548' compiler='C2' count='2' stamp='4.825'>
Uncommon trap occurred in java.lang.invoke.LambdaForm::normalize (@0x0000000114db8adc) thread=9987 reason=uninitialized action=reinterpret unloaded_class_index=-1
<jvms bci='176' method='java/lang/invoke/LambdaForm normalize ()I' bytes='322' count='4' backedge_count='7' iicount='9' decompiles='2' uninitialized_traps='2'/>
</uncommon_trap>
DEOPT PACKING thread 0x00007fe28e009000 Compiled frame (sp=0x000000030c78cf60 unextended sp=0x000000030c78cf60, fp=0x000000079567fca8, real_fp=0x000000030c78cff0, pc=0x0000000114db8adc)
     nmethod   4825  548             java.lang.invoke.LambdaForm::normalize (322 bytes)

     Virtual frames (innermost first):
        0 - frame( sp=0x000000030c78cf60, unextended_sp=0x000000030c78cf60, fp=0x000000079567fca8, pc=0x0000000114db8adc)
java.lang.invoke.LambdaForm.normalize(LambdaForm.java:431) - getstatic @ bci 176 
     Created vframeArray 0x00007fe28d06b420
DEOPT UNPACKING thread 0x00007fe28e009000 vframeArray 0x00007fe28d06b420 mode 2
     {method} {0x0000000111720d08} &apos;normalize&apos; &apos;()I&apos; in &apos;java/lang/invoke/LambdaForm&apos; - getstatic @ bci 176 sp = 0x000000030c78cf60
<uncommon_trap thread='9987' reason='class_check' action='maybe_recompile' compile_id='549' compiler='C2' count='1' state='class_check' stamp='4.992'>
Uncommon trap occurred in java.lang.invoke.MemberName::getMethodType (@0x0000000114db1a38) thread=9987 reason=class_check action=maybe_recompile unloaded_class_index=-1
<jvms bci='39' method='java/lang/invoke/MemberName getMethodType ()Ljava/lang/invoke/MethodType;' bytes='208' count='5' backedge_count='1' iicount='10' class_check_traps='1'/>
</uncommon_trap>
DEOPT PACKING thread 0x00007fe28e009000 Compiled frame (sp=0x000000030c78d280 unextended sp=0x000000030c78d280, fp=0x000000079567e630, real_fp=0x000000030c78d2b0, pc=0x0000000114db1a38)
     nmethod   4991  549   !         java.lang.invoke.MemberName::getMethodType (208 bytes)

     Virtual frames (innermost first):
        0 - frame( sp=0x000000030c78d280, unextended_sp=0x000000030c78d280, fp=0x000000079567e630, pc=0x0000000114db1a38)
java.lang.invoke.MemberName.getMethodType(MemberName.java:135) - instanceof @ bci 39 
     Created vframeArray 0x00007fe28d066a20
DEOPT UNPACKING thread 0x00007fe28e009000 vframeArray 0x00007fe28d066a20 mode 2
     {method} {0x00000001117148a8} &apos;getMethodType&apos; &apos;()Ljava/lang/invoke/MethodType;&apos; in &apos;java/lang/invoke/MemberName&apos; - instanceof @ bci 39 sp = 0x000000030c78d220
<uncommon_trap thread='9987' reason='class_check' action='maybe_recompile' compile_id='549' compiler='C2' count='2' state='class_check' stamp='4.992'>
Uncommon trap occurred in java.lang.invoke.MemberName::getMethodType (@0x0000000114db1a38) thread=9987 reason=class_check action=maybe_recompile unloaded_class_index=-1
<jvms bci='39' method='java/lang/invoke/MemberName getMethodType ()Ljava/lang/invoke/MethodType;' bytes='208' count='5' backedge_count='1' iicount='10' class_check_traps='2'/>
</uncommon_trap>
DEOPT PACKING thread 0x00007fe28e009000 Compiled frame (sp=0x000000030c78d280 unextended sp=0x000000030c78d280, fp=0x000000079567e748, real_fp=0x000000030c78d2b0, pc=0x0000000114db1a38)
     nmethod   4992  549   !         java.lang.invoke.MemberName::getMethodType (208 bytes)

     Virtual frames (innermost first):
        0 - frame( sp=0x000000030c78d280, unextended_sp=0x000000030c78d280, fp=0x000000079567e748, pc=0x0000000114db1a38)
java.lang.invoke.MemberName.getMethodType(MemberName.java:135) - instanceof @ bci 39 
     Created vframeArray 0x00007fe28e057620
DEOPT UNPACKING thread 0x00007fe28e009000 vframeArray 0x00007fe28e057620 mode 2
     {method} {0x00000001117148a8} &apos;getMethodType&apos; &apos;()Ljava/lang/invoke/MethodType;&apos; in &apos;java/lang/invoke/MemberName&apos; - instanceof @ bci 39 sp = 0x000000030c78d220
<uncommon_trap thread='9987' reason='uninitialized' action='reinterpret' compile_id='613' compiler='C2' count='1' stamp='4.999'>
Uncommon trap occurred in java.lang.invoke.LambdaForm::internArgument (@0x0000000114dcff3c) thread=9987 reason=uninitialized action=reinterpret unloaded_class_index=-1
<jvms bci='0' method='java/lang/invoke/LambdaForm internArgument (Ljava/lang/invoke/LambdaForm$Name;)Ljava/lang/invoke/LambdaForm$Name;' bytes='84' count='5' backedge_count='1' iicount='18' decompiles='1' uninitialized_traps='1'/>
</uncommon_trap>
DEOPT PACKING thread 0x00007fe28e009000 Compiled frame (sp=0x000000030c78cf40 unextended sp=0x000000030c78cf40, fp=0x0000000795675e08, real_fp=0x000000030c78cf60, pc=0x0000000114dcff3c)
     nmethod   4999  613             java.lang.invoke.LambdaForm::internArgument (84 bytes)

     Virtual frames (innermost first):
        0 - frame( sp=0x000000030c78cf40, unextended_sp=0x000000030c78cf40, fp=0x0000000795675e08, pc=0x0000000114dcff3c)
java.lang.invoke.LambdaForm.internArgument(LambdaForm.java:1652) - getstatic @ bci 0 
     Created vframeArray 0x00007fe28d066a20
DEOPT UNPACKING thread 0x00007fe28e009000 vframeArray 0x00007fe28d066a20 mode 2
     {method} {0x0000000111724b18} &apos;internArgument&apos; &apos;(Ljava/lang/invoke/LambdaForm$Name;)Ljava/lang/invoke/LambdaForm$Name;&apos; in &apos;java/lang/invoke/LambdaForm&apos; - getstatic @ bci 0 sp = 0x000000030c78cf10
<uncommon_trap thread='9987' reason='class_check' action='maybe_recompile' compile_id='549' compiler='C2' count='3' state='class_check' stamp='5.201'>
Uncommon trap occurred in java.lang.invoke.MemberName::getMethodType (@0x0000000114db1a38) thread=9987 reason=class_check action=maybe_recompile unloaded_class_index=-1
<jvms bci='39' method='java/lang/invoke/MemberName getMethodType ()Ljava/lang/invoke/MethodType;' bytes='208' count='5' backedge_count='1' iicount='10' class_check_traps='3'/>
</uncommon_trap>
DEOPT PACKING thread 0x00007fe28e009000 Compiled frame (sp=0x000000030c78d280 unextended sp=0x000000030c78d280, fp=0x000000079567e850, real_fp=0x000000030c78d2b0, pc=0x0000000114db1a38)
     nmethod   5200  549   !         java.lang.invoke.MemberName::getMethodType (208 bytes)

     Virtual frames (innermost first):
        0 - frame( sp=0x000000030c78d280, unextended_sp=0x000000030c78d280, fp=0x000000079567e850, pc=0x0000000114db1a38)
java.lang.invoke.MemberName.getMethodType(MemberName.java:135) - instanceof @ bci 39 
     Created vframeArray 0x00007fe28c052620
DEOPT UNPACKING thread 0x00007fe28e009000 vframeArray 0x00007fe28c052620 mode 2
     {method} {0x00000001117148a8} &apos;getMethodType&apos; &apos;()Ljava/lang/invoke/MethodType;&apos; in &apos;java/lang/invoke/MemberName&apos; - instanceof @ bci 39 sp = 0x000000030c78d220
<uncommon_trap thread='9987' reason='uninitialized' action='reinterpret' compile_id='638' compiler='C2' count='4' stamp='5.263'>
Uncommon trap occurred in java.lang.invoke.LambdaForm::argument (@0x0000000114de9104) thread=9987 reason=uninitialized action=reinterpret unloaded_class_index=-1
<jvms bci='16' method='java/lang/invoke/LambdaForm argument (ILjava/lang/invoke/LambdaForm$BasicType;)Ljava/lang/invoke/LambdaForm$Name;' bytes='27' count='5' backedge_count='1' iicount='42' decompiles='4' uninitialized_traps='4'/>
</uncommon_trap>
DEOPT PACKING thread 0x00007fe28e009000 Compiled frame (sp=0x000000030c78ced0 unextended sp=0x000000030c78ced0, fp=0x0000000000000000, real_fp=0x000000030c78cf00, pc=0x0000000114de9104)
     nmethod   5263  638             java.lang.invoke.LambdaForm::argument (27 bytes)

     Virtual frames (innermost first):
        0 - frame( sp=0x000000030c78ced0, unextended_sp=0x000000030c78ced0, fp=0x0000000000000000, pc=0x0000000114de9104)
java.lang.invoke.LambdaForm.argument(LambdaForm.java:1649) - getstatic @ bci 16 
     Created vframeArray 0x00007fe28d84ee20
DEOPT UNPACKING thread 0x00007fe28e009000 vframeArray 0x00007fe28d84ee20 mode 2
     {method} {0x0000000111724a10} &apos;argument&apos; &apos;(ILjava/lang/invoke/LambdaForm$BasicType;)Ljava/lang/invoke/LambdaForm$Name;&apos; in &apos;java/lang/invoke/LambdaForm&apos; - getstatic @ bci 16 sp = 0x000000030c78ceb0
<uncommon_trap thread='9987' reason='uninitialized' action='reinterpret' compile_id='641' compiler='C2' count='3' stamp='5.532'>
Uncommon trap occurred in java.lang.invoke.LambdaForm::normalize (@0x0000000114de8224) thread=9987 reason=uninitialized action=reinterpret unloaded_class_index=-1
<jvms bci='176' method='java/lang/invoke/LambdaForm normalize ()I' bytes='322' count='3' backedge_count='11' iicount='11' decompiles='3' uninitialized_traps='3'/>
</uncommon_trap>
DEOPT PACKING thread 0x00007fe28e009000 Compiled frame (sp=0x000000030c78cf60 unextended sp=0x000000030c78cf60, fp=0x000000079568dd40, real_fp=0x000000030c78cff0, pc=0x0000000114de8224)
     nmethod   5531  641             java.lang.invoke.LambdaForm::normalize (322 bytes)

     Virtual frames (innermost first):
        0 - frame( sp=0x000000030c78cf60, unextended_sp=0x000000030c78cf60, fp=0x000000079568dd40, pc=0x0000000114de8224)
java.lang.invoke.LambdaForm.normalize(LambdaForm.java:431) - getstatic @ bci 176 
     Created vframeArray 0x00007fe28e062c20
DEOPT UNPACKING thread 0x00007fe28e009000 vframeArray 0x00007fe28e062c20 mode 2
     {method} {0x0000000111720d08} &apos;normalize&apos; &apos;()I&apos; in &apos;java/lang/invoke/LambdaForm&apos; - getstatic @ bci 176 sp = 0x000000030c78cf60
<uncommon_trap thread='9987' reason='uninitialized' action='reinterpret' compile_id='672' compiler='C2' stamp='5.553'>
Uncommon trap occurred in java.lang.invoke.LambdaForm::compileToBytecode (@0x0000000114dfb6b8) thread=9987 reason=uninitialized action=reinterpret unloaded_class_index=-1
<jvms bci='24' method='java/lang/invoke/LambdaForm compileToBytecode ()Ljava/lang/invoke/MemberName;' bytes='103' count='5' backedge_count='1' iicount='10'/>
</uncommon_trap>
DEOPT PACKING thread 0x00007fe28e009000 Compiled frame (sp=0x000000030c78d0d0 unextended sp=0x000000030c78d0d0, fp=0x000000079568dd40, real_fp=0x000000030c78d100, pc=0x0000000114dfb6b8)
     nmethod   5552  672   !         java.lang.invoke.LambdaForm::compileToBytecode (103 bytes)

     Virtual frames (innermost first):
        0 - frame( sp=0x000000030c78d0d0, unextended_sp=0x000000030c78d0d0, fp=0x000000079568dd40, pc=0x0000000114dfb6b8)
java.lang.invoke.LambdaForm.compileToBytecode(LambdaForm.java:652) - getstatic @ bci 24 
     Created vframeArray 0x00007fe28d06c020
DEOPT UNPACKING thread 0x00007fe28e009000 vframeArray 0x00007fe28d06c020 mode 2
     {method} {0x0000000111721ca0} &apos;compileToBytecode&apos; &apos;()Ljava/lang/invoke/MemberName;&apos; in &apos;java/lang/invoke/LambdaForm&apos; - getstatic @ bci 24 sp = 0x000000030c78d0a0
<uncommon_trap thread='9987' reason='uninitialized' action='reinterpret' compile_id='711' compiler='C2' count='5' stamp='5.762'>
Uncommon trap occurred in java.lang.invoke.LambdaForm::argument (@0x0000000114cd02c4) thread=9987 reason=uninitialized action=reinterpret unloaded_class_index=-1
<jvms bci='16' method='java/lang/invoke/LambdaForm argument (ILjava/lang/invoke/LambdaForm$BasicType;)Ljava/lang/invoke/LambdaForm$Name;' bytes='27' count='5' backedge_count='1' iicount='50' decompiles='5' uninitialized_traps='5'/>
</uncommon_trap>
DEOPT PACKING thread 0x00007fe28e009000 Compiled frame (sp=0x000000030c78d210 unextended sp=0x000000030c78d210, fp=0x0000000000000001, real_fp=0x000000030c78d240, pc=0x0000000114cd02c4)
     nmethod   5762  711             java.lang.invoke.LambdaForm::argument (27 bytes)

     Virtual frames (innermost first):
        0 - frame( sp=0x000000030c78d210, unextended_sp=0x000000030c78d210, fp=0x0000000000000001, pc=0x0000000114cd02c4)
java.lang.invoke.LambdaForm.argument(LambdaForm.java:1649) - getstatic @ bci 16 
     Created vframeArray 0x00007fe28d84f620
DEOPT UNPACKING thread 0x00007fe28e009000 vframeArray 0x00007fe28d84f620 mode 2
     {method} {0x0000000111724a10} &apos;argument&apos; &apos;(ILjava/lang/invoke/LambdaForm$BasicType;)Ljava/lang/invoke/LambdaForm$Name;&apos; in &apos;java/lang/invoke/LambdaForm&apos; - getstatic @ bci 16 sp = 0x000000030c78d1e0
<uncommon_trap thread='9987' reason='uninitialized' action='reinterpret' compile_id='719' compiler='C2' stamp='5.793'>
Uncommon trap occurred in java.lang.invoke.LambdaForm::parameter (@0x0000000114e1239c) thread=9987 reason=uninitialized action=reinterpret unloaded_class_index=-1
<jvms bci='0' method='java/lang/invoke/LambdaForm parameter (I)Ljava/lang/invoke/LambdaForm$Name;' bytes='52' count='5' backedge_count='1' iicount='10'/>
</uncommon_trap>
DEOPT PACKING thread 0x00007fe28e009000 Compiled frame (sp=0x000000030c78d0f0 unextended sp=0x000000030c78d0f0, fp=0x00000007956916a0, real_fp=0x000000030c78d120, pc=0x0000000114e1239c)
     nmethod   5792  719             java.lang.invoke.LambdaForm::parameter (52 bytes)

     Virtual frames (innermost first):
        0 - frame( sp=0x000000030c78d0f0, unextended_sp=0x000000030c78d0f0, fp=0x00000007956916a0, pc=0x0000000114e1239c)
java.lang.invoke.LambdaForm.parameter(LambdaForm.java:505) - getstatic @ bci 0 
     Created vframeArray 0x00007fe28d852c20
DEOPT UNPACKING thread 0x00007fe28e009000 vframeArray 0x00007fe28d852c20 mode 2
     {method} {0x00000001117212a0} &apos;parameter&apos; &apos;(I)Ljava/lang/invoke/LambdaForm$Name;&apos; in &apos;java/lang/invoke/LambdaForm&apos; - getstatic @ bci 0 sp = 0x000000030c78d0c8
<uncommon_trap thread='9987' reason='uninitialized' action='reinterpret' compile_id='712' compiler='C2' stamp='5.917'>
Uncommon trap occurred in java.lang.invoke.LambdaForm::basicTypeSignature (@0x0000000114e0fac4) thread=9987 reason=uninitialized action=reinterpret unloaded_class_index=-1
<jvms bci='76' method='java/lang/invoke/LambdaForm basicTypeSignature (Ljava/lang/invoke/MethodType;)Ljava/lang/String;' bytes='101' count='5' backedge_count='7' iicount='5'/>
</uncommon_trap>
DEOPT PACKING thread 0x00007fe28e009000 Compiled frame (sp=0x000000030c78de00 unextended sp=0x000000030c78de00, fp=0x0000000000000005, real_fp=0x000000030c78de50, pc=0x0000000114e0fac4)
     nmethod   5917  712             java.lang.invoke.LambdaForm::basicTypeSignature (101 bytes)

     Virtual frames (innermost first):
        0 - frame( sp=0x000000030c78de00, unextended_sp=0x000000030c78de00, fp=0x0000000000000005, pc=0x0000000114e0fac4)
java.lang.invoke.LambdaForm.basicTypeSignature(LambdaForm.java:1340) - getstatic @ bci 76 
     Created vframeArray 0x00007fe28e066420
DEOPT UNPACKING thread 0x00007fe28e009000 vframeArray 0x00007fe28e066420 mode 2
     {method} {0x0000000111724400} &apos;basicTypeSignature&apos; &apos;(Ljava/lang/invoke/MethodType;)Ljava/lang/String;&apos; in &apos;java/lang/invoke/LambdaForm&apos; - getstatic @ bci 76 sp = 0x000000030c78dde0
<uncommon_trap thread='9987' reason='loop_limit_check' action='maybe_recompile' compile_id='640' compiler='C2' stamp='5.918'>
Uncommon trap occurred in java.lang.invoke.LambdaForm::shortenSignature (@0x0000000114de9bd0) thread=9987 reason=loop_limit_check action=maybe_recompile unloaded_class_index=-1
<jvms bci='97' method='java/lang/invoke/LambdaForm shortenSignature (Ljava/lang/String;)Ljava/lang/String;' bytes='166' count='3' backedge_count='9' iicount='3'/>
</uncommon_trap>
DEOPT PACKING thread 0x00007fe28e009000 Compiled frame (sp=0x000000030c78dde0 unextended sp=0x000000030c78dde0, fp=0x0000000000000000, real_fp=0x000000030c78de50, pc=0x0000000114de9bd0)
     nmethod   5918  640             java.lang.invoke.LambdaForm::shortenSignature (166 bytes)

     Virtual frames (innermost first):
        0 - frame( sp=0x000000030c78dde0, unextended_sp=0x000000030c78dde0, fp=0x0000000000000000, pc=0x0000000114de9bd0)
java.lang.invoke.LambdaForm.shortenSignature(LambdaForm.java:1360) - aload @ bci 97 
     Created vframeArray 0x00007fe28e067820
DEOPT UNPACKING thread 0x00007fe28e009000 vframeArray 0x00007fe28e067820 mode 2
     {method} {0x00000001117245d8} &apos;shortenSignature&apos; &apos;(Ljava/lang/String;)Ljava/lang/String;&apos; in &apos;java/lang/invoke/LambdaForm&apos; - aload @ bci 97 sp = 0x000000030c78ddb8
<uncommon_trap thread='9987' reason='uninitialized' action='reinterpret' compile_id='716' compiler='C2' count='2' stamp='5.941'>
Uncommon trap occurred in java.lang.invoke.LambdaForm::internArgument (@0x0000000114e0003c) thread=9987 reason=uninitialized action=reinterpret unloaded_class_index=-1
<jvms bci='0' method='java/lang/invoke/LambdaForm internArgument (Ljava/lang/invoke/LambdaForm$Name;)Ljava/lang/invoke/LambdaForm$Name;' bytes='84' count='5' backedge_count='1' iicount='26' decompiles='2' uninitialized_traps='2'/>
</uncommon_trap>
DEOPT PACKING thread 0x00007fe28e009000 Compiled frame (sp=0x000000030c78dcd0 unextended sp=0x000000030c78dcd0, fp=0x0000000795675de8, real_fp=0x000000030c78dcf0, pc=0x0000000114e0003c)
     nmethod   5940  716             java.lang.invoke.LambdaForm::internArgument (84 bytes)

     Virtual frames (innermost first):
        0 - frame( sp=0x000000030c78dcd0, unextended_sp=0x000000030c78dcd0, fp=0x0000000795675de8, pc=0x0000000114e0003c)
java.lang.invoke.LambdaForm.internArgument(LambdaForm.java:1652) - getstatic @ bci 0 
     Created vframeArray 0x00007fe28e066420
DEOPT UNPACKING thread 0x00007fe28e009000 vframeArray 0x00007fe28e066420 mode 2
     {method} {0x0000000111724b18} &apos;internArgument&apos; &apos;(Ljava/lang/invoke/LambdaForm$Name;)Ljava/lang/invoke/LambdaForm$Name;&apos; in &apos;java/lang/invoke/LambdaForm&apos; - getstatic @ bci 0 sp = 0x000000030c78dca0
<uncommon_trap thread='9987' reason='uninitialized' action='reinterpret' compile_id='720' compiler='C2' stamp='5.942'>
Uncommon trap occurred in java.lang.invoke.LambdaForm::signatureArity (@0x0000000114e0ebbc) thread=9987 reason=uninitialized action=reinterpret unloaded_class_index=-1
<jvms bci='0' method='java/lang/invoke/LambdaForm signatureArity (Ljava/lang/String;)I' bytes='28' count='5' backedge_count='1' iicount='10'/>
</uncommon_trap>
DEOPT PACKING thread 0x00007fe28e009000 Compiled frame (sp=0x000000030c78dd20 unextended sp=0x000000030c78dd20, fp=0x00000007956943c8, real_fp=0x000000030c78dd40, pc=0x0000000114e0ebbc)
     nmethod   5942  720             java.lang.invoke.LambdaForm::signatureArity (28 bytes)

     Virtual frames (innermost first):
        0 - frame( sp=0x000000030c78dd20, unextended_sp=0x000000030c78dd20, fp=0x00000007956943c8, pc=0x0000000114e0ebbc)
java.lang.invoke.LambdaForm.signatureArity(LambdaForm.java:538) - getstatic @ bci 0 
     Created vframeArray 0x00007fe28d06c020
DEOPT UNPACKING thread 0x00007fe28e009000 vframeArray 0x00007fe28d06c020 mode 2
     {method} {0x0000000111721760} &apos;signatureArity&apos; &apos;(Ljava/lang/String;)I&apos; in &apos;java/lang/invoke/LambdaForm&apos; - getstatic @ bci 0 sp = 0x000000030c78dce8
<uncommon_trap thread='9987' reason='uninitialized' action='reinterpret' compile_id='709' compiler='C2' stamp='5.956'>
Uncommon trap occurred in java.lang.invoke.LambdaForm::prepare (@0x0000000114cccddc) thread=9987 reason=uninitialized action=reinterpret unloaded_class_index=-1
<jvms bci='0' method='java/lang/invoke/LambdaForm prepare ()V' bytes='43' count='6' backedge_count='1' iicount='11'/>
</uncommon_trap>
DEOPT PACKING thread 0x00007fe28e009000 Compiled frame (sp=0x000000030c78df20 unextended sp=0x000000030c78df20, fp=0x0000000795694338, real_fp=0x000000030c78df40, pc=0x0000000114cccddc)
     nmethod   5955  709             java.lang.invoke.LambdaForm::prepare (43 bytes)

     Virtual frames (innermost first):
        0 - frame( sp=0x000000030c78df20, unextended_sp=0x000000030c78df20, fp=0x0000000795694338, pc=0x0000000114cccddc)
java.lang.invoke.LambdaForm.prepare(LambdaForm.java:634) - getstatic @ bci 0 
     Created vframeArray 0x00007fe28e066420
DEOPT UNPACKING thread 0x00007fe28e009000 vframeArray 0x00007fe28e066420 mode 2
     {method} {0x0000000111721b58} &apos;prepare&apos; &apos;()V&apos; in &apos;java/lang/invoke/LambdaForm&apos; - getstatic @ bci 0 sp = 0x000000030c78dee8
<uncommon_trap thread='9987' reason='uninitialized' action='reinterpret' compile_id='747' compiler='C2' count='6' stamp='5.959'>
Uncommon trap occurred in java.lang.invoke.LambdaForm::argument (@0x0000000114e22dc4) thread=9987 reason=uninitialized action=reinterpret unloaded_class_index=-1
<jvms bci='16' method='java/lang/invoke/LambdaForm argument (ILjava/lang/invoke/LambdaForm$BasicType;)Ljava/lang/invoke/LambdaForm$Name;' bytes='27' count='5' backedge_count='1' iicount='58' decompiles='6' uninitialized_traps='6'/>
</uncommon_trap>
DEOPT PACKING thread 0x00007fe28e009000 Compiled frame (sp=0x000000030c78dd20 unextended sp=0x000000030c78dd20, fp=0x0000000000000000, real_fp=0x000000030c78dd50, pc=0x0000000114e22dc4)
     nmethod   5958  747             java.lang.invoke.LambdaForm::argument (27 bytes)

     Virtual frames (innermost first):
        0 - frame( sp=0x000000030c78dd20, unextended_sp=0x000000030c78dd20, fp=0x0000000000000000, pc=0x0000000114e22dc4)
java.lang.invoke.LambdaForm.argument(LambdaForm.java:1649) - getstatic @ bci 16 
     Created vframeArray 0x00007fe28c066620
DEOPT UNPACKING thread 0x00007fe28e009000 vframeArray 0x00007fe28c066620 mode 2
     {method} {0x0000000111724a10} &apos;argument&apos; &apos;(ILjava/lang/invoke/LambdaForm$BasicType;)Ljava/lang/invoke/LambdaForm$Name;&apos; in &apos;java/lang/invoke/LambdaForm&apos; - getstatic @ bci 16 sp = 0x000000030c78dcf0
<uncommon_trap thread='9987' reason='class_check' action='maybe_recompile' compile_id='694' compiler='C2' stamp='5.966'>
Uncommon trap occurred in java.lang.invoke.InvokerBytecodeGenerator::emitPushArgument (@0x0000000114e08458) thread=9987 reason=class_check action=maybe_recompile unloaded_class_index=-1
<jvms bci='6' method='java/lang/invoke/InvokerBytecodeGenerator emitPushArgument (Ljava/lang/Class;Ljava/lang/Object;)V' bytes='120' count='6' backedge_count='1' iicount='11'/>
</uncommon_trap>
DEOPT PACKING thread 0x00007fe28e009000 Compiled frame (sp=0x000000030c78dcf0 unextended sp=0x000000030c78dcf0, fp=0x00000007956985c0, real_fp=0x000000030c78dd40, pc=0x0000000114e08458)
     nmethod   5966  694             java.lang.invoke.InvokerBytecodeGenerator::emitPushArgument (120 bytes)

     Virtual frames (innermost first):
        0 - frame( sp=0x000000030c78dcf0, unextended_sp=0x000000030c78dcf0, fp=0x00000007956985c0, pc=0x0000000114e08458)
java.lang.invoke.InvokerBytecodeGenerator.emitPushArgument(InvokerBytecodeGenerator.java:1156) - instanceof @ bci 6 
     Created vframeArray 0x00007fe28d06c020
DEOPT UNPACKING thread 0x00007fe28e009000 vframeArray 0x00007fe28d06c020 mode 2
     {method} {0x0000000111a7f1a8} &apos;emitPushArgument&apos; &apos;(Ljava/lang/Class;Ljava/lang/Object;)V&apos; in &apos;java/lang/invoke/InvokerBytecodeGenerator&apos; - instanceof @ bci 6 sp = 0x000000030c78dcc0
<uncommon_trap thread='9987' reason='uninitialized' action='reinterpret' compile_id='482' compiler='C2' stamp='5.967'>
Uncommon trap occurred in sun.invoke.util.Wrapper::hashWrap (@0x0000000114d98e88) thread=9987 reason=uninitialized action=reinterpret unloaded_class_index=-1
<jvms bci='8' method='sun/invoke/util/Wrapper hashWrap (Ljava/lang/Class;)I' bytes='62' count='5' backedge_count='1' iicount='10'/>
</uncommon_trap>
DEOPT PACKING thread 0x00007fe28e009000 Compiled frame (sp=0x000000030c78dbd0 unextended sp=0x000000030c78dbd0, fp=0x0000000795699db0, real_fp=0x000000030c78dbf0, pc=0x0000000114d98e88)
     nmethod   5966  482             sun.invoke.util.Wrapper::hashWrap (62 bytes)

     Virtual frames (innermost first):
        0 - frame( sp=0x000000030c78dbd0, unextended_sp=0x000000030c78dbd0, fp=0x0000000795699db0, pc=0x0000000114d98e88)
sun.invoke.util.Wrapper.hashWrap(Wrapper.java:317) - getstatic @ bci 8 
     Created vframeArray 0x00007fe28c066620
DEOPT UNPACKING thread 0x00007fe28e009000 vframeArray 0x00007fe28c066620 mode 2
     {method} {0x0000000111a2f9d8} &apos;hashWrap&apos; &apos;(Ljava/lang/Class;)I&apos; in &apos;sun/invoke/util/Wrapper&apos; - getstatic @ bci 8 sp = 0x000000030c78db90
<uncommon_trap thread='9987' reason='unloaded' action='reinterpret' index='48' compile_id='673' compiler='C2' unresolved='1' name='java/lang/invoke/DirectMethodHandle$Accessor' stamp='5.970'>
Uncommon trap occurred in java.lang.invoke.DirectMethodHandle::make (@0x0000000114e01e58) thread=9987 reason=unloaded action=reinterpret unloaded_class_index=48 unresolved class: java/lang/invoke/DirectMethodHandle$Accessor
<jvms bci='226' method='java/lang/invoke/DirectMethodHandle make (BLjava/lang/Class;Ljava/lang/invoke/MemberName;)Ljava/lang/invoke/DirectMethodHandle;' bytes='242' count='5' backedge_count='1' iicount='10'/>
</uncommon_trap>
DEOPT PACKING thread 0x00007fe28e009000 Compiled frame (sp=0x000000030c78e030 unextended sp=0x000000030c78e030, fp=0x0000000795697970, real_fp=0x000000030c78e090, pc=0x0000000114e01e58)
     nmethod   5970  673             java.lang.invoke.DirectMethodHandle::make (242 bytes)

     Virtual frames (innermost first):
        0 - frame( sp=0x000000030c78e030, unextended_sp=0x000000030c78e030, fp=0x0000000795697970, pc=0x0000000114e01e58)
java.lang.invoke.DirectMethodHandle.make(DirectMethodHandle.java:102) - new @ bci 226 
     Created vframeArray 0x00007fe28e066420
DEOPT UNPACKING thread 0x00007fe28e009000 vframeArray 0x00007fe28e066420 mode 2
     {method} {0x000000011170be40} &apos;make&apos; &apos;(BLjava/lang/Class;Ljava/lang/invoke/MemberName;)Ljava/lang/invoke/DirectMethodHandle;&apos; in &apos;java/lang/invoke/DirectMethodHandle&apos; - new @ bci 226 sp = 0x000000030c78e000
<uncommon_trap thread='9987' reason='uninitialized' action='reinterpret' compile_id='751' compiler='C2' count='1' stamp='5.983'>
Uncommon trap occurred in java.lang.invoke.LambdaForm::compileToBytecode (@0x0000000114e2387c) thread=9987 reason=uninitialized action=reinterpret unloaded_class_index=-1
<jvms bci='24' method='java/lang/invoke/LambdaForm compileToBytecode ()Ljava/lang/invoke/MemberName;' bytes='103' count='5' backedge_count='1' iicount='18' decompiles='1' uninitialized_traps='1'/>
</uncommon_trap>
DEOPT PACKING thread 0x00007fe28e009000 Compiled frame (sp=0x000000030c78f880 unextended sp=0x000000030c78f880, fp=0x0000000795677108, real_fp=0x000000030c78f8b0, pc=0x0000000114e2387c)
     nmethod   5982  751   !         java.lang.invoke.LambdaForm::compileToBytecode (103 bytes)

     Virtual frames (innermost first):
        0 - frame( sp=0x000000030c78f880, unextended_sp=0x000000030c78f880, fp=0x0000000795677108, pc=0x0000000114e2387c)
java.lang.invoke.LambdaForm.compileToBytecode(LambdaForm.java:652) - getstatic @ bci 24 
     Created vframeArray 0x00007fe28c066620
DEOPT UNPACKING thread 0x00007fe28e009000 vframeArray 0x00007fe28c066620 mode 2
     {method} {0x0000000111721ca0} &apos;compileToBytecode&apos; &apos;()Ljava/lang/invoke/MemberName;&apos; in &apos;java/lang/invoke/LambdaForm&apos; - getstatic @ bci 24 sp = 0x000000030c78f850
<uncommon_trap thread='9987' reason='uninitialized' action='reinterpret' compile_id='754' compiler='C2' count='1' stamp='5.984'>
Uncommon trap occurred in java.lang.invoke.LambdaForm::parameter (@0x0000000114e2651c) thread=9987 reason=uninitialized action=reinterpret unloaded_class_index=-1
<jvms bci='0' method='java/lang/invoke/LambdaForm parameter (I)Ljava/lang/invoke/LambdaForm$Name;' bytes='52' count='6' backedge_count='1' iicount='19' decompiles='1' uninitialized_traps='1'/>
</uncommon_trap>
DEOPT PACKING thread 0x00007fe28e009000 Compiled frame (sp=0x000000030c78f750 unextended sp=0x000000030c78f750, fp=0x00000007956771d0, real_fp=0x000000030c78f780, pc=0x0000000114e2651c)
     nmethod   5984  754             java.lang.invoke.LambdaForm::parameter (52 bytes)

     Virtual frames (innermost first):
        0 - frame( sp=0x000000030c78f750, unextended_sp=0x000000030c78f750, fp=0x00000007956771d0, pc=0x0000000114e2651c)
java.lang.invoke.LambdaForm.parameter(LambdaForm.java:505) - getstatic @ bci 0 
     Created vframeArray 0x00007fe28d06c020
DEOPT UNPACKING thread 0x00007fe28e009000 vframeArray 0x00007fe28d06c020 mode 2
     {method} {0x00000001117212a0} &apos;parameter&apos; &apos;(I)Ljava/lang/invoke/LambdaForm$Name;&apos; in &apos;java/lang/invoke/LambdaForm&apos; - getstatic @ bci 0 sp = 0x000000030c78f718
<uncommon_trap thread='9987' reason='null_check' action='make_not_entrant' compile_id='694' compiler='C2' state='class_check' stamp='5.987'>
Uncommon trap occurred in java.lang.invoke.InvokerBytecodeGenerator::emitPushArgument (@0x0000000114e084a0) thread=9987 reason=null_check action=make_not_entrant unloaded_class_index=-1
<jvms bci='6' method='java/lang/invoke/InvokerBytecodeGenerator emitPushArgument (Ljava/lang/Class;Ljava/lang/Object;)V' bytes='120' count='6' backedge_count='1' iicount='11' class_check_traps='1'/>
</uncommon_trap>
DEOPT PACKING thread 0x00007fe28e009000 Compiled frame (sp=0x000000030c78f610 unextended sp=0x000000030c78f610, fp=0x000000079569d5f0, real_fp=0x000000030c78f660, pc=0x0000000114e084a0)
     nmethod   5987  694             java.lang.invoke.InvokerBytecodeGenerator::emitPushArgument (120 bytes)

     Virtual frames (innermost first):
        0 - frame( sp=0x000000030c78f610, unextended_sp=0x000000030c78f610, fp=0x000000079569d5f0, pc=0x0000000114e084a0)
java.lang.invoke.InvokerBytecodeGenerator.emitPushArgument(InvokerBytecodeGenerator.java:1156) - instanceof @ bci 6 
     Created vframeArray 0x00007fe28d07ae20
DEOPT UNPACKING thread 0x00007fe28e009000 vframeArray 0x00007fe28d07ae20 mode 2
     {method} {0x0000000111a7f1a8} &apos;emitPushArgument&apos; &apos;(Ljava/lang/Class;Ljava/lang/Object;)V&apos; in &apos;java/lang/invoke/InvokerBytecodeGenerator&apos; - instanceof @ bci 6 sp = 0x000000030c78f5e0
<uncommon_trap thread='9987' reason='uninitialized' action='reinterpret' compile_id='763' compiler='C2' count='1' stamp='6.035'>
Uncommon trap occurred in java.lang.invoke.LambdaForm::signatureArity (@0x0000000114e1ae3c) thread=9987 reason=uninitialized action=reinterpret unloaded_class_index=-1
<jvms bci='0' method='java/lang/invoke/LambdaForm signatureArity (Ljava/lang/String;)I' bytes='28' count='5' backedge_count='1' iicount='18' decompiles='1' uninitialized_traps='1'/>
</uncommon_trap>
DEOPT PACKING thread 0x00007fe28e009000 Compiled frame (sp=0x000000030c78f710 unextended sp=0x000000030c78f710, fp=0x000000079569f380, real_fp=0x000000030c78f730, pc=0x0000000114e1ae3c)
     nmethod   6035  763             java.lang.invoke.LambdaForm::signatureArity (28 bytes)

     Virtual frames (innermost first):
        0 - frame( sp=0x000000030c78f710, unextended_sp=0x000000030c78f710, fp=0x000000079569f380, pc=0x0000000114e1ae3c)
java.lang.invoke.LambdaForm.signatureArity(LambdaForm.java:538) - getstatic @ bci 0 
     Created vframeArray 0x00007fe28d06c020
DEOPT UNPACKING thread 0x00007fe28e009000 vframeArray 0x00007fe28d06c020 mode 2
     {method} {0x0000000111721760} &apos;signatureArity&apos; &apos;(Ljava/lang/String;)I&apos; in &apos;java/lang/invoke/LambdaForm&apos; - getstatic @ bci 0 sp = 0x000000030c78f6e0
<uncommon_trap thread='9987' reason='uninitialized' action='reinterpret' compile_id='798' compiler='C2' count='2' stamp='6.397'>
Uncommon trap occurred in java.lang.invoke.LambdaForm::signatureArity (@0x0000000114e49dfc) thread=9987 reason=uninitialized action=reinterpret unloaded_class_index=-1
<jvms bci='0' method='java/lang/invoke/LambdaForm signatureArity (Ljava/lang/String;)I' bytes='28' count='5' backedge_count='1' iicount='26' decompiles='2' uninitialized_traps='2'/>
</uncommon_trap>
DEOPT PACKING thread 0x00007fe28e009000 Compiled frame (sp=0x000000030c78f7b0 unextended sp=0x000000030c78f7b0, fp=0x00000007956a8990, real_fp=0x000000030c78f7d0, pc=0x0000000114e49dfc)
     nmethod   6396  798             java.lang.invoke.LambdaForm::signatureArity (28 bytes)

     Virtual frames (innermost first):
        0 - frame( sp=0x000000030c78f7b0, unextended_sp=0x000000030c78f7b0, fp=0x00000007956a8990, pc=0x0000000114e49dfc)
java.lang.invoke.LambdaForm.signatureArity(LambdaForm.java:538) - getstatic @ bci 0 
     Created vframeArray 0x00007fe28e066420
DEOPT UNPACKING thread 0x00007fe28e009000 vframeArray 0x00007fe28e066420 mode 2
     {method} {0x0000000111721760} &apos;signatureArity&apos; &apos;(Ljava/lang/String;)I&apos; in &apos;java/lang/invoke/LambdaForm&apos; - getstatic @ bci 0 sp = 0x000000030c78f778
<uncommon_trap thread='9987' reason='uninitialized' action='reinterpret' compile_id='796' compiler='C2' count='1' stamp='6.428'>
Uncommon trap occurred in java.lang.invoke.LambdaForm::prepare (@0x0000000114e27f1c) thread=9987 reason=uninitialized action=reinterpret unloaded_class_index=-1
<jvms bci='0' method='java/lang/invoke/LambdaForm prepare ()V' bytes='43' count='6' backedge_count='1' iicount='20' decompiles='1' uninitialized_traps='1'/>
</uncommon_trap>
DEOPT PACKING thread 0x00007fe28e009000 Compiled frame (sp=0x000000030c78f900 unextended sp=0x000000030c78f900, fp=0x0000000795679df8, real_fp=0x000000030c78f920, pc=0x0000000114e27f1c)
     nmethod   6428  796             java.lang.invoke.LambdaForm::prepare (43 bytes)

     Virtual frames (innermost first):
        0 - frame( sp=0x000000030c78f900, unextended_sp=0x000000030c78f900, fp=0x0000000795679df8, pc=0x0000000114e27f1c)
java.lang.invoke.LambdaForm.prepare(LambdaForm.java:634) - getstatic @ bci 0 
     Created vframeArray 0x00007fe28d855a20
DEOPT UNPACKING thread 0x00007fe28e009000 vframeArray 0x00007fe28d855a20 mode 2
     {method} {0x0000000111721b58} &apos;prepare&apos; &apos;()V&apos; in &apos;java/lang/invoke/LambdaForm&apos; - getstatic @ bci 0 sp = 0x000000030c78f8c0
<uncommon_trap thread='9987' reason='uninitialized' action='reinterpret' compile_id='797' compiler='C2' count='2' stamp='6.430'>
Uncommon trap occurred in java.lang.invoke.LambdaForm::parameter (@0x0000000114e3ca5c) thread=9987 reason=uninitialized action=reinterpret unloaded_class_index=-1
<jvms bci='0' method='java/lang/invoke/LambdaForm parameter (I)Ljava/lang/invoke/LambdaForm$Name;' bytes='52' count='6' backedge_count='1' iicount='28' decompiles='2' uninitialized_traps='2'/>
</uncommon_trap>
DEOPT PACKING thread 0x00007fe28e009000 Compiled frame (sp=0x000000030c78f780 unextended sp=0x000000030c78f780, fp=0x0000000795679df8, real_fp=0x000000030c78f7b0, pc=0x0000000114e3ca5c)
     nmethod   6430  797             java.lang.invoke.LambdaForm::parameter (52 bytes)

     Virtual frames (innermost first):
        0 - frame( sp=0x000000030c78f780, unextended_sp=0x000000030c78f780, fp=0x0000000795679df8, pc=0x0000000114e3ca5c)
java.lang.invoke.LambdaForm.parameter(LambdaForm.java:505) - getstatic @ bci 0 
     Created vframeArray 0x00007fe28d856e20
DEOPT UNPACKING thread 0x00007fe28e009000 vframeArray 0x00007fe28d856e20 mode 2
     {method} {0x00000001117212a0} &apos;parameter&apos; &apos;(I)Ljava/lang/invoke/LambdaForm$Name;&apos; in &apos;java/lang/invoke/LambdaForm&apos; - getstatic @ bci 0 sp = 0x000000030c78f748
<uncommon_trap thread='9987' reason='uninitialized' action='reinterpret' compile_id='802' compiler='C2' count='2' stamp='6.442'>
Uncommon trap occurred in java.lang.invoke.LambdaForm::compileToBytecode (@0x0000000114e3f5b8) thread=9987 reason=uninitialized action=reinterpret unloaded_class_index=-1
<jvms bci='24' method='java/lang/invoke/LambdaForm compileToBytecode ()Ljava/lang/invoke/MemberName;' bytes='103' count='5' backedge_count='1' iicount='26' decompiles='2' uninitialized_traps='2'/>
</uncommon_trap>
DEOPT PACKING thread 0x00007fe28e009000 Compiled frame (sp=0x000000030c78f880 unextended sp=0x000000030c78f880, fp=0x0000000795679ff0, real_fp=0x000000030c78f8b0, pc=0x0000000114e3f5b8)
     nmethod   6441  802   !         java.lang.invoke.LambdaForm::compileToBytecode (103 bytes)

     Virtual frames (innermost first):
        0 - frame( sp=0x000000030c78f880, unextended_sp=0x000000030c78f880, fp=0x0000000795679ff0, pc=0x0000000114e3f5b8)
java.lang.invoke.LambdaForm.compileToBytecode(LambdaForm.java:652) - getstatic @ bci 24 
     Created vframeArray 0x00007fe28c06be20
DEOPT UNPACKING thread 0x00007fe28e009000 vframeArray 0x00007fe28c06be20 mode 2
     {method} {0x0000000111721ca0} &apos;compileToBytecode&apos; &apos;()Ljava/lang/invoke/MemberName;&apos; in &apos;java/lang/invoke/LambdaForm&apos; - getstatic @ bci 24 sp = 0x000000030c78f850
<uncommon_trap thread='9987' reason='uninitialized' action='reinterpret' compile_id='835' compiler='C2' count='3' stamp='6.543'>
Uncommon trap occurred in java.lang.invoke.LambdaForm::signatureArity (@0x0000000114e5923c) thread=9987 reason=uninitialized action=reinterpret unloaded_class_index=-1
<jvms bci='0' method='java/lang/invoke/LambdaForm signatureArity (Ljava/lang/String;)I' bytes='28' count='5' backedge_count='1' iicount='34' decompiles='3' uninitialized_traps='3'/>
</uncommon_trap>
DEOPT PACKING thread 0x00007fe28e009000 Compiled frame (sp=0x000000030c78fa40 unextended sp=0x000000030c78fa40, fp=0x00000007956b62c0, real_fp=0x000000030c78fa60, pc=0x0000000114e5923c)
     nmethod   6543  835             java.lang.invoke.LambdaForm::signatureArity (28 bytes)

     Virtual frames (innermost first):
        0 - frame( sp=0x000000030c78fa40, unextended_sp=0x000000030c78fa40, fp=0x00000007956b62c0, pc=0x0000000114e5923c)
java.lang.invoke.LambdaForm.signatureArity(LambdaForm.java:538) - getstatic @ bci 0 
     Created vframeArray 0x00007fe28c06d820
DEOPT UNPACKING thread 0x00007fe28e009000 vframeArray 0x00007fe28c06d820 mode 2
     {method} {0x0000000111721760} &apos;signatureArity&apos; &apos;(Ljava/lang/String;)I&apos; in &apos;java/lang/invoke/LambdaForm&apos; - getstatic @ bci 0 sp = 0x000000030c78fa08
<uncommon_trap thread='9987' reason='uninitialized' action='reinterpret' compile_id='836' compiler='C2' count='7' stamp='6.548'>
Uncommon trap occurred in java.lang.invoke.LambdaForm::argument (@0x0000000114e55b44) thread=9987 reason=uninitialized action=reinterpret unloaded_class_index=-1
<jvms bci='16' method='java/lang/invoke/LambdaForm argument (ILjava/lang/invoke/LambdaForm$BasicType;)Ljava/lang/invoke/LambdaForm$Name;' bytes='27' count='5' backedge_count='1' iicount='66' decompiles='7' uninitialized_traps='7'/>
</uncommon_trap>
DEOPT PACKING thread 0x00007fe28e009000 Compiled frame (sp=0x000000030c78f8f0 unextended sp=0x000000030c78f8f0, fp=0x0000000000000002, real_fp=0x000000030c78f920, pc=0x0000000114e55b44)
     nmethod   6548  836             java.lang.invoke.LambdaForm::argument (27 bytes)

     Virtual frames (innermost first):
        0 - frame( sp=0x000000030c78f8f0, unextended_sp=0x000000030c78f8f0, fp=0x0000000000000002, pc=0x0000000114e55b44)
java.lang.invoke.LambdaForm.argument(LambdaForm.java:1649) - getstatic @ bci 16 
     Created vframeArray 0x00007fe28d855a20
DEOPT UNPACKING thread 0x00007fe28e009000 vframeArray 0x00007fe28d855a20 mode 2
     {method} {0x0000000111724a10} &apos;argument&apos; &apos;(ILjava/lang/invoke/LambdaForm$BasicType;)Ljava/lang/invoke/LambdaForm$Name;&apos; in &apos;java/lang/invoke/LambdaForm&apos; - getstatic @ bci 16 sp = 0x000000030c78f8d0
<uncommon_trap thread='9987' reason='uninitialized' action='reinterpret' compile_id='840' compiler='C2' count='4' stamp='6.582'>
Uncommon trap occurred in java.lang.invoke.LambdaForm::signatureArity (@0x0000000114e599fc) thread=9987 reason=uninitialized action=reinterpret unloaded_class_index=-1
<jvms bci='0' method='java/lang/invoke/LambdaForm signatureArity (Ljava/lang/String;)I' bytes='28' count='5' backedge_count='1' iicount='42' decompiles='4' uninitialized_traps='4'/>
</uncommon_trap>
DEOPT PACKING thread 0x00007fe28e009000 Compiled frame (sp=0x000000030c78fad0 unextended sp=0x000000030c78fad0, fp=0x00000007956bc240, real_fp=0x000000030c78faf0, pc=0x0000000114e599fc)
     nmethod   6582  840             java.lang.invoke.LambdaForm::signatureArity (28 bytes)

     Virtual frames (innermost first):
        0 - frame( sp=0x000000030c78fad0, unextended_sp=0x000000030c78fad0, fp=0x00000007956bc240, pc=0x0000000114e599fc)
java.lang.invoke.LambdaForm.signatureArity(LambdaForm.java:538) - getstatic @ bci 0 
     Created vframeArray 0x00007fe28e066420
DEOPT UNPACKING thread 0x00007fe28e009000 vframeArray 0x00007fe28e066420 mode 2
     {method} {0x0000000111721760} &apos;signatureArity&apos; &apos;(Ljava/lang/String;)I&apos; in &apos;java/lang/invoke/LambdaForm&apos; - getstatic @ bci 0 sp = 0x000000030c78faa0
<uncommon_trap thread='9987' reason='predicate' action='maybe_recompile' compile_id='839' compiler='C2' stamp='6.590'>
Uncommon trap occurred in java.util.Arrays::fill (@0x0000000114e5c11c) thread=9987 reason=predicate action=maybe_recompile unloaded_class_index=-1
<jvms bci='10' method='java/util/Arrays fill ([Ljava/lang/Object;Ljava/lang/Object;)V' bytes='21' count='4' backedge_count='10' iicount='4'/>
</uncommon_trap>
DEOPT PACKING thread 0x00007fe28e009000 Compiled frame (sp=0x000000030c78f9e0 unextended sp=0x000000030c78f9e0, fp=0x00000007956bc278, real_fp=0x000000030c78fa10, pc=0x0000000114e5c11c)
     nmethod   6589  839             java.util.Arrays::fill (21 bytes)

     Virtual frames (innermost first):
        0 - frame( sp=0x000000030c78f9e0, unextended_sp=0x000000030c78f9e0, fp=0x00000007956bc278, pc=0x0000000114e5c11c)
java.util.Arrays.fill(Arrays.java:3130) - fast_aload_0 @ bci 10 
     Created vframeArray 0x00007fe28d07be20
DEOPT UNPACKING thread 0x00007fe28e009000 vframeArray 0x00007fe28d07be20 mode 2
     {method} {0x0000000111801cf8} &apos;fill&apos; &apos;([Ljava/lang/Object;Ljava/lang/Object;)V&apos; in &apos;java/util/Arrays&apos; - aload_0 @ bci 10 sp = 0x000000030c78f9b0
<uncommon_trap thread='9987' reason='uninitialized' action='reinterpret' compile_id='844' compiler='C2' count='5' stamp='6.609'>
Uncommon trap occurred in java.lang.invoke.LambdaForm::signatureArity (@0x0000000114e597bc) thread=9987 reason=uninitialized action=reinterpret unloaded_class_index=-1
<jvms bci='0' method='java/lang/invoke/LambdaForm signatureArity (Ljava/lang/String;)I' bytes='28' count='5' backedge_count='1' iicount='50' decompiles='5' uninitialized_traps='5'/>
</uncommon_trap>
DEOPT PACKING thread 0x00007fe28e009000 Compiled frame (sp=0x000000030c78faa0 unextended sp=0x000000030c78faa0, fp=0x00000007956bda70, real_fp=0x000000030c78fac0, pc=0x0000000114e597bc)
     nmethod   6608  844             java.lang.invoke.LambdaForm::signatureArity (28 bytes)

     Virtual frames (innermost first):
        0 - frame( sp=0x000000030c78faa0, unextended_sp=0x000000030c78faa0, fp=0x00000007956bda70, pc=0x0000000114e597bc)
java.lang.invoke.LambdaForm.signatureArity(LambdaForm.java:538) - getstatic @ bci 0 
     Created vframeArray 0x00007fe28d07d220
DEOPT UNPACKING thread 0x00007fe28e009000 vframeArray 0x00007fe28d07d220 mode 2
     {method} {0x0000000111721760} &apos;signatureArity&apos; &apos;(Ljava/lang/String;)I&apos; in &apos;java/lang/invoke/LambdaForm&apos; - getstatic @ bci 0 sp = 0x000000030c78fa68
<uncommon_trap thread='9987' reason='uninitialized' action='reinterpret' compile_id='842' compiler='C2' count='2' stamp='6.611'>
Uncommon trap occurred in java.lang.invoke.LambdaForm::prepare (@0x0000000114e5ca5c) thread=9987 reason=uninitialized action=reinterpret unloaded_class_index=-1
<jvms bci='0' method='java/lang/invoke/LambdaForm prepare ()V' bytes='43' count='6' backedge_count='1' iicount='29' decompiles='2' uninitialized_traps='2'/>
</uncommon_trap>
DEOPT PACKING thread 0x00007fe28e009000 Compiled frame (sp=0x000000030c78f990 unextended sp=0x000000030c78f990, fp=0x000000079568dd40, real_fp=0x000000030c78f9b0, pc=0x0000000114e5ca5c)
     nmethod   6610  842             java.lang.invoke.LambdaForm::prepare (43 bytes)

     Virtual frames (innermost first):
        0 - frame( sp=0x000000030c78f990, unextended_sp=0x000000030c78f990, fp=0x000000079568dd40, pc=0x0000000114e5ca5c)
java.lang.invoke.LambdaForm.prepare(LambdaForm.java:634) - getstatic @ bci 0 
     Created vframeArray 0x00007fe28d07be20
DEOPT UNPACKING thread 0x00007fe28e009000 vframeArray 0x00007fe28d07be20 mode 2
     {method} {0x0000000111721b58} &apos;prepare&apos; &apos;()V&apos; in &apos;java/lang/invoke/LambdaForm&apos; - getstatic @ bci 0 sp = 0x000000030c78f950
<uncommon_trap thread='9987' reason='uninitialized' action='reinterpret' compile_id='849' compiler='C2' count='6' stamp='6.637'>
Uncommon trap occurred in java.lang.invoke.LambdaForm::signatureArity (@0x0000000114e611fc) thread=9987 reason=uninitialized action=reinterpret unloaded_class_index=-1
<jvms bci='0' method='java/lang/invoke/LambdaForm signatureArity (Ljava/lang/String;)I' bytes='28' count='5' backedge_count='1' iicount='58' decompiles='6' uninitialized_traps='6'/>
</uncommon_trap>
DEOPT PACKING thread 0x00007fe28e009000 Compiled frame (sp=0x000000030c78fad0 unextended sp=0x000000030c78fad0, fp=0x00000007956bfc00, real_fp=0x000000030c78faf0, pc=0x0000000114e611fc)
     nmethod   6637  849             java.lang.invoke.LambdaForm::signatureArity (28 bytes)

     Virtual frames (innermost first):
        0 - frame( sp=0x000000030c78fad0, unextended_sp=0x000000030c78fad0, fp=0x00000007956bfc00, pc=0x0000000114e611fc)
java.lang.invoke.LambdaForm.signatureArity(LambdaForm.java:538) - getstatic @ bci 0 
     Created vframeArray 0x00007fe28c06d820
DEOPT UNPACKING thread 0x00007fe28e009000 vframeArray 0x00007fe28c06d820 mode 2
     {method} {0x0000000111721760} &apos;signatureArity&apos; &apos;(Ljava/lang/String;)I&apos; in &apos;java/lang/invoke/LambdaForm&apos; - getstatic @ bci 0 sp = 0x000000030c78faa0
<uncommon_trap thread='9987' reason='uninitialized' action='reinterpret' compile_id='746' compiler='C2' count='4' stamp='6.677'>
Uncommon trap occurred in java.lang.invoke.LambdaForm::normalize (@0x0000000114e20788) thread=9987 reason=uninitialized action=reinterpret unloaded_class_index=-1
<jvms bci='176' method='java/lang/invoke/LambdaForm normalize ()I' bytes='322' count='4' backedge_count='12' iicount='14' decompiles='4' uninitialized_traps='4'/>
</uncommon_trap>
DEOPT PACKING thread 0x00007fe28e009000 Compiled frame (sp=0x000000030c790580 unextended sp=0x000000030c790580, fp=0x00000007956c0168, real_fp=0x000000030c790610, pc=0x0000000114e20788)
     nmethod   6677  746             java.lang.invoke.LambdaForm::normalize (322 bytes)

     Virtual frames (innermost first):
        0 - frame( sp=0x000000030c790580, unextended_sp=0x000000030c790580, fp=0x00000007956c0168, pc=0x0000000114e20788)
java.lang.invoke.LambdaForm.normalize(LambdaForm.java:431) - getstatic @ bci 176 
     Created vframeArray 0x00007fe28e066420
DEOPT UNPACKING thread 0x00007fe28e009000 vframeArray 0x00007fe28e066420 mode 2
     {method} {0x0000000111720d08} &apos;normalize&apos; &apos;()I&apos; in &apos;java/lang/invoke/LambdaForm&apos; - getstatic @ bci 176 sp = 0x000000030c790578
<uncommon_trap thread='9987' reason='uninitialized' action='reinterpret' compile_id='845' compiler='C2' count='3' stamp='6.683'>
Uncommon trap occurred in java.lang.invoke.LambdaForm::compileToBytecode (@0x0000000114e5c738) thread=9987 reason=uninitialized action=reinterpret unloaded_class_index=-1
<jvms bci='24' method='java/lang/invoke/LambdaForm compileToBytecode ()Ljava/lang/invoke/MemberName;' bytes='103' count='6' backedge_count='1' iicount='35' decompiles='3' uninitialized_traps='3'/>
</uncommon_trap>
DEOPT PACKING thread 0x00007fe28e009000 Compiled frame (sp=0x000000030c790690 unextended sp=0x000000030c790690, fp=0x00000007956c0168, real_fp=0x000000030c7906c0, pc=0x0000000114e5c738)
     nmethod   6682  845   !         java.lang.invoke.LambdaForm::compileToBytecode (103 bytes)

     Virtual frames (innermost first):
        0 - frame( sp=0x000000030c790690, unextended_sp=0x000000030c790690, fp=0x00000007956c0168, pc=0x0000000114e5c738)
java.lang.invoke.LambdaForm.compileToBytecode(LambdaForm.java:652) - getstatic @ bci 24 
     Created vframeArray 0x00007fe28c06d820
DEOPT UNPACKING thread 0x00007fe28e009000 vframeArray 0x00007fe28c06d820 mode 2
     {method} {0x0000000111721ca0} &apos;compileToBytecode&apos; &apos;()Ljava/lang/invoke/MemberName;&apos; in &apos;java/lang/invoke/LambdaForm&apos; - getstatic @ bci 24 sp = 0x000000030c790660
<uncommon_trap thread='9987' reason='loop_limit_check' action='maybe_recompile' compile_id='748' compiler='C2' stamp='6.685'>
Uncommon trap occurred in java.lang.invoke.LambdaForm::useCount (@0x0000000114e241b0) thread=9987 reason=loop_limit_check action=maybe_recompile unloaded_class_index=-1
<jvms bci='74' method='java/lang/invoke/LambdaForm useCount (Ljava/lang/invoke/LambdaForm$Name;)I' bytes='99' count='5' backedge_count='6' iicount='6'/>
</uncommon_trap>
DEOPT PACKING thread 0x00007fe28e009000 Compiled frame (sp=0x000000030c790390 unextended sp=0x000000030c790390, fp=0x0000000000000000, real_fp=0x000000030c7903d0, pc=0x0000000114e241b0)
     nmethod   6685  748             java.lang.invoke.LambdaForm::useCount (99 bytes)

     Virtual frames (innermost first):
        0 - frame( sp=0x000000030c790390, unextended_sp=0x000000030c790390, fp=0x0000000000000000, pc=0x0000000114e241b0)
java.lang.invoke.LambdaForm.useCount(LambdaForm.java:1638) - fast_iload @ bci 74 
     Created vframeArray 0x00007fe28e066420
DEOPT UNPACKING thread 0x00007fe28e009000 vframeArray 0x00007fe28e066420 mode 2
     {method} {0x0000000111724878} &apos;useCount&apos; &apos;(Ljava/lang/invoke/LambdaForm$Name;)I&apos; in &apos;java/lang/invoke/LambdaForm&apos; - iload @ bci 74 sp = 0x000000030c790350
<uncommon_trap thread='9987' reason='unstable_if' action='reinterpret' compile_id='491' compiler='C2' stamp='6.705'>
Uncommon trap occurred in sun.invoke.util.VerifyAccess::isTypeVisible (@0x0000000114d9c220) thread=9987 reason=unstable_if action=reinterpret unloaded_class_index=-1
<jvms bci='6' method='java/lang/Class getClassLoader ()Ljava/lang/ClassLoader;' bytes='28' count='5' backedge_count='1' iicount='46'/>
<jvms bci='43' method='sun/invoke/util/VerifyAccess isTypeVisible (Ljava/lang/Class;Ljava/lang/Class;)Z' bytes='118' count='5' backedge_count='1' iicount='10'/>
</uncommon_trap>
DEOPT PACKING thread 0x00007fe28e009000 Compiled frame (sp=0x000000030c790910 unextended sp=0x000000030c790910, fp=0x00000000f2ab89ee, real_fp=0x000000030c790940, pc=0x0000000114d9c220)
     nmethod   6705  491             sun.invoke.util.VerifyAccess::isTypeVisible (118 bytes)

     Virtual frames (innermost first):
        0 - frame( sp=0x000000030c790910, unextended_sp=0x000000030c790910, fp=0x00000000f2ab89ee, pc=0x0000000114d9c220)
java.lang.Class.getClassLoader(Class.java:679) - ifnonnull @ bci 6 
        1 - frame( sp=0x000000030c790910, unextended_sp=0x000000030c790910, fp=0x00000000f2ab89ee, pc=0x0000000114d9c220)
sun.invoke.util.VerifyAccess.isTypeVisible(VerifyAccess.java:196) - invokevirtual @ bci 43 
     Created vframeArray 0x00007fe28d855a20
DEOPT UNPACKING thread 0x00007fe28e009000 vframeArray 0x00007fe28d855a20 mode 2
     {method} {0x0000000111a3a008} &apos;isTypeVisible&apos; &apos;(Ljava/lang/Class;Ljava/lang/Class;)Z&apos; in &apos;sun/invoke/util/VerifyAccess&apos; - invokevirtual @ bci 43 sp = 0x000000030c7908a8
     {method} {0x00000001116ba320} &apos;getClassLoader&apos; &apos;()Ljava/lang/ClassLoader;&apos; in &apos;java/lang/Class&apos; - ifnonnull @ bci 6 sp = 0x000000030c790850
<uncommon_trap thread='9987' reason='unstable_if' action='reinterpret' compile_id='20' compiler='C2' count='1' state='intrinsic recompiled' stamp='6.706'>
Uncommon trap occurred in java.lang.Class::getClassLoader (@0x0000000114c81ab4) thread=9987 reason=unstable_if action=reinterpret unloaded_class_index=-1
<jvms bci='6' method='java/lang/Class getClassLoader ()Ljava/lang/ClassLoader;' bytes='28' count='1' backedge_count='1' iicount='46' unstable_if_traps='1'/>
</uncommon_trap>
DEOPT PACKING thread 0x00007fe28e009000 Compiled frame (sp=0x000000030c7907c0 unextended sp=0x000000030c7907c0, fp=0x0000000795582920, real_fp=0x000000030c7907f0, pc=0x0000000114c81ab4)
     nmethod   6706   20             java.lang.Class::getClassLoader (28 bytes)

     Virtual frames (innermost first):
        0 - frame( sp=0x000000030c7907c0, unextended_sp=0x000000030c7907c0, fp=0x0000000795582920, pc=0x0000000114c81ab4)
java.lang.Class.getClassLoader(Class.java:679) - ifnonnull @ bci 6 
     Created vframeArray 0x00007fe28e066420
DEOPT UNPACKING thread 0x00007fe28e009000 vframeArray 0x00007fe28e066420 mode 2
     {method} {0x00000001116ba320} &apos;getClassLoader&apos; &apos;()Ljava/lang/ClassLoader;&apos; in &apos;java/lang/Class&apos; - ifnonnull @ bci 6 sp = 0x000000030c790780
<uncommon_trap thread='9987' reason='loop_limit_check' action='maybe_recompile' compile_id='697' compiler='C2' stamp='6.736'>
Uncommon trap occurred in java.lang.invoke.LambdaForm$Name::useCount (@0x0000000114e07bac) thread=9987 reason=loop_limit_check action=maybe_recompile unloaded_class_index=-1
<jvms bci='24' method='java/lang/invoke/LambdaForm$Name useCount (Ljava/lang/invoke/LambdaForm$Name;)I' bytes='42' count='4' backedge_count='8' iicount='4'/>
</uncommon_trap>
DEOPT PACKING thread 0x00007fe28e009000 Compiled frame (sp=0x000000030c7903c0 unextended sp=0x000000030c7903c0, fp=0x00000007956c5780, real_fp=0x000000030c790400, pc=0x0000000114e07bac)
     nmethod   6735  697             java.lang.invoke.LambdaForm$Name::useCount (42 bytes)

     Virtual frames (innermost first):
        0 - frame( sp=0x000000030c7903c0, unextended_sp=0x000000030c7903c0, fp=0x00000007956c5780, pc=0x0000000114e07bac)
java.lang.invoke.LambdaForm$Name.useCount(LambdaForm.java:1582) - fast_aaccess_0 @ bci 24 
     Created vframeArray 0x00007fe28c06d820
DEOPT UNPACKING thread 0x00007fe28e009000 vframeArray 0x00007fe28c06d820 mode 2
     {method} {0x0000000111a50498} &apos;useCount&apos; &apos;(Ljava/lang/invoke/LambdaForm$Name;)I&apos; in &apos;java/lang/invoke/LambdaForm$Name&apos; - aload_0 @ bci 24 sp = 0x000000030c7903a0
<dependency_failed type='unique_concrete_method' ctxk='java/lang/invoke/MethodHandle' x='java/lang/invoke/MethodHandle intrinsicName ()Ljava/lang/invoke/MethodHandleImpl$Intrinsic;' witness='java/lang/invoke/MethodHandleImpl$IntrinsicMethodHandle' stamp='6.956'/>
<uncommon_trap thread='9987' reason='array_check' action='maybe_recompile' compile_id='843' compiler='C2' stamp='7.130'>
Uncommon trap occurred in java.util.Arrays::fill (@0x0000000114e5b460) thread=9987 reason=array_check action=maybe_recompile unloaded_class_index=-1
<jvms bci='13' method='java/util/Arrays fill ([Ljava/lang/Object;Ljava/lang/Object;)V' bytes='21' count='5' backedge_count='11' iicount='6' decompiles='1' predicate_traps='1'/>
</uncommon_trap>
DEOPT PACKING thread 0x00007fe28e009000 Compiled frame (sp=0x000000030c78ef10 unextended sp=0x000000030c78ef10, fp=0x00000007957b1b18, real_fp=0x000000030c78ef60, pc=0x0000000114e5b460)
     nmethod   7130  843             java.util.Arrays::fill (21 bytes)

     Virtual frames (innermost first):
        0 - frame( sp=0x000000030c78ef10, unextended_sp=0x000000030c78ef10, fp=0x00000007957b1b18, pc=0x0000000114e5b460)
java.util.Arrays.fill(Arrays.java:3130) - aastore @ bci 13 
     Created vframeArray 0x00007fe28e008220
DEOPT UNPACKING thread 0x00007fe28e009000 vframeArray 0x00007fe28e008220 mode 2
     {method} {0x0000000111801cf8} &apos;fill&apos; &apos;([Ljava/lang/Object;Ljava/lang/Object;)V&apos; in &apos;java/util/Arrays&apos; - aastore @ bci 13 sp = 0x000000030c78eed8
<uncommon_trap thread='9987' reason='array_check' action='maybe_recompile' compile_id='843' compiler='C2' count='1' state='array_check' stamp='7.248'>
Uncommon trap occurred in java.util.Arrays::fill (@0x0000000114e5b460) thread=9987 reason=array_check action=maybe_recompile unloaded_class_index=-1
<jvms bci='13' method='java/util/Arrays fill ([Ljava/lang/Object;Ljava/lang/Object;)V' bytes='21' count='5' backedge_count='18' iicount='6' decompiles='1' array_check_traps='1' predicate_traps='1'/>
</uncommon_trap>
DEOPT PACKING thread 0x00007fe28e009000 Compiled frame (sp=0x000000030c78ef10 unextended sp=0x000000030c78ef10, fp=0x00000007957bdbe8, real_fp=0x000000030c78ef60, pc=0x0000000114e5b460)
     nmethod   7247  843             java.util.Arrays::fill (21 bytes)

     Virtual frames (innermost first):
        0 - frame( sp=0x000000030c78ef10, unextended_sp=0x000000030c78ef10, fp=0x00000007957bdbe8, pc=0x0000000114e5b460)
java.util.Arrays.fill(Arrays.java:3130) - aastore @ bci 13 
     Created vframeArray 0x00007fe28e066420
DEOPT UNPACKING thread 0x00007fe28e009000 vframeArray 0x00007fe28e066420 mode 2
     {method} {0x0000000111801cf8} &apos;fill&apos; &apos;([Ljava/lang/Object;Ljava/lang/Object;)V&apos; in &apos;java/util/Arrays&apos; - aastore @ bci 13 sp = 0x000000030c78eed8
<uncommon_trap thread='9987' reason='array_check' action='maybe_recompile' compile_id='843' compiler='C2' count='2' state='array_check' stamp='7.271'>
Uncommon trap occurred in java.util.Arrays::fill (@0x0000000114e5b460) thread=9987 reason=array_check action=maybe_recompile unloaded_class_index=-1
<jvms bci='13' method='java/util/Arrays fill ([Ljava/lang/Object;Ljava/lang/Object;)V' bytes='21' count='5' backedge_count='26' iicount='6' decompiles='1' array_check_traps='2' predicate_traps='1'/>
</uncommon_trap>
DEOPT PACKING thread 0x00007fe28e009000 Compiled frame (sp=0x000000030c78ef10 unextended sp=0x000000030c78ef10, fp=0x00000007957caaf0, real_fp=0x000000030c78ef60, pc=0x0000000114e5b460)
     nmethod   7271  843             java.util.Arrays::fill (21 bytes)

     Virtual frames (innermost first):
        0 - frame( sp=0x000000030c78ef10, unextended_sp=0x000000030c78ef10, fp=0x00000007957caaf0, pc=0x0000000114e5b460)
java.util.Arrays.fill(Arrays.java:3130) - aastore @ bci 13 
     Created vframeArray 0x00007fe28e008220
DEOPT UNPACKING thread 0x00007fe28e009000 vframeArray 0x00007fe28e008220 mode 2
     {method} {0x0000000111801cf8} &apos;fill&apos; &apos;([Ljava/lang/Object;Ljava/lang/Object;)V&apos; in &apos;java/util/Arrays&apos; - aastore @ bci 13 sp = 0x000000030c78eed8
<uncommon_trap thread='9987' reason='unstable_if' action='reinterpret' compile_id='855' compiler='C2' stamp='7.291'>
Uncommon trap occurred in java.lang.invoke.LambdaForm::argument (@0x0000000114e5f21c) thread=9987 reason=unstable_if action=reinterpret unloaded_class_index=-1
<jvms bci='3' method='java/lang/invoke/LambdaForm argument (ILjava/lang/invoke/LambdaForm$BasicType;)Ljava/lang/invoke/LambdaForm$Name;' bytes='27' count='6' backedge_count='1' iicount='75' decompiles='8' uninitialized_traps='8'/>
</uncommon_trap>
DEOPT PACKING thread 0x00007fe28e009000 Compiled frame (sp=0x000000030c78eaf0 unextended sp=0x000000030c78eaf0, fp=0x00000007957cf298, real_fp=0x000000030c78eb20, pc=0x0000000114e5f21c)
     nmethod   7291  855             java.lang.invoke.LambdaForm::argument (27 bytes)

     Virtual frames (innermost first):
        0 - frame( sp=0x000000030c78eaf0, unextended_sp=0x000000030c78eaf0, fp=0x00000007957cf298, pc=0x0000000114e5f21c)
java.lang.invoke.LambdaForm.argument(LambdaForm.java:1647) - if_icmplt @ bci 3 
     Created vframeArray 0x00007fe28e066420
DEOPT UNPACKING thread 0x00007fe28e009000 vframeArray 0x00007fe28e066420 mode 2
     {method} {0x0000000111724a10} &apos;argument&apos; &apos;(ILjava/lang/invoke/LambdaForm$BasicType;)Ljava/lang/invoke/LambdaForm$Name;&apos; in &apos;java/lang/invoke/LambdaForm&apos; - if_icmplt @ bci 3 sp = 0x000000030c78eab0
<uncommon_trap thread='9987' reason='array_check' action='maybe_recompile' compile_id='843' compiler='C2' count='3' state='array_check' stamp='7.303'>
Uncommon trap occurred in java.util.Arrays::fill (@0x0000000114e5b460) thread=9987 reason=array_check action=maybe_recompile unloaded_class_index=-1
<jvms bci='13' method='java/util/Arrays fill ([Ljava/lang/Object;Ljava/lang/Object;)V' bytes='21' count='5' backedge_count='35' iicount='6' decompiles='1' array_check_traps='3' predicate_traps='1'/>
</uncommon_trap>
DEOPT PACKING thread 0x00007fe28e009000 Compiled frame (sp=0x000000030c78ef60 unextended sp=0x000000030c78ef60, fp=0x00000007957d7d10, real_fp=0x000000030c78efb0, pc=0x0000000114e5b460)
     nmethod   7303  843             java.util.Arrays::fill (21 bytes)

     Virtual frames (innermost first):
        0 - frame( sp=0x000000030c78ef60, unextended_sp=0x000000030c78ef60, fp=0x00000007957d7d10, pc=0x0000000114e5b460)
java.util.Arrays.fill(Arrays.java:3130) - aastore @ bci 13 
     Created vframeArray 0x00007fe28e008220
DEOPT UNPACKING thread 0x00007fe28e009000 vframeArray 0x00007fe28e008220 mode 2
     {method} {0x0000000111801cf8} &apos;fill&apos; &apos;([Ljava/lang/Object;Ljava/lang/Object;)V&apos; in &apos;java/util/Arrays&apos; - aastore @ bci 13 sp = 0x000000030c78ef28
<uncommon_trap thread='9987' reason='unloaded' action='reinterpret' index='11' compile_id='474' compiler='C2' unresolved='1' name='java/lang/StringBuilder' stamp='7.322'>
Uncommon trap occurred in java.lang.Class::getSimpleName (@0x0000000114d96358) thread=9987 reason=unloaded action=reinterpret unloaded_class_index=11 unresolved class: java/lang/StringBuilder
<jvms bci='7' method='java/lang/Class getSimpleName ()Ljava/lang/String;' bytes='120' count='5' backedge_count='1' iicount='10'/>
</uncommon_trap>
DEOPT PACKING thread 0x00007fe28e009000 Compiled frame (sp=0x000000030c78ed10 unextended sp=0x000000030c78ed10, fp=0x0000000795584090, real_fp=0x000000030c78ed50, pc=0x0000000114d96358)
     nmethod   7322  474             java.lang.Class::getSimpleName (120 bytes)

     Virtual frames (innermost first):
        0 - frame( sp=0x000000030c78ed10, unextended_sp=0x000000030c78ed10, fp=0x0000000795584090, pc=0x0000000114d96358)
java.lang.Class.getSimpleName(Class.java:1307) - new @ bci 7 
     Created vframeArray 0x00007fe28d855a20
DEOPT UNPACKING thread 0x00007fe28e009000 vframeArray 0x00007fe28d855a20 mode 2
     {method} {0x00000001116bb770} &apos;getSimpleName&apos; &apos;()Ljava/lang/String;&apos; in &apos;java/lang/Class&apos; - new @ bci 7 sp = 0x000000030c78ece8
<uncommon_trap thread='9987' reason='null_assert' action='make_not_entrant' compile_id='523' compiler='C2' stamp='7.323'>
Uncommon trap occurred in java.lang.invoke.MemberName$Factory::resolveOrFail (@0x0000000114d94728) thread=9987 reason=null_assert action=make_not_entrant unloaded_class_index=-1
<jvms bci='29' method='java/lang/invoke/MemberName$Factory resolveOrFail (BLjava/lang/invoke/MemberName;Ljava/lang/Class;Ljava/lang/Class;)Ljava/lang/invoke/MemberName;' bytes='52' count='5' backedge_count='1' iicount='10'/>
</uncommon_trap>
DEOPT PACKING thread 0x00007fe28e009000 Compiled frame (sp=0x000000030c78ef70 unextended sp=0x000000030c78ef70, fp=0x0000000795675370, real_fp=0x000000030c78efa0, pc=0x0000000114d94728)
     nmethod   7323  523             java.lang.invoke.MemberName$Factory::resolveOrFail (52 bytes)

     Virtual frames (innermost first):
        0 - frame( sp=0x000000030c78ef70, unextended_sp=0x000000030c78ef70, fp=0x0000000795675370, pc=0x0000000114d94728)
java.lang.invoke.MemberName$Factory.resolveOrFail(MemberName.java:1004) - instanceof @ bci 29 
     Created vframeArray 0x00007fe28c06ec20
DEOPT UNPACKING thread 0x00007fe28e009000 vframeArray 0x00007fe28c06ec20 mode 2
     {method} {0x00000001119172d8} &apos;resolveOrFail&apos; &apos;(BLjava/lang/invoke/MemberName;Ljava/lang/Class;Ljava/lang/Class;)Ljava/lang/invoke/MemberName;&apos; in &apos;java/lang/invoke/MemberName$Factory&apos; - instanceof @ bci 29 sp = 0x000000030c78ef10
<uncommon_trap thread='9987' reason='null_check' action='make_not_entrant' compile_id='195' compiler='C2' stamp='7.325'>
Uncommon trap occurred in java.util.ArrayList::add (@0x0000000114d07f28) thread=9987 reason=null_check action=make_not_entrant unloaded_class_index=-1
<jvms bci='26' method='java/util/ArrayList add (Ljava/lang/Object;)Z' bytes='29' count='5' backedge_count='1' iicount='10'/>
</uncommon_trap>
DEOPT PACKING thread 0x00007fe28e009000 Compiled frame (sp=0x000000030c78f030 unextended sp=0x000000030c78f030, fp=0x00000000f2afce24, real_fp=0x000000030c78f060, pc=0x0000000114d07f28)
     nmethod   7324  195             java.util.ArrayList::add (29 bytes)

     Virtual frames (innermost first):
        0 - frame( sp=0x000000030c78f030, unextended_sp=0x000000030c78f030, fp=0x00000000f2afce24, pc=0x0000000114d07f28)
java.util.ArrayList.add(ArrayList.java:465) - aastore @ bci 26 
     Created vframeArray 0x00007fe28d07ca20
DEOPT UNPACKING thread 0x00007fe28e009000 vframeArray 0x00007fe28d07ca20 mode 2
     {method} {0x00000001117a4468} &apos;add&apos; &apos;(Ljava/lang/Object;)Z&apos; in &apos;java/util/ArrayList&apos; - aastore @ bci 26 sp = 0x000000030c78eff8
<uncommon_trap thread='9987' reason='class_check' action='maybe_recompile' compile_id='892' compiler='C2' stamp='7.365'>
Uncommon trap occurred in java.lang.invoke.InvokerBytecodeGenerator::generateCustomizedCodeBytes (@0x0000000114e7a598) thread=9987 reason=class_check action=maybe_recompile unloaded_class_index=-1
<jvms bci='17' method='java/lang/invoke/LambdaForm$NamedFunction intrinsicName ()Ljava/lang/invoke/MethodHandleImpl$Intrinsic;' bytes='21' count='5' backedge_count='1' iicount='10'/>
<jvms bci='180' method='java/lang/invoke/InvokerBytecodeGenerator generateCustomizedCodeBytes ()[B' bytes='604' count='5' backedge_count='7' iicount='5' decompiles='1'/>
</uncommon_trap>
DEOPT PACKING thread 0x00007fe28e009000 Compiled frame (sp=0x000000030c78eb20 unextended sp=0x000000030c78eb20, fp=0x0000000000000003, real_fp=0x000000030c78eb90, pc=0x0000000114e7a598)
     nmethod   7364  892             java.lang.invoke.InvokerBytecodeGenerator::generateCustomizedCodeBytes (604 bytes)

     Virtual frames (innermost first):
        0 - frame( sp=0x000000030c78eb20, unextended_sp=0x000000030c78eb20, fp=0x0000000000000003, pc=0x0000000114e7a598)
java.lang.invoke.LambdaForm$NamedFunction.intrinsicName(LambdaForm.java:1328) - invokevirtual @ bci 17 
        1 - frame( sp=0x000000030c78eb20, unextended_sp=0x000000030c78eb20, fp=0x0000000000000003, pc=0x0000000114e7a598)
java.lang.invoke.InvokerBytecodeGenerator.generateCustomizedCodeBytes(InvokerBytecodeGenerator.java:668) - invokevirtual @ bci 180 
     Created vframeArray 0x00007fe28e008220
DEOPT UNPACKING thread 0x00007fe28e009000 vframeArray 0x00007fe28e008220 mode 2
     {method} {0x0000000111a7d450} &apos;generateCustomizedCodeBytes&apos; &apos;()[B&apos; in &apos;java/lang/invoke/InvokerBytecodeGenerator&apos; - invokevirtual @ bci 180 sp = 0x000000030c78eb08
     {method} {0x0000000111a552c8} &apos;intrinsicName&apos; &apos;()Ljava/lang/invoke/MethodHandleImpl$Intrinsic;&apos; in &apos;java/lang/invoke/LambdaForm$NamedFunction&apos; - invokevirtual @ bci 17 sp = 0x000000030c78eab0
<uncommon_trap thread='9987' reason='class_check' action='maybe_recompile' compile_id='829' compiler='C2' stamp='7.367'>
Uncommon trap occurred in java.lang.invoke.MethodType::listToArray (@0x0000000114e5559c) thread=9987 reason=class_check action=maybe_recompile unloaded_class_index=-1
<jvms bci='1' method='java/lang/invoke/MethodType listToArray (Ljava/util/List;)[Ljava/lang/Class;' bytes='22' count='5' backedge_count='1' iicount='10'/>
</uncommon_trap>
DEOPT PACKING thread 0x00007fe28e009000 Compiled frame (sp=0x000000030c78ecf0 unextended sp=0x000000030c78ecf0, fp=0x000000030c78ed80, real_fp=0x000000030c78ed20, pc=0x0000000114e5559c)
     nmethod   7366  829             java.lang.invoke.MethodType::listToArray (22 bytes)

     Virtual frames (innermost first):
        0 - frame( sp=0x000000030c78ecf0, unextended_sp=0x000000030c78ecf0, fp=0x000000030c78ed80, pc=0x0000000114e5559c)
java.lang.invoke.MethodType.listToArray(MethodType.java:227) - invokeinterface @ bci 1 
     Created vframeArray 0x00007fe28e068c20
DEOPT UNPACKING thread 0x00007fe28e009000 vframeArray 0x00007fe28e068c20 mode 2
     {method} {0x0000000111728a50} &apos;listToArray&apos; &apos;(Ljava/util/List;)[Ljava/lang/Class;&apos; in &apos;java/lang/invoke/MethodType&apos; - invokeinterface @ bci 1 sp = 0x000000030c78ecc8
<uncommon_trap thread='9987' reason='class_check' action='maybe_recompile' compile_id='892' compiler='C2' count='1' state='class_check' stamp='7.373'>
Uncommon trap occurred in java.lang.invoke.InvokerBytecodeGenerator::generateCustomizedCodeBytes (@0x0000000114e7a598) thread=9987 reason=class_check action=maybe_recompile unloaded_class_index=-1
<jvms bci='17' method='java/lang/invoke/LambdaForm$NamedFunction intrinsicName ()Ljava/lang/invoke/MethodHandleImpl$Intrinsic;' bytes='21' count='5' backedge_count='1' iicount='10' class_check_traps='1'/>
<jvms bci='180' method='java/lang/invoke/InvokerBytecodeGenerator generateCustomizedCodeBytes ()[B' bytes='604' count='5' backedge_count='9' iicount='5' decompiles='1'/>
</uncommon_trap>
DEOPT PACKING thread 0x00007fe28e009000 Compiled frame (sp=0x000000030c78ebe0 unextended sp=0x000000030c78ebe0, fp=0x0000000000000002, real_fp=0x000000030c78ec50, pc=0x0000000114e7a598)
     nmethod   7372  892             java.lang.invoke.InvokerBytecodeGenerator::generateCustomizedCodeBytes (604 bytes)

     Virtual frames (innermost first):
        0 - frame( sp=0x000000030c78ebe0, unextended_sp=0x000000030c78ebe0, fp=0x0000000000000002, pc=0x0000000114e7a598)
java.lang.invoke.LambdaForm$NamedFunction.intrinsicName(LambdaForm.java:1328) - invokevirtual @ bci 17 
        1 - frame( sp=0x000000030c78ebe0, unextended_sp=0x000000030c78ebe0, fp=0x0000000000000002, pc=0x0000000114e7a598)
java.lang.invoke.InvokerBytecodeGenerator.generateCustomizedCodeBytes(InvokerBytecodeGenerator.java:668) - invokevirtual @ bci 180 
     Created vframeArray 0x00007fe28e008220
DEOPT UNPACKING thread 0x00007fe28e009000 vframeArray 0x00007fe28e008220 mode 2
     {method} {0x0000000111a7d450} &apos;generateCustomizedCodeBytes&apos; &apos;()[B&apos; in &apos;java/lang/invoke/InvokerBytecodeGenerator&apos; - invokevirtual @ bci 180 sp = 0x000000030c78ebc8
     {method} {0x0000000111a552c8} &apos;intrinsicName&apos; &apos;()Ljava/lang/invoke/MethodHandleImpl$Intrinsic;&apos; in &apos;java/lang/invoke/LambdaForm$NamedFunction&apos; - invokevirtual @ bci 17 sp = 0x000000030c78eb70
<uncommon_trap thread='9987' reason='class_check' action='maybe_recompile' compile_id='892' compiler='C2' count='2' state='class_check' stamp='7.396'>
Uncommon trap occurred in java.lang.invoke.InvokerBytecodeGenerator::generateCustomizedCodeBytes (@0x0000000114e7a598) thread=9987 reason=class_check action=maybe_recompile unloaded_class_index=-1
<jvms bci='17' method='java/lang/invoke/LambdaForm$NamedFunction intrinsicName ()Ljava/lang/invoke/MethodHandleImpl$Intrinsic;' bytes='21' count='5' backedge_count='1' iicount='10' class_check_traps='2'/>
<jvms bci='180' method='java/lang/invoke/InvokerBytecodeGenerator generateCustomizedCodeBytes ()[B' bytes='604' count='5' backedge_count='9' iicount='5' decompiles='1'/>
</uncommon_trap>
DEOPT PACKING thread 0x00007fe28e009000 Compiled frame (sp=0x000000030c78e3d0 unextended sp=0x000000030c78e3d0, fp=0x0000000000000001, real_fp=0x000000030c78e440, pc=0x0000000114e7a598)
     nmethod   7395  892             java.lang.invoke.InvokerBytecodeGenerator::generateCustomizedCodeBytes (604 bytes)

     Virtual frames (innermost first):
        0 - frame( sp=0x000000030c78e3d0, unextended_sp=0x000000030c78e3d0, fp=0x0000000000000001, pc=0x0000000114e7a598)
java.lang.invoke.LambdaForm$NamedFunction.intrinsicName(LambdaForm.java:1328) - invokevirtual @ bci 17 
        1 - frame( sp=0x000000030c78e3d0, unextended_sp=0x000000030c78e3d0, fp=0x0000000000000001, pc=0x0000000114e7a598)
java.lang.invoke.InvokerBytecodeGenerator.generateCustomizedCodeBytes(InvokerBytecodeGenerator.java:668) - invokevirtual @ bci 180 
     Created vframeArray 0x00007fe28c06ea20
DEOPT UNPACKING thread 0x00007fe28e009000 vframeArray 0x00007fe28c06ea20 mode 2
     {method} {0x0000000111a7d450} &apos;generateCustomizedCodeBytes&apos; &apos;()[B&apos; in &apos;java/lang/invoke/InvokerBytecodeGenerator&apos; - invokevirtual @ bci 180 sp = 0x000000030c78e3b8
     {method} {0x0000000111a552c8} &apos;intrinsicName&apos; &apos;()Ljava/lang/invoke/MethodHandleImpl$Intrinsic;&apos; in &apos;java/lang/invoke/LambdaForm$NamedFunction&apos; - invokevirtual @ bci 17 sp = 0x000000030c78e360
<uncommon_trap thread='9987' reason='class_check' action='maybe_recompile' compile_id='894' compiler='C2' count='3' state='class_check' stamp='7.402'>
Uncommon trap occurred in java.lang.invoke.LambdaForm$NamedFunction::intrinsicName (@0x0000000114d27948) thread=9987 reason=class_check action=maybe_recompile unloaded_class_index=-1
<jvms bci='17' method='java/lang/invoke/LambdaForm$NamedFunction intrinsicName ()Ljava/lang/invoke/MethodHandleImpl$Intrinsic;' bytes='21' count='5' backedge_count='1' iicount='10' class_check_traps='3'/>
</uncommon_trap>
DEOPT PACKING thread 0x00007fe28e009000 Compiled frame (sp=0x000000030c78eba0 unextended sp=0x000000030c78eba0, fp=0x00000000f2ad36d2, real_fp=0x000000030c78ebc0, pc=0x0000000114d27948)
     nmethod   7402  894             java.lang.invoke.LambdaForm$NamedFunction::intrinsicName (21 bytes)

     Virtual frames (innermost first):
        0 - frame( sp=0x000000030c78eba0, unextended_sp=0x000000030c78eba0, fp=0x00000000f2ad36d2, pc=0x0000000114d27948)
java.lang.invoke.LambdaForm$NamedFunction.intrinsicName(LambdaForm.java:1328) - invokevirtual @ bci 17 
     Created vframeArray 0x00007fe28e008220
DEOPT UNPACKING thread 0x00007fe28e009000 vframeArray 0x00007fe28e008220 mode 2
     {method} {0x0000000111a552c8} &apos;intrinsicName&apos; &apos;()Ljava/lang/invoke/MethodHandleImpl$Intrinsic;&apos; in &apos;java/lang/invoke/LambdaForm$NamedFunction&apos; - invokevirtual @ bci 17 sp = 0x000000030c78eb68
<uncommon_trap thread='9987' reason='class_check' action='maybe_recompile' compile_id='892' compiler='C2' count='4' state='class_check recompiled' stamp='7.446'>
Uncommon trap occurred in java.lang.invoke.InvokerBytecodeGenerator::generateCustomizedCodeBytes (@0x0000000114e7a598) thread=9987 reason=class_check action=maybe_recompile unloaded_class_index=-1
<jvms bci='17' method='java/lang/invoke/LambdaForm$NamedFunction intrinsicName ()Ljava/lang/invoke/MethodHandleImpl$Intrinsic;' bytes='21' count='6' backedge_count='1' iicount='11' decompiles='1' class_check_traps='4'/>
<jvms bci='180' method='java/lang/invoke/InvokerBytecodeGenerator generateCustomizedCodeBytes ()[B' bytes='604' count='5' backedge_count='14' iicount='5' decompiles='1'/>
</uncommon_trap>
DEOPT PACKING thread 0x00007fe28e009000 Compiled frame (sp=0x000000030c78faf0 unextended sp=0x000000030c78faf0, fp=0x0000000000000001, real_fp=0x000000030c78fb60, pc=0x0000000114e7a598)
     nmethod   7446  892             java.lang.invoke.InvokerBytecodeGenerator::generateCustomizedCodeBytes (604 bytes)

     Virtual frames (innermost first):
        0 - frame( sp=0x000000030c78faf0, unextended_sp=0x000000030c78faf0, fp=0x0000000000000001, pc=0x0000000114e7a598)
java.lang.invoke.LambdaForm$NamedFunction.intrinsicName(LambdaForm.java:1328) - invokevirtual @ bci 17 
        1 - frame( sp=0x000000030c78faf0, unextended_sp=0x000000030c78faf0, fp=0x0000000000000001, pc=0x0000000114e7a598)
java.lang.invoke.InvokerBytecodeGenerator.generateCustomizedCodeBytes(InvokerBytecodeGenerator.java:668) - invokevirtual @ bci 180 
     Created vframeArray 0x00007fe28d07ca20
DEOPT UNPACKING thread 0x00007fe28e009000 vframeArray 0x00007fe28d07ca20 mode 2
     {method} {0x0000000111a7d450} &apos;generateCustomizedCodeBytes&apos; &apos;()[B&apos; in &apos;java/lang/invoke/InvokerBytecodeGenerator&apos; - invokevirtual @ bci 180 sp = 0x000000030c78fad8
     {method} {0x0000000111a552c8} &apos;intrinsicName&apos; &apos;()Ljava/lang/invoke/MethodHandleImpl$Intrinsic;&apos; in &apos;java/lang/invoke/LambdaForm$NamedFunction&apos; - invokevirtual @ bci 17 sp = 0x000000030c78fa80
<uncommon_trap thread='9987' reason='null_assert' action='make_not_entrant' compile_id='702' compiler='C2' stamp='7.548'>
Uncommon trap occurred in jdk.internal.org.objectweb.asm.ClassWriter::toByteArray (@0x0000000114e14020) thread=9987 reason=null_assert action=make_not_entrant unloaded_class_index=-1
<jvms bci='35' method='jdk/internal/org/objectweb/asm/ClassWriter toByteArray ()[B' bytes='1289' count='4' backedge_count='7' iicount='4'/>
</uncommon_trap>
DEOPT PACKING thread 0x00007fe28e009000 Compiled frame (sp=0x000000030c78ff90 unextended sp=0x000000030c78ff90, fp=0x00000000f2b03f5c, real_fp=0x000000030c78ffe0, pc=0x0000000114e14020)
     nmethod   7548  702             jdk.internal.org.objectweb.asm.ClassWriter::toByteArray (1289 bytes)

     Virtual frames (innermost first):
        0 - frame( sp=0x000000030c78ff90, unextended_sp=0x000000030c78ff90, fp=0x00000000f2b03f5c, pc=0x0000000114e14020)
jdk.internal.org.objectweb.asm.ClassWriter.toByteArray(ClassWriter.java:846) - astore_3 @ bci 35 
     Created vframeArray 0x00007fe28d029a20
DEOPT UNPACKING thread 0x00007fe28e009000 vframeArray 0x00007fe28d029a20 mode 2
     {method} {0x0000000111a86240} &apos;toByteArray&apos; &apos;()[B&apos; in &apos;jdk/internal/org/objectweb/asm/ClassWriter&apos; - astore_3 @ bci 35 sp = 0x000000030c78ff40
<dependency_failed type='abstract_with_unique_concrete_subtype' ctxk='java/util/HashMap$HashIterator' x='java/util/HashMap$ValueIterator' witness='java/util/HashMap$EntryIterator' stamp='7.561'/>
<dependency_failed type='abstract_with_unique_concrete_subtype' ctxk='java/util/HashMap$HashIterator' x='java/util/HashMap$ValueIterator' witness='java/util/HashMap$EntryIterator' stamp='7.561'/>
<dependency_failed type='abstract_with_unique_concrete_subtype' ctxk='java/util/HashMap$HashIterator' x='java/util/HashMap$ValueIterator' witness='java/util/HashMap$EntryIterator' stamp='7.561'/>
<uncommon_trap thread='9987' reason='class_check' action='maybe_recompile' compile_id='149' compiler='C2' count='1' state='class_check' stamp='7.579'>
Uncommon trap occurred in java.util.HashMap::putVal (@0x0000000114cf3e4c) thread=9987 reason=class_check action=maybe_recompile unloaded_class_index=-1
<jvms bci='152' method='java/util/HashMap putVal (ILjava/lang/Object;Ljava/lang/Object;ZZ)Ljava/lang/Object;' bytes='300' count='2' backedge_count='1' iicount='14' class_check_traps='1'/>
</uncommon_trap>
DEOPT PACKING thread 0x00007fe28e009000 Compiled frame (sp=0x000000030c78f4a0 unextended sp=0x000000030c78f4a0, fp=0x00000007c001cf10, real_fp=0x000000030c78f550, pc=0x0000000114cf3e4c)
     nmethod   7578  149             java.util.HashMap::putVal (300 bytes)

     Virtual frames (innermost first):
        0 - frame( sp=0x000000030c78f4a0, unextended_sp=0x000000030c78f4a0, fp=0x00000007c001cf10, pc=0x0000000114cf3e4c)
java.util.HashMap.putVal(HashMap.java:643) - invokevirtual @ bci 152 
     Created vframeArray 0x00007fe28c06ea20
DEOPT UNPACKING thread 0x00007fe28e009000 vframeArray 0x00007fe28c06ea20 mode 2
     {method} {0x00000001117c3a98} &apos;putVal&apos; &apos;(ILjava/lang/Object;Ljava/lang/Object;ZZ)Ljava/lang/Object;&apos; in &apos;java/util/HashMap&apos; - invokevirtual @ bci 152 sp = 0x000000030c78f498
<uncommon_trap thread='9987' reason='class_check' action='maybe_recompile' compile_id='562' compiler='C2' stamp='7.580'>
Uncommon trap occurred in java.util.Arrays::equals (@0x0000000114db7408) thread=9987 reason=class_check action=maybe_recompile unloaded_class_index=-1
<jvms bci='62' method='java/util/Arrays equals ([Ljava/lang/Object;[Ljava/lang/Object;)Z' bytes='78' count='3' backedge_count='9' iicount='3'/>
</uncommon_trap>
DEOPT PACKING thread 0x00007fe28e009000 Compiled frame (sp=0x000000030c7904e0 unextended sp=0x000000030c7904e0, fp=0x00000007957ff5c8, real_fp=0x000000030c790520, pc=0x0000000114db7408)
     nmethod   7580  562             java.util.Arrays::equals (78 bytes)

     Virtual frames (innermost first):
        0 - frame( sp=0x000000030c7904e0, unextended_sp=0x000000030c7904e0, fp=0x00000007957ff5c8, pc=0x0000000114db7408)
java.util.Arrays.equals(Arrays.java:2829) - invokevirtual @ bci 62 
     Created vframeArray 0x00007fe28d029a20
DEOPT UNPACKING thread 0x00007fe28e009000 vframeArray 0x00007fe28d029a20 mode 2
     {method} {0x0000000111800c88} &apos;equals&apos; &apos;([Ljava/lang/Object;[Ljava/lang/Object;)Z&apos; in &apos;java/util/Arrays&apos; - invokevirtual @ bci 62 sp = 0x000000030c7904a0
<uncommon_trap thread='9987' reason='unstable_if' action='reinterpret' compile_id='865' compiler='C2' stamp='7.634'>
Uncommon trap occurred in java.lang.invoke.LambdaForm::normalize (@0x0000000114e67ba0) thread=9987 reason=unstable_if action=reinterpret unloaded_class_index=-1
<jvms bci='35' method='java/lang/invoke/LambdaForm normalize ()I' bytes='322' count='2' backedge_count='11' iicount='15' decompiles='5' uninitialized_traps='5'/>
</uncommon_trap>
DEOPT PACKING thread 0x00007fe28e009000 Compiled frame (sp=0x000000030c7903d0 unextended sp=0x000000030c7903d0, fp=0x0000000000000001, real_fp=0x000000030c790420, pc=0x0000000114e67ba0)
     nmethod   7634  865             java.lang.invoke.LambdaForm::normalize (322 bytes)

     Virtual frames (innermost first):
        0 - frame( sp=0x000000030c7903d0, unextended_sp=0x000000030c7903d0, fp=0x0000000000000001, pc=0x0000000114e67ba0)
java.lang.invoke.LambdaForm.normalize(LambdaForm.java:412) - ifne @ bci 35 
     Created vframeArray 0x00007fe28e008220
DEOPT UNPACKING thread 0x00007fe28e009000 vframeArray 0x00007fe28e008220 mode 2
     {method} {0x0000000111720d08} &apos;normalize&apos; &apos;()I&apos; in &apos;java/lang/invoke/LambdaForm&apos; - ifne @ bci 35 sp = 0x000000030c790380
<uncommon_trap thread='9987' reason='class_check' action='maybe_recompile' compile_id='562' compiler='C2' count='1' state='class_check' stamp='7.730'>
Uncommon trap occurred in java.util.Arrays::equals (@0x0000000114db7408) thread=9987 reason=class_check action=maybe_recompile unloaded_class_index=-1
<jvms bci='62' method='java/util/Arrays equals ([Ljava/lang/Object;[Ljava/lang/Object;)Z' bytes='78' count='3' backedge_count='10' iicount='3' class_check_traps='1'/>
</uncommon_trap>
DEOPT PACKING thread 0x00007fe28e009000 Compiled frame (sp=0x000000030c7905b0 unextended sp=0x000000030c7905b0, fp=0x000000079581b8d8, real_fp=0x000000030c7905f0, pc=0x0000000114db7408)
     nmethod   7729  562             java.util.Arrays::equals (78 bytes)

     Virtual frames (innermost first):
        0 - frame( sp=0x000000030c7905b0, unextended_sp=0x000000030c7905b0, fp=0x000000079581b8d8, pc=0x0000000114db7408)
java.util.Arrays.equals(Arrays.java:2829) - invokevirtual @ bci 62 
     Created vframeArray 0x00007fe28c06ea20
DEOPT UNPACKING thread 0x00007fe28e009000 vframeArray 0x00007fe28c06ea20 mode 2
     {method} {0x0000000111800c88} &apos;equals&apos; &apos;([Ljava/lang/Object;[Ljava/lang/Object;)Z&apos; in &apos;java/util/Arrays&apos; - invokevirtual @ bci 62 sp = 0x000000030c790570
<uncommon_trap thread='9987' reason='predicate' action='maybe_recompile' compile_id='980' compiler='C2' stamp='7.731'>
Uncommon trap occurred in java.util.Arrays::fill (@0x0000000114e94374) thread=9987 reason=predicate action=maybe_recompile unloaded_class_index=-1
<jvms bci='16' method='java/util/Arrays fill ([Ljava/lang/Object;IILjava/lang/Object;)V' bytes='28' count='5' backedge_count='6' iicount='6'/>
</uncommon_trap>
DEOPT PACKING thread 0x00007fe28e009000 Compiled frame (sp=0x000000030c7904b0 unextended sp=0x000000030c7904b0, fp=0x0000000000000000, real_fp=0x000000030c790500, pc=0x0000000114e94374)
     nmethod   7731  980             java.util.Arrays::fill (28 bytes)

     Virtual frames (innermost first):
        0 - frame( sp=0x000000030c7904b0, unextended_sp=0x000000030c7904b0, fp=0x0000000000000000, pc=0x0000000114e94374)
java.util.Arrays.fill(Arrays.java:3155) - fast_aload_0 @ bci 16 
     Created vframeArray 0x00007fe28c071820
DEOPT UNPACKING thread 0x00007fe28e009000 vframeArray 0x00007fe28c071820 mode 2
     {method} {0x0000000111801df8} &apos;fill&apos; &apos;([Ljava/lang/Object;IILjava/lang/Object;)V&apos; in &apos;java/util/Arrays&apos; - aload_0 @ bci 16 sp = 0x000000030c7904a8
<uncommon_trap thread='9987' reason='array_check' action='maybe_recompile' compile_id='1013' compiler='C2' stamp='7.756'>
Uncommon trap occurred in java.util.Arrays::fill (@0x0000000114eaeb9c) thread=9987 reason=array_check action=maybe_recompile unloaded_class_index=-1
<jvms bci='20' method='java/util/Arrays fill ([Ljava/lang/Object;IILjava/lang/Object;)V' bytes='28' count='5' backedge_count='6' iicount='7' decompiles='1' predicate_traps='1'/>
</uncommon_trap>
DEOPT PACKING thread 0x00007fe28e009000 Compiled frame (sp=0x000000030c7904b0 unextended sp=0x000000030c7904b0, fp=0x0000000000000009, real_fp=0x000000030c790500, pc=0x0000000114eaeb9c)
     nmethod   7756 1013             java.util.Arrays::fill (28 bytes)

     Virtual frames (innermost first):
        0 - frame( sp=0x000000030c7904b0, unextended_sp=0x000000030c7904b0, fp=0x0000000000000009, pc=0x0000000114eaeb9c)
java.util.Arrays.fill(Arrays.java:3155) - aastore @ bci 20 
     Created vframeArray 0x00007fe28d860a20
DEOPT UNPACKING thread 0x00007fe28e009000 vframeArray 0x00007fe28d860a20 mode 2
     {method} {0x0000000111801df8} &apos;fill&apos; &apos;([Ljava/lang/Object;IILjava/lang/Object;)V&apos; in &apos;java/util/Arrays&apos; - aastore @ bci 20 sp = 0x000000030c790490
<uncommon_trap thread='9987' reason='array_check' action='maybe_recompile' compile_id='1013' compiler='C2' count='1' state='array_check' stamp='7.757'>
Uncommon trap occurred in java.util.Arrays::fill (@0x0000000114eaeb9c) thread=9987 reason=array_check action=maybe_recompile unloaded_class_index=-1
<jvms bci='20' method='java/util/Arrays fill ([Ljava/lang/Object;IILjava/lang/Object;)V' bytes='28' count='5' backedge_count='7' iicount='7' decompiles='1' array_check_traps='1' predicate_traps='1'/>
</uncommon_trap>
DEOPT PACKING thread 0x00007fe28e009000 Compiled frame (sp=0x000000030c7904b0 unextended sp=0x000000030c7904b0, fp=0x0000000000000009, real_fp=0x000000030c790500, pc=0x0000000114eaeb9c)
     nmethod   7757 1013             java.util.Arrays::fill (28 bytes)

     Virtual frames (innermost first):
        0 - frame( sp=0x000000030c7904b0, unextended_sp=0x000000030c7904b0, fp=0x0000000000000009, pc=0x0000000114eaeb9c)
java.util.Arrays.fill(Arrays.java:3155) - aastore @ bci 20 
     Created vframeArray 0x00007fe28e008220
DEOPT UNPACKING thread 0x00007fe28e009000 vframeArray 0x00007fe28e008220 mode 2
     {method} {0x0000000111801df8} &apos;fill&apos; &apos;([Ljava/lang/Object;IILjava/lang/Object;)V&apos; in &apos;java/util/Arrays&apos; - aastore @ bci 20 sp = 0x000000030c790490
<uncommon_trap thread='9987' reason='array_check' action='maybe_recompile' compile_id='1013' compiler='C2' count='2' state='array_check' stamp='7.758'>
Uncommon trap occurred in java.util.Arrays::fill (@0x0000000114eaeb9c) thread=9987 reason=array_check action=maybe_recompile unloaded_class_index=-1
<jvms bci='20' method='java/util/Arrays fill ([Ljava/lang/Object;IILjava/lang/Object;)V' bytes='28' count='5' backedge_count='8' iicount='7' decompiles='1' array_check_traps='2' predicate_traps='1'/>
</uncommon_trap>
DEOPT PACKING thread 0x00007fe28e009000 Compiled frame (sp=0x000000030c7904b0 unextended sp=0x000000030c7904b0, fp=0x0000000000000006, real_fp=0x000000030c790500, pc=0x0000000114eaeb9c)
     nmethod   7758 1013             java.util.Arrays::fill (28 bytes)

     Virtual frames (innermost first):
        0 - frame( sp=0x000000030c7904b0, unextended_sp=0x000000030c7904b0, fp=0x0000000000000006, pc=0x0000000114eaeb9c)
java.util.Arrays.fill(Arrays.java:3155) - aastore @ bci 20 
     Created vframeArray 0x00007fe28d860a20
DEOPT UNPACKING thread 0x00007fe28e009000 vframeArray 0x00007fe28d860a20 mode 2
     {method} {0x0000000111801df8} &apos;fill&apos; &apos;([Ljava/lang/Object;IILjava/lang/Object;)V&apos; in &apos;java/util/Arrays&apos; - aastore @ bci 20 sp = 0x000000030c790490
<uncommon_trap thread='9987' reason='array_check' action='maybe_recompile' compile_id='1013' compiler='C2' count='3' state='array_check' stamp='7.759'>
Uncommon trap occurred in java.util.Arrays::fill (@0x0000000114eaeb9c) thread=9987 reason=array_check action=maybe_recompile unloaded_class_index=-1
<jvms bci='20' method='java/util/Arrays fill ([Ljava/lang/Object;IILjava/lang/Object;)V' bytes='28' count='5' backedge_count='9' iicount='7' decompiles='1' array_check_traps='3' predicate_traps='1'/>
</uncommon_trap>
DEOPT PACKING thread 0x00007fe28e009000 Compiled frame (sp=0x000000030c7904b0 unextended sp=0x000000030c7904b0, fp=0x0000000000000006, real_fp=0x000000030c790500, pc=0x0000000114eaeb9c)
     nmethod   7758 1013             java.util.Arrays::fill (28 bytes)

     Virtual frames (innermost first):
        0 - frame( sp=0x000000030c7904b0, unextended_sp=0x000000030c7904b0, fp=0x0000000000000006, pc=0x0000000114eaeb9c)
java.util.Arrays.fill(Arrays.java:3155) - aastore @ bci 20 
     Created vframeArray 0x00007fe28d029a20
DEOPT UNPACKING thread 0x00007fe28e009000 vframeArray 0x00007fe28d029a20 mode 2
     {method} {0x0000000111801df8} &apos;fill&apos; &apos;([Ljava/lang/Object;IILjava/lang/Object;)V&apos; in &apos;java/util/Arrays&apos; - aastore @ bci 20 sp = 0x000000030c790490
<uncommon_trap thread='9987' reason='class_check' action='maybe_recompile' compile_id='562' compiler='C2' count='2' state='class_check' stamp='7.932'>
Uncommon trap occurred in java.util.Arrays::equals (@0x0000000114db7408) thread=9987 reason=class_check action=maybe_recompile unloaded_class_index=-1
<jvms bci='62' method='java/util/Arrays equals ([Ljava/lang/Object;[Ljava/lang/Object;)Z' bytes='78' count='3' backedge_count='11' iicount='3' class_check_traps='2'/>
</uncommon_trap>
DEOPT PACKING thread 0x00007fe28e009000 Compiled frame (sp=0x000000030c7905b0 unextended sp=0x000000030c7905b0, fp=0x0000000795831700, real_fp=0x000000030c7905f0, pc=0x0000000114db7408)
     nmethod   7932  562             java.util.Arrays::equals (78 bytes)

     Virtual frames (innermost first):
        0 - frame( sp=0x000000030c7905b0, unextended_sp=0x000000030c7905b0, fp=0x0000000795831700, pc=0x0000000114db7408)
java.util.Arrays.equals(Arrays.java:2829) - invokevirtual @ bci 62 
     Created vframeArray 0x00007fe28d07c420
DEOPT UNPACKING thread 0x00007fe28e009000 vframeArray 0x00007fe28d07c420 mode 2
     {method} {0x0000000111800c88} &apos;equals&apos; &apos;([Ljava/lang/Object;[Ljava/lang/Object;)Z&apos; in &apos;java/util/Arrays&apos; - invokevirtual @ bci 62 sp = 0x000000030c790570
<uncommon_trap thread='9987' reason='class_check' action='maybe_recompile' compile_id='562' compiler='C2' count='3' state='class_check' stamp='7.938'>
Uncommon trap occurred in java.util.Arrays::equals (@0x0000000114db7408) thread=9987 reason=class_check action=maybe_recompile unloaded_class_index=-1
<jvms bci='62' method='java/util/Arrays equals ([Ljava/lang/Object;[Ljava/lang/Object;)Z' bytes='78' count='3' backedge_count='12' iicount='3' class_check_traps='3'/>
</uncommon_trap>
DEOPT PACKING thread 0x00007fe28e009000 Compiled frame (sp=0x000000030c7905b0 unextended sp=0x000000030c7905b0, fp=0x0000000795831980, real_fp=0x000000030c7905f0, pc=0x0000000114db7408)
     nmethod   7937  562             java.util.Arrays::equals (78 bytes)

     Virtual frames (innermost first):
        0 - frame( sp=0x000000030c7905b0, unextended_sp=0x000000030c7905b0, fp=0x0000000795831980, pc=0x0000000114db7408)
java.util.Arrays.equals(Arrays.java:2829) - invokevirtual @ bci 62 
     Created vframeArray 0x00007fe28c071820
DEOPT UNPACKING thread 0x00007fe28e009000 vframeArray 0x00007fe28c071820 mode 2
     {method} {0x0000000111800c88} &apos;equals&apos; &apos;([Ljava/lang/Object;[Ljava/lang/Object;)Z&apos; in &apos;java/util/Arrays&apos; - invokevirtual @ bci 62 sp = 0x000000030c790570
<dependency_failed type='abstract_with_unique_concrete_subtype' ctxk='jdk/internal/org/objectweb/asm/MethodVisitor' x='jdk/internal/org/objectweb/asm/MethodWriter' witness='java/lang/invoke/TypeConvertingMethodAdapter' stamp='8.186'/>
<dependency_failed type='abstract_with_unique_concrete_subtype' ctxk='jdk/internal/org/objectweb/asm/MethodVisitor' x='jdk/internal/org/objectweb/asm/MethodWriter' witness='java/lang/invoke/TypeConvertingMethodAdapter' stamp='8.186'/>
<dependency_failed type='abstract_with_unique_concrete_subtype' ctxk='jdk/internal/org/objectweb/asm/MethodVisitor' x='jdk/internal/org/objectweb/asm/MethodWriter' witness='java/lang/invoke/TypeConvertingMethodAdapter' stamp='8.187'/>
<dependency_failed type='abstract_with_unique_concrete_subtype' ctxk='jdk/internal/org/objectweb/asm/MethodVisitor' x='jdk/internal/org/objectweb/asm/MethodWriter' witness='java/lang/invoke/TypeConvertingMethodAdapter' stamp='8.187'/>
<dependency_failed type='abstract_with_unique_concrete_subtype' ctxk='jdk/internal/org/objectweb/asm/MethodVisitor' x='jdk/internal/org/objectweb/asm/MethodWriter' witness='java/lang/invoke/TypeConvertingMethodAdapter' stamp='8.187'/>
<dependency_failed type='abstract_with_unique_concrete_subtype' ctxk='jdk/internal/org/objectweb/asm/MethodVisitor' x='jdk/internal/org/objectweb/asm/MethodWriter' witness='java/lang/invoke/TypeConvertingMethodAdapter' stamp='8.187'/>
<dependency_failed type='abstract_with_unique_concrete_subtype' ctxk='jdk/internal/org/objectweb/asm/MethodVisitor' x='jdk/internal/org/objectweb/asm/MethodWriter' witness='java/lang/invoke/TypeConvertingMethodAdapter' stamp='8.187'/>
<dependency_failed type='abstract_with_unique_concrete_subtype' ctxk='jdk/internal/org/objectweb/asm/MethodVisitor' x='jdk/internal/org/objectweb/asm/MethodWriter' witness='java/lang/invoke/TypeConvertingMethodAdapter' stamp='8.187'/>
<dependency_failed type='abstract_with_unique_concrete_subtype' ctxk='jdk/internal/org/objectweb/asm/MethodVisitor' x='jdk/internal/org/objectweb/asm/MethodWriter' witness='java/lang/invoke/TypeConvertingMethodAdapter' stamp='8.187'/>
<dependency_failed type='abstract_with_unique_concrete_subtype' ctxk='jdk/internal/org/objectweb/asm/MethodVisitor' x='jdk/internal/org/objectweb/asm/MethodWriter' witness='java/lang/invoke/TypeConvertingMethodAdapter' stamp='8.187'/>
<dependency_failed type='abstract_with_unique_concrete_subtype' ctxk='jdk/internal/org/objectweb/asm/MethodVisitor' x='jdk/internal/org/objectweb/asm/MethodWriter' witness='java/lang/invoke/TypeConvertingMethodAdapter' stamp='8.187'/>
<dependency_failed type='abstract_with_unique_concrete_subtype' ctxk='jdk/internal/org/objectweb/asm/MethodVisitor' x='jdk/internal/org/objectweb/asm/MethodWriter' witness='java/lang/invoke/TypeConvertingMethodAdapter' stamp='8.187'/>
<dependency_failed type='abstract_with_unique_concrete_subtype' ctxk='jdk/internal/org/objectweb/asm/MethodVisitor' x='jdk/internal/org/objectweb/asm/MethodWriter' witness='java/lang/invoke/TypeConvertingMethodAdapter' stamp='8.187'/>
<dependency_failed type='abstract_with_unique_concrete_subtype' ctxk='jdk/internal/org/objectweb/asm/MethodVisitor' x='jdk/internal/org/objectweb/asm/MethodWriter' witness='java/lang/invoke/TypeConvertingMethodAdapter' stamp='8.187'/>
<dependency_failed type='abstract_with_unique_concrete_subtype' ctxk='jdk/internal/org/objectweb/asm/MethodVisitor' x='jdk/internal/org/objectweb/asm/MethodWriter' witness='java/lang/invoke/TypeConvertingMethodAdapter' stamp='8.187'/>
<dependency_failed type='abstract_with_unique_concrete_subtype' ctxk='jdk/internal/org/objectweb/asm/MethodVisitor' x='jdk/internal/org/objectweb/asm/MethodWriter' witness='java/lang/invoke/TypeConvertingMethodAdapter' stamp='8.187'/>
<dependency_failed type='abstract_with_unique_concrete_subtype' ctxk='jdk/internal/org/objectweb/asm/MethodVisitor' x='jdk/internal/org/objectweb/asm/MethodWriter' witness='java/lang/invoke/TypeConvertingMethodAdapter' stamp='8.187'/>
<dependency_failed type='abstract_with_unique_concrete_subtype' ctxk='jdk/internal/org/objectweb/asm/MethodVisitor' x='jdk/internal/org/objectweb/asm/MethodWriter' witness='java/lang/invoke/TypeConvertingMethodAdapter' stamp='8.187'/>
<dependency_failed type='abstract_with_unique_concrete_subtype' ctxk='jdk/internal/org/objectweb/asm/MethodVisitor' x='jdk/internal/org/objectweb/asm/MethodWriter' witness='java/lang/invoke/TypeConvertingMethodAdapter' stamp='8.188'/>
<dependency_failed type='abstract_with_unique_concrete_subtype' ctxk='jdk/internal/org/objectweb/asm/MethodVisitor' x='jdk/internal/org/objectweb/asm/MethodWriter' witness='java/lang/invoke/TypeConvertingMethodAdapter' stamp='8.188'/>
<dependency_failed type='abstract_with_unique_concrete_subtype' ctxk='jdk/internal/org/objectweb/asm/MethodVisitor' x='jdk/internal/org/objectweb/asm/MethodWriter' witness='java/lang/invoke/TypeConvertingMethodAdapter' stamp='8.188'/>
<uncommon_trap thread='9987' reason='uninitialized' action='reinterpret' compile_id='1074' compiler='C2' stamp='8.191'>
Uncommon trap occurred in java.lang.invoke.TypeConvertingMethodAdapter::initWidening (@0x0000000114ed4750) thread=9987 reason=uninitialized action=reinterpret unloaded_class_index=-1
<jvms bci='22' method='java/lang/invoke/TypeConvertingMethodAdapter initWidening (Lsun/invoke/util/Wrapper;I[Lsun/invoke/util/Wrapper;)V' bytes='44' count='4' backedge_count='6' iicount='4'/>
</uncommon_trap>
DEOPT PACKING thread 0x00007fe28e009000 Compiled frame (sp=0x000000030c78fec0 unextended sp=0x000000030c78fec0, fp=0x00000000f2acdbcb, real_fp=0x000000030c78ff00, pc=0x0000000114ed4750)
     nmethod   8191 1074             java.lang.invoke.TypeConvertingMethodAdapter::initWidening (44 bytes)

     Virtual frames (innermost first):
        0 - frame( sp=0x000000030c78fec0, unextended_sp=0x000000030c78fec0, fp=0x00000000f2acdbcb, pc=0x0000000114ed4750)
java.lang.invoke.TypeConvertingMethodAdapter.initWidening(TypeConvertingMethodAdapter.java:92) - getstatic @ bci 22 
     Created vframeArray 0x00007fe28c073a20
DEOPT UNPACKING thread 0x00007fe28e009000 vframeArray 0x00007fe28c073a20 mode 2
     {method} {0x0000000111b76bf0} &apos;initWidening&apos; &apos;(Lsun/invoke/util/Wrapper;I[Lsun/invoke/util/Wrapper;)V&apos; in &apos;java/lang/invoke/TypeConvertingMethodAdapter&apos; - getstatic @ bci 22 sp = 0x000000030c78fe90
<uncommon_trap thread='9987' reason='class_check' action='maybe_recompile' compile_id='280' compiler='C2' count='2' state='class_check' stamp='8.371'>
Uncommon trap occurred in java.net.URL::&lt;init&gt; (@0x0000000114d38be0) thread=9987 reason=class_check action=maybe_recompile unloaded_class_index=-1
<jvms bci='504' method='java/net/URL &lt;init&gt; (Ljava/net/URL;Ljava/lang/String;Ljava/net/URLStreamHandler;)V' bytes='543' count='2' backedge_count='10' iicount='4' class_check_traps='2'/>
</uncommon_trap>
DEOPT PACKING thread 0x00007fe28e009000 Compiled frame (sp=0x000000030c78f680 unextended sp=0x000000030c78f680, fp=0x00000000f2ab7ea5, real_fp=0x000000030c78f6f0, pc=0x0000000114d38be0)
     nmethod   8371  280   !         java.net.URL::&lt;init&gt; (543 bytes)

     Virtual frames (innermost first):
        0 - frame( sp=0x000000030c78f680, unextended_sp=0x000000030c78f680, fp=0x00000000f2ab7ea5, pc=0x0000000114d38be0)
java.net.URL.&lt;init&gt;(URL.java:640) - invokevirtual @ bci 504 
     Created vframeArray 0x00007fe28d04c820
DEOPT UNPACKING thread 0x00007fe28e009000 vframeArray 0x00007fe28d04c820 mode 2
     {method} {0x0000000111753008} &apos;&lt;init&gt;&apos; &apos;(Ljava/net/URL;Ljava/lang/String;Ljava/net/URLStreamHandler;)V&apos; in &apos;java/net/URL&apos; - invokevirtual @ bci 504 sp = 0x000000030c78f608
<uncommon_trap thread='9987' reason='class_check' action='maybe_recompile' compile_id='438' compiler='C2' count='1' state='class_check' stamp='8.379'>
Uncommon trap occurred in sun.misc.Resource::getBytes (@0x0000000114d8b80c) thread=9987 reason=class_check action=maybe_recompile unloaded_class_index=-1
<jvms bci='10' method='sun/misc/Resource getBytes ()[B' bytes='242' count='5' backedge_count='14' iicount='5' decompiles='1' class_check_traps='1'/>
</uncommon_trap>
DEOPT PACKING thread 0x00007fe28e009000 Compiled frame (sp=0x000000030c78f690 unextended sp=0x000000030c78f690, fp=0x0000000795870510, real_fp=0x000000030c78f6e0, pc=0x0000000114d8b80c)
     nmethod   8379  438   !         sun.misc.Resource::getBytes (242 bytes)

     Virtual frames (innermost first):
        0 - frame( sp=0x000000030c78f690, unextended_sp=0x000000030c78f690, fp=0x0000000795870510, pc=0x0000000114d8b80c)
sun.misc.Resource.getBytes(Resource.java:100) - invokevirtual @ bci 10 
     Created vframeArray 0x00007fe28e008220
DEOPT UNPACKING thread 0x00007fe28e009000 vframeArray 0x00007fe28e008220 mode 2
     {method} {0x000000011198b3c0} &apos;getBytes&apos; &apos;()[B&apos; in &apos;sun/misc/Resource&apos; - invokevirtual @ bci 10 sp = 0x000000030c78f638
<uncommon_trap thread='9987' reason='class_check' action='maybe_recompile' compile_id='280' compiler='C2' count='3' state='class_check' stamp='8.415'>
Uncommon trap occurred in java.net.URL::&lt;init&gt; (@0x0000000114d38be0) thread=9987 reason=class_check action=maybe_recompile unloaded_class_index=-1
<jvms bci='504' method='java/net/URL &lt;init&gt; (Ljava/net/URL;Ljava/lang/String;Ljava/net/URLStreamHandler;)V' bytes='543' count='2' backedge_count='10' iicount='4' class_check_traps='3'/>
</uncommon_trap>
DEOPT PACKING thread 0x00007fe28e009000 Compiled frame (sp=0x000000030c78e1c0 unextended sp=0x000000030c78e1c0, fp=0x00000000f2ab7ea5, real_fp=0x000000030c78e230, pc=0x0000000114d38be0)
     nmethod   8414  280   !         java.net.URL::&lt;init&gt; (543 bytes)

     Virtual frames (innermost first):
        0 - frame( sp=0x000000030c78e1c0, unextended_sp=0x000000030c78e1c0, fp=0x00000000f2ab7ea5, pc=0x0000000114d38be0)
java.net.URL.&lt;init&gt;(URL.java:640) - invokevirtual @ bci 504 
     Created vframeArray 0x00007fe28d04c820
DEOPT UNPACKING thread 0x00007fe28e009000 vframeArray 0x00007fe28d04c820 mode 2
     {method} {0x0000000111753008} &apos;&lt;init&gt;&apos; &apos;(Ljava/net/URL;Ljava/lang/String;Ljava/net/URLStreamHandler;)V&apos; in &apos;java/net/URL&apos; - invokevirtual @ bci 504 sp = 0x000000030c78e148
<uncommon_trap thread='9987' reason='class_check' action='maybe_recompile' compile_id='438' compiler='C2' count='2' state='class_check' stamp='8.433'>
Uncommon trap occurred in sun.misc.Resource::getBytes (@0x0000000114d8b80c) thread=9987 reason=class_check action=maybe_recompile unloaded_class_index=-1
<jvms bci='10' method='sun/misc/Resource getBytes ()[B' bytes='242' count='5' backedge_count='18' iicount='5' decompiles='1' class_check_traps='2'/>
</uncommon_trap>
DEOPT PACKING thread 0x00007fe28e009000 Compiled frame (sp=0x000000030c78e220 unextended sp=0x000000030c78e220, fp=0x000000079587df38, real_fp=0x000000030c78e270, pc=0x0000000114d8b80c)
     nmethod   8432  438   !         sun.misc.Resource::getBytes (242 bytes)

     Virtual frames (innermost first):
        0 - frame( sp=0x000000030c78e220, unextended_sp=0x000000030c78e220, fp=0x000000079587df38, pc=0x0000000114d8b80c)
sun.misc.Resource.getBytes(Resource.java:100) - invokevirtual @ bci 10 
     Created vframeArray 0x00007fe28c053e20
DEOPT UNPACKING thread 0x00007fe28e009000 vframeArray 0x00007fe28c053e20 mode 2
     {method} {0x000000011198b3c0} &apos;getBytes&apos; &apos;()[B&apos; in &apos;sun/misc/Resource&apos; - invokevirtual @ bci 10 sp = 0x000000030c78e1c8
<uncommon_trap thread='9987' reason='class_check' action='maybe_recompile' compile_id='438' compiler='C2' count='3' state='class_check' stamp='8.552'>
Uncommon trap occurred in sun.misc.Resource::getBytes (@0x0000000114d8b80c) thread=9987 reason=class_check action=maybe_recompile unloaded_class_index=-1
<jvms bci='10' method='sun/misc/Resource getBytes ()[B' bytes='242' count='5' backedge_count='21' iicount='5' decompiles='1' class_check_traps='3'/>
</uncommon_trap>
DEOPT PACKING thread 0x00007fe28e009000 Compiled frame (sp=0x000000030c78e220 unextended sp=0x000000030c78e220, fp=0x0000000795884898, real_fp=0x000000030c78e270, pc=0x0000000114d8b80c)
     nmethod   8552  438   !         sun.misc.Resource::getBytes (242 bytes)

     Virtual frames (innermost first):
        0 - frame( sp=0x000000030c78e220, unextended_sp=0x000000030c78e220, fp=0x0000000795884898, pc=0x0000000114d8b80c)
sun.misc.Resource.getBytes(Resource.java:100) - invokevirtual @ bci 10 
     Created vframeArray 0x00007fe28e072e20
DEOPT UNPACKING thread 0x00007fe28e009000 vframeArray 0x00007fe28e072e20 mode 2
     {method} {0x000000011198b3c0} &apos;getBytes&apos; &apos;()[B&apos; in &apos;sun/misc/Resource&apos; - invokevirtual @ bci 10 sp = 0x000000030c78e1c8
<uncommon_trap thread='9987' reason='null_check' action='make_not_entrant' compile_id='560' compiler='C2' stamp='8.831'>
Uncommon trap occurred in java.lang.reflect.Array::newInstance (@0x0000000114db9cfc) thread=9987 reason=null_check action=make_not_entrant unloaded_class_index=-1
<jvms bci='2' method='java/lang/reflect/Array newInstance (Ljava/lang/Class;I)Ljava/lang/Object;' bytes='6' count='5' backedge_count='1' iicount='10'/>
</uncommon_trap>
DEOPT PACKING thread 0x00007fe28e009000 Compiled frame (sp=0x000000030c7916b0 unextended sp=0x000000030c7916b0, fp=0x00000007958af9f8, real_fp=0x000000030c7916e0, pc=0x0000000114db9cfc)
     nmethod   8830  560             java.lang.reflect.Array::newInstance (6 bytes)

     Virtual frames (innermost first):
        0 - frame( sp=0x000000030c7916b0, unextended_sp=0x000000030c7916b0, fp=0x00000007958af9f8, pc=0x0000000114db9cfc)
java.lang.reflect.Array.newInstance(Array.java:75) - invokestatic @ bci 2 
     Created vframeArray 0x00007fe28d868020
DEOPT UNPACKING thread 0x00007fe28e009000 vframeArray 0x00007fe28d868020 mode 2
     {method} {0x0000000111a46348} &apos;newInstance&apos; &apos;(Ljava/lang/Class;I)Ljava/lang/Object;&apos; in &apos;java/lang/reflect/Array&apos; - invokestatic @ bci 2 sp = 0x000000030c791680
<uncommon_trap thread='9987' reason='unloaded' action='reinterpret' index='37' compile_id='846' compiler='C2' unresolved='1' name='java/lang/invoke/DirectMethodHandle$Special' count='1' stamp='9.006'>
Uncommon trap occurred in java.lang.invoke.DirectMethodHandle::make (@0x0000000114e5d1c4) thread=9987 reason=unloaded action=reinterpret unloaded_class_index=37 unresolved class: java/lang/invoke/DirectMethodHandle$Special
<jvms bci='103' method='java/lang/invoke/DirectMethodHandle make (BLjava/lang/Class;Ljava/lang/invoke/MemberName;)Ljava/lang/invoke/DirectMethodHandle;' bytes='242' count='3' backedge_count='1' iicount='19' decompiles='1' unloaded_traps='1'/>
</uncommon_trap>
DEOPT PACKING thread 0x00007fe28e009000 Compiled frame (sp=0x000000030c7904c0 unextended sp=0x000000030c7904c0, fp=0x000000079590d650, real_fp=0x000000030c790520, pc=0x0000000114e5d1c4)
     nmethod   9007  846             java.lang.invoke.DirectMethodHandle::make (242 bytes)

     Virtual frames (innermost first):
        0 - frame( sp=0x000000030c7904c0, unextended_sp=0x000000030c7904c0, fp=0x000000079590d650, pc=0x0000000114e5d1c4)
java.lang.invoke.DirectMethodHandle.make(DirectMethodHandle.java:82) - new @ bci 103 
     Created vframeArray 0x00007fe28d085820
DEOPT UNPACKING thread 0x00007fe28e009000 vframeArray 0x00007fe28d085820 mode 2
     {method} {0x000000011170be40} &apos;make&apos; &apos;(BLjava/lang/Class;Ljava/lang/invoke/MemberName;)Ljava/lang/invoke/DirectMethodHandle;&apos; in &apos;java/lang/invoke/DirectMethodHandle&apos; - new @ bci 103 sp = 0x000000030c790490
<uncommon_trap thread='9987' reason='class_check' action='maybe_recompile' compile_id='914' compiler='C2' stamp='9.008'>
Uncommon trap occurred in java.lang.invoke.MethodHandles$Lookup::getDirectMethodCommon (@0x0000000114cd5520) thread=9987 reason=class_check action=maybe_recompile unloaded_class_index=-1
<jvms bci='263' method='java/lang/invoke/MethodHandles$Lookup getDirectMethodCommon (BLjava/lang/Class;Ljava/lang/invoke/MemberName;ZZLjava/lang/Class;)Ljava/lang/invoke/MethodHandle;' bytes='271' count='5' backedge_count='1' iicount='10'/>
</uncommon_trap>
DEOPT PACKING thread 0x00007fe28e009000 Compiled frame (sp=0x000000030c790520 unextended sp=0x000000030c790520, fp=0x0000000795912608, real_fp=0x000000030c7905a0, pc=0x0000000114cd5520)
     nmethod   9007  914             java.lang.invoke.MethodHandles$Lookup::getDirectMethodCommon (271 bytes)

     Virtual frames (innermost first):
        0 - frame( sp=0x000000030c790520, unextended_sp=0x000000030c790520, fp=0x0000000795912608, pc=0x0000000114cd5520)
java.lang.invoke.MethodHandles$Lookup.getDirectMethodCommon(MethodHandles.java:1670) - invokevirtual @ bci 263 
     Created vframeArray 0x00007fe28d868020
DEOPT UNPACKING thread 0x00007fe28e009000 vframeArray 0x00007fe28d868020 mode 2
     {method} {0x0000000111a194d0} &apos;getDirectMethodCommon&apos; &apos;(BLjava/lang/Class;Ljava/lang/invoke/MemberName;ZZLjava/lang/Class;)Ljava/lang/invoke/MethodHandle;&apos; in &apos;java/lang/invoke/MethodHandles$Lookup&apos; - invokevirtual @ bci 263 sp = 0x000000030c790530
<uncommon_trap thread='9987' reason='class_check' action='maybe_recompile' compile_id='149' compiler='C2' count='2' state='class_check' stamp='9.169'>
Uncommon trap occurred in java.util.HashMap::putVal (@0x0000000114cf3e4c) thread=9987 reason=class_check action=maybe_recompile unloaded_class_index=-1
<jvms bci='152' method='java/util/HashMap putVal (ILjava/lang/Object;Ljava/lang/Object;ZZ)Ljava/lang/Object;' bytes='300' count='2' backedge_count='1' iicount='14' class_check_traps='2'/>
</uncommon_trap>
DEOPT PACKING thread 0x00007fe28e009000 Compiled frame (sp=0x000000030c791020 unextended sp=0x000000030c791020, fp=0x00000007c001cf10, real_fp=0x000000030c7910d0, pc=0x0000000114cf3e4c)
     nmethod   9169  149             java.util.HashMap::putVal (300 bytes)

     Virtual frames (innermost first):
        0 - frame( sp=0x000000030c791020, unextended_sp=0x000000030c791020, fp=0x00000007c001cf10, pc=0x0000000114cf3e4c)
java.util.HashMap.putVal(HashMap.java:643) - invokevirtual @ bci 152 
     Created vframeArray 0x00007fe28c073420
DEOPT UNPACKING thread 0x00007fe28e009000 vframeArray 0x00007fe28c073420 mode 2
     {method} {0x00000001117c3a98} &apos;putVal&apos; &apos;(ILjava/lang/Object;Ljava/lang/Object;ZZ)Ljava/lang/Object;&apos; in &apos;java/util/HashMap&apos; - invokevirtual @ bci 152 sp = 0x000000030c790fe8
<uncommon_trap thread='9987' reason='class_check' action='maybe_recompile' compile_id='149' compiler='C2' count='3' state='class_check' stamp='9.178'>
Uncommon trap occurred in java.util.HashMap::putVal (@0x0000000114cf3e4c) thread=9987 reason=class_check action=maybe_recompile unloaded_class_index=-1
<jvms bci='152' method='java/util/HashMap putVal (ILjava/lang/Object;Ljava/lang/Object;ZZ)Ljava/lang/Object;' bytes='300' count='2' backedge_count='1' iicount='14' class_check_traps='3'/>
</uncommon_trap>
DEOPT PACKING thread 0x00007fe28e009000 Compiled frame (sp=0x000000030c791020 unextended sp=0x000000030c791020, fp=0x00000007c001cf10, real_fp=0x000000030c7910d0, pc=0x0000000114cf3e4c)
     nmethod   9178  149             java.util.HashMap::putVal (300 bytes)

     Virtual frames (innermost first):
        0 - frame( sp=0x000000030c791020, unextended_sp=0x000000030c791020, fp=0x00000007c001cf10, pc=0x0000000114cf3e4c)
java.util.HashMap.putVal(HashMap.java:643) - invokevirtual @ bci 152 
     Created vframeArray 0x00007fe28e07aa20
DEOPT UNPACKING thread 0x00007fe28e009000 vframeArray 0x00007fe28e07aa20 mode 2
     {method} {0x00000001117c3a98} &apos;putVal&apos; &apos;(ILjava/lang/Object;Ljava/lang/Object;ZZ)Ljava/lang/Object;&apos; in &apos;java/util/HashMap&apos; - invokevirtual @ bci 152 sp = 0x000000030c790fe8
<uncommon_trap thread='9987' reason='class_check' action='maybe_recompile' compile_id='1274' compiler='C2' stamp='9.682'>
Uncommon trap occurred in java.io.DataOutputStream::writeShort (@0x0000000114f317c0) thread=9987 reason=class_check action=maybe_recompile unloaded_class_index=-1
<jvms bci='12' method='java/io/DataOutputStream writeShort (I)V' bytes='35' count='5' backedge_count='1' iicount='10'/>
</uncommon_trap>
DEOPT PACKING thread 0x00007fe28e009000 Compiled frame (sp=0x000000030c791120 unextended sp=0x000000030c791120, fp=0x00000000000000c0, real_fp=0x000000030c791150, pc=0x0000000114f317c0)
     nmethod   9682 1274             java.io.DataOutputStream::writeShort (35 bytes)

     Virtual frames (innermost first):
        0 - frame( sp=0x000000030c791120, unextended_sp=0x000000030c791120, fp=0x00000000000000c0, pc=0x0000000114f317c0)
java.io.DataOutputStream.writeShort(DataOutputStream.java:167) - invokevirtual @ bci 12 
     Created vframeArray 0x00007fe28c07dc20
DEOPT UNPACKING thread 0x00007fe28e009000 vframeArray 0x00007fe28c07dc20 mode 2
     {method} {0x0000000111c01fc8} &apos;writeShort&apos; &apos;(I)V&apos; in &apos;java/io/DataOutputStream&apos; - invokevirtual @ bci 12 sp = 0x000000030c7910f0
<uncommon_trap thread='9987' reason='class_check' action='maybe_recompile' compile_id='1266' compiler='C2' stamp='9.683'>
Uncommon trap occurred in java.io.DataOutputStream::writeByte (@0x0000000114dad184) thread=9987 reason=class_check action=maybe_recompile unloaded_class_index=-1
<jvms bci='5' method='java/io/DataOutputStream writeByte (I)V' bytes='14' count='5' backedge_count='1' iicount='10'/>
</uncommon_trap>
DEOPT PACKING thread 0x00007fe28e009000 Compiled frame (sp=0x000000030c7910c0 unextended sp=0x000000030c7910c0, fp=0x0000000795965628, real_fp=0x000000030c7910f0, pc=0x0000000114dad184)
     nmethod   9682 1266             java.io.DataOutputStream::writeByte (14 bytes)

     Virtual frames (innermost first):
        0 - frame( sp=0x000000030c7910c0, unextended_sp=0x000000030c7910c0, fp=0x0000000795965628, pc=0x0000000114dad184)
java.io.DataOutputStream.writeByte(DataOutputStream.java:153) - invokevirtual @ bci 5 
     Created vframeArray 0x00007fe28d08de20
DEOPT UNPACKING thread 0x00007fe28e009000 vframeArray 0x00007fe28d08de20 mode 2
     {method} {0x0000000111c01ee0} &apos;writeByte&apos; &apos;(I)V&apos; in &apos;java/io/DataOutputStream&apos; - invokevirtual @ bci 5 sp = 0x000000030c791090
<uncommon_trap thread='9987' reason='class_check' action='maybe_recompile' compile_id='1266' compiler='C2' count='1' state='class_check' stamp='9.683'>
Uncommon trap occurred in java.io.DataOutputStream::writeByte (@0x0000000114dad184) thread=9987 reason=class_check action=maybe_recompile unloaded_class_index=-1
<jvms bci='5' method='java/io/DataOutputStream writeByte (I)V' bytes='14' count='5' backedge_count='1' iicount='10' class_check_traps='1'/>
</uncommon_trap>
DEOPT PACKING thread 0x00007fe28e009000 Compiled frame (sp=0x000000030c7910c0 unextended sp=0x000000030c7910c0, fp=0x0000000795965628, real_fp=0x000000030c7910f0, pc=0x0000000114dad184)
     nmethod   9683 1266             java.io.DataOutputStream::writeByte (14 bytes)

     Virtual frames (innermost first):
        0 - frame( sp=0x000000030c7910c0, unextended_sp=0x000000030c7910c0, fp=0x0000000795965628, pc=0x0000000114dad184)
java.io.DataOutputStream.writeByte(DataOutputStream.java:153) - invokevirtual @ bci 5 
     Created vframeArray 0x00007fe28d867e20
DEOPT UNPACKING thread 0x00007fe28e009000 vframeArray 0x00007fe28d867e20 mode 2
     {method} {0x0000000111c01ee0} &apos;writeByte&apos; &apos;(I)V&apos; in &apos;java/io/DataOutputStream&apos; - invokevirtual @ bci 5 sp = 0x000000030c791090
<uncommon_trap thread='9987' reason='class_check' action='maybe_recompile' compile_id='1266' compiler='C2' count='2' state='class_check' stamp='9.718'>
Uncommon trap occurred in java.io.DataOutputStream::writeByte (@0x0000000114dad184) thread=9987 reason=class_check action=maybe_recompile unloaded_class_index=-1
<jvms bci='5' method='java/io/DataOutputStream writeByte (I)V' bytes='14' count='5' backedge_count='1' iicount='10' class_check_traps='2'/>
</uncommon_trap>
DEOPT PACKING thread 0x00007fe28e009000 Compiled frame (sp=0x000000030c7910c0 unextended sp=0x000000030c7910c0, fp=0x0000000795965628, real_fp=0x000000030c7910f0, pc=0x0000000114dad184)
     nmethod   9717 1266             java.io.DataOutputStream::writeByte (14 bytes)

     Virtual frames (innermost first):
        0 - frame( sp=0x000000030c7910c0, unextended_sp=0x000000030c7910c0, fp=0x0000000795965628, pc=0x0000000114dad184)
java.io.DataOutputStream.writeByte(DataOutputStream.java:153) - invokevirtual @ bci 5 
     Created vframeArray 0x00007fe28e07aa20
DEOPT UNPACKING thread 0x00007fe28e009000 vframeArray 0x00007fe28e07aa20 mode 2
     {method} {0x0000000111c01ee0} &apos;writeByte&apos; &apos;(I)V&apos; in &apos;java/io/DataOutputStream&apos; - invokevirtual @ bci 5 sp = 0x000000030c791090
<uncommon_trap thread='9987' reason='class_check' action='maybe_recompile' compile_id='1266' compiler='C2' count='3' state='class_check' stamp='9.719'>
Uncommon trap occurred in java.io.DataOutputStream::writeByte (@0x0000000114dad184) thread=9987 reason=class_check action=maybe_recompile unloaded_class_index=-1
<jvms bci='5' method='java/io/DataOutputStream writeByte (I)V' bytes='14' count='5' backedge_count='1' iicount='10' class_check_traps='3'/>
</uncommon_trap>
DEOPT PACKING thread 0x00007fe28e009000 Compiled frame (sp=0x000000030c7910c0 unextended sp=0x000000030c7910c0, fp=0x0000000795965628, real_fp=0x000000030c7910f0, pc=0x0000000114dad184)
     nmethod   9718 1266             java.io.DataOutputStream::writeByte (14 bytes)

     Virtual frames (innermost first):
        0 - frame( sp=0x000000030c7910c0, unextended_sp=0x000000030c7910c0, fp=0x0000000795965628, pc=0x0000000114dad184)
java.io.DataOutputStream.writeByte(DataOutputStream.java:153) - invokevirtual @ bci 5 
     Created vframeArray 0x00007fe28d08de20
DEOPT UNPACKING thread 0x00007fe28e009000 vframeArray 0x00007fe28d08de20 mode 2
     {method} {0x0000000111c01ee0} &apos;writeByte&apos; &apos;(I)V&apos; in &apos;java/io/DataOutputStream&apos; - invokevirtual @ bci 5 sp = 0x000000030c791090
<uncommon_trap thread='9987' reason='class_check' action='maybe_recompile' compile_id='1274' compiler='C2' count='1' state='class_check' stamp='9.726'>
Uncommon trap occurred in java.io.DataOutputStream::writeShort (@0x0000000114f317c0) thread=9987 reason=class_check action=maybe_recompile unloaded_class_index=-1
<jvms bci='12' method='java/io/DataOutputStream writeShort (I)V' bytes='35' count='5' backedge_count='1' iicount='10' class_check_traps='1'/>
</uncommon_trap>
DEOPT PACKING thread 0x00007fe28e009000 Compiled frame (sp=0x000000030c7910c0 unextended sp=0x000000030c7910c0, fp=0x0000000000000005, real_fp=0x000000030c7910f0, pc=0x0000000114f317c0)
     nmethod   9725 1274             java.io.DataOutputStream::writeShort (35 bytes)

     Virtual frames (innermost first):
        0 - frame( sp=0x000000030c7910c0, unextended_sp=0x000000030c7910c0, fp=0x0000000000000005, pc=0x0000000114f317c0)
java.io.DataOutputStream.writeShort(DataOutputStream.java:167) - invokevirtual @ bci 12 
     Created vframeArray 0x00007fe28c07dc20
DEOPT UNPACKING thread 0x00007fe28e009000 vframeArray 0x00007fe28c07dc20 mode 2
     {method} {0x0000000111c01fc8} &apos;writeShort&apos; &apos;(I)V&apos; in &apos;java/io/DataOutputStream&apos; - invokevirtual @ bci 12 sp = 0x000000030c791090
<uncommon_trap thread='9987' reason='class_check' action='maybe_recompile' compile_id='1274' compiler='C2' count='2' state='class_check' stamp='9.730'>
Uncommon trap occurred in java.io.DataOutputStream::writeShort (@0x0000000114f317c0) thread=9987 reason=class_check action=maybe_recompile unloaded_class_index=-1
<jvms bci='12' method='java/io/DataOutputStream writeShort (I)V' bytes='35' count='5' backedge_count='1' iicount='10' class_check_traps='2'/>
</uncommon_trap>
DEOPT PACKING thread 0x00007fe28e009000 Compiled frame (sp=0x000000030c7910c0 unextended sp=0x000000030c7910c0, fp=0x0000000000000001, real_fp=0x000000030c7910f0, pc=0x0000000114f317c0)
     nmethod   9729 1274             java.io.DataOutputStream::writeShort (35 bytes)

     Virtual frames (innermost first):
        0 - frame( sp=0x000000030c7910c0, unextended_sp=0x000000030c7910c0, fp=0x0000000000000001, pc=0x0000000114f317c0)
java.io.DataOutputStream.writeShort(DataOutputStream.java:167) - invokevirtual @ bci 12 
     Created vframeArray 0x00007fe28c07f020
DEOPT UNPACKING thread 0x00007fe28e009000 vframeArray 0x00007fe28c07f020 mode 2
     {method} {0x0000000111c01fc8} &apos;writeShort&apos; &apos;(I)V&apos; in &apos;java/io/DataOutputStream&apos; - invokevirtual @ bci 12 sp = 0x000000030c791090
<uncommon_trap thread='9987' reason='class_check' action='maybe_recompile' compile_id='1274' compiler='C2' count='3' state='class_check' stamp='9.730'>
Uncommon trap occurred in java.io.DataOutputStream::writeShort (@0x0000000114f317c0) thread=9987 reason=class_check action=maybe_recompile unloaded_class_index=-1
<jvms bci='12' method='java/io/DataOutputStream writeShort (I)V' bytes='35' count='5' backedge_count='1' iicount='10' class_check_traps='3'/>
</uncommon_trap>
DEOPT PACKING thread 0x00007fe28e009000 Compiled frame (sp=0x000000030c7910c0 unextended sp=0x000000030c7910c0, fp=0x0000000000000002, real_fp=0x000000030c7910f0, pc=0x0000000114f317c0)
     nmethod   9730 1274             java.io.DataOutputStream::writeShort (35 bytes)

     Virtual frames (innermost first):
        0 - frame( sp=0x000000030c7910c0, unextended_sp=0x000000030c7910c0, fp=0x0000000000000002, pc=0x0000000114f317c0)
java.io.DataOutputStream.writeShort(DataOutputStream.java:167) - invokevirtual @ bci 12 
     Created vframeArray 0x00007fe28c07dc20
DEOPT UNPACKING thread 0x00007fe28e009000 vframeArray 0x00007fe28c07dc20 mode 2
     {method} {0x0000000111c01fc8} &apos;writeShort&apos; &apos;(I)V&apos; in &apos;java/io/DataOutputStream&apos; - invokevirtual @ bci 12 sp = 0x000000030c791090
<uncommon_trap thread='9987' reason='speculate_class_check' action='maybe_recompile' compile_id='950' compiler='C2' stamp='9.897'>
Uncommon trap occurred in java.lang.invoke.MethodHandleImpl$IntrinsicMethodHandle::&lt;init&gt; (@0x0000000114e82da8) thread=9987 reason=speculate_class_check action=maybe_recompile unloaded_class_index=-1
<jvms bci='1' method='java/lang/invoke/DelegatingMethodHandle chooseDelegatingForm (Ljava/lang/invoke/MethodHandle;)Ljava/lang/invoke/LambdaForm;' bytes='24' count='5' backedge_count='1' iicount='10'/>
<jvms bci='3' method='java/lang/invoke/DelegatingMethodHandle &lt;init&gt; (Ljava/lang/invoke/MethodType;Ljava/lang/invoke/MethodHandle;)V' bytes='10' count='5' backedge_count='1' iicount='10'/>
<jvms bci='6' method='java/lang/invoke/MethodHandleImpl$IntrinsicMethodHandle &lt;init&gt; (Ljava/lang/invoke/MethodHandle;Ljava/lang/invoke/MethodHandleImpl$Intrinsic;)V' bytes='20' count='5' backedge_count='1' iicount='10'/>
</uncommon_trap>
DEOPT PACKING thread 0x00007fe28e009000 Compiled frame (sp=0x000000030c78f7b0 unextended sp=0x000000030c78f7b0, fp=0x000000079598dbc0, real_fp=0x000000030c78f810, pc=0x0000000114e82da8)
     nmethod   9896  950             java.lang.invoke.MethodHandleImpl$IntrinsicMethodHandle::&lt;init&gt; (20 bytes)

     Virtual frames (innermost first):
        0 - frame( sp=0x000000030c78f7b0, unextended_sp=0x000000030c78f7b0, fp=0x000000079598dbc0, pc=0x0000000114e82da8)
java.lang.invoke.DelegatingMethodHandle.chooseDelegatingForm(DelegatingMethodHandle.java:90) - instanceof @ bci 1 
        1 - frame( sp=0x000000030c78f7b0, unextended_sp=0x000000030c78f7b0, fp=0x000000079598dbc0, pc=0x0000000114e82da8)
java.lang.invoke.DelegatingMethodHandle.&lt;init&gt;(DelegatingMethodHandle.java:44) - invokestatic @ bci 3 
        2 - frame( sp=0x000000030c78f7b0, unextended_sp=0x000000030c78f7b0, fp=0x000000079598dbc0, pc=0x0000000114e82da8)
java.lang.invoke.MethodHandleImpl$IntrinsicMethodHandle.&lt;init&gt;(MethodHandleImpl.java:1331) - invokespecial @ bci 6 
     Created vframeArray 0x00007fe28d092820
DEOPT UNPACKING thread 0x00007fe28e009000 vframeArray 0x00007fe28d092820 mode 2
     {method} {0x0000000111b12608} &apos;&lt;init&gt;&apos; &apos;(Ljava/lang/invoke/MethodHandle;Ljava/lang/invoke/MethodHandleImpl$Intrinsic;)V&apos; in &apos;java/lang/invoke/MethodHandleImpl$IntrinsicMethodHandle&apos; - invokespecial @ bci 6 sp = 0x000000030c78f7a8
     {method} {0x0000000111b0d210} &apos;&lt;init&gt;&apos; &apos;(Ljava/lang/invoke/MethodType;Ljava/lang/invoke/MethodHandle;)V&apos; in &apos;java/lang/invoke/DelegatingMethodHandle&apos; - invokestatic @ bci 3 sp = 0x000000030c78f740
     {method} {0x0000000111b0d958} &apos;chooseDelegatingForm&apos; &apos;(Ljava/lang/invoke/MethodHandle;)Ljava/lang/invoke/LambdaForm;&apos; in &apos;java/lang/invoke/DelegatingMethodHandle&apos; - instanceof @ bci 1 sp = 0x000000030c78f6e8
<uncommon_trap thread='9987' reason='speculate_class_check' action='maybe_recompile' compile_id='950' compiler='C2' count='1' stamp='9.898'>
Uncommon trap occurred in java.lang.invoke.MethodHandleImpl$IntrinsicMethodHandle::&lt;init&gt; (@0x0000000114e82da8) thread=9987 reason=speculate_class_check action=maybe_recompile unloaded_class_index=-1
<jvms bci='1' method='java/lang/invoke/DelegatingMethodHandle chooseDelegatingForm (Ljava/lang/invoke/MethodHandle;)Ljava/lang/invoke/LambdaForm;' bytes='24' count='5' backedge_count='1' iicount='10' speculate_class_check_traps='1'/>
<jvms bci='3' method='java/lang/invoke/DelegatingMethodHandle &lt;init&gt; (Ljava/lang/invoke/MethodType;Ljava/lang/invoke/MethodHandle;)V' bytes='10' count='5' backedge_count='1' iicount='10'/>
<jvms bci='6' method='java/lang/invoke/MethodHandleImpl$IntrinsicMethodHandle &lt;init&gt; (Ljava/lang/invoke/MethodHandle;Ljava/lang/invoke/MethodHandleImpl$Intrinsic;)V' bytes='20' count='5' backedge_count='1' iicount='10'/>
</uncommon_trap>
DEOPT PACKING thread 0x00007fe28e009000 Compiled frame (sp=0x000000030c78f7c0 unextended sp=0x000000030c78f7c0, fp=0x000000079598dd30, real_fp=0x000000030c78f820, pc=0x0000000114e82da8)
     nmethod   9897  950             java.lang.invoke.MethodHandleImpl$IntrinsicMethodHandle::&lt;init&gt; (20 bytes)

     Virtual frames (innermost first):
        0 - frame( sp=0x000000030c78f7c0, unextended_sp=0x000000030c78f7c0, fp=0x000000079598dd30, pc=0x0000000114e82da8)
java.lang.invoke.DelegatingMethodHandle.chooseDelegatingForm(DelegatingMethodHandle.java:90) - instanceof @ bci 1 
        1 - frame( sp=0x000000030c78f7c0, unextended_sp=0x000000030c78f7c0, fp=0x000000079598dd30, pc=0x0000000114e82da8)
java.lang.invoke.DelegatingMethodHandle.&lt;init&gt;(DelegatingMethodHandle.java:44) - invokestatic @ bci 3 
        2 - frame( sp=0x000000030c78f7c0, unextended_sp=0x000000030c78f7c0, fp=0x000000079598dd30, pc=0x0000000114e82da8)
java.lang.invoke.MethodHandleImpl$IntrinsicMethodHandle.&lt;init&gt;(MethodHandleImpl.java:1331) - invokespecial @ bci 6 
     Created vframeArray 0x00007fe28e04b220
DEOPT UNPACKING thread 0x00007fe28e009000 vframeArray 0x00007fe28e04b220 mode 2
     {method} {0x0000000111b12608} &apos;&lt;init&gt;&apos; &apos;(Ljava/lang/invoke/MethodHandle;Ljava/lang/invoke/MethodHandleImpl$Intrinsic;)V&apos; in &apos;java/lang/invoke/MethodHandleImpl$IntrinsicMethodHandle&apos; - invokespecial @ bci 6 sp = 0x000000030c78f7b8
     {method} {0x0000000111b0d210} &apos;&lt;init&gt;&apos; &apos;(Ljava/lang/invoke/MethodType;Ljava/lang/invoke/MethodHandle;)V&apos; in &apos;java/lang/invoke/DelegatingMethodHandle&apos; - invokestatic @ bci 3 sp = 0x000000030c78f750
     {method} {0x0000000111b0d958} &apos;chooseDelegatingForm&apos; &apos;(Ljava/lang/invoke/MethodHandle;)Ljava/lang/invoke/LambdaForm;&apos; in &apos;java/lang/invoke/DelegatingMethodHandle&apos; - instanceof @ bci 1 sp = 0x000000030c78f6f8
<uncommon_trap thread='9987' reason='speculate_class_check' action='maybe_recompile' compile_id='950' compiler='C2' count='2' stamp='10.092'>
Uncommon trap occurred in java.lang.invoke.MethodHandleImpl$IntrinsicMethodHandle::&lt;init&gt; (@0x0000000114e82da8) thread=9987 reason=speculate_class_check action=maybe_recompile unloaded_class_index=-1
<jvms bci='1' method='java/lang/invoke/DelegatingMethodHandle chooseDelegatingForm (Ljava/lang/invoke/MethodHandle;)Ljava/lang/invoke/LambdaForm;' bytes='24' count='5' backedge_count='1' iicount='10' speculate_class_check_traps='2'/>
<jvms bci='3' method='java/lang/invoke/DelegatingMethodHandle &lt;init&gt; (Ljava/lang/invoke/MethodType;Ljava/lang/invoke/MethodHandle;)V' bytes='10' count='5' backedge_count='1' iicount='10'/>
<jvms bci='6' method='java/lang/invoke/MethodHandleImpl$IntrinsicMethodHandle &lt;init&gt; (Ljava/lang/invoke/MethodHandle;Ljava/lang/invoke/MethodHandleImpl$Intrinsic;)V' bytes='20' count='5' backedge_count='1' iicount='10'/>
</uncommon_trap>
DEOPT PACKING thread 0x00007fe28e009000 Compiled frame (sp=0x000000030c78f7c0 unextended sp=0x000000030c78f7c0, fp=0x00000007959990e8, real_fp=0x000000030c78f820, pc=0x0000000114e82da8)
     nmethod  10092  950             java.lang.invoke.MethodHandleImpl$IntrinsicMethodHandle::&lt;init&gt; (20 bytes)

     Virtual frames (innermost first):
        0 - frame( sp=0x000000030c78f7c0, unextended_sp=0x000000030c78f7c0, fp=0x00000007959990e8, pc=0x0000000114e82da8)
java.lang.invoke.DelegatingMethodHandle.chooseDelegatingForm(DelegatingMethodHandle.java:90) - instanceof @ bci 1 
        1 - frame( sp=0x000000030c78f7c0, unextended_sp=0x000000030c78f7c0, fp=0x00000007959990e8, pc=0x0000000114e82da8)
java.lang.invoke.DelegatingMethodHandle.&lt;init&gt;(DelegatingMethodHandle.java:44) - invokestatic @ bci 3 
        2 - frame( sp=0x000000030c78f7c0, unextended_sp=0x000000030c78f7c0, fp=0x00000007959990e8, pc=0x0000000114e82da8)
java.lang.invoke.MethodHandleImpl$IntrinsicMethodHandle.&lt;init&gt;(MethodHandleImpl.java:1331) - invokespecial @ bci 6 
     Created vframeArray 0x00007fe28d092820
DEOPT UNPACKING thread 0x00007fe28e009000 vframeArray 0x00007fe28d092820 mode 2
     {method} {0x0000000111b12608} &apos;&lt;init&gt;&apos; &apos;(Ljava/lang/invoke/MethodHandle;Ljava/lang/invoke/MethodHandleImpl$Intrinsic;)V&apos; in &apos;java/lang/invoke/MethodHandleImpl$IntrinsicMethodHandle&apos; - invokespecial @ bci 6 sp = 0x000000030c78f7b8
     {method} {0x0000000111b0d210} &apos;&lt;init&gt;&apos; &apos;(Ljava/lang/invoke/MethodType;Ljava/lang/invoke/MethodHandle;)V&apos; in &apos;java/lang/invoke/DelegatingMethodHandle&apos; - invokestatic @ bci 3 sp = 0x000000030c78f750
     {method} {0x0000000111b0d958} &apos;chooseDelegatingForm&apos; &apos;(Ljava/lang/invoke/MethodHandle;)Ljava/lang/invoke/LambdaForm;&apos; in &apos;java/lang/invoke/DelegatingMethodHandle&apos; - instanceof @ bci 1 sp = 0x000000030c78f6f8
<dependency_failed type='abstract_with_unique_concrete_subtype' ctxk='sun/reflect/generics/repository/GenericDeclRepository' x='sun/reflect/generics/repository/ClassRepository' witness='sun/reflect/generics/repository/ConstructorRepository' stamp='10.261'/>
<uncommon_trap thread='9987' reason='class_check' action='maybe_recompile' compile_id='1273' compiler='C2' stamp='10.530'>
Uncommon trap occurred in sun.misc.ProxyGenerator$ConstantPool$IndirectEntry::equals (@0x0000000114f2fdb0) thread=9987 reason=class_check action=maybe_recompile unloaded_class_index=-1
<jvms bci='1' method='sun/misc/ProxyGenerator$ConstantPool$IndirectEntry equals (Ljava/lang/Object;)Z' bytes='49' count='5' backedge_count='1' iicount='10'/>
</uncommon_trap>
DEOPT PACKING thread 0x00007fe28e009000 Compiled frame (sp=0x000000030c790e80 unextended sp=0x000000030c790e80, fp=0x00000007959b20c0, real_fp=0x000000030c790eb0, pc=0x0000000114f2fdb0)
     nmethod  10529 1273             sun.misc.ProxyGenerator$ConstantPool$IndirectEntry::equals (49 bytes)

     Virtual frames (innermost first):
        0 - frame( sp=0x000000030c790e80, unextended_sp=0x000000030c790e80, fp=0x00000007959b20c0, pc=0x0000000114f2fdb0)
sun.misc.ProxyGenerator$ConstantPool$IndirectEntry.equals(ProxyGenerator.java:2019) - instanceof @ bci 1 
     Created vframeArray 0x00007fe28e04b220
DEOPT UNPACKING thread 0x00007fe28e009000 vframeArray 0x00007fe28e04b220 mode 2
     {method} {0x0000000111c03d20} &apos;equals&apos; &apos;(Ljava/lang/Object;)Z&apos; in &apos;sun/misc/ProxyGenerator$ConstantPool$IndirectEntry&apos; - instanceof @ bci 1 sp = 0x000000030c790e40
<uncommon_trap thread='9987' reason='class_check' action='maybe_recompile' compile_id='1273' compiler='C2' count='1' state='class_check' stamp='10.530'>
Uncommon trap occurred in sun.misc.ProxyGenerator$ConstantPool$IndirectEntry::equals (@0x0000000114f2fdb0) thread=9987 reason=class_check action=maybe_recompile unloaded_class_index=-1
<jvms bci='1' method='sun/misc/ProxyGenerator$ConstantPool$IndirectEntry equals (Ljava/lang/Object;)Z' bytes='49' count='5' backedge_count='1' iicount='10' class_check_traps='1'/>
</uncommon_trap>
DEOPT PACKING thread 0x00007fe28e009000 Compiled frame (sp=0x000000030c790e60 unextended sp=0x000000030c790e60, fp=0x00000007959b20c0, real_fp=0x000000030c790e90, pc=0x0000000114f2fdb0)
     nmethod  10530 1273             sun.misc.ProxyGenerator$ConstantPool$IndirectEntry::equals (49 bytes)

     Virtual frames (innermost first):
        0 - frame( sp=0x000000030c790e60, unextended_sp=0x000000030c790e60, fp=0x00000007959b20c0, pc=0x0000000114f2fdb0)
sun.misc.ProxyGenerator$ConstantPool$IndirectEntry.equals(ProxyGenerator.java:2019) - instanceof @ bci 1 
     Created vframeArray 0x00007fe28d84ac20
DEOPT UNPACKING thread 0x00007fe28e009000 vframeArray 0x00007fe28d84ac20 mode 2
     {method} {0x0000000111c03d20} &apos;equals&apos; &apos;(Ljava/lang/Object;)Z&apos; in &apos;sun/misc/ProxyGenerator$ConstantPool$IndirectEntry&apos; - instanceof @ bci 1 sp = 0x000000030c790e20
<uncommon_trap thread='9987' reason='class_check' action='maybe_recompile' compile_id='1273' compiler='C2' count='2' state='class_check' stamp='10.598'>
Uncommon trap occurred in sun.misc.ProxyGenerator$ConstantPool$IndirectEntry::equals (@0x0000000114f2fdb0) thread=9987 reason=class_check action=maybe_recompile unloaded_class_index=-1
<jvms bci='1' method='sun/misc/ProxyGenerator$ConstantPool$IndirectEntry equals (Ljava/lang/Object;)Z' bytes='49' count='5' backedge_count='1' iicount='10' class_check_traps='2'/>
</uncommon_trap>
DEOPT PACKING thread 0x00007fe28e009000 Compiled frame (sp=0x000000030c790e30 unextended sp=0x000000030c790e30, fp=0x00000007959b41d0, real_fp=0x000000030c790e60, pc=0x0000000114f2fdb0)
     nmethod  10597 1273             sun.misc.ProxyGenerator$ConstantPool$IndirectEntry::equals (49 bytes)

     Virtual frames (innermost first):
        0 - frame( sp=0x000000030c790e30, unextended_sp=0x000000030c790e30, fp=0x00000007959b41d0, pc=0x0000000114f2fdb0)
sun.misc.ProxyGenerator$ConstantPool$IndirectEntry.equals(ProxyGenerator.java:2019) - instanceof @ bci 1 
     Created vframeArray 0x00007fe28d063220
DEOPT UNPACKING thread 0x00007fe28e009000 vframeArray 0x00007fe28d063220 mode 2
     {method} {0x0000000111c03d20} &apos;equals&apos; &apos;(Ljava/lang/Object;)Z&apos; in &apos;sun/misc/ProxyGenerator$ConstantPool$IndirectEntry&apos; - instanceof @ bci 1 sp = 0x000000030c790df0
<uncommon_trap thread='9987' reason='class_check' action='maybe_recompile' compile_id='1400' compiler='C2' stamp='10.632'>
Uncommon trap occurred in org.springframework.core.ResolvableType::forType (@0x0000000114f7f36c) thread=9987 reason=class_check action=maybe_recompile unloaded_class_index=-1
<jvms bci='23' method='org/springframework/core/ResolvableType calculateHashCode ()I' bytes='80' count='6' iicount='6'/>
<jvms bci='26' method='org/springframework/core/ResolvableType &lt;init&gt; (Ljava/lang/reflect/Type;Lorg/springframework/core/SerializableTypeWrapper$TypeProvider;Lorg/springframework/core/ResolvableType$VariableResolver;)V' bytes='41' count='4' iicount='4'/>
<jvms bci='56' method='org/springframework/core/ResolvableType forType (Ljava/lang/reflect/Type;Lorg/springframework/core/SerializableTypeWrapper$TypeProvider;Lorg/springframework/core/ResolvableType$VariableResolver;)Lorg/springframework/core/ResolvableType;' bytes='115' count='5' backedge_count='1' iicount='10'/>
</uncommon_trap>
DEOPT PACKING thread 0x00007fe28e009000 Compiled frame (sp=0x000000030c7915f0 unextended sp=0x000000030c7915f0, fp=0x00000007959b85c8, real_fp=0x000000030c7916b0, pc=0x0000000114f7f36c)
     nmethod  10632 1400             org.springframework.core.ResolvableType::forType (115 bytes)

     Virtual frames (innermost first):
        0 - frame( sp=0x000000030c7915f0, unextended_sp=0x000000030c7915f0, fp=0x00000007959b85c8, pc=0x0000000114f7f36c)
org.springframework.core.ResolvableType.calculateHashCode(ResolvableType.java:958) - invokeinterface @ bci 23 
        1 - frame( sp=0x000000030c7915f0, unextended_sp=0x000000030c7915f0, fp=0x00000007959b85c8, pc=0x0000000114f7f36c)
org.springframework.core.ResolvableType.&lt;init&gt;(ResolvableType.java:151) - invokespecial @ bci 26 
        2 - frame( sp=0x000000030c7915f0, unextended_sp=0x000000030c7915f0, fp=0x00000007959b85c8, pc=0x0000000114f7f36c)
org.springframework.core.ResolvableType.forType(ResolvableType.java:1454) - invokespecial @ bci 56 
     Created vframeArray 0x00007fe28d872e20
DEOPT UNPACKING thread 0x00007fe28e009000 vframeArray 0x00007fe28d872e20 mode 2
     {method} {0x0000000111b9f7b0} &apos;forType&apos; &apos;(Ljava/lang/reflect/Type;Lorg/springframework/core/SerializableTypeWrapper$TypeProvider;Lorg/springframework/core/ResolvableType$VariableResolver;)Lorg/springframework/core/ResolvableType;&apos; in &apos;org/springframework/core/ResolvableType&apos; - invokespecial @ bci 56 sp = 0x000000030c791628
     {method} {0x0000000111b9a740} &apos;&lt;init&gt;&apos; &apos;(Ljava/lang/reflect/Type;Lorg/springframework/core/SerializableTypeWrapper$TypeProvider;Lorg/springframework/core/ResolvableType$VariableResolver;)V&apos; in &apos;org/springframework/core/ResolvableType&apos; - invokespecial @ bci 26 sp = 0x000000030c7915c0
     {method} {0x0000000111b9d8c0} &apos;calculateHashCode&apos; &apos;()I&apos; in &apos;org/springframework/core/ResolvableType&apos; - invokeinterface @ bci 23 sp = 0x000000030c791560
<uncommon_trap thread='9987' reason='class_check' action='maybe_recompile' compile_id='1408' compiler='C2' stamp='10.833'>
Uncommon trap occurred in sun.reflect.generics.repository.GenericDeclRepository::getTypeParameters (@0x0000000114e10200) thread=9987 reason=class_check action=maybe_recompile unloaded_class_index=-1
<jvms bci='16' method='sun/reflect/generics/repository/GenericDeclRepository getTypeParameters ()[Ljava/lang/reflect/TypeVariable;' bytes='80' count='5' backedge_count='5' iicount='7' decompiles='1'/>
</uncommon_trap>
DEOPT PACKING thread 0x00007fe28e009000 Compiled frame (sp=0x000000030c791110 unextended sp=0x000000030c791110, fp=0x00000007959bfb48, real_fp=0x000000030c791170, pc=0x0000000114e10200)
     nmethod  10833 1408             sun.reflect.generics.repository.GenericDeclRepository::getTypeParameters (80 bytes)

     Virtual frames (innermost first):
        0 - frame( sp=0x000000030c791110, unextended_sp=0x000000030c791110, fp=0x00000007959bfb48, pc=0x0000000114e10200)
sun.reflect.generics.repository.GenericDeclRepository.getTypeParameters(GenericDeclRepository.java:71) - invokeinterface @ bci 16 
     Created vframeArray 0x00007fe28d874820
DEOPT UNPACKING thread 0x00007fe28e009000 vframeArray 0x00007fe28d874820 mode 2
     {method} {0x00000001117eb788} &apos;getTypeParameters&apos; &apos;()[Ljava/lang/reflect/TypeVariable;&apos; in &apos;sun/reflect/generics/repository/GenericDeclRepository&apos; - invokeinterface @ bci 16 sp = 0x000000030c7910f8
<uncommon_trap thread='9987' reason='class_check' action='maybe_recompile' compile_id='1400' compiler='C2' count='1' state='class_check' stamp='10.881'>
Uncommon trap occurred in org.springframework.core.ResolvableType::forType (@0x0000000114f7f36c) thread=9987 reason=class_check action=maybe_recompile unloaded_class_index=-1
<jvms bci='23' method='org/springframework/core/ResolvableType calculateHashCode ()I' bytes='80' count='8' iicount='8' class_check_traps='1'/>
<jvms bci='26' method='org/springframework/core/ResolvableType &lt;init&gt; (Ljava/lang/reflect/Type;Lorg/springframework/core/SerializableTypeWrapper$TypeProvider;Lorg/springframework/core/ResolvableType$VariableResolver;)V' bytes='41' count='4' iicount='4'/>
<jvms bci='56' method='org/springframework/core/ResolvableType forType (Ljava/lang/reflect/Type;Lorg/springframework/core/SerializableTypeWrapper$TypeProvider;Lorg/springframework/core/ResolvableType$VariableResolver;)Lorg/springframework/core/ResolvableType;' bytes='115' count='5' backedge_count='1' iicount='10'/>
</uncommon_trap>
DEOPT PACKING thread 0x00007fe28e009000 Compiled frame (sp=0x000000030c7915f0 unextended sp=0x000000030c7915f0, fp=0x00000007959c0568, real_fp=0x000000030c7916b0, pc=0x0000000114f7f36c)
     nmethod  10881 1400             org.springframework.core.ResolvableType::forType (115 bytes)

     Virtual frames (innermost first):
        0 - frame( sp=0x000000030c7915f0, unextended_sp=0x000000030c7915f0, fp=0x00000007959c0568, pc=0x0000000114f7f36c)
org.springframework.core.ResolvableType.calculateHashCode(ResolvableType.java:958) - invokeinterface @ bci 23 
        1 - frame( sp=0x000000030c7915f0, unextended_sp=0x000000030c7915f0, fp=0x00000007959c0568, pc=0x0000000114f7f36c)
org.springframework.core.ResolvableType.&lt;init&gt;(ResolvableType.java:151) - invokespecial @ bci 26 
        2 - frame( sp=0x000000030c7915f0, unextended_sp=0x000000030c7915f0, fp=0x00000007959c0568, pc=0x0000000114f7f36c)
org.springframework.core.ResolvableType.forType(ResolvableType.java:1454) - invokespecial @ bci 56 
     Created vframeArray 0x00007fe28d092820
DEOPT UNPACKING thread 0x00007fe28e009000 vframeArray 0x00007fe28d092820 mode 2
     {method} {0x0000000111b9f7b0} &apos;forType&apos; &apos;(Ljava/lang/reflect/Type;Lorg/springframework/core/SerializableTypeWrapper$TypeProvider;Lorg/springframework/core/ResolvableType$VariableResolver;)Lorg/springframework/core/ResolvableType;&apos; in &apos;org/springframework/core/ResolvableType&apos; - invokespecial @ bci 56 sp = 0x000000030c791628
     {method} {0x0000000111b9a740} &apos;&lt;init&gt;&apos; &apos;(Ljava/lang/reflect/Type;Lorg/springframework/core/SerializableTypeWrapper$TypeProvider;Lorg/springframework/core/ResolvableType$VariableResolver;)V&apos; in &apos;org/springframework/core/ResolvableType&apos; - invokespecial @ bci 26 sp = 0x000000030c7915c0
     {method} {0x0000000111b9d8c0} &apos;calculateHashCode&apos; &apos;()I&apos; in &apos;org/springframework/core/ResolvableType&apos; - invokeinterface @ bci 23 sp = 0x000000030c791560
<uncommon_trap thread='9987' reason='speculate_class_check' action='maybe_recompile' compile_id='1448' compiler='C2' stamp='10.885'>
Uncommon trap occurred in org.springframework.util.ConcurrentReferenceHashMap$Segment::doTask (@0x0000000114f9653c) thread=9987 reason=speculate_class_check action=maybe_recompile unloaded_class_index=-1
<jvms bci='126' method='org/springframework/util/ConcurrentReferenceHashMap$Segment doTask (ILjava/lang/Object;Lorg/springframework/util/ConcurrentReferenceHashMap$Task;)Ljava/lang/Object;' bytes='179' count='5' backedge_count='1' iicount='10'/>
</uncommon_trap>
DEOPT PACKING thread 0x00007fe28e009000 Compiled frame (sp=0x000000030c7916c0 unextended sp=0x000000030c7916c0, fp=0x00000007958bbf88, real_fp=0x000000030c791740, pc=0x0000000114f9653c)
     nmethod  10884 1448   !         org.springframework.util.ConcurrentReferenceHashMap$Segment::doTask (179 bytes)

     Virtual frames (innermost first):
        0 - frame( sp=0x000000030c7916c0, unextended_sp=0x000000030c7916c0, fp=0x00000007958bbf88, pc=0x0000000114f9653c)
org.springframework.util.ConcurrentReferenceHashMap$Segment.doTask(ConcurrentReferenceHashMap.java:537) - invokevirtual @ bci 126 
     Created vframeArray 0x00007fe28d874820
DEOPT UNPACKING thread 0x00007fe28e009000 vframeArray 0x00007fe28d874820 mode 2
     {method} {0x0000000111ac9750} &apos;doTask&apos; &apos;(ILjava/lang/Object;Lorg/springframework/util/ConcurrentReferenceHashMap$Task;)Ljava/lang/Object;&apos; in &apos;org/springframework/util/ConcurrentReferenceHashMap$Segment&apos; - invokevirtual @ bci 126 sp = 0x000000030c791670
<uncommon_trap thread='9987' reason='unloaded' action='reinterpret' index='319' compile_id='1403' compiler='C2' unresolved='1' name='sun/reflect/generics/tree/BottomSignature' stamp='10.900'>
Uncommon trap occurred in sun.reflect.generics.parser.SignatureParser::parseTypeArgument (@0x0000000114db2580) thread=9987 reason=unloaded action=reinterpret unloaded_class_index=319 unresolved class: sun/reflect/generics/tree/BottomSignature
<jvms bci='65' method='sun/reflect/generics/parser/SignatureParser parseTypeArgument ()Lsun/reflect/generics/tree/TypeArgument;' bytes='133' count='5' backedge_count='1' iicount='10'/>
</uncommon_trap>
REALLOC OBJECTS in thread 0x00007fe28e009000
     object &lt;0x00000007959c1ee8&gt; of type &apos;sun/reflect/generics/tree/FieldTypeSignature&apos;[] allocated (24 bytes)
     object &lt;0x00000007959c1f00&gt; of type &apos;sun/reflect/generics/tree/FieldTypeSignature&apos;[] allocated (24 bytes)
DEOPT PACKING thread 0x00007fe28e009000 Compiled frame (sp=0x000000030c791090 unextended sp=0x000000030c791090, fp=0x00000007959c1e58, real_fp=0x000000030c7910c0, pc=0x0000000114db2580)
     nmethod  10901 1403             sun.reflect.generics.parser.SignatureParser::parseTypeArgument (133 bytes)

     Virtual frames (innermost first):
        0 - frame( sp=0x000000030c791090, unextended_sp=0x000000030c791090, fp=0x00000007959c1e58, pc=0x0000000114db2580)
sun.reflect.generics.parser.SignatureParser.parseTypeArgument(SignatureParser.java:404) - invokestatic @ bci 65 
     Created vframeArray 0x00007fe28c07dc20
DEOPT UNPACKING thread 0x00007fe28e009000 vframeArray 0x00007fe28c07dc20 mode 2
     {method} {0x0000000111b97ba0} &apos;parseTypeArgument&apos; &apos;()Lsun/reflect/generics/tree/TypeArgument;&apos; in &apos;sun/reflect/generics/parser/SignatureParser&apos; - invokestatic @ bci 65 sp = 0x000000030c791038
<uncommon_trap thread='9987' reason='bimorphic' action='maybe_recompile' compile_id='1410' compiler='C2' stamp='10.903'>
Uncommon trap occurred in sun.reflect.generics.visitor.Reifier::reifyTypeArguments (@0x0000000114e5c03c) thread=9987 reason=bimorphic action=maybe_recompile unloaded_class_index=-1
<jvms bci='18' method='sun/reflect/generics/visitor/Reifier reifyTypeArguments ([Lsun/reflect/generics/tree/TypeArgument;)[Ljava/lang/reflect/Type;' bytes='38' count='5' backedge_count='6' iicount='5'/>
</uncommon_trap>
DEOPT PACKING thread 0x00007fe28e009000 Compiled frame (sp=0x000000030c791380 unextended sp=0x000000030c791380, fp=0x00000007959c1fd0, real_fp=0x000000030c7913d0, pc=0x0000000114e5c03c)
     nmethod  10902 1410             sun.reflect.generics.visitor.Reifier::reifyTypeArguments (38 bytes)

     Virtual frames (innermost first):
        0 - frame( sp=0x000000030c791380, unextended_sp=0x000000030c791380, fp=0x00000007959c1fd0, pc=0x0000000114e5c03c)
sun.reflect.generics.visitor.Reifier.reifyTypeArguments(Reifier.java:68) - invokeinterface @ bci 18 
     Created vframeArray 0x00007fe28c085220
DEOPT UNPACKING thread 0x00007fe28e009000 vframeArray 0x00007fe28c085220 mode 2
     {method} {0x0000000111bafb38} &apos;reifyTypeArguments&apos; &apos;([Lsun/reflect/generics/tree/TypeArgument;)[Ljava/lang/reflect/Type;&apos; in &apos;sun/reflect/generics/visitor/Reifier&apos; - invokeinterface @ bci 18 sp = 0x000000030c791350
<uncommon_trap thread='9987' reason='class_check' action='maybe_recompile' compile_id='1408' compiler='C2' count='1' state='class_check' stamp='10.969'>
Uncommon trap occurred in sun.reflect.generics.repository.GenericDeclRepository::getTypeParameters (@0x0000000114e10200) thread=9987 reason=class_check action=maybe_recompile unloaded_class_index=-1
<jvms bci='16' method='sun/reflect/generics/repository/GenericDeclRepository getTypeParameters ()[Ljava/lang/reflect/TypeVariable;' bytes='80' count='5' backedge_count='5' iicount='7' decompiles='1' class_check_traps='1'/>
</uncommon_trap>
DEOPT PACKING thread 0x00007fe28e009000 Compiled frame (sp=0x000000030c791230 unextended sp=0x000000030c791230, fp=0x00000007959c35d8, real_fp=0x000000030c791290, pc=0x0000000114e10200)
     nmethod  10969 1408             sun.reflect.generics.repository.GenericDeclRepository::getTypeParameters (80 bytes)

     Virtual frames (innermost first):
        0 - frame( sp=0x000000030c791230, unextended_sp=0x000000030c791230, fp=0x00000007959c35d8, pc=0x0000000114e10200)
sun.reflect.generics.repository.GenericDeclRepository.getTypeParameters(GenericDeclRepository.java:71) - invokeinterface @ bci 16 
     Created vframeArray 0x00007fe28c07dc20
DEOPT UNPACKING thread 0x00007fe28e009000 vframeArray 0x00007fe28c07dc20 mode 2
     {method} {0x00000001117eb788} &apos;getTypeParameters&apos; &apos;()[Ljava/lang/reflect/TypeVariable;&apos; in &apos;sun/reflect/generics/repository/GenericDeclRepository&apos; - invokeinterface @ bci 16 sp = 0x000000030c791218
<uncommon_trap thread='9987' reason='class_check' action='maybe_recompile' compile_id='1400' compiler='C2' count='2' state='class_check' stamp='10.995'>
Uncommon trap occurred in org.springframework.core.ResolvableType::forType (@0x0000000114f7f36c) thread=9987 reason=class_check action=maybe_recompile unloaded_class_index=-1
<jvms bci='23' method='org/springframework/core/ResolvableType calculateHashCode ()I' bytes='80' count='5' backedge_count='1' iicount='10' class_check_traps='2'/>
<jvms bci='26' method='org/springframework/core/ResolvableType &lt;init&gt; (Ljava/lang/reflect/Type;Lorg/springframework/core/SerializableTypeWrapper$TypeProvider;Lorg/springframework/core/ResolvableType$VariableResolver;)V' bytes='41' count='4' iicount='4'/>
<jvms bci='56' method='org/springframework/core/ResolvableType forType (Ljava/lang/reflect/Type;Lorg/springframework/core/SerializableTypeWrapper$TypeProvider;Lorg/springframework/core/ResolvableType$VariableResolver;)Lorg/springframework/core/ResolvableType;' bytes='115' count='5' backedge_count='1' iicount='10'/>
</uncommon_trap>
DEOPT PACKING thread 0x00007fe28e009000 Compiled frame (sp=0x000000030c7915f0 unextended sp=0x000000030c7915f0, fp=0x00000007959c3ff8, real_fp=0x000000030c7916b0, pc=0x0000000114f7f36c)
     nmethod  10994 1400             org.springframework.core.ResolvableType::forType (115 bytes)

     Virtual frames (innermost first):
        0 - frame( sp=0x000000030c7915f0, unextended_sp=0x000000030c7915f0, fp=0x00000007959c3ff8, pc=0x0000000114f7f36c)
org.springframework.core.ResolvableType.calculateHashCode(ResolvableType.java:958) - invokeinterface @ bci 23 
        1 - frame( sp=0x000000030c7915f0, unextended_sp=0x000000030c7915f0, fp=0x00000007959c3ff8, pc=0x0000000114f7f36c)
org.springframework.core.ResolvableType.&lt;init&gt;(ResolvableType.java:151) - invokespecial @ bci 26 
        2 - frame( sp=0x000000030c7915f0, unextended_sp=0x000000030c7915f0, fp=0x00000007959c3ff8, pc=0x0000000114f7f36c)
org.springframework.core.ResolvableType.forType(ResolvableType.java:1454) - invokespecial @ bci 56 
     Created vframeArray 0x00007fe27c00d020
DEOPT UNPACKING thread 0x00007fe28e009000 vframeArray 0x00007fe27c00d020 mode 2
     {method} {0x0000000111b9f7b0} &apos;forType&apos; &apos;(Ljava/lang/reflect/Type;Lorg/springframework/core/SerializableTypeWrapper$TypeProvider;Lorg/springframework/core/ResolvableType$VariableResolver;)Lorg/springframework/core/ResolvableType;&apos; in &apos;org/springframework/core/ResolvableType&apos; - invokespecial @ bci 56 sp = 0x000000030c791628
     {method} {0x0000000111b9a740} &apos;&lt;init&gt;&apos; &apos;(Ljava/lang/reflect/Type;Lorg/springframework/core/SerializableTypeWrapper$TypeProvider;Lorg/springframework/core/ResolvableType$VariableResolver;)V&apos; in &apos;org/springframework/core/ResolvableType&apos; - invokespecial @ bci 26 sp = 0x000000030c7915c0
     {method} {0x0000000111b9d8c0} &apos;calculateHashCode&apos; &apos;()I&apos; in &apos;org/springframework/core/ResolvableType&apos; - invokeinterface @ bci 23 sp = 0x000000030c791560
<uncommon_trap thread='9987' reason='class_check' action='maybe_recompile' compile_id='1487' compiler='C2' stamp='11.036'>
Uncommon trap occurred in org.springframework.util.ObjectUtils::nullSafeEquals (@0x0000000114f9ee48) thread=9987 reason=class_check action=maybe_recompile unloaded_class_index=-1
<jvms bci='19' method='org/springframework/util/ObjectUtils nullSafeEquals (Ljava/lang/Object;Ljava/lang/Object;)Z' bytes='55' count='6' backedge_count='1' iicount='11'/>
</uncommon_trap>
DEOPT PACKING thread 0x00007fe28e009000 Compiled frame (sp=0x000000030c791690 unextended sp=0x000000030c791690, fp=0x00000000b2f91d19, real_fp=0x000000030c7916d0, pc=0x0000000114f9ee48)
     nmethod  11036 1487             org.springframework.util.ObjectUtils::nullSafeEquals (55 bytes)

     Virtual frames (innermost first):
        0 - frame( sp=0x000000030c791690, unextended_sp=0x000000030c791690, fp=0x00000000b2f91d19, pc=0x0000000114f9ee48)
org.springframework.util.ObjectUtils.nullSafeEquals(ObjectUtils.java:341) - invokevirtual @ bci 19 
     Created vframeArray 0x00007fe28d092820
DEOPT UNPACKING thread 0x00007fe28e009000 vframeArray 0x00007fe28d092820 mode 2
     {method} {0x0000000111ba5740} &apos;nullSafeEquals&apos; &apos;(Ljava/lang/Object;Ljava/lang/Object;)Z&apos; in &apos;org/springframework/util/ObjectUtils&apos; - invokevirtual @ bci 19 sp = 0x000000030c791660
<uncommon_trap thread='9987' reason='class_check' action='maybe_recompile' compile_id='1400' compiler='C2' count='3' state='class_check' stamp='11.102'>
Uncommon trap occurred in org.springframework.core.ResolvableType::forType (@0x0000000114f7f36c) thread=9987 reason=class_check action=maybe_recompile unloaded_class_index=-1
<jvms bci='23' method='org/springframework/core/ResolvableType calculateHashCode ()I' bytes='80' count='6' backedge_count='1' iicount='11' class_check_traps='3'/>
<jvms bci='26' method='org/springframework/core/ResolvableType &lt;init&gt; (Ljava/lang/reflect/Type;Lorg/springframework/core/SerializableTypeWrapper$TypeProvider;Lorg/springframework/core/ResolvableType$VariableResolver;)V' bytes='41' count='4' iicount='4'/>
<jvms bci='56' method='org/springframework/core/ResolvableType forType (Ljava/lang/reflect/Type;Lorg/springframework/core/SerializableTypeWrapper$TypeProvider;Lorg/springframework/core/ResolvableType$VariableResolver;)Lorg/springframework/core/ResolvableType;' bytes='115' count='5' backedge_count='1' iicount='10'/>
</uncommon_trap>
DEOPT PACKING thread 0x00007fe28e009000 Compiled frame (sp=0x000000030c7915f0 unextended sp=0x000000030c7915f0, fp=0x00000007959c5820, real_fp=0x000000030c7916b0, pc=0x0000000114f7f36c)
     nmethod  11102 1400             org.springframework.core.ResolvableType::forType (115 bytes)

     Virtual frames (innermost first):
        0 - frame( sp=0x000000030c7915f0, unextended_sp=0x000000030c7915f0, fp=0x00000007959c5820, pc=0x0000000114f7f36c)
org.springframework.core.ResolvableType.calculateHashCode(ResolvableType.java:958) - invokeinterface @ bci 23 
        1 - frame( sp=0x000000030c7915f0, unextended_sp=0x000000030c7915f0, fp=0x00000007959c5820, pc=0x0000000114f7f36c)
org.springframework.core.ResolvableType.&lt;init&gt;(ResolvableType.java:151) - invokespecial @ bci 26 
        2 - frame( sp=0x000000030c7915f0, unextended_sp=0x000000030c7915f0, fp=0x00000007959c5820, pc=0x0000000114f7f36c)
org.springframework.core.ResolvableType.forType(ResolvableType.java:1454) - invokespecial @ bci 56 
     Created vframeArray 0x00007fe28d093e20
DEOPT UNPACKING thread 0x00007fe28e009000 vframeArray 0x00007fe28d093e20 mode 2
     {method} {0x0000000111b9f7b0} &apos;forType&apos; &apos;(Ljava/lang/reflect/Type;Lorg/springframework/core/SerializableTypeWrapper$TypeProvider;Lorg/springframework/core/ResolvableType$VariableResolver;)Lorg/springframework/core/ResolvableType;&apos; in &apos;org/springframework/core/ResolvableType&apos; - invokespecial @ bci 56 sp = 0x000000030c791628
     {method} {0x0000000111b9a740} &apos;&lt;init&gt;&apos; &apos;(Ljava/lang/reflect/Type;Lorg/springframework/core/SerializableTypeWrapper$TypeProvider;Lorg/springframework/core/ResolvableType$VariableResolver;)V&apos; in &apos;org/springframework/core/ResolvableType&apos; - invokespecial @ bci 26 sp = 0x000000030c7915c0
     {method} {0x0000000111b9d8c0} &apos;calculateHashCode&apos; &apos;()I&apos; in &apos;org/springframework/core/ResolvableType&apos; - invokeinterface @ bci 23 sp = 0x000000030c791560
<uncommon_trap thread='9987' reason='class_check' action='maybe_recompile' compile_id='1487' compiler='C2' count='1' state='class_check' stamp='11.104'>
Uncommon trap occurred in org.springframework.util.ObjectUtils::nullSafeEquals (@0x0000000114f9ee48) thread=9987 reason=class_check action=maybe_recompile unloaded_class_index=-1
<jvms bci='19' method='org/springframework/util/ObjectUtils nullSafeEquals (Ljava/lang/Object;Ljava/lang/Object;)Z' bytes='55' count='6' backedge_count='1' iicount='11' class_check_traps='1'/>
</uncommon_trap>
DEOPT PACKING thread 0x00007fe28e009000 Compiled frame (sp=0x000000030c791690 unextended sp=0x000000030c791690, fp=0x00000000d038272c, real_fp=0x000000030c7916d0, pc=0x0000000114f9ee48)
     nmethod  11104 1487             org.springframework.util.ObjectUtils::nullSafeEquals (55 bytes)

     Virtual frames (innermost first):
        0 - frame( sp=0x000000030c791690, unextended_sp=0x000000030c791690, fp=0x00000000d038272c, pc=0x0000000114f9ee48)
org.springframework.util.ObjectUtils.nullSafeEquals(ObjectUtils.java:341) - invokevirtual @ bci 19 
     Created vframeArray 0x00007fe28d092820
DEOPT UNPACKING thread 0x00007fe28e009000 vframeArray 0x00007fe28d092820 mode 2
     {method} {0x0000000111ba5740} &apos;nullSafeEquals&apos; &apos;(Ljava/lang/Object;Ljava/lang/Object;)Z&apos; in &apos;org/springframework/util/ObjectUtils&apos; - invokevirtual @ bci 19 sp = 0x000000030c791660
<uncommon_trap thread='9987' reason='bimorphic' action='maybe_recompile' compile_id='1410' compiler='C2' count='1' state='#7' stamp='11.174'>
Uncommon trap occurred in sun.reflect.generics.visitor.Reifier::reifyTypeArguments (@0x0000000114e5c03c) thread=9987 reason=bimorphic action=maybe_recompile unloaded_class_index=-1
<jvms bci='18' method='sun/reflect/generics/visitor/Reifier reifyTypeArguments ([Lsun/reflect/generics/tree/TypeArgument;)[Ljava/lang/reflect/Type;' bytes='38' count='5' backedge_count='7' iicount='5' bimorphic_traps='1'/>
</uncommon_trap>
DEOPT PACKING thread 0x00007fe28e009000 Compiled frame (sp=0x000000030c7914a0 unextended sp=0x000000030c7914a0, fp=0x00000007959c6928, real_fp=0x000000030c7914f0, pc=0x0000000114e5c03c)
     nmethod  11173 1410             sun.reflect.generics.visitor.Reifier::reifyTypeArguments (38 bytes)

     Virtual frames (innermost first):
        0 - frame( sp=0x000000030c7914a0, unextended_sp=0x000000030c7914a0, fp=0x00000007959c6928, pc=0x0000000114e5c03c)
sun.reflect.generics.visitor.Reifier.reifyTypeArguments(Reifier.java:68) - invokeinterface @ bci 18 
     Created vframeArray 0x00007fe28e089820
DEOPT UNPACKING thread 0x00007fe28e009000 vframeArray 0x00007fe28e089820 mode 2
     {method} {0x0000000111bafb38} &apos;reifyTypeArguments&apos; &apos;([Lsun/reflect/generics/tree/TypeArgument;)[Ljava/lang/reflect/Type;&apos; in &apos;sun/reflect/generics/visitor/Reifier&apos; - invokeinterface @ bci 18 sp = 0x000000030c791470
<uncommon_trap thread='9987' reason='class_check' action='maybe_recompile' compile_id='1528' compiler='C2' stamp='11.235'>
Uncommon trap occurred in org.springframework.core.ResolvableType::resolveType (@0x0000000114fb378c) thread=9987 reason=class_check action=maybe_recompile unloaded_class_index=-1
<jvms bci='91' method='org/springframework/core/ResolvableType resolveType ()Lorg/springframework/core/ResolvableType;' bytes='151' count='7' backedge_count='1' iicount='12'/>
</uncommon_trap>
DEOPT PACKING thread 0x00007fe28e009000 Compiled frame (sp=0x000000030c791540 unextended sp=0x000000030c791540, fp=0x00000007959c7780, real_fp=0x000000030c791580, pc=0x0000000114fb378c)
     nmethod  11234 1528             org.springframework.core.ResolvableType::resolveType (151 bytes)

     Virtual frames (innermost first):
        0 - frame( sp=0x000000030c791540, unextended_sp=0x000000030c791540, fp=0x00000007959c7780, pc=0x0000000114fb378c)
org.springframework.core.ResolvableType.resolveType(ResolvableType.java:862) - instanceof @ bci 91 
     Created vframeArray 0x00007fe28d874820
DEOPT UNPACKING thread 0x00007fe28e009000 vframeArray 0x00007fe28d874820 mode 2
     {method} {0x0000000111b9d1c0} &apos;resolveType&apos; &apos;()Lorg/springframework/core/ResolvableType;&apos; in &apos;org/springframework/core/ResolvableType&apos; - instanceof @ bci 91 sp = 0x000000030c791518
<uncommon_trap thread='9987' reason='bimorphic' action='maybe_recompile' compile_id='1518' compiler='C2' stamp='11.316'>
Uncommon trap occurred in org.springframework.core.SerializableTypeWrapper$TypeProxyInvocationHandler::invoke (@0x0000000114fb1218) thread=9987 reason=bimorphic action=maybe_recompile unloaded_class_index=-1
<jvms bci='165' method='org/springframework/core/SerializableTypeWrapper$TypeProxyInvocationHandler invoke (Ljava/lang/Object;Ljava/lang/reflect/Method;[Ljava/lang/Object;)Ljava/lang/Object;' bytes='324' count='5' backedge_count='1' iicount='10'/>
</uncommon_trap>
DEOPT PACKING thread 0x00007fe28e009000 Compiled frame (sp=0x000000030c791360 unextended sp=0x000000030c791360, fp=0x00000000f2b38fb1, real_fp=0x000000030c7913c0, pc=0x0000000114fb1218)
     nmethod  11315 1518             org.springframework.core.SerializableTypeWrapper$TypeProxyInvocationHandler::invoke (324 bytes)

     Virtual frames (innermost first):
        0 - frame( sp=0x000000030c791360, unextended_sp=0x000000030c791360, fp=0x00000000f2b38fb1, pc=0x0000000114fb1218)
org.springframework.core.SerializableTypeWrapper$TypeProxyInvocationHandler.invoke(SerializableTypeWrapper.java:197) - invokeinterface @ bci 165 
     Created vframeArray 0x00007fe28c087420
DEOPT UNPACKING thread 0x00007fe28e009000 vframeArray 0x00007fe28c087420 mode 2
     {method} {0x0000000111bd0460} &apos;invoke&apos; &apos;(Ljava/lang/Object;Ljava/lang/reflect/Method;[Ljava/lang/Object;)Ljava/lang/Object;&apos; in &apos;org/springframework/core/SerializableTypeWrapper$TypeProxyInvocationHandler&apos; - invokeinterface @ bci 165 sp = 0x000000030c791350
<uncommon_trap thread='9987' reason='bimorphic' action='maybe_recompile' compile_id='1568' compiler='C2' stamp='11.327'>
Uncommon trap occurred in org.springframework.core.SerializableTypeWrapper$MethodInvokeTypeProvider::getType (@0x0000000114fc7250) thread=9987 reason=bimorphic action=maybe_recompile unloaded_class_index=-1
<jvms bci='17' method='org/springframework/core/SerializableTypeWrapper$MethodInvokeTypeProvider getType ()Ljava/lang/reflect/Type;' bytes='58' count='5' backedge_count='1' iicount='10'/>
</uncommon_trap>
DEOPT PACKING thread 0x00007fe28e009000 Compiled frame (sp=0x000000030c7912b0 unextended sp=0x000000030c7912b0, fp=0x00000000f2b3a8f2, real_fp=0x000000030c7912e0, pc=0x0000000114fc7250)
     nmethod  11326 1568             org.springframework.core.SerializableTypeWrapper$MethodInvokeTypeProvider::getType (58 bytes)

     Virtual frames (innermost first):
        0 - frame( sp=0x000000030c7912b0, unextended_sp=0x000000030c7912b0, fp=0x00000000f2b3a8f2, pc=0x0000000114fc7250)
org.springframework.core.SerializableTypeWrapper$MethodInvokeTypeProvider.getType(SerializableTypeWrapper.java:349) - invokeinterface @ bci 17 
     Created vframeArray 0x00007fe28c087c20
DEOPT UNPACKING thread 0x00007fe28e009000 vframeArray 0x00007fe28c087c20 mode 2
     {method} {0x0000000111c24eb8} &apos;getType&apos; &apos;()Ljava/lang/reflect/Type;&apos; in &apos;org/springframework/core/SerializableTypeWrapper$MethodInvokeTypeProvider&apos; - invokeinterface @ bci 17 sp = 0x000000030c791270
<uncommon_trap thread='9987' reason='bimorphic' action='maybe_recompile' compile_id='1568' compiler='C2' count='1' state='#7' stamp='11.329'>
Uncommon trap occurred in org.springframework.core.SerializableTypeWrapper$MethodInvokeTypeProvider::getType (@0x0000000114fc7250) thread=9987 reason=bimorphic action=maybe_recompile unloaded_class_index=-1
<jvms bci='17' method='org/springframework/core/SerializableTypeWrapper$MethodInvokeTypeProvider getType ()Ljava/lang/reflect/Type;' bytes='58' count='5' backedge_count='1' iicount='10' bimorphic_traps='1'/>
</uncommon_trap>
DEOPT PACKING thread 0x00007fe28e009000 Compiled frame (sp=0x000000030c7912b0 unextended sp=0x000000030c7912b0, fp=0x00000000f2b3a907, real_fp=0x000000030c7912e0, pc=0x0000000114fc7250)
     nmethod  11329 1568             org.springframework.core.SerializableTypeWrapper$MethodInvokeTypeProvider::getType (58 bytes)

     Virtual frames (innermost first):
        0 - frame( sp=0x000000030c7912b0, unextended_sp=0x000000030c7912b0, fp=0x00000000f2b3a907, pc=0x0000000114fc7250)
org.springframework.core.SerializableTypeWrapper$MethodInvokeTypeProvider.getType(SerializableTypeWrapper.java:349) - invokeinterface @ bci 17 
     Created vframeArray 0x00007fe28e089820
DEOPT UNPACKING thread 0x00007fe28e009000 vframeArray 0x00007fe28e089820 mode 2
     {method} {0x0000000111c24eb8} &apos;getType&apos; &apos;()Ljava/lang/reflect/Type;&apos; in &apos;org/springframework/core/SerializableTypeWrapper$MethodInvokeTypeProvider&apos; - invokeinterface @ bci 17 sp = 0x000000030c791270
<uncommon_trap thread='9987' reason='class_check' action='maybe_recompile' compile_id='1518' compiler='C2' stamp='11.330'>
Uncommon trap occurred in org.springframework.core.SerializableTypeWrapper$TypeProxyInvocationHandler::invoke (@0x0000000114fb124c) thread=9987 reason=class_check action=maybe_recompile unloaded_class_index=-1
<jvms bci='314' method='org/springframework/core/SerializableTypeWrapper$TypeProxyInvocationHandler invoke (Ljava/lang/Object;Ljava/lang/reflect/Method;[Ljava/lang/Object;)Ljava/lang/Object;' bytes='324' count='5' backedge_count='1' iicount='10' bimorphic_traps='1'/>
</uncommon_trap>
DEOPT PACKING thread 0x00007fe28e009000 Compiled frame (sp=0x000000030c7910f0 unextended sp=0x000000030c7910f0, fp=0x0000000000000000, real_fp=0x000000030c791150, pc=0x0000000114fb124c)
     nmethod  11330 1518             org.springframework.core.SerializableTypeWrapper$TypeProxyInvocationHandler::invoke (324 bytes)

     Virtual frames (innermost first):
        0 - frame( sp=0x000000030c7910f0, unextended_sp=0x000000030c7910f0, fp=0x0000000000000000, pc=0x0000000114fb124c)
org.springframework.core.SerializableTypeWrapper$TypeProxyInvocationHandler.invoke(SerializableTypeWrapper.java:217) - invokeinterface @ bci 314 
     Created vframeArray 0x00007fe28d874820
DEOPT UNPACKING thread 0x00007fe28e009000 vframeArray 0x00007fe28d874820 mode 2
     {method} {0x0000000111bd0460} &apos;invoke&apos; &apos;(Ljava/lang/Object;Ljava/lang/reflect/Method;[Ljava/lang/Object;)Ljava/lang/Object;&apos; in &apos;org/springframework/core/SerializableTypeWrapper$TypeProxyInvocationHandler&apos; - invokeinterface @ bci 314 sp = 0x000000030c7910d8
<uncommon_trap thread='9987' reason='class_check' action='maybe_recompile' compile_id='1487' compiler='C2' count='2' state='class_check' stamp='11.333'>
Uncommon trap occurred in org.springframework.util.ObjectUtils::nullSafeEquals (@0x0000000114f9ee48) thread=9987 reason=class_check action=maybe_recompile unloaded_class_index=-1
<jvms bci='19' method='org/springframework/util/ObjectUtils nullSafeEquals (Ljava/lang/Object;Ljava/lang/Object;)Z' bytes='55' count='6' backedge_count='1' iicount='11' class_check_traps='2'/>
</uncommon_trap>
DEOPT PACKING thread 0x00007fe28e009000 Compiled frame (sp=0x000000030c791690 unextended sp=0x000000030c791690, fp=0x000000000d5c4c85, real_fp=0x000000030c7916d0, pc=0x0000000114f9ee48)
     nmethod  11332 1487             org.springframework.util.ObjectUtils::nullSafeEquals (55 bytes)

     Virtual frames (innermost first):
        0 - frame( sp=0x000000030c791690, unextended_sp=0x000000030c791690, fp=0x000000000d5c4c85, pc=0x0000000114f9ee48)
org.springframework.util.ObjectUtils.nullSafeEquals(ObjectUtils.java:341) - invokevirtual @ bci 19 
     Created vframeArray 0x00007fe28c087c20
DEOPT UNPACKING thread 0x00007fe28e009000 vframeArray 0x00007fe28c087c20 mode 2
     {method} {0x0000000111ba5740} &apos;nullSafeEquals&apos; &apos;(Ljava/lang/Object;Ljava/lang/Object;)Z&apos; in &apos;org/springframework/util/ObjectUtils&apos; - invokevirtual @ bci 19 sp = 0x000000030c791660
<uncommon_trap thread='9987' reason='class_check' action='maybe_recompile' compile_id='1487' compiler='C2' count='3' state='class_check' stamp='11.376'>
Uncommon trap occurred in org.springframework.util.ObjectUtils::nullSafeEquals (@0x0000000114f9ee48) thread=9987 reason=class_check action=maybe_recompile unloaded_class_index=-1
<jvms bci='19' method='org/springframework/util/ObjectUtils nullSafeEquals (Ljava/lang/Object;Ljava/lang/Object;)Z' bytes='55' count='6' backedge_count='1' iicount='11' class_check_traps='3'/>
</uncommon_trap>
DEOPT PACKING thread 0x00007fe28e009000 Compiled frame (sp=0x000000030c791690 unextended sp=0x000000030c791690, fp=0x00000000ea74ec79, real_fp=0x000000030c7916d0, pc=0x0000000114f9ee48)
     nmethod  11375 1487             org.springframework.util.ObjectUtils::nullSafeEquals (55 bytes)

     Virtual frames (innermost first):
        0 - frame( sp=0x000000030c791690, unextended_sp=0x000000030c791690, fp=0x00000000ea74ec79, pc=0x0000000114f9ee48)
org.springframework.util.ObjectUtils.nullSafeEquals(ObjectUtils.java:341) - invokevirtual @ bci 19 
     Created vframeArray 0x00007fe28c087420
DEOPT UNPACKING thread 0x00007fe28e009000 vframeArray 0x00007fe28c087420 mode 2
     {method} {0x0000000111ba5740} &apos;nullSafeEquals&apos; &apos;(Ljava/lang/Object;Ljava/lang/Object;)Z&apos; in &apos;org/springframework/util/ObjectUtils&apos; - invokevirtual @ bci 19 sp = 0x000000030c791660
<uncommon_trap thread='9987' reason='class_check' action='maybe_recompile' compile_id='1528' compiler='C2' count='1' state='class_check' stamp='11.433'>
Uncommon trap occurred in org.springframework.core.ResolvableType::resolveType (@0x0000000114fb378c) thread=9987 reason=class_check action=maybe_recompile unloaded_class_index=-1
<jvms bci='91' method='org/springframework/core/ResolvableType resolveType ()Lorg/springframework/core/ResolvableType;' bytes='151' count='7' backedge_count='1' iicount='12' class_check_traps='1'/>
</uncommon_trap>
DEOPT PACKING thread 0x00007fe28e009000 Compiled frame (sp=0x000000030c791540 unextended sp=0x000000030c791540, fp=0x00000007959d6380, real_fp=0x000000030c791580, pc=0x0000000114fb378c)
     nmethod  11432 1528             org.springframework.core.ResolvableType::resolveType (151 bytes)

     Virtual frames (innermost first):
        0 - frame( sp=0x000000030c791540, unextended_sp=0x000000030c791540, fp=0x00000007959d6380, pc=0x0000000114fb378c)
org.springframework.core.ResolvableType.resolveType(ResolvableType.java:862) - instanceof @ bci 91 
     Created vframeArray 0x00007fe28d092820
DEOPT UNPACKING thread 0x00007fe28e009000 vframeArray 0x00007fe28d092820 mode 2
     {method} {0x0000000111b9d1c0} &apos;resolveType&apos; &apos;()Lorg/springframework/core/ResolvableType;&apos; in &apos;org/springframework/core/ResolvableType&apos; - instanceof @ bci 91 sp = 0x000000030c791518
<uncommon_trap thread='9987' reason='bimorphic' action='maybe_recompile' compile_id='1518' compiler='C2' count='1' state='#7' stamp='11.436'>
Uncommon trap occurred in org.springframework.core.SerializableTypeWrapper$TypeProxyInvocationHandler::invoke (@0x0000000114fb1218) thread=9987 reason=bimorphic action=maybe_recompile unloaded_class_index=-1
<jvms bci='165' method='org/springframework/core/SerializableTypeWrapper$TypeProxyInvocationHandler invoke (Ljava/lang/Object;Ljava/lang/reflect/Method;[Ljava/lang/Object;)Ljava/lang/Object;' bytes='324' count='5' backedge_count='1' iicount='10' class_check_traps='1' bimorphic_traps='1'/>
</uncommon_trap>
DEOPT PACKING thread 0x00007fe28e009000 Compiled frame (sp=0x000000030c791360 unextended sp=0x000000030c791360, fp=0x00000000f2b3ac7d, real_fp=0x000000030c7913c0, pc=0x0000000114fb1218)
     nmethod  11435 1518             org.springframework.core.SerializableTypeWrapper$TypeProxyInvocationHandler::invoke (324 bytes)

     Virtual frames (innermost first):
        0 - frame( sp=0x000000030c791360, unextended_sp=0x000000030c791360, fp=0x00000000f2b3ac7d, pc=0x0000000114fb1218)
org.springframework.core.SerializableTypeWrapper$TypeProxyInvocationHandler.invoke(SerializableTypeWrapper.java:197) - invokeinterface @ bci 165 
     Created vframeArray 0x00007fe28d08f020
DEOPT UNPACKING thread 0x00007fe28e009000 vframeArray 0x00007fe28d08f020 mode 2
     {method} {0x0000000111bd0460} &apos;invoke&apos; &apos;(Ljava/lang/Object;Ljava/lang/reflect/Method;[Ljava/lang/Object;)Ljava/lang/Object;&apos; in &apos;org/springframework/core/SerializableTypeWrapper$TypeProxyInvocationHandler&apos; - invokeinterface @ bci 165 sp = 0x000000030c791350
<uncommon_trap thread='9987' reason='bimorphic' action='maybe_recompile' compile_id='1588' compiler='C2' state='class_check recompiled' stamp='11.436'>
Uncommon trap occurred in org.springframework.util.ObjectUtils::nullSafeEquals (@0x0000000114fd2abc) thread=9987 reason=bimorphic action=maybe_recompile unloaded_class_index=-1
<jvms bci='19' method='org/springframework/util/ObjectUtils nullSafeEquals (Ljava/lang/Object;Ljava/lang/Object;)Z' bytes='55' count='5' backedge_count='1' iicount='14' decompiles='1' class_check_traps='4'/>
</uncommon_trap>
DEOPT PACKING thread 0x00007fe28e009000 Compiled frame (sp=0x000000030c791320 unextended sp=0x000000030c791320, fp=0x00000007959d4fd0, real_fp=0x000000030c791360, pc=0x0000000114fd2abc)
     nmethod  11436 1588             org.springframework.util.ObjectUtils::nullSafeEquals (55 bytes)

     Virtual frames (innermost first):
        0 - frame( sp=0x000000030c791320, unextended_sp=0x000000030c791320, fp=0x00000007959d4fd0, pc=0x0000000114fd2abc)
org.springframework.util.ObjectUtils.nullSafeEquals(ObjectUtils.java:341) - invokevirtual @ bci 19 
     Created vframeArray 0x00007fe28d092820
DEOPT UNPACKING thread 0x00007fe28e009000 vframeArray 0x00007fe28d092820 mode 2
     {method} {0x0000000111ba5740} &apos;nullSafeEquals&apos; &apos;(Ljava/lang/Object;Ljava/lang/Object;)Z&apos; in &apos;org/springframework/util/ObjectUtils&apos; - invokevirtual @ bci 19 sp = 0x000000030c7912f0
<uncommon_trap thread='9987' reason='bimorphic' action='maybe_recompile' compile_id='1568' compiler='C2' count='2' state='#7' stamp='11.436'>
Uncommon trap occurred in org.springframework.core.SerializableTypeWrapper$MethodInvokeTypeProvider::getType (@0x0000000114fc7250) thread=9987 reason=bimorphic action=maybe_recompile unloaded_class_index=-1
<jvms bci='17' method='org/springframework/core/SerializableTypeWrapper$MethodInvokeTypeProvider getType ()Ljava/lang/reflect/Type;' bytes='58' count='5' backedge_count='1' iicount='10' bimorphic_traps='2'/>
</uncommon_trap>
DEOPT PACKING thread 0x00007fe28e009000 Compiled frame (sp=0x000000030c791100 unextended sp=0x000000030c791100, fp=0x00000000f2b3702b, real_fp=0x000000030c791130, pc=0x0000000114fc7250)
     nmethod  11436 1568             org.springframework.core.SerializableTypeWrapper$MethodInvokeTypeProvider::getType (58 bytes)

     Virtual frames (innermost first):
        0 - frame( sp=0x000000030c791100, unextended_sp=0x000000030c791100, fp=0x00000000f2b3702b, pc=0x0000000114fc7250)
org.springframework.core.SerializableTypeWrapper$MethodInvokeTypeProvider.getType(SerializableTypeWrapper.java:349) - invokeinterface @ bci 17 
     Created vframeArray 0x00007fe28c087420
DEOPT UNPACKING thread 0x00007fe28e009000 vframeArray 0x00007fe28c087420 mode 2
     {method} {0x0000000111c24eb8} &apos;getType&apos; &apos;()Ljava/lang/reflect/Type;&apos; in &apos;org/springframework/core/SerializableTypeWrapper$MethodInvokeTypeProvider&apos; - invokeinterface @ bci 17 sp = 0x000000030c7910c0
<uncommon_trap thread='9987' reason='bimorphic' action='maybe_recompile' compile_id='1568' compiler='C2' count='3' state='#7' stamp='11.440'>
Uncommon trap occurred in org.springframework.core.SerializableTypeWrapper$MethodInvokeTypeProvider::getType (@0x0000000114fc7250) thread=9987 reason=bimorphic action=maybe_recompile unloaded_class_index=-1
<jvms bci='17' method='org/springframework/core/SerializableTypeWrapper$MethodInvokeTypeProvider getType ()Ljava/lang/reflect/Type;' bytes='58' count='5' backedge_count='1' iicount='10' bimorphic_traps='3'/>
</uncommon_trap>
DEOPT PACKING thread 0x00007fe28e009000 Compiled frame (sp=0x000000030c791100 unextended sp=0x000000030c791100, fp=0x00000000f2b3706a, real_fp=0x000000030c791130, pc=0x0000000114fc7250)
     nmethod  11440 1568             org.springframework.core.SerializableTypeWrapper$MethodInvokeTypeProvider::getType (58 bytes)

     Virtual frames (innermost first):
        0 - frame( sp=0x000000030c791100, unextended_sp=0x000000030c791100, fp=0x00000000f2b3706a, pc=0x0000000114fc7250)
org.springframework.core.SerializableTypeWrapper$MethodInvokeTypeProvider.getType(SerializableTypeWrapper.java:349) - invokeinterface @ bci 17 
     Created vframeArray 0x00007fe28c087c20
DEOPT UNPACKING thread 0x00007fe28e009000 vframeArray 0x00007fe28c087c20 mode 2
     {method} {0x0000000111c24eb8} &apos;getType&apos; &apos;()Ljava/lang/reflect/Type;&apos; in &apos;org/springframework/core/SerializableTypeWrapper$MethodInvokeTypeProvider&apos; - invokeinterface @ bci 17 sp = 0x000000030c7910c0
<uncommon_trap thread='9987' reason='bimorphic' action='maybe_recompile' compile_id='1026' compiler='C2' state='class_check recompiled' stamp='11.446'>
Uncommon trap occurred in java.util.Arrays::equals (@0x0000000114eb7064) thread=9987 reason=bimorphic action=maybe_recompile unloaded_class_index=-1
<jvms bci='62' method='java/util/Arrays equals ([Ljava/lang/Object;[Ljava/lang/Object;)Z' bytes='78' count='4' backedge_count='12' iicount='4' decompiles='1' class_check_traps='4'/>
</uncommon_trap>
DEOPT PACKING thread 0x00007fe28e009000 Compiled frame (sp=0x000000030c791230 unextended sp=0x000000030c791230, fp=0x0000000000000000, real_fp=0x000000030c791270, pc=0x0000000114eb7064)
     nmethod  11446 1026             java.util.Arrays::equals (78 bytes)

     Virtual frames (innermost first):
        0 - frame( sp=0x000000030c791230, unextended_sp=0x000000030c791230, fp=0x0000000000000000, pc=0x0000000114eb7064)
java.util.Arrays.equals(Arrays.java:2829) - invokevirtual @ bci 62 
     Created vframeArray 0x00007fe28d874820
DEOPT UNPACKING thread 0x00007fe28e009000 vframeArray 0x00007fe28d874820 mode 2
     {method} {0x0000000111800c88} &apos;equals&apos; &apos;([Ljava/lang/Object;[Ljava/lang/Object;)Z&apos; in &apos;java/util/Arrays&apos; - invokevirtual @ bci 62 sp = 0x000000030c7911f0
<uncommon_trap thread='9987' reason='bimorphic' action='maybe_recompile' compile_id='1588' compiler='C2' count='1' state='#15' stamp='11.447'>
Uncommon trap occurred in org.springframework.util.ObjectUtils::nullSafeEquals (@0x0000000114fd2abc) thread=9987 reason=bimorphic action=maybe_recompile unloaded_class_index=-1
<jvms bci='19' method='org/springframework/util/ObjectUtils nullSafeEquals (Ljava/lang/Object;Ljava/lang/Object;)Z' bytes='55' count='5' backedge_count='1' iicount='14' decompiles='1' class_check_traps='4' bimorphic_traps='1'/>
</uncommon_trap>
DEOPT PACKING thread 0x00007fe28e009000 Compiled frame (sp=0x000000030c7912b0 unextended sp=0x000000030c7912b0, fp=0x00000007959d4fd0, real_fp=0x000000030c7912f0, pc=0x0000000114fd2abc)
     nmethod  11447 1588             org.springframework.util.ObjectUtils::nullSafeEquals (55 bytes)

     Virtual frames (innermost first):
        0 - frame( sp=0x000000030c7912b0, unextended_sp=0x000000030c7912b0, fp=0x00000007959d4fd0, pc=0x0000000114fd2abc)
org.springframework.util.ObjectUtils.nullSafeEquals(ObjectUtils.java:341) - invokevirtual @ bci 19 
     Created vframeArray 0x00007fe28d875020
DEOPT UNPACKING thread 0x00007fe28e009000 vframeArray 0x00007fe28d875020 mode 2
     {method} {0x0000000111ba5740} &apos;nullSafeEquals&apos; &apos;(Ljava/lang/Object;Ljava/lang/Object;)Z&apos; in &apos;org/springframework/util/ObjectUtils&apos; - invokevirtual @ bci 19 sp = 0x000000030c791280
<uncommon_trap thread='9987' reason='bimorphic' action='maybe_recompile' compile_id='1026' compiler='C2' count='1' state='#15' stamp='11.455'>
Uncommon trap occurred in java.util.Arrays::equals (@0x0000000114eb7064) thread=9987 reason=bimorphic action=maybe_recompile unloaded_class_index=-1
<jvms bci='62' method='java/util/Arrays equals ([Ljava/lang/Object;[Ljava/lang/Object;)Z' bytes='78' count='4' backedge_count='12' iicount='4' decompiles='1' class_check_traps='4' bimorphic_traps='1'/>
</uncommon_trap>
DEOPT PACKING thread 0x00007fe28e009000 Compiled frame (sp=0x000000030c7911c0 unextended sp=0x000000030c7911c0, fp=0x0000000000000000, real_fp=0x000000030c791200, pc=0x0000000114eb7064)
     nmethod  11454 1026             java.util.Arrays::equals (78 bytes)

     Virtual frames (innermost first):
        0 - frame( sp=0x000000030c7911c0, unextended_sp=0x000000030c7911c0, fp=0x0000000000000000, pc=0x0000000114eb7064)
java.util.Arrays.equals(Arrays.java:2829) - invokevirtual @ bci 62 
     Created vframeArray 0x00007fe28e089820
DEOPT UNPACKING thread 0x00007fe28e009000 vframeArray 0x00007fe28e089820 mode 2
     {method} {0x0000000111800c88} &apos;equals&apos; &apos;([Ljava/lang/Object;[Ljava/lang/Object;)Z&apos; in &apos;java/util/Arrays&apos; - invokevirtual @ bci 62 sp = 0x000000030c791180
<uncommon_trap thread='9987' reason='speculate_class_check' action='maybe_recompile' compile_id='1448' compiler='C2' count='1' stamp='11.480'>
Uncommon trap occurred in org.springframework.util.ConcurrentReferenceHashMap$Segment::doTask (@0x0000000114f9653c) thread=9987 reason=speculate_class_check action=maybe_recompile unloaded_class_index=-1
<jvms bci='126' method='org/springframework/util/ConcurrentReferenceHashMap$Segment doTask (ILjava/lang/Object;Lorg/springframework/util/ConcurrentReferenceHashMap$Task;)Ljava/lang/Object;' bytes='179' count='2' backedge_count='1' iicount='10' speculate_class_check_traps='1'/>
</uncommon_trap>
DEOPT PACKING thread 0x00007fe28e009000 Compiled frame (sp=0x000000030c7916c0 unextended sp=0x000000030c7916c0, fp=0x00000007958bbaa8, real_fp=0x000000030c791740, pc=0x0000000114f9653c)
     nmethod  11480 1448   !         org.springframework.util.ConcurrentReferenceHashMap$Segment::doTask (179 bytes)

     Virtual frames (innermost first):
        0 - frame( sp=0x000000030c7916c0, unextended_sp=0x000000030c7916c0, fp=0x00000007958bbaa8, pc=0x0000000114f9653c)
org.springframework.util.ConcurrentReferenceHashMap$Segment.doTask(ConcurrentReferenceHashMap.java:537) - invokevirtual @ bci 126 
     Created vframeArray 0x00007fe28d092820
DEOPT UNPACKING thread 0x00007fe28e009000 vframeArray 0x00007fe28d092820 mode 2
     {method} {0x0000000111ac9750} &apos;doTask&apos; &apos;(ILjava/lang/Object;Lorg/springframework/util/ConcurrentReferenceHashMap$Task;)Ljava/lang/Object;&apos; in &apos;org/springframework/util/ConcurrentReferenceHashMap$Segment&apos; - invokevirtual @ bci 126 sp = 0x000000030c791670
<uncommon_trap thread='9987' reason='null_assert' action='make_not_entrant' compile_id='1388' compiler='C2' stamp='11.519'>
Uncommon trap occurred in sun.reflect.generics.parser.SignatureParser::parseFieldTypeSignature (@0x0000000114f748ec) thread=9987 reason=null_assert action=make_not_entrant unloaded_class_index=-1
<jvms bci='58' method='sun/reflect/generics/parser/SignatureParser parseFieldTypeSignature (Z)Lsun/reflect/generics/tree/FieldTypeSignature;' bytes='73' count='5' backedge_count='1' iicount='10'/>
</uncommon_trap>
DEOPT PACKING thread 0x00007fe28e009000 Compiled frame (sp=0x000000030c7912d0 unextended sp=0x000000030c7912d0, fp=0x00000007959d7958, real_fp=0x000000030c791300, pc=0x0000000114f748ec)
     nmethod  11519 1388             sun.reflect.generics.parser.SignatureParser::parseFieldTypeSignature (73 bytes)

     Virtual frames (innermost first):
        0 - frame( sp=0x000000030c7912d0, unextended_sp=0x000000030c7912d0, fp=0x00000007959d7958, pc=0x0000000114f748ec)
sun.reflect.generics.parser.SignatureParser.parseFieldTypeSignature(SignatureParser.java:288) - areturn @ bci 58 
     Created vframeArray 0x00007fe28e089820
DEOPT UNPACKING thread 0x00007fe28e009000 vframeArray 0x00007fe28e089820 mode 2
     {method} {0x0000000111b97468} &apos;parseFieldTypeSignature&apos; &apos;(Z)Lsun/reflect/generics/tree/FieldTypeSignature;&apos; in &apos;sun/reflect/generics/parser/SignatureParser&apos; - areturn @ bci 58 sp = 0x000000030c791298
<uncommon_trap thread='9987' reason='class_check' action='maybe_recompile' compile_id='1517' compiler='C2' stamp='11.519'>
Uncommon trap occurred in sun.reflect.generics.repository.FieldRepository::getGenericType (@0x0000000114fab2f8) thread=9987 reason=class_check action=maybe_recompile unloaded_class_index=-1
<jvms bci='20' method='sun/reflect/generics/repository/FieldRepository getGenericType ()Ljava/lang/reflect/Type;' bytes='38' count='5' backedge_count='1' iicount='10'/>
</uncommon_trap>
DEOPT PACKING thread 0x00007fe28e009000 Compiled frame (sp=0x000000030c791560 unextended sp=0x000000030c791560, fp=0x00000007959d76e8, real_fp=0x000000030c7915a0, pc=0x0000000114fab2f8)
     nmethod  11519 1517             sun.reflect.generics.repository.FieldRepository::getGenericType (38 bytes)

     Virtual frames (innermost first):
        0 - frame( sp=0x000000030c791560, unextended_sp=0x000000030c791560, fp=0x00000007959d76e8, pc=0x0000000114fab2f8)
sun.reflect.generics.repository.FieldRepository.getGenericType(FieldRepository.java:85) - invokeinterface @ bci 20 
     Created vframeArray 0x00007fe28c087c20
DEOPT UNPACKING thread 0x00007fe28e009000 vframeArray 0x00007fe28c087c20 mode 2
     {method} {0x0000000111bdcbc0} &apos;getGenericType&apos; &apos;()Ljava/lang/reflect/Type;&apos; in &apos;sun/reflect/generics/repository/FieldRepository&apos; - invokeinterface @ bci 20 sp = 0x000000030c791530
<uncommon_trap thread='9987' reason='class_check' action='maybe_recompile' compile_id='1423' compiler='C2' stamp='11.521'>
Uncommon trap occurred in java.util.Objects::hashCode (@0x0000000114e238c4) thread=9987 reason=class_check action=maybe_recompile unloaded_class_index=-1
<jvms bci='5' method='java/util/Objects hashCode (Ljava/lang/Object;)I' bytes='13' count='5' backedge_count='1' iicount='10'/>
</uncommon_trap>
DEOPT PACKING thread 0x00007fe28e009000 Compiled frame (sp=0x000000030c791500 unextended sp=0x000000030c791500, fp=0x00000007959d7a80, real_fp=0x000000030c791520, pc=0x0000000114e238c4)
     nmethod  11520 1423             java.util.Objects::hashCode (13 bytes)

     Virtual frames (innermost first):
        0 - frame( sp=0x000000030c791500, unextended_sp=0x000000030c791500, fp=0x00000007959d7a80, pc=0x0000000114e238c4)
java.util.Objects.hashCode(Objects.java:98) - invokevirtual @ bci 5 
     Created vframeArray 0x00007fe28e089820
DEOPT UNPACKING thread 0x00007fe28e009000 vframeArray 0x00007fe28e089820 mode 2
     {method} {0x0000000111824fd8} &apos;hashCode&apos; &apos;(Ljava/lang/Object;)I&apos; in &apos;java/util/Objects&apos; - invokevirtual @ bci 5 sp = 0x000000030c7914c8
<uncommon_trap thread='9987' reason='class_check' action='maybe_recompile' compile_id='1273' compiler='C2' count='3' state='class_check' stamp='11.543'>
Uncommon trap occurred in sun.misc.ProxyGenerator$ConstantPool$IndirectEntry::equals (@0x0000000114f2fdb0) thread=9987 reason=class_check action=maybe_recompile unloaded_class_index=-1
<jvms bci='1' method='sun/misc/ProxyGenerator$ConstantPool$IndirectEntry equals (Ljava/lang/Object;)Z' bytes='49' count='5' backedge_count='1' iicount='10' class_check_traps='3'/>
</uncommon_trap>
DEOPT PACKING thread 0x00007fe28e009000 Compiled frame (sp=0x000000030c790fa0 unextended sp=0x000000030c790fa0, fp=0x00000007959de7a0, real_fp=0x000000030c790fd0, pc=0x0000000114f2fdb0)
     nmethod  11543 1273             sun.misc.ProxyGenerator$ConstantPool$IndirectEntry::equals (49 bytes)

     Virtual frames (innermost first):
        0 - frame( sp=0x000000030c790fa0, unextended_sp=0x000000030c790fa0, fp=0x00000007959de7a0, pc=0x0000000114f2fdb0)
sun.misc.ProxyGenerator$ConstantPool$IndirectEntry.equals(ProxyGenerator.java:2019) - instanceof @ bci 1 
     Created vframeArray 0x00007fe28d092820
DEOPT UNPACKING thread 0x00007fe28e009000 vframeArray 0x00007fe28d092820 mode 2
     {method} {0x0000000111c03d20} &apos;equals&apos; &apos;(Ljava/lang/Object;)Z&apos; in &apos;sun/misc/ProxyGenerator$ConstantPool$IndirectEntry&apos; - instanceof @ bci 1 sp = 0x000000030c790f60
<uncommon_trap thread='9987' reason='class_check' action='maybe_recompile' compile_id='1423' compiler='C2' count='1' state='class_check' stamp='11.553'>
Uncommon trap occurred in java.util.Objects::hashCode (@0x0000000114e238c4) thread=9987 reason=class_check action=maybe_recompile unloaded_class_index=-1
<jvms bci='5' method='java/util/Objects hashCode (Ljava/lang/Object;)I' bytes='13' count='5' backedge_count='1' iicount='10' class_check_traps='1'/>
</uncommon_trap>
DEOPT PACKING thread 0x00007fe28e009000 Compiled frame (sp=0x000000030c7914d0 unextended sp=0x000000030c7914d0, fp=0x00000007959d7a80, real_fp=0x000000030c7914f0, pc=0x0000000114e238c4)
     nmethod  11553 1423             java.util.Objects::hashCode (13 bytes)

     Virtual frames (innermost first):
        0 - frame( sp=0x000000030c7914d0, unextended_sp=0x000000030c7914d0, fp=0x00000007959d7a80, pc=0x0000000114e238c4)
java.util.Objects.hashCode(Objects.java:98) - invokevirtual @ bci 5 
     Created vframeArray 0x00007fe28e089820
DEOPT UNPACKING thread 0x00007fe28e009000 vframeArray 0x00007fe28e089820 mode 2
     {method} {0x0000000111824fd8} &apos;hashCode&apos; &apos;(Ljava/lang/Object;)I&apos; in &apos;java/util/Objects&apos; - invokevirtual @ bci 5 sp = 0x000000030c791498
<uncommon_trap thread='9987' reason='class_check' action='maybe_recompile' compile_id='1423' compiler='C2' count='2' state='class_check' stamp='11.553'>
Uncommon trap occurred in java.util.Objects::hashCode (@0x0000000114e238c4) thread=9987 reason=class_check action=maybe_recompile unloaded_class_index=-1
<jvms bci='5' method='java/util/Objects hashCode (Ljava/lang/Object;)I' bytes='13' count='5' backedge_count='1' iicount='10' class_check_traps='2'/>
</uncommon_trap>
DEOPT PACKING thread 0x00007fe28e009000 Compiled frame (sp=0x000000030c791470 unextended sp=0x000000030c791470, fp=0x00000007959d7a80, real_fp=0x000000030c791490, pc=0x0000000114e238c4)
     nmethod  11553 1423             java.util.Objects::hashCode (13 bytes)

     Virtual frames (innermost first):
        0 - frame( sp=0x000000030c791470, unextended_sp=0x000000030c791470, fp=0x00000007959d7a80, pc=0x0000000114e238c4)
java.util.Objects.hashCode(Objects.java:98) - invokevirtual @ bci 5 
     Created vframeArray 0x00007fe28d87ba20
DEOPT UNPACKING thread 0x00007fe28e009000 vframeArray 0x00007fe28d87ba20 mode 2
     {method} {0x0000000111824fd8} &apos;hashCode&apos; &apos;(Ljava/lang/Object;)I&apos; in &apos;java/util/Objects&apos; - invokevirtual @ bci 5 sp = 0x000000030c791438
<uncommon_trap thread='9987' reason='class_check' action='maybe_recompile' compile_id='1423' compiler='C2' count='3' state='class_check' stamp='11.554'>
Uncommon trap occurred in java.util.Objects::hashCode (@0x0000000114e238c4) thread=9987 reason=class_check action=maybe_recompile unloaded_class_index=-1
<jvms bci='5' method='java/util/Objects hashCode (Ljava/lang/Object;)I' bytes='13' count='5' backedge_count='1' iicount='10' class_check_traps='3'/>
</uncommon_trap>
DEOPT PACKING thread 0x00007fe28e009000 Compiled frame (sp=0x000000030c791590 unextended sp=0x000000030c791590, fp=0x00000007959d7a80, real_fp=0x000000030c7915b0, pc=0x0000000114e238c4)
     nmethod  11553 1423             java.util.Objects::hashCode (13 bytes)

     Virtual frames (innermost first):
        0 - frame( sp=0x000000030c791590, unextended_sp=0x000000030c791590, fp=0x00000007959d7a80, pc=0x0000000114e238c4)
java.util.Objects.hashCode(Objects.java:98) - invokevirtual @ bci 5 
     Created vframeArray 0x00007fe28e089820
DEOPT UNPACKING thread 0x00007fe28e009000 vframeArray 0x00007fe28e089820 mode 2
     {method} {0x0000000111824fd8} &apos;hashCode&apos; &apos;(Ljava/lang/Object;)I&apos; in &apos;java/util/Objects&apos; - invokevirtual @ bci 5 sp = 0x000000030c791558
<uncommon_trap thread='9987' reason='bimorphic' action='maybe_recompile' compile_id='1588' compiler='C2' count='2' state='#15' stamp='11.554'>
Uncommon trap occurred in org.springframework.util.ObjectUtils::nullSafeEquals (@0x0000000114fd2abc) thread=9987 reason=bimorphic action=maybe_recompile unloaded_class_index=-1
<jvms bci='19' method='org/springframework/util/ObjectUtils nullSafeEquals (Ljava/lang/Object;Ljava/lang/Object;)Z' bytes='55' count='5' backedge_count='1' iicount='14' decompiles='1' class_check_traps='4' bimorphic_traps='2'/>
</uncommon_trap>
DEOPT PACKING thread 0x00007fe28e009000 Compiled frame (sp=0x000000030c7913b0 unextended sp=0x000000030c7913b0, fp=0x00000000f1b7119a, real_fp=0x000000030c7913f0, pc=0x0000000114fd2abc)
     nmethod  11554 1588             org.springframework.util.ObjectUtils::nullSafeEquals (55 bytes)

     Virtual frames (innermost first):
        0 - frame( sp=0x000000030c7913b0, unextended_sp=0x000000030c7913b0, fp=0x00000000f1b7119a, pc=0x0000000114fd2abc)
org.springframework.util.ObjectUtils.nullSafeEquals(ObjectUtils.java:341) - invokevirtual @ bci 19 
     Created vframeArray 0x00007fe28d87ba20
DEOPT UNPACKING thread 0x00007fe28e009000 vframeArray 0x00007fe28d87ba20 mode 2
     {method} {0x0000000111ba5740} &apos;nullSafeEquals&apos; &apos;(Ljava/lang/Object;Ljava/lang/Object;)Z&apos; in &apos;org/springframework/util/ObjectUtils&apos; - invokevirtual @ bci 19 sp = 0x000000030c791380
<uncommon_trap thread='9987' reason='bimorphic' action='maybe_recompile' compile_id='1588' compiler='C2' count='3' state='#15' stamp='11.555'>
Uncommon trap occurred in org.springframework.util.ObjectUtils::nullSafeEquals (@0x0000000114fd2abc) thread=9987 reason=bimorphic action=maybe_recompile unloaded_class_index=-1
<jvms bci='19' method='org/springframework/util/ObjectUtils nullSafeEquals (Ljava/lang/Object;Ljava/lang/Object;)Z' bytes='55' count='5' backedge_count='1' iicount='14' decompiles='1' class_check_traps='4' bimorphic_traps='3'/>
</uncommon_trap>
DEOPT PACKING thread 0x00007fe28e009000 Compiled frame (sp=0x000000030c791340 unextended sp=0x000000030c791340, fp=0x00000000f1b7119a, real_fp=0x000000030c791380, pc=0x0000000114fd2abc)
     nmethod  11555 1588             org.springframework.util.ObjectUtils::nullSafeEquals (55 bytes)

     Virtual frames (innermost first):
        0 - frame( sp=0x000000030c791340, unextended_sp=0x000000030c791340, fp=0x00000000f1b7119a, pc=0x0000000114fd2abc)
org.springframework.util.ObjectUtils.nullSafeEquals(ObjectUtils.java:341) - invokevirtual @ bci 19 
     Created vframeArray 0x00007fe28e089820
DEOPT UNPACKING thread 0x00007fe28e009000 vframeArray 0x00007fe28e089820 mode 2
     {method} {0x0000000111ba5740} &apos;nullSafeEquals&apos; &apos;(Ljava/lang/Object;Ljava/lang/Object;)Z&apos; in &apos;org/springframework/util/ObjectUtils&apos; - invokevirtual @ bci 19 sp = 0x000000030c791310
<uncommon_trap thread='9987' reason='bimorphic' action='maybe_recompile' compile_id='1518' compiler='C2' count='2' state='#7' stamp='11.556'>
Uncommon trap occurred in org.springframework.core.SerializableTypeWrapper$TypeProxyInvocationHandler::invoke (@0x0000000114fb1218) thread=9987 reason=bimorphic action=maybe_recompile unloaded_class_index=-1
<jvms bci='165' method='org/springframework/core/SerializableTypeWrapper$TypeProxyInvocationHandler invoke (Ljava/lang/Object;Ljava/lang/reflect/Method;[Ljava/lang/Object;)Ljava/lang/Object;' bytes='324' count='5' backedge_count='1' iicount='10' class_check_traps='1' bimorphic_traps='2'/>
</uncommon_trap>
DEOPT PACKING thread 0x00007fe28e009000 Compiled frame (sp=0x000000030c791440 unextended sp=0x000000030c791440, fp=0x00000000f2b3c76a, real_fp=0x000000030c7914a0, pc=0x0000000114fb1218)
     nmethod  11555 1518             org.springframework.core.SerializableTypeWrapper$TypeProxyInvocationHandler::invoke (324 bytes)

     Virtual frames (innermost first):
        0 - frame( sp=0x000000030c791440, unextended_sp=0x000000030c791440, fp=0x00000000f2b3c76a, pc=0x0000000114fb1218)
org.springframework.core.SerializableTypeWrapper$TypeProxyInvocationHandler.invoke(SerializableTypeWrapper.java:197) - invokeinterface @ bci 165 
     Created vframeArray 0x00007fe28d87ba20
DEOPT UNPACKING thread 0x00007fe28e009000 vframeArray 0x00007fe28d87ba20 mode 2
     {method} {0x0000000111bd0460} &apos;invoke&apos; &apos;(Ljava/lang/Object;Ljava/lang/reflect/Method;[Ljava/lang/Object;)Ljava/lang/Object;&apos; in &apos;org/springframework/core/SerializableTypeWrapper$TypeProxyInvocationHandler&apos; - invokeinterface @ bci 165 sp = 0x000000030c791410
<uncommon_trap thread='9987' reason='bimorphic' action='maybe_recompile' compile_id='1518' compiler='C2' count='3' state='#7' stamp='11.557'>
Uncommon trap occurred in org.springframework.core.SerializableTypeWrapper$TypeProxyInvocationHandler::invoke (@0x0000000114fb1218) thread=9987 reason=bimorphic action=maybe_recompile unloaded_class_index=-1
<jvms bci='165' method='org/springframework/core/SerializableTypeWrapper$TypeProxyInvocationHandler invoke (Ljava/lang/Object;Ljava/lang/reflect/Method;[Ljava/lang/Object;)Ljava/lang/Object;' bytes='324' count='5' backedge_count='1' iicount='10' class_check_traps='1' bimorphic_traps='3'/>
</uncommon_trap>
DEOPT PACKING thread 0x00007fe28e009000 Compiled frame (sp=0x000000030c791430 unextended sp=0x000000030c791430, fp=0x00000000f2b3c76a, real_fp=0x000000030c791490, pc=0x0000000114fb1218)
     nmethod  11557 1518             org.springframework.core.SerializableTypeWrapper$TypeProxyInvocationHandler::invoke (324 bytes)

     Virtual frames (innermost first):
        0 - frame( sp=0x000000030c791430, unextended_sp=0x000000030c791430, fp=0x00000000f2b3c76a, pc=0x0000000114fb1218)
org.springframework.core.SerializableTypeWrapper$TypeProxyInvocationHandler.invoke(SerializableTypeWrapper.java:197) - invokeinterface @ bci 165 
     Created vframeArray 0x00007fe28d874820
DEOPT UNPACKING thread 0x00007fe28e009000 vframeArray 0x00007fe28d874820 mode 2
     {method} {0x0000000111bd0460} &apos;invoke&apos; &apos;(Ljava/lang/Object;Ljava/lang/reflect/Method;[Ljava/lang/Object;)Ljava/lang/Object;&apos; in &apos;org/springframework/core/SerializableTypeWrapper$TypeProxyInvocationHandler&apos; - invokeinterface @ bci 165 sp = 0x000000030c791400
<uncommon_trap thread='9987' reason='class_check' action='maybe_recompile' compile_id='1517' compiler='C2' count='1' state='class_check' stamp='11.567'>
Uncommon trap occurred in sun.reflect.generics.repository.FieldRepository::getGenericType (@0x0000000114fab2f8) thread=9987 reason=class_check action=maybe_recompile unloaded_class_index=-1
<jvms bci='20' method='sun/reflect/generics/repository/FieldRepository getGenericType ()Ljava/lang/reflect/Type;' bytes='38' count='5' backedge_count='1' iicount='10' class_check_traps='1'/>
</uncommon_trap>
DEOPT PACKING thread 0x00007fe28e009000 Compiled frame (sp=0x000000030c791560 unextended sp=0x000000030c791560, fp=0x00000007959e4e38, real_fp=0x000000030c7915a0, pc=0x0000000114fab2f8)
     nmethod  11567 1517             sun.reflect.generics.repository.FieldRepository::getGenericType (38 bytes)

     Virtual frames (innermost first):
        0 - frame( sp=0x000000030c791560, unextended_sp=0x000000030c791560, fp=0x00000007959e4e38, pc=0x0000000114fab2f8)
sun.reflect.generics.repository.FieldRepository.getGenericType(FieldRepository.java:85) - invokeinterface @ bci 20 
     Created vframeArray 0x00007fe28d87ba20
DEOPT UNPACKING thread 0x00007fe28e009000 vframeArray 0x00007fe28d87ba20 mode 2
     {method} {0x0000000111bdcbc0} &apos;getGenericType&apos; &apos;()Ljava/lang/reflect/Type;&apos; in &apos;sun/reflect/generics/repository/FieldRepository&apos; - invokeinterface @ bci 20 sp = 0x000000030c791530
<uncommon_trap thread='9987' reason='unloaded' action='reinterpret' index='7' compile_id='1561' compiler='C2' unresolved='1' name='sun/reflect/MethodAccessorGenerator' stamp='11.664'>
Uncommon trap occurred in sun.reflect.NativeMethodAccessorImpl::invoke (@0x0000000114fbefc0) thread=9987 reason=unloaded action=reinterpret unloaded_class_index=7 unresolved class: sun/reflect/MethodAccessorGenerator
<jvms bci='30' method='sun/reflect/NativeMethodAccessorImpl invoke (Ljava/lang/Object;[Ljava/lang/Object;)Ljava/lang/Object;' bytes='104' count='5' backedge_count='1' iicount='10'/>
</uncommon_trap>
DEOPT PACKING thread 0x00007fe28e009000 Compiled frame (sp=0x000000030c791360 unextended sp=0x000000030c791360, fp=0x00000007959bdfe0, real_fp=0x000000030c791390, pc=0x0000000114fbefc0)
     nmethod  11667 1561             sun.reflect.NativeMethodAccessorImpl::invoke (104 bytes)

     Virtual frames (innermost first):
        0 - frame( sp=0x000000030c791360, unextended_sp=0x000000030c791360, fp=0x00000007959bdfe0, pc=0x0000000114fbefc0)
sun.reflect.NativeMethodAccessorImpl.invoke(NativeMethodAccessorImpl.java:51) - new @ bci 30 
     Created vframeArray 0x00007fe28c087420
DEOPT UNPACKING thread 0x00007fe28e009000 vframeArray 0x00007fe28c087420 mode 2
     {method} {0x0000000111bbdb08} &apos;invoke&apos; &apos;(Ljava/lang/Object;[Ljava/lang/Object;)Ljava/lang/Object;&apos; in &apos;sun/reflect/NativeMethodAccessorImpl&apos; - new @ bci 30 sp = 0x000000030c791320
<uncommon_trap thread='9987' reason='class_check' action='maybe_recompile' compile_id='1528' compiler='C2' count='2' state='class_check' stamp='11.747'>
Uncommon trap occurred in org.springframework.core.ResolvableType::resolveType (@0x0000000114fb378c) thread=9987 reason=class_check action=maybe_recompile unloaded_class_index=-1
<jvms bci='91' method='org/springframework/core/ResolvableType resolveType ()Lorg/springframework/core/ResolvableType;' bytes='151' count='7' backedge_count='1' iicount='12' class_check_traps='2'/>
</uncommon_trap>
DEOPT PACKING thread 0x00007fe28e009000 Compiled frame (sp=0x000000030c7914e0 unextended sp=0x000000030c7914e0, fp=0x00000007959ee1a8, real_fp=0x000000030c791520, pc=0x0000000114fb378c)
     nmethod  11747 1528             org.springframework.core.ResolvableType::resolveType (151 bytes)

     Virtual frames (innermost first):
        0 - frame( sp=0x000000030c7914e0, unextended_sp=0x000000030c7914e0, fp=0x00000007959ee1a8, pc=0x0000000114fb378c)
org.springframework.core.ResolvableType.resolveType(ResolvableType.java:862) - instanceof @ bci 91 
     Created vframeArray 0x00007fe28e089820
DEOPT UNPACKING thread 0x00007fe28e009000 vframeArray 0x00007fe28e089820 mode 2
     {method} {0x0000000111b9d1c0} &apos;resolveType&apos; &apos;()Lorg/springframework/core/ResolvableType;&apos; in &apos;org/springframework/core/ResolvableType&apos; - instanceof @ bci 91 sp = 0x000000030c7914b8
<uncommon_trap thread='9987' reason='class_check' action='maybe_recompile' compile_id='1602' compiler='C2' stamp='11.748'>
Uncommon trap occurred in org.springframework.core.ResolvableType::getGenerics (@0x0000000114fde21c) thread=9987 reason=class_check action=maybe_recompile unloaded_class_index=-1
<jvms bci='78' method='org/springframework/core/ResolvableType getGenerics ()[Lorg/springframework/core/ResolvableType;' bytes='148' count='5' backedge_count='2' iicount='8'/>
</uncommon_trap>
DEOPT PACKING thread 0x00007fe28e009000 Compiled frame (sp=0x000000030c791570 unextended sp=0x000000030c791570, fp=0x00000007959e5b48, real_fp=0x000000030c7915d0, pc=0x0000000114fde21c)
     nmethod  11747 1602             org.springframework.core.ResolvableType::getGenerics (148 bytes)

     Virtual frames (innermost first):
        0 - frame( sp=0x000000030c791570, unextended_sp=0x000000030c791570, fp=0x00000007959e5b48, pc=0x0000000114fde21c)
org.springframework.core.ResolvableType.getGenerics(ResolvableType.java:734) - instanceof @ bci 78 
     Created vframeArray 0x00007fe28d87ba20
DEOPT UNPACKING thread 0x00007fe28e009000 vframeArray 0x00007fe28d87ba20 mode 2
     {method} {0x0000000111b9c9e8} &apos;getGenerics&apos; &apos;()[Lorg/springframework/core/ResolvableType;&apos; in &apos;org/springframework/core/ResolvableType&apos; - instanceof @ bci 78 sp = 0x000000030c791560
<uncommon_trap thread='9987' reason='bimorphic' action='maybe_recompile' compile_id='1410' compiler='C2' count='2' state='#7' stamp='11.757'>
Uncommon trap occurred in sun.reflect.generics.visitor.Reifier::reifyTypeArguments (@0x0000000114e5c03c) thread=9987 reason=bimorphic action=maybe_recompile unloaded_class_index=-1
<jvms bci='18' method='sun/reflect/generics/visitor/Reifier reifyTypeArguments ([Lsun/reflect/generics/tree/TypeArgument;)[Ljava/lang/reflect/Type;' bytes='38' count='5' backedge_count='8' iicount='5' bimorphic_traps='2'/>
</uncommon_trap>
DEOPT PACKING thread 0x00007fe28e009000 Compiled frame (sp=0x000000030c791320 unextended sp=0x000000030c791320, fp=0x00000007959f0080, real_fp=0x000000030c791370, pc=0x0000000114e5c03c)
     nmethod  11757 1410             sun.reflect.generics.visitor.Reifier::reifyTypeArguments (38 bytes)

     Virtual frames (innermost first):
        0 - frame( sp=0x000000030c791320, unextended_sp=0x000000030c791320, fp=0x00000007959f0080, pc=0x0000000114e5c03c)
sun.reflect.generics.visitor.Reifier.reifyTypeArguments(Reifier.java:68) - invokeinterface @ bci 18 
     Created vframeArray 0x00007fe28e089820
DEOPT UNPACKING thread 0x00007fe28e009000 vframeArray 0x00007fe28e089820 mode 2
     {method} {0x0000000111bafb38} &apos;reifyTypeArguments&apos; &apos;([Lsun/reflect/generics/tree/TypeArgument;)[Ljava/lang/reflect/Type;&apos; in &apos;sun/reflect/generics/visitor/Reifier&apos; - invokeinterface @ bci 18 sp = 0x000000030c7912f0
<uncommon_trap thread='9987' reason='class_check' action='maybe_recompile' compile_id='1559' compiler='C2' stamp='11.759'>
Uncommon trap occurred in java.lang.reflect.Method::invoke (@0x0000000114fbf5b0) thread=9987 reason=class_check action=maybe_recompile unloaded_class_index=-1
<jvms bci='6' method='sun/reflect/DelegatingMethodAccessorImpl invoke (Ljava/lang/Object;[Ljava/lang/Object;)Ljava/lang/Object;' bytes='10' count='5' backedge_count='1' iicount='10'/>
<jvms bci='56' method='java/lang/reflect/Method invoke (Ljava/lang/Object;[Ljava/lang/Object;)Ljava/lang/Object;' bytes='62' count='5' backedge_count='1' iicount='10'/>
</uncommon_trap>
DEOPT PACKING thread 0x00007fe28e009000 Compiled frame (sp=0x000000030c791460 unextended sp=0x000000030c791460, fp=0x00000000f2b3dc33, real_fp=0x000000030c7914a0, pc=0x0000000114fbf5b0)
     nmethod  11759 1559             java.lang.reflect.Method::invoke (62 bytes)

     Virtual frames (innermost first):
        0 - frame( sp=0x000000030c791460, unextended_sp=0x000000030c791460, fp=0x00000000f2b3dc33, pc=0x0000000114fbf5b0)
sun.reflect.DelegatingMethodAccessorImpl.invoke(DelegatingMethodAccessorImpl.java:43) - invokevirtual @ bci 6 
        1 - frame( sp=0x000000030c791460, unextended_sp=0x000000030c791460, fp=0x00000000f2b3dc33, pc=0x0000000114fbf5b0)
java.lang.reflect.Method.invoke(Method.java:498) - invokeinterface @ bci 56 
     Created vframeArray 0x00007fe28c087420
DEOPT UNPACKING thread 0x00007fe28e009000 vframeArray 0x00007fe28c087420 mode 2
     {method} {0x00000001116fb6f8} &apos;invoke&apos; &apos;(Ljava/lang/Object;[Ljava/lang/Object;)Ljava/lang/Object;&apos; in &apos;java/lang/reflect/Method&apos; - invokeinterface @ bci 56 sp = 0x000000030c791418
     {method} {0x0000000111bbe290} &apos;invoke&apos; &apos;(Ljava/lang/Object;[Ljava/lang/Object;)Ljava/lang/Object;&apos; in &apos;sun/reflect/DelegatingMethodAccessorImpl&apos; - invokevirtual @ bci 6 sp = 0x000000030c7913b0
<uncommon_trap thread='9987' reason='class_check' action='maybe_recompile' compile_id='1559' compiler='C2' count='1' state='class_check' stamp='11.760'>
Uncommon trap occurred in java.lang.reflect.Method::invoke (@0x0000000114fbf5b0) thread=9987 reason=class_check action=maybe_recompile unloaded_class_index=-1
<jvms bci='6' method='sun/reflect/DelegatingMethodAccessorImpl invoke (Ljava/lang/Object;[Ljava/lang/Object;)Ljava/lang/Object;' bytes='10' count='5' backedge_count='1' iicount='10' class_check_traps='1'/>
<jvms bci='56' method='java/lang/reflect/Method invoke (Ljava/lang/Object;[Ljava/lang/Object;)Ljava/lang/Object;' bytes='62' count='5' backedge_count='1' iicount='10'/>
</uncommon_trap>
DEOPT PACKING thread 0x00007fe28e009000 Compiled frame (sp=0x000000030c7913e0 unextended sp=0x000000030c7913e0, fp=0x00000000f2b3dc33, real_fp=0x000000030c791420, pc=0x0000000114fbf5b0)
     nmethod  11759 1559             java.lang.reflect.Method::invoke (62 bytes)

     Virtual frames (innermost first):
        0 - frame( sp=0x000000030c7913e0, unextended_sp=0x000000030c7913e0, fp=0x00000000f2b3dc33, pc=0x0000000114fbf5b0)
sun.reflect.DelegatingMethodAccessorImpl.invoke(DelegatingMethodAccessorImpl.java:43) - invokevirtual @ bci 6 
        1 - frame( sp=0x000000030c7913e0, unextended_sp=0x000000030c7913e0, fp=0x00000000f2b3dc33, pc=0x0000000114fbf5b0)
java.lang.reflect.Method.invoke(Method.java:498) - invokeinterface @ bci 56 
     Created vframeArray 0x00007fe28c087c20
DEOPT UNPACKING thread 0x00007fe28e009000 vframeArray 0x00007fe28c087c20 mode 2
     {method} {0x00000001116fb6f8} &apos;invoke&apos; &apos;(Ljava/lang/Object;[Ljava/lang/Object;)Ljava/lang/Object;&apos; in &apos;java/lang/reflect/Method&apos; - invokeinterface @ bci 56 sp = 0x000000030c791398
     {method} {0x0000000111bbe290} &apos;invoke&apos; &apos;(Ljava/lang/Object;[Ljava/lang/Object;)Ljava/lang/Object;&apos; in &apos;sun/reflect/DelegatingMethodAccessorImpl&apos; - invokevirtual @ bci 6 sp = 0x000000030c791330
<uncommon_trap thread='9987' reason='class_check' action='maybe_recompile' compile_id='1528' compiler='C2' count='3' state='class_check' stamp='11.760'>
Uncommon trap occurred in org.springframework.core.ResolvableType::resolveType (@0x0000000114fb378c) thread=9987 reason=class_check action=maybe_recompile unloaded_class_index=-1
<jvms bci='91' method='org/springframework/core/ResolvableType resolveType ()Lorg/springframework/core/ResolvableType;' bytes='151' count='7' backedge_count='1' iicount='12' class_check_traps='3'/>
</uncommon_trap>
DEOPT PACKING thread 0x00007fe28e009000 Compiled frame (sp=0x000000030c791570 unextended sp=0x000000030c791570, fp=0x00000007959f0a68, real_fp=0x000000030c7915b0, pc=0x0000000114fb378c)
     nmethod  11760 1528             org.springframework.core.ResolvableType::resolveType (151 bytes)

     Virtual frames (innermost first):
        0 - frame( sp=0x000000030c791570, unextended_sp=0x000000030c791570, fp=0x00000007959f0a68, pc=0x0000000114fb378c)
org.springframework.core.ResolvableType.resolveType(ResolvableType.java:862) - instanceof @ bci 91 
     Created vframeArray 0x00007fe28d08fe20
DEOPT UNPACKING thread 0x00007fe28e009000 vframeArray 0x00007fe28d08fe20 mode 2
     {method} {0x0000000111b9d1c0} &apos;resolveType&apos; &apos;()Lorg/springframework/core/ResolvableType;&apos; in &apos;org/springframework/core/ResolvableType&apos; - instanceof @ bci 91 sp = 0x000000030c791540
<uncommon_trap thread='9987' reason='bimorphic' action='maybe_recompile' compile_id='1634' compiler='C2' count='4' state='class_check' stamp='11.771'>
Uncommon trap occurred in org.springframework.core.SerializableTypeWrapper$TypeProxyInvocationHandler::invoke (@0x0000000114ff046c) thread=9987 reason=bimorphic action=maybe_recompile unloaded_class_index=-1
<jvms bci='314' method='org/springframework/core/SerializableTypeWrapper$TypeProxyInvocationHandler invoke (Ljava/lang/Object;Ljava/lang/reflect/Method;[Ljava/lang/Object;)Ljava/lang/Object;' bytes='324' count='5' backedge_count='2' iicount='14' decompiles='1' class_check_traps='1' bimorphic_traps='4'/>
</uncommon_trap>
DEOPT PACKING thread 0x00007fe28e009000 Compiled frame (sp=0x000000030c791210 unextended sp=0x000000030c791210, fp=0x00000000f2b3e15a, real_fp=0x000000030c791280, pc=0x0000000114ff046c)
     nmethod  11771 1634             org.springframework.core.SerializableTypeWrapper$TypeProxyInvocationHandler::invoke (324 bytes)

     Virtual frames (innermost first):
        0 - frame( sp=0x000000030c791210, unextended_sp=0x000000030c791210, fp=0x00000000f2b3e15a, pc=0x0000000114ff046c)
org.springframework.core.SerializableTypeWrapper$TypeProxyInvocationHandler.invoke(SerializableTypeWrapper.java:217) - invokeinterface @ bci 314 
     Created vframeArray 0x00007fe28d87ba20
DEOPT UNPACKING thread 0x00007fe28e009000 vframeArray 0x00007fe28d87ba20 mode 2
     {method} {0x0000000111bd0460} &apos;invoke&apos; &apos;(Ljava/lang/Object;Ljava/lang/reflect/Method;[Ljava/lang/Object;)Ljava/lang/Object;&apos; in &apos;org/springframework/core/SerializableTypeWrapper$TypeProxyInvocationHandler&apos; - invokeinterface @ bci 314 sp = 0x000000030c791208
<uncommon_trap thread='9987' reason='class_check' action='maybe_recompile' compile_id='1559' compiler='C2' count='2' state='class_check' stamp='11.782'>
Uncommon trap occurred in java.lang.reflect.Method::invoke (@0x0000000114fbf5b0) thread=9987 reason=class_check action=maybe_recompile unloaded_class_index=-1
<jvms bci='6' method='sun/reflect/DelegatingMethodAccessorImpl invoke (Ljava/lang/Object;[Ljava/lang/Object;)Ljava/lang/Object;' bytes='10' count='5' backedge_count='1' iicount='10' class_check_traps='2'/>
<jvms bci='56' method='java/lang/reflect/Method invoke (Ljava/lang/Object;[Ljava/lang/Object;)Ljava/lang/Object;' bytes='62' count='5' backedge_count='1' iicount='10'/>
</uncommon_trap>
DEOPT PACKING thread 0x00007fe28e009000 Compiled frame (sp=0x000000030c791290 unextended sp=0x000000030c791290, fp=0x00000000f2b3dc33, real_fp=0x000000030c7912d0, pc=0x0000000114fbf5b0)
     nmethod  11781 1559             java.lang.reflect.Method::invoke (62 bytes)

     Virtual frames (innermost first):
        0 - frame( sp=0x000000030c791290, unextended_sp=0x000000030c791290, fp=0x00000000f2b3dc33, pc=0x0000000114fbf5b0)
sun.reflect.DelegatingMethodAccessorImpl.invoke(DelegatingMethodAccessorImpl.java:43) - invokevirtual @ bci 6 
        1 - frame( sp=0x000000030c791290, unextended_sp=0x000000030c791290, fp=0x00000000f2b3dc33, pc=0x0000000114fbf5b0)
java.lang.reflect.Method.invoke(Method.java:498) - invokeinterface @ bci 56 
     Created vframeArray 0x00007fe28c087c20
DEOPT UNPACKING thread 0x00007fe28e009000 vframeArray 0x00007fe28c087c20 mode 2
     {method} {0x00000001116fb6f8} &apos;invoke&apos; &apos;(Ljava/lang/Object;[Ljava/lang/Object;)Ljava/lang/Object;&apos; in &apos;java/lang/reflect/Method&apos; - invokeinterface @ bci 56 sp = 0x000000030c791248
     {method} {0x0000000111bbe290} &apos;invoke&apos; &apos;(Ljava/lang/Object;[Ljava/lang/Object;)Ljava/lang/Object;&apos; in &apos;sun/reflect/DelegatingMethodAccessorImpl&apos; - invokevirtual @ bci 6 sp = 0x000000030c7911e0
<uncommon_trap thread='9987' reason='class_check' action='maybe_recompile' compile_id='1559' compiler='C2' count='3' state='class_check' stamp='11.783'>
Uncommon trap occurred in java.lang.reflect.Method::invoke (@0x0000000114fbf5b0) thread=9987 reason=class_check action=maybe_recompile unloaded_class_index=-1
<jvms bci='6' method='sun/reflect/DelegatingMethodAccessorImpl invoke (Ljava/lang/Object;[Ljava/lang/Object;)Ljava/lang/Object;' bytes='10' count='5' backedge_count='1' iicount='10' class_check_traps='3'/>
<jvms bci='56' method='java/lang/reflect/Method invoke (Ljava/lang/Object;[Ljava/lang/Object;)Ljava/lang/Object;' bytes='62' count='5' backedge_count='1' iicount='10'/>
</uncommon_trap>
DEOPT PACKING thread 0x00007fe28e009000 Compiled frame (sp=0x000000030c791430 unextended sp=0x000000030c791430, fp=0x00000000f2b3dc33, real_fp=0x000000030c791470, pc=0x0000000114fbf5b0)
     nmethod  11782 1559             java.lang.reflect.Method::invoke (62 bytes)

     Virtual frames (innermost first):
        0 - frame( sp=0x000000030c791430, unextended_sp=0x000000030c791430, fp=0x00000000f2b3dc33, pc=0x0000000114fbf5b0)
sun.reflect.DelegatingMethodAccessorImpl.invoke(DelegatingMethodAccessorImpl.java:43) - invokevirtual @ bci 6 
        1 - frame( sp=0x000000030c791430, unextended_sp=0x000000030c791430, fp=0x00000000f2b3dc33, pc=0x0000000114fbf5b0)
java.lang.reflect.Method.invoke(Method.java:498) - invokeinterface @ bci 56 
     Created vframeArray 0x00007fe28e089820
DEOPT UNPACKING thread 0x00007fe28e009000 vframeArray 0x00007fe28e089820 mode 2
     {method} {0x00000001116fb6f8} &apos;invoke&apos; &apos;(Ljava/lang/Object;[Ljava/lang/Object;)Ljava/lang/Object;&apos; in &apos;java/lang/reflect/Method&apos; - invokeinterface @ bci 56 sp = 0x000000030c7913e8
     {method} {0x0000000111bbe290} &apos;invoke&apos; &apos;(Ljava/lang/Object;[Ljava/lang/Object;)Ljava/lang/Object;&apos; in &apos;sun/reflect/DelegatingMethodAccessorImpl&apos; - invokevirtual @ bci 6 sp = 0x000000030c791380
<uncommon_trap thread='9987' reason='unloaded' action='reinterpret' index='7' compile_id='1319' compiler='C2' unresolved='1' name='sun/reflect/MethodAccessorGenerator' stamp='11.847'>
Uncommon trap occurred in sun.reflect.NativeConstructorAccessorImpl::newInstance (@0x0000000114f52834) thread=9987 reason=unloaded action=reinterpret unloaded_class_index=7 unresolved class: sun/reflect/MethodAccessorGenerator
<jvms bci='30' method='sun/reflect/NativeConstructorAccessorImpl newInstance ([Ljava/lang/Object;)Ljava/lang/Object;' bytes='89' count='2' backedge_count='1' iicount='10'/>
</uncommon_trap>
DEOPT PACKING thread 0x00007fe28e009000 Compiled frame (sp=0x000000030c791510 unextended sp=0x000000030c791510, fp=0x00000007959b7f38, real_fp=0x000000030c791540, pc=0x0000000114f52834)
     nmethod  11847 1319             sun.reflect.NativeConstructorAccessorImpl::newInstance (89 bytes)

     Virtual frames (innermost first):
        0 - frame( sp=0x000000030c791510, unextended_sp=0x000000030c791510, fp=0x00000007959b7f38, pc=0x0000000114f52834)
sun.reflect.NativeConstructorAccessorImpl.newInstance(NativeConstructorAccessorImpl.java:53) - new @ bci 30 
     Created vframeArray 0x00007fe28d87ba20
DEOPT UNPACKING thread 0x00007fe28e009000 vframeArray 0x00007fe28d87ba20 mode 2
     {method} {0x000000011180e1a8} &apos;newInstance&apos; &apos;([Ljava/lang/Object;)Ljava/lang/Object;&apos; in &apos;sun/reflect/NativeConstructorAccessorImpl&apos; - new @ bci 30 sp = 0x000000030c7914d8
<uncommon_trap thread='9987' reason='unloaded' action='reinterpret' index='36' compile_id='1342' compiler='C2' unresolved='1' name='sun/reflect/BootstrapConstructorAccessorImpl' stamp='11.876'>
Uncommon trap occurred in sun.reflect.ReflectionFactory::newConstructorAccessor (@0x0000000114f580c0) thread=9987 reason=unloaded action=reinterpret unloaded_class_index=36 unresolved class: sun/reflect/BootstrapConstructorAccessorImpl
<jvms bci='52' method='sun/reflect/ReflectionFactory newConstructorAccessor (Ljava/lang/reflect/Constructor;)Lsun/reflect/ConstructorAccessor;' bytes='132' count='5' backedge_count='1' iicount='10'/>
</uncommon_trap>
DEOPT PACKING thread 0x00007fe28e009000 Compiled frame (sp=0x000000030c790610 unextended sp=0x000000030c790610, fp=0x00000007959f92d0, real_fp=0x000000030c790660, pc=0x0000000114f580c0)
     nmethod  11877 1342             sun.reflect.ReflectionFactory::newConstructorAccessor (132 bytes)

     Virtual frames (innermost first):
        0 - frame( sp=0x000000030c790610, unextended_sp=0x000000030c790610, fp=0x00000007959f92d0, pc=0x0000000114f580c0)
sun.reflect.ReflectionFactory.newConstructorAccessor(ReflectionFactory.java:196) - new @ bci 52 
     Created vframeArray 0x00007fe28c087a20
DEOPT UNPACKING thread 0x00007fe28e009000 vframeArray 0x00007fe28c087a20 mode 2
     {method} {0x000000011179d390} &apos;newConstructorAccessor&apos; &apos;(Ljava/lang/reflect/Constructor;)Lsun/reflect/ConstructorAccessor;&apos; in &apos;sun/reflect/ReflectionFactory&apos; - new @ bci 52 sp = 0x000000030c7905e8
<uncommon_trap thread='9987' reason='class_check' action='maybe_recompile' compile_id='1507' compiler='C2' stamp='11.878'>
Uncommon trap occurred in java.lang.reflect.Constructor::newInstance (@0x0000000114fa949c) thread=9987 reason=class_check action=maybe_recompile unloaded_class_index=-1
<jvms bci='79' method='java/lang/reflect/Constructor newInstance ([Ljava/lang/Object;)Ljava/lang/Object;' bytes='87' count='5' backedge_count='1' iicount='15'/>
</uncommon_trap>
DEOPT PACKING thread 0x00007fe28e009000 Compiled frame (sp=0x000000030c790690 unextended sp=0x000000030c790690, fp=0x0000000000000000, real_fp=0x000000030c7906d0, pc=0x0000000114fa949c)
     nmethod  11877 1507             java.lang.reflect.Constructor::newInstance (87 bytes)

     Virtual frames (innermost first):
        0 - frame( sp=0x000000030c790690, unextended_sp=0x000000030c790690, fp=0x0000000000000000, pc=0x0000000114fa949c)
java.lang.reflect.Constructor.newInstance(Constructor.java:423) - invokeinterface @ bci 79 
     Created vframeArray 0x00007fe28c08a020
DEOPT UNPACKING thread 0x00007fe28e009000 vframeArray 0x00007fe28c08a020 mode 2
     {method} {0x0000000111701ce8} &apos;newInstance&apos; &apos;([Ljava/lang/Object;)Ljava/lang/Object;&apos; in &apos;java/lang/reflect/Constructor&apos; - invokeinterface @ bci 79 sp = 0x000000030c790650
<uncommon_trap thread='9987' reason='bimorphic' action='maybe_recompile' compile_id='1665' compiler='C2' state='class_check recompiled' stamp='11.880'>
Uncommon trap occurred in java.lang.reflect.Method::invoke (@0x0000000114ff8664) thread=9987 reason=bimorphic action=maybe_recompile unloaded_class_index=-1
<jvms bci='6' method='sun/reflect/DelegatingMethodAccessorImpl invoke (Ljava/lang/Object;[Ljava/lang/Object;)Ljava/lang/Object;' bytes='10' count='5' backedge_count='1' iicount='10' class_check_traps='4'/>
<jvms bci='56' method='java/lang/reflect/Method invoke (Ljava/lang/Object;[Ljava/lang/Object;)Ljava/lang/Object;' bytes='62' count='6' backedge_count='1' iicount='15' decompiles='1'/>
</uncommon_trap>
DEOPT PACKING thread 0x00007fe28e009000 Compiled frame (sp=0x000000030c7913e0 unextended sp=0x000000030c7913e0, fp=0x00000000f2b3e6ce, real_fp=0x000000030c791420, pc=0x0000000114ff8664)
     nmethod  11879 1665             java.lang.reflect.Method::invoke (62 bytes)

     Virtual frames (innermost first):
        0 - frame( sp=0x000000030c7913e0, unextended_sp=0x000000030c7913e0, fp=0x00000000f2b3e6ce, pc=0x0000000114ff8664)
sun.reflect.DelegatingMethodAccessorImpl.invoke(DelegatingMethodAccessorImpl.java:43) - invokevirtual @ bci 6 
        1 - frame( sp=0x000000030c7913e0, unextended_sp=0x000000030c7913e0, fp=0x00000000f2b3e6ce, pc=0x0000000114ff8664)
java.lang.reflect.Method.invoke(Method.java:498) - invokeinterface @ bci 56 
     Created vframeArray 0x00007fe28c087a20
DEOPT UNPACKING thread 0x00007fe28e009000 vframeArray 0x00007fe28c087a20 mode 2
     {method} {0x00000001116fb6f8} &apos;invoke&apos; &apos;(Ljava/lang/Object;[Ljava/lang/Object;)Ljava/lang/Object;&apos; in &apos;java/lang/reflect/Method&apos; - invokeinterface @ bci 56 sp = 0x000000030c791398
     {method} {0x0000000111bbe290} &apos;invoke&apos; &apos;(Ljava/lang/Object;[Ljava/lang/Object;)Ljava/lang/Object;&apos; in &apos;sun/reflect/DelegatingMethodAccessorImpl&apos; - invokevirtual @ bci 6 sp = 0x000000030c791330
<uncommon_trap thread='9987' reason='bimorphic' action='maybe_recompile' compile_id='1665' compiler='C2' count='1' state='#15' stamp='11.880'>
Uncommon trap occurred in java.lang.reflect.Method::invoke (@0x0000000114ff8664) thread=9987 reason=bimorphic action=maybe_recompile unloaded_class_index=-1
<jvms bci='6' method='sun/reflect/DelegatingMethodAccessorImpl invoke (Ljava/lang/Object;[Ljava/lang/Object;)Ljava/lang/Object;' bytes='10' count='5' backedge_count='1' iicount='10' class_check_traps='4' bimorphic_traps='1'/>
<jvms bci='56' method='java/lang/reflect/Method invoke (Ljava/lang/Object;[Ljava/lang/Object;)Ljava/lang/Object;' bytes='62' count='6' backedge_count='1' iicount='15' decompiles='1'/>
</uncommon_trap>
DEOPT PACKING thread 0x00007fe28e009000 Compiled frame (sp=0x000000030c791360 unextended sp=0x000000030c791360, fp=0x00000000f2b3e6ce, real_fp=0x000000030c7913a0, pc=0x0000000114ff8664)
     nmethod  11880 1665             java.lang.reflect.Method::invoke (62 bytes)

     Virtual frames (innermost first):
        0 - frame( sp=0x000000030c791360, unextended_sp=0x000000030c791360, fp=0x00000000f2b3e6ce, pc=0x0000000114ff8664)
sun.reflect.DelegatingMethodAccessorImpl.invoke(DelegatingMethodAccessorImpl.java:43) - invokevirtual @ bci 6 
        1 - frame( sp=0x000000030c791360, unextended_sp=0x000000030c791360, fp=0x00000000f2b3e6ce, pc=0x0000000114ff8664)
java.lang.reflect.Method.invoke(Method.java:498) - invokeinterface @ bci 56 
     Created vframeArray 0x00007fe28c08a020
DEOPT UNPACKING thread 0x00007fe28e009000 vframeArray 0x00007fe28c08a020 mode 2
     {method} {0x00000001116fb6f8} &apos;invoke&apos; &apos;(Ljava/lang/Object;[Ljava/lang/Object;)Ljava/lang/Object;&apos; in &apos;java/lang/reflect/Method&apos; - invokeinterface @ bci 56 sp = 0x000000030c791318
     {method} {0x0000000111bbe290} &apos;invoke&apos; &apos;(Ljava/lang/Object;[Ljava/lang/Object;)Ljava/lang/Object;&apos; in &apos;sun/reflect/DelegatingMethodAccessorImpl&apos; - invokevirtual @ bci 6 sp = 0x000000030c7912b0
<uncommon_trap thread='9987' reason='bimorphic' action='maybe_recompile' compile_id='1665' compiler='C2' count='2' state='#15' stamp='11.881'>
Uncommon trap occurred in java.lang.reflect.Method::invoke (@0x0000000114ff8664) thread=9987 reason=bimorphic action=maybe_recompile unloaded_class_index=-1
<jvms bci='6' method='sun/reflect/DelegatingMethodAccessorImpl invoke (Ljava/lang/Object;[Ljava/lang/Object;)Ljava/lang/Object;' bytes='10' count='5' backedge_count='1' iicount='10' class_check_traps='4' bimorphic_traps='2'/>
<jvms bci='56' method='java/lang/reflect/Method invoke (Ljava/lang/Object;[Ljava/lang/Object;)Ljava/lang/Object;' bytes='62' count='6' backedge_count='1' iicount='15' decompiles='1'/>
</uncommon_trap>
DEOPT PACKING thread 0x00007fe28e009000 Compiled frame (sp=0x000000030c791360 unextended sp=0x000000030c791360, fp=0x00000000f2b3e6ce, real_fp=0x000000030c7913a0, pc=0x0000000114ff8664)
     nmethod  11880 1665             java.lang.reflect.Method::invoke (62 bytes)

     Virtual frames (innermost first):
        0 - frame( sp=0x000000030c791360, unextended_sp=0x000000030c791360, fp=0x00000000f2b3e6ce, pc=0x0000000114ff8664)
sun.reflect.DelegatingMethodAccessorImpl.invoke(DelegatingMethodAccessorImpl.java:43) - invokevirtual @ bci 6 
        1 - frame( sp=0x000000030c791360, unextended_sp=0x000000030c791360, fp=0x00000000f2b3e6ce, pc=0x0000000114ff8664)
java.lang.reflect.Method.invoke(Method.java:498) - invokeinterface @ bci 56 
     Created vframeArray 0x00007fe28c087a20
DEOPT UNPACKING thread 0x00007fe28e009000 vframeArray 0x00007fe28c087a20 mode 2
     {method} {0x00000001116fb6f8} &apos;invoke&apos; &apos;(Ljava/lang/Object;[Ljava/lang/Object;)Ljava/lang/Object;&apos; in &apos;java/lang/reflect/Method&apos; - invokeinterface @ bci 56 sp = 0x000000030c791318
     {method} {0x0000000111bbe290} &apos;invoke&apos; &apos;(Ljava/lang/Object;[Ljava/lang/Object;)Ljava/lang/Object;&apos; in &apos;sun/reflect/DelegatingMethodAccessorImpl&apos; - invokevirtual @ bci 6 sp = 0x000000030c7912b0
<uncommon_trap thread='9987' reason='class_check' action='maybe_recompile' compile_id='1507' compiler='C2' stamp='11.881'>
Uncommon trap occurred in java.lang.reflect.Constructor::newInstance (@0x0000000114fa94ac) thread=9987 reason=class_check action=maybe_recompile unloaded_class_index=-1
<jvms bci='5' method='sun/reflect/DelegatingConstructorAccessorImpl newInstance ([Ljava/lang/Object;)Ljava/lang/Object;' bytes='9' count='5' backedge_count='1' iicount='10'/>
<jvms bci='79' method='java/lang/reflect/Constructor newInstance ([Ljava/lang/Object;)Ljava/lang/Object;' bytes='87' count='5' backedge_count='1' iicount='15' class_check_traps='1'/>
</uncommon_trap>
DEOPT PACKING thread 0x00007fe28e009000 Compiled frame (sp=0x000000030c791360 unextended sp=0x000000030c791360, fp=0x00000000f2b3f278, real_fp=0x000000030c7913a0, pc=0x0000000114fa94ac)
     nmethod  11881 1507             java.lang.reflect.Constructor::newInstance (87 bytes)

     Virtual frames (innermost first):
        0 - frame( sp=0x000000030c791360, unextended_sp=0x000000030c791360, fp=0x00000000f2b3f278, pc=0x0000000114fa94ac)
sun.reflect.DelegatingConstructorAccessorImpl.newInstance(DelegatingConstructorAccessorImpl.java:45) - invokevirtual @ bci 5 
        1 - frame( sp=0x000000030c791360, unextended_sp=0x000000030c791360, fp=0x00000000f2b3f278, pc=0x0000000114fa94ac)
java.lang.reflect.Constructor.newInstance(Constructor.java:423) - invokeinterface @ bci 79 
     Created vframeArray 0x00007fe28c08a020
DEOPT UNPACKING thread 0x00007fe28e009000 vframeArray 0x00007fe28c08a020 mode 2
     {method} {0x0000000111701ce8} &apos;newInstance&apos; &apos;([Ljava/lang/Object;)Ljava/lang/Object;&apos; in &apos;java/lang/reflect/Constructor&apos; - invokeinterface @ bci 79 sp = 0x000000030c791320
     {method} {0x000000011180e940} &apos;newInstance&apos; &apos;([Ljava/lang/Object;)Ljava/lang/Object;&apos; in &apos;sun/reflect/DelegatingConstructorAccessorImpl&apos; - invokevirtual @ bci 5 sp = 0x000000030c7912c0
<uncommon_trap thread='9987' reason='bimorphic' action='maybe_recompile' compile_id='1665' compiler='C2' count='3' state='#15' stamp='11.889'>
Uncommon trap occurred in java.lang.reflect.Method::invoke (@0x0000000114ff8664) thread=9987 reason=bimorphic action=maybe_recompile unloaded_class_index=-1
<jvms bci='6' method='sun/reflect/DelegatingMethodAccessorImpl invoke (Ljava/lang/Object;[Ljava/lang/Object;)Ljava/lang/Object;' bytes='10' count='5' backedge_count='1' iicount='10' class_check_traps='4' bimorphic_traps='3'/>
<jvms bci='56' method='java/lang/reflect/Method invoke (Ljava/lang/Object;[Ljava/lang/Object;)Ljava/lang/Object;' bytes='62' count='6' backedge_count='1' iicount='15' decompiles='1'/>
</uncommon_trap>
DEOPT PACKING thread 0x00007fe28e009000 Compiled frame (sp=0x000000030c7913e0 unextended sp=0x000000030c7913e0, fp=0x00000000f2b3e6ce, real_fp=0x000000030c791420, pc=0x0000000114ff8664)
     nmethod  11888 1665             java.lang.reflect.Method::invoke (62 bytes)

     Virtual frames (innermost first):
        0 - frame( sp=0x000000030c7913e0, unextended_sp=0x000000030c7913e0, fp=0x00000000f2b3e6ce, pc=0x0000000114ff8664)
sun.reflect.DelegatingMethodAccessorImpl.invoke(DelegatingMethodAccessorImpl.java:43) - invokevirtual @ bci 6 
        1 - frame( sp=0x000000030c7913e0, unextended_sp=0x000000030c7913e0, fp=0x00000000f2b3e6ce, pc=0x0000000114ff8664)
java.lang.reflect.Method.invoke(Method.java:498) - invokeinterface @ bci 56 
     Created vframeArray 0x00007fe28d091820
DEOPT UNPACKING thread 0x00007fe28e009000 vframeArray 0x00007fe28d091820 mode 2
     {method} {0x00000001116fb6f8} &apos;invoke&apos; &apos;(Ljava/lang/Object;[Ljava/lang/Object;)Ljava/lang/Object;&apos; in &apos;java/lang/reflect/Method&apos; - invokeinterface @ bci 56 sp = 0x000000030c791398
     {method} {0x0000000111bbe290} &apos;invoke&apos; &apos;(Ljava/lang/Object;[Ljava/lang/Object;)Ljava/lang/Object;&apos; in &apos;sun/reflect/DelegatingMethodAccessorImpl&apos; - invokevirtual @ bci 6 sp = 0x000000030c791330
<uncommon_trap thread='9987' reason='class_check' action='maybe_recompile' compile_id='1560' compiler='C2' count='4' state='#15' stamp='11.889'>
Uncommon trap occurred in sun.reflect.DelegatingMethodAccessorImpl::invoke (@0x0000000114fade6c) thread=9987 reason=class_check action=maybe_recompile unloaded_class_index=-1
<jvms bci='6' method='sun/reflect/DelegatingMethodAccessorImpl invoke (Ljava/lang/Object;[Ljava/lang/Object;)Ljava/lang/Object;' bytes='10' count='5' backedge_count='1' iicount='10' class_check_traps='4' bimorphic_traps='4'/>
</uncommon_trap>
DEOPT PACKING thread 0x00007fe28e009000 Compiled frame (sp=0x000000030c7912e0 unextended sp=0x000000030c7912e0, fp=0x00000000f2b3e6ce, real_fp=0x000000030c791310, pc=0x0000000114fade6c)
     nmethod  11889 1560             sun.reflect.DelegatingMethodAccessorImpl::invoke (10 bytes)

     Virtual frames (innermost first):
        0 - frame( sp=0x000000030c7912e0, unextended_sp=0x000000030c7912e0, fp=0x00000000f2b3e6ce, pc=0x0000000114fade6c)
sun.reflect.DelegatingMethodAccessorImpl.invoke(DelegatingMethodAccessorImpl.java:43) - invokevirtual @ bci 6 
     Created vframeArray 0x00007fe28d874820
DEOPT UNPACKING thread 0x00007fe28e009000 vframeArray 0x00007fe28d874820 mode 2
     {method} {0x0000000111bbe290} &apos;invoke&apos; &apos;(Ljava/lang/Object;[Ljava/lang/Object;)Ljava/lang/Object;&apos; in &apos;sun/reflect/DelegatingMethodAccessorImpl&apos; - invokevirtual @ bci 6 sp = 0x000000030c7912a8
<uncommon_trap thread='9987' reason='speculate_class_check' action='maybe_recompile' compile_id='1448' compiler='C2' count='2' stamp='11.913'>
Uncommon trap occurred in org.springframework.util.ConcurrentReferenceHashMap$Segment::doTask (@0x0000000114f9653c) thread=9987 reason=speculate_class_check action=maybe_recompile unloaded_class_index=-1
<jvms bci='126' method='org/springframework/util/ConcurrentReferenceHashMap$Segment doTask (ILjava/lang/Object;Lorg/springframework/util/ConcurrentReferenceHashMap$Task;)Ljava/lang/Object;' bytes='179' count='2' backedge_count='1' iicount='10' speculate_class_check_traps='2'/>
</uncommon_trap>
DEOPT PACKING thread 0x00007fe28e009000 Compiled frame (sp=0x000000030c7916c0 unextended sp=0x000000030c7916c0, fp=0x00000007958bc688, real_fp=0x000000030c791740, pc=0x0000000114f9653c)
     nmethod  11913 1448   !         org.springframework.util.ConcurrentReferenceHashMap$Segment::doTask (179 bytes)

     Virtual frames (innermost first):
        0 - frame( sp=0x000000030c7916c0, unextended_sp=0x000000030c7916c0, fp=0x00000007958bc688, pc=0x0000000114f9653c)
org.springframework.util.ConcurrentReferenceHashMap$Segment.doTask(ConcurrentReferenceHashMap.java:537) - invokevirtual @ bci 126 
     Created vframeArray 0x00007fe28d091820
DEOPT UNPACKING thread 0x00007fe28e009000 vframeArray 0x00007fe28d091820 mode 2
     {method} {0x0000000111ac9750} &apos;doTask&apos; &apos;(ILjava/lang/Object;Lorg/springframework/util/ConcurrentReferenceHashMap$Task;)Ljava/lang/Object;&apos; in &apos;org/springframework/util/ConcurrentReferenceHashMap$Segment&apos; - invokevirtual @ bci 126 sp = 0x000000030c791670
<uncommon_trap thread='9987' reason='class_check' action='maybe_recompile' compile_id='1517' compiler='C2' count='2' state='class_check' stamp='11.916'>
Uncommon trap occurred in sun.reflect.generics.repository.FieldRepository::getGenericType (@0x0000000114fab2f8) thread=9987 reason=class_check action=maybe_recompile unloaded_class_index=-1
<jvms bci='20' method='sun/reflect/generics/repository/FieldRepository getGenericType ()Ljava/lang/reflect/Type;' bytes='38' count='5' backedge_count='1' iicount='10' class_check_traps='2'/>
</uncommon_trap>
DEOPT PACKING thread 0x00007fe28e009000 Compiled frame (sp=0x000000030c7915d0 unextended sp=0x000000030c7915d0, fp=0x00000007959fb278, real_fp=0x000000030c791610, pc=0x0000000114fab2f8)
     nmethod  11916 1517             sun.reflect.generics.repository.FieldRepository::getGenericType (38 bytes)

     Virtual frames (innermost first):
        0 - frame( sp=0x000000030c7915d0, unextended_sp=0x000000030c7915d0, fp=0x00000007959fb278, pc=0x0000000114fab2f8)
sun.reflect.generics.repository.FieldRepository.getGenericType(FieldRepository.java:85) - invokeinterface @ bci 20 
     Created vframeArray 0x00007fe28c087a20
DEOPT UNPACKING thread 0x00007fe28e009000 vframeArray 0x00007fe28c087a20 mode 2
     {method} {0x0000000111bdcbc0} &apos;getGenericType&apos; &apos;()Ljava/lang/reflect/Type;&apos; in &apos;sun/reflect/generics/repository/FieldRepository&apos; - invokeinterface @ bci 20 sp = 0x000000030c7915a0
<uncommon_trap thread='9987' reason='class_check' action='maybe_recompile' compile_id='1602' compiler='C2' count='1' state='class_check' stamp='11.940'>
Uncommon trap occurred in org.springframework.core.ResolvableType::getGenerics (@0x0000000114fde21c) thread=9987 reason=class_check action=maybe_recompile unloaded_class_index=-1
<jvms bci='78' method='org/springframework/core/ResolvableType getGenerics ()[Lorg/springframework/core/ResolvableType;' bytes='148' count='6' backedge_count='2' iicount='9' class_check_traps='1'/>
</uncommon_trap>
DEOPT PACKING thread 0x00007fe28e009000 Compiled frame (sp=0x000000030c791640 unextended sp=0x000000030c791640, fp=0x00000007959fbc10, real_fp=0x000000030c7916a0, pc=0x0000000114fde21c)
     nmethod  11939 1602             org.springframework.core.ResolvableType::getGenerics (148 bytes)

     Virtual frames (innermost first):
        0 - frame( sp=0x000000030c791640, unextended_sp=0x000000030c791640, fp=0x00000007959fbc10, pc=0x0000000114fde21c)
org.springframework.core.ResolvableType.getGenerics(ResolvableType.java:734) - instanceof @ bci 78 
     Created vframeArray 0x00007fe28e089820
DEOPT UNPACKING thread 0x00007fe28e009000 vframeArray 0x00007fe28e089820 mode 2
     {method} {0x0000000111b9c9e8} &apos;getGenerics&apos; &apos;()[Lorg/springframework/core/ResolvableType;&apos; in &apos;org/springframework/core/ResolvableType&apos; - instanceof @ bci 78 sp = 0x000000030c791630
<uncommon_trap thread='9987' reason='class_check' action='maybe_recompile' compile_id='1507' compiler='C2' count='1' state='class_check' stamp='11.944'>
Uncommon trap occurred in java.lang.reflect.Constructor::newInstance (@0x0000000114fa94ac) thread=9987 reason=class_check action=maybe_recompile unloaded_class_index=-1
<jvms bci='5' method='sun/reflect/DelegatingConstructorAccessorImpl newInstance ([Ljava/lang/Object;)Ljava/lang/Object;' bytes='9' count='5' backedge_count='1' iicount='10' class_check_traps='1'/>
<jvms bci='79' method='java/lang/reflect/Constructor newInstance ([Ljava/lang/Object;)Ljava/lang/Object;' bytes='87' count='5' backedge_count='1' iicount='15' class_check_traps='1'/>
</uncommon_trap>
DEOPT PACKING thread 0x00007fe28e009000 Compiled frame (sp=0x000000030c7915b0 unextended sp=0x000000030c7915b0, fp=0x00000000f2b3f278, real_fp=0x000000030c7915f0, pc=0x0000000114fa94ac)
     nmethod  11944 1507             java.lang.reflect.Constructor::newInstance (87 bytes)

     Virtual frames (innermost first):
        0 - frame( sp=0x000000030c7915b0, unextended_sp=0x000000030c7915b0, fp=0x00000000f2b3f278, pc=0x0000000114fa94ac)
sun.reflect.DelegatingConstructorAccessorImpl.newInstance(DelegatingConstructorAccessorImpl.java:45) - invokevirtual @ bci 5 
        1 - frame( sp=0x000000030c7915b0, unextended_sp=0x000000030c7915b0, fp=0x00000000f2b3f278, pc=0x0000000114fa94ac)
java.lang.reflect.Constructor.newInstance(Constructor.java:423) - invokeinterface @ bci 79 
     Created vframeArray 0x00007fe28d874820
DEOPT UNPACKING thread 0x00007fe28e009000 vframeArray 0x00007fe28d874820 mode 2
     {method} {0x0000000111701ce8} &apos;newInstance&apos; &apos;([Ljava/lang/Object;)Ljava/lang/Object;&apos; in &apos;java/lang/reflect/Constructor&apos; - invokeinterface @ bci 79 sp = 0x000000030c791570
     {method} {0x000000011180e940} &apos;newInstance&apos; &apos;([Ljava/lang/Object;)Ljava/lang/Object;&apos; in &apos;sun/reflect/DelegatingConstructorAccessorImpl&apos; - invokevirtual @ bci 5 sp = 0x000000030c791510
<uncommon_trap thread='9987' reason='class_check' action='maybe_recompile' compile_id='1507' compiler='C2' count='2' state='class_check' stamp='11.949'>
Uncommon trap occurred in java.lang.reflect.Constructor::newInstance (@0x0000000114fa94ac) thread=9987 reason=class_check action=maybe_recompile unloaded_class_index=-1
<jvms bci='5' method='sun/reflect/DelegatingConstructorAccessorImpl newInstance ([Ljava/lang/Object;)Ljava/lang/Object;' bytes='9' count='5' backedge_count='1' iicount='10' class_check_traps='2'/>
<jvms bci='79' method='java/lang/reflect/Constructor newInstance ([Ljava/lang/Object;)Ljava/lang/Object;' bytes='87' count='5' backedge_count='1' iicount='15' class_check_traps='1'/>
</uncommon_trap>
DEOPT PACKING thread 0x00007fe28e009000 Compiled frame (sp=0x000000030c791430 unextended sp=0x000000030c791430, fp=0x00000000f2b3f278, real_fp=0x000000030c791470, pc=0x0000000114fa94ac)
     nmethod  11949 1507             java.lang.reflect.Constructor::newInstance (87 bytes)

     Virtual frames (innermost first):
        0 - frame( sp=0x000000030c791430, unextended_sp=0x000000030c791430, fp=0x00000000f2b3f278, pc=0x0000000114fa94ac)
sun.reflect.DelegatingConstructorAccessorImpl.newInstance(DelegatingConstructorAccessorImpl.java:45) - invokevirtual @ bci 5 
        1 - frame( sp=0x000000030c791430, unextended_sp=0x000000030c791430, fp=0x00000000f2b3f278, pc=0x0000000114fa94ac)
java.lang.reflect.Constructor.newInstance(Constructor.java:423) - invokeinterface @ bci 79 
     Created vframeArray 0x00007fe28c087a20
DEOPT UNPACKING thread 0x00007fe28e009000 vframeArray 0x00007fe28c087a20 mode 2
     {method} {0x0000000111701ce8} &apos;newInstance&apos; &apos;([Ljava/lang/Object;)Ljava/lang/Object;&apos; in &apos;java/lang/reflect/Constructor&apos; - invokeinterface @ bci 79 sp = 0x000000030c7913f0
     {method} {0x000000011180e940} &apos;newInstance&apos; &apos;([Ljava/lang/Object;)Ljava/lang/Object;&apos; in &apos;sun/reflect/DelegatingConstructorAccessorImpl&apos; - invokevirtual @ bci 5 sp = 0x000000030c791390
<uncommon_trap thread='9987' reason='class_check' action='maybe_recompile' compile_id='1507' compiler='C2' count='3' state='class_check' stamp='12.053'>
Uncommon trap occurred in java.lang.reflect.Constructor::newInstance (@0x0000000114fa94ac) thread=9987 reason=class_check action=maybe_recompile unloaded_class_index=-1
<jvms bci='5' method='sun/reflect/DelegatingConstructorAccessorImpl newInstance ([Ljava/lang/Object;)Ljava/lang/Object;' bytes='9' count='5' backedge_count='1' iicount='10' class_check_traps='3'/>
<jvms bci='79' method='java/lang/reflect/Constructor newInstance ([Ljava/lang/Object;)Ljava/lang/Object;' bytes='87' count='5' backedge_count='1' iicount='15' class_check_traps='1'/>
</uncommon_trap>
DEOPT PACKING thread 0x00007fe28e009000 Compiled frame (sp=0x000000030c791430 unextended sp=0x000000030c791430, fp=0x00000000f2b3f278, real_fp=0x000000030c791470, pc=0x0000000114fa94ac)
     nmethod  12053 1507             java.lang.reflect.Constructor::newInstance (87 bytes)

     Virtual frames (innermost first):
        0 - frame( sp=0x000000030c791430, unextended_sp=0x000000030c791430, fp=0x00000000f2b3f278, pc=0x0000000114fa94ac)
sun.reflect.DelegatingConstructorAccessorImpl.newInstance(DelegatingConstructorAccessorImpl.java:45) - invokevirtual @ bci 5 
        1 - frame( sp=0x000000030c791430, unextended_sp=0x000000030c791430, fp=0x00000000f2b3f278, pc=0x0000000114fa94ac)
java.lang.reflect.Constructor.newInstance(Constructor.java:423) - invokeinterface @ bci 79 
     Created vframeArray 0x00007fe28c08b420
DEOPT UNPACKING thread 0x00007fe28e009000 vframeArray 0x00007fe28c08b420 mode 2
     {method} {0x0000000111701ce8} &apos;newInstance&apos; &apos;([Ljava/lang/Object;)Ljava/lang/Object;&apos; in &apos;java/lang/reflect/Constructor&apos; - invokeinterface @ bci 79 sp = 0x000000030c7913f0
     {method} {0x000000011180e940} &apos;newInstance&apos; &apos;([Ljava/lang/Object;)Ljava/lang/Object;&apos; in &apos;sun/reflect/DelegatingConstructorAccessorImpl&apos; - invokevirtual @ bci 5 sp = 0x000000030c791390
<uncommon_trap thread='9987' reason='class_check' action='maybe_recompile' compile_id='1318' compiler='C2' count='4' state='class_check recompiled' stamp='12.055'>
Uncommon trap occurred in sun.reflect.DelegatingConstructorAccessorImpl::newInstance (@0x0000000114f4f56c) thread=9987 reason=class_check action=maybe_recompile unloaded_class_index=-1
<jvms bci='5' method='sun/reflect/DelegatingConstructorAccessorImpl newInstance ([Ljava/lang/Object;)Ljava/lang/Object;' bytes='9' count='5' backedge_count='1' iicount='10' class_check_traps='4'/>
</uncommon_trap>
DEOPT PACKING thread 0x00007fe28e009000 Compiled frame (sp=0x000000030c791530 unextended sp=0x000000030c791530, fp=0x00000000f2b3f278, real_fp=0x000000030c791560, pc=0x0000000114f4f56c)
     nmethod  12055 1318             sun.reflect.DelegatingConstructorAccessorImpl::newInstance (9 bytes)

     Virtual frames (innermost first):
        0 - frame( sp=0x000000030c791530, unextended_sp=0x000000030c791530, fp=0x00000000f2b3f278, pc=0x0000000114f4f56c)
sun.reflect.DelegatingConstructorAccessorImpl.newInstance(DelegatingConstructorAccessorImpl.java:45) - invokevirtual @ bci 5 
     Created vframeArray 0x00007fe28c087a20
DEOPT UNPACKING thread 0x00007fe28e009000 vframeArray 0x00007fe28c087a20 mode 2
     {method} {0x000000011180e940} &apos;newInstance&apos; &apos;([Ljava/lang/Object;)Ljava/lang/Object;&apos; in &apos;sun/reflect/DelegatingConstructorAccessorImpl&apos; - invokevirtual @ bci 5 sp = 0x000000030c791500
<uncommon_trap thread='9987' reason='class_check' action='maybe_recompile' compile_id='1602' compiler='C2' count='2' state='class_check' stamp='12.069'>
Uncommon trap occurred in org.springframework.core.ResolvableType::getGenerics (@0x0000000114fde21c) thread=9987 reason=class_check action=maybe_recompile unloaded_class_index=-1
<jvms bci='78' method='org/springframework/core/ResolvableType getGenerics ()[Lorg/springframework/core/ResolvableType;' bytes='148' count='6' backedge_count='2' iicount='9' class_check_traps='2'/>
</uncommon_trap>
DEOPT PACKING thread 0x00007fe28e009000 Compiled frame (sp=0x000000030c791690 unextended sp=0x000000030c791690, fp=0x0000000795a030e0, real_fp=0x000000030c7916f0, pc=0x0000000114fde21c)
     nmethod  12069 1602             org.springframework.core.ResolvableType::getGenerics (148 bytes)

     Virtual frames (innermost first):
        0 - frame( sp=0x000000030c791690, unextended_sp=0x000000030c791690, fp=0x0000000795a030e0, pc=0x0000000114fde21c)
org.springframework.core.ResolvableType.getGenerics(ResolvableType.java:734) - instanceof @ bci 78 
     Created vframeArray 0x00007fe28d090c20
DEOPT UNPACKING thread 0x00007fe28e009000 vframeArray 0x00007fe28d090c20 mode 2
     {method} {0x0000000111b9c9e8} &apos;getGenerics&apos; &apos;()[Lorg/springframework/core/ResolvableType;&apos; in &apos;org/springframework/core/ResolvableType&apos; - instanceof @ bci 78 sp = 0x000000030c791678
<uncommon_trap thread='9987' reason='class_check' action='maybe_recompile' compile_id='1602' compiler='C2' count='3' state='class_check' stamp='12.077'>
Uncommon trap occurred in org.springframework.core.ResolvableType::getGenerics (@0x0000000114fde21c) thread=9987 reason=class_check action=maybe_recompile unloaded_class_index=-1
<jvms bci='78' method='org/springframework/core/ResolvableType getGenerics ()[Lorg/springframework/core/ResolvableType;' bytes='148' count='6' backedge_count='2' iicount='9' class_check_traps='3'/>
</uncommon_trap>
DEOPT PACKING thread 0x00007fe28e009000 Compiled frame (sp=0x000000030c791690 unextended sp=0x000000030c791690, fp=0x0000000795a05800, real_fp=0x000000030c7916f0, pc=0x0000000114fde21c)
     nmethod  12076 1602             org.springframework.core.ResolvableType::getGenerics (148 bytes)

     Virtual frames (innermost first):
        0 - frame( sp=0x000000030c791690, unextended_sp=0x000000030c791690, fp=0x0000000795a05800, pc=0x0000000114fde21c)
org.springframework.core.ResolvableType.getGenerics(ResolvableType.java:734) - instanceof @ bci 78 
     Created vframeArray 0x00007fe28e089820
DEOPT UNPACKING thread 0x00007fe28e009000 vframeArray 0x00007fe28e089820 mode 2
     {method} {0x0000000111b9c9e8} &apos;getGenerics&apos; &apos;()[Lorg/springframework/core/ResolvableType;&apos; in &apos;org/springframework/core/ResolvableType&apos; - instanceof @ bci 78 sp = 0x000000030c791678
<uncommon_trap thread='9987' reason='speculate_class_check' action='maybe_recompile' compile_id='1448' compiler='C2' count='3' stamp='12.098'>
Uncommon trap occurred in org.springframework.util.ConcurrentReferenceHashMap$Segment::doTask (@0x0000000114f9653c) thread=9987 reason=speculate_class_check action=maybe_recompile unloaded_class_index=-1
<jvms bci='126' method='org/springframework/util/ConcurrentReferenceHashMap$Segment doTask (ILjava/lang/Object;Lorg/springframework/util/ConcurrentReferenceHashMap$Task;)Ljava/lang/Object;' bytes='179' count='2' backedge_count='1' iicount='10' speculate_class_check_traps='3'/>
</uncommon_trap>
DEOPT PACKING thread 0x00007fe28e009000 Compiled frame (sp=0x000000030c7916c0 unextended sp=0x000000030c7916c0, fp=0x00000007958bbd18, real_fp=0x000000030c791740, pc=0x0000000114f9653c)
     nmethod  12098 1448   !         org.springframework.util.ConcurrentReferenceHashMap$Segment::doTask (179 bytes)

     Virtual frames (innermost first):
        0 - frame( sp=0x000000030c7916c0, unextended_sp=0x000000030c7916c0, fp=0x00000007958bbd18, pc=0x0000000114f9653c)
org.springframework.util.ConcurrentReferenceHashMap$Segment.doTask(ConcurrentReferenceHashMap.java:537) - invokevirtual @ bci 126 
     Created vframeArray 0x00007fe28c087a20
DEOPT UNPACKING thread 0x00007fe28e009000 vframeArray 0x00007fe28c087a20 mode 2
     {method} {0x0000000111ac9750} &apos;doTask&apos; &apos;(ILjava/lang/Object;Lorg/springframework/util/ConcurrentReferenceHashMap$Task;)Ljava/lang/Object;&apos; in &apos;org/springframework/util/ConcurrentReferenceHashMap$Segment&apos; - invokevirtual @ bci 126 sp = 0x000000030c791670
<uncommon_trap thread='9987' reason='bimorphic' action='maybe_recompile' compile_id='1634' compiler='C2' count='5' state='#7' stamp='12.103'>
Uncommon trap occurred in org.springframework.core.SerializableTypeWrapper$TypeProxyInvocationHandler::invoke (@0x0000000114ff046c) thread=9987 reason=bimorphic action=maybe_recompile unloaded_class_index=-1
<jvms bci='314' method='org/springframework/core/SerializableTypeWrapper$TypeProxyInvocationHandler invoke (Ljava/lang/Object;Ljava/lang/reflect/Method;[Ljava/lang/Object;)Ljava/lang/Object;' bytes='324' count='5' backedge_count='2' iicount='14' decompiles='1' class_check_traps='1' bimorphic_traps='5'/>
</uncommon_trap>
DEOPT PACKING thread 0x00007fe28e009000 Compiled frame (sp=0x000000030c791350 unextended sp=0x000000030c791350, fp=0x00000000f2b409fb, real_fp=0x000000030c7913c0, pc=0x0000000114ff046c)
     nmethod  12103 1634             org.springframework.core.SerializableTypeWrapper$TypeProxyInvocationHandler::invoke (324 bytes)

     Virtual frames (innermost first):
        0 - frame( sp=0x000000030c791350, unextended_sp=0x000000030c791350, fp=0x00000000f2b409fb, pc=0x0000000114ff046c)
org.springframework.core.SerializableTypeWrapper$TypeProxyInvocationHandler.invoke(SerializableTypeWrapper.java:217) - invokeinterface @ bci 314 
     Created vframeArray 0x00007fe28c08b420
DEOPT UNPACKING thread 0x00007fe28e009000 vframeArray 0x00007fe28c08b420 mode 2
     {method} {0x0000000111bd0460} &apos;invoke&apos; &apos;(Ljava/lang/Object;Ljava/lang/reflect/Method;[Ljava/lang/Object;)Ljava/lang/Object;&apos; in &apos;org/springframework/core/SerializableTypeWrapper$TypeProxyInvocationHandler&apos; - invokeinterface @ bci 314 sp = 0x000000030c791348
<uncommon_trap thread='9987' reason='class_check' action='maybe_recompile' compile_id='1729' compiler='C2' count='1' stamp='12.143'>
Uncommon trap occurred in org.springframework.core.SerializableTypeWrapper$TypeProxyInvocationHandler::invoke (@0x000000011501c0b0) thread=9987 reason=class_check action=maybe_recompile unloaded_class_index=-1
<jvms bci='236' method='org/springframework/core/SerializableTypeWrapper$TypeProxyInvocationHandler invoke (Ljava/lang/Object;Ljava/lang/reflect/Method;[Ljava/lang/Object;)Ljava/lang/Object;' bytes='324' count='5' backedge_count='2' iicount='17' decompiles='2' class_check_traps='1' bimorphic_traps='6'/>
</uncommon_trap>
DEOPT PACKING thread 0x00007fe28e009000 Compiled frame (sp=0x000000030c7915c0 unextended sp=0x000000030c7915c0, fp=0x0000000795a0aa38, real_fp=0x000000030c791660, pc=0x000000011501c0b0)
     nmethod  12142 1729             org.springframework.core.SerializableTypeWrapper$TypeProxyInvocationHandler::invoke (324 bytes)

     Virtual frames (innermost first):
        0 - frame( sp=0x000000030c7915c0, unextended_sp=0x000000030c7915c0, fp=0x0000000795a0aa38, pc=0x000000011501c0b0)
org.springframework.core.SerializableTypeWrapper$TypeProxyInvocationHandler.invoke(SerializableTypeWrapper.java:206) - invokeinterface @ bci 236 
     Created vframeArray 0x00007fe28d090c20
DEOPT UNPACKING thread 0x00007fe28e009000 vframeArray 0x00007fe28d090c20 mode 2
     {method} {0x0000000111bd0460} &apos;invoke&apos; &apos;(Ljava/lang/Object;Ljava/lang/reflect/Method;[Ljava/lang/Object;)Ljava/lang/Object;&apos; in &apos;org/springframework/core/SerializableTypeWrapper$TypeProxyInvocationHandler&apos; - invokeinterface @ bci 236 sp = 0x000000030c7915c8
<uncommon_trap thread='9987' reason='class_check' action='maybe_recompile' compile_id='1729' compiler='C2' count='2' state='class_check' stamp='12.172'>
Uncommon trap occurred in org.springframework.core.SerializableTypeWrapper$TypeProxyInvocationHandler::invoke (@0x000000011501c0b0) thread=9987 reason=class_check action=maybe_recompile unloaded_class_index=-1
<jvms bci='236' method='org/springframework/core/SerializableTypeWrapper$TypeProxyInvocationHandler invoke (Ljava/lang/Object;Ljava/lang/reflect/Method;[Ljava/lang/Object;)Ljava/lang/Object;' bytes='324' count='5' backedge_count='4' iicount='18' decompiles='2' class_check_traps='2' bimorphic_traps='6'/>
</uncommon_trap>
DEOPT PACKING thread 0x00007fe28e009000 Compiled frame (sp=0x000000030c7915c0 unextended sp=0x000000030c7915c0, fp=0x0000000795a0b148, real_fp=0x000000030c791660, pc=0x000000011501c0b0)
     nmethod  12171 1729             org.springframework.core.SerializableTypeWrapper$TypeProxyInvocationHandler::invoke (324 bytes)

     Virtual frames (innermost first):
        0 - frame( sp=0x000000030c7915c0, unextended_sp=0x000000030c7915c0, fp=0x0000000795a0b148, pc=0x000000011501c0b0)
org.springframework.core.SerializableTypeWrapper$TypeProxyInvocationHandler.invoke(SerializableTypeWrapper.java:206) - invokeinterface @ bci 236 
     Created vframeArray 0x00007fe28c08b420
DEOPT UNPACKING thread 0x00007fe28e009000 vframeArray 0x00007fe28c08b420 mode 2
     {method} {0x0000000111bd0460} &apos;invoke&apos; &apos;(Ljava/lang/Object;Ljava/lang/reflect/Method;[Ljava/lang/Object;)Ljava/lang/Object;&apos; in &apos;org/springframework/core/SerializableTypeWrapper$TypeProxyInvocationHandler&apos; - invokeinterface @ bci 236 sp = 0x000000030c7915c8
<uncommon_trap thread='9987' reason='bimorphic' action='maybe_recompile' compile_id='1026' compiler='C2' count='2' state='#15' stamp='12.172'>
Uncommon trap occurred in java.util.Arrays::equals (@0x0000000114eb7064) thread=9987 reason=bimorphic action=maybe_recompile unloaded_class_index=-1
<jvms bci='62' method='java/util/Arrays equals ([Ljava/lang/Object;[Ljava/lang/Object;)Z' bytes='78' count='4' backedge_count='12' iicount='4' decompiles='1' class_check_traps='4' bimorphic_traps='2'/>
</uncommon_trap>
DEOPT PACKING thread 0x00007fe28e009000 Compiled frame (sp=0x000000030c791380 unextended sp=0x000000030c791380, fp=0x0000000000000000, real_fp=0x000000030c7913c0, pc=0x0000000114eb7064)
     nmethod  12172 1026             java.util.Arrays::equals (78 bytes)

     Virtual frames (innermost first):
        0 - frame( sp=0x000000030c791380, unextended_sp=0x000000030c791380, fp=0x0000000000000000, pc=0x0000000114eb7064)
java.util.Arrays.equals(Arrays.java:2829) - invokevirtual @ bci 62 
     Created vframeArray 0x00007fe28e089820
DEOPT UNPACKING thread 0x00007fe28e009000 vframeArray 0x00007fe28e089820 mode 2
     {method} {0x0000000111800c88} &apos;equals&apos; &apos;([Ljava/lang/Object;[Ljava/lang/Object;)Z&apos; in &apos;java/util/Arrays&apos; - invokevirtual @ bci 62 sp = 0x000000030c791340
<uncommon_trap thread='9987' reason='class_check' action='maybe_recompile' compile_id='1729' compiler='C2' count='3' state='class_check' stamp='12.175'>
Uncommon trap occurred in org.springframework.core.SerializableTypeWrapper$TypeProxyInvocationHandler::invoke (@0x000000011501c0b0) thread=9987 reason=class_check action=maybe_recompile unloaded_class_index=-1
<jvms bci='236' method='org/springframework/core/SerializableTypeWrapper$TypeProxyInvocationHandler invoke (Ljava/lang/Object;Ljava/lang/reflect/Method;[Ljava/lang/Object;)Ljava/lang/Object;' bytes='324' count='5' backedge_count='5' iicount='18' decompiles='2' class_check_traps='3' bimorphic_traps='6'/>
</uncommon_trap>
DEOPT PACKING thread 0x00007fe28e009000 Compiled frame (sp=0x000000030c7915c0 unextended sp=0x000000030c7915c0, fp=0x0000000795a0e190, real_fp=0x000000030c791660, pc=0x000000011501c0b0)
     nmethod  12175 1729             org.springframework.core.SerializableTypeWrapper$TypeProxyInvocationHandler::invoke (324 bytes)

     Virtual frames (innermost first):
        0 - frame( sp=0x000000030c7915c0, unextended_sp=0x000000030c7915c0, fp=0x0000000795a0e190, pc=0x000000011501c0b0)
org.springframework.core.SerializableTypeWrapper$TypeProxyInvocationHandler.invoke(SerializableTypeWrapper.java:206) - invokeinterface @ bci 236 
     Created vframeArray 0x00007fe28d87cc20
DEOPT UNPACKING thread 0x00007fe28e009000 vframeArray 0x00007fe28d87cc20 mode 2
     {method} {0x0000000111bd0460} &apos;invoke&apos; &apos;(Ljava/lang/Object;Ljava/lang/reflect/Method;[Ljava/lang/Object;)Ljava/lang/Object;&apos; in &apos;org/springframework/core/SerializableTypeWrapper$TypeProxyInvocationHandler&apos; - invokeinterface @ bci 236 sp = 0x000000030c7915c8
<uncommon_trap thread='9987' reason='bimorphic' action='maybe_recompile' compile_id='1026' compiler='C2' count='3' state='#15' stamp='12.255'>
Uncommon trap occurred in java.util.Arrays::equals (@0x0000000114eb7064) thread=9987 reason=bimorphic action=maybe_recompile unloaded_class_index=-1
<jvms bci='62' method='java/util/Arrays equals ([Ljava/lang/Object;[Ljava/lang/Object;)Z' bytes='78' count='4' backedge_count='14' iicount='4' decompiles='1' class_check_traps='4' bimorphic_traps='3'/>
</uncommon_trap>
DEOPT PACKING thread 0x00007fe28e009000 Compiled frame (sp=0x000000030c791390 unextended sp=0x000000030c791390, fp=0x0000000000000000, real_fp=0x000000030c7913d0, pc=0x0000000114eb7064)
     nmethod  12255 1026             java.util.Arrays::equals (78 bytes)

     Virtual frames (innermost first):
        0 - frame( sp=0x000000030c791390, unextended_sp=0x000000030c791390, fp=0x0000000000000000, pc=0x0000000114eb7064)
java.util.Arrays.equals(Arrays.java:2829) - invokevirtual @ bci 62 
     Created vframeArray 0x00007fe28e089820
DEOPT UNPACKING thread 0x00007fe28e009000 vframeArray 0x00007fe28e089820 mode 2
     {method} {0x0000000111800c88} &apos;equals&apos; &apos;([Ljava/lang/Object;[Ljava/lang/Object;)Z&apos; in &apos;java/util/Arrays&apos; - invokevirtual @ bci 62 sp = 0x000000030c791350
<uncommon_trap thread='9987' reason='unloaded' action='reinterpret' index='81' compile_id='1734' compiler='C2' unresolved='1' name='java/lang/Boolean' stamp='12.261'>
Uncommon trap occurred in org.springframework.core.SerializableTypeWrapper$TypeProxyInvocationHandler::invoke (@0x00000001150222e4) thread=9987 reason=unloaded action=reinterpret unloaded_class_index=81 unresolved class: java/lang/Boolean
<jvms bci='157' method='org/springframework/core/SerializableTypeWrapper$TypeProxyInvocationHandler invoke (Ljava/lang/Object;Ljava/lang/reflect/Method;[Ljava/lang/Object;)Ljava/lang/Object;' bytes='324' count='5' backedge_count='5' iicount='20' decompiles='3' class_check_traps='4' bimorphic_traps='6'/>
</uncommon_trap>
DEOPT PACKING thread 0x00007fe28e009000 Compiled frame (sp=0x000000030c7910c0 unextended sp=0x000000030c7910c0, fp=0x0000000000000001, real_fp=0x000000030c791160, pc=0x00000001150222e4)
     nmethod  12260 1734             org.springframework.core.SerializableTypeWrapper$TypeProxyInvocationHandler::invoke (324 bytes)

     Virtual frames (innermost first):
        0 - frame( sp=0x000000030c7910c0, unextended_sp=0x000000030c7910c0, fp=0x0000000000000001, pc=0x00000001150222e4)
org.springframework.core.SerializableTypeWrapper$TypeProxyInvocationHandler.invoke(SerializableTypeWrapper.java:195) - invokestatic @ bci 157 
     Created vframeArray 0x00007fe28e091a20
DEOPT UNPACKING thread 0x00007fe28e009000 vframeArray 0x00007fe28e091a20 mode 2
     {method} {0x0000000111bd0460} &apos;invoke&apos; &apos;(Ljava/lang/Object;Ljava/lang/reflect/Method;[Ljava/lang/Object;)Ljava/lang/Object;&apos; in &apos;org/springframework/core/SerializableTypeWrapper$TypeProxyInvocationHandler&apos; - invokestatic @ bci 157 sp = 0x000000030c7910f0
<uncommon_trap thread='9987' reason='bimorphic' action='maybe_recompile' compile_id='1721' compiler='C2' state='class_check recompiled' stamp='12.409'>
Uncommon trap occurred in java.lang.reflect.Constructor::newInstance (@0x000000011500c998) thread=9987 reason=bimorphic action=maybe_recompile unloaded_class_index=-1
<jvms bci='5' method='sun/reflect/DelegatingConstructorAccessorImpl newInstance ([Ljava/lang/Object;)Ljava/lang/Object;' bytes='9' count='5' backedge_count='1' iicount='14' decompiles='1' class_check_traps='5'/>
<jvms bci='79' method='java/lang/reflect/Constructor newInstance ([Ljava/lang/Object;)Ljava/lang/Object;' bytes='87' count='6' backedge_count='1' iicount='20' decompiles='1' class_check_traps='1'/>
</uncommon_trap>
DEOPT PACKING thread 0x00007fe28e009000 Compiled frame (sp=0x000000030c7914c0 unextended sp=0x000000030c7914c0, fp=0x00000000f2b45b89, real_fp=0x000000030c7914f0, pc=0x000000011500c998)
     nmethod  12409 1721             java.lang.reflect.Constructor::newInstance (87 bytes)

     Virtual frames (innermost first):
        0 - frame( sp=0x000000030c7914c0, unextended_sp=0x000000030c7914c0, fp=0x00000000f2b45b89, pc=0x000000011500c998)
sun.reflect.DelegatingConstructorAccessorImpl.newInstance(DelegatingConstructorAccessorImpl.java:45) - invokevirtual @ bci 5 
        1 - frame( sp=0x000000030c7914c0, unextended_sp=0x000000030c7914c0, fp=0x00000000f2b45b89, pc=0x000000011500c998)
java.lang.reflect.Constructor.newInstance(Constructor.java:423) - invokeinterface @ bci 79 
     Created vframeArray 0x00007fe28d87f020
DEOPT UNPACKING thread 0x00007fe28e009000 vframeArray 0x00007fe28d87f020 mode 2
     {method} {0x0000000111701ce8} &apos;newInstance&apos; &apos;([Ljava/lang/Object;)Ljava/lang/Object;&apos; in &apos;java/lang/reflect/Constructor&apos; - invokeinterface @ bci 79 sp = 0x000000030c791470
     {method} {0x000000011180e940} &apos;newInstance&apos; &apos;([Ljava/lang/Object;)Ljava/lang/Object;&apos; in &apos;sun/reflect/DelegatingConstructorAccessorImpl&apos; - invokevirtual @ bci 5 sp = 0x000000030c791410
<uncommon_trap thread='9987' reason='bimorphic' action='maybe_recompile' compile_id='1721' compiler='C2' count='1' state='#15' stamp='12.410'>
Uncommon trap occurred in java.lang.reflect.Constructor::newInstance (@0x000000011500c998) thread=9987 reason=bimorphic action=maybe_recompile unloaded_class_index=-1
<jvms bci='5' method='sun/reflect/DelegatingConstructorAccessorImpl newInstance ([Ljava/lang/Object;)Ljava/lang/Object;' bytes='9' count='5' backedge_count='1' iicount='14' decompiles='1' class_check_traps='5' bimorphic_traps='1'/>
<jvms bci='79' method='java/lang/reflect/Constructor newInstance ([Ljava/lang/Object;)Ljava/lang/Object;' bytes='87' count='6' backedge_count='1' iicount='20' decompiles='1' class_check_traps='1'/>
</uncommon_trap>
DEOPT PACKING thread 0x00007fe28e009000 Compiled frame (sp=0x000000030c7915c0 unextended sp=0x000000030c7915c0, fp=0x00000000f2b45b89, real_fp=0x000000030c7915f0, pc=0x000000011500c998)
     nmethod  12410 1721             java.lang.reflect.Constructor::newInstance (87 bytes)

     Virtual frames (innermost first):
        0 - frame( sp=0x000000030c7915c0, unextended_sp=0x000000030c7915c0, fp=0x00000000f2b45b89, pc=0x000000011500c998)
sun.reflect.DelegatingConstructorAccessorImpl.newInstance(DelegatingConstructorAccessorImpl.java:45) - invokevirtual @ bci 5 
        1 - frame( sp=0x000000030c7915c0, unextended_sp=0x000000030c7915c0, fp=0x00000000f2b45b89, pc=0x000000011500c998)
java.lang.reflect.Constructor.newInstance(Constructor.java:423) - invokeinterface @ bci 79 
     Created vframeArray 0x00007fe28d090c20
DEOPT UNPACKING thread 0x00007fe28e009000 vframeArray 0x00007fe28d090c20 mode 2
     {method} {0x0000000111701ce8} &apos;newInstance&apos; &apos;([Ljava/lang/Object;)Ljava/lang/Object;&apos; in &apos;java/lang/reflect/Constructor&apos; - invokeinterface @ bci 79 sp = 0x000000030c791570
     {method} {0x000000011180e940} &apos;newInstance&apos; &apos;([Ljava/lang/Object;)Ljava/lang/Object;&apos; in &apos;sun/reflect/DelegatingConstructorAccessorImpl&apos; - invokevirtual @ bci 5 sp = 0x000000030c791510
<uncommon_trap thread='9987' reason='bimorphic' action='maybe_recompile' compile_id='1721' compiler='C2' count='2' state='#15' stamp='12.411'>
Uncommon trap occurred in java.lang.reflect.Constructor::newInstance (@0x000000011500c998) thread=9987 reason=bimorphic action=maybe_recompile unloaded_class_index=-1
<jvms bci='5' method='sun/reflect/DelegatingConstructorAccessorImpl newInstance ([Ljava/lang/Object;)Ljava/lang/Object;' bytes='9' count='5' backedge_count='1' iicount='14' decompiles='1' class_check_traps='5' bimorphic_traps='2'/>
<jvms bci='79' method='java/lang/reflect/Constructor newInstance ([Ljava/lang/Object;)Ljava/lang/Object;' bytes='87' count='6' backedge_count='1' iicount='20' decompiles='1' class_check_traps='1'/>
</uncommon_trap>
DEOPT PACKING thread 0x00007fe28e009000 Compiled frame (sp=0x000000030c7914c0 unextended sp=0x000000030c7914c0, fp=0x00000000f2b45b89, real_fp=0x000000030c7914f0, pc=0x000000011500c998)
     nmethod  12410 1721             java.lang.reflect.Constructor::newInstance (87 bytes)

     Virtual frames (innermost first):
        0 - frame( sp=0x000000030c7914c0, unextended_sp=0x000000030c7914c0, fp=0x00000000f2b45b89, pc=0x000000011500c998)
sun.reflect.DelegatingConstructorAccessorImpl.newInstance(DelegatingConstructorAccessorImpl.java:45) - invokevirtual @ bci 5 
        1 - frame( sp=0x000000030c7914c0, unextended_sp=0x000000030c7914c0, fp=0x00000000f2b45b89, pc=0x000000011500c998)
java.lang.reflect.Constructor.newInstance(Constructor.java:423) - invokeinterface @ bci 79 
     Created vframeArray 0x00007fe28d87f020
DEOPT UNPACKING thread 0x00007fe28e009000 vframeArray 0x00007fe28d87f020 mode 2
     {method} {0x0000000111701ce8} &apos;newInstance&apos; &apos;([Ljava/lang/Object;)Ljava/lang/Object;&apos; in &apos;java/lang/reflect/Constructor&apos; - invokeinterface @ bci 79 sp = 0x000000030c791470
     {method} {0x000000011180e940} &apos;newInstance&apos; &apos;([Ljava/lang/Object;)Ljava/lang/Object;&apos; in &apos;sun/reflect/DelegatingConstructorAccessorImpl&apos; - invokevirtual @ bci 5 sp = 0x000000030c791410
<uncommon_trap thread='9987' reason='bimorphic' action='maybe_recompile' compile_id='1721' compiler='C2' count='3' state='#15' stamp='12.413'>
Uncommon trap occurred in java.lang.reflect.Constructor::newInstance (@0x000000011500c998) thread=9987 reason=bimorphic action=maybe_recompile unloaded_class_index=-1
<jvms bci='5' method='sun/reflect/DelegatingConstructorAccessorImpl newInstance ([Ljava/lang/Object;)Ljava/lang/Object;' bytes='9' count='5' backedge_count='1' iicount='14' decompiles='1' class_check_traps='5' bimorphic_traps='3'/>
<jvms bci='79' method='java/lang/reflect/Constructor newInstance ([Ljava/lang/Object;)Ljava/lang/Object;' bytes='87' count='6' backedge_count='1' iicount='20' decompiles='1' class_check_traps='1'/>
</uncommon_trap>
DEOPT PACKING thread 0x00007fe28e009000 Compiled frame (sp=0x000000030c7914c0 unextended sp=0x000000030c7914c0, fp=0x00000000f2b45b89, real_fp=0x000000030c7914f0, pc=0x000000011500c998)
     nmethod  12412 1721             java.lang.reflect.Constructor::newInstance (87 bytes)

     Virtual frames (innermost first):
        0 - frame( sp=0x000000030c7914c0, unextended_sp=0x000000030c7914c0, fp=0x00000000f2b45b89, pc=0x000000011500c998)
sun.reflect.DelegatingConstructorAccessorImpl.newInstance(DelegatingConstructorAccessorImpl.java:45) - invokevirtual @ bci 5 
        1 - frame( sp=0x000000030c7914c0, unextended_sp=0x000000030c7914c0, fp=0x00000000f2b45b89, pc=0x000000011500c998)
java.lang.reflect.Constructor.newInstance(Constructor.java:423) - invokeinterface @ bci 79 
     Created vframeArray 0x00007fe28d090c20
DEOPT UNPACKING thread 0x00007fe28e009000 vframeArray 0x00007fe28d090c20 mode 2
     {method} {0x0000000111701ce8} &apos;newInstance&apos; &apos;([Ljava/lang/Object;)Ljava/lang/Object;&apos; in &apos;java/lang/reflect/Constructor&apos; - invokeinterface @ bci 79 sp = 0x000000030c791470
     {method} {0x000000011180e940} &apos;newInstance&apos; &apos;([Ljava/lang/Object;)Ljava/lang/Object;&apos; in &apos;sun/reflect/DelegatingConstructorAccessorImpl&apos; - invokevirtual @ bci 5 sp = 0x000000030c791410
<uncommon_trap thread='9987' reason='bimorphic' action='maybe_recompile' compile_id='1725' compiler='C2' count='4' state='#15' recompiles2='1' stamp='12.413'>
Uncommon trap occurred in sun.reflect.DelegatingConstructorAccessorImpl::newInstance (@0x000000011500bcf8) thread=9987 reason=bimorphic action=maybe_recompile unloaded_class_index=-1
<jvms bci='5' method='sun/reflect/DelegatingConstructorAccessorImpl newInstance ([Ljava/lang/Object;)Ljava/lang/Object;' bytes='9' count='1' backedge_count='1' iicount='14' decompiles='1' class_check_traps='5' bimorphic_traps='4' overflow_recompiles='1'/>
</uncommon_trap>
DEOPT PACKING thread 0x00007fe28e009000 Compiled frame (sp=0x000000030c791430 unextended sp=0x000000030c791430, fp=0x00000000f2b45b89, real_fp=0x000000030c791460, pc=0x000000011500bcf8)
     nmethod  12413 1725             sun.reflect.DelegatingConstructorAccessorImpl::newInstance (9 bytes)

     Virtual frames (innermost first):
        0 - frame( sp=0x000000030c791430, unextended_sp=0x000000030c791430, fp=0x00000000f2b45b89, pc=0x000000011500bcf8)
sun.reflect.DelegatingConstructorAccessorImpl.newInstance(DelegatingConstructorAccessorImpl.java:45) - invokevirtual @ bci 5 
     Created vframeArray 0x00007fe28d077a20
DEOPT UNPACKING thread 0x00007fe28e009000 vframeArray 0x00007fe28d077a20 mode 2
     {method} {0x000000011180e940} &apos;newInstance&apos; &apos;([Ljava/lang/Object;)Ljava/lang/Object;&apos; in &apos;sun/reflect/DelegatingConstructorAccessorImpl&apos; - invokevirtual @ bci 5 sp = 0x000000030c791400
<uncommon_trap thread='9987' reason='predicate' action='maybe_recompile' compile_id='1735' compiler='C2' stamp='12.432'>
Uncommon trap occurred in org.springframework.core.ResolvableType::resolveVariable (@0x000000011501ec8c) thread=9987 reason=predicate action=maybe_recompile unloaded_class_index=-1
<jvms bci='65' method='org/springframework/core/ResolvableType resolveVariable (Ljava/lang/reflect/TypeVariable;)Lorg/springframework/core/ResolvableType;' bytes='186' count='5' backedge_count='2' iicount='9'/>
</uncommon_trap>
DEOPT PACKING thread 0x00007fe28e009000 Compiled frame (sp=0x000000030c7913b0 unextended sp=0x000000030c7913b0, fp=0x0000000795a3a100, real_fp=0x000000030c791410, pc=0x000000011501ec8c)
     nmethod  12432 1735             org.springframework.core.ResolvableType::resolveVariable (186 bytes)

     Virtual frames (innermost first):
        0 - frame( sp=0x000000030c7913b0, unextended_sp=0x000000030c7913b0, fp=0x0000000795a3a100, pc=0x000000011501ec8c)
org.springframework.core.ResolvableType.resolveVariable(ResolvableType.java:898) - aload @ bci 65 
     Created vframeArray 0x00007fe28e091a20
DEOPT UNPACKING thread 0x00007fe28e009000 vframeArray 0x00007fe28e091a20 mode 2
     {method} {0x0000000111b9d4e0} &apos;resolveVariable&apos; &apos;(Ljava/lang/reflect/TypeVariable;)Lorg/springframework/core/ResolvableType;&apos; in &apos;org/springframework/core/ResolvableType&apos; - aload @ bci 65 sp = 0x000000030c791388
<uncommon_trap thread='9987' reason='class_check' action='maybe_recompile' compile_id='1728' compiler='C2' count='4' stamp='12.454'>
Uncommon trap occurred in org.springframework.core.ResolvableType::getGenerics (@0x0000000115015024) thread=9987 reason=class_check action=maybe_recompile unloaded_class_index=-1
<jvms bci='91' method='org/springframework/core/ResolvableType getGenerics ()[Lorg/springframework/core/ResolvableType;' bytes='148' count='5' backedge_count='2' iicount='11' decompiles='1' class_check_traps='4'/>
</uncommon_trap>
DEOPT PACKING thread 0x00007fe28e009000 Compiled frame (sp=0x000000030c791690 unextended sp=0x000000030c791690, fp=0x0000000795a44020, real_fp=0x000000030c7916f0, pc=0x0000000115015024)
     nmethod  12453 1728             org.springframework.core.ResolvableType::getGenerics (148 bytes)

     Virtual frames (innermost first):
        0 - frame( sp=0x000000030c791690, unextended_sp=0x000000030c791690, fp=0x0000000795a44020, pc=0x0000000115015024)
org.springframework.core.ResolvableType.getGenerics(ResolvableType.java:735) - invokeinterface @ bci 91 
     Created vframeArray 0x00007fe28d87f020
DEOPT UNPACKING thread 0x00007fe28e009000 vframeArray 0x00007fe28d87f020 mode 2
     {method} {0x0000000111b9c9e8} &apos;getGenerics&apos; &apos;()[Lorg/springframework/core/ResolvableType;&apos; in &apos;org/springframework/core/ResolvableType&apos; - invokeinterface @ bci 91 sp = 0x000000030c791678
<uncommon_trap thread='9987' reason='class_check' action='maybe_recompile' compile_id='1728' compiler='C2' count='5' state='class_check' stamp='12.474'>
Uncommon trap occurred in org.springframework.core.ResolvableType::getGenerics (@0x0000000115015024) thread=9987 reason=class_check action=maybe_recompile unloaded_class_index=-1
<jvms bci='91' method='org/springframework/core/ResolvableType getGenerics ()[Lorg/springframework/core/ResolvableType;' bytes='148' count='5' backedge_count='4' iicount='11' decompiles='1' class_check_traps='5'/>
</uncommon_trap>
DEOPT PACKING thread 0x00007fe28e009000 Compiled frame (sp=0x000000030c7915d0 unextended sp=0x000000030c7915d0, fp=0x0000000795a50370, real_fp=0x000000030c791630, pc=0x0000000115015024)
     nmethod  12474 1728             org.springframework.core.ResolvableType::getGenerics (148 bytes)

     Virtual frames (innermost first):
        0 - frame( sp=0x000000030c7915d0, unextended_sp=0x000000030c7915d0, fp=0x0000000795a50370, pc=0x0000000115015024)
org.springframework.core.ResolvableType.getGenerics(ResolvableType.java:735) - invokeinterface @ bci 91 
     Created vframeArray 0x00007fe28d87f820
DEOPT UNPACKING thread 0x00007fe28e009000 vframeArray 0x00007fe28d87f820 mode 2
     {method} {0x0000000111b9c9e8} &apos;getGenerics&apos; &apos;()[Lorg/springframework/core/ResolvableType;&apos; in &apos;org/springframework/core/ResolvableType&apos; - invokeinterface @ bci 91 sp = 0x000000030c7915b8
<uncommon_trap thread='9987' reason='class_check' action='maybe_recompile' compile_id='1757' compiler='C2' stamp='12.496'>
Uncommon trap occurred in sun.reflect.generics.reflectiveObjects.ParameterizedTypeImpl::equals (@0x00000001150245ec) thread=9987 reason=class_check action=maybe_recompile unloaded_class_index=-1
<jvms bci='20' method='sun/reflect/generics/reflectiveObjects/ParameterizedTypeImpl equals (Ljava/lang/Object;)Z' bytes='81' count='5' backedge_count='1' iicount='10'/>
</uncommon_trap>
DEOPT PACKING thread 0x00007fe28e009000 Compiled frame (sp=0x000000030c791450 unextended sp=0x000000030c791450, fp=0x00000007959a2ea0, real_fp=0x000000030c791480, pc=0x00000001150245ec)
     nmethod  12496 1757             sun.reflect.generics.reflectiveObjects.ParameterizedTypeImpl::equals (81 bytes)

     Virtual frames (innermost first):
        0 - frame( sp=0x000000030c791450, unextended_sp=0x000000030c791450, fp=0x00000007959a2ea0, pc=0x00000001150245ec)
sun.reflect.generics.reflectiveObjects.ParameterizedTypeImpl.equals(ParameterizedTypeImpl.java:167) - invokeinterface @ bci 20 
     Created vframeArray 0x00007fe28c087a20
DEOPT UNPACKING thread 0x00007fe28e009000 vframeArray 0x00007fe28c087a20 mode 2
     {method} {0x0000000111bb3e58} &apos;equals&apos; &apos;(Ljava/lang/Object;)Z&apos; in &apos;sun/reflect/generics/reflectiveObjects/ParameterizedTypeImpl&apos; - invokeinterface @ bci 20 sp = 0x000000030c791400
<uncommon_trap thread='9987' reason='class_check' action='maybe_recompile' compile_id='1759' compiler='C2' stamp='12.497'>
Uncommon trap occurred in sun.reflect.generics.reflectiveObjects.TypeVariableImpl::equals (@0x0000000115021578) thread=9987 reason=class_check action=maybe_recompile unloaded_class_index=-1
<jvms bci='1' method='sun/reflect/generics/reflectiveObjects/TypeVariableImpl equals (Ljava/lang/Object;)Z' bytes='67' count='5' backedge_count='1' iicount='10'/>
</uncommon_trap>
DEOPT PACKING thread 0x00007fe28e009000 Compiled frame (sp=0x000000030c791380 unextended sp=0x000000030c791380, fp=0x00000007959a27f8, real_fp=0x000000030c7913b0, pc=0x0000000115021578)
     nmethod  12496 1759             sun.reflect.generics.reflectiveObjects.TypeVariableImpl::equals (67 bytes)

     Virtual frames (innermost first):
        0 - frame( sp=0x000000030c791380, unextended_sp=0x000000030c791380, fp=0x00000007959a27f8, pc=0x0000000115021578)
sun.reflect.generics.reflectiveObjects.TypeVariableImpl.equals(TypeVariableImpl.java:185) - instanceof @ bci 1 
     Created vframeArray 0x00007fe28d076e20
DEOPT UNPACKING thread 0x00007fe28e009000 vframeArray 0x00007fe28d076e20 mode 2
     {method} {0x0000000111bb8360} &apos;equals&apos; &apos;(Ljava/lang/Object;)Z&apos; in &apos;sun/reflect/generics/reflectiveObjects/TypeVariableImpl&apos; - instanceof @ bci 1 sp = 0x000000030c791330
<uncommon_trap thread='9987' reason='class_check' action='maybe_recompile' compile_id='1757' compiler='C2' count='1' state='class_check' stamp='12.497'>
Uncommon trap occurred in sun.reflect.generics.reflectiveObjects.ParameterizedTypeImpl::equals (@0x00000001150245ec) thread=9987 reason=class_check action=maybe_recompile unloaded_class_index=-1
<jvms bci='20' method='sun/reflect/generics/reflectiveObjects/ParameterizedTypeImpl equals (Ljava/lang/Object;)Z' bytes='81' count='5' backedge_count='1' iicount='10' class_check_traps='1'/>
</uncommon_trap>
DEOPT PACKING thread 0x00007fe28e009000 Compiled frame (sp=0x000000030c7913f0 unextended sp=0x000000030c7913f0, fp=0x00000007959a2ea0, real_fp=0x000000030c791420, pc=0x00000001150245ec)
     nmethod  12497 1757             sun.reflect.generics.reflectiveObjects.ParameterizedTypeImpl::equals (81 bytes)

     Virtual frames (innermost first):
        0 - frame( sp=0x000000030c7913f0, unextended_sp=0x000000030c7913f0, fp=0x00000007959a2ea0, pc=0x00000001150245ec)
sun.reflect.generics.reflectiveObjects.ParameterizedTypeImpl.equals(ParameterizedTypeImpl.java:167) - invokeinterface @ bci 20 
     Created vframeArray 0x00007fe28e091a20
DEOPT UNPACKING thread 0x00007fe28e009000 vframeArray 0x00007fe28e091a20 mode 2
     {method} {0x0000000111bb3e58} &apos;equals&apos; &apos;(Ljava/lang/Object;)Z&apos; in &apos;sun/reflect/generics/reflectiveObjects/ParameterizedTypeImpl&apos; - invokeinterface @ bci 20 sp = 0x000000030c7913a0
<uncommon_trap thread='9987' reason='class_check' action='maybe_recompile' compile_id='1759' compiler='C2' count='1' state='class_check' stamp='12.497'>
Uncommon trap occurred in sun.reflect.generics.reflectiveObjects.TypeVariableImpl::equals (@0x0000000115021578) thread=9987 reason=class_check action=maybe_recompile unloaded_class_index=-1
<jvms bci='1' method='sun/reflect/generics/reflectiveObjects/TypeVariableImpl equals (Ljava/lang/Object;)Z' bytes='67' count='5' backedge_count='1' iicount='10' class_check_traps='1'/>
</uncommon_trap>
DEOPT PACKING thread 0x00007fe28e009000 Compiled frame (sp=0x000000030c791320 unextended sp=0x000000030c791320, fp=0x00000007959a27f8, real_fp=0x000000030c791350, pc=0x0000000115021578)
     nmethod  12497 1759             sun.reflect.generics.reflectiveObjects.TypeVariableImpl::equals (67 bytes)

     Virtual frames (innermost first):
        0 - frame( sp=0x000000030c791320, unextended_sp=0x000000030c791320, fp=0x00000007959a27f8, pc=0x0000000115021578)
sun.reflect.generics.reflectiveObjects.TypeVariableImpl.equals(TypeVariableImpl.java:185) - instanceof @ bci 1 
     Created vframeArray 0x00007fe28d87f820
DEOPT UNPACKING thread 0x00007fe28e009000 vframeArray 0x00007fe28d87f820 mode 2
     {method} {0x0000000111bb8360} &apos;equals&apos; &apos;(Ljava/lang/Object;)Z&apos; in &apos;sun/reflect/generics/reflectiveObjects/TypeVariableImpl&apos; - instanceof @ bci 1 sp = 0x000000030c7912d0
<uncommon_trap thread='9987' reason='class_check' action='maybe_recompile' compile_id='1759' compiler='C2' count='2' state='class_check' stamp='12.499'>
Uncommon trap occurred in sun.reflect.generics.reflectiveObjects.TypeVariableImpl::equals (@0x0000000115021578) thread=9987 reason=class_check action=maybe_recompile unloaded_class_index=-1
<jvms bci='1' method='sun/reflect/generics/reflectiveObjects/TypeVariableImpl equals (Ljava/lang/Object;)Z' bytes='67' count='5' backedge_count='1' iicount='10' class_check_traps='2'/>
</uncommon_trap>
DEOPT PACKING thread 0x00007fe28e009000 Compiled frame (sp=0x000000030c791450 unextended sp=0x000000030c791450, fp=0x00000007959a27f8, real_fp=0x000000030c791480, pc=0x0000000115021578)
     nmethod  12498 1759             sun.reflect.generics.reflectiveObjects.TypeVariableImpl::equals (67 bytes)

     Virtual frames (innermost first):
        0 - frame( sp=0x000000030c791450, unextended_sp=0x000000030c791450, fp=0x00000007959a27f8, pc=0x0000000115021578)
sun.reflect.generics.reflectiveObjects.TypeVariableImpl.equals(TypeVariableImpl.java:185) - instanceof @ bci 1 
     Created vframeArray 0x00007fe28e091a20
DEOPT UNPACKING thread 0x00007fe28e009000 vframeArray 0x00007fe28e091a20 mode 2
     {method} {0x0000000111bb8360} &apos;equals&apos; &apos;(Ljava/lang/Object;)Z&apos; in &apos;sun/reflect/generics/reflectiveObjects/TypeVariableImpl&apos; - instanceof @ bci 1 sp = 0x000000030c791400
<uncommon_trap thread='9987' reason='class_check' action='maybe_recompile' compile_id='1759' compiler='C2' count='3' state='class_check' stamp='12.499'>
Uncommon trap occurred in sun.reflect.generics.reflectiveObjects.TypeVariableImpl::equals (@0x0000000115021578) thread=9987 reason=class_check action=maybe_recompile unloaded_class_index=-1
<jvms bci='1' method='sun/reflect/generics/reflectiveObjects/TypeVariableImpl equals (Ljava/lang/Object;)Z' bytes='67' count='5' backedge_count='1' iicount='10' class_check_traps='3'/>
</uncommon_trap>
DEOPT PACKING thread 0x00007fe28e009000 Compiled frame (sp=0x000000030c7913f0 unextended sp=0x000000030c7913f0, fp=0x00000007959a27f8, real_fp=0x000000030c791420, pc=0x0000000115021578)
     nmethod  12498 1759             sun.reflect.generics.reflectiveObjects.TypeVariableImpl::equals (67 bytes)

     Virtual frames (innermost first):
        0 - frame( sp=0x000000030c7913f0, unextended_sp=0x000000030c7913f0, fp=0x00000007959a27f8, pc=0x0000000115021578)
sun.reflect.generics.reflectiveObjects.TypeVariableImpl.equals(TypeVariableImpl.java:185) - instanceof @ bci 1 
     Created vframeArray 0x00007fe28d076e20
DEOPT UNPACKING thread 0x00007fe28e009000 vframeArray 0x00007fe28d076e20 mode 2
     {method} {0x0000000111bb8360} &apos;equals&apos; &apos;(Ljava/lang/Object;)Z&apos; in &apos;sun/reflect/generics/reflectiveObjects/TypeVariableImpl&apos; - instanceof @ bci 1 sp = 0x000000030c7913a0
<uncommon_trap thread='9987' reason='bimorphic' action='maybe_recompile' compile_id='1742' compiler='C2' count='6' state='class_check recompiled' stamp='12.500'>
Uncommon trap occurred in org.springframework.core.SerializableTypeWrapper$TypeProxyInvocationHandler::invoke (@0x0000000115027894) thread=9987 reason=bimorphic action=maybe_recompile unloaded_class_index=-1
<jvms bci='236' method='org/springframework/core/SerializableTypeWrapper$TypeProxyInvocationHandler invoke (Ljava/lang/Object;Ljava/lang/reflect/Method;[Ljava/lang/Object;)Ljava/lang/Object;' bytes='324' count='5' backedge_count='2' iicount='30' decompiles='4' class_check_traps='4' bimorphic_traps='6' unloaded_traps='1'/>
</uncommon_trap>
DEOPT PACKING thread 0x00007fe28e009000 Compiled frame (sp=0x000000030c7914d0 unextended sp=0x000000030c7914d0, fp=0x0000000795a4c020, real_fp=0x000000030c791570, pc=0x0000000115027894)
     nmethod  12499 1742             org.springframework.core.SerializableTypeWrapper$TypeProxyInvocationHandler::invoke (324 bytes)

     Virtual frames (innermost first):
        0 - frame( sp=0x000000030c7914d0, unextended_sp=0x000000030c7914d0, fp=0x0000000795a4c020, pc=0x0000000115027894)
org.springframework.core.SerializableTypeWrapper$TypeProxyInvocationHandler.invoke(SerializableTypeWrapper.java:206) - invokeinterface @ bci 236 
     Created vframeArray 0x00007fe28e091a20
DEOPT UNPACKING thread 0x00007fe28e009000 vframeArray 0x00007fe28e091a20 mode 2
     {method} {0x0000000111bd0460} &apos;invoke&apos; &apos;(Ljava/lang/Object;Ljava/lang/reflect/Method;[Ljava/lang/Object;)Ljava/lang/Object;&apos; in &apos;org/springframework/core/SerializableTypeWrapper$TypeProxyInvocationHandler&apos; - invokeinterface @ bci 236 sp = 0x000000030c7914d8
<uncommon_trap thread='9987' reason='predicate' action='maybe_recompile' compile_id='1605' compiler='C2' stamp='12.632'>
Uncommon trap occurred in org.springframework.util.ConcurrentReferenceHashMap$Segment::restructure (@0x0000000114fdf924) thread=9987 reason=predicate action=maybe_recompile unloaded_class_index=-1
<jvms bci='177' method='org/springframework/util/ConcurrentReferenceHashMap$Segment restructure (ZLorg/springframework/util/ConcurrentReferenceHashMap$Reference;)V' bytes='316' count='3' backedge_count='16' iicount='3'/>
</uncommon_trap>
DEOPT PACKING thread 0x00007fe28e009000 Compiled frame (sp=0x000000030c791460 unextended sp=0x000000030c791460, fp=0x00000000f2b4ce7c, real_fp=0x000000030c7914e0, pc=0x0000000114fdf924)
     nmethod  12631 1605   !         org.springframework.util.ConcurrentReferenceHashMap$Segment::restructure (316 bytes)

     Virtual frames (innermost first):
        0 - frame( sp=0x000000030c791460, unextended_sp=0x000000030c791460, fp=0x00000000f2b4ce7c, pc=0x0000000114fdf924)
org.springframework.util.ConcurrentReferenceHashMap$Segment.restructure(ConcurrentReferenceHashMap.java:616) - aload @ bci 177 
     Created vframeArray 0x00007fe28c087a20
DEOPT UNPACKING thread 0x00007fe28e009000 vframeArray 0x00007fe28c087a20 mode 2
     {method} {0x0000000111ac9d00} &apos;restructure&apos; &apos;(ZLorg/springframework/util/ConcurrentReferenceHashMap$Reference;)V&apos; in &apos;org/springframework/util/ConcurrentReferenceHashMap$Segment&apos; - aload @ bci 177 sp = 0x000000030c791428
<uncommon_trap thread='9987' reason='bimorphic' action='maybe_recompile' compile_id='1742' compiler='C2' count='7' state='#15' stamp='12.674'>
Uncommon trap occurred in org.springframework.core.SerializableTypeWrapper$TypeProxyInvocationHandler::invoke (@0x0000000115027894) thread=9987 reason=bimorphic action=maybe_recompile unloaded_class_index=-1
<jvms bci='236' method='org/springframework/core/SerializableTypeWrapper$TypeProxyInvocationHandler invoke (Ljava/lang/Object;Ljava/lang/reflect/Method;[Ljava/lang/Object;)Ljava/lang/Object;' bytes='324' count='5' backedge_count='3' iicount='30' decompiles='4' class_check_traps='4' bimorphic_traps='7' unloaded_traps='1'/>
</uncommon_trap>
DEOPT PACKING thread 0x00007fe28e009000 Compiled frame (sp=0x000000030c7914d0 unextended sp=0x000000030c7914d0, fp=0x0000000795a70e10, real_fp=0x000000030c791570, pc=0x0000000115027894)
     nmethod  12673 1742             org.springframework.core.SerializableTypeWrapper$TypeProxyInvocationHandler::invoke (324 bytes)

     Virtual frames (innermost first):
        0 - frame( sp=0x000000030c7914d0, unextended_sp=0x000000030c7914d0, fp=0x0000000795a70e10, pc=0x0000000115027894)
org.springframework.core.SerializableTypeWrapper$TypeProxyInvocationHandler.invoke(SerializableTypeWrapper.java:206) - invokeinterface @ bci 236 
     Created vframeArray 0x00007fe28c08b420
DEOPT UNPACKING thread 0x00007fe28e009000 vframeArray 0x00007fe28c08b420 mode 2
     {method} {0x0000000111bd0460} &apos;invoke&apos; &apos;(Ljava/lang/Object;Ljava/lang/reflect/Method;[Ljava/lang/Object;)Ljava/lang/Object;&apos; in &apos;org/springframework/core/SerializableTypeWrapper$TypeProxyInvocationHandler&apos; - invokeinterface @ bci 236 sp = 0x000000030c7914d8
<uncommon_trap thread='9987' reason='class_check' action='maybe_recompile' compile_id='1757' compiler='C2' count='2' state='class_check' stamp='12.717'>
Uncommon trap occurred in sun.reflect.generics.reflectiveObjects.ParameterizedTypeImpl::equals (@0x00000001150245ec) thread=9987 reason=class_check action=maybe_recompile unloaded_class_index=-1
<jvms bci='20' method='sun/reflect/generics/reflectiveObjects/ParameterizedTypeImpl equals (Ljava/lang/Object;)Z' bytes='81' count='5' backedge_count='1' iicount='10' class_check_traps='2'/>
</uncommon_trap>
DEOPT PACKING thread 0x00007fe28e009000 Compiled frame (sp=0x000000030c791450 unextended sp=0x000000030c791450, fp=0x00000007959a2ea0, real_fp=0x000000030c791480, pc=0x00000001150245ec)
     nmethod  12717 1757             sun.reflect.generics.reflectiveObjects.ParameterizedTypeImpl::equals (81 bytes)

     Virtual frames (innermost first):
        0 - frame( sp=0x000000030c791450, unextended_sp=0x000000030c791450, fp=0x00000007959a2ea0, pc=0x00000001150245ec)
sun.reflect.generics.reflectiveObjects.ParameterizedTypeImpl.equals(ParameterizedTypeImpl.java:167) - invokeinterface @ bci 20 
     Created vframeArray 0x00007fe28c087a20
DEOPT UNPACKING thread 0x00007fe28e009000 vframeArray 0x00007fe28c087a20 mode 2
     {method} {0x0000000111bb3e58} &apos;equals&apos; &apos;(Ljava/lang/Object;)Z&apos; in &apos;sun/reflect/generics/reflectiveObjects/ParameterizedTypeImpl&apos; - invokeinterface @ bci 20 sp = 0x000000030c791400
<uncommon_trap thread='9987' reason='class_check' action='maybe_recompile' compile_id='1757' compiler='C2' count='3' state='class_check' stamp='12.719'>
Uncommon trap occurred in sun.reflect.generics.reflectiveObjects.ParameterizedTypeImpl::equals (@0x00000001150245ec) thread=9987 reason=class_check action=maybe_recompile unloaded_class_index=-1
<jvms bci='20' method='sun/reflect/generics/reflectiveObjects/ParameterizedTypeImpl equals (Ljava/lang/Object;)Z' bytes='81' count='5' backedge_count='1' iicount='10' class_check_traps='3'/>
</uncommon_trap>
DEOPT PACKING thread 0x00007fe28e009000 Compiled frame (sp=0x000000030c7913f0 unextended sp=0x000000030c7913f0, fp=0x00000007959a2ea0, real_fp=0x000000030c791420, pc=0x00000001150245ec)
     nmethod  12718 1757             sun.reflect.generics.reflectiveObjects.ParameterizedTypeImpl::equals (81 bytes)

     Virtual frames (innermost first):
        0 - frame( sp=0x000000030c7913f0, unextended_sp=0x000000030c7913f0, fp=0x00000007959a2ea0, pc=0x00000001150245ec)
sun.reflect.generics.reflectiveObjects.ParameterizedTypeImpl.equals(ParameterizedTypeImpl.java:167) - invokeinterface @ bci 20 
     Created vframeArray 0x00007fe28e065220
DEOPT UNPACKING thread 0x00007fe28e009000 vframeArray 0x00007fe28e065220 mode 2
     {method} {0x0000000111bb3e58} &apos;equals&apos; &apos;(Ljava/lang/Object;)Z&apos; in &apos;sun/reflect/generics/reflectiveObjects/ParameterizedTypeImpl&apos; - invokeinterface @ bci 20 sp = 0x000000030c7913a0
<uncommon_trap thread='9987' reason='class_check' action='maybe_recompile' compile_id='1807' compiler='C2' stamp='13.279'>
Uncommon trap occurred in org.springframework.util.ConcurrentReferenceHashMap$Segment::restructure (@0x0000000115036854) thread=9987 reason=class_check action=maybe_recompile unloaded_class_index=-1
<jvms bci='59' method='org/springframework/util/ConcurrentReferenceHashMap$Segment restructure (ZLorg/springframework/util/ConcurrentReferenceHashMap$Reference;)V' bytes='316' count='4' backedge_count='18' iicount='4' decompiles='1' predicate_traps='1'/>
</uncommon_trap>
DEOPT PACKING thread 0x00007fe28e009000 Compiled frame (sp=0x000000030c7914b0 unextended sp=0x000000030c7914b0, fp=0x00000007958e59e8, real_fp=0x000000030c791520, pc=0x0000000115036854)
     nmethod  13279 1807   !         org.springframework.util.ConcurrentReferenceHashMap$Segment::restructure (316 bytes)

     Virtual frames (innermost first):
        0 - frame( sp=0x000000030c7914b0, unextended_sp=0x000000030c7914b0, fp=0x00000007958e59e8, pc=0x0000000115036854)
org.springframework.util.ConcurrentReferenceHashMap$Segment.restructure(ConcurrentReferenceHashMap.java:593) - invokeinterface @ bci 59 
     Created vframeArray 0x00007fe28d85a620
DEOPT UNPACKING thread 0x00007fe28e009000 vframeArray 0x00007fe28d85a620 mode 2
     {method} {0x0000000111ac9d00} &apos;restructure&apos; &apos;(ZLorg/springframework/util/ConcurrentReferenceHashMap$Reference;)V&apos; in &apos;org/springframework/util/ConcurrentReferenceHashMap$Segment&apos; - invokeinterface @ bci 59 sp = 0x000000030c791458
<uncommon_trap thread='9987' reason='unstable_if' action='reinterpret' compile_id='1845' compile_kind='osr' compiler='C2' stamp='13.368'>
Uncommon trap occurred in repro.ResolvableTypeC2Repro::exerciseSpringCachePurgeOsr (@0x0000000115063a5c) thread=9987 reason=unstable_if action=reinterpret unloaded_class_index=-1
<jvms bci='42' method='repro/ResolvableTypeC2Repro exerciseSpringCachePurgeOsr (II)V' bytes='365' count='1' backedge_count='1026' iicount='1'/>
</uncommon_trap>
DEOPT PACKING thread 0x00007fe28e009000 Compiled frame (sp=0x000000030c791800 unextended sp=0x000000030c791800, fp=0x0000000000000000, real_fp=0x000000030c7918b0, pc=0x0000000115063a5c)
     nmethod  13368 1845 % !         repro.ResolvableTypeC2Repro::exerciseSpringCachePurgeOsr @ -2 (365 bytes)

     Virtual frames (innermost first):
        0 - frame( sp=0x000000030c791800, unextended_sp=0x000000030c791800, fp=0x0000000000000000, pc=0x0000000115063a5c)
repro.ResolvableTypeC2Repro.exerciseSpringCachePurgeOsr(ResolvableTypeC2Repro.java:468) - if_icmpge @ bci 42 
     Created vframeArray 0x00007fe28c066620
DEOPT UNPACKING thread 0x00007fe28e009000 vframeArray 0x00007fe28c066620 mode 2
     {method} {0x0000000111aaf998} &apos;exerciseSpringCachePurgeOsr&apos; &apos;(II)V&apos; in &apos;repro/ResolvableTypeC2Repro&apos; - if_icmpge @ bci 42 sp = 0x000000030c7917f8
C1 Runtime statistics:
 _resolve_invoke_virtual_cnt:     75
 _resolve_invoke_opt_virtual_cnt: 2275
 _resolve_invoke_static_cnt:      1150
 _handle_wrong_method_cnt:        103
 _ic_miss_cnt:                    49
 _generic_arraycopy_cnt:          0
 _generic_arraycopystub_cnt:      0
 _byte_arraycopy_cnt:             0
 _short_arraycopy_cnt:            0
 _int_arraycopy_cnt:              0
 _long_arraycopy_cnt:             0
 _primitive_arraycopy_cnt:        0
 _oop_arraycopy_cnt (C):          0
 _oop_arraycopy_cnt (stub):       0
 _arraycopy_slowcase_cnt:         0
 _arraycopy_checkcast_cnt:        0
 _arraycopy_checkcast_attempt_cnt:0
 _new_type_array_slowcase_cnt:    0
 _new_object_array_slowcase_cnt:  0
 _new_instance_slowcase_cnt:      0
 _new_multi_array_slowcase_cnt:   0
 _monitorenter_slowcase_cnt:      0
 _monitorexit_slowcase_cnt:       0
 _patch_code_slowcase_cnt:        0
 _throw_range_check_exception_count:            0:
 _throw_index_exception_count:                  0:
 _throw_div0_exception_count:                   0:
 _throw_null_pointer_exception_count:           0:
 _throw_class_cast_exception_count:             0:
 _throw_incompatible_class_change_error_count:  0:
 _throw_array_store_exception_count:            0:
 _throw_count:                                  0:

<statistics type='deoptimization'>
Deoptimization traps recorded:
   231 (100.0%) total
     null_check/make_not_entrant/checkcast: 2 (0.9%)
    null_check/make_not_entrant/instanceof: 1 (0.4%)
       null_check/make_not_entrant/aastore: 1 (0.4%)
  null_check/make_not_entrant/invokestatic: 1 (0.4%)
   null_assert/make_not_entrant/instanceof: 1 (0.4%)
     null_assert/make_not_entrant/astore_3: 1 (0.4%)
      null_assert/make_not_entrant/areturn: 1 (0.4%)
  class_check/maybe_recompile/invokevirtual: 52 (22.5%)
    class_check/maybe_recompile/instanceof: 21 (9.1%)
  class_check/maybe_recompile/invokeinterface: 22 (9.5%)
       array_check/maybe_recompile/aastore: 8 (3.5%)
   bimorphic/maybe_recompile/invokevirtual: 30 (13.0%)
  bimorphic/maybe_recompile/invokeinterface: 15 (6.5%)
                  unloaded/reinterpret/new: 6 (2.6%)
         unloaded/reinterpret/invokestatic: 2 (0.9%)
       uninitialized/reinterpret/getstatic: 39 (16.9%)
                       constraint/none/nop: 4 (1.7%)
           predicate/maybe_recompile/aload: 3 (1.3%)
         predicate/maybe_recompile/aload_0: 2 (0.9%)
    loop_limit_check/maybe_recompile/aload: 2 (0.9%)
    loop_limit_check/maybe_recompile/iload: 1 (0.4%)
  loop_limit_check/maybe_recompile/aload_0: 1 (0.4%)
  speculate_class_check/maybe_recompile/instanceof: 3 (1.3%)
  speculate_class_check/maybe_recompile/invokevirtual: 4 (1.7%)
         unstable_if/reinterpret/if_icmpeq: 1 (0.4%)
         unstable_if/reinterpret/if_icmpge: 2 (0.9%)
              unstable_if/reinterpret/iflt: 1 (0.4%)
               unstable_if/reinterpret/nop: 4 (1.7%)
</statistics>
<statistics type='SharedRuntime'>
    7 new instance requires GC
    8 new array requires GC
   49 inline cache miss in compiled
  103 wrong method
 1150 unresolved static call site
   75 unresolved virtual call site
 2275 unresolved opt virtual call site
46682 slow partial subtype
 1249 byte array copies
 7795 short array copies
  875 int array copies
25648 long array copies
  164 checkcast array copies
  138 find exception handler
  131 rethrow handler
AdapterHandlerTable: empty 154 longest 3 total 185 average 1.330935
AdapterHandlerTable: lookups 9176 buckets 9575 equals 8716 hits 8716 compact 8716
</statistics>
<statistics type='nmethod'>
Statistics for 128 native nmethods:
 N. total size  = 124240
 N. relocation  = 10496
 N. main code   = 73104
Statistics for 1727 bytecoded nmethods:
 total in heap  = 3828768
 relocation     = 202112
 constants      = 4192
 main code      = 1389280
 stub code      = 109864
 oops           = 4648
 scopes data    = 445200
 scopes pcs     = 877136
 dependencies   = 15024
 handler table  = 150200
 nul chk table  = 26840
Debug Data Chunks: 103553, shared 14639+30696, non-SP&apos;s elided 457
PcDesc Statistics:  7640 queries, 8.42 comparisons per query
  caches=1727 queries=7640/0, hits=0+1790, tests=27585+36761, adds=5850
</statistics>
<statistics type='opto'>
--- Compiler Statistics ---
Methods seen: 5923  Methods parsed: 5923  Nodes created: 1356252
Blocks parsed: 16768  Blocks seen: 18258
21912 original NULL checks - 16430 elided (74%); optimizer leaves 5962,
2490 made implicit (41%)
CCP: 1727  constants found: 11
Total frameslots = 11216, Max frameslots = 72
Inserted 0 spill loads, 0 spill stores, 0 mem-mem moves and 0 copies.
Total load cost=      0, store cost =      0, mem-mem cost =  0.00, copy cost =     0.
Adjusted spill cost =       0.
Conservatively coalesced 18096 copies, 0 pairs, 25070 post alloc.
Used cisc instruction  979,  remained in register 6592
Average allocation trips 1.725186
High Pressure Blocks = 0, Low Pressure Blocks = 0
Nops added 0 bytes to total of 1362326 bytes, for 0.00%
Peephole: peephole rules applied: 0
PhaseIdealLoop=5612, sum _unique=2890978
</statistics>
<statistics type='intrinsic'>
Compiler intrinsic usage:
    26 ( 4.3%) _hashCode (worked,virtual,nonvirtual)
    65 (10.8%) _getClass (worked)
    34 ( 5.7%) _clone (worked)
    34 ( 5.7%) _min (worked)
    15 ( 2.5%) _max (worked)
     1 ( 0.2%) _floatToRawIntBits (worked)
     1 ( 0.2%) _numberOfLeadingZeros_i (worked)
     4 ( 0.7%) _identityHashCode (worked)
     3 ( 0.5%) _currentTimeMillis (worked)
     7 ( 1.2%) _nanoTime (worked)
    51 ( 8.5%) _arraycopy (worked)
     3 ( 0.5%) _isInterrupted (worked)
    15 ( 2.5%) _currentThread (worked)
    20 ( 3.3%) _isAssignableFrom (worked)
     2 ( 0.3%) _isInstance (worked)
    11 ( 1.8%) _getModifiers (worked)
    27 ( 4.5%) _isInterface (worked)
    28 ( 4.7%) _isArray (worked)
    39 ( 6.5%) _isPrimitive (worked)
    13 ( 2.2%) _getSuperclass (worked)
    10 ( 1.7%) _getComponentType (worked)
     8 ( 1.3%) _getClassAccessFlags (worked)
    15 ( 2.5%) _getCallerClass (worked,failed)
     4 ( 0.7%) _newArray (worked)
     3 ( 0.5%) _copyOf (worked)
     5 ( 0.8%) _copyOfRange (worked)
    15 ( 2.5%) _indexOf (worked)
    70 (11.7%) _equals (worked)
     0 ( 0.0%) _checkIndex (disabled)
    26 ( 4.3%) _Reference_get (worked)
     2 ( 0.3%) _updateBytesCRC32 (worked)
    12 ( 2.0%) _getObjectVolatile (worked)
     2 ( 0.3%) _getIntVolatile (worked)
     4 ( 0.7%) _putObjectVolatile (worked)
     3 ( 0.5%) _getLong_raw (worked)
     2 ( 0.3%) _putLong_raw (worked)
     5 ( 0.8%) _compareAndSwapObject (worked)
     2 ( 0.3%) _compareAndSwapLong (worked)
    11 ( 1.8%) _compareAndSwapInt (worked)
     2 ( 0.3%) _getAndAddInt (worked)
   600 (100.0%) total (worked,failed,disabled,virtual,nonvirtual)
</statistics>
<writer thread='16643'/>
<destroy_vm stamp='13.413'/>
<tty_done stamp='13.435'/>
</tty>
<hotspot_log_done stamp='13.435'/>
</hotspot_log>
