<?xml version='1.0' encoding='UTF-8'?>
<hotspot_log version='160 1' process='62366' time_ms='1783303461040'>
<vm_version>
<name>
OpenJDK 64-Bit Server VM
</name>
<release>
25.512-b00-fastdebug
</release>
<info>
OpenJDK 64-Bit Server VM (25.512-b00-fastdebug) for bsd-amd64 JRE (1.8.0_512-internal-xiezhaokun_2026_07_04_16_29-b00), built on Jul  4 2026 18:13:54 by &quot;xiezhaokun&quot; with gcc Apple LLVM 16.0.0 (clang-1600.0.26.6)
</info>
</vm_version>
<vm_arguments>
<args>
-Xbatch -XX:CompileThreshold=10 -XX:BackEdgeThreshold=20 -XX:-TieredCompilation -XX:CICompilerCount=1 -XX:+UnlockDiagnosticVMOptions -XX:CompileCommand=quiet -XX:+StressGCM -XX:+StressLCM -XX:+StressReflectiveCode -XX:+TraceDeoptimization -Drepro.iterations=35000 -Drepro.seconds=0 -Drepro.clearCacheEvery=0 -Drepro.deoptAfter=6000 -Drepro.target=sharedCacheOsr 
</args>
<command>
repro.ResolvableTypeC2Repro
</command>
<launcher>
SUN_STANDARD
</launcher>
<properties>
java.vm.specification.name=Java Virtual Machine Specification
java.vm.version=25.512-b00-fastdebug
java.vm.name=OpenJDK 64-Bit Server VM
java.vm.info=mixed mode, sharing
java.ext.dirs=/Users/xiezhaokun/Library/Java/Extensions:/Users/xiezhaokun/workspace/jdk8u-dev/build/codex-fastdebug-x86_64/jdk/lib/ext:/Library/Java/Extensions:/Network/Library/Java/Extensions:/System/Library/Java/Extensions:/usr/lib/java
java.endorsed.dirs=/Users/xiezhaokun/workspace/jdk8u-dev/build/codex-fastdebug-x86_64/jdk/lib/endorsed
sun.boot.library.path=/Users/xiezhaokun/workspace/jdk8u-dev/build/codex-fastdebug-x86_64/jdk/lib
java.library.path=/Users/xiezhaokun/Library/Java/Extensions:/Library/Java/Extensions:/Network/Library/Java/Extensions:/System/Library/Java/Extensions:/usr/lib/java:.
java.home=/Users/xiezhaokun/workspace/jdk8u-dev/build/codex-fastdebug-x86_64/jdk
java.class.path=/Users/xiezhaokun/workspace/jdk8u-dev/repro/spring-resolvabletype-c2/target/classes:/Users/xiezhaokun/workspace/jdk8u-dev/repro/spring-resolvabletype-c2/target/dependency/spring-core-5.3.31.jar:/Users/xiezhaokun/workspace/jdk8u-dev/repro/spring-resolvabletype-c2/target/dependency/spring-jcl-5.3.31.jar
sun.boot.class.path=/Users/xiezhaokun/workspace/jdk8u-dev/build/codex-fastdebug-x86_64/jdk/lib/resources.jar:/Users/xiezhaokun/workspace/jdk8u-dev/build/codex-fastdebug-x86_64/jdk/lib/rt.jar:/Users/xiezhaokun/workspace/jdk8u-dev/build/codex-fastdebug-x86_64/jdk/lib/sunrsasign.jar:/Users/xiezhaokun/workspace/jdk8u-dev/build/codex-fastdebug-x86_64/jdk/lib/jsse.jar:/Users/xiezhaokun/workspace/jdk8u-dev/build/codex-fastdebug-x86_64/jdk/lib/jce.jar:/Users/xiezhaokun/workspace/jdk8u-dev/build/codex-fastdebug-x86_64/jdk/lib/charsets.jar:/Users/xiezhaokun/workspace/jdk8u-dev/build/codex-fastdebug-x86_64/jdk/lib/jfr.jar:/Users/xiezhaokun/workspace/jdk8u-dev/build/codex-fastdebug-x86_64/jdk/classes
java.vm.specification.vendor=Oracle Corporation
java.vm.specification.version=1.8
java.vm.vendor=Oracle Corporation
repro.iterations=35000
repro.seconds=0
repro.clearCacheEvery=0
repro.deoptAfter=6000
repro.target=sharedCacheOsr
sun.java.command=repro.ResolvableTypeC2Repro
sun.java.launcher=SUN_STANDARD
</properties>
</vm_arguments>
<tty>
<blob name='MethodHandlesAdapterBlob' size='182000'>
<sect index='1' size='182000' free='177710'/>
</blob>
<writer thread='9219'/>
<uncommon_trap thread='9219' reason='bimorphic' action='maybe_recompile' compile_id='51' compiler='C2' stamp='0.450'>
Uncommon trap occurred in java.util.concurrent.ConcurrentHashMap::putVal (@0x0000000112cbdfe4) thread=9219 reason=bimorphic action=maybe_recompile unloaded_class_index=-1
<jvms bci='17' method='java/util/concurrent/ConcurrentHashMap putVal (Ljava/lang/Object;Ljava/lang/Object;Z)Ljava/lang/Object;' bytes='362' count='5' backedge_count='6' iicount='39'/>
</uncommon_trap>
DEOPT PACKING thread 0x00007fce7c80f000 Compiled frame (sp=0x0000000308a7e4f0 unextended sp=0x0000000308a7e4f0, fp=0x00000007955c1f30, real_fp=0x0000000308a7e5c0, pc=0x0000000112cbdfe4)
     nmethod    450   51   !         java.util.concurrent.ConcurrentHashMap::putVal (362 bytes)

     Virtual frames (innermost first):
        0 - frame( sp=0x0000000308a7e4f0, unextended_sp=0x0000000308a7e4f0, fp=0x00000007955c1f30, pc=0x0000000112cbdfe4)
java.util.concurrent.ConcurrentHashMap.putVal(ConcurrentHashMap.java:1012) - invokevirtual @ bci 17 
     Created vframeArray 0x00007fce7d01ea20
DEOPT UNPACKING thread 0x00007fce7c80f000 vframeArray 0x00007fce7d01ea20 mode 2
     {method} {0x0000000119d2b7d8} &apos;putVal&apos; &apos;(Ljava/lang/Object;Ljava/lang/Object;Z)Ljava/lang/Object;&apos; in &apos;java/util/concurrent/ConcurrentHashMap&apos; - invokevirtual @ bci 17 sp = 0x0000000308a7e500
<uncommon_trap thread='9219' reason='uninitialized' action='reinterpret' compile_id='68' compiler='C2' stamp='0.715'>
Uncommon trap occurred in java.io.ObjectStreamField::&lt;init&gt; (@0x0000000112ccf038) thread=9219 reason=uninitialized action=reinterpret unloaded_class_index=-1
<jvms bci='123' method='java/io/ObjectStreamField getClassSignature (Ljava/lang/Class;)Ljava/lang/String;' bytes='242' count='5' backedge_count='3' iicount='18'/>
<jvms bci='38' method='java/io/ObjectStreamField &lt;init&gt; (Ljava/lang/String;Ljava/lang/Class;Z)V' bytes='53' count='5' backedge_count='1' iicount='18'/>
<jvms bci='4' method='java/io/ObjectStreamField &lt;init&gt; (Ljava/lang/String;Ljava/lang/Class;)V' bytes='8' count='5' backedge_count='1' iicount='18'/>
</uncommon_trap>
DEOPT PACKING thread 0x00007fce7c80f000 Compiled frame (sp=0x0000000308a7c120 unextended sp=0x0000000308a7c120, fp=0x0000000010200031, real_fp=0x0000000308a7c200, pc=0x0000000112ccf038)
     nmethod    715   68             java.io.ObjectStreamField::&lt;init&gt; (8 bytes)

     Virtual frames (innermost first):
        0 - frame( sp=0x0000000308a7c120, unextended_sp=0x0000000308a7c120, fp=0x0000000010200031, pc=0x0000000112ccf038)
java.io.ObjectStreamField.getClassSignature(ObjectStreamField.java:310) - getstatic @ bci 123 
        1 - frame( sp=0x0000000308a7c120, unextended_sp=0x0000000308a7c120, fp=0x0000000010200031, pc=0x0000000112ccf038)
java.io.ObjectStreamField.&lt;init&gt;(ObjectStreamField.java:94) - invokestatic @ bci 38 
        2 - frame( sp=0x0000000308a7c120, unextended_sp=0x0000000308a7c120, fp=0x0000000010200031, pc=0x0000000112ccf038)
java.io.ObjectStreamField.&lt;init&gt;(ObjectStreamField.java:67) - invokespecial @ bci 4 
     Created vframeArray 0x00007fce7d03ac20
DEOPT UNPACKING thread 0x00007fce7c80f000 vframeArray 0x00007fce7d03ac20 mode 2
     {method} {0x0000000119be7f58} &apos;&lt;init&gt;&apos; &apos;(Ljava/lang/String;Ljava/lang/Class;)V&apos; in &apos;java/io/ObjectStreamField&apos; - invokespecial @ bci 4 sp = 0x0000000308a7c190
     {method} {0x0000000119be8070} &apos;&lt;init&gt;&apos; &apos;(Ljava/lang/String;Ljava/lang/Class;Z)V&apos; in &apos;java/io/ObjectStreamField&apos; - invokestatic @ bci 38 sp = 0x0000000308a7c128
     {method} {0x0000000119be8eb8} &apos;getClassSignature&apos; &apos;(Ljava/lang/Class;)Ljava/lang/String;&apos; in &apos;java/io/ObjectStreamField&apos; - getstatic @ bci 123 sp = 0x0000000308a7c0d0
<uncommon_trap thread='9219' reason='unstable_if' action='reinterpret' compile_id='13' compiler='C2' stamp='0.849'>
Uncommon trap occurred in java.lang.String::equals (@0x0000000112c7fb98) thread=9219 reason=unstable_if action=reinterpret unloaded_class_index=-1
<jvms bci='66' method='java/lang/String equals (Ljava/lang/Object;)Z' bytes='81' count='5' backedge_count='5' iicount='251'/>
</uncommon_trap>
DEOPT PACKING thread 0x00007fce7c80f000 Compiled frame (sp=0x0000000308a7aea0 unextended sp=0x0000000308a7aea0, fp=0x0000000000000000, real_fp=0x0000000308a7aee0, pc=0x0000000112c7fb98)
     nmethod    849   13             java.lang.String::equals (81 bytes)

     Virtual frames (innermost first):
        0 - frame( sp=0x0000000308a7aea0, unextended_sp=0x0000000308a7aea0, fp=0x0000000000000000, pc=0x0000000112c7fb98)
java.lang.String.equals(String.java:988) - if_icmpeq @ bci 66 
     Created vframeArray 0x00007fce7c032620
DEOPT UNPACKING thread 0x00007fce7c80f000 vframeArray 0x00007fce7c032620 mode 2
     {method} {0x0000000119b1a488} &apos;equals&apos; &apos;(Ljava/lang/Object;)Z&apos; in &apos;java/lang/String&apos; - if_icmpeq @ bci 66 sp = 0x0000000308a7ae58
<dependency_failed type='abstract_with_unique_concrete_subtype' ctxk='java/nio/ByteBuffer' x='java/nio/HeapByteBuffer' witness='java/nio/DirectByteBuffer' stamp='0.903'/>
<uncommon_trap thread='9219' reason='bimorphic' action='maybe_recompile' compile_id='82' compiler='C2' stamp='1.107'>
Uncommon trap occurred in java.util.HashMap::hash (@0x0000000112cc45c0) thread=9219 reason=bimorphic action=maybe_recompile unloaded_class_index=-1
<jvms bci='9' method='java/util/HashMap hash (Ljava/lang/Object;)I' bytes='20' count='5' backedge_count='1' iicount='46'/>
</uncommon_trap>
DEOPT PACKING thread 0x00007fce7c80f000 Compiled frame (sp=0x0000000308a7c9a0 unextended sp=0x0000000308a7c9a0, fp=0x00000007955d7330, real_fp=0x0000000308a7c9d0, pc=0x0000000112cc45c0)
     nmethod   1106   82             java.util.HashMap::hash (20 bytes)

     Virtual frames (innermost first):
        0 - frame( sp=0x0000000308a7c9a0, unextended_sp=0x0000000308a7c9a0, fp=0x00000007955d7330, pc=0x0000000112cc45c0)
java.util.HashMap.hash(HashMap.java:340) - invokevirtual @ bci 9 
     Created vframeArray 0x00007fce7d03b620
DEOPT UNPACKING thread 0x00007fce7c80f000 vframeArray 0x00007fce7d03b620 mode 2
     {method} {0x0000000119c2c9b0} &apos;hash&apos; &apos;(Ljava/lang/Object;)I&apos; in &apos;java/util/HashMap&apos; - invokevirtual @ bci 9 sp = 0x0000000308a7c970
<uncommon_trap thread='9219' reason='unstable_if' action='reinterpret' compile_id='49' compiler='C2' stamp='1.400'>
Uncommon trap occurred in java.lang.String::replace (@0x0000000112cbbb7c) thread=9219 reason=unstable_if action=reinterpret unloaded_class_index=-1
<jvms bci='26' method='java/lang/String replace (CC)Ljava/lang/String;' bytes='127' count='5' backedge_count='32' iicount='12'/>
</uncommon_trap>
DEOPT PACKING thread 0x00007fce7c80f000 Compiled frame (sp=0x0000000308a7d640 unextended sp=0x0000000308a7d640, fp=0x000000000000002e, real_fp=0x0000000308a7d6b0, pc=0x0000000112cbbb7c)
     nmethod   1399   49             java.lang.String::replace (127 bytes)

     Virtual frames (innermost first):
        0 - frame( sp=0x0000000308a7d640, unextended_sp=0x0000000308a7d640, fp=0x000000000000002e, pc=0x0000000112cbbb7c)
java.lang.String.replace(String.java:2072) - if_icmpge @ bci 26 
     Created vframeArray 0x00007fce7c854c20
DEOPT UNPACKING thread 0x00007fce7c80f000 vframeArray 0x00007fce7c854c20 mode 2
     {method} {0x0000000119b1c7c8} &apos;replace&apos; &apos;(CC)Ljava/lang/String;&apos; in &apos;java/lang/String&apos; - if_icmpge @ bci 26 sp = 0x0000000308a7d628
<uncommon_trap thread='9219' reason='loop_limit_check' action='maybe_recompile' compile_id='106' compiler='C2' stamp='1.538'>
Uncommon trap occurred in java.lang.String::equals (@0x0000000112cde8a4) thread=9219 reason=loop_limit_check action=maybe_recompile unloaded_class_index=-1
<jvms bci='56' method='java/lang/String equals (Ljava/lang/Object;)Z' bytes='81' count='3' backedge_count='5' iicount='253' decompiles='1' unstable_if_traps='1'/>
</uncommon_trap>
DEOPT PACKING thread 0x00007fce7c80f000 Compiled frame (sp=0x0000000308a7cf40 unextended sp=0x0000000308a7cf40, fp=0x0000000000000000, real_fp=0x0000000308a7cf80, pc=0x0000000112cde8a4)
     nmethod   1537  106             java.lang.String::equals (81 bytes)

     Virtual frames (innermost first):
        0 - frame( sp=0x0000000308a7cf40, unextended_sp=0x0000000308a7cf40, fp=0x0000000000000000, pc=0x0000000112cde8a4)
java.lang.String.equals(String.java:988) - aload @ bci 56 
     Created vframeArray 0x00007fce7d03ac20
DEOPT UNPACKING thread 0x00007fce7c80f000 vframeArray 0x00007fce7d03ac20 mode 2
     {method} {0x0000000119b1a488} &apos;equals&apos; &apos;(Ljava/lang/Object;)Z&apos; in &apos;java/lang/String&apos; - aload @ bci 56 sp = 0x0000000308a7cf08
<uncommon_trap thread='9219' reason='uninitialized' action='reinterpret' compile_id='70' compiler='C2' count='1' stamp='1.626'>
Uncommon trap occurred in java.io.ObjectStreamField::getClassSignature (@0x0000000112cd3e2c) thread=9219 reason=uninitialized action=reinterpret unloaded_class_index=-1
<jvms bci='123' method='java/io/ObjectStreamField getClassSignature (Ljava/lang/Class;)Ljava/lang/String;' bytes='242' count='1' backedge_count='3' iicount='18' uninitialized_traps='1'/>
</uncommon_trap>
DEOPT PACKING thread 0x00007fce7c80f000 Compiled frame (sp=0x0000000308a7ce50 unextended sp=0x0000000308a7ce50, fp=0x00000000f80002f3, real_fp=0x0000000308a7cf20, pc=0x0000000112cd3e2c)
     nmethod   1626   70             java.io.ObjectStreamField::getClassSignature (242 bytes)

     Virtual frames (innermost first):
        0 - frame( sp=0x0000000308a7ce50, unextended_sp=0x0000000308a7ce50, fp=0x00000000f80002f3, pc=0x0000000112cd3e2c)
java.io.ObjectStreamField.getClassSignature(ObjectStreamField.java:310) - getstatic @ bci 123 
     Created vframeArray 0x00007fce7b022a20
DEOPT UNPACKING thread 0x00007fce7c80f000 vframeArray 0x00007fce7b022a20 mode 2
     {method} {0x0000000119be8eb8} &apos;getClassSignature&apos; &apos;(Ljava/lang/Class;)Ljava/lang/String;&apos; in &apos;java/io/ObjectStreamField&apos; - getstatic @ bci 123 sp = 0x0000000308a7ceb8
<uncommon_trap thread='9219' reason='bimorphic' action='maybe_recompile' compile_id='51' compiler='C2' count='1' state='#7' stamp='1.651'>
Uncommon trap occurred in java.util.concurrent.ConcurrentHashMap::putVal (@0x0000000112cbdfe4) thread=9219 reason=bimorphic action=maybe_recompile unloaded_class_index=-1
<jvms bci='17' method='java/util/concurrent/ConcurrentHashMap putVal (Ljava/lang/Object;Ljava/lang/Object;Z)Ljava/lang/Object;' bytes='362' count='5' backedge_count='7' iicount='39' bimorphic_traps='1'/>
</uncommon_trap>
DEOPT PACKING thread 0x00007fce7c80f000 Compiled frame (sp=0x0000000308a7d5f0 unextended sp=0x0000000308a7d5f0, fp=0x00000007955c5170, real_fp=0x0000000308a7d6c0, pc=0x0000000112cbdfe4)
     nmethod   1651   51   !         java.util.concurrent.ConcurrentHashMap::putVal (362 bytes)

     Virtual frames (innermost first):
        0 - frame( sp=0x0000000308a7d5f0, unextended_sp=0x0000000308a7d5f0, fp=0x00000007955c5170, pc=0x0000000112cbdfe4)
java.util.concurrent.ConcurrentHashMap.putVal(ConcurrentHashMap.java:1012) - invokevirtual @ bci 17 
     Created vframeArray 0x00007fce7d03ac20
DEOPT UNPACKING thread 0x00007fce7c80f000 vframeArray 0x00007fce7d03ac20 mode 2
     {method} {0x0000000119d2b7d8} &apos;putVal&apos; &apos;(Ljava/lang/Object;Ljava/lang/Object;Z)Ljava/lang/Object;&apos; in &apos;java/util/concurrent/ConcurrentHashMap&apos; - invokevirtual @ bci 17 sp = 0x0000000308a7d600
<uncommon_trap thread='9219' reason='bimorphic' action='maybe_recompile' compile_id='51' compiler='C2' count='2' state='#7' stamp='1.654'>
Uncommon trap occurred in java.util.concurrent.ConcurrentHashMap::putVal (@0x0000000112cbdfe4) thread=9219 reason=bimorphic action=maybe_recompile unloaded_class_index=-1
<jvms bci='17' method='java/util/concurrent/ConcurrentHashMap putVal (Ljava/lang/Object;Ljava/lang/Object;Z)Ljava/lang/Object;' bytes='362' count='5' backedge_count='8' iicount='39' bimorphic_traps='2'/>
</uncommon_trap>
DEOPT PACKING thread 0x00007fce7c80f000 Compiled frame (sp=0x0000000308a7bd20 unextended sp=0x0000000308a7bd20, fp=0x00000007955c5130, real_fp=0x0000000308a7bdf0, pc=0x0000000112cbdfe4)
     nmethod   1654   51   !         java.util.concurrent.ConcurrentHashMap::putVal (362 bytes)

     Virtual frames (innermost first):
        0 - frame( sp=0x0000000308a7bd20, unextended_sp=0x0000000308a7bd20, fp=0x00000007955c5130, pc=0x0000000112cbdfe4)
java.util.concurrent.ConcurrentHashMap.putVal(ConcurrentHashMap.java:1012) - invokevirtual @ bci 17 
     Created vframeArray 0x00007fce7c032620
DEOPT UNPACKING thread 0x00007fce7c80f000 vframeArray 0x00007fce7c032620 mode 2
     {method} {0x0000000119d2b7d8} &apos;putVal&apos; &apos;(Ljava/lang/Object;Ljava/lang/Object;Z)Ljava/lang/Object;&apos; in &apos;java/util/concurrent/ConcurrentHashMap&apos; - invokevirtual @ bci 17 sp = 0x0000000308a7bd10
<uncommon_trap thread='9219' reason='bimorphic' action='maybe_recompile' compile_id='51' compiler='C2' count='3' state='#7' stamp='1.658'>
Uncommon trap occurred in java.util.concurrent.ConcurrentHashMap::putVal (@0x0000000112cbdfe4) thread=9219 reason=bimorphic action=maybe_recompile unloaded_class_index=-1
<jvms bci='17' method='java/util/concurrent/ConcurrentHashMap putVal (Ljava/lang/Object;Ljava/lang/Object;Z)Ljava/lang/Object;' bytes='362' count='5' backedge_count='8' iicount='39' bimorphic_traps='3'/>
</uncommon_trap>
DEOPT PACKING thread 0x00007fce7c80f000 Compiled frame (sp=0x0000000308a7bc70 unextended sp=0x0000000308a7bc70, fp=0x00000007955c1f30, real_fp=0x0000000308a7bd40, pc=0x0000000112cbdfe4)
     nmethod   1657   51   !         java.util.concurrent.ConcurrentHashMap::putVal (362 bytes)

     Virtual frames (innermost first):
        0 - frame( sp=0x0000000308a7bc70, unextended_sp=0x0000000308a7bc70, fp=0x00000007955c1f30, pc=0x0000000112cbdfe4)
java.util.concurrent.ConcurrentHashMap.putVal(ConcurrentHashMap.java:1012) - invokevirtual @ bci 17 
     Created vframeArray 0x00007fce7c051a20
DEOPT UNPACKING thread 0x00007fce7c80f000 vframeArray 0x00007fce7c051a20 mode 2
     {method} {0x0000000119d2b7d8} &apos;putVal&apos; &apos;(Ljava/lang/Object;Ljava/lang/Object;Z)Ljava/lang/Object;&apos; in &apos;java/util/concurrent/ConcurrentHashMap&apos; - invokevirtual @ bci 17 sp = 0x0000000308a7bc60
<uncommon_trap thread='9219' reason='predicate' action='maybe_recompile' compile_id='208' compiler='C2' stamp='1.801'>
Uncommon trap occurred in sun.net.www.ParseUtil::encodePath (@0x0000000112d0cacc) thread=9219 reason=predicate action=maybe_recompile unloaded_class_index=-1
<jvms bci='36' method='sun/net/www/ParseUtil encodePath (Ljava/lang/String;Z)Ljava/lang/String;' bytes='336' count='5' backedge_count='38' iicount='7'/>
</uncommon_trap>
DEOPT PACKING thread 0x00007fce7c80f000 Compiled frame (sp=0x0000000308a7c630 unextended sp=0x0000000308a7c630, fp=0x00000007955f8ac8, real_fp=0x0000000308a7c690, pc=0x0000000112d0cacc)
     nmethod   1800  208             sun.net.www.ParseUtil::encodePath (336 bytes)

     Virtual frames (innermost first):
        0 - frame( sp=0x0000000308a7c630, unextended_sp=0x0000000308a7c630, fp=0x00000007955f8ac8, pc=0x0000000112d0cacc)
sun.net.www.ParseUtil.encodePath(ParseUtil.java:111) - aload @ bci 36 
     Created vframeArray 0x00007fce7b022a20
DEOPT UNPACKING thread 0x00007fce7c80f000 vframeArray 0x00007fce7b022a20 mode 2
     {method} {0x0000000119d0d3b0} &apos;encodePath&apos; &apos;(Ljava/lang/String;Z)Ljava/lang/String;&apos; in &apos;sun/net/www/ParseUtil&apos; - aload @ bci 36 sp = 0x0000000308a7c600
<uncommon_trap thread='9219' reason='class_check' action='maybe_recompile' compile_id='154' compiler='C2' stamp='1.863'>
Uncommon trap occurred in java.util.HashMap::getNode (@0x0000000112cf278c) thread=9219 reason=class_check action=maybe_recompile unloaded_class_index=-1
<jvms bci='59' method='java/util/HashMap getNode (ILjava/lang/Object;)Ljava/util/HashMap$Node;' bytes='148' count='5' backedge_count='1' iicount='34'/>
</uncommon_trap>
DEOPT PACKING thread 0x00007fce7c80f000 Compiled frame (sp=0x0000000308a7c4e0 unextended sp=0x0000000308a7c4e0, fp=0x0000000001494fe6, real_fp=0x0000000308a7c520, pc=0x0000000112cf278c)
     nmethod   1863  154             java.util.HashMap::getNode (148 bytes)

     Virtual frames (innermost first):
        0 - frame( sp=0x0000000308a7c4e0, unextended_sp=0x0000000308a7c4e0, fp=0x0000000001494fe6, pc=0x0000000112cf278c)
java.util.HashMap.getNode(HashMap.java:573) - invokevirtual @ bci 59 
     Created vframeArray 0x00007fce7c865820
DEOPT UNPACKING thread 0x00007fce7c80f000 vframeArray 0x00007fce7c865820 mode 2
     {method} {0x0000000119c2d628} &apos;getNode&apos; &apos;(ILjava/lang/Object;)Ljava/util/HashMap$Node;&apos; in &apos;java/util/HashMap&apos; - invokevirtual @ bci 59 sp = 0x0000000308a7c480
<uncommon_trap thread='9219' reason='class_check' action='maybe_recompile' compile_id='154' compiler='C2' count='1' state='class_check' stamp='1.921'>
Uncommon trap occurred in java.util.HashMap::getNode (@0x0000000112cf278c) thread=9219 reason=class_check action=maybe_recompile unloaded_class_index=-1
<jvms bci='59' method='java/util/HashMap getNode (ILjava/lang/Object;)Ljava/util/HashMap$Node;' bytes='148' count='5' backedge_count='1' iicount='34' class_check_traps='1'/>
</uncommon_trap>
DEOPT PACKING thread 0x00007fce7c80f000 Compiled frame (sp=0x0000000308a79c50 unextended sp=0x0000000308a79c50, fp=0x0000000001494fe6, real_fp=0x0000000308a79c90, pc=0x0000000112cf278c)
     nmethod   1921  154             java.util.HashMap::getNode (148 bytes)

     Virtual frames (innermost first):
        0 - frame( sp=0x0000000308a79c50, unextended_sp=0x0000000308a79c50, fp=0x0000000001494fe6, pc=0x0000000112cf278c)
java.util.HashMap.getNode(HashMap.java:573) - invokevirtual @ bci 59 
     Created vframeArray 0x00007fce7c866620
DEOPT UNPACKING thread 0x00007fce7c80f000 vframeArray 0x00007fce7c866620 mode 2
     {method} {0x0000000119c2d628} &apos;getNode&apos; &apos;(ILjava/lang/Object;)Ljava/util/HashMap$Node;&apos; in &apos;java/util/HashMap&apos; - invokevirtual @ bci 59 sp = 0x0000000308a79bf0
<uncommon_trap thread='9219' reason='class_check' action='maybe_recompile' compile_id='154' compiler='C2' count='2' state='class_check' stamp='1.957'>
Uncommon trap occurred in java.util.HashMap::getNode (@0x0000000112cf278c) thread=9219 reason=class_check action=maybe_recompile unloaded_class_index=-1
<jvms bci='59' method='java/util/HashMap getNode (ILjava/lang/Object;)Ljava/util/HashMap$Node;' bytes='148' count='5' backedge_count='1' iicount='34' class_check_traps='2'/>
</uncommon_trap>
DEOPT PACKING thread 0x00007fce7c80f000 Compiled frame (sp=0x0000000308a7c530 unextended sp=0x0000000308a7c530, fp=0x0000000001494fe6, real_fp=0x0000000308a7c570, pc=0x0000000112cf278c)
     nmethod   1957  154             java.util.HashMap::getNode (148 bytes)

     Virtual frames (innermost first):
        0 - frame( sp=0x0000000308a7c530, unextended_sp=0x0000000308a7c530, fp=0x0000000001494fe6, pc=0x0000000112cf278c)
java.util.HashMap.getNode(HashMap.java:573) - invokevirtual @ bci 59 
     Created vframeArray 0x00007fce7c051a20
DEOPT UNPACKING thread 0x00007fce7c80f000 vframeArray 0x00007fce7c051a20 mode 2
     {method} {0x0000000119c2d628} &apos;getNode&apos; &apos;(ILjava/lang/Object;)Ljava/util/HashMap$Node;&apos; in &apos;java/util/HashMap&apos; - invokevirtual @ bci 59 sp = 0x0000000308a7c4d0
<uncommon_trap thread='9219' reason='unstable_if' action='reinterpret' compile_id='254' compiler='C2' stamp='1.959'>
Uncommon trap occurred in java.util.concurrent.ConcurrentHashMap::addCount (@0x0000000112d277cc) thread=9219 reason=unstable_if action=reinterpret unloaded_class_index=-1
<jvms bci='135' method='java/util/concurrent/ConcurrentHashMap addCount (JI)V' bytes='281' count='5' backedge_count='1' iicount='42'/>
</uncommon_trap>
DEOPT PACKING thread 0x00007fce7c80f000 Compiled frame (sp=0x0000000308a7d3e0 unextended sp=0x0000000308a7d3e0, fp=0x0000000000000000, real_fp=0x0000000308a7d420, pc=0x0000000112d277cc)
     nmethod   1958  254             java.util.concurrent.ConcurrentHashMap::addCount (281 bytes)

     Virtual frames (innermost first):
        0 - frame( sp=0x0000000308a7d3e0, unextended_sp=0x0000000308a7d3e0, fp=0x0000000000000000, pc=0x0000000112d277cc)
java.util.concurrent.ConcurrentHashMap.addCount(ConcurrentHashMap.java:2275) - iflt @ bci 135 
     Created vframeArray 0x00007fce7b022a20
DEOPT UNPACKING thread 0x00007fce7c80f000 vframeArray 0x00007fce7b022a20 mode 2
     {method} {0x0000000119d2ee60} &apos;addCount&apos; &apos;(JI)V&apos; in &apos;java/util/concurrent/ConcurrentHashMap&apos; - iflt @ bci 135 sp = 0x0000000308a7d358
<dependency_failed type='leaf_type' ctxk='java/util/concurrent/ConcurrentHashMap$Node' witness='java/util/concurrent/ConcurrentHashMap$ForwardingNode' stamp='1.960'/>
<dependency_failed type='leaf_type' ctxk='java/util/concurrent/ConcurrentHashMap$Node' witness='java/util/concurrent/ConcurrentHashMap$ForwardingNode' stamp='1.960'/>
<dependency_failed type='leaf_type' ctxk='java/util/concurrent/ConcurrentHashMap$Node' witness='java/util/concurrent/ConcurrentHashMap$ForwardingNode' stamp='1.960'/>
DEOPT PACKING thread 0x00007fce7c80f000 Deoptimized frame (sp=0x0000000308a7d420 unextended sp=0x0000000308a7d420, fp=0x0000000000000000, real_fp=0x0000000308a7d4f0, pc=0x0000000112d2c474)
     nmethod   1966  263   !         java.util.concurrent.ConcurrentHashMap::putVal (362 bytes)

     Virtual frames (innermost first):
        0 - frame( sp=0x0000000308a7d420, unextended_sp=0x0000000308a7d420, fp=0x0000000000000000, pc=0x0000000112d2c474)
java.util.concurrent.ConcurrentHashMap.putVal(ConcurrentHashMap.java:1070) - invokespecial @ bci 357 
     Created vframeArray 0x00007fce7b038020
DEOPT UNPACKING thread 0x00007fce7c80f000 vframeArray 0x00007fce7b038020 mode 0
     {method} {0x0000000119d2b7d8} &apos;putVal&apos; &apos;(Ljava/lang/Object;Ljava/lang/Object;Z)Ljava/lang/Object;&apos; in &apos;java/util/concurrent/ConcurrentHashMap&apos; - invokespecial @ bci 357 sp = 0x0000000308a7d418
<uncommon_trap thread='9219' reason='class_check' action='maybe_recompile' compile_id='154' compiler='C2' count='3' state='class_check' stamp='2.184'>
Uncommon trap occurred in java.util.HashMap::getNode (@0x0000000112cf278c) thread=9219 reason=class_check action=maybe_recompile unloaded_class_index=-1
<jvms bci='59' method='java/util/HashMap getNode (ILjava/lang/Object;)Ljava/util/HashMap$Node;' bytes='148' count='5' backedge_count='1' iicount='34' class_check_traps='3'/>
</uncommon_trap>
DEOPT PACKING thread 0x00007fce7c80f000 Compiled frame (sp=0x0000000308a7c530 unextended sp=0x0000000308a7c530, fp=0x0000000001494fe6, real_fp=0x0000000308a7c570, pc=0x0000000112cf278c)
     nmethod   2184  154             java.util.HashMap::getNode (148 bytes)

     Virtual frames (innermost first):
        0 - frame( sp=0x0000000308a7c530, unextended_sp=0x0000000308a7c530, fp=0x0000000001494fe6, pc=0x0000000112cf278c)
java.util.HashMap.getNode(HashMap.java:573) - invokevirtual @ bci 59 
     Created vframeArray 0x00007fce7b022a20
DEOPT UNPACKING thread 0x00007fce7c80f000 vframeArray 0x00007fce7b022a20 mode 2
     {method} {0x0000000119c2d628} &apos;getNode&apos; &apos;(ILjava/lang/Object;)Ljava/util/HashMap$Node;&apos; in &apos;java/util/HashMap&apos; - invokevirtual @ bci 59 sp = 0x0000000308a7c4d0
<uncommon_trap thread='9219' reason='class_check' action='maybe_recompile' compile_id='280' compiler='C2' stamp='2.535'>
Uncommon trap occurred in java.net.URL::&lt;init&gt; (@0x0000000112d38be0) thread=9219 reason=class_check action=maybe_recompile unloaded_class_index=-1
<jvms bci='504' method='java/net/URL &lt;init&gt; (Ljava/net/URL;Ljava/lang/String;Ljava/net/URLStreamHandler;)V' bytes='543' count='4' backedge_count='10' iicount='4'/>
</uncommon_trap>
DEOPT PACKING thread 0x00007fce7c80f000 Compiled frame (sp=0x0000000308a7c700 unextended sp=0x0000000308a7c700, fp=0x00000000f2ab7ea8, real_fp=0x0000000308a7c770, pc=0x0000000112d38be0)
     nmethod   2534  280   !         java.net.URL::&lt;init&gt; (543 bytes)

     Virtual frames (innermost first):
        0 - frame( sp=0x0000000308a7c700, unextended_sp=0x0000000308a7c700, fp=0x00000000f2ab7ea8, pc=0x0000000112d38be0)
java.net.URL.&lt;init&gt;(URL.java:640) - invokevirtual @ bci 504 
     Created vframeArray 0x00007fce7c866620
DEOPT UNPACKING thread 0x00007fce7c80f000 vframeArray 0x00007fce7c866620 mode 2
     {method} {0x0000000119bbd008} &apos;&lt;init&gt;&apos; &apos;(Ljava/net/URL;Ljava/lang/String;Ljava/net/URLStreamHandler;)V&apos; in &apos;java/net/URL&apos; - invokevirtual @ bci 504 sp = 0x0000000308a7c688
<dependency_failed type='abstract_with_unique_concrete_subtype' ctxk='sun/misc/Resource' x='sun/misc/URLClassPath$FileLoader$1' witness='sun/misc/URLClassPath$JarLoader$2' stamp='2.536'/>
<dependency_failed type='abstract_with_unique_concrete_subtype' ctxk='sun/misc/Resource' x='sun/misc/URLClassPath$FileLoader$1' witness='sun/misc/URLClassPath$JarLoader$2' stamp='2.536'/>
<dependency_failed type='abstract_with_unique_concrete_subtype' ctxk='sun/misc/Resource' x='sun/misc/URLClassPath$FileLoader$1' witness='sun/misc/URLClassPath$JarLoader$2' stamp='2.536'/>
<dependency_failed type='abstract_with_unique_concrete_subtype' ctxk='sun/misc/Resource' x='sun/misc/URLClassPath$FileLoader$1' witness='sun/misc/URLClassPath$JarLoader$2' stamp='2.536'/>
<dependency_failed type='abstract_with_unique_concrete_subtype' ctxk='sun/misc/Resource' x='sun/misc/URLClassPath$FileLoader$1' witness='sun/misc/URLClassPath$JarLoader$2' stamp='2.537'/>
<dependency_failed type='abstract_with_unique_concrete_subtype' ctxk='sun/misc/Resource' x='sun/misc/URLClassPath$FileLoader$1' witness='sun/misc/URLClassPath$JarLoader$2' stamp='2.537'/>
<dependency_failed type='abstract_with_unique_concrete_subtype' ctxk='sun/misc/Resource' x='sun/misc/URLClassPath$FileLoader$1' witness='sun/misc/URLClassPath$JarLoader$2' stamp='2.537'/>
<dependency_failed type='abstract_with_unique_concrete_subtype' ctxk='sun/misc/Resource' x='sun/misc/URLClassPath$FileLoader$1' witness='sun/misc/URLClassPath$JarLoader$2' stamp='2.537'/>
<dependency_failed type='abstract_with_unique_concrete_subtype' ctxk='sun/misc/Resource' x='sun/misc/URLClassPath$FileLoader$1' witness='sun/misc/URLClassPath$JarLoader$2' stamp='2.537'/>
<dependency_failed type='abstract_with_unique_concrete_subtype' ctxk='sun/misc/Resource' x='sun/misc/URLClassPath$FileLoader$1' witness='sun/misc/URLClassPath$JarLoader$2' stamp='2.537'/>
<dependency_failed type='abstract_with_unique_concrete_subtype' ctxk='sun/misc/Resource' x='sun/misc/URLClassPath$FileLoader$1' witness='sun/misc/URLClassPath$JarLoader$2' stamp='2.537'/>
<dependency_failed type='abstract_with_unique_concrete_subtype' ctxk='sun/misc/Resource' x='sun/misc/URLClassPath$FileLoader$1' witness='sun/misc/URLClassPath$JarLoader$2' stamp='2.537'/>
<dependency_failed type='abstract_with_unique_concrete_subtype' ctxk='sun/misc/Resource' x='sun/misc/URLClassPath$FileLoader$1' witness='sun/misc/URLClassPath$JarLoader$2' stamp='2.537'/>
SAVED OOP RESULT 0x0000000795638800 in thread 0x00007fce7c80f000
DEOPT PACKING thread 0x00007fce7c80f000 Deoptimized frame (sp=0x0000000308a7c840 unextended sp=0x0000000308a7c840, fp=0x0000000795633ac8, real_fp=0x0000000308a7c880, pc=0x0000000112d3f2b0)
     nmethod   2537  300   !         sun.misc.URLClassPath$JarLoader::getResource (85 bytes)

     Virtual frames (innermost first):
        0 - frame( sp=0x0000000308a7c840, unextended_sp=0x0000000308a7c840, fp=0x0000000795633ac8, pc=0x0000000112d3f2b0)
sun.misc.URLClassPath$JarLoader.getResource(URLClassPath.java:1070) - invokevirtual @ bci 54 
     Created vframeArray 0x00007fce7b022a20
DEOPT UNPACKING thread 0x00007fce7c80f000 vframeArray 0x00007fce7b022a20 mode 0
     {method} {0x0000000119d92c28} &apos;getResource&apos; &apos;(Ljava/lang/String;Z)Lsun/misc/Resource;&apos; in &apos;sun/misc/URLClassPath$JarLoader&apos; - invokevirtual @ bci 54 sp = 0x0000000308a7c808
SAVED OOP RESULT 0x0000000795638800 in thread 0x00007fce7c80f000
DEOPT PACKING thread 0x00007fce7c80f000 Deoptimized frame (sp=0x0000000308a7c880 unextended sp=0x0000000308a7c880, fp=0x0000000000000001, real_fp=0x0000000308a7c8d0, pc=0x0000000112d34010)
     nmethod   2538  276             sun.misc.URLClassPath::getResource (83 bytes)

     Virtual frames (innermost first):
        0 - frame( sp=0x0000000308a7c880, unextended_sp=0x0000000308a7c880, fp=0x0000000000000001, pc=0x0000000112d34010)
sun.misc.URLClassPath.getResource(URLClassPath.java:250) - invokevirtual @ bci 62 
     Created vframeArray 0x00007fce7d038a20
DEOPT UNPACKING thread 0x00007fce7c80f000 vframeArray 0x00007fce7d038a20 mode 0
     {method} {0x0000000119d5ed10} &apos;getResource&apos; &apos;(Ljava/lang/String;Z)Lsun/misc/Resource;&apos; in &apos;sun/misc/URLClassPath&apos; - invokevirtual @ bci 62 sp = 0x0000000308a7c848
SAVED OOP RESULT 0x0000000795638800 in thread 0x00007fce7c80f000
DEOPT PACKING thread 0x00007fce7c80f000 Deoptimized frame (sp=0x0000000308a7c8d0 unextended sp=0x0000000308a7c8d0, fp=0x0000000308a7c990, real_fp=0x0000000308a7c900, pc=0x0000000112d45b7c)
     nmethod   2538  315   !         java.net.URLClassLoader$1::run (81 bytes)

     Virtual frames (innermost first):
        0 - frame( sp=0x0000000308a7c8d0, unextended_sp=0x0000000308a7c8d0, fp=0x0000000308a7c990, pc=0x0000000112d45b7c)
java.net.URLClassLoader$1.run(URLClassLoader.java:366) - invokevirtual @ bci 26 
     Created vframeArray 0x00007fce7c052220
DEOPT UNPACKING thread 0x00007fce7c80f000 vframeArray 0x00007fce7c052220 mode 0
     {method} {0x0000000119d8e500} &apos;run&apos; &apos;()Ljava/lang/Class;&apos; in &apos;java/net/URLClassLoader$1&apos; - invokevirtual @ bci 26 sp = 0x0000000308a7c890
<uncommon_trap thread='9219' reason='class_check' action='maybe_recompile' compile_id='149' compiler='C2' stamp='2.682'>
Uncommon trap occurred in java.util.HashMap::putVal (@0x0000000112cf3e4c) thread=9219 reason=class_check action=maybe_recompile unloaded_class_index=-1
<jvms bci='152' method='java/util/HashMap putVal (ILjava/lang/Object;Ljava/lang/Object;ZZ)Ljava/lang/Object;' bytes='300' count='5' backedge_count='1' iicount='14'/>
</uncommon_trap>
DEOPT PACKING thread 0x00007fce7c80f000 Compiled frame (sp=0x0000000308a7c260 unextended sp=0x0000000308a7c260, fp=0x00000007c001cf10, real_fp=0x0000000308a7c310, pc=0x0000000112cf3e4c)
     nmethod   2682  149             java.util.HashMap::putVal (300 bytes)

     Virtual frames (innermost first):
        0 - frame( sp=0x0000000308a7c260, unextended_sp=0x0000000308a7c260, fp=0x00000007c001cf10, pc=0x0000000112cf3e4c)
java.util.HashMap.putVal(HashMap.java:643) - invokevirtual @ bci 152 
     Created vframeArray 0x00007fce7c053620
DEOPT UNPACKING thread 0x00007fce7c80f000 vframeArray 0x00007fce7c053620 mode 2
     {method} {0x0000000119c2da98} &apos;putVal&apos; &apos;(ILjava/lang/Object;Ljava/lang/Object;ZZ)Ljava/lang/Object;&apos; in &apos;java/util/HashMap&apos; - invokevirtual @ bci 152 sp = 0x0000000308a7c228
<uncommon_trap thread='9219' reason='bimorphic' action='maybe_recompile' compile_id='333' compiler='C2' state='class_check recompiled' stamp='2.686'>
Uncommon trap occurred in java.util.HashMap::getNode (@0x0000000112d4cbcc) thread=9219 reason=bimorphic action=maybe_recompile unloaded_class_index=-1
<jvms bci='59' method='java/util/HashMap getNode (ILjava/lang/Object;)Ljava/util/HashMap$Node;' bytes='148' count='6' backedge_count='1' iicount='39' decompiles='1' class_check_traps='4'/>
</uncommon_trap>
DEOPT PACKING thread 0x00007fce7c80f000 Compiled frame (sp=0x0000000308a7c4e0 unextended sp=0x0000000308a7c4e0, fp=0x00000000f59c21e1, real_fp=0x0000000308a7c520, pc=0x0000000112d4cbcc)
     nmethod   2685  333             java.util.HashMap::getNode (148 bytes)

     Virtual frames (innermost first):
        0 - frame( sp=0x0000000308a7c4e0, unextended_sp=0x0000000308a7c4e0, fp=0x00000000f59c21e1, pc=0x0000000112d4cbcc)
java.util.HashMap.getNode(HashMap.java:573) - invokevirtual @ bci 59 
     Created vframeArray 0x00007fce7c052220
DEOPT UNPACKING thread 0x00007fce7c80f000 vframeArray 0x00007fce7c052220 mode 2
     {method} {0x0000000119c2d628} &apos;getNode&apos; &apos;(ILjava/lang/Object;)Ljava/util/HashMap$Node;&apos; in &apos;java/util/HashMap&apos; - invokevirtual @ bci 59 sp = 0x0000000308a7c480
<uncommon_trap thread='9219' reason='bimorphic' action='maybe_recompile' compile_id='333' compiler='C2' count='1' state='#15' stamp='2.686'>
Uncommon trap occurred in java.util.HashMap::getNode (@0x0000000112d4cbcc) thread=9219 reason=bimorphic action=maybe_recompile unloaded_class_index=-1
<jvms bci='59' method='java/util/HashMap getNode (ILjava/lang/Object;)Ljava/util/HashMap$Node;' bytes='148' count='6' backedge_count='1' iicount='39' decompiles='1' class_check_traps='4' bimorphic_traps='1'/>
</uncommon_trap>
DEOPT PACKING thread 0x00007fce7c80f000 Compiled frame (sp=0x0000000308a7c4e0 unextended sp=0x0000000308a7c4e0, fp=0x000000006499bd24, real_fp=0x0000000308a7c520, pc=0x0000000112d4cbcc)
     nmethod   2686  333             java.util.HashMap::getNode (148 bytes)

     Virtual frames (innermost first):
        0 - frame( sp=0x0000000308a7c4e0, unextended_sp=0x0000000308a7c4e0, fp=0x000000006499bd24, pc=0x0000000112d4cbcc)
java.util.HashMap.getNode(HashMap.java:573) - invokevirtual @ bci 59 
     Created vframeArray 0x00007fce7c866620
DEOPT UNPACKING thread 0x00007fce7c80f000 vframeArray 0x00007fce7c866620 mode 2
     {method} {0x0000000119c2d628} &apos;getNode&apos; &apos;(ILjava/lang/Object;)Ljava/util/HashMap$Node;&apos; in &apos;java/util/HashMap&apos; - invokevirtual @ bci 59 sp = 0x0000000308a7c480
<uncommon_trap thread='9219' reason='null_check' action='make_not_entrant' compile_id='375' compiler='C2' stamp='2.739'>
Uncommon trap occurred in java.security.SecureClassLoader::getProtectionDomain (@0x0000000112d6cd64) thread=9219 reason=null_check action=make_not_entrant unloaded_class_index=-1
<jvms bci='23' method='java/security/SecureClassLoader getProtectionDomain (Ljava/security/CodeSource;)Ljava/security/ProtectionDomain;' bytes='114' count='5' backedge_count='1' iicount='10'/>
</uncommon_trap>
DEOPT PACKING thread 0x00007fce7c80f000 Compiled frame (sp=0x0000000308a7c6c0 unextended sp=0x0000000308a7c6c0, fp=0x00000007955c4f88, real_fp=0x0000000308a7c700, pc=0x0000000112d6cd64)
     nmethod   2738  375   !         java.security.SecureClassLoader::getProtectionDomain (114 bytes)

     Virtual frames (innermost first):
        0 - frame( sp=0x0000000308a7c6c0, unextended_sp=0x0000000308a7c6c0, fp=0x00000007955c4f88, pc=0x0000000112d6cd64)
java.security.SecureClassLoader.getProtectionDomain(SecureClassLoader.java:204) - checkcast @ bci 23 
     Created vframeArray 0x00007fce7d059420
DEOPT UNPACKING thread 0x00007fce7c80f000 vframeArray 0x00007fce7d059420 mode 2
     {method} {0x0000000119b42898} &apos;getProtectionDomain&apos; &apos;(Ljava/security/CodeSource;)Ljava/security/ProtectionDomain;&apos; in &apos;java/security/SecureClassLoader&apos; - checkcast @ bci 23 sp = 0x0000000308a7c668
<uncommon_trap thread='9219' reason='null_check' action='make_not_entrant' compile_id='378' compiler='C2' stamp='2.748'>
Uncommon trap occurred in java.lang.ClassLoader::checkCerts (@0x0000000112d6e894) thread=9219 reason=null_check action=make_not_entrant unloaded_class_index=-1
<jvms bci='141' method='java/lang/ClassLoader checkCerts (Ljava/lang/String;Ljava/security/CodeSource;)V' bytes='195' count='5' backedge_count='1' iicount='10'/>
</uncommon_trap>
DEOPT PACKING thread 0x00007fce7c80f000 Compiled frame (sp=0x0000000308a7c620 unextended sp=0x0000000308a7c620, fp=0x00000007955c4f88, real_fp=0x0000000308a7c680, pc=0x0000000112d6e894)
     nmethod   2748  378   !         java.lang.ClassLoader::checkCerts (195 bytes)

     Virtual frames (innermost first):
        0 - frame( sp=0x0000000308a7c620, unextended_sp=0x0000000308a7c620, fp=0x00000007955c4f88, pc=0x0000000112d6e894)
java.lang.ClassLoader.checkCerts(ClassLoader.java:888) - checkcast @ bci 141 
     Created vframeArray 0x00007fce7b022a20
DEOPT UNPACKING thread 0x00007fce7c80f000 vframeArray 0x00007fce7b022a20 mode 2
     {method} {0x0000000119b2ee28} &apos;checkCerts&apos; &apos;(Ljava/lang/String;Ljava/security/CodeSource;)V&apos; in &apos;java/lang/ClassLoader&apos; - checkcast @ bci 141 sp = 0x0000000308a7c5e0
<uncommon_trap thread='9219' reason='class_check' action='maybe_recompile' compile_id='280' compiler='C2' count='1' state='class_check' stamp='2.764'>
Uncommon trap occurred in java.net.URL::&lt;init&gt; (@0x0000000112d38be0) thread=9219 reason=class_check action=maybe_recompile unloaded_class_index=-1
<jvms bci='504' method='java/net/URL &lt;init&gt; (Ljava/net/URL;Ljava/lang/String;Ljava/net/URLStreamHandler;)V' bytes='543' count='2' backedge_count='10' iicount='4' class_check_traps='1'/>
</uncommon_trap>
DEOPT PACKING thread 0x00007fce7c80f000 Compiled frame (sp=0x0000000308a7b190 unextended sp=0x0000000308a7b190, fp=0x00000000f2ab7ea8, real_fp=0x0000000308a7b200, pc=0x0000000112d38be0)
     nmethod   2764  280   !         java.net.URL::&lt;init&gt; (543 bytes)

     Virtual frames (innermost first):
        0 - frame( sp=0x0000000308a7b190, unextended_sp=0x0000000308a7b190, fp=0x00000000f2ab7ea8, pc=0x0000000112d38be0)
java.net.URL.&lt;init&gt;(URL.java:640) - invokevirtual @ bci 504 
     Created vframeArray 0x00007fce7d059420
DEOPT UNPACKING thread 0x00007fce7c80f000 vframeArray 0x00007fce7d059420 mode 2
     {method} {0x0000000119bbd008} &apos;&lt;init&gt;&apos; &apos;(Ljava/net/URL;Ljava/lang/String;Ljava/net/URLStreamHandler;)V&apos; in &apos;java/net/URL&apos; - invokevirtual @ bci 504 sp = 0x0000000308a7b118
<uncommon_trap thread='9219' reason='class_check' action='maybe_recompile' compile_id='431' compiler='C2' stamp='2.766'>
Uncommon trap occurred in sun.misc.Resource::getBytes (@0x0000000112d88dc8) thread=9219 reason=class_check action=maybe_recompile unloaded_class_index=-1
<jvms bci='10' method='sun/misc/Resource getBytes ()[B' bytes='242' count='5' backedge_count='9' iicount='5' decompiles='1'/>
</uncommon_trap>
DEOPT PACKING thread 0x00007fce7c80f000 Compiled frame (sp=0x0000000308a7b1a0 unextended sp=0x0000000308a7b1a0, fp=0x00000000f80098be, real_fp=0x0000000308a7b1f0, pc=0x0000000112d88dc8)
     nmethod   2765  431   !         sun.misc.Resource::getBytes (242 bytes)

     Virtual frames (innermost first):
        0 - frame( sp=0x0000000308a7b1a0, unextended_sp=0x0000000308a7b1a0, fp=0x00000000f80098be, pc=0x0000000112d88dc8)
sun.misc.Resource.getBytes(Resource.java:100) - invokevirtual @ bci 10 
     Created vframeArray 0x00007fce7c052220
DEOPT UNPACKING thread 0x00007fce7c80f000 vframeArray 0x00007fce7c052220 mode 2
     {method} {0x0000000119df53c0} &apos;getBytes&apos; &apos;()[B&apos; in &apos;sun/misc/Resource&apos; - invokevirtual @ bci 10 sp = 0x0000000308a7b148
<uncommon_trap thread='9219' reason='class_check' action='maybe_recompile' compile_id='280' compiler='C2' count='2' state='class_check' stamp='2.772'>
Uncommon trap occurred in java.net.URL::&lt;init&gt; (@0x0000000112d38be0) thread=9219 reason=class_check action=maybe_recompile unloaded_class_index=-1
<jvms bci='504' method='java/net/URL &lt;init&gt; (Ljava/net/URL;Ljava/lang/String;Ljava/net/URLStreamHandler;)V' bytes='543' count='2' backedge_count='10' iicount='4' class_check_traps='2'/>
</uncommon_trap>
DEOPT PACKING thread 0x00007fce7c80f000 Compiled frame (sp=0x0000000308a7b190 unextended sp=0x0000000308a7b190, fp=0x00000000f2ab7ea8, real_fp=0x0000000308a7b200, pc=0x0000000112d38be0)
     nmethod   2772  280   !         java.net.URL::&lt;init&gt; (543 bytes)

     Virtual frames (innermost first):
        0 - frame( sp=0x0000000308a7b190, unextended_sp=0x0000000308a7b190, fp=0x00000000f2ab7ea8, pc=0x0000000112d38be0)
java.net.URL.&lt;init&gt;(URL.java:640) - invokevirtual @ bci 504 
     Created vframeArray 0x00007fce7d059420
DEOPT UNPACKING thread 0x00007fce7c80f000 vframeArray 0x00007fce7d059420 mode 2
     {method} {0x0000000119bbd008} &apos;&lt;init&gt;&apos; &apos;(Ljava/net/URL;Ljava/lang/String;Ljava/net/URLStreamHandler;)V&apos; in &apos;java/net/URL&apos; - invokevirtual @ bci 504 sp = 0x0000000308a7b118
<uncommon_trap thread='9219' reason='class_check' action='maybe_recompile' compile_id='431' compiler='C2' count='1' state='class_check' stamp='2.779'>
Uncommon trap occurred in sun.misc.Resource::getBytes (@0x0000000112d88dc8) thread=9219 reason=class_check action=maybe_recompile unloaded_class_index=-1
<jvms bci='10' method='sun/misc/Resource getBytes ()[B' bytes='242' count='5' backedge_count='12' iicount='5' decompiles='1' class_check_traps='1'/>
</uncommon_trap>
DEOPT PACKING thread 0x00007fce7c80f000 Compiled frame (sp=0x0000000308a7b1a0 unextended sp=0x0000000308a7b1a0, fp=0x00000000f80098be, real_fp=0x0000000308a7b1f0, pc=0x0000000112d88dc8)
     nmethod   2778  431   !         sun.misc.Resource::getBytes (242 bytes)

     Virtual frames (innermost first):
        0 - frame( sp=0x0000000308a7b1a0, unextended_sp=0x0000000308a7b1a0, fp=0x00000000f80098be, pc=0x0000000112d88dc8)
sun.misc.Resource.getBytes(Resource.java:100) - invokevirtual @ bci 10 
     Created vframeArray 0x00007fce7c052220
DEOPT UNPACKING thread 0x00007fce7c80f000 vframeArray 0x00007fce7c052220 mode 2
     {method} {0x0000000119df53c0} &apos;getBytes&apos; &apos;()[B&apos; in &apos;sun/misc/Resource&apos; - invokevirtual @ bci 10 sp = 0x0000000308a7b148
<uncommon_trap thread='9219' reason='class_check' action='maybe_recompile' compile_id='280' compiler='C2' count='3' state='class_check' stamp='2.816'>
Uncommon trap occurred in java.net.URL::&lt;init&gt; (@0x0000000112d38be0) thread=9219 reason=class_check action=maybe_recompile unloaded_class_index=-1
<jvms bci='504' method='java/net/URL &lt;init&gt; (Ljava/net/URL;Ljava/lang/String;Ljava/net/URLStreamHandler;)V' bytes='543' count='2' backedge_count='10' iicount='4' class_check_traps='3'/>
</uncommon_trap>
DEOPT PACKING thread 0x00007fce7c80f000 Compiled frame (sp=0x0000000308a7b1e0 unextended sp=0x0000000308a7b1e0, fp=0x00000000f2ab7ea8, real_fp=0x0000000308a7b250, pc=0x0000000112d38be0)
     nmethod   2816  280   !         java.net.URL::&lt;init&gt; (543 bytes)

     Virtual frames (innermost first):
        0 - frame( sp=0x0000000308a7b1e0, unextended_sp=0x0000000308a7b1e0, fp=0x00000000f2ab7ea8, pc=0x0000000112d38be0)
java.net.URL.&lt;init&gt;(URL.java:640) - invokevirtual @ bci 504 
     Created vframeArray 0x00007fce7d059420
DEOPT UNPACKING thread 0x00007fce7c80f000 vframeArray 0x00007fce7d059420 mode 2
     {method} {0x0000000119bbd008} &apos;&lt;init&gt;&apos; &apos;(Ljava/net/URL;Ljava/lang/String;Ljava/net/URLStreamHandler;)V&apos; in &apos;java/net/URL&apos; - invokevirtual @ bci 504 sp = 0x0000000308a7b168
<uncommon_trap thread='9219' reason='class_check' action='maybe_recompile' compile_id='431' compiler='C2' count='2' state='class_check' stamp='2.838'>
Uncommon trap occurred in sun.misc.Resource::getBytes (@0x0000000112d88dc8) thread=9219 reason=class_check action=maybe_recompile unloaded_class_index=-1
<jvms bci='10' method='sun/misc/Resource getBytes ()[B' bytes='242' count='5' backedge_count='14' iicount='5' decompiles='1' class_check_traps='2'/>
</uncommon_trap>
DEOPT PACKING thread 0x00007fce7c80f000 Compiled frame (sp=0x0000000308a7b240 unextended sp=0x0000000308a7b240, fp=0x00000000f80098be, real_fp=0x0000000308a7b290, pc=0x0000000112d88dc8)
     nmethod   2838  431   !         sun.misc.Resource::getBytes (242 bytes)

     Virtual frames (innermost first):
        0 - frame( sp=0x0000000308a7b240, unextended_sp=0x0000000308a7b240, fp=0x00000000f80098be, pc=0x0000000112d88dc8)
sun.misc.Resource.getBytes(Resource.java:100) - invokevirtual @ bci 10 
     Created vframeArray 0x00007fce7c052220
DEOPT UNPACKING thread 0x00007fce7c80f000 vframeArray 0x00007fce7c052220 mode 2
     {method} {0x0000000119df53c0} &apos;getBytes&apos; &apos;()[B&apos; in &apos;sun/misc/Resource&apos; - invokevirtual @ bci 10 sp = 0x0000000308a7b1e8
<uncommon_trap thread='9219' reason='class_check' action='maybe_recompile' compile_id='431' compiler='C2' count='3' state='class_check' stamp='2.957'>
Uncommon trap occurred in sun.misc.Resource::getBytes (@0x0000000112d88dc8) thread=9219 reason=class_check action=maybe_recompile unloaded_class_index=-1
<jvms bci='10' method='sun/misc/Resource getBytes ()[B' bytes='242' count='5' backedge_count='16' iicount='5' decompiles='1' class_check_traps='3'/>
</uncommon_trap>
DEOPT PACKING thread 0x00007fce7c80f000 Compiled frame (sp=0x0000000308a7b240 unextended sp=0x0000000308a7b240, fp=0x00000000f80098be, real_fp=0x0000000308a7b290, pc=0x0000000112d88dc8)
     nmethod   2957  431   !         sun.misc.Resource::getBytes (242 bytes)

     Virtual frames (innermost first):
        0 - frame( sp=0x0000000308a7b240, unextended_sp=0x0000000308a7b240, fp=0x00000000f80098be, pc=0x0000000112d88dc8)
sun.misc.Resource.getBytes(Resource.java:100) - invokevirtual @ bci 10 
     Created vframeArray 0x00007fce7c05f820
DEOPT UNPACKING thread 0x00007fce7c80f000 vframeArray 0x00007fce7c05f820 mode 2
     {method} {0x0000000119df53c0} &apos;getBytes&apos; &apos;()[B&apos; in &apos;sun/misc/Resource&apos; - invokevirtual @ bci 10 sp = 0x0000000308a7b1e8
<uncommon_trap thread='9219' reason='bimorphic' action='maybe_recompile' compile_id='333' compiler='C2' count='2' state='#15' stamp='3.678'>
Uncommon trap occurred in java.util.HashMap::getNode (@0x0000000112d4cbcc) thread=9219 reason=bimorphic action=maybe_recompile unloaded_class_index=-1
<jvms bci='59' method='java/util/HashMap getNode (ILjava/lang/Object;)Ljava/util/HashMap$Node;' bytes='148' count='6' backedge_count='1' iicount='39' decompiles='1' class_check_traps='4' bimorphic_traps='2'/>
</uncommon_trap>
DEOPT PACKING thread 0x00007fce7c80f000 Compiled frame (sp=0x0000000308a7c680 unextended sp=0x0000000308a7c680, fp=0x00000000f59c21e1, real_fp=0x0000000308a7c6c0, pc=0x0000000112d4cbcc)
     nmethod   3678  333             java.util.HashMap::getNode (148 bytes)

     Virtual frames (innermost first):
        0 - frame( sp=0x0000000308a7c680, unextended_sp=0x0000000308a7c680, fp=0x00000000f59c21e1, pc=0x0000000112d4cbcc)
java.util.HashMap.getNode(HashMap.java:573) - invokevirtual @ bci 59 
     Created vframeArray 0x00007fce7c054020
DEOPT UNPACKING thread 0x00007fce7c80f000 vframeArray 0x00007fce7c054020 mode 2
     {method} {0x0000000119c2d628} &apos;getNode&apos; &apos;(ILjava/lang/Object;)Ljava/util/HashMap$Node;&apos; in &apos;java/util/HashMap&apos; - invokevirtual @ bci 59 sp = 0x0000000308a7c620
<uncommon_trap thread='9219' reason='bimorphic' action='maybe_recompile' compile_id='333' compiler='C2' count='3' state='#15' stamp='3.679'>
Uncommon trap occurred in java.util.HashMap::getNode (@0x0000000112d4cbcc) thread=9219 reason=bimorphic action=maybe_recompile unloaded_class_index=-1
<jvms bci='59' method='java/util/HashMap getNode (ILjava/lang/Object;)Ljava/util/HashMap$Node;' bytes='148' count='6' backedge_count='1' iicount='39' decompiles='1' class_check_traps='4' bimorphic_traps='3'/>
</uncommon_trap>
DEOPT PACKING thread 0x00007fce7c80f000 Compiled frame (sp=0x0000000308a7c680 unextended sp=0x0000000308a7c680, fp=0x000000006499bd24, real_fp=0x0000000308a7c6c0, pc=0x0000000112d4cbcc)
     nmethod   3679  333             java.util.HashMap::getNode (148 bytes)

     Virtual frames (innermost first):
        0 - frame( sp=0x0000000308a7c680, unextended_sp=0x0000000308a7c680, fp=0x000000006499bd24, pc=0x0000000112d4cbcc)
java.util.HashMap.getNode(HashMap.java:573) - invokevirtual @ bci 59 
     Created vframeArray 0x00007fce7c05f820
DEOPT UNPACKING thread 0x00007fce7c80f000 vframeArray 0x00007fce7c05f820 mode 2
     {method} {0x0000000119c2d628} &apos;getNode&apos; &apos;(ILjava/lang/Object;)Ljava/util/HashMap$Node;&apos; in &apos;java/util/HashMap&apos; - invokevirtual @ bci 59 sp = 0x0000000308a7c620
<uncommon_trap thread='9219' reason='bimorphic' action='maybe_recompile' compile_id='555' compiler='C2' stamp='3.717'>
Uncommon trap occurred in java.util.concurrent.ConcurrentHashMap::get (@0x0000000112dc7774) thread=9219 reason=bimorphic action=maybe_recompile unloaded_class_index=-1
<jvms bci='1' method='java/util/concurrent/ConcurrentHashMap get (Ljava/lang/Object;)Ljava/lang/Object;' bytes='162' count='5' backedge_count='1' iicount='22'/>
</uncommon_trap>
DEOPT PACKING thread 0x00007fce7c80f000 Compiled frame (sp=0x0000000308a7d6c0 unextended sp=0x0000000308a7d6c0, fp=0x00000007956beeb8, real_fp=0x0000000308a7d700, pc=0x0000000112dc7774)
     nmethod   3716  555             java.util.concurrent.ConcurrentHashMap::get (162 bytes)

     Virtual frames (innermost first):
        0 - frame( sp=0x0000000308a7d6c0, unextended_sp=0x0000000308a7d6c0, fp=0x00000007956beeb8, pc=0x0000000112dc7774)
java.util.concurrent.ConcurrentHashMap.get(ConcurrentHashMap.java:936) - invokevirtual @ bci 1 
     Created vframeArray 0x00007fce7b03e620
DEOPT UNPACKING thread 0x00007fce7c80f000 vframeArray 0x00007fce7b03e620 mode 2
     {method} {0x0000000119d2b1e8} &apos;get&apos; &apos;(Ljava/lang/Object;)Ljava/lang/Object;&apos; in &apos;java/util/concurrent/ConcurrentHashMap&apos; - invokevirtual @ bci 1 sp = 0x0000000308a7d670
<uncommon_trap thread='9219' reason='bimorphic' action='maybe_recompile' compile_id='555' compiler='C2' count='1' state='#7' stamp='3.796'>
Uncommon trap occurred in java.util.concurrent.ConcurrentHashMap::get (@0x0000000112dc7774) thread=9219 reason=bimorphic action=maybe_recompile unloaded_class_index=-1
<jvms bci='1' method='java/util/concurrent/ConcurrentHashMap get (Ljava/lang/Object;)Ljava/lang/Object;' bytes='162' count='5' backedge_count='1' iicount='22' bimorphic_traps='1'/>
</uncommon_trap>
DEOPT PACKING thread 0x00007fce7c80f000 Compiled frame (sp=0x0000000308a7da70 unextended sp=0x0000000308a7da70, fp=0x00000007956c4e40, real_fp=0x0000000308a7dab0, pc=0x0000000112dc7774)
     nmethod   3795  555             java.util.concurrent.ConcurrentHashMap::get (162 bytes)

     Virtual frames (innermost first):
        0 - frame( sp=0x0000000308a7da70, unextended_sp=0x0000000308a7da70, fp=0x00000007956c4e40, pc=0x0000000112dc7774)
java.util.concurrent.ConcurrentHashMap.get(ConcurrentHashMap.java:936) - invokevirtual @ bci 1 
     Created vframeArray 0x00007fce7d060e20
DEOPT UNPACKING thread 0x00007fce7c80f000 vframeArray 0x00007fce7d060e20 mode 2
     {method} {0x0000000119d2b1e8} &apos;get&apos; &apos;(Ljava/lang/Object;)Ljava/lang/Object;&apos; in &apos;java/util/concurrent/ConcurrentHashMap&apos; - invokevirtual @ bci 1 sp = 0x0000000308a7da20
<uncommon_trap thread='9219' reason='bimorphic' action='maybe_recompile' compile_id='555' compiler='C2' count='2' state='#7' stamp='3.810'>
Uncommon trap occurred in java.util.concurrent.ConcurrentHashMap::get (@0x0000000112dc7774) thread=9219 reason=bimorphic action=maybe_recompile unloaded_class_index=-1
<jvms bci='1' method='java/util/concurrent/ConcurrentHashMap get (Ljava/lang/Object;)Ljava/lang/Object;' bytes='162' count='5' backedge_count='1' iicount='22' bimorphic_traps='2'/>
</uncommon_trap>
DEOPT PACKING thread 0x00007fce7c80f000 Compiled frame (sp=0x0000000308a7d4b0 unextended sp=0x0000000308a7d4b0, fp=0x00000007956beeb8, real_fp=0x0000000308a7d4f0, pc=0x0000000112dc7774)
     nmethod   3809  555             java.util.concurrent.ConcurrentHashMap::get (162 bytes)

     Virtual frames (innermost first):
        0 - frame( sp=0x0000000308a7d4b0, unextended_sp=0x0000000308a7d4b0, fp=0x00000007956beeb8, pc=0x0000000112dc7774)
java.util.concurrent.ConcurrentHashMap.get(ConcurrentHashMap.java:936) - invokevirtual @ bci 1 
     Created vframeArray 0x00007fce7c05f820
DEOPT UNPACKING thread 0x00007fce7c80f000 vframeArray 0x00007fce7c05f820 mode 2
     {method} {0x0000000119d2b1e8} &apos;get&apos; &apos;(Ljava/lang/Object;)Ljava/lang/Object;&apos; in &apos;java/util/concurrent/ConcurrentHashMap&apos; - invokevirtual @ bci 1 sp = 0x0000000308a7d460
<uncommon_trap thread='9219' reason='bimorphic' action='maybe_recompile' compile_id='555' compiler='C2' count='3' state='#7' stamp='3.823'>
Uncommon trap occurred in java.util.concurrent.ConcurrentHashMap::get (@0x0000000112dc7774) thread=9219 reason=bimorphic action=maybe_recompile unloaded_class_index=-1
<jvms bci='1' method='java/util/concurrent/ConcurrentHashMap get (Ljava/lang/Object;)Ljava/lang/Object;' bytes='162' count='5' backedge_count='1' iicount='22' bimorphic_traps='3'/>
</uncommon_trap>
DEOPT PACKING thread 0x00007fce7c80f000 Compiled frame (sp=0x0000000308a7d350 unextended sp=0x0000000308a7d350, fp=0x00000007956beeb8, real_fp=0x0000000308a7d390, pc=0x0000000112dc7774)
     nmethod   3822  555             java.util.concurrent.ConcurrentHashMap::get (162 bytes)

     Virtual frames (innermost first):
        0 - frame( sp=0x0000000308a7d350, unextended_sp=0x0000000308a7d350, fp=0x00000007956beeb8, pc=0x0000000112dc7774)
java.util.concurrent.ConcurrentHashMap.get(ConcurrentHashMap.java:936) - invokevirtual @ bci 1 
     Created vframeArray 0x00007fce7c871c20
DEOPT UNPACKING thread 0x00007fce7c80f000 vframeArray 0x00007fce7c871c20 mode 2
     {method} {0x0000000119d2b1e8} &apos;get&apos; &apos;(Ljava/lang/Object;)Ljava/lang/Object;&apos; in &apos;java/util/concurrent/ConcurrentHashMap&apos; - invokevirtual @ bci 1 sp = 0x0000000308a7d300
<uncommon_trap thread='9219' reason='uninitialized' action='reinterpret' compile_id='610' compiler='C2' stamp='4.045'>
Uncommon trap occurred in java.lang.invoke.LambdaForm::argument (@0x0000000112ddcd24) thread=9219 reason=uninitialized action=reinterpret unloaded_class_index=-1
<jvms bci='16' method='java/lang/invoke/LambdaForm argument (ILjava/lang/invoke/LambdaForm$BasicType;)Ljava/lang/invoke/LambdaForm$Name;' bytes='27' count='5' backedge_count='1' iicount='10'/>
</uncommon_trap>
DEOPT PACKING thread 0x00007fce7c80f000 Compiled frame (sp=0x0000000308a7ca50 unextended sp=0x0000000308a7ca50, fp=0x0000000000000000, real_fp=0x0000000308a7ca80, pc=0x0000000112ddcd24)
     nmethod   4045  610             java.lang.invoke.LambdaForm::argument (27 bytes)

     Virtual frames (innermost first):
        0 - frame( sp=0x0000000308a7ca50, unextended_sp=0x0000000308a7ca50, fp=0x0000000000000000, pc=0x0000000112ddcd24)
java.lang.invoke.LambdaForm.argument(LambdaForm.java:1649) - getstatic @ bci 16 
     Created vframeArray 0x00007fce7c060c20
DEOPT UNPACKING thread 0x00007fce7c80f000 vframeArray 0x00007fce7c060c20 mode 2
     {method} {0x0000000119b8ea10} &apos;argument&apos; &apos;(ILjava/lang/invoke/LambdaForm$BasicType;)Ljava/lang/invoke/LambdaForm$Name;&apos; in &apos;java/lang/invoke/LambdaForm&apos; - getstatic @ bci 16 sp = 0x0000000308a7ca30
<uncommon_trap thread='9219' reason='uninitialized' action='reinterpret' compile_id='609' compiler='C2' stamp='4.047'>
Uncommon trap occurred in java.lang.invoke.LambdaForm::normalize (@0x0000000112ddf320) thread=9219 reason=uninitialized action=reinterpret unloaded_class_index=-1
<jvms bci='176' method='java/lang/invoke/LambdaForm normalize ()I' bytes='322' count='3' backedge_count='9' iicount='3'/>
</uncommon_trap>
DEOPT PACKING thread 0x00007fce7c80f000 Compiled frame (sp=0x0000000308a7c910 unextended sp=0x0000000308a7c910, fp=0x00000007956c8f98, real_fp=0x0000000308a7c990, pc=0x0000000112ddf320)
     nmethod   4046  609             java.lang.invoke.LambdaForm::normalize (322 bytes)

     Virtual frames (innermost first):
        0 - frame( sp=0x0000000308a7c910, unextended_sp=0x0000000308a7c910, fp=0x00000007956c8f98, pc=0x0000000112ddf320)
java.lang.invoke.LambdaForm.normalize(LambdaForm.java:431) - getstatic @ bci 176 
     Created vframeArray 0x00007fce7c871c20
DEOPT UNPACKING thread 0x00007fce7c80f000 vframeArray 0x00007fce7c871c20 mode 2
     {method} {0x0000000119b8ad08} &apos;normalize&apos; &apos;()I&apos; in &apos;java/lang/invoke/LambdaForm&apos; - getstatic @ bci 176 sp = 0x0000000308a7c900
<uncommon_trap thread='9219' reason='uninitialized' action='reinterpret' compile_id='629' compiler='C2' count='1' stamp='4.088'>
Uncommon trap occurred in java.lang.invoke.LambdaForm::argument (@0x0000000112de471c) thread=9219 reason=uninitialized action=reinterpret unloaded_class_index=-1
<jvms bci='16' method='java/lang/invoke/LambdaForm argument (ILjava/lang/invoke/LambdaForm$BasicType;)Ljava/lang/invoke/LambdaForm$Name;' bytes='27' count='5' backedge_count='1' iicount='18' decompiles='1' uninitialized_traps='1'/>
</uncommon_trap>
DEOPT PACKING thread 0x00007fce7c80f000 Compiled frame (sp=0x0000000308a7ca50 unextended sp=0x0000000308a7ca50, fp=0x0000000000000001, real_fp=0x0000000308a7ca80, pc=0x0000000112de471c)
     nmethod   4088  629             java.lang.invoke.LambdaForm::argument (27 bytes)

     Virtual frames (innermost first):
        0 - frame( sp=0x0000000308a7ca50, unextended_sp=0x0000000308a7ca50, fp=0x0000000000000001, pc=0x0000000112de471c)
java.lang.invoke.LambdaForm.argument(LambdaForm.java:1649) - getstatic @ bci 16 
     Created vframeArray 0x00007fce7d060e20
DEOPT UNPACKING thread 0x00007fce7c80f000 vframeArray 0x00007fce7d060e20 mode 2
     {method} {0x0000000119b8ea10} &apos;argument&apos; &apos;(ILjava/lang/invoke/LambdaForm$BasicType;)Ljava/lang/invoke/LambdaForm$Name;&apos; in &apos;java/lang/invoke/LambdaForm&apos; - getstatic @ bci 16 sp = 0x0000000308a7ca30
<uncommon_trap thread='9219' reason='uninitialized' action='reinterpret' compile_id='631' compiler='C2' stamp='4.115'>
Uncommon trap occurred in java.lang.invoke.LambdaForm::internArgument (@0x0000000112de7a3c) thread=9219 reason=uninitialized action=reinterpret unloaded_class_index=-1
<jvms bci='0' method='java/lang/invoke/LambdaForm internArgument (Ljava/lang/invoke/LambdaForm$Name;)Ljava/lang/invoke/LambdaForm$Name;' bytes='84' count='5' backedge_count='1' iicount='10'/>
</uncommon_trap>
DEOPT PACKING thread 0x00007fce7c80f000 Compiled frame (sp=0x0000000308a7c8d0 unextended sp=0x0000000308a7c8d0, fp=0x00000007956c70d8, real_fp=0x0000000308a7c8f0, pc=0x0000000112de7a3c)
     nmethod   4114  631             java.lang.invoke.LambdaForm::internArgument (84 bytes)

     Virtual frames (innermost first):
        0 - frame( sp=0x0000000308a7c8d0, unextended_sp=0x0000000308a7c8d0, fp=0x00000007956c70d8, pc=0x0000000112de7a3c)
java.lang.invoke.LambdaForm.internArgument(LambdaForm.java:1652) - getstatic @ bci 0 
     Created vframeArray 0x00007fce7c060c20
DEOPT UNPACKING thread 0x00007fce7c80f000 vframeArray 0x00007fce7c060c20 mode 2
     {method} {0x0000000119b8eb18} &apos;internArgument&apos; &apos;(Ljava/lang/invoke/LambdaForm$Name;)Ljava/lang/invoke/LambdaForm$Name;&apos; in &apos;java/lang/invoke/LambdaForm&apos; - getstatic @ bci 0 sp = 0x0000000308a7c8a0
<uncommon_trap thread='9219' reason='uninitialized' action='reinterpret' compile_id='630' compiler='C2' count='1' stamp='4.115'>
Uncommon trap occurred in java.lang.invoke.LambdaForm::normalize (@0x0000000112de9db8) thread=9219 reason=uninitialized action=reinterpret unloaded_class_index=-1
<jvms bci='176' method='java/lang/invoke/LambdaForm normalize ()I' bytes='322' count='4' backedge_count='9' iicount='6' decompiles='1' uninitialized_traps='1'/>
</uncommon_trap>
DEOPT PACKING thread 0x00007fce7c80f000 Compiled frame (sp=0x0000000308a7c900 unextended sp=0x0000000308a7c900, fp=0x00000007956ca408, real_fp=0x0000000308a7c990, pc=0x0000000112de9db8)
     nmethod   4115  630             java.lang.invoke.LambdaForm::normalize (322 bytes)

     Virtual frames (innermost first):
        0 - frame( sp=0x0000000308a7c900, unextended_sp=0x0000000308a7c900, fp=0x00000007956ca408, pc=0x0000000112de9db8)
java.lang.invoke.LambdaForm.normalize(LambdaForm.java:431) - getstatic @ bci 176 
     Created vframeArray 0x00007fce7d060e20
DEOPT UNPACKING thread 0x00007fce7c80f000 vframeArray 0x00007fce7d060e20 mode 2
     {method} {0x0000000119b8ad08} &apos;normalize&apos; &apos;()I&apos; in &apos;java/lang/invoke/LambdaForm&apos; - getstatic @ bci 176 sp = 0x0000000308a7c900
<uncommon_trap thread='9219' reason='uninitialized' action='reinterpret' compile_id='638' compiler='C2' count='2' stamp='4.127'>
Uncommon trap occurred in java.lang.invoke.LambdaForm::argument (@0x0000000112de909c) thread=9219 reason=uninitialized action=reinterpret unloaded_class_index=-1
<jvms bci='16' method='java/lang/invoke/LambdaForm argument (ILjava/lang/invoke/LambdaForm$BasicType;)Ljava/lang/invoke/LambdaForm$Name;' bytes='27' count='5' backedge_count='1' iicount='26' decompiles='2' uninitialized_traps='2'/>
</uncommon_trap>
DEOPT PACKING thread 0x00007fce7c80f000 Compiled frame (sp=0x0000000308a7ca50 unextended sp=0x0000000308a7ca50, fp=0x0000000000000000, real_fp=0x0000000308a7ca80, pc=0x0000000112de909c)
     nmethod   4126  638             java.lang.invoke.LambdaForm::argument (27 bytes)

     Virtual frames (innermost first):
        0 - frame( sp=0x0000000308a7ca50, unextended_sp=0x0000000308a7ca50, fp=0x0000000000000000, pc=0x0000000112de909c)
java.lang.invoke.LambdaForm.argument(LambdaForm.java:1649) - getstatic @ bci 16 
     Created vframeArray 0x00007fce7c871c20
DEOPT UNPACKING thread 0x00007fce7c80f000 vframeArray 0x00007fce7c871c20 mode 2
     {method} {0x0000000119b8ea10} &apos;argument&apos; &apos;(ILjava/lang/invoke/LambdaForm$BasicType;)Ljava/lang/invoke/LambdaForm$Name;&apos; in &apos;java/lang/invoke/LambdaForm&apos; - getstatic @ bci 16 sp = 0x0000000308a7ca30
<uncommon_trap thread='9219' reason='uninitialized' action='reinterpret' compile_id='643' compiler='C2' stamp='4.143'>
Uncommon trap occurred in java.lang.invoke.LambdaForm::fixDebugName (@0x0000000112debf3c) thread=9219 reason=uninitialized action=reinterpret unloaded_class_index=-1
<jvms bci='0' method='java/lang/invoke/LambdaForm fixDebugName (Ljava/lang/String;)Ljava/lang/String;' bytes='236' count='5' backedge_count='1' iicount='10'/>
</uncommon_trap>
DEOPT PACKING thread 0x00007fce7c80f000 Compiled frame (sp=0x0000000308a7c9b0 unextended sp=0x0000000308a7c9b0, fp=0x00000007956cae10, real_fp=0x0000000308a7c9d0, pc=0x0000000112debf3c)
     nmethod   4143  643   !         java.lang.invoke.LambdaForm::fixDebugName (236 bytes)

     Virtual frames (innermost first):
        0 - frame( sp=0x0000000308a7c9b0, unextended_sp=0x0000000308a7c9b0, fp=0x00000007956cae10, pc=0x0000000112debf3c)
java.lang.invoke.LambdaForm.fixDebugName(LambdaForm.java:335) - getstatic @ bci 0 
     Created vframeArray 0x00007fce7d060e20
DEOPT UNPACKING thread 0x00007fce7c80f000 vframeArray 0x00007fce7d060e20 mode 2
     {method} {0x0000000119b8a6e0} &apos;fixDebugName&apos; &apos;(Ljava/lang/String;)Ljava/lang/String;&apos; in &apos;java/lang/invoke/LambdaForm&apos; - getstatic @ bci 0 sp = 0x0000000308a7c940
<dependency_failed type='abstract_with_unique_concrete_subtype' ctxk='java/lang/invoke/MethodHandle' x='java/lang/invoke/DirectMethodHandle' witness='java/lang/invoke/SimpleMethodHandle' stamp='4.172'/>
<dependency_failed type='abstract_with_unique_concrete_subtype' ctxk='java/lang/invoke/MethodHandle' x='java/lang/invoke/DirectMethodHandle' witness='java/lang/invoke/SimpleMethodHandle' stamp='4.172'/>
<dependency_failed type='abstract_with_unique_concrete_subtype' ctxk='java/lang/invoke/MethodHandle' x='java/lang/invoke/DirectMethodHandle' witness='java/lang/invoke/SimpleMethodHandle' stamp='4.172'/>
<uncommon_trap thread='9219' reason='class_check' action='maybe_recompile' compile_id='645' compiler='C2' stamp='4.293'>
Uncommon trap occurred in java.lang.invoke.MemberName::getMethodType (@0x0000000112debb08) thread=9219 reason=class_check action=maybe_recompile unloaded_class_index=-1
<jvms bci='39' method='java/lang/invoke/MemberName getMethodType ()Ljava/lang/invoke/MethodType;' bytes='208' count='5' backedge_count='1' iicount='10'/>
</uncommon_trap>
DEOPT PACKING thread 0x00007fce7c80f000 Compiled frame (sp=0x0000000308a7a280 unextended sp=0x0000000308a7a280, fp=0x00000007957757a8, real_fp=0x0000000308a7a2b0, pc=0x0000000112debb08)
     nmethod   4292  645   !         java.lang.invoke.MemberName::getMethodType (208 bytes)

     Virtual frames (innermost first):
        0 - frame( sp=0x0000000308a7a280, unextended_sp=0x0000000308a7a280, fp=0x00000007957757a8, pc=0x0000000112debb08)
java.lang.invoke.MemberName.getMethodType(MemberName.java:135) - instanceof @ bci 39 
     Created vframeArray 0x00007fce7c062420
DEOPT UNPACKING thread 0x00007fce7c80f000 vframeArray 0x00007fce7c062420 mode 2
     {method} {0x0000000119b7e8a8} &apos;getMethodType&apos; &apos;()Ljava/lang/invoke/MethodType;&apos; in &apos;java/lang/invoke/MemberName&apos; - instanceof @ bci 39 sp = 0x0000000308a7a220
<uncommon_trap thread='9219' reason='uninitialized' action='reinterpret' compile_id='683' compiler='C2' count='3' stamp='4.331'>
Uncommon trap occurred in java.lang.invoke.LambdaForm::argument (@0x0000000112def8f0) thread=9219 reason=uninitialized action=reinterpret unloaded_class_index=-1
<jvms bci='16' method='java/lang/invoke/LambdaForm argument (ILjava/lang/invoke/LambdaForm$BasicType;)Ljava/lang/invoke/LambdaForm$Name;' bytes='27' count='5' backedge_count='1' iicount='34' decompiles='3' uninitialized_traps='3'/>
</uncommon_trap>
DEOPT PACKING thread 0x00007fce7c80f000 Compiled frame (sp=0x0000000308a7a040 unextended sp=0x0000000308a7a040, fp=0x0000000000000001, real_fp=0x0000000308a7a070, pc=0x0000000112def8f0)
     nmethod   4331  683             java.lang.invoke.LambdaForm::argument (27 bytes)

     Virtual frames (innermost first):
        0 - frame( sp=0x0000000308a7a040, unextended_sp=0x0000000308a7a040, fp=0x0000000000000001, pc=0x0000000112def8f0)
java.lang.invoke.LambdaForm.argument(LambdaForm.java:1649) - getstatic @ bci 16 
     Created vframeArray 0x00007fce7b03e620
DEOPT UNPACKING thread 0x00007fce7c80f000 vframeArray 0x00007fce7b03e620 mode 2
     {method} {0x0000000119b8ea10} &apos;argument&apos; &apos;(ILjava/lang/invoke/LambdaForm$BasicType;)Ljava/lang/invoke/LambdaForm$Name;&apos; in &apos;java/lang/invoke/LambdaForm&apos; - getstatic @ bci 16 sp = 0x0000000308a7a020
<uncommon_trap thread='9219' reason='uninitialized' action='reinterpret' compile_id='644' compiler='C2' count='2' stamp='4.348'>
Uncommon trap occurred in java.lang.invoke.LambdaForm::normalize (@0x0000000112df0908) thread=9219 reason=uninitialized action=reinterpret unloaded_class_index=-1
<jvms bci='176' method='java/lang/invoke/LambdaForm normalize ()I' bytes='322' count='4' backedge_count='7' iicount='9' decompiles='2' uninitialized_traps='2'/>
</uncommon_trap>
DEOPT PACKING thread 0x00007fce7c80f000 Compiled frame (sp=0x0000000308a79f60 unextended sp=0x0000000308a79f60, fp=0x0000000795776f68, real_fp=0x0000000308a79ff0, pc=0x0000000112df0908)
     nmethod   4348  644             java.lang.invoke.LambdaForm::normalize (322 bytes)

     Virtual frames (innermost first):
        0 - frame( sp=0x0000000308a79f60, unextended_sp=0x0000000308a79f60, fp=0x0000000795776f68, pc=0x0000000112df0908)
java.lang.invoke.LambdaForm.normalize(LambdaForm.java:431) - getstatic @ bci 176 
     Created vframeArray 0x00007fce7c872420
DEOPT UNPACKING thread 0x00007fce7c80f000 vframeArray 0x00007fce7c872420 mode 2
     {method} {0x0000000119b8ad08} &apos;normalize&apos; &apos;()I&apos; in &apos;java/lang/invoke/LambdaForm&apos; - getstatic @ bci 176 sp = 0x0000000308a79f60
<uncommon_trap thread='9219' reason='class_check' action='maybe_recompile' compile_id='645' compiler='C2' count='1' state='class_check' stamp='4.510'>
Uncommon trap occurred in java.lang.invoke.MemberName::getMethodType (@0x0000000112debb08) thread=9219 reason=class_check action=maybe_recompile unloaded_class_index=-1
<jvms bci='39' method='java/lang/invoke/MemberName getMethodType ()Ljava/lang/invoke/MethodType;' bytes='208' count='5' backedge_count='1' iicount='10' class_check_traps='1'/>
</uncommon_trap>
DEOPT PACKING thread 0x00007fce7c80f000 Compiled frame (sp=0x0000000308a7a280 unextended sp=0x0000000308a7a280, fp=0x00000007957758b0, real_fp=0x0000000308a7a2b0, pc=0x0000000112debb08)
     nmethod   4510  645   !         java.lang.invoke.MemberName::getMethodType (208 bytes)

     Virtual frames (innermost first):
        0 - frame( sp=0x0000000308a7a280, unextended_sp=0x0000000308a7a280, fp=0x00000007957758b0, pc=0x0000000112debb08)
java.lang.invoke.MemberName.getMethodType(MemberName.java:135) - instanceof @ bci 39 
     Created vframeArray 0x00007fce7d068620
DEOPT UNPACKING thread 0x00007fce7c80f000 vframeArray 0x00007fce7d068620 mode 2
     {method} {0x0000000119b7e8a8} &apos;getMethodType&apos; &apos;()Ljava/lang/invoke/MethodType;&apos; in &apos;java/lang/invoke/MemberName&apos; - instanceof @ bci 39 sp = 0x0000000308a7a220
<uncommon_trap thread='9219' reason='class_check' action='maybe_recompile' compile_id='645' compiler='C2' count='2' state='class_check' stamp='4.511'>
Uncommon trap occurred in java.lang.invoke.MemberName::getMethodType (@0x0000000112debb08) thread=9219 reason=class_check action=maybe_recompile unloaded_class_index=-1
<jvms bci='39' method='java/lang/invoke/MemberName getMethodType ()Ljava/lang/invoke/MethodType;' bytes='208' count='5' backedge_count='1' iicount='10' class_check_traps='2'/>
</uncommon_trap>
DEOPT PACKING thread 0x00007fce7c80f000 Compiled frame (sp=0x0000000308a7a280 unextended sp=0x0000000308a7a280, fp=0x00000007957759c8, real_fp=0x0000000308a7a2b0, pc=0x0000000112debb08)
     nmethod   4511  645   !         java.lang.invoke.MemberName::getMethodType (208 bytes)

     Virtual frames (innermost first):
        0 - frame( sp=0x0000000308a7a280, unextended_sp=0x0000000308a7a280, fp=0x00000007957759c8, pc=0x0000000112debb08)
java.lang.invoke.MemberName.getMethodType(MemberName.java:135) - instanceof @ bci 39 
     Created vframeArray 0x00007fce7d039220
DEOPT UNPACKING thread 0x00007fce7c80f000 vframeArray 0x00007fce7d039220 mode 2
     {method} {0x0000000119b7e8a8} &apos;getMethodType&apos; &apos;()Ljava/lang/invoke/MethodType;&apos; in &apos;java/lang/invoke/MemberName&apos; - instanceof @ bci 39 sp = 0x0000000308a7a220
<uncommon_trap thread='9219' reason='uninitialized' action='reinterpret' compile_id='709' compiler='C2' count='1' stamp='4.518'>
Uncommon trap occurred in java.lang.invoke.LambdaForm::internArgument (@0x0000000112ccec7c) thread=9219 reason=uninitialized action=reinterpret unloaded_class_index=-1
<jvms bci='0' method='java/lang/invoke/LambdaForm internArgument (Ljava/lang/invoke/LambdaForm$Name;)Ljava/lang/invoke/LambdaForm$Name;' bytes='84' count='5' backedge_count='1' iicount='18' decompiles='1' uninitialized_traps='1'/>
</uncommon_trap>
DEOPT PACKING thread 0x00007fce7c80f000 Compiled frame (sp=0x0000000308a79f40 unextended sp=0x0000000308a79f40, fp=0x00000007956c6a50, real_fp=0x0000000308a79f60, pc=0x0000000112ccec7c)
     nmethod   4518  709             java.lang.invoke.LambdaForm::internArgument (84 bytes)

     Virtual frames (innermost first):
        0 - frame( sp=0x0000000308a79f40, unextended_sp=0x0000000308a79f40, fp=0x00000007956c6a50, pc=0x0000000112ccec7c)
java.lang.invoke.LambdaForm.internArgument(LambdaForm.java:1652) - getstatic @ bci 0 
     Created vframeArray 0x00007fce7b042e20
DEOPT UNPACKING thread 0x00007fce7c80f000 vframeArray 0x00007fce7b042e20 mode 2
     {method} {0x0000000119b8eb18} &apos;internArgument&apos; &apos;(Ljava/lang/invoke/LambdaForm$Name;)Ljava/lang/invoke/LambdaForm$Name;&apos; in &apos;java/lang/invoke/LambdaForm&apos; - getstatic @ bci 0 sp = 0x0000000308a79f10
<uncommon_trap thread='9219' reason='class_check' action='maybe_recompile' compile_id='645' compiler='C2' count='3' state='class_check' stamp='4.703'>
Uncommon trap occurred in java.lang.invoke.MemberName::getMethodType (@0x0000000112debb08) thread=9219 reason=class_check action=maybe_recompile unloaded_class_index=-1
<jvms bci='39' method='java/lang/invoke/MemberName getMethodType ()Ljava/lang/invoke/MethodType;' bytes='208' count='5' backedge_count='1' iicount='10' class_check_traps='3'/>
</uncommon_trap>
DEOPT PACKING thread 0x00007fce7c80f000 Compiled frame (sp=0x0000000308a7a280 unextended sp=0x0000000308a7a280, fp=0x0000000795775ad0, real_fp=0x0000000308a7a2b0, pc=0x0000000112debb08)
     nmethod   4703  645   !         java.lang.invoke.MemberName::getMethodType (208 bytes)

     Virtual frames (innermost first):
        0 - frame( sp=0x0000000308a7a280, unextended_sp=0x0000000308a7a280, fp=0x0000000795775ad0, pc=0x0000000112debb08)
java.lang.invoke.MemberName.getMethodType(MemberName.java:135) - instanceof @ bci 39 
     Created vframeArray 0x00007fce7c873e20
DEOPT UNPACKING thread 0x00007fce7c80f000 vframeArray 0x00007fce7c873e20 mode 2
     {method} {0x0000000119b7e8a8} &apos;getMethodType&apos; &apos;()Ljava/lang/invoke/MethodType;&apos; in &apos;java/lang/invoke/MemberName&apos; - instanceof @ bci 39 sp = 0x0000000308a7a220
<uncommon_trap thread='9219' reason='uninitialized' action='reinterpret' compile_id='734' compiler='C2' count='4' stamp='4.759'>
Uncommon trap occurred in java.lang.invoke.LambdaForm::argument (@0x0000000112e0b884) thread=9219 reason=uninitialized action=reinterpret unloaded_class_index=-1
<jvms bci='16' method='java/lang/invoke/LambdaForm argument (ILjava/lang/invoke/LambdaForm$BasicType;)Ljava/lang/invoke/LambdaForm$Name;' bytes='27' count='5' backedge_count='1' iicount='42' decompiles='4' uninitialized_traps='4'/>
</uncommon_trap>
DEOPT PACKING thread 0x00007fce7c80f000 Compiled frame (sp=0x0000000308a79ed0 unextended sp=0x0000000308a79ed0, fp=0x0000000000000000, real_fp=0x0000000308a79f00, pc=0x0000000112e0b884)
     nmethod   4758  734             java.lang.invoke.LambdaForm::argument (27 bytes)

     Virtual frames (innermost first):
        0 - frame( sp=0x0000000308a79ed0, unextended_sp=0x0000000308a79ed0, fp=0x0000000000000000, pc=0x0000000112e0b884)
java.lang.invoke.LambdaForm.argument(LambdaForm.java:1649) - getstatic @ bci 16 
     Created vframeArray 0x00007fce7c062420
DEOPT UNPACKING thread 0x00007fce7c80f000 vframeArray 0x00007fce7c062420 mode 2
     {method} {0x0000000119b8ea10} &apos;argument&apos; &apos;(ILjava/lang/invoke/LambdaForm$BasicType;)Ljava/lang/invoke/LambdaForm$Name;&apos; in &apos;java/lang/invoke/LambdaForm&apos; - getstatic @ bci 16 sp = 0x0000000308a79eb0
<uncommon_trap thread='9219' reason='uninitialized' action='reinterpret' compile_id='737' compiler='C2' count='3' stamp='5.061'>
Uncommon trap occurred in java.lang.invoke.LambdaForm::normalize (@0x0000000112e1c658) thread=9219 reason=uninitialized action=reinterpret unloaded_class_index=-1
<jvms bci='176' method='java/lang/invoke/LambdaForm normalize ()I' bytes='322' count='3' backedge_count='11' iicount='11' decompiles='3' uninitialized_traps='3'/>
</uncommon_trap>
DEOPT PACKING thread 0x00007fce7c80f000 Compiled frame (sp=0x0000000308a79f70 unextended sp=0x0000000308a79f70, fp=0x0000000795785000, real_fp=0x0000000308a79ff0, pc=0x0000000112e1c658)
     nmethod   5061  737             java.lang.invoke.LambdaForm::normalize (322 bytes)

     Virtual frames (innermost first):
        0 - frame( sp=0x0000000308a79f70, unextended_sp=0x0000000308a79f70, fp=0x0000000795785000, pc=0x0000000112e1c658)
java.lang.invoke.LambdaForm.normalize(LambdaForm.java:431) - getstatic @ bci 176 
     Created vframeArray 0x00007fce7d06a020
DEOPT UNPACKING thread 0x00007fce7c80f000 vframeArray 0x00007fce7d06a020 mode 2
     {method} {0x0000000119b8ad08} &apos;normalize&apos; &apos;()I&apos; in &apos;java/lang/invoke/LambdaForm&apos; - getstatic @ bci 176 sp = 0x0000000308a79f60
<uncommon_trap thread='9219' reason='uninitialized' action='reinterpret' compile_id='768' compiler='C2' stamp='5.083'>
Uncommon trap occurred in java.lang.invoke.LambdaForm::compileToBytecode (@0x0000000112e2bff4) thread=9219 reason=uninitialized action=reinterpret unloaded_class_index=-1
<jvms bci='24' method='java/lang/invoke/LambdaForm compileToBytecode ()Ljava/lang/invoke/MemberName;' bytes='103' count='5' backedge_count='1' iicount='10'/>
</uncommon_trap>
DEOPT PACKING thread 0x00007fce7c80f000 Compiled frame (sp=0x0000000308a7a0d0 unextended sp=0x0000000308a7a0d0, fp=0x0000000795785000, real_fp=0x0000000308a7a100, pc=0x0000000112e2bff4)
     nmethod   5082  768   !         java.lang.invoke.LambdaForm::compileToBytecode (103 bytes)

     Virtual frames (innermost first):
        0 - frame( sp=0x0000000308a7a0d0, unextended_sp=0x0000000308a7a0d0, fp=0x0000000795785000, pc=0x0000000112e2bff4)
java.lang.invoke.LambdaForm.compileToBytecode(LambdaForm.java:652) - getstatic @ bci 24 
     Created vframeArray 0x00007fce7d06ba20
DEOPT UNPACKING thread 0x00007fce7c80f000 vframeArray 0x00007fce7d06ba20 mode 2
     {method} {0x0000000119b8bca0} &apos;compileToBytecode&apos; &apos;()Ljava/lang/invoke/MemberName;&apos; in &apos;java/lang/invoke/LambdaForm&apos; - getstatic @ bci 24 sp = 0x0000000308a7a0a0
<uncommon_trap thread='9219' reason='uninitialized' action='reinterpret' compile_id='807' compiler='C2' count='5' stamp='5.284'>
Uncommon trap occurred in java.lang.invoke.LambdaForm::argument (@0x0000000112e40544) thread=9219 reason=uninitialized action=reinterpret unloaded_class_index=-1
<jvms bci='16' method='java/lang/invoke/LambdaForm argument (ILjava/lang/invoke/LambdaForm$BasicType;)Ljava/lang/invoke/LambdaForm$Name;' bytes='27' count='5' backedge_count='1' iicount='50' decompiles='5' uninitialized_traps='5'/>
</uncommon_trap>
DEOPT PACKING thread 0x00007fce7c80f000 Compiled frame (sp=0x0000000308a7a220 unextended sp=0x0000000308a7a220, fp=0x0000000000000001, real_fp=0x0000000308a7a250, pc=0x0000000112e40544)
     nmethod   5283  807             java.lang.invoke.LambdaForm::argument (27 bytes)

     Virtual frames (innermost first):
        0 - frame( sp=0x0000000308a7a220, unextended_sp=0x0000000308a7a220, fp=0x0000000000000001, pc=0x0000000112e40544)
java.lang.invoke.LambdaForm.argument(LambdaForm.java:1649) - getstatic @ bci 16 
     Created vframeArray 0x00007fce7c874620
DEOPT UNPACKING thread 0x00007fce7c80f000 vframeArray 0x00007fce7c874620 mode 2
     {method} {0x0000000119b8ea10} &apos;argument&apos; &apos;(ILjava/lang/invoke/LambdaForm$BasicType;)Ljava/lang/invoke/LambdaForm$Name;&apos; in &apos;java/lang/invoke/LambdaForm&apos; - getstatic @ bci 16 sp = 0x0000000308a7a1f0
<uncommon_trap thread='9219' reason='uninitialized' action='reinterpret' compile_id='816' compiler='C2' stamp='5.330'>
Uncommon trap occurred in java.lang.invoke.LambdaForm::parameter (@0x0000000112e4a4dc) thread=9219 reason=uninitialized action=reinterpret unloaded_class_index=-1
<jvms bci='0' method='java/lang/invoke/LambdaForm parameter (I)Ljava/lang/invoke/LambdaForm$Name;' bytes='52' count='5' backedge_count='1' iicount='10'/>
</uncommon_trap>
DEOPT PACKING thread 0x00007fce7c80f000 Compiled frame (sp=0x0000000308a7a0f0 unextended sp=0x0000000308a7a0f0, fp=0x0000000795788960, real_fp=0x0000000308a7a120, pc=0x0000000112e4a4dc)
     nmethod   5329  816             java.lang.invoke.LambdaForm::parameter (52 bytes)

     Virtual frames (innermost first):
        0 - frame( sp=0x0000000308a7a0f0, unextended_sp=0x0000000308a7a0f0, fp=0x0000000795788960, pc=0x0000000112e4a4dc)
java.lang.invoke.LambdaForm.parameter(LambdaForm.java:505) - getstatic @ bci 0 
     Created vframeArray 0x00007fce7c063e20
DEOPT UNPACKING thread 0x00007fce7c80f000 vframeArray 0x00007fce7c063e20 mode 2
     {method} {0x0000000119b8b2a0} &apos;parameter&apos; &apos;(I)Ljava/lang/invoke/LambdaForm$Name;&apos; in &apos;java/lang/invoke/LambdaForm&apos; - getstatic @ bci 0 sp = 0x0000000308a7a0c8
<uncommon_trap thread='9219' reason='uninitialized' action='reinterpret' compile_id='808' compiler='C2' stamp='5.455'>
Uncommon trap occurred in java.lang.invoke.LambdaForm::basicTypeSignature (@0x0000000112e4d3a0) thread=9219 reason=uninitialized action=reinterpret unloaded_class_index=-1
<jvms bci='76' method='java/lang/invoke/LambdaForm basicTypeSignature (Ljava/lang/invoke/MethodType;)Ljava/lang/String;' bytes='101' count='5' backedge_count='7' iicount='5'/>
</uncommon_trap>
DEOPT PACKING thread 0x00007fce7c80f000 Compiled frame (sp=0x0000000308a7adf0 unextended sp=0x0000000308a7adf0, fp=0x000000079578b448, real_fp=0x0000000308a7ae50, pc=0x0000000112e4d3a0)
     nmethod   5454  808             java.lang.invoke.LambdaForm::basicTypeSignature (101 bytes)

     Virtual frames (innermost first):
        0 - frame( sp=0x0000000308a7adf0, unextended_sp=0x0000000308a7adf0, fp=0x000000079578b448, pc=0x0000000112e4d3a0)
java.lang.invoke.LambdaForm.basicTypeSignature(LambdaForm.java:1340) - getstatic @ bci 76 
     Created vframeArray 0x00007fce7d06ba20
DEOPT UNPACKING thread 0x00007fce7c80f000 vframeArray 0x00007fce7d06ba20 mode 2
     {method} {0x0000000119b8e400} &apos;basicTypeSignature&apos; &apos;(Ljava/lang/invoke/MethodType;)Ljava/lang/String;&apos; in &apos;java/lang/invoke/LambdaForm&apos; - getstatic @ bci 76 sp = 0x0000000308a7ade0
<uncommon_trap thread='9219' reason='loop_limit_check' action='maybe_recompile' compile_id='736' compiler='C2' stamp='5.456'>
Uncommon trap occurred in java.lang.invoke.LambdaForm::shortenSignature (@0x0000000112e1a974) thread=9219 reason=loop_limit_check action=maybe_recompile unloaded_class_index=-1
<jvms bci='97' method='java/lang/invoke/LambdaForm shortenSignature (Ljava/lang/String;)Ljava/lang/String;' bytes='166' count='3' backedge_count='9' iicount='3'/>
</uncommon_trap>
DEOPT PACKING thread 0x00007fce7c80f000 Compiled frame (sp=0x0000000308a7adf0 unextended sp=0x0000000308a7adf0, fp=0x0000000000000000, real_fp=0x0000000308a7ae50, pc=0x0000000112e1a974)
     nmethod   5455  736             java.lang.invoke.LambdaForm::shortenSignature (166 bytes)

     Virtual frames (innermost first):
        0 - frame( sp=0x0000000308a7adf0, unextended_sp=0x0000000308a7adf0, fp=0x0000000000000000, pc=0x0000000112e1a974)
java.lang.invoke.LambdaForm.shortenSignature(LambdaForm.java:1360) - aload @ bci 97 
     Created vframeArray 0x00007fce7c874620
DEOPT UNPACKING thread 0x00007fce7c80f000 vframeArray 0x00007fce7c874620 mode 2
     {method} {0x0000000119b8e5d8} &apos;shortenSignature&apos; &apos;(Ljava/lang/String;)Ljava/lang/String;&apos; in &apos;java/lang/invoke/LambdaForm&apos; - aload @ bci 97 sp = 0x0000000308a7adb8
<uncommon_trap thread='9219' reason='uninitialized' action='reinterpret' compile_id='813' compiler='C2' count='2' stamp='5.477'>
Uncommon trap occurred in java.lang.invoke.LambdaForm::internArgument (@0x0000000112e19dfc) thread=9219 reason=uninitialized action=reinterpret unloaded_class_index=-1
<jvms bci='0' method='java/lang/invoke/LambdaForm internArgument (Ljava/lang/invoke/LambdaForm$Name;)Ljava/lang/invoke/LambdaForm$Name;' bytes='84' count='5' backedge_count='1' iicount='26' decompiles='2' uninitialized_traps='2'/>
</uncommon_trap>
DEOPT PACKING thread 0x00007fce7c80f000 Compiled frame (sp=0x0000000308a7acd0 unextended sp=0x0000000308a7acd0, fp=0x00000007956c6a30, real_fp=0x0000000308a7acf0, pc=0x0000000112e19dfc)
     nmethod   5477  813             java.lang.invoke.LambdaForm::internArgument (84 bytes)

     Virtual frames (innermost first):
        0 - frame( sp=0x0000000308a7acd0, unextended_sp=0x0000000308a7acd0, fp=0x00000007956c6a30, pc=0x0000000112e19dfc)
java.lang.invoke.LambdaForm.internArgument(LambdaForm.java:1652) - getstatic @ bci 0 
     Created vframeArray 0x00007fce7c063e20
DEOPT UNPACKING thread 0x00007fce7c80f000 vframeArray 0x00007fce7c063e20 mode 2
     {method} {0x0000000119b8eb18} &apos;internArgument&apos; &apos;(Ljava/lang/invoke/LambdaForm$Name;)Ljava/lang/invoke/LambdaForm$Name;&apos; in &apos;java/lang/invoke/LambdaForm&apos; - getstatic @ bci 0 sp = 0x0000000308a7aca0
<uncommon_trap thread='9219' reason='uninitialized' action='reinterpret' compile_id='817' compiler='C2' stamp='5.479'>
Uncommon trap occurred in java.lang.invoke.LambdaForm::signatureArity (@0x0000000112e3043c) thread=9219 reason=uninitialized action=reinterpret unloaded_class_index=-1
<jvms bci='0' method='java/lang/invoke/LambdaForm signatureArity (Ljava/lang/String;)I' bytes='28' count='5' backedge_count='1' iicount='10'/>
</uncommon_trap>
DEOPT PACKING thread 0x00007fce7c80f000 Compiled frame (sp=0x0000000308a7ad20 unextended sp=0x0000000308a7ad20, fp=0x000000079578b688, real_fp=0x0000000308a7ad40, pc=0x0000000112e3043c)
     nmethod   5479  817             java.lang.invoke.LambdaForm::signatureArity (28 bytes)

     Virtual frames (innermost first):
        0 - frame( sp=0x0000000308a7ad20, unextended_sp=0x0000000308a7ad20, fp=0x000000079578b688, pc=0x0000000112e3043c)
java.lang.invoke.LambdaForm.signatureArity(LambdaForm.java:538) - getstatic @ bci 0 
     Created vframeArray 0x00007fce7d06ba20
DEOPT UNPACKING thread 0x00007fce7c80f000 vframeArray 0x00007fce7d06ba20 mode 2
     {method} {0x0000000119b8b760} &apos;signatureArity&apos; &apos;(Ljava/lang/String;)I&apos; in &apos;java/lang/invoke/LambdaForm&apos; - getstatic @ bci 0 sp = 0x0000000308a7ace8
<uncommon_trap thread='9219' reason='uninitialized' action='reinterpret' compile_id='805' compiler='C2' stamp='5.495'>
Uncommon trap occurred in java.lang.invoke.LambdaForm::prepare (@0x0000000112e40e1c) thread=9219 reason=uninitialized action=reinterpret unloaded_class_index=-1
<jvms bci='0' method='java/lang/invoke/LambdaForm prepare ()V' bytes='43' count='6' backedge_count='1' iicount='11'/>
</uncommon_trap>
DEOPT PACKING thread 0x00007fce7c80f000 Compiled frame (sp=0x0000000308a7af20 unextended sp=0x0000000308a7af20, fp=0x000000079578b5f8, real_fp=0x0000000308a7af40, pc=0x0000000112e40e1c)
     nmethod   5494  805             java.lang.invoke.LambdaForm::prepare (43 bytes)

     Virtual frames (innermost first):
        0 - frame( sp=0x0000000308a7af20, unextended_sp=0x0000000308a7af20, fp=0x000000079578b5f8, pc=0x0000000112e40e1c)
java.lang.invoke.LambdaForm.prepare(LambdaForm.java:634) - getstatic @ bci 0 
     Created vframeArray 0x00007fce7b051420
DEOPT UNPACKING thread 0x00007fce7c80f000 vframeArray 0x00007fce7b051420 mode 2
     {method} {0x0000000119b8bb58} &apos;prepare&apos; &apos;()V&apos; in &apos;java/lang/invoke/LambdaForm&apos; - getstatic @ bci 0 sp = 0x0000000308a7aee8
<uncommon_trap thread='9219' reason='uninitialized' action='reinterpret' compile_id='844' compiler='C2' count='6' stamp='5.519'>
Uncommon trap occurred in java.lang.invoke.LambdaForm::argument (@0x0000000112e5c1c4) thread=9219 reason=uninitialized action=reinterpret unloaded_class_index=-1
<jvms bci='16' method='java/lang/invoke/LambdaForm argument (ILjava/lang/invoke/LambdaForm$BasicType;)Ljava/lang/invoke/LambdaForm$Name;' bytes='27' count='5' backedge_count='1' iicount='58' decompiles='6' uninitialized_traps='6'/>
</uncommon_trap>
DEOPT PACKING thread 0x00007fce7c80f000 Compiled frame (sp=0x0000000308a7ad30 unextended sp=0x0000000308a7ad30, fp=0x0000000000000000, real_fp=0x0000000308a7ad60, pc=0x0000000112e5c1c4)
     nmethod   5519  844             java.lang.invoke.LambdaForm::argument (27 bytes)

     Virtual frames (innermost first):
        0 - frame( sp=0x0000000308a7ad30, unextended_sp=0x0000000308a7ad30, fp=0x0000000000000000, pc=0x0000000112e5c1c4)
java.lang.invoke.LambdaForm.argument(LambdaForm.java:1649) - getstatic @ bci 16 
     Created vframeArray 0x00007fce7b052e20
DEOPT UNPACKING thread 0x00007fce7c80f000 vframeArray 0x00007fce7b052e20 mode 2
     {method} {0x0000000119b8ea10} &apos;argument&apos; &apos;(ILjava/lang/invoke/LambdaForm$BasicType;)Ljava/lang/invoke/LambdaForm$Name;&apos; in &apos;java/lang/invoke/LambdaForm&apos; - getstatic @ bci 16 sp = 0x0000000308a7ad00
<uncommon_trap thread='9219' reason='class_check' action='maybe_recompile' compile_id='790' compiler='C2' stamp='5.526'>
Uncommon trap occurred in java.lang.invoke.InvokerBytecodeGenerator::emitPushArgument (@0x0000000112e38410) thread=9219 reason=class_check action=maybe_recompile unloaded_class_index=-1
<jvms bci='6' method='java/lang/invoke/InvokerBytecodeGenerator emitPushArgument (Ljava/lang/Class;Ljava/lang/Object;)V' bytes='120' count='6' backedge_count='1' iicount='11'/>
</uncommon_trap>
DEOPT PACKING thread 0x00007fce7c80f000 Compiled frame (sp=0x0000000308a7acf0 unextended sp=0x0000000308a7acf0, fp=0x000000079578f880, real_fp=0x0000000308a7ad40, pc=0x0000000112e38410)
     nmethod   5525  790             java.lang.invoke.InvokerBytecodeGenerator::emitPushArgument (120 bytes)

     Virtual frames (innermost first):
        0 - frame( sp=0x0000000308a7acf0, unextended_sp=0x0000000308a7acf0, fp=0x000000079578f880, pc=0x0000000112e38410)
java.lang.invoke.InvokerBytecodeGenerator.emitPushArgument(InvokerBytecodeGenerator.java:1156) - instanceof @ bci 6 
     Created vframeArray 0x00007fce7c874620
DEOPT UNPACKING thread 0x00007fce7c80f000 vframeArray 0x00007fce7c874620 mode 2
     {method} {0x0000000119efa930} &apos;emitPushArgument&apos; &apos;(Ljava/lang/Class;Ljava/lang/Object;)V&apos; in &apos;java/lang/invoke/InvokerBytecodeGenerator&apos; - instanceof @ bci 6 sp = 0x0000000308a7acc0
<uncommon_trap thread='9219' reason='uninitialized' action='reinterpret' compile_id='578' compiler='C2' stamp='5.526'>
Uncommon trap occurred in sun.invoke.util.Wrapper::hashWrap (@0x0000000112dd0548) thread=9219 reason=uninitialized action=reinterpret unloaded_class_index=-1
<jvms bci='8' method='sun/invoke/util/Wrapper hashWrap (Ljava/lang/Class;)I' bytes='62' count='5' backedge_count='1' iicount='10'/>
</uncommon_trap>
DEOPT PACKING thread 0x00007fce7c80f000 Compiled frame (sp=0x0000000308a7abd0 unextended sp=0x0000000308a7abd0, fp=0x0000000795791070, real_fp=0x0000000308a7abf0, pc=0x0000000112dd0548)
     nmethod   5526  578             sun.invoke.util.Wrapper::hashWrap (62 bytes)

     Virtual frames (innermost first):
        0 - frame( sp=0x0000000308a7abd0, unextended_sp=0x0000000308a7abd0, fp=0x0000000795791070, pc=0x0000000112dd0548)
sun.invoke.util.Wrapper.hashWrap(Wrapper.java:317) - getstatic @ bci 8 
     Created vframeArray 0x00007fce7c885820
DEOPT UNPACKING thread 0x00007fce7c80f000 vframeArray 0x00007fce7c885820 mode 2
     {method} {0x0000000119eace68} &apos;hashWrap&apos; &apos;(Ljava/lang/Class;)I&apos; in &apos;sun/invoke/util/Wrapper&apos; - getstatic @ bci 8 sp = 0x0000000308a7ab90
<uncommon_trap thread='9219' reason='unloaded' action='reinterpret' index='48' compile_id='769' compiler='C2' unresolved='1' name='java/lang/invoke/DirectMethodHandle$Accessor' stamp='5.531'>
Uncommon trap occurred in java.lang.invoke.DirectMethodHandle::make (@0x0000000112e327b8) thread=9219 reason=unloaded action=reinterpret unloaded_class_index=48 unresolved class: java/lang/invoke/DirectMethodHandle$Accessor
<jvms bci='226' method='java/lang/invoke/DirectMethodHandle make (BLjava/lang/Class;Ljava/lang/invoke/MemberName;)Ljava/lang/invoke/DirectMethodHandle;' bytes='242' count='5' backedge_count='1' iicount='10'/>
</uncommon_trap>
DEOPT PACKING thread 0x00007fce7c80f000 Compiled frame (sp=0x0000000308a7b030 unextended sp=0x0000000308a7b030, fp=0x000000079578ec30, real_fp=0x0000000308a7b090, pc=0x0000000112e327b8)
     nmethod   5531  769             java.lang.invoke.DirectMethodHandle::make (242 bytes)

     Virtual frames (innermost first):
        0 - frame( sp=0x0000000308a7b030, unextended_sp=0x0000000308a7b030, fp=0x000000079578ec30, pc=0x0000000112e327b8)
java.lang.invoke.DirectMethodHandle.make(DirectMethodHandle.java:102) - new @ bci 226 
     Created vframeArray 0x00007fce7c063e20
DEOPT UNPACKING thread 0x00007fce7c80f000 vframeArray 0x00007fce7c063e20 mode 2
     {method} {0x0000000119b75e40} &apos;make&apos; &apos;(BLjava/lang/Class;Ljava/lang/invoke/MemberName;)Ljava/lang/invoke/DirectMethodHandle;&apos; in &apos;java/lang/invoke/DirectMethodHandle&apos; - new @ bci 226 sp = 0x0000000308a7b000
<uncommon_trap thread='9219' reason='uninitialized' action='reinterpret' compile_id='852' compiler='C2' count='1' stamp='5.543'>
Uncommon trap occurred in java.lang.invoke.LambdaForm::compileToBytecode (@0x0000000112e5d9b8) thread=9219 reason=uninitialized action=reinterpret unloaded_class_index=-1
<jvms bci='24' method='java/lang/invoke/LambdaForm compileToBytecode ()Ljava/lang/invoke/MemberName;' bytes='103' count='5' backedge_count='1' iicount='18' decompiles='1' uninitialized_traps='1'/>
</uncommon_trap>
DEOPT PACKING thread 0x00007fce7c80f000 Compiled frame (sp=0x0000000308a7c880 unextended sp=0x0000000308a7c880, fp=0x00000007956c7d50, real_fp=0x0000000308a7c8b0, pc=0x0000000112e5d9b8)
     nmethod   5542  852   !         java.lang.invoke.LambdaForm::compileToBytecode (103 bytes)

     Virtual frames (innermost first):
        0 - frame( sp=0x0000000308a7c880, unextended_sp=0x0000000308a7c880, fp=0x00000007956c7d50, pc=0x0000000112e5d9b8)
java.lang.invoke.LambdaForm.compileToBytecode(LambdaForm.java:652) - getstatic @ bci 24 
     Created vframeArray 0x00007fce7d06ba20
DEOPT UNPACKING thread 0x00007fce7c80f000 vframeArray 0x00007fce7d06ba20 mode 2
     {method} {0x0000000119b8bca0} &apos;compileToBytecode&apos; &apos;()Ljava/lang/invoke/MemberName;&apos; in &apos;java/lang/invoke/LambdaForm&apos; - getstatic @ bci 24 sp = 0x0000000308a7c850
<uncommon_trap thread='9219' reason='uninitialized' action='reinterpret' compile_id='855' compiler='C2' count='1' stamp='5.544'>
Uncommon trap occurred in java.lang.invoke.LambdaForm::parameter (@0x0000000112e6129c) thread=9219 reason=uninitialized action=reinterpret unloaded_class_index=-1
<jvms bci='0' method='java/lang/invoke/LambdaForm parameter (I)Ljava/lang/invoke/LambdaForm$Name;' bytes='52' count='6' backedge_count='1' iicount='19' decompiles='1' uninitialized_traps='1'/>
</uncommon_trap>
DEOPT PACKING thread 0x00007fce7c80f000 Compiled frame (sp=0x0000000308a7c750 unextended sp=0x0000000308a7c750, fp=0x00000007956c7e18, real_fp=0x0000000308a7c780, pc=0x0000000112e6129c)
     nmethod   5544  855             java.lang.invoke.LambdaForm::parameter (52 bytes)

     Virtual frames (innermost first):
        0 - frame( sp=0x0000000308a7c750, unextended_sp=0x0000000308a7c750, fp=0x00000007956c7e18, pc=0x0000000112e6129c)
java.lang.invoke.LambdaForm.parameter(LambdaForm.java:505) - getstatic @ bci 0 
     Created vframeArray 0x00007fce7c063e20
DEOPT UNPACKING thread 0x00007fce7c80f000 vframeArray 0x00007fce7c063e20 mode 2
     {method} {0x0000000119b8b2a0} &apos;parameter&apos; &apos;(I)Ljava/lang/invoke/LambdaForm$Name;&apos; in &apos;java/lang/invoke/LambdaForm&apos; - getstatic @ bci 0 sp = 0x0000000308a7c718
<uncommon_trap thread='9219' reason='null_check' action='make_not_entrant' compile_id='790' compiler='C2' state='class_check' stamp='5.548'>
Uncommon trap occurred in java.lang.invoke.InvokerBytecodeGenerator::emitPushArgument (@0x0000000112e38460) thread=9219 reason=null_check action=make_not_entrant unloaded_class_index=-1
<jvms bci='6' method='java/lang/invoke/InvokerBytecodeGenerator emitPushArgument (Ljava/lang/Class;Ljava/lang/Object;)V' bytes='120' count='6' backedge_count='1' iicount='11' class_check_traps='1'/>
</uncommon_trap>
DEOPT PACKING thread 0x00007fce7c80f000 Compiled frame (sp=0x0000000308a7c610 unextended sp=0x0000000308a7c610, fp=0x00000007957948b0, real_fp=0x0000000308a7c660, pc=0x0000000112e38460)
     nmethod   5548  790             java.lang.invoke.InvokerBytecodeGenerator::emitPushArgument (120 bytes)

     Virtual frames (innermost first):
        0 - frame( sp=0x0000000308a7c610, unextended_sp=0x0000000308a7c610, fp=0x00000007957948b0, pc=0x0000000112e38460)
java.lang.invoke.InvokerBytecodeGenerator.emitPushArgument(InvokerBytecodeGenerator.java:1156) - instanceof @ bci 6 
     Created vframeArray 0x00007fce7c874620
DEOPT UNPACKING thread 0x00007fce7c80f000 vframeArray 0x00007fce7c874620 mode 2
     {method} {0x0000000119efa930} &apos;emitPushArgument&apos; &apos;(Ljava/lang/Class;Ljava/lang/Object;)V&apos; in &apos;java/lang/invoke/InvokerBytecodeGenerator&apos; - instanceof @ bci 6 sp = 0x0000000308a7c5e0
<uncommon_trap thread='9219' reason='uninitialized' action='reinterpret' compile_id='864' compiler='C2' count='1' stamp='5.595'>
Uncommon trap occurred in java.lang.invoke.LambdaForm::signatureArity (@0x0000000112e5c47c) thread=9219 reason=uninitialized action=reinterpret unloaded_class_index=-1
<jvms bci='0' method='java/lang/invoke/LambdaForm signatureArity (Ljava/lang/String;)I' bytes='28' count='5' backedge_count='1' iicount='18' decompiles='1' uninitialized_traps='1'/>
</uncommon_trap>
DEOPT PACKING thread 0x00007fce7c80f000 Compiled frame (sp=0x0000000308a7c710 unextended sp=0x0000000308a7c710, fp=0x0000000795796640, real_fp=0x0000000308a7c730, pc=0x0000000112e5c47c)
     nmethod   5594  864             java.lang.invoke.LambdaForm::signatureArity (28 bytes)

     Virtual frames (innermost first):
        0 - frame( sp=0x0000000308a7c710, unextended_sp=0x0000000308a7c710, fp=0x0000000795796640, pc=0x0000000112e5c47c)
java.lang.invoke.LambdaForm.signatureArity(LambdaForm.java:538) - getstatic @ bci 0 
     Created vframeArray 0x00007fce7d06a820
DEOPT UNPACKING thread 0x00007fce7c80f000 vframeArray 0x00007fce7d06a820 mode 2
     {method} {0x0000000119b8b760} &apos;signatureArity&apos; &apos;(Ljava/lang/String;)I&apos; in &apos;java/lang/invoke/LambdaForm&apos; - getstatic @ bci 0 sp = 0x0000000308a7c6e0
<uncommon_trap thread='9219' reason='uninitialized' action='reinterpret' compile_id='898' compiler='C2' count='2' stamp='5.956'>
Uncommon trap occurred in java.lang.invoke.LambdaForm::signatureArity (@0x0000000112e66dbc) thread=9219 reason=uninitialized action=reinterpret unloaded_class_index=-1
<jvms bci='0' method='java/lang/invoke/LambdaForm signatureArity (Ljava/lang/String;)I' bytes='28' count='5' backedge_count='1' iicount='26' decompiles='2' uninitialized_traps='2'/>
</uncommon_trap>
DEOPT PACKING thread 0x00007fce7c80f000 Compiled frame (sp=0x0000000308a7c7b0 unextended sp=0x0000000308a7c7b0, fp=0x000000079579fc50, real_fp=0x0000000308a7c7d0, pc=0x0000000112e66dbc)
     nmethod   5955  898             java.lang.invoke.LambdaForm::signatureArity (28 bytes)

     Virtual frames (innermost first):
        0 - frame( sp=0x0000000308a7c7b0, unextended_sp=0x0000000308a7c7b0, fp=0x000000079579fc50, pc=0x0000000112e66dbc)
java.lang.invoke.LambdaForm.signatureArity(LambdaForm.java:538) - getstatic @ bci 0 
     Created vframeArray 0x00007fce7d070420
DEOPT UNPACKING thread 0x00007fce7c80f000 vframeArray 0x00007fce7d070420 mode 2
     {method} {0x0000000119b8b760} &apos;signatureArity&apos; &apos;(Ljava/lang/String;)I&apos; in &apos;java/lang/invoke/LambdaForm&apos; - getstatic @ bci 0 sp = 0x0000000308a7c778
<uncommon_trap thread='9219' reason='uninitialized' action='reinterpret' compile_id='896' compiler='C2' count='1' stamp='5.990'>
Uncommon trap occurred in java.lang.invoke.LambdaForm::prepare (@0x0000000112e70f5c) thread=9219 reason=uninitialized action=reinterpret unloaded_class_index=-1
<jvms bci='0' method='java/lang/invoke/LambdaForm prepare ()V' bytes='43' count='6' backedge_count='1' iicount='20' decompiles='1' uninitialized_traps='1'/>
</uncommon_trap>
DEOPT PACKING thread 0x00007fce7c80f000 Compiled frame (sp=0x0000000308a7c900 unextended sp=0x0000000308a7c900, fp=0x00000007956ca9c0, real_fp=0x0000000308a7c920, pc=0x0000000112e70f5c)
     nmethod   5990  896             java.lang.invoke.LambdaForm::prepare (43 bytes)

     Virtual frames (innermost first):
        0 - frame( sp=0x0000000308a7c900, unextended_sp=0x0000000308a7c900, fp=0x00000007956ca9c0, pc=0x0000000112e70f5c)
java.lang.invoke.LambdaForm.prepare(LambdaForm.java:634) - getstatic @ bci 0 
     Created vframeArray 0x00007fce7d06c820
DEOPT UNPACKING thread 0x00007fce7c80f000 vframeArray 0x00007fce7d06c820 mode 2
     {method} {0x0000000119b8bb58} &apos;prepare&apos; &apos;()V&apos; in &apos;java/lang/invoke/LambdaForm&apos; - getstatic @ bci 0 sp = 0x0000000308a7c8c0
<uncommon_trap thread='9219' reason='uninitialized' action='reinterpret' compile_id='897' compiler='C2' count='2' stamp='5.992'>
Uncommon trap occurred in java.lang.invoke.LambdaForm::parameter (@0x0000000112e8445c) thread=9219 reason=uninitialized action=reinterpret unloaded_class_index=-1
<jvms bci='0' method='java/lang/invoke/LambdaForm parameter (I)Ljava/lang/invoke/LambdaForm$Name;' bytes='52' count='6' backedge_count='1' iicount='28' decompiles='2' uninitialized_traps='2'/>
</uncommon_trap>
DEOPT PACKING thread 0x00007fce7c80f000 Compiled frame (sp=0x0000000308a7c780 unextended sp=0x0000000308a7c780, fp=0x00000007956ca9c0, real_fp=0x0000000308a7c7b0, pc=0x0000000112e8445c)
     nmethod   5992  897             java.lang.invoke.LambdaForm::parameter (52 bytes)

     Virtual frames (innermost first):
        0 - frame( sp=0x0000000308a7c780, unextended_sp=0x0000000308a7c780, fp=0x00000007956ca9c0, pc=0x0000000112e8445c)
java.lang.invoke.LambdaForm.parameter(LambdaForm.java:505) - getstatic @ bci 0 
     Created vframeArray 0x00007fce7c063e20
DEOPT UNPACKING thread 0x00007fce7c80f000 vframeArray 0x00007fce7c063e20 mode 2
     {method} {0x0000000119b8b2a0} &apos;parameter&apos; &apos;(I)Ljava/lang/invoke/LambdaForm$Name;&apos; in &apos;java/lang/invoke/LambdaForm&apos; - getstatic @ bci 0 sp = 0x0000000308a7c748
<uncommon_trap thread='9219' reason='uninitialized' action='reinterpret' compile_id='902' compiler='C2' count='2' stamp='6.005'>
Uncommon trap occurred in java.lang.invoke.LambdaForm::compileToBytecode (@0x0000000112e79934) thread=9219 reason=uninitialized action=reinterpret unloaded_class_index=-1
<jvms bci='24' method='java/lang/invoke/LambdaForm compileToBytecode ()Ljava/lang/invoke/MemberName;' bytes='103' count='5' backedge_count='1' iicount='26' decompiles='2' uninitialized_traps='2'/>
</uncommon_trap>
DEOPT PACKING thread 0x00007fce7c80f000 Compiled frame (sp=0x0000000308a7c880 unextended sp=0x0000000308a7c880, fp=0x00000007956cabb8, real_fp=0x0000000308a7c8b0, pc=0x0000000112e79934)
     nmethod   6005  902   !         java.lang.invoke.LambdaForm::compileToBytecode (103 bytes)

     Virtual frames (innermost first):
        0 - frame( sp=0x0000000308a7c880, unextended_sp=0x0000000308a7c880, fp=0x00000007956cabb8, pc=0x0000000112e79934)
java.lang.invoke.LambdaForm.compileToBytecode(LambdaForm.java:652) - getstatic @ bci 24 
     Created vframeArray 0x00007fce7c884a20
DEOPT UNPACKING thread 0x00007fce7c80f000 vframeArray 0x00007fce7c884a20 mode 2
     {method} {0x0000000119b8bca0} &apos;compileToBytecode&apos; &apos;()Ljava/lang/invoke/MemberName;&apos; in &apos;java/lang/invoke/LambdaForm&apos; - getstatic @ bci 24 sp = 0x0000000308a7c850
<uncommon_trap thread='9219' reason='uninitialized' action='reinterpret' compile_id='935' compiler='C2' count='3' stamp='6.105'>
Uncommon trap occurred in java.lang.invoke.LambdaForm::signatureArity (@0x0000000112e7213c) thread=9219 reason=uninitialized action=reinterpret unloaded_class_index=-1
<jvms bci='0' method='java/lang/invoke/LambdaForm signatureArity (Ljava/lang/String;)I' bytes='28' count='5' backedge_count='1' iicount='34' decompiles='3' uninitialized_traps='3'/>
</uncommon_trap>
DEOPT PACKING thread 0x00007fce7c80f000 Compiled frame (sp=0x0000000308a7ca40 unextended sp=0x0000000308a7ca40, fp=0x00000007957ad5a0, real_fp=0x0000000308a7ca60, pc=0x0000000112e7213c)
     nmethod   6105  935             java.lang.invoke.LambdaForm::signatureArity (28 bytes)

     Virtual frames (innermost first):
        0 - frame( sp=0x0000000308a7ca40, unextended_sp=0x0000000308a7ca40, fp=0x00000007957ad5a0, pc=0x0000000112e7213c)
java.lang.invoke.LambdaForm.signatureArity(LambdaForm.java:538) - getstatic @ bci 0 
     Created vframeArray 0x00007fce7c063e20
DEOPT UNPACKING thread 0x00007fce7c80f000 vframeArray 0x00007fce7c063e20 mode 2
     {method} {0x0000000119b8b760} &apos;signatureArity&apos; &apos;(Ljava/lang/String;)I&apos; in &apos;java/lang/invoke/LambdaForm&apos; - getstatic @ bci 0 sp = 0x0000000308a7ca08
<uncommon_trap thread='9219' reason='uninitialized' action='reinterpret' compile_id='936' compiler='C2' count='7' stamp='6.109'>
Uncommon trap occurred in java.lang.invoke.LambdaForm::argument (@0x0000000112e91844) thread=9219 reason=uninitialized action=reinterpret unloaded_class_index=-1
<jvms bci='16' method='java/lang/invoke/LambdaForm argument (ILjava/lang/invoke/LambdaForm$BasicType;)Ljava/lang/invoke/LambdaForm$Name;' bytes='27' count='5' backedge_count='1' iicount='66' decompiles='7' uninitialized_traps='7'/>
</uncommon_trap>
DEOPT PACKING thread 0x00007fce7c80f000 Compiled frame (sp=0x0000000308a7c8f0 unextended sp=0x0000000308a7c8f0, fp=0x0000000000000002, real_fp=0x0000000308a7c920, pc=0x0000000112e91844)
     nmethod   6109  936             java.lang.invoke.LambdaForm::argument (27 bytes)

     Virtual frames (innermost first):
        0 - frame( sp=0x0000000308a7c8f0, unextended_sp=0x0000000308a7c8f0, fp=0x0000000000000002, pc=0x0000000112e91844)
java.lang.invoke.LambdaForm.argument(LambdaForm.java:1649) - getstatic @ bci 16 
     Created vframeArray 0x00007fce7b051e20
DEOPT UNPACKING thread 0x00007fce7c80f000 vframeArray 0x00007fce7b051e20 mode 2
     {method} {0x0000000119b8ea10} &apos;argument&apos; &apos;(ILjava/lang/invoke/LambdaForm$BasicType;)Ljava/lang/invoke/LambdaForm$Name;&apos; in &apos;java/lang/invoke/LambdaForm&apos; - getstatic @ bci 16 sp = 0x0000000308a7c8d0
<uncommon_trap thread='9219' reason='uninitialized' action='reinterpret' compile_id='940' compiler='C2' count='4' stamp='6.143'>
Uncommon trap occurred in java.lang.invoke.LambdaForm::signatureArity (@0x0000000112e925bc) thread=9219 reason=uninitialized action=reinterpret unloaded_class_index=-1
<jvms bci='0' method='java/lang/invoke/LambdaForm signatureArity (Ljava/lang/String;)I' bytes='28' count='5' backedge_count='1' iicount='42' decompiles='4' uninitialized_traps='4'/>
</uncommon_trap>
DEOPT PACKING thread 0x00007fce7c80f000 Compiled frame (sp=0x0000000308a7cad0 unextended sp=0x0000000308a7cad0, fp=0x00000007957b3650, real_fp=0x0000000308a7caf0, pc=0x0000000112e925bc)
     nmethod   6143  940             java.lang.invoke.LambdaForm::signatureArity (28 bytes)

     Virtual frames (innermost first):
        0 - frame( sp=0x0000000308a7cad0, unextended_sp=0x0000000308a7cad0, fp=0x00000007957b3650, pc=0x0000000112e925bc)
java.lang.invoke.LambdaForm.signatureArity(LambdaForm.java:538) - getstatic @ bci 0 
     Created vframeArray 0x00007fce7b054e20
DEOPT UNPACKING thread 0x00007fce7c80f000 vframeArray 0x00007fce7b054e20 mode 2
     {method} {0x0000000119b8b760} &apos;signatureArity&apos; &apos;(Ljava/lang/String;)I&apos; in &apos;java/lang/invoke/LambdaForm&apos; - getstatic @ bci 0 sp = 0x0000000308a7caa0
<uncommon_trap thread='9219' reason='predicate' action='maybe_recompile' compile_id='939' compiler='C2' stamp='6.151'>
Uncommon trap occurred in java.util.Arrays::fill (@0x0000000112e94d68) thread=9219 reason=predicate action=maybe_recompile unloaded_class_index=-1
<jvms bci='10' method='java/util/Arrays fill ([Ljava/lang/Object;Ljava/lang/Object;)V' bytes='21' count='4' backedge_count='10' iicount='4'/>
</uncommon_trap>
DEOPT PACKING thread 0x00007fce7c80f000 Compiled frame (sp=0x0000000308a7c9e0 unextended sp=0x0000000308a7c9e0, fp=0x00000007957b3688, real_fp=0x0000000308a7ca10, pc=0x0000000112e94d68)
     nmethod   6150  939             java.util.Arrays::fill (21 bytes)

     Virtual frames (innermost first):
        0 - frame( sp=0x0000000308a7c9e0, unextended_sp=0x0000000308a7c9e0, fp=0x00000007957b3688, pc=0x0000000112e94d68)
java.util.Arrays.fill(Arrays.java:3130) - fast_aload_0 @ bci 10 
     Created vframeArray 0x00007fce7d071020
DEOPT UNPACKING thread 0x00007fce7c80f000 vframeArray 0x00007fce7d071020 mode 2
     {method} {0x0000000119c6bcf8} &apos;fill&apos; &apos;([Ljava/lang/Object;Ljava/lang/Object;)V&apos; in &apos;java/util/Arrays&apos; - aload_0 @ bci 10 sp = 0x0000000308a7c9b0
<uncommon_trap thread='9219' reason='uninitialized' action='reinterpret' compile_id='944' compiler='C2' count='5' stamp='6.168'>
Uncommon trap occurred in java.lang.invoke.LambdaForm::signatureArity (@0x0000000112e937bc) thread=9219 reason=uninitialized action=reinterpret unloaded_class_index=-1
<jvms bci='0' method='java/lang/invoke/LambdaForm signatureArity (Ljava/lang/String;)I' bytes='28' count='5' backedge_count='1' iicount='50' decompiles='5' uninitialized_traps='5'/>
</uncommon_trap>
DEOPT PACKING thread 0x00007fce7c80f000 Compiled frame (sp=0x0000000308a7caa0 unextended sp=0x0000000308a7caa0, fp=0x00000007957b4e80, real_fp=0x0000000308a7cac0, pc=0x0000000112e937bc)
     nmethod   6168  944             java.lang.invoke.LambdaForm::signatureArity (28 bytes)

     Virtual frames (innermost first):
        0 - frame( sp=0x0000000308a7caa0, unextended_sp=0x0000000308a7caa0, fp=0x00000007957b4e80, pc=0x0000000112e937bc)
java.lang.invoke.LambdaForm.signatureArity(LambdaForm.java:538) - getstatic @ bci 0 
     Created vframeArray 0x00007fce7d072420
DEOPT UNPACKING thread 0x00007fce7c80f000 vframeArray 0x00007fce7d072420 mode 2
     {method} {0x0000000119b8b760} &apos;signatureArity&apos; &apos;(Ljava/lang/String;)I&apos; in &apos;java/lang/invoke/LambdaForm&apos; - getstatic @ bci 0 sp = 0x0000000308a7ca68
<uncommon_trap thread='9219' reason='uninitialized' action='reinterpret' compile_id='942' compiler='C2' count='2' stamp='6.170'>
Uncommon trap occurred in java.lang.invoke.LambdaForm::prepare (@0x0000000112e922dc) thread=9219 reason=uninitialized action=reinterpret unloaded_class_index=-1
<jvms bci='0' method='java/lang/invoke/LambdaForm prepare ()V' bytes='43' count='6' backedge_count='1' iicount='29' decompiles='2' uninitialized_traps='2'/>
</uncommon_trap>
DEOPT PACKING thread 0x00007fce7c80f000 Compiled frame (sp=0x0000000308a7c990 unextended sp=0x0000000308a7c990, fp=0x0000000795785000, real_fp=0x0000000308a7c9b0, pc=0x0000000112e922dc)
     nmethod   6170  942             java.lang.invoke.LambdaForm::prepare (43 bytes)

     Virtual frames (innermost first):
        0 - frame( sp=0x0000000308a7c990, unextended_sp=0x0000000308a7c990, fp=0x0000000795785000, pc=0x0000000112e922dc)
java.lang.invoke.LambdaForm.prepare(LambdaForm.java:634) - getstatic @ bci 0 
     Created vframeArray 0x00007fce7d071020
DEOPT UNPACKING thread 0x00007fce7c80f000 vframeArray 0x00007fce7d071020 mode 2
     {method} {0x0000000119b8bb58} &apos;prepare&apos; &apos;()V&apos; in &apos;java/lang/invoke/LambdaForm&apos; - getstatic @ bci 0 sp = 0x0000000308a7c950
<uncommon_trap thread='9219' reason='uninitialized' action='reinterpret' compile_id='949' compiler='C2' count='6' stamp='6.199'>
Uncommon trap occurred in java.lang.invoke.LambdaForm::signatureArity (@0x0000000112e9963c) thread=9219 reason=uninitialized action=reinterpret unloaded_class_index=-1
<jvms bci='0' method='java/lang/invoke/LambdaForm signatureArity (Ljava/lang/String;)I' bytes='28' count='5' backedge_count='1' iicount='58' decompiles='6' uninitialized_traps='6'/>
</uncommon_trap>
DEOPT PACKING thread 0x00007fce7c80f000 Compiled frame (sp=0x0000000308a7cad0 unextended sp=0x0000000308a7cad0, fp=0x00000007957b7010, real_fp=0x0000000308a7caf0, pc=0x0000000112e9963c)
     nmethod   6199  949             java.lang.invoke.LambdaForm::signatureArity (28 bytes)

     Virtual frames (innermost first):
        0 - frame( sp=0x0000000308a7cad0, unextended_sp=0x0000000308a7cad0, fp=0x00000007957b7010, pc=0x0000000112e9963c)
java.lang.invoke.LambdaForm.signatureArity(LambdaForm.java:538) - getstatic @ bci 0 
     Created vframeArray 0x00007fce7d072420
DEOPT UNPACKING thread 0x00007fce7c80f000 vframeArray 0x00007fce7d072420 mode 2
     {method} {0x0000000119b8b760} &apos;signatureArity&apos; &apos;(Ljava/lang/String;)I&apos; in &apos;java/lang/invoke/LambdaForm&apos; - getstatic @ bci 0 sp = 0x0000000308a7caa0
<uncommon_trap thread='9219' reason='uninitialized' action='reinterpret' compile_id='843' compiler='C2' count='4' stamp='6.237'>
Uncommon trap occurred in java.lang.invoke.LambdaForm::normalize (@0x0000000112e5744c) thread=9219 reason=uninitialized action=reinterpret unloaded_class_index=-1
<jvms bci='176' method='java/lang/invoke/LambdaForm normalize ()I' bytes='322' count='4' backedge_count='12' iicount='14' decompiles='4' uninitialized_traps='4'/>
</uncommon_trap>
DEOPT PACKING thread 0x00007fce7c80f000 Compiled frame (sp=0x0000000308a7d5a0 unextended sp=0x0000000308a7d5a0, fp=0x00000007957b7448, real_fp=0x0000000308a7d610, pc=0x0000000112e5744c)
     nmethod   6237  843             java.lang.invoke.LambdaForm::normalize (322 bytes)

     Virtual frames (innermost first):
        0 - frame( sp=0x0000000308a7d5a0, unextended_sp=0x0000000308a7d5a0, fp=0x00000007957b7448, pc=0x0000000112e5744c)
java.lang.invoke.LambdaForm.normalize(LambdaForm.java:431) - getstatic @ bci 176 
     Created vframeArray 0x00007fce7c886620
DEOPT UNPACKING thread 0x00007fce7c80f000 vframeArray 0x00007fce7c886620 mode 2
     {method} {0x0000000119b8ad08} &apos;normalize&apos; &apos;()I&apos; in &apos;java/lang/invoke/LambdaForm&apos; - getstatic @ bci 176 sp = 0x0000000308a7d578
<uncommon_trap thread='9219' reason='uninitialized' action='reinterpret' compile_id='945' compiler='C2' count='3' stamp='6.242'>
Uncommon trap occurred in java.lang.invoke.LambdaForm::compileToBytecode (@0x0000000112e955b8) thread=9219 reason=uninitialized action=reinterpret unloaded_class_index=-1
<jvms bci='24' method='java/lang/invoke/LambdaForm compileToBytecode ()Ljava/lang/invoke/MemberName;' bytes='103' count='6' backedge_count='1' iicount='35' decompiles='3' uninitialized_traps='3'/>
</uncommon_trap>
DEOPT PACKING thread 0x00007fce7c80f000 Compiled frame (sp=0x0000000308a7d690 unextended sp=0x0000000308a7d690, fp=0x00000007957b7448, real_fp=0x0000000308a7d6c0, pc=0x0000000112e955b8)
     nmethod   6241  945   !         java.lang.invoke.LambdaForm::compileToBytecode (103 bytes)

     Virtual frames (innermost first):
        0 - frame( sp=0x0000000308a7d690, unextended_sp=0x0000000308a7d690, fp=0x00000007957b7448, pc=0x0000000112e955b8)
java.lang.invoke.LambdaForm.compileToBytecode(LambdaForm.java:652) - getstatic @ bci 24 
     Created vframeArray 0x00007fce7b054e20
DEOPT UNPACKING thread 0x00007fce7c80f000 vframeArray 0x00007fce7b054e20 mode 2
     {method} {0x0000000119b8bca0} &apos;compileToBytecode&apos; &apos;()Ljava/lang/invoke/MemberName;&apos; in &apos;java/lang/invoke/LambdaForm&apos; - getstatic @ bci 24 sp = 0x0000000308a7d660
<uncommon_trap thread='9219' reason='loop_limit_check' action='maybe_recompile' compile_id='845' compiler='C2' stamp='6.244'>
Uncommon trap occurred in java.lang.invoke.LambdaForm::useCount (@0x0000000112e59750) thread=9219 reason=loop_limit_check action=maybe_recompile unloaded_class_index=-1
<jvms bci='74' method='java/lang/invoke/LambdaForm useCount (Ljava/lang/invoke/LambdaForm$Name;)I' bytes='99' count='5' backedge_count='6' iicount='6'/>
</uncommon_trap>
DEOPT PACKING thread 0x00007fce7c80f000 Compiled frame (sp=0x0000000308a7d390 unextended sp=0x0000000308a7d390, fp=0x00000007957b7448, real_fp=0x0000000308a7d3d0, pc=0x0000000112e59750)
     nmethod   6244  845             java.lang.invoke.LambdaForm::useCount (99 bytes)

     Virtual frames (innermost first):
        0 - frame( sp=0x0000000308a7d390, unextended_sp=0x0000000308a7d390, fp=0x00000007957b7448, pc=0x0000000112e59750)
java.lang.invoke.LambdaForm.useCount(LambdaForm.java:1638) - fast_iload @ bci 74 
     Created vframeArray 0x00007fce7d072420
DEOPT UNPACKING thread 0x00007fce7c80f000 vframeArray 0x00007fce7d072420 mode 2
     {method} {0x0000000119b8e878} &apos;useCount&apos; &apos;(Ljava/lang/invoke/LambdaForm$Name;)I&apos; in &apos;java/lang/invoke/LambdaForm&apos; - iload @ bci 74 sp = 0x0000000308a7d350
<uncommon_trap thread='9219' reason='unstable_if' action='reinterpret' compile_id='587' compiler='C2' stamp='6.261'>
Uncommon trap occurred in sun.invoke.util.VerifyAccess::isTypeVisible (@0x0000000112dcd1e0) thread=9219 reason=unstable_if action=reinterpret unloaded_class_index=-1
<jvms bci='6' method='java/lang/Class getClassLoader ()Ljava/lang/ClassLoader;' bytes='28' count='5' backedge_count='1' iicount='46'/>
<jvms bci='43' method='sun/invoke/util/VerifyAccess isTypeVisible (Ljava/lang/Class;Ljava/lang/Class;)Z' bytes='118' count='5' backedge_count='1' iicount='10'/>
</uncommon_trap>
DEOPT PACKING thread 0x00007fce7c80f000 Compiled frame (sp=0x0000000308a7d910 unextended sp=0x0000000308a7d910, fp=0x00000000f2ab89f1, real_fp=0x0000000308a7d940, pc=0x0000000112dcd1e0)
     nmethod   6261  587             sun.invoke.util.VerifyAccess::isTypeVisible (118 bytes)

     Virtual frames (innermost first):
        0 - frame( sp=0x0000000308a7d910, unextended_sp=0x0000000308a7d910, fp=0x00000000f2ab89f1, pc=0x0000000112dcd1e0)
java.lang.Class.getClassLoader(Class.java:679) - ifnonnull @ bci 6 
        1 - frame( sp=0x0000000308a7d910, unextended_sp=0x0000000308a7d910, fp=0x00000000f2ab89f1, pc=0x0000000112dcd1e0)
sun.invoke.util.VerifyAccess.isTypeVisible(VerifyAccess.java:196) - invokevirtual @ bci 43 
     Created vframeArray 0x00007fce7c06e420
DEOPT UNPACKING thread 0x00007fce7c80f000 vframeArray 0x00007fce7c06e420 mode 2
     {method} {0x0000000119eb6d08} &apos;isTypeVisible&apos; &apos;(Ljava/lang/Class;Ljava/lang/Class;)Z&apos; in &apos;sun/invoke/util/VerifyAccess&apos; - invokevirtual @ bci 43 sp = 0x0000000308a7d8a8
     {method} {0x0000000119b24320} &apos;getClassLoader&apos; &apos;()Ljava/lang/ClassLoader;&apos; in &apos;java/lang/Class&apos; - ifnonnull @ bci 6 sp = 0x0000000308a7d850
<uncommon_trap thread='9219' reason='unstable_if' action='reinterpret' compile_id='20' compiler='C2' count='1' state='intrinsic recompiled' stamp='6.263'>
Uncommon trap occurred in java.lang.Class::getClassLoader (@0x0000000112c81ab4) thread=9219 reason=unstable_if action=reinterpret unloaded_class_index=-1
<jvms bci='6' method='java/lang/Class getClassLoader ()Ljava/lang/ClassLoader;' bytes='28' count='1' backedge_count='1' iicount='46' unstable_if_traps='1'/>
</uncommon_trap>
DEOPT PACKING thread 0x00007fce7c80f000 Compiled frame (sp=0x0000000308a7d7c0 unextended sp=0x0000000308a7d7c0, fp=0x0000000795582920, real_fp=0x0000000308a7d7f0, pc=0x0000000112c81ab4)
     nmethod   6263   20             java.lang.Class::getClassLoader (28 bytes)

     Virtual frames (innermost first):
        0 - frame( sp=0x0000000308a7d7c0, unextended_sp=0x0000000308a7d7c0, fp=0x0000000795582920, pc=0x0000000112c81ab4)
java.lang.Class.getClassLoader(Class.java:679) - ifnonnull @ bci 6 
     Created vframeArray 0x00007fce7c070a20
DEOPT UNPACKING thread 0x00007fce7c80f000 vframeArray 0x00007fce7c070a20 mode 2
     {method} {0x0000000119b24320} &apos;getClassLoader&apos; &apos;()Ljava/lang/ClassLoader;&apos; in &apos;java/lang/Class&apos; - ifnonnull @ bci 6 sp = 0x0000000308a7d780
<uncommon_trap thread='9219' reason='loop_limit_check' action='maybe_recompile' compile_id='793' compiler='C2' stamp='6.292'>
Uncommon trap occurred in java.lang.invoke.LambdaForm$Name::useCount (@0x0000000112e3e420) thread=9219 reason=loop_limit_check action=maybe_recompile unloaded_class_index=-1
<jvms bci='24' method='java/lang/invoke/LambdaForm$Name useCount (Ljava/lang/invoke/LambdaForm$Name;)I' bytes='42' count='4' backedge_count='8' iicount='4'/>
</uncommon_trap>
DEOPT PACKING thread 0x00007fce7c80f000 Compiled frame (sp=0x0000000308a7d3c0 unextended sp=0x0000000308a7d3c0, fp=0x00000007957bca60, real_fp=0x0000000308a7d400, pc=0x0000000112e3e420)
     nmethod   6291  793             java.lang.invoke.LambdaForm$Name::useCount (42 bytes)

     Virtual frames (innermost first):
        0 - frame( sp=0x0000000308a7d3c0, unextended_sp=0x0000000308a7d3c0, fp=0x00000007957bca60, pc=0x0000000112e3e420)
java.lang.invoke.LambdaForm$Name.useCount(LambdaForm.java:1582) - fast_aaccess_0 @ bci 24 
     Created vframeArray 0x00007fce7d072420
DEOPT UNPACKING thread 0x00007fce7c80f000 vframeArray 0x00007fce7d072420 mode 2
     {method} {0x0000000119ecbc20} &apos;useCount&apos; &apos;(Ljava/lang/invoke/LambdaForm$Name;)I&apos; in &apos;java/lang/invoke/LambdaForm$Name&apos; - aload_0 @ bci 24 sp = 0x0000000308a7d3a0
<dependency_failed type='unique_concrete_method' ctxk='java/lang/invoke/MethodHandle' x='java/lang/invoke/MethodHandle intrinsicName ()Ljava/lang/invoke/MethodHandleImpl$Intrinsic;' witness='java/lang/invoke/MethodHandleImpl$IntrinsicMethodHandle' stamp='6.539'/>
<uncommon_trap thread='9219' reason='array_check' action='maybe_recompile' compile_id='943' compiler='C2' stamp='6.676'>
Uncommon trap occurred in java.util.Arrays::fill (@0x0000000112e60058) thread=9219 reason=array_check action=maybe_recompile unloaded_class_index=-1
<jvms bci='13' method='java/util/Arrays fill ([Ljava/lang/Object;Ljava/lang/Object;)V' bytes='21' count='5' backedge_count='11' iicount='6' decompiles='1' predicate_traps='1'/>
</uncommon_trap>
DEOPT PACKING thread 0x00007fce7c80f000 Compiled frame (sp=0x0000000308a7bf20 unextended sp=0x0000000308a7bf20, fp=0x0000000000000000, real_fp=0x0000000308a7bf70, pc=0x0000000112e60058)
     nmethod   6676  943             java.util.Arrays::fill (21 bytes)

     Virtual frames (innermost first):
        0 - frame( sp=0x0000000308a7bf20, unextended_sp=0x0000000308a7bf20, fp=0x0000000000000000, pc=0x0000000112e60058)
java.util.Arrays.fill(Arrays.java:3130) - aastore @ bci 13 
     Created vframeArray 0x00007fce7c00dc20
DEOPT UNPACKING thread 0x00007fce7c80f000 vframeArray 0x00007fce7c00dc20 mode 2
     {method} {0x0000000119c6bcf8} &apos;fill&apos; &apos;([Ljava/lang/Object;Ljava/lang/Object;)V&apos; in &apos;java/util/Arrays&apos; - aastore @ bci 13 sp = 0x0000000308a7bee8
<uncommon_trap thread='9219' reason='array_check' action='maybe_recompile' compile_id='943' compiler='C2' count='1' state='array_check' stamp='6.792'>
Uncommon trap occurred in java.util.Arrays::fill (@0x0000000112e60058) thread=9219 reason=array_check action=maybe_recompile unloaded_class_index=-1
<jvms bci='13' method='java/util/Arrays fill ([Ljava/lang/Object;Ljava/lang/Object;)V' bytes='21' count='5' backedge_count='18' iicount='6' decompiles='1' array_check_traps='1' predicate_traps='1'/>
</uncommon_trap>
DEOPT PACKING thread 0x00007fce7c80f000 Compiled frame (sp=0x0000000308a7bf20 unextended sp=0x0000000308a7bf20, fp=0x0000000000000000, real_fp=0x0000000308a7bf70, pc=0x0000000112e60058)
     nmethod   6792  943             java.util.Arrays::fill (21 bytes)

     Virtual frames (innermost first):
        0 - frame( sp=0x0000000308a7bf20, unextended_sp=0x0000000308a7bf20, fp=0x0000000000000000, pc=0x0000000112e60058)
java.util.Arrays.fill(Arrays.java:3130) - aastore @ bci 13 
     Created vframeArray 0x00007fce7c070a20
DEOPT UNPACKING thread 0x00007fce7c80f000 vframeArray 0x00007fce7c070a20 mode 2
     {method} {0x0000000119c6bcf8} &apos;fill&apos; &apos;([Ljava/lang/Object;Ljava/lang/Object;)V&apos; in &apos;java/util/Arrays&apos; - aastore @ bci 13 sp = 0x0000000308a7bee8
<uncommon_trap thread='9219' reason='array_check' action='maybe_recompile' compile_id='943' compiler='C2' count='2' state='array_check' stamp='6.820'>
Uncommon trap occurred in java.util.Arrays::fill (@0x0000000112e60058) thread=9219 reason=array_check action=maybe_recompile unloaded_class_index=-1
<jvms bci='13' method='java/util/Arrays fill ([Ljava/lang/Object;Ljava/lang/Object;)V' bytes='21' count='5' backedge_count='26' iicount='6' decompiles='1' array_check_traps='2' predicate_traps='1'/>
</uncommon_trap>
DEOPT PACKING thread 0x00007fce7c80f000 Compiled frame (sp=0x0000000308a7bf20 unextended sp=0x0000000308a7bf20, fp=0x0000000000000000, real_fp=0x0000000308a7bf70, pc=0x0000000112e60058)
     nmethod   6820  943             java.util.Arrays::fill (21 bytes)

     Virtual frames (innermost first):
        0 - frame( sp=0x0000000308a7bf20, unextended_sp=0x0000000308a7bf20, fp=0x0000000000000000, pc=0x0000000112e60058)
java.util.Arrays.fill(Arrays.java:3130) - aastore @ bci 13 
     Created vframeArray 0x00007fce7b022220
DEOPT UNPACKING thread 0x00007fce7c80f000 vframeArray 0x00007fce7b022220 mode 2
     {method} {0x0000000119c6bcf8} &apos;fill&apos; &apos;([Ljava/lang/Object;Ljava/lang/Object;)V&apos; in &apos;java/util/Arrays&apos; - aastore @ bci 13 sp = 0x0000000308a7bee8
<uncommon_trap thread='9219' reason='unstable_if' action='reinterpret' compile_id='954' compiler='C2' stamp='6.840'>
Uncommon trap occurred in java.lang.invoke.LambdaForm::argument (@0x0000000112e99fdc) thread=9219 reason=unstable_if action=reinterpret unloaded_class_index=-1
<jvms bci='3' method='java/lang/invoke/LambdaForm argument (ILjava/lang/invoke/LambdaForm$BasicType;)Ljava/lang/invoke/LambdaForm$Name;' bytes='27' count='6' backedge_count='1' iicount='75' decompiles='8' uninitialized_traps='8'/>
</uncommon_trap>
DEOPT PACKING thread 0x00007fce7c80f000 Compiled frame (sp=0x0000000308a7bb20 unextended sp=0x0000000308a7bb20, fp=0x000000000000000b, real_fp=0x0000000308a7bb50, pc=0x0000000112e99fdc)
     nmethod   6839  954             java.lang.invoke.LambdaForm::argument (27 bytes)

     Virtual frames (innermost first):
        0 - frame( sp=0x0000000308a7bb20, unextended_sp=0x0000000308a7bb20, fp=0x000000000000000b, pc=0x0000000112e99fdc)
java.lang.invoke.LambdaForm.argument(LambdaForm.java:1647) - if_icmplt @ bci 3 
     Created vframeArray 0x00007fce7c886c20
DEOPT UNPACKING thread 0x00007fce7c80f000 vframeArray 0x00007fce7c886c20 mode 2
     {method} {0x0000000119b8ea10} &apos;argument&apos; &apos;(ILjava/lang/invoke/LambdaForm$BasicType;)Ljava/lang/invoke/LambdaForm$Name;&apos; in &apos;java/lang/invoke/LambdaForm&apos; - if_icmplt @ bci 3 sp = 0x0000000308a7bae0
<uncommon_trap thread='9219' reason='array_check' action='maybe_recompile' compile_id='943' compiler='C2' count='3' state='array_check' stamp='6.852'>
Uncommon trap occurred in java.util.Arrays::fill (@0x0000000112e60058) thread=9219 reason=array_check action=maybe_recompile unloaded_class_index=-1
<jvms bci='13' method='java/util/Arrays fill ([Ljava/lang/Object;Ljava/lang/Object;)V' bytes='21' count='5' backedge_count='35' iicount='6' decompiles='1' array_check_traps='3' predicate_traps='1'/>
</uncommon_trap>
DEOPT PACKING thread 0x00007fce7c80f000 Compiled frame (sp=0x0000000308a7bf70 unextended sp=0x0000000308a7bf70, fp=0x0000000000000000, real_fp=0x0000000308a7bfc0, pc=0x0000000112e60058)
     nmethod   6851  943             java.util.Arrays::fill (21 bytes)

     Virtual frames (innermost first):
        0 - frame( sp=0x0000000308a7bf70, unextended_sp=0x0000000308a7bf70, fp=0x0000000000000000, pc=0x0000000112e60058)
java.util.Arrays.fill(Arrays.java:3130) - aastore @ bci 13 
     Created vframeArray 0x00007fce7c84d020
DEOPT UNPACKING thread 0x00007fce7c80f000 vframeArray 0x00007fce7c84d020 mode 2
     {method} {0x0000000119c6bcf8} &apos;fill&apos; &apos;([Ljava/lang/Object;Ljava/lang/Object;)V&apos; in &apos;java/util/Arrays&apos; - aastore @ bci 13 sp = 0x0000000308a7bf38
<uncommon_trap thread='9219' reason='unloaded' action='reinterpret' index='11' compile_id='572' compiler='C2' unresolved='1' name='java/lang/StringBuilder' stamp='6.875'>
Uncommon trap occurred in java.lang.Class::getSimpleName (@0x0000000112dcec1c) thread=9219 reason=unloaded action=reinterpret unloaded_class_index=11 unresolved class: java/lang/StringBuilder
<jvms bci='7' method='java/lang/Class getSimpleName ()Ljava/lang/String;' bytes='120' count='5' backedge_count='1' iicount='10'/>
</uncommon_trap>
DEOPT PACKING thread 0x00007fce7c80f000 Compiled frame (sp=0x0000000308a7bd20 unextended sp=0x0000000308a7bd20, fp=0x0000000795584090, real_fp=0x0000000308a7bd60, pc=0x0000000112dcec1c)
     nmethod   6874  572             java.lang.Class::getSimpleName (120 bytes)

     Virtual frames (innermost first):
        0 - frame( sp=0x0000000308a7bd20, unextended_sp=0x0000000308a7bd20, fp=0x0000000795584090, pc=0x0000000112dcec1c)
java.lang.Class.getSimpleName(Class.java:1307) - new @ bci 7 
     Created vframeArray 0x00007fce7c00dc20
DEOPT UNPACKING thread 0x00007fce7c80f000 vframeArray 0x00007fce7c00dc20 mode 2
     {method} {0x0000000119b25770} &apos;getSimpleName&apos; &apos;()Ljava/lang/String;&apos; in &apos;java/lang/Class&apos; - new @ bci 7 sp = 0x0000000308a7bcf8
<uncommon_trap thread='9219' reason='null_assert' action='make_not_entrant' compile_id='619' compiler='C2' stamp='6.875'>
Uncommon trap occurred in java.lang.invoke.MemberName$Factory::resolveOrFail (@0x0000000112de2f68) thread=9219 reason=null_assert action=make_not_entrant unloaded_class_index=-1
<jvms bci='29' method='java/lang/invoke/MemberName$Factory resolveOrFail (BLjava/lang/invoke/MemberName;Ljava/lang/Class;Ljava/lang/Class;)Ljava/lang/invoke/MemberName;' bytes='52' count='5' backedge_count='1' iicount='10'/>
</uncommon_trap>
DEOPT PACKING thread 0x00007fce7c80f000 Compiled frame (sp=0x0000000308a7bf80 unextended sp=0x0000000308a7bf80, fp=0x00000007956c5fb8, real_fp=0x0000000308a7bfb0, pc=0x0000000112de2f68)
     nmethod   6875  619             java.lang.invoke.MemberName$Factory::resolveOrFail (52 bytes)

     Virtual frames (innermost first):
        0 - frame( sp=0x0000000308a7bf80, unextended_sp=0x0000000308a7bf80, fp=0x00000007956c5fb8, pc=0x0000000112de2f68)
java.lang.invoke.MemberName$Factory.resolveOrFail(MemberName.java:1004) - instanceof @ bci 29 
     Created vframeArray 0x00007fce7d073820
DEOPT UNPACKING thread 0x00007fce7c80f000 vframeArray 0x00007fce7d073820 mode 2
     {method} {0x0000000119d812d8} &apos;resolveOrFail&apos; &apos;(BLjava/lang/invoke/MemberName;Ljava/lang/Class;Ljava/lang/Class;)Ljava/lang/invoke/MemberName;&apos; in &apos;java/lang/invoke/MemberName$Factory&apos; - instanceof @ bci 29 sp = 0x0000000308a7bf20
<uncommon_trap thread='9219' reason='null_check' action='make_not_entrant' compile_id='195' compiler='C2' stamp='6.877'>
Uncommon trap occurred in java.util.ArrayList::add (@0x0000000112d07f28) thread=9219 reason=null_check action=make_not_entrant unloaded_class_index=-1
<jvms bci='26' method='java/util/ArrayList add (Ljava/lang/Object;)Z' bytes='29' count='5' backedge_count='1' iicount='10'/>
</uncommon_trap>
DEOPT PACKING thread 0x00007fce7c80f000 Compiled frame (sp=0x0000000308a7c030 unextended sp=0x0000000308a7c030, fp=0x00000000f2b06ffb, real_fp=0x0000000308a7c060, pc=0x0000000112d07f28)
     nmethod   6877  195             java.util.ArrayList::add (29 bytes)

     Virtual frames (innermost first):
        0 - frame( sp=0x0000000308a7c030, unextended_sp=0x0000000308a7c030, fp=0x00000000f2b06ffb, pc=0x0000000112d07f28)
java.util.ArrayList.add(ArrayList.java:465) - aastore @ bci 26 
     Created vframeArray 0x00007fce7c84d020
DEOPT UNPACKING thread 0x00007fce7c80f000 vframeArray 0x00007fce7c84d020 mode 2
     {method} {0x0000000119c0e468} &apos;add&apos; &apos;(Ljava/lang/Object;)Z&apos; in &apos;java/util/ArrayList&apos; - aastore @ bci 26 sp = 0x0000000308a7bff8
<uncommon_trap thread='9219' reason='class_check' action='maybe_recompile' compile_id='991' compiler='C2' stamp='6.916'>
Uncommon trap occurred in java.lang.invoke.InvokerBytecodeGenerator::generateCustomizedCodeBytes (@0x0000000112ea8c30) thread=9219 reason=class_check action=maybe_recompile unloaded_class_index=-1
<jvms bci='17' method='java/lang/invoke/LambdaForm$NamedFunction intrinsicName ()Ljava/lang/invoke/MethodHandleImpl$Intrinsic;' bytes='21' count='5' backedge_count='1' iicount='10'/>
<jvms bci='180' method='java/lang/invoke/InvokerBytecodeGenerator generateCustomizedCodeBytes ()[B' bytes='604' count='5' backedge_count='7' iicount='5' decompiles='1'/>
</uncommon_trap>
DEOPT PACKING thread 0x00007fce7c80f000 Compiled frame (sp=0x0000000308a7bb20 unextended sp=0x0000000308a7bb20, fp=0x00000000f2af252a, real_fp=0x0000000308a7bb90, pc=0x0000000112ea8c30)
     nmethod   6916  991             java.lang.invoke.InvokerBytecodeGenerator::generateCustomizedCodeBytes (604 bytes)

     Virtual frames (innermost first):
        0 - frame( sp=0x0000000308a7bb20, unextended_sp=0x0000000308a7bb20, fp=0x00000000f2af252a, pc=0x0000000112ea8c30)
java.lang.invoke.LambdaForm$NamedFunction.intrinsicName(LambdaForm.java:1328) - invokevirtual @ bci 17 
        1 - frame( sp=0x0000000308a7bb20, unextended_sp=0x0000000308a7bb20, fp=0x00000000f2af252a, pc=0x0000000112ea8c30)
java.lang.invoke.InvokerBytecodeGenerator.generateCustomizedCodeBytes(InvokerBytecodeGenerator.java:668) - invokevirtual @ bci 180 
     Created vframeArray 0x00007fce7b022220
DEOPT UNPACKING thread 0x00007fce7c80f000 vframeArray 0x00007fce7b022220 mode 2
     {method} {0x0000000119ef8bd8} &apos;generateCustomizedCodeBytes&apos; &apos;()[B&apos; in &apos;java/lang/invoke/InvokerBytecodeGenerator&apos; - invokevirtual @ bci 180 sp = 0x0000000308a7bb08
     {method} {0x0000000119ed0a50} &apos;intrinsicName&apos; &apos;()Ljava/lang/invoke/MethodHandleImpl$Intrinsic;&apos; in &apos;java/lang/invoke/LambdaForm$NamedFunction&apos; - invokevirtual @ bci 17 sp = 0x0000000308a7bab0
<uncommon_trap thread='9219' reason='class_check' action='maybe_recompile' compile_id='929' compiler='C2' stamp='6.918'>
Uncommon trap occurred in java.lang.invoke.MethodType::listToArray (@0x0000000112e8bdd0) thread=9219 reason=class_check action=maybe_recompile unloaded_class_index=-1
<jvms bci='1' method='java/lang/invoke/MethodType listToArray (Ljava/util/List;)[Ljava/lang/Class;' bytes='22' count='5' backedge_count='1' iicount='10'/>
</uncommon_trap>
DEOPT PACKING thread 0x00007fce7c80f000 Compiled frame (sp=0x0000000308a7bcf0 unextended sp=0x0000000308a7bcf0, fp=0x0000000308a7bd80, real_fp=0x0000000308a7bd20, pc=0x0000000112e8bdd0)
     nmethod   6918  929             java.lang.invoke.MethodType::listToArray (22 bytes)

     Virtual frames (innermost first):
        0 - frame( sp=0x0000000308a7bcf0, unextended_sp=0x0000000308a7bcf0, fp=0x0000000308a7bd80, pc=0x0000000112e8bdd0)
java.lang.invoke.MethodType.listToArray(MethodType.java:227) - invokeinterface @ bci 1 
     Created vframeArray 0x00007fce7b054c20
DEOPT UNPACKING thread 0x00007fce7c80f000 vframeArray 0x00007fce7b054c20 mode 2
     {method} {0x0000000119b92a50} &apos;listToArray&apos; &apos;(Ljava/util/List;)[Ljava/lang/Class;&apos; in &apos;java/lang/invoke/MethodType&apos; - invokeinterface @ bci 1 sp = 0x0000000308a7bcc8
<uncommon_trap thread='9219' reason='class_check' action='maybe_recompile' compile_id='991' compiler='C2' count='1' state='class_check' stamp='6.924'>
Uncommon trap occurred in java.lang.invoke.InvokerBytecodeGenerator::generateCustomizedCodeBytes (@0x0000000112ea8c30) thread=9219 reason=class_check action=maybe_recompile unloaded_class_index=-1
<jvms bci='17' method='java/lang/invoke/LambdaForm$NamedFunction intrinsicName ()Ljava/lang/invoke/MethodHandleImpl$Intrinsic;' bytes='21' count='5' backedge_count='1' iicount='10' class_check_traps='1'/>
<jvms bci='180' method='java/lang/invoke/InvokerBytecodeGenerator generateCustomizedCodeBytes ()[B' bytes='604' count='5' backedge_count='9' iicount='5' decompiles='1'/>
</uncommon_trap>
DEOPT PACKING thread 0x00007fce7c80f000 Compiled frame (sp=0x0000000308a7bbe0 unextended sp=0x0000000308a7bbe0, fp=0x00000000f2afa75e, real_fp=0x0000000308a7bc50, pc=0x0000000112ea8c30)
     nmethod   6923  991             java.lang.invoke.InvokerBytecodeGenerator::generateCustomizedCodeBytes (604 bytes)

     Virtual frames (innermost first):
        0 - frame( sp=0x0000000308a7bbe0, unextended_sp=0x0000000308a7bbe0, fp=0x00000000f2afa75e, pc=0x0000000112ea8c30)
java.lang.invoke.LambdaForm$NamedFunction.intrinsicName(LambdaForm.java:1328) - invokevirtual @ bci 17 
        1 - frame( sp=0x0000000308a7bbe0, unextended_sp=0x0000000308a7bbe0, fp=0x00000000f2afa75e, pc=0x0000000112ea8c30)
java.lang.invoke.InvokerBytecodeGenerator.generateCustomizedCodeBytes(InvokerBytecodeGenerator.java:668) - invokevirtual @ bci 180 
     Created vframeArray 0x00007fce7d073820
DEOPT UNPACKING thread 0x00007fce7c80f000 vframeArray 0x00007fce7d073820 mode 2
     {method} {0x0000000119ef8bd8} &apos;generateCustomizedCodeBytes&apos; &apos;()[B&apos; in &apos;java/lang/invoke/InvokerBytecodeGenerator&apos; - invokevirtual @ bci 180 sp = 0x0000000308a7bbc8
     {method} {0x0000000119ed0a50} &apos;intrinsicName&apos; &apos;()Ljava/lang/invoke/MethodHandleImpl$Intrinsic;&apos; in &apos;java/lang/invoke/LambdaForm$NamedFunction&apos; - invokevirtual @ bci 17 sp = 0x0000000308a7bb70
<uncommon_trap thread='9219' reason='class_check' action='maybe_recompile' compile_id='991' compiler='C2' count='2' state='class_check' stamp='6.947'>
Uncommon trap occurred in java.lang.invoke.InvokerBytecodeGenerator::generateCustomizedCodeBytes (@0x0000000112ea8c30) thread=9219 reason=class_check action=maybe_recompile unloaded_class_index=-1
<jvms bci='17' method='java/lang/invoke/LambdaForm$NamedFunction intrinsicName ()Ljava/lang/invoke/MethodHandleImpl$Intrinsic;' bytes='21' count='5' backedge_count='1' iicount='10' class_check_traps='2'/>
<jvms bci='180' method='java/lang/invoke/InvokerBytecodeGenerator generateCustomizedCodeBytes ()[B' bytes='604' count='5' backedge_count='9' iicount='5' decompiles='1'/>
</uncommon_trap>
DEOPT PACKING thread 0x00007fce7c80f000 Compiled frame (sp=0x0000000308a7b3d0 unextended sp=0x0000000308a7b3d0, fp=0x00000000f2af252a, real_fp=0x0000000308a7b440, pc=0x0000000112ea8c30)
     nmethod   6947  991             java.lang.invoke.InvokerBytecodeGenerator::generateCustomizedCodeBytes (604 bytes)

     Virtual frames (innermost first):
        0 - frame( sp=0x0000000308a7b3d0, unextended_sp=0x0000000308a7b3d0, fp=0x00000000f2af252a, pc=0x0000000112ea8c30)
java.lang.invoke.LambdaForm$NamedFunction.intrinsicName(LambdaForm.java:1328) - invokevirtual @ bci 17 
        1 - frame( sp=0x0000000308a7b3d0, unextended_sp=0x0000000308a7b3d0, fp=0x00000000f2af252a, pc=0x0000000112ea8c30)
java.lang.invoke.InvokerBytecodeGenerator.generateCustomizedCodeBytes(InvokerBytecodeGenerator.java:668) - invokevirtual @ bci 180 
     Created vframeArray 0x00007fce7b054c20
DEOPT UNPACKING thread 0x00007fce7c80f000 vframeArray 0x00007fce7b054c20 mode 2
     {method} {0x0000000119ef8bd8} &apos;generateCustomizedCodeBytes&apos; &apos;()[B&apos; in &apos;java/lang/invoke/InvokerBytecodeGenerator&apos; - invokevirtual @ bci 180 sp = 0x0000000308a7b3b8
     {method} {0x0000000119ed0a50} &apos;intrinsicName&apos; &apos;()Ljava/lang/invoke/MethodHandleImpl$Intrinsic;&apos; in &apos;java/lang/invoke/LambdaForm$NamedFunction&apos; - invokevirtual @ bci 17 sp = 0x0000000308a7b360
<uncommon_trap thread='9219' reason='class_check' action='maybe_recompile' compile_id='993' compiler='C2' count='3' state='class_check' stamp='6.955'>
Uncommon trap occurred in java.lang.invoke.LambdaForm$NamedFunction::intrinsicName (@0x0000000112e9cd48) thread=9219 reason=class_check action=maybe_recompile unloaded_class_index=-1
<jvms bci='17' method='java/lang/invoke/LambdaForm$NamedFunction intrinsicName ()Ljava/lang/invoke/MethodHandleImpl$Intrinsic;' bytes='21' count='5' backedge_count='1' iicount='10' class_check_traps='3'/>
</uncommon_trap>
DEOPT PACKING thread 0x00007fce7c80f000 Compiled frame (sp=0x0000000308a7bba0 unextended sp=0x0000000308a7bba0, fp=0x00000000f2af252a, real_fp=0x0000000308a7bbc0, pc=0x0000000112e9cd48)
     nmethod   6954  993             java.lang.invoke.LambdaForm$NamedFunction::intrinsicName (21 bytes)

     Virtual frames (innermost first):
        0 - frame( sp=0x0000000308a7bba0, unextended_sp=0x0000000308a7bba0, fp=0x00000000f2af252a, pc=0x0000000112e9cd48)
java.lang.invoke.LambdaForm$NamedFunction.intrinsicName(LambdaForm.java:1328) - invokevirtual @ bci 17 
     Created vframeArray 0x00007fce7c84cc20
DEOPT UNPACKING thread 0x00007fce7c80f000 vframeArray 0x00007fce7c84cc20 mode 2
     {method} {0x0000000119ed0a50} &apos;intrinsicName&apos; &apos;()Ljava/lang/invoke/MethodHandleImpl$Intrinsic;&apos; in &apos;java/lang/invoke/LambdaForm$NamedFunction&apos; - invokevirtual @ bci 17 sp = 0x0000000308a7bb68
<uncommon_trap thread='9219' reason='class_check' action='maybe_recompile' compile_id='991' compiler='C2' count='4' state='class_check recompiled' stamp='7.006'>
Uncommon trap occurred in java.lang.invoke.InvokerBytecodeGenerator::generateCustomizedCodeBytes (@0x0000000112ea8c30) thread=9219 reason=class_check action=maybe_recompile unloaded_class_index=-1
<jvms bci='17' method='java/lang/invoke/LambdaForm$NamedFunction intrinsicName ()Ljava/lang/invoke/MethodHandleImpl$Intrinsic;' bytes='21' count='6' backedge_count='1' iicount='11' decompiles='1' class_check_traps='4'/>
<jvms bci='180' method='java/lang/invoke/InvokerBytecodeGenerator generateCustomizedCodeBytes ()[B' bytes='604' count='5' backedge_count='14' iicount='5' decompiles='1'/>
</uncommon_trap>
DEOPT PACKING thread 0x00007fce7c80f000 Compiled frame (sp=0x0000000308a7caf0 unextended sp=0x0000000308a7caf0, fp=0x00000000f2afa75e, real_fp=0x0000000308a7cb60, pc=0x0000000112ea8c30)
     nmethod   7006  991             java.lang.invoke.InvokerBytecodeGenerator::generateCustomizedCodeBytes (604 bytes)

     Virtual frames (innermost first):
        0 - frame( sp=0x0000000308a7caf0, unextended_sp=0x0000000308a7caf0, fp=0x00000000f2afa75e, pc=0x0000000112ea8c30)
java.lang.invoke.LambdaForm$NamedFunction.intrinsicName(LambdaForm.java:1328) - invokevirtual @ bci 17 
        1 - frame( sp=0x0000000308a7caf0, unextended_sp=0x0000000308a7caf0, fp=0x00000000f2afa75e, pc=0x0000000112ea8c30)
java.lang.invoke.InvokerBytecodeGenerator.generateCustomizedCodeBytes(InvokerBytecodeGenerator.java:668) - invokevirtual @ bci 180 
     Created vframeArray 0x00007fce7c00dc20
DEOPT UNPACKING thread 0x00007fce7c80f000 vframeArray 0x00007fce7c00dc20 mode 2
     {method} {0x0000000119ef8bd8} &apos;generateCustomizedCodeBytes&apos; &apos;()[B&apos; in &apos;java/lang/invoke/InvokerBytecodeGenerator&apos; - invokevirtual @ bci 180 sp = 0x0000000308a7cad8
     {method} {0x0000000119ed0a50} &apos;intrinsicName&apos; &apos;()Ljava/lang/invoke/MethodHandleImpl$Intrinsic;&apos; in &apos;java/lang/invoke/LambdaForm$NamedFunction&apos; - invokevirtual @ bci 17 sp = 0x0000000308a7ca80
<uncommon_trap thread='9219' reason='null_assert' action='make_not_entrant' compile_id='798' compiler='C2' stamp='7.111'>
Uncommon trap occurred in jdk.internal.org.objectweb.asm.ClassWriter::toByteArray (@0x0000000112e46ae4) thread=9219 reason=null_assert action=make_not_entrant unloaded_class_index=-1
<jvms bci='35' method='jdk/internal/org/objectweb/asm/ClassWriter toByteArray ()[B' bytes='1289' count='4' backedge_count='7' iicount='4'/>
</uncommon_trap>
DEOPT PACKING thread 0x00007fce7c80f000 Compiled frame (sp=0x0000000308a7cf80 unextended sp=0x0000000308a7cf80, fp=0x000000079586fdf8, real_fp=0x0000000308a7cfe0, pc=0x0000000112e46ae4)
     nmethod   7111  798             jdk.internal.org.objectweb.asm.ClassWriter::toByteArray (1289 bytes)

     Virtual frames (innermost first):
        0 - frame( sp=0x0000000308a7cf80, unextended_sp=0x0000000308a7cf80, fp=0x000000079586fdf8, pc=0x0000000112e46ae4)
jdk.internal.org.objectweb.asm.ClassWriter.toByteArray(ClassWriter.java:846) - astore_3 @ bci 35 
     Created vframeArray 0x00007fce7c84cc20
DEOPT UNPACKING thread 0x00007fce7c80f000 vframeArray 0x00007fce7c84cc20 mode 2
     {method} {0x0000000119f019c8} &apos;toByteArray&apos; &apos;()[B&apos; in &apos;jdk/internal/org/objectweb/asm/ClassWriter&apos; - astore_3 @ bci 35 sp = 0x0000000308a7cf40
<dependency_failed type='abstract_with_unique_concrete_subtype' ctxk='java/util/HashMap$HashIterator' x='java/util/HashMap$ValueIterator' witness='java/util/HashMap$EntryIterator' stamp='7.123'/>
<dependency_failed type='abstract_with_unique_concrete_subtype' ctxk='java/util/HashMap$HashIterator' x='java/util/HashMap$ValueIterator' witness='java/util/HashMap$EntryIterator' stamp='7.123'/>
<dependency_failed type='abstract_with_unique_concrete_subtype' ctxk='java/util/HashMap$HashIterator' x='java/util/HashMap$ValueIterator' witness='java/util/HashMap$EntryIterator' stamp='7.123'/>
<uncommon_trap thread='9219' reason='class_check' action='maybe_recompile' compile_id='149' compiler='C2' count='1' state='class_check' stamp='7.141'>
Uncommon trap occurred in java.util.HashMap::putVal (@0x0000000112cf3e4c) thread=9219 reason=class_check action=maybe_recompile unloaded_class_index=-1
<jvms bci='152' method='java/util/HashMap putVal (ILjava/lang/Object;Ljava/lang/Object;ZZ)Ljava/lang/Object;' bytes='300' count='2' backedge_count='1' iicount='14' class_check_traps='1'/>
</uncommon_trap>
DEOPT PACKING thread 0x00007fce7c80f000 Compiled frame (sp=0x0000000308a7c4a0 unextended sp=0x0000000308a7c4a0, fp=0x00000007c001cf10, real_fp=0x0000000308a7c550, pc=0x0000000112cf3e4c)
     nmethod   7141  149             java.util.HashMap::putVal (300 bytes)

     Virtual frames (innermost first):
        0 - frame( sp=0x0000000308a7c4a0, unextended_sp=0x0000000308a7c4a0, fp=0x00000007c001cf10, pc=0x0000000112cf3e4c)
java.util.HashMap.putVal(HashMap.java:643) - invokevirtual @ bci 152 
     Created vframeArray 0x00007fce7d03ac20
DEOPT UNPACKING thread 0x00007fce7c80f000 vframeArray 0x00007fce7d03ac20 mode 2
     {method} {0x0000000119c2da98} &apos;putVal&apos; &apos;(ILjava/lang/Object;Ljava/lang/Object;ZZ)Ljava/lang/Object;&apos; in &apos;java/util/HashMap&apos; - invokevirtual @ bci 152 sp = 0x0000000308a7c498
<uncommon_trap thread='9219' reason='class_check' action='maybe_recompile' compile_id='658' compiler='C2' stamp='7.144'>
Uncommon trap occurred in java.util.Arrays::equals (@0x0000000112df370c) thread=9219 reason=class_check action=maybe_recompile unloaded_class_index=-1
<jvms bci='62' method='java/util/Arrays equals ([Ljava/lang/Object;[Ljava/lang/Object;)Z' bytes='78' count='3' backedge_count='9' iicount='3'/>
</uncommon_trap>
DEOPT PACKING thread 0x00007fce7c80f000 Compiled frame (sp=0x0000000308a7d4e0 unextended sp=0x0000000308a7d4e0, fp=0x0000000795850428, real_fp=0x0000000308a7d520, pc=0x0000000112df370c)
     nmethod   7143  658             java.util.Arrays::equals (78 bytes)

     Virtual frames (innermost first):
        0 - frame( sp=0x0000000308a7d4e0, unextended_sp=0x0000000308a7d4e0, fp=0x0000000795850428, pc=0x0000000112df370c)
java.util.Arrays.equals(Arrays.java:2829) - invokevirtual @ bci 62 
     Created vframeArray 0x00007fce7b022220
DEOPT UNPACKING thread 0x00007fce7c80f000 vframeArray 0x00007fce7b022220 mode 2
     {method} {0x0000000119c6ac88} &apos;equals&apos; &apos;([Ljava/lang/Object;[Ljava/lang/Object;)Z&apos; in &apos;java/util/Arrays&apos; - invokevirtual @ bci 62 sp = 0x0000000308a7d4a0
<uncommon_trap thread='9219' reason='unstable_if' action='reinterpret' compile_id='964' compiler='C2' stamp='7.203'>
Uncommon trap occurred in java.lang.invoke.LambdaForm::normalize (@0x0000000112e9c020) thread=9219 reason=unstable_if action=reinterpret unloaded_class_index=-1
<jvms bci='35' method='java/lang/invoke/LambdaForm normalize ()I' bytes='322' count='2' backedge_count='11' iicount='15' decompiles='5' uninitialized_traps='5'/>
</uncommon_trap>
DEOPT PACKING thread 0x00007fce7c80f000 Compiled frame (sp=0x0000000308a7d3d0 unextended sp=0x0000000308a7d3d0, fp=0x00000007956c6a70, real_fp=0x0000000308a7d420, pc=0x0000000112e9c020)
     nmethod   7202  964             java.lang.invoke.LambdaForm::normalize (322 bytes)

     Virtual frames (innermost first):
        0 - frame( sp=0x0000000308a7d3d0, unextended_sp=0x0000000308a7d3d0, fp=0x00000007956c6a70, pc=0x0000000112e9c020)
java.lang.invoke.LambdaForm.normalize(LambdaForm.java:412) - ifne @ bci 35 
     Created vframeArray 0x00007fce7d03ac20
DEOPT UNPACKING thread 0x00007fce7c80f000 vframeArray 0x00007fce7d03ac20 mode 2
     {method} {0x0000000119b8ad08} &apos;normalize&apos; &apos;()I&apos; in &apos;java/lang/invoke/LambdaForm&apos; - ifne @ bci 35 sp = 0x0000000308a7d380
<uncommon_trap thread='9219' reason='class_check' action='maybe_recompile' compile_id='658' compiler='C2' count='1' state='class_check' stamp='7.309'>
Uncommon trap occurred in java.util.Arrays::equals (@0x0000000112df370c) thread=9219 reason=class_check action=maybe_recompile unloaded_class_index=-1
<jvms bci='62' method='java/util/Arrays equals ([Ljava/lang/Object;[Ljava/lang/Object;)Z' bytes='78' count='3' backedge_count='10' iicount='3' class_check_traps='1'/>
</uncommon_trap>
DEOPT PACKING thread 0x00007fce7c80f000 Compiled frame (sp=0x0000000308a7d5b0 unextended sp=0x0000000308a7d5b0, fp=0x000000079586c720, real_fp=0x0000000308a7d5f0, pc=0x0000000112df370c)
     nmethod   7309  658             java.util.Arrays::equals (78 bytes)

     Virtual frames (innermost first):
        0 - frame( sp=0x0000000308a7d5b0, unextended_sp=0x0000000308a7d5b0, fp=0x000000079586c720, pc=0x0000000112df370c)
java.util.Arrays.equals(Arrays.java:2829) - invokevirtual @ bci 62 
     Created vframeArray 0x00007fce7b022220
DEOPT UNPACKING thread 0x00007fce7c80f000 vframeArray 0x00007fce7b022220 mode 2
     {method} {0x0000000119c6ac88} &apos;equals&apos; &apos;([Ljava/lang/Object;[Ljava/lang/Object;)Z&apos; in &apos;java/util/Arrays&apos; - invokevirtual @ bci 62 sp = 0x0000000308a7d570
<uncommon_trap thread='9219' reason='predicate' action='maybe_recompile' compile_id='1075' compiler='C2' stamp='7.310'>
Uncommon trap occurred in java.util.Arrays::fill (@0x0000000112ecc0d8) thread=9219 reason=predicate action=maybe_recompile unloaded_class_index=-1
<jvms bci='16' method='java/util/Arrays fill ([Ljava/lang/Object;IILjava/lang/Object;)V' bytes='28' count='5' backedge_count='6' iicount='6'/>
</uncommon_trap>
DEOPT PACKING thread 0x00007fce7c80f000 Compiled frame (sp=0x0000000308a7d4b0 unextended sp=0x0000000308a7d4b0, fp=0x0000000000000000, real_fp=0x0000000308a7d500, pc=0x0000000112ecc0d8)
     nmethod   7310 1075             java.util.Arrays::fill (28 bytes)

     Virtual frames (innermost first):
        0 - frame( sp=0x0000000308a7d4b0, unextended_sp=0x0000000308a7d4b0, fp=0x0000000000000000, pc=0x0000000112ecc0d8)
java.util.Arrays.fill(Arrays.java:3155) - fast_aload_0 @ bci 16 
     Created vframeArray 0x00007fce7c88d220
DEOPT UNPACKING thread 0x00007fce7c80f000 vframeArray 0x00007fce7c88d220 mode 2
     {method} {0x0000000119c6bdf8} &apos;fill&apos; &apos;([Ljava/lang/Object;IILjava/lang/Object;)V&apos; in &apos;java/util/Arrays&apos; - aload_0 @ bci 16 sp = 0x0000000308a7d4a8
<uncommon_trap thread='9219' reason='array_check' action='maybe_recompile' compile_id='1108' compiler='C2' stamp='7.334'>
Uncommon trap occurred in java.util.Arrays::fill (@0x0000000112ee1604) thread=9219 reason=array_check action=maybe_recompile unloaded_class_index=-1
<jvms bci='20' method='java/util/Arrays fill ([Ljava/lang/Object;IILjava/lang/Object;)V' bytes='28' count='5' backedge_count='6' iicount='7' decompiles='1' predicate_traps='1'/>
</uncommon_trap>
DEOPT PACKING thread 0x00007fce7c80f000 Compiled frame (sp=0x0000000308a7d4a0 unextended sp=0x0000000308a7d4a0, fp=0x0000000000000006, real_fp=0x0000000308a7d500, pc=0x0000000112ee1604)
     nmethod   7334 1108             java.util.Arrays::fill (28 bytes)

     Virtual frames (innermost first):
        0 - frame( sp=0x0000000308a7d4a0, unextended_sp=0x0000000308a7d4a0, fp=0x0000000000000006, pc=0x0000000112ee1604)
java.util.Arrays.fill(Arrays.java:3155) - aastore @ bci 20 
     Created vframeArray 0x00007fce7d03ac20
DEOPT UNPACKING thread 0x00007fce7c80f000 vframeArray 0x00007fce7d03ac20 mode 2
     {method} {0x0000000119c6bdf8} &apos;fill&apos; &apos;([Ljava/lang/Object;IILjava/lang/Object;)V&apos; in &apos;java/util/Arrays&apos; - aastore @ bci 20 sp = 0x0000000308a7d490
<uncommon_trap thread='9219' reason='array_check' action='maybe_recompile' compile_id='1108' compiler='C2' count='1' state='array_check' stamp='7.336'>
Uncommon trap occurred in java.util.Arrays::fill (@0x0000000112ee1604) thread=9219 reason=array_check action=maybe_recompile unloaded_class_index=-1
<jvms bci='20' method='java/util/Arrays fill ([Ljava/lang/Object;IILjava/lang/Object;)V' bytes='28' count='5' backedge_count='7' iicount='7' decompiles='1' array_check_traps='1' predicate_traps='1'/>
</uncommon_trap>
DEOPT PACKING thread 0x00007fce7c80f000 Compiled frame (sp=0x0000000308a7d4a0 unextended sp=0x0000000308a7d4a0, fp=0x0000000000000006, real_fp=0x0000000308a7d500, pc=0x0000000112ee1604)
     nmethod   7335 1108             java.util.Arrays::fill (28 bytes)

     Virtual frames (innermost first):
        0 - frame( sp=0x0000000308a7d4a0, unextended_sp=0x0000000308a7d4a0, fp=0x0000000000000006, pc=0x0000000112ee1604)
java.util.Arrays.fill(Arrays.java:3155) - aastore @ bci 20 
     Created vframeArray 0x00007fce7d073820
DEOPT UNPACKING thread 0x00007fce7c80f000 vframeArray 0x00007fce7d073820 mode 2
     {method} {0x0000000119c6bdf8} &apos;fill&apos; &apos;([Ljava/lang/Object;IILjava/lang/Object;)V&apos; in &apos;java/util/Arrays&apos; - aastore @ bci 20 sp = 0x0000000308a7d490
<uncommon_trap thread='9219' reason='array_check' action='maybe_recompile' compile_id='1108' compiler='C2' count='2' state='array_check' stamp='7.336'>
Uncommon trap occurred in java.util.Arrays::fill (@0x0000000112ee1604) thread=9219 reason=array_check action=maybe_recompile unloaded_class_index=-1
<jvms bci='20' method='java/util/Arrays fill ([Ljava/lang/Object;IILjava/lang/Object;)V' bytes='28' count='5' backedge_count='8' iicount='7' decompiles='1' array_check_traps='2' predicate_traps='1'/>
</uncommon_trap>
DEOPT PACKING thread 0x00007fce7c80f000 Compiled frame (sp=0x0000000308a7d4a0 unextended sp=0x0000000308a7d4a0, fp=0x0000000000000003, real_fp=0x0000000308a7d500, pc=0x0000000112ee1604)
     nmethod   7336 1108             java.util.Arrays::fill (28 bytes)

     Virtual frames (innermost first):
        0 - frame( sp=0x0000000308a7d4a0, unextended_sp=0x0000000308a7d4a0, fp=0x0000000000000003, pc=0x0000000112ee1604)
java.util.Arrays.fill(Arrays.java:3155) - aastore @ bci 20 
     Created vframeArray 0x00007fce7b022220
DEOPT UNPACKING thread 0x00007fce7c80f000 vframeArray 0x00007fce7b022220 mode 2
     {method} {0x0000000119c6bdf8} &apos;fill&apos; &apos;([Ljava/lang/Object;IILjava/lang/Object;)V&apos; in &apos;java/util/Arrays&apos; - aastore @ bci 20 sp = 0x0000000308a7d490
<uncommon_trap thread='9219' reason='array_check' action='maybe_recompile' compile_id='1108' compiler='C2' count='3' state='array_check' stamp='7.336'>
Uncommon trap occurred in java.util.Arrays::fill (@0x0000000112ee1604) thread=9219 reason=array_check action=maybe_recompile unloaded_class_index=-1
<jvms bci='20' method='java/util/Arrays fill ([Ljava/lang/Object;IILjava/lang/Object;)V' bytes='28' count='5' backedge_count='9' iicount='7' decompiles='1' array_check_traps='3' predicate_traps='1'/>
</uncommon_trap>
DEOPT PACKING thread 0x00007fce7c80f000 Compiled frame (sp=0x0000000308a7d4a0 unextended sp=0x0000000308a7d4a0, fp=0x0000000000000003, real_fp=0x0000000308a7d500, pc=0x0000000112ee1604)
     nmethod   7336 1108             java.util.Arrays::fill (28 bytes)

     Virtual frames (innermost first):
        0 - frame( sp=0x0000000308a7d4a0, unextended_sp=0x0000000308a7d4a0, fp=0x0000000000000003, pc=0x0000000112ee1604)
java.util.Arrays.fill(Arrays.java:3155) - aastore @ bci 20 
     Created vframeArray 0x00007fce7d073820
DEOPT UNPACKING thread 0x00007fce7c80f000 vframeArray 0x00007fce7d073820 mode 2
     {method} {0x0000000119c6bdf8} &apos;fill&apos; &apos;([Ljava/lang/Object;IILjava/lang/Object;)V&apos; in &apos;java/util/Arrays&apos; - aastore @ bci 20 sp = 0x0000000308a7d490
<uncommon_trap thread='9219' reason='class_check' action='maybe_recompile' compile_id='658' compiler='C2' count='2' state='class_check' stamp='7.526'>
Uncommon trap occurred in java.util.Arrays::equals (@0x0000000112df370c) thread=9219 reason=class_check action=maybe_recompile unloaded_class_index=-1
<jvms bci='62' method='java/util/Arrays equals ([Ljava/lang/Object;[Ljava/lang/Object;)Z' bytes='78' count='3' backedge_count='11' iicount='3' class_check_traps='2'/>
</uncommon_trap>
DEOPT PACKING thread 0x00007fce7c80f000 Compiled frame (sp=0x0000000308a7d5b0 unextended sp=0x0000000308a7d5b0, fp=0x0000000795882548, real_fp=0x0000000308a7d5f0, pc=0x0000000112df370c)
     nmethod   7526  658             java.util.Arrays::equals (78 bytes)

     Virtual frames (innermost first):
        0 - frame( sp=0x0000000308a7d5b0, unextended_sp=0x0000000308a7d5b0, fp=0x0000000795882548, pc=0x0000000112df370c)
java.util.Arrays.equals(Arrays.java:2829) - invokevirtual @ bci 62 
     Created vframeArray 0x00007fce7c00dc20
DEOPT UNPACKING thread 0x00007fce7c80f000 vframeArray 0x00007fce7c00dc20 mode 2
     {method} {0x0000000119c6ac88} &apos;equals&apos; &apos;([Ljava/lang/Object;[Ljava/lang/Object;)Z&apos; in &apos;java/util/Arrays&apos; - invokevirtual @ bci 62 sp = 0x0000000308a7d570
<uncommon_trap thread='9219' reason='class_check' action='maybe_recompile' compile_id='658' compiler='C2' count='3' state='class_check' stamp='7.533'>
Uncommon trap occurred in java.util.Arrays::equals (@0x0000000112df370c) thread=9219 reason=class_check action=maybe_recompile unloaded_class_index=-1
<jvms bci='62' method='java/util/Arrays equals ([Ljava/lang/Object;[Ljava/lang/Object;)Z' bytes='78' count='3' backedge_count='12' iicount='3' class_check_traps='3'/>
</uncommon_trap>
DEOPT PACKING thread 0x00007fce7c80f000 Compiled frame (sp=0x0000000308a7d5b0 unextended sp=0x0000000308a7d5b0, fp=0x0000000795882548, real_fp=0x0000000308a7d5f0, pc=0x0000000112df370c)
     nmethod   7533  658             java.util.Arrays::equals (78 bytes)

     Virtual frames (innermost first):
        0 - frame( sp=0x0000000308a7d5b0, unextended_sp=0x0000000308a7d5b0, fp=0x0000000795882548, pc=0x0000000112df370c)
java.util.Arrays.equals(Arrays.java:2829) - invokevirtual @ bci 62 
     Created vframeArray 0x00007fce7c88d220
DEOPT UNPACKING thread 0x00007fce7c80f000 vframeArray 0x00007fce7c88d220 mode 2
     {method} {0x0000000119c6ac88} &apos;equals&apos; &apos;([Ljava/lang/Object;[Ljava/lang/Object;)Z&apos; in &apos;java/util/Arrays&apos; - invokevirtual @ bci 62 sp = 0x0000000308a7d570
<dependency_failed type='abstract_with_unique_concrete_subtype' ctxk='jdk/internal/org/objectweb/asm/MethodVisitor' x='jdk/internal/org/objectweb/asm/MethodWriter' witness='java/lang/invoke/TypeConvertingMethodAdapter' stamp='7.794'/>
<dependency_failed type='abstract_with_unique_concrete_subtype' ctxk='jdk/internal/org/objectweb/asm/MethodVisitor' x='jdk/internal/org/objectweb/asm/MethodWriter' witness='java/lang/invoke/TypeConvertingMethodAdapter' stamp='7.794'/>
<dependency_failed type='abstract_with_unique_concrete_subtype' ctxk='jdk/internal/org/objectweb/asm/MethodVisitor' x='jdk/internal/org/objectweb/asm/MethodWriter' witness='java/lang/invoke/TypeConvertingMethodAdapter' stamp='7.794'/>
<dependency_failed type='abstract_with_unique_concrete_subtype' ctxk='jdk/internal/org/objectweb/asm/MethodVisitor' x='jdk/internal/org/objectweb/asm/MethodWriter' witness='java/lang/invoke/TypeConvertingMethodAdapter' stamp='7.794'/>
<dependency_failed type='abstract_with_unique_concrete_subtype' ctxk='jdk/internal/org/objectweb/asm/MethodVisitor' x='jdk/internal/org/objectweb/asm/MethodWriter' witness='java/lang/invoke/TypeConvertingMethodAdapter' stamp='7.795'/>
<dependency_failed type='abstract_with_unique_concrete_subtype' ctxk='jdk/internal/org/objectweb/asm/MethodVisitor' x='jdk/internal/org/objectweb/asm/MethodWriter' witness='java/lang/invoke/TypeConvertingMethodAdapter' stamp='7.795'/>
<dependency_failed type='abstract_with_unique_concrete_subtype' ctxk='jdk/internal/org/objectweb/asm/MethodVisitor' x='jdk/internal/org/objectweb/asm/MethodWriter' witness='java/lang/invoke/TypeConvertingMethodAdapter' stamp='7.795'/>
<dependency_failed type='abstract_with_unique_concrete_subtype' ctxk='jdk/internal/org/objectweb/asm/MethodVisitor' x='jdk/internal/org/objectweb/asm/MethodWriter' witness='java/lang/invoke/TypeConvertingMethodAdapter' stamp='7.795'/>
<dependency_failed type='abstract_with_unique_concrete_subtype' ctxk='jdk/internal/org/objectweb/asm/MethodVisitor' x='jdk/internal/org/objectweb/asm/MethodWriter' witness='java/lang/invoke/TypeConvertingMethodAdapter' stamp='7.795'/>
<dependency_failed type='abstract_with_unique_concrete_subtype' ctxk='jdk/internal/org/objectweb/asm/MethodVisitor' x='jdk/internal/org/objectweb/asm/MethodWriter' witness='java/lang/invoke/TypeConvertingMethodAdapter' stamp='7.795'/>
<dependency_failed type='abstract_with_unique_concrete_subtype' ctxk='jdk/internal/org/objectweb/asm/MethodVisitor' x='jdk/internal/org/objectweb/asm/MethodWriter' witness='java/lang/invoke/TypeConvertingMethodAdapter' stamp='7.795'/>
<dependency_failed type='abstract_with_unique_concrete_subtype' ctxk='jdk/internal/org/objectweb/asm/MethodVisitor' x='jdk/internal/org/objectweb/asm/MethodWriter' witness='java/lang/invoke/TypeConvertingMethodAdapter' stamp='7.795'/>
<dependency_failed type='abstract_with_unique_concrete_subtype' ctxk='jdk/internal/org/objectweb/asm/MethodVisitor' x='jdk/internal/org/objectweb/asm/MethodWriter' witness='java/lang/invoke/TypeConvertingMethodAdapter' stamp='7.795'/>
<dependency_failed type='abstract_with_unique_concrete_subtype' ctxk='jdk/internal/org/objectweb/asm/MethodVisitor' x='jdk/internal/org/objectweb/asm/MethodWriter' witness='java/lang/invoke/TypeConvertingMethodAdapter' stamp='7.795'/>
<dependency_failed type='abstract_with_unique_concrete_subtype' ctxk='jdk/internal/org/objectweb/asm/MethodVisitor' x='jdk/internal/org/objectweb/asm/MethodWriter' witness='java/lang/invoke/TypeConvertingMethodAdapter' stamp='7.795'/>
<dependency_failed type='abstract_with_unique_concrete_subtype' ctxk='jdk/internal/org/objectweb/asm/MethodVisitor' x='jdk/internal/org/objectweb/asm/MethodWriter' witness='java/lang/invoke/TypeConvertingMethodAdapter' stamp='7.795'/>
<dependency_failed type='abstract_with_unique_concrete_subtype' ctxk='jdk/internal/org/objectweb/asm/MethodVisitor' x='jdk/internal/org/objectweb/asm/MethodWriter' witness='java/lang/invoke/TypeConvertingMethodAdapter' stamp='7.795'/>
<dependency_failed type='abstract_with_unique_concrete_subtype' ctxk='jdk/internal/org/objectweb/asm/MethodVisitor' x='jdk/internal/org/objectweb/asm/MethodWriter' witness='java/lang/invoke/TypeConvertingMethodAdapter' stamp='7.796'/>
<dependency_failed type='abstract_with_unique_concrete_subtype' ctxk='jdk/internal/org/objectweb/asm/MethodVisitor' x='jdk/internal/org/objectweb/asm/MethodWriter' witness='java/lang/invoke/TypeConvertingMethodAdapter' stamp='7.796'/>
<dependency_failed type='abstract_with_unique_concrete_subtype' ctxk='jdk/internal/org/objectweb/asm/MethodVisitor' x='jdk/internal/org/objectweb/asm/MethodWriter' witness='java/lang/invoke/TypeConvertingMethodAdapter' stamp='7.796'/>
<dependency_failed type='abstract_with_unique_concrete_subtype' ctxk='jdk/internal/org/objectweb/asm/MethodVisitor' x='jdk/internal/org/objectweb/asm/MethodWriter' witness='java/lang/invoke/TypeConvertingMethodAdapter' stamp='7.796'/>
<uncommon_trap thread='9219' reason='uninitialized' action='reinterpret' compile_id='1169' compiler='C2' stamp='7.801'>
Uncommon trap occurred in java.lang.invoke.TypeConvertingMethodAdapter::initWidening (@0x0000000112f09184) thread=9219 reason=uninitialized action=reinterpret unloaded_class_index=-1
<jvms bci='22' method='java/lang/invoke/TypeConvertingMethodAdapter initWidening (Lsun/invoke/util/Wrapper;I[Lsun/invoke/util/Wrapper;)V' bytes='44' count='4' backedge_count='6' iicount='4'/>
</uncommon_trap>
DEOPT PACKING thread 0x00007fce7c80f000 Compiled frame (sp=0x0000000308a7cec0 unextended sp=0x0000000308a7cec0, fp=0x00000000f2ad811d, real_fp=0x0000000308a7cf00, pc=0x0000000112f09184)
     nmethod   7801 1169             java.lang.invoke.TypeConvertingMethodAdapter::initWidening (44 bytes)

     Virtual frames (innermost first):
        0 - frame( sp=0x0000000308a7cec0, unextended_sp=0x0000000308a7cec0, fp=0x00000000f2ad811d, pc=0x0000000112f09184)
java.lang.invoke.TypeConvertingMethodAdapter.initWidening(TypeConvertingMethodAdapter.java:92) - getstatic @ bci 22 
     Created vframeArray 0x00007fce7c00dc20
DEOPT UNPACKING thread 0x00007fce7c80f000 vframeArray 0x00007fce7c00dc20 mode 2
     {method} {0x000000011a001db8} &apos;initWidening&apos; &apos;(Lsun/invoke/util/Wrapper;I[Lsun/invoke/util/Wrapper;)V&apos; in &apos;java/lang/invoke/TypeConvertingMethodAdapter&apos; - getstatic @ bci 22 sp = 0x0000000308a7ce90
<uncommon_trap thread='9219' reason='unloaded' action='reinterpret' index='37' compile_id='946' compiler='C2' unresolved='1' name='java/lang/invoke/DirectMethodHandle$Special' count='1' stamp='8.243'>
Uncommon trap occurred in java.lang.invoke.DirectMethodHandle::make (@0x0000000112e95e78) thread=9219 reason=unloaded action=reinterpret unloaded_class_index=37 unresolved class: java/lang/invoke/DirectMethodHandle$Special
<jvms bci='103' method='java/lang/invoke/DirectMethodHandle make (BLjava/lang/Class;Ljava/lang/invoke/MemberName;)Ljava/lang/invoke/DirectMethodHandle;' bytes='242' count='3' backedge_count='1' iicount='19' decompiles='1' unloaded_traps='1'/>
</uncommon_trap>
DEOPT PACKING thread 0x00007fce7c80f000 Compiled frame (sp=0x0000000308a7d480 unextended sp=0x0000000308a7d480, fp=0x000000079590e360, real_fp=0x0000000308a7d4e0, pc=0x0000000112e95e78)
     nmethod   8245  946             java.lang.invoke.DirectMethodHandle::make (242 bytes)

     Virtual frames (innermost first):
        0 - frame( sp=0x0000000308a7d480, unextended_sp=0x0000000308a7d480, fp=0x000000079590e360, pc=0x0000000112e95e78)
java.lang.invoke.DirectMethodHandle.make(DirectMethodHandle.java:82) - new @ bci 103 
     Created vframeArray 0x00007fce7c892e20
DEOPT UNPACKING thread 0x00007fce7c80f000 vframeArray 0x00007fce7c892e20 mode 2
     {method} {0x0000000119b75e40} &apos;make&apos; &apos;(BLjava/lang/Class;Ljava/lang/invoke/MemberName;)Ljava/lang/invoke/DirectMethodHandle;&apos; in &apos;java/lang/invoke/DirectMethodHandle&apos; - new @ bci 103 sp = 0x0000000308a7d450
<uncommon_trap thread='9219' reason='class_check' action='maybe_recompile' compile_id='1009' compiler='C2' stamp='8.247'>
Uncommon trap occurred in java.lang.invoke.MethodHandles$Lookup::getDirectMethodCommon (@0x0000000112cd2290) thread=9219 reason=class_check action=maybe_recompile unloaded_class_index=-1
<jvms bci='263' method='java/lang/invoke/MethodHandles$Lookup getDirectMethodCommon (BLjava/lang/Class;Ljava/lang/invoke/MemberName;ZZLjava/lang/Class;)Ljava/lang/invoke/MethodHandle;' bytes='271' count='5' backedge_count='1' iicount='10'/>
</uncommon_trap>
DEOPT PACKING thread 0x00007fce7c80f000 Compiled frame (sp=0x0000000308a7d4e0 unextended sp=0x0000000308a7d4e0, fp=0x00000007959131f8, real_fp=0x0000000308a7d560, pc=0x0000000112cd2290)
     nmethod   8247 1009             java.lang.invoke.MethodHandles$Lookup::getDirectMethodCommon (271 bytes)

     Virtual frames (innermost first):
        0 - frame( sp=0x0000000308a7d4e0, unextended_sp=0x0000000308a7d4e0, fp=0x00000007959131f8, pc=0x0000000112cd2290)
java.lang.invoke.MethodHandles$Lookup.getDirectMethodCommon(MethodHandles.java:1670) - invokevirtual @ bci 263 
     Created vframeArray 0x00007fce7b05aa20
DEOPT UNPACKING thread 0x00007fce7c80f000 vframeArray 0x00007fce7b05aa20 mode 2
     {method} {0x0000000119e96960} &apos;getDirectMethodCommon&apos; &apos;(BLjava/lang/Class;Ljava/lang/invoke/MemberName;ZZLjava/lang/Class;)Ljava/lang/invoke/MethodHandle;&apos; in &apos;java/lang/invoke/MethodHandles$Lookup&apos; - invokevirtual @ bci 263 sp = 0x0000000308a7d4f0
<uncommon_trap thread='9219' reason='class_check' action='maybe_recompile' compile_id='149' compiler='C2' count='2' state='class_check' stamp='8.488'>
Uncommon trap occurred in java.util.HashMap::putVal (@0x0000000112cf3e4c) thread=9219 reason=class_check action=maybe_recompile unloaded_class_index=-1
<jvms bci='152' method='java/util/HashMap putVal (ILjava/lang/Object;Ljava/lang/Object;ZZ)Ljava/lang/Object;' bytes='300' count='2' backedge_count='1' iicount='14' class_check_traps='2'/>
</uncommon_trap>
DEOPT PACKING thread 0x00007fce7c80f000 Compiled frame (sp=0x0000000308a7dfe0 unextended sp=0x0000000308a7dfe0, fp=0x00000007c001cf10, real_fp=0x0000000308a7e090, pc=0x0000000112cf3e4c)
     nmethod   8488  149             java.util.HashMap::putVal (300 bytes)

     Virtual frames (innermost first):
        0 - frame( sp=0x0000000308a7dfe0, unextended_sp=0x0000000308a7dfe0, fp=0x00000007c001cf10, pc=0x0000000112cf3e4c)
java.util.HashMap.putVal(HashMap.java:643) - invokevirtual @ bci 152 
     Created vframeArray 0x00007fce7c049c20
DEOPT UNPACKING thread 0x00007fce7c80f000 vframeArray 0x00007fce7c049c20 mode 2
     {method} {0x0000000119c2da98} &apos;putVal&apos; &apos;(ILjava/lang/Object;Ljava/lang/Object;ZZ)Ljava/lang/Object;&apos; in &apos;java/util/HashMap&apos; - invokevirtual @ bci 152 sp = 0x0000000308a7dfa8
<uncommon_trap thread='9219' reason='class_check' action='maybe_recompile' compile_id='149' compiler='C2' count='3' state='class_check' stamp='8.502'>
Uncommon trap occurred in java.util.HashMap::putVal (@0x0000000112cf3e4c) thread=9219 reason=class_check action=maybe_recompile unloaded_class_index=-1
<jvms bci='152' method='java/util/HashMap putVal (ILjava/lang/Object;Ljava/lang/Object;ZZ)Ljava/lang/Object;' bytes='300' count='2' backedge_count='1' iicount='14' class_check_traps='3'/>
</uncommon_trap>
DEOPT PACKING thread 0x00007fce7c80f000 Compiled frame (sp=0x0000000308a7dfe0 unextended sp=0x0000000308a7dfe0, fp=0x00000007c001cf10, real_fp=0x0000000308a7e090, pc=0x0000000112cf3e4c)
     nmethod   8502  149             java.util.HashMap::putVal (300 bytes)

     Virtual frames (innermost first):
        0 - frame( sp=0x0000000308a7dfe0, unextended_sp=0x0000000308a7dfe0, fp=0x00000007c001cf10, pc=0x0000000112cf3e4c)
java.util.HashMap.putVal(HashMap.java:643) - invokevirtual @ bci 152 
     Created vframeArray 0x00007fce7d808820
DEOPT UNPACKING thread 0x00007fce7c80f000 vframeArray 0x00007fce7d808820 mode 2
     {method} {0x0000000119c2da98} &apos;putVal&apos; &apos;(ILjava/lang/Object;Ljava/lang/Object;ZZ)Ljava/lang/Object;&apos; in &apos;java/util/HashMap&apos; - invokevirtual @ bci 152 sp = 0x0000000308a7dfa8
<uncommon_trap thread='9219' reason='class_check' action='maybe_recompile' compile_id='1274' compiler='C2' stamp='9.055'>
Uncommon trap occurred in java.io.DataOutputStream::writeShort (@0x0000000112f30144) thread=9219 reason=class_check action=maybe_recompile unloaded_class_index=-1
<jvms bci='12' method='java/io/DataOutputStream writeShort (I)V' bytes='35' count='5' backedge_count='1' iicount='10'/>
</uncommon_trap>
DEOPT PACKING thread 0x00007fce7c80f000 Compiled frame (sp=0x0000000308a7e0e0 unextended sp=0x0000000308a7e0e0, fp=0x00000000000000c0, real_fp=0x0000000308a7e110, pc=0x0000000112f30144)
     nmethod   9054 1274             java.io.DataOutputStream::writeShort (35 bytes)

     Virtual frames (innermost first):
        0 - frame( sp=0x0000000308a7e0e0, unextended_sp=0x0000000308a7e0e0, fp=0x00000000000000c0, pc=0x0000000112f30144)
java.io.DataOutputStream.writeShort(DataOutputStream.java:167) - invokevirtual @ bci 12 
     Created vframeArray 0x00007fce7c893620
DEOPT UNPACKING thread 0x00007fce7c80f000 vframeArray 0x00007fce7c893620 mode 2
     {method} {0x000000011a06afc8} &apos;writeShort&apos; &apos;(I)V&apos; in &apos;java/io/DataOutputStream&apos; - invokevirtual @ bci 12 sp = 0x0000000308a7e0b0
<uncommon_trap thread='9219' reason='class_check' action='maybe_recompile' compile_id='1266' compiler='C2' stamp='9.055'>
Uncommon trap occurred in java.io.DataOutputStream::writeByte (@0x0000000112f29f44) thread=9219 reason=class_check action=maybe_recompile unloaded_class_index=-1
<jvms bci='5' method='java/io/DataOutputStream writeByte (I)V' bytes='14' count='5' backedge_count='1' iicount='10'/>
</uncommon_trap>
DEOPT PACKING thread 0x00007fce7c80f000 Compiled frame (sp=0x0000000308a7e080 unextended sp=0x0000000308a7e080, fp=0x0000000795966218, real_fp=0x0000000308a7e0b0, pc=0x0000000112f29f44)
     nmethod   9055 1266             java.io.DataOutputStream::writeByte (14 bytes)

     Virtual frames (innermost first):
        0 - frame( sp=0x0000000308a7e080, unextended_sp=0x0000000308a7e080, fp=0x0000000795966218, pc=0x0000000112f29f44)
java.io.DataOutputStream.writeByte(DataOutputStream.java:153) - invokevirtual @ bci 5 
     Created vframeArray 0x00007fce7b05aa20
DEOPT UNPACKING thread 0x00007fce7c80f000 vframeArray 0x00007fce7b05aa20 mode 2
     {method} {0x000000011a06aee0} &apos;writeByte&apos; &apos;(I)V&apos; in &apos;java/io/DataOutputStream&apos; - invokevirtual @ bci 5 sp = 0x0000000308a7e050
<uncommon_trap thread='9219' reason='class_check' action='maybe_recompile' compile_id='1266' compiler='C2' count='1' state='class_check' stamp='9.056'>
Uncommon trap occurred in java.io.DataOutputStream::writeByte (@0x0000000112f29f44) thread=9219 reason=class_check action=maybe_recompile unloaded_class_index=-1
<jvms bci='5' method='java/io/DataOutputStream writeByte (I)V' bytes='14' count='5' backedge_count='1' iicount='10' class_check_traps='1'/>
</uncommon_trap>
DEOPT PACKING thread 0x00007fce7c80f000 Compiled frame (sp=0x0000000308a7e080 unextended sp=0x0000000308a7e080, fp=0x0000000795966218, real_fp=0x0000000308a7e0b0, pc=0x0000000112f29f44)
     nmethod   9055 1266             java.io.DataOutputStream::writeByte (14 bytes)

     Virtual frames (innermost first):
        0 - frame( sp=0x0000000308a7e080, unextended_sp=0x0000000308a7e080, fp=0x0000000795966218, pc=0x0000000112f29f44)
java.io.DataOutputStream.writeByte(DataOutputStream.java:153) - invokevirtual @ bci 5 
     Created vframeArray 0x00007fce7c049c20
DEOPT UNPACKING thread 0x00007fce7c80f000 vframeArray 0x00007fce7c049c20 mode 2
     {method} {0x000000011a06aee0} &apos;writeByte&apos; &apos;(I)V&apos; in &apos;java/io/DataOutputStream&apos; - invokevirtual @ bci 5 sp = 0x0000000308a7e050
<uncommon_trap thread='9219' reason='class_check' action='maybe_recompile' compile_id='1266' compiler='C2' count='2' state='class_check' stamp='9.090'>
Uncommon trap occurred in java.io.DataOutputStream::writeByte (@0x0000000112f29f44) thread=9219 reason=class_check action=maybe_recompile unloaded_class_index=-1
<jvms bci='5' method='java/io/DataOutputStream writeByte (I)V' bytes='14' count='5' backedge_count='1' iicount='10' class_check_traps='2'/>
</uncommon_trap>
DEOPT PACKING thread 0x00007fce7c80f000 Compiled frame (sp=0x0000000308a7e080 unextended sp=0x0000000308a7e080, fp=0x0000000795966218, real_fp=0x0000000308a7e0b0, pc=0x0000000112f29f44)
     nmethod   9090 1266             java.io.DataOutputStream::writeByte (14 bytes)

     Virtual frames (innermost first):
        0 - frame( sp=0x0000000308a7e080, unextended_sp=0x0000000308a7e080, fp=0x0000000795966218, pc=0x0000000112f29f44)
java.io.DataOutputStream.writeByte(DataOutputStream.java:153) - invokevirtual @ bci 5 
     Created vframeArray 0x00007fce7d074020
DEOPT UNPACKING thread 0x00007fce7c80f000 vframeArray 0x00007fce7d074020 mode 2
     {method} {0x000000011a06aee0} &apos;writeByte&apos; &apos;(I)V&apos; in &apos;java/io/DataOutputStream&apos; - invokevirtual @ bci 5 sp = 0x0000000308a7e050
<uncommon_trap thread='9219' reason='class_check' action='maybe_recompile' compile_id='1266' compiler='C2' count='3' state='class_check' stamp='9.091'>
Uncommon trap occurred in java.io.DataOutputStream::writeByte (@0x0000000112f29f44) thread=9219 reason=class_check action=maybe_recompile unloaded_class_index=-1
<jvms bci='5' method='java/io/DataOutputStream writeByte (I)V' bytes='14' count='5' backedge_count='1' iicount='10' class_check_traps='3'/>
</uncommon_trap>
DEOPT PACKING thread 0x00007fce7c80f000 Compiled frame (sp=0x0000000308a7e080 unextended sp=0x0000000308a7e080, fp=0x0000000795966218, real_fp=0x0000000308a7e0b0, pc=0x0000000112f29f44)
     nmethod   9090 1266             java.io.DataOutputStream::writeByte (14 bytes)

     Virtual frames (innermost first):
        0 - frame( sp=0x0000000308a7e080, unextended_sp=0x0000000308a7e080, fp=0x0000000795966218, pc=0x0000000112f29f44)
java.io.DataOutputStream.writeByte(DataOutputStream.java:153) - invokevirtual @ bci 5 
     Created vframeArray 0x00007fce7d078820
DEOPT UNPACKING thread 0x00007fce7c80f000 vframeArray 0x00007fce7d078820 mode 2
     {method} {0x000000011a06aee0} &apos;writeByte&apos; &apos;(I)V&apos; in &apos;java/io/DataOutputStream&apos; - invokevirtual @ bci 5 sp = 0x0000000308a7e050
<uncommon_trap thread='9219' reason='class_check' action='maybe_recompile' compile_id='1274' compiler='C2' count='1' state='class_check' stamp='9.099'>
Uncommon trap occurred in java.io.DataOutputStream::writeShort (@0x0000000112f30144) thread=9219 reason=class_check action=maybe_recompile unloaded_class_index=-1
<jvms bci='12' method='java/io/DataOutputStream writeShort (I)V' bytes='35' count='5' backedge_count='1' iicount='10' class_check_traps='1'/>
</uncommon_trap>
DEOPT PACKING thread 0x00007fce7c80f000 Compiled frame (sp=0x0000000308a7e080 unextended sp=0x0000000308a7e080, fp=0x0000000000000005, real_fp=0x0000000308a7e0b0, pc=0x0000000112f30144)
     nmethod   9099 1274             java.io.DataOutputStream::writeShort (35 bytes)

     Virtual frames (innermost first):
        0 - frame( sp=0x0000000308a7e080, unextended_sp=0x0000000308a7e080, fp=0x0000000000000005, pc=0x0000000112f30144)
java.io.DataOutputStream.writeShort(DataOutputStream.java:167) - invokevirtual @ bci 12 
     Created vframeArray 0x00007fce7c893620
DEOPT UNPACKING thread 0x00007fce7c80f000 vframeArray 0x00007fce7c893620 mode 2
     {method} {0x000000011a06afc8} &apos;writeShort&apos; &apos;(I)V&apos; in &apos;java/io/DataOutputStream&apos; - invokevirtual @ bci 12 sp = 0x0000000308a7e050
<uncommon_trap thread='9219' reason='class_check' action='maybe_recompile' compile_id='1274' compiler='C2' count='2' state='class_check' stamp='9.102'>
Uncommon trap occurred in java.io.DataOutputStream::writeShort (@0x0000000112f30144) thread=9219 reason=class_check action=maybe_recompile unloaded_class_index=-1
<jvms bci='12' method='java/io/DataOutputStream writeShort (I)V' bytes='35' count='5' backedge_count='1' iicount='10' class_check_traps='2'/>
</uncommon_trap>
DEOPT PACKING thread 0x00007fce7c80f000 Compiled frame (sp=0x0000000308a7e080 unextended sp=0x0000000308a7e080, fp=0x0000000000000001, real_fp=0x0000000308a7e0b0, pc=0x0000000112f30144)
     nmethod   9102 1274             java.io.DataOutputStream::writeShort (35 bytes)

     Virtual frames (innermost first):
        0 - frame( sp=0x0000000308a7e080, unextended_sp=0x0000000308a7e080, fp=0x0000000000000001, pc=0x0000000112f30144)
java.io.DataOutputStream.writeShort(DataOutputStream.java:167) - invokevirtual @ bci 12 
     Created vframeArray 0x00007fce7c894e20
DEOPT UNPACKING thread 0x00007fce7c80f000 vframeArray 0x00007fce7c894e20 mode 2
     {method} {0x000000011a06afc8} &apos;writeShort&apos; &apos;(I)V&apos; in &apos;java/io/DataOutputStream&apos; - invokevirtual @ bci 12 sp = 0x0000000308a7e050
<uncommon_trap thread='9219' reason='class_check' action='maybe_recompile' compile_id='1274' compiler='C2' count='3' state='class_check' stamp='9.103'>
Uncommon trap occurred in java.io.DataOutputStream::writeShort (@0x0000000112f30144) thread=9219 reason=class_check action=maybe_recompile unloaded_class_index=-1
<jvms bci='12' method='java/io/DataOutputStream writeShort (I)V' bytes='35' count='5' backedge_count='1' iicount='10' class_check_traps='3'/>
</uncommon_trap>
DEOPT PACKING thread 0x00007fce7c80f000 Compiled frame (sp=0x0000000308a7e080 unextended sp=0x0000000308a7e080, fp=0x0000000000000002, real_fp=0x0000000308a7e0b0, pc=0x0000000112f30144)
     nmethod   9102 1274             java.io.DataOutputStream::writeShort (35 bytes)

     Virtual frames (innermost first):
        0 - frame( sp=0x0000000308a7e080, unextended_sp=0x0000000308a7e080, fp=0x0000000000000002, pc=0x0000000112f30144)
java.io.DataOutputStream.writeShort(DataOutputStream.java:167) - invokevirtual @ bci 12 
     Created vframeArray 0x00007fce7d078820
DEOPT UNPACKING thread 0x00007fce7c80f000 vframeArray 0x00007fce7d078820 mode 2
     {method} {0x000000011a06afc8} &apos;writeShort&apos; &apos;(I)V&apos; in &apos;java/io/DataOutputStream&apos; - invokevirtual @ bci 12 sp = 0x0000000308a7e050
<uncommon_trap thread='9219' reason='speculate_class_check' action='maybe_recompile' compile_id='1045' compiler='C2' stamp='9.281'>
Uncommon trap occurred in java.lang.invoke.MethodHandleImpl$IntrinsicMethodHandle::&lt;init&gt; (@0x0000000112ec44dc) thread=9219 reason=speculate_class_check action=maybe_recompile unloaded_class_index=-1
<jvms bci='1' method='java/lang/invoke/DelegatingMethodHandle chooseDelegatingForm (Ljava/lang/invoke/MethodHandle;)Ljava/lang/invoke/LambdaForm;' bytes='24' count='5' backedge_count='1' iicount='10'/>
<jvms bci='3' method='java/lang/invoke/DelegatingMethodHandle &lt;init&gt; (Ljava/lang/invoke/MethodType;Ljava/lang/invoke/MethodHandle;)V' bytes='10' count='5' backedge_count='1' iicount='10'/>
<jvms bci='6' method='java/lang/invoke/MethodHandleImpl$IntrinsicMethodHandle &lt;init&gt; (Ljava/lang/invoke/MethodHandle;Ljava/lang/invoke/MethodHandleImpl$Intrinsic;)V' bytes='20' count='5' backedge_count='1' iicount='10'/>
</uncommon_trap>
DEOPT PACKING thread 0x00007fce7c80f000 Compiled frame (sp=0x0000000308a7c780 unextended sp=0x0000000308a7c780, fp=0x000000079598e868, real_fp=0x0000000308a7c7e0, pc=0x0000000112ec44dc)
     nmethod   9280 1045             java.lang.invoke.MethodHandleImpl$IntrinsicMethodHandle::&lt;init&gt; (20 bytes)

     Virtual frames (innermost first):
        0 - frame( sp=0x0000000308a7c780, unextended_sp=0x0000000308a7c780, fp=0x000000079598e868, pc=0x0000000112ec44dc)
java.lang.invoke.DelegatingMethodHandle.chooseDelegatingForm(DelegatingMethodHandle.java:90) - instanceof @ bci 1 
        1 - frame( sp=0x0000000308a7c780, unextended_sp=0x0000000308a7c780, fp=0x000000079598e868, pc=0x0000000112ec44dc)
java.lang.invoke.DelegatingMethodHandle.&lt;init&gt;(DelegatingMethodHandle.java:44) - invokestatic @ bci 3 
        2 - frame( sp=0x0000000308a7c780, unextended_sp=0x0000000308a7c780, fp=0x000000079598e868, pc=0x0000000112ec44dc)
java.lang.invoke.MethodHandleImpl$IntrinsicMethodHandle.&lt;init&gt;(MethodHandleImpl.java:1331) - invokespecial @ bci 6 
     Created vframeArray 0x00007fce7c894a20
DEOPT UNPACKING thread 0x00007fce7c80f000 vframeArray 0x00007fce7c894a20 mode 2
     {method} {0x0000000119f9c670} &apos;&lt;init&gt;&apos; &apos;(Ljava/lang/invoke/MethodHandle;Ljava/lang/invoke/MethodHandleImpl$Intrinsic;)V&apos; in &apos;java/lang/invoke/MethodHandleImpl$IntrinsicMethodHandle&apos; - invokespecial @ bci 6 sp = 0x0000000308a7c778
     {method} {0x0000000119f97278} &apos;&lt;init&gt;&apos; &apos;(Ljava/lang/invoke/MethodType;Ljava/lang/invoke/MethodHandle;)V&apos; in &apos;java/lang/invoke/DelegatingMethodHandle&apos; - invokestatic @ bci 3 sp = 0x0000000308a7c710
     {method} {0x0000000119f979c0} &apos;chooseDelegatingForm&apos; &apos;(Ljava/lang/invoke/MethodHandle;)Ljava/lang/invoke/LambdaForm;&apos; in &apos;java/lang/invoke/DelegatingMethodHandle&apos; - instanceof @ bci 1 sp = 0x0000000308a7c6b8
<uncommon_trap thread='9219' reason='speculate_class_check' action='maybe_recompile' compile_id='1045' compiler='C2' count='1' stamp='9.282'>
Uncommon trap occurred in java.lang.invoke.MethodHandleImpl$IntrinsicMethodHandle::&lt;init&gt; (@0x0000000112ec44dc) thread=9219 reason=speculate_class_check action=maybe_recompile unloaded_class_index=-1
<jvms bci='1' method='java/lang/invoke/DelegatingMethodHandle chooseDelegatingForm (Ljava/lang/invoke/MethodHandle;)Ljava/lang/invoke/LambdaForm;' bytes='24' count='5' backedge_count='1' iicount='10' speculate_class_check_traps='1'/>
<jvms bci='3' method='java/lang/invoke/DelegatingMethodHandle &lt;init&gt; (Ljava/lang/invoke/MethodType;Ljava/lang/invoke/MethodHandle;)V' bytes='10' count='5' backedge_count='1' iicount='10'/>
<jvms bci='6' method='java/lang/invoke/MethodHandleImpl$IntrinsicMethodHandle &lt;init&gt; (Ljava/lang/invoke/MethodHandle;Ljava/lang/invoke/MethodHandleImpl$Intrinsic;)V' bytes='20' count='5' backedge_count='1' iicount='10'/>
</uncommon_trap>
DEOPT PACKING thread 0x00007fce7c80f000 Compiled frame (sp=0x0000000308a7c790 unextended sp=0x0000000308a7c790, fp=0x000000079598e9d8, real_fp=0x0000000308a7c7f0, pc=0x0000000112ec44dc)
     nmethod   9281 1045             java.lang.invoke.MethodHandleImpl$IntrinsicMethodHandle::&lt;init&gt; (20 bytes)

     Virtual frames (innermost first):
        0 - frame( sp=0x0000000308a7c790, unextended_sp=0x0000000308a7c790, fp=0x000000079598e9d8, pc=0x0000000112ec44dc)
java.lang.invoke.DelegatingMethodHandle.chooseDelegatingForm(DelegatingMethodHandle.java:90) - instanceof @ bci 1 
        1 - frame( sp=0x0000000308a7c790, unextended_sp=0x0000000308a7c790, fp=0x000000079598e9d8, pc=0x0000000112ec44dc)
java.lang.invoke.DelegatingMethodHandle.&lt;init&gt;(DelegatingMethodHandle.java:44) - invokestatic @ bci 3 
        2 - frame( sp=0x0000000308a7c790, unextended_sp=0x0000000308a7c790, fp=0x000000079598e9d8, pc=0x0000000112ec44dc)
java.lang.invoke.MethodHandleImpl$IntrinsicMethodHandle.&lt;init&gt;(MethodHandleImpl.java:1331) - invokespecial @ bci 6 
     Created vframeArray 0x00007fce7b039420
DEOPT UNPACKING thread 0x00007fce7c80f000 vframeArray 0x00007fce7b039420 mode 2
     {method} {0x0000000119f9c670} &apos;&lt;init&gt;&apos; &apos;(Ljava/lang/invoke/MethodHandle;Ljava/lang/invoke/MethodHandleImpl$Intrinsic;)V&apos; in &apos;java/lang/invoke/MethodHandleImpl$IntrinsicMethodHandle&apos; - invokespecial @ bci 6 sp = 0x0000000308a7c788
     {method} {0x0000000119f97278} &apos;&lt;init&gt;&apos; &apos;(Ljava/lang/invoke/MethodType;Ljava/lang/invoke/MethodHandle;)V&apos; in &apos;java/lang/invoke/DelegatingMethodHandle&apos; - invokestatic @ bci 3 sp = 0x0000000308a7c720
     {method} {0x0000000119f979c0} &apos;chooseDelegatingForm&apos; &apos;(Ljava/lang/invoke/MethodHandle;)Ljava/lang/invoke/LambdaForm;&apos; in &apos;java/lang/invoke/DelegatingMethodHandle&apos; - instanceof @ bci 1 sp = 0x0000000308a7c6c8
<uncommon_trap thread='9219' reason='speculate_class_check' action='maybe_recompile' compile_id='1045' compiler='C2' count='2' stamp='9.518'>
Uncommon trap occurred in java.lang.invoke.MethodHandleImpl$IntrinsicMethodHandle::&lt;init&gt; (@0x0000000112ec44dc) thread=9219 reason=speculate_class_check action=maybe_recompile unloaded_class_index=-1
<jvms bci='1' method='java/lang/invoke/DelegatingMethodHandle chooseDelegatingForm (Ljava/lang/invoke/MethodHandle;)Ljava/lang/invoke/LambdaForm;' bytes='24' count='5' backedge_count='1' iicount='10' speculate_class_check_traps='2'/>
<jvms bci='3' method='java/lang/invoke/DelegatingMethodHandle &lt;init&gt; (Ljava/lang/invoke/MethodType;Ljava/lang/invoke/MethodHandle;)V' bytes='10' count='5' backedge_count='1' iicount='10'/>
<jvms bci='6' method='java/lang/invoke/MethodHandleImpl$IntrinsicMethodHandle &lt;init&gt; (Ljava/lang/invoke/MethodHandle;Ljava/lang/invoke/MethodHandleImpl$Intrinsic;)V' bytes='20' count='5' backedge_count='1' iicount='10'/>
</uncommon_trap>
DEOPT PACKING thread 0x00007fce7c80f000 Compiled frame (sp=0x0000000308a7c790 unextended sp=0x0000000308a7c790, fp=0x0000000795999d90, real_fp=0x0000000308a7c7f0, pc=0x0000000112ec44dc)
     nmethod   9518 1045             java.lang.invoke.MethodHandleImpl$IntrinsicMethodHandle::&lt;init&gt; (20 bytes)

     Virtual frames (innermost first):
        0 - frame( sp=0x0000000308a7c790, unextended_sp=0x0000000308a7c790, fp=0x0000000795999d90, pc=0x0000000112ec44dc)
java.lang.invoke.DelegatingMethodHandle.chooseDelegatingForm(DelegatingMethodHandle.java:90) - instanceof @ bci 1 
        1 - frame( sp=0x0000000308a7c790, unextended_sp=0x0000000308a7c790, fp=0x0000000795999d90, pc=0x0000000112ec44dc)
java.lang.invoke.DelegatingMethodHandle.&lt;init&gt;(DelegatingMethodHandle.java:44) - invokestatic @ bci 3 
        2 - frame( sp=0x0000000308a7c790, unextended_sp=0x0000000308a7c790, fp=0x0000000795999d90, pc=0x0000000112ec44dc)
java.lang.invoke.MethodHandleImpl$IntrinsicMethodHandle.&lt;init&gt;(MethodHandleImpl.java:1331) - invokespecial @ bci 6 
     Created vframeArray 0x00007fce7d074020
DEOPT UNPACKING thread 0x00007fce7c80f000 vframeArray 0x00007fce7d074020 mode 2
     {method} {0x0000000119f9c670} &apos;&lt;init&gt;&apos; &apos;(Ljava/lang/invoke/MethodHandle;Ljava/lang/invoke/MethodHandleImpl$Intrinsic;)V&apos; in &apos;java/lang/invoke/MethodHandleImpl$IntrinsicMethodHandle&apos; - invokespecial @ bci 6 sp = 0x0000000308a7c788
     {method} {0x0000000119f97278} &apos;&lt;init&gt;&apos; &apos;(Ljava/lang/invoke/MethodType;Ljava/lang/invoke/MethodHandle;)V&apos; in &apos;java/lang/invoke/DelegatingMethodHandle&apos; - invokestatic @ bci 3 sp = 0x0000000308a7c720
     {method} {0x0000000119f979c0} &apos;chooseDelegatingForm&apos; &apos;(Ljava/lang/invoke/MethodHandle;)Ljava/lang/invoke/LambdaForm;&apos; in &apos;java/lang/invoke/DelegatingMethodHandle&apos; - instanceof @ bci 1 sp = 0x0000000308a7c6c8
<dependency_failed type='abstract_with_unique_concrete_subtype' ctxk='sun/reflect/generics/repository/GenericDeclRepository' x='sun/reflect/generics/repository/ClassRepository' witness='sun/reflect/generics/repository/ConstructorRepository' stamp='9.674'/>
<uncommon_trap thread='9219' reason='class_check' action='maybe_recompile' compile_id='1393' compiler='C2' stamp='9.806'>
Uncommon trap occurred in org.springframework.core.ResolvableType::forType (@0x0000000112f7a0dc) thread=9219 reason=class_check action=maybe_recompile unloaded_class_index=-1
<jvms bci='23' method='org/springframework/core/ResolvableType calculateHashCode ()I' bytes='80' count='6' iicount='6'/>
<jvms bci='26' method='org/springframework/core/ResolvableType &lt;init&gt; (Ljava/lang/reflect/Type;Lorg/springframework/core/SerializableTypeWrapper$TypeProvider;Lorg/springframework/core/ResolvableType$VariableResolver;)V' bytes='41' count='4' iicount='4'/>
<jvms bci='56' method='org/springframework/core/ResolvableType forType (Ljava/lang/reflect/Type;Lorg/springframework/core/SerializableTypeWrapper$TypeProvider;Lorg/springframework/core/ResolvableType$VariableResolver;)Lorg/springframework/core/ResolvableType;' bytes='115' count='5' backedge_count='1' iicount='10'/>
</uncommon_trap>
DEOPT PACKING thread 0x00007fce7c80f000 Compiled frame (sp=0x0000000308a7e5e0 unextended sp=0x0000000308a7e5e0, fp=0x00000000f2b34819, real_fp=0x0000000308a7e690, pc=0x0000000112f7a0dc)
     nmethod   9806 1393             org.springframework.core.ResolvableType::forType (115 bytes)

     Virtual frames (innermost first):
        0 - frame( sp=0x0000000308a7e5e0, unextended_sp=0x0000000308a7e5e0, fp=0x00000000f2b34819, pc=0x0000000112f7a0dc)
org.springframework.core.ResolvableType.calculateHashCode(ResolvableType.java:958) - invokeinterface @ bci 23 
        1 - frame( sp=0x0000000308a7e5e0, unextended_sp=0x0000000308a7e5e0, fp=0x00000000f2b34819, pc=0x0000000112f7a0dc)
org.springframework.core.ResolvableType.&lt;init&gt;(ResolvableType.java:151) - invokespecial @ bci 26 
        2 - frame( sp=0x0000000308a7e5e0, unextended_sp=0x0000000308a7e5e0, fp=0x00000000f2b34819, pc=0x0000000112f7a0dc)
org.springframework.core.ResolvableType.forType(ResolvableType.java:1454) - invokespecial @ bci 56 
     Created vframeArray 0x00007fce7c049c20
DEOPT UNPACKING thread 0x00007fce7c80f000 vframeArray 0x00007fce7c049c20 mode 2
     {method} {0x0000000119f3e548} &apos;forType&apos; &apos;(Ljava/lang/reflect/Type;Lorg/springframework/core/SerializableTypeWrapper$TypeProvider;Lorg/springframework/core/ResolvableType$VariableResolver;)Lorg/springframework/core/ResolvableType;&apos; in &apos;org/springframework/core/ResolvableType&apos; - invokespecial @ bci 56 sp = 0x0000000308a7e608
     {method} {0x0000000119f394d8} &apos;&lt;init&gt;&apos; &apos;(Ljava/lang/reflect/Type;Lorg/springframework/core/SerializableTypeWrapper$TypeProvider;Lorg/springframework/core/ResolvableType$VariableResolver;)V&apos; in &apos;org/springframework/core/ResolvableType&apos; - invokespecial @ bci 26 sp = 0x0000000308a7e5a0
     {method} {0x0000000119f3c658} &apos;calculateHashCode&apos; &apos;()I&apos; in &apos;org/springframework/core/ResolvableType&apos; - invokeinterface @ bci 23 sp = 0x0000000308a7e540
<uncommon_trap thread='9219' reason='class_check' action='maybe_recompile' compile_id='1393' compiler='C2' count='1' stamp='9.898'>
Uncommon trap occurred in org.springframework.core.ResolvableType::forType (@0x0000000112f7a110) thread=9219 reason=class_check action=maybe_recompile unloaded_class_index=-1
<jvms bci='48' method='org/springframework/core/ResolvableType calculateHashCode ()I' bytes='80' count='6' iicount='6' class_check_traps='1'/>
<jvms bci='26' method='org/springframework/core/ResolvableType &lt;init&gt; (Ljava/lang/reflect/Type;Lorg/springframework/core/SerializableTypeWrapper$TypeProvider;Lorg/springframework/core/ResolvableType$VariableResolver;)V' bytes='41' count='4' iicount='4'/>
<jvms bci='56' method='org/springframework/core/ResolvableType forType (Ljava/lang/reflect/Type;Lorg/springframework/core/SerializableTypeWrapper$TypeProvider;Lorg/springframework/core/ResolvableType$VariableResolver;)Lorg/springframework/core/ResolvableType;' bytes='115' count='5' backedge_count='1' iicount='10'/>
</uncommon_trap>
DEOPT PACKING thread 0x00007fce7c80f000 Compiled frame (sp=0x0000000308a7e620 unextended sp=0x0000000308a7e620, fp=0x0000000000000000, real_fp=0x0000000308a7e6d0, pc=0x0000000112f7a110)
     nmethod   9897 1393             org.springframework.core.ResolvableType::forType (115 bytes)

     Virtual frames (innermost first):
        0 - frame( sp=0x0000000308a7e620, unextended_sp=0x0000000308a7e620, fp=0x0000000000000000, pc=0x0000000112f7a110)
org.springframework.core.ResolvableType.calculateHashCode(ResolvableType.java:961) - invokeinterface @ bci 48 
        1 - frame( sp=0x0000000308a7e620, unextended_sp=0x0000000308a7e620, fp=0x0000000000000000, pc=0x0000000112f7a110)
org.springframework.core.ResolvableType.&lt;init&gt;(ResolvableType.java:151) - invokespecial @ bci 26 
        2 - frame( sp=0x0000000308a7e620, unextended_sp=0x0000000308a7e620, fp=0x0000000000000000, pc=0x0000000112f7a110)
org.springframework.core.ResolvableType.forType(ResolvableType.java:1454) - invokespecial @ bci 56 
     Created vframeArray 0x00007fce7b041620
DEOPT UNPACKING thread 0x00007fce7c80f000 vframeArray 0x00007fce7b041620 mode 2
     {method} {0x0000000119f3e548} &apos;forType&apos; &apos;(Ljava/lang/reflect/Type;Lorg/springframework/core/SerializableTypeWrapper$TypeProvider;Lorg/springframework/core/ResolvableType$VariableResolver;)Lorg/springframework/core/ResolvableType;&apos; in &apos;org/springframework/core/ResolvableType&apos; - invokespecial @ bci 56 sp = 0x0000000308a7e648
     {method} {0x0000000119f394d8} &apos;&lt;init&gt;&apos; &apos;(Ljava/lang/reflect/Type;Lorg/springframework/core/SerializableTypeWrapper$TypeProvider;Lorg/springframework/core/ResolvableType$VariableResolver;)V&apos; in &apos;org/springframework/core/ResolvableType&apos; - invokespecial @ bci 26 sp = 0x0000000308a7e5e0
     {method} {0x0000000119f3c658} &apos;calculateHashCode&apos; &apos;()I&apos; in &apos;org/springframework/core/ResolvableType&apos; - invokeinterface @ bci 48 sp = 0x0000000308a7e580
<uncommon_trap thread='9219' reason='bimorphic' action='maybe_recompile' compile_id='1395' compiler='C2' stamp='9.922'>
Uncommon trap occurred in org.springframework.util.ConcurrentReferenceHashMap::getHash (@0x0000000112f73248) thread=9219 reason=bimorphic action=maybe_recompile unloaded_class_index=-1
<jvms bci='5' method='org/springframework/util/ConcurrentReferenceHashMap getHash (Ljava/lang/Object;)I' bytes='64' count='5' backedge_count='1' iicount='10'/>
</uncommon_trap>
DEOPT PACKING thread 0x00007fce7c80f000 Compiled frame (sp=0x0000000308a7e620 unextended sp=0x0000000308a7e620, fp=0x000000079569e628, real_fp=0x0000000308a7e650, pc=0x0000000112f73248)
     nmethod   9922 1395             org.springframework.util.ConcurrentReferenceHashMap::getHash (64 bytes)

     Virtual frames (innermost first):
        0 - frame( sp=0x0000000308a7e620, unextended_sp=0x0000000308a7e620, fp=0x000000079569e628, pc=0x0000000112f73248)
org.springframework.util.ConcurrentReferenceHashMap.getHash(ConcurrentReferenceHashMap.java:222) - invokevirtual @ bci 5 
     Created vframeArray 0x00007fce7c89a020
DEOPT UNPACKING thread 0x00007fce7c80f000 vframeArray 0x00007fce7c89a020 mode 2
     {method} {0x0000000119f21d68} &apos;getHash&apos; &apos;(Ljava/lang/Object;)I&apos; in &apos;org/springframework/util/ConcurrentReferenceHashMap&apos; - invokevirtual @ bci 5 sp = 0x0000000308a7e5f0
<uncommon_trap thread='9219' reason='bimorphic' action='maybe_recompile' compile_id='1395' compiler='C2' count='1' state='#7' stamp='9.977'>
Uncommon trap occurred in org.springframework.util.ConcurrentReferenceHashMap::getHash (@0x0000000112f73248) thread=9219 reason=bimorphic action=maybe_recompile unloaded_class_index=-1
<jvms bci='5' method='org/springframework/util/ConcurrentReferenceHashMap getHash (Ljava/lang/Object;)I' bytes='64' count='5' backedge_count='1' iicount='10' bimorphic_traps='1'/>
</uncommon_trap>
DEOPT PACKING thread 0x00007fce7c80f000 Compiled frame (sp=0x0000000308a7e620 unextended sp=0x0000000308a7e620, fp=0x000000079569aad0, real_fp=0x0000000308a7e650, pc=0x0000000112f73248)
     nmethod   9977 1395             org.springframework.util.ConcurrentReferenceHashMap::getHash (64 bytes)

     Virtual frames (innermost first):
        0 - frame( sp=0x0000000308a7e620, unextended_sp=0x0000000308a7e620, fp=0x000000079569aad0, pc=0x0000000112f73248)
org.springframework.util.ConcurrentReferenceHashMap.getHash(ConcurrentReferenceHashMap.java:222) - invokevirtual @ bci 5 
     Created vframeArray 0x00007fce7c89c420
DEOPT UNPACKING thread 0x00007fce7c80f000 vframeArray 0x00007fce7c89c420 mode 2
     {method} {0x0000000119f21d68} &apos;getHash&apos; &apos;(Ljava/lang/Object;)I&apos; in &apos;org/springframework/util/ConcurrentReferenceHashMap&apos; - invokevirtual @ bci 5 sp = 0x0000000308a7e5f0
<uncommon_trap thread='9219' reason='bimorphic' action='maybe_recompile' compile_id='1395' compiler='C2' count='2' state='#7' stamp='10.045'>
Uncommon trap occurred in org.springframework.util.ConcurrentReferenceHashMap::getHash (@0x0000000112f73248) thread=9219 reason=bimorphic action=maybe_recompile unloaded_class_index=-1
<jvms bci='5' method='org/springframework/util/ConcurrentReferenceHashMap getHash (Ljava/lang/Object;)I' bytes='64' count='5' backedge_count='1' iicount='10' bimorphic_traps='2'/>
</uncommon_trap>
DEOPT PACKING thread 0x00007fce7c80f000 Compiled frame (sp=0x0000000308a7e6f0 unextended sp=0x0000000308a7e6f0, fp=0x00000007958bdf98, real_fp=0x0000000308a7e720, pc=0x0000000112f73248)
     nmethod  10044 1395             org.springframework.util.ConcurrentReferenceHashMap::getHash (64 bytes)

     Virtual frames (innermost first):
        0 - frame( sp=0x0000000308a7e6f0, unextended_sp=0x0000000308a7e6f0, fp=0x00000007958bdf98, pc=0x0000000112f73248)
org.springframework.util.ConcurrentReferenceHashMap.getHash(ConcurrentReferenceHashMap.java:222) - invokevirtual @ bci 5 
     Created vframeArray 0x00007fce7c89a020
DEOPT UNPACKING thread 0x00007fce7c80f000 vframeArray 0x00007fce7c89a020 mode 2
     {method} {0x0000000119f21d68} &apos;getHash&apos; &apos;(Ljava/lang/Object;)I&apos; in &apos;org/springframework/util/ConcurrentReferenceHashMap&apos; - invokevirtual @ bci 5 sp = 0x0000000308a7e6b0
<uncommon_trap thread='9219' reason='bimorphic' action='maybe_recompile' compile_id='1395' compiler='C2' count='3' state='#7' stamp='10.077'>
Uncommon trap occurred in org.springframework.util.ConcurrentReferenceHashMap::getHash (@0x0000000112f73248) thread=9219 reason=bimorphic action=maybe_recompile unloaded_class_index=-1
<jvms bci='5' method='org/springframework/util/ConcurrentReferenceHashMap getHash (Ljava/lang/Object;)I' bytes='64' count='5' backedge_count='1' iicount='10' bimorphic_traps='3'/>
</uncommon_trap>
DEOPT PACKING thread 0x00007fce7c80f000 Compiled frame (sp=0x0000000308a7e4f0 unextended sp=0x0000000308a7e4f0, fp=0x00000007959bcdc8, real_fp=0x0000000308a7e520, pc=0x0000000112f73248)
     nmethod  10077 1395             org.springframework.util.ConcurrentReferenceHashMap::getHash (64 bytes)

     Virtual frames (innermost first):
        0 - frame( sp=0x0000000308a7e4f0, unextended_sp=0x0000000308a7e4f0, fp=0x00000007959bcdc8, pc=0x0000000112f73248)
org.springframework.util.ConcurrentReferenceHashMap.getHash(ConcurrentReferenceHashMap.java:222) - invokevirtual @ bci 5 
     Created vframeArray 0x00007fce7d08b020
DEOPT UNPACKING thread 0x00007fce7c80f000 vframeArray 0x00007fce7d08b020 mode 2
     {method} {0x0000000119f21d68} &apos;getHash&apos; &apos;(Ljava/lang/Object;)I&apos; in &apos;org/springframework/util/ConcurrentReferenceHashMap&apos; - invokevirtual @ bci 5 sp = 0x0000000308a7e4b0
<uncommon_trap thread='9219' reason='class_check' action='maybe_recompile' compile_id='1273' compiler='C2' stamp='10.231'>
Uncommon trap occurred in sun.misc.ProxyGenerator$ConstantPool$IndirectEntry::equals (@0x0000000112f2eae8) thread=9219 reason=class_check action=maybe_recompile unloaded_class_index=-1
<jvms bci='1' method='sun/misc/ProxyGenerator$ConstantPool$IndirectEntry equals (Ljava/lang/Object;)Z' bytes='49' count='2' backedge_count='1' iicount='10'/>
</uncommon_trap>
DEOPT PACKING thread 0x00007fce7c80f000 Compiled frame (sp=0x0000000308a7de90 unextended sp=0x0000000308a7de90, fp=0x00000007959c4658, real_fp=0x0000000308a7dec0, pc=0x0000000112f2eae8)
     nmethod  10231 1273             sun.misc.ProxyGenerator$ConstantPool$IndirectEntry::equals (49 bytes)

     Virtual frames (innermost first):
        0 - frame( sp=0x0000000308a7de90, unextended_sp=0x0000000308a7de90, fp=0x00000007959c4658, pc=0x0000000112f2eae8)
sun.misc.ProxyGenerator$ConstantPool$IndirectEntry.equals(ProxyGenerator.java:2019) - instanceof @ bci 1 
     Created vframeArray 0x00007fce7b048220
DEOPT UNPACKING thread 0x00007fce7c80f000 vframeArray 0x00007fce7b048220 mode 2
     {method} {0x000000011a06cd20} &apos;equals&apos; &apos;(Ljava/lang/Object;)Z&apos; in &apos;sun/misc/ProxyGenerator$ConstantPool$IndirectEntry&apos; - instanceof @ bci 1 sp = 0x0000000308a7de50
<uncommon_trap thread='9219' reason='class_check' action='maybe_recompile' compile_id='1273' compiler='C2' count='1' state='class_check' stamp='10.231'>
Uncommon trap occurred in sun.misc.ProxyGenerator$ConstantPool$IndirectEntry::equals (@0x0000000112f2eae8) thread=9219 reason=class_check action=maybe_recompile unloaded_class_index=-1
<jvms bci='1' method='sun/misc/ProxyGenerator$ConstantPool$IndirectEntry equals (Ljava/lang/Object;)Z' bytes='49' count='2' backedge_count='1' iicount='10' class_check_traps='1'/>
</uncommon_trap>
DEOPT PACKING thread 0x00007fce7c80f000 Compiled frame (sp=0x0000000308a7de80 unextended sp=0x0000000308a7de80, fp=0x00000007959c4658, real_fp=0x0000000308a7deb0, pc=0x0000000112f2eae8)
     nmethod  10231 1273             sun.misc.ProxyGenerator$ConstantPool$IndirectEntry::equals (49 bytes)

     Virtual frames (innermost first):
        0 - frame( sp=0x0000000308a7de80, unextended_sp=0x0000000308a7de80, fp=0x00000007959c4658, pc=0x0000000112f2eae8)
sun.misc.ProxyGenerator$ConstantPool$IndirectEntry.equals(ProxyGenerator.java:2019) - instanceof @ bci 1 
     Created vframeArray 0x00007fce7b068a20
DEOPT UNPACKING thread 0x00007fce7c80f000 vframeArray 0x00007fce7b068a20 mode 2
     {method} {0x000000011a06cd20} &apos;equals&apos; &apos;(Ljava/lang/Object;)Z&apos; in &apos;sun/misc/ProxyGenerator$ConstantPool$IndirectEntry&apos; - instanceof @ bci 1 sp = 0x0000000308a7de40
<uncommon_trap thread='9219' reason='class_check' action='maybe_recompile' compile_id='1273' compiler='C2' count='2' state='class_check' stamp='10.300'>
Uncommon trap occurred in sun.misc.ProxyGenerator$ConstantPool$IndirectEntry::equals (@0x0000000112f2eae8) thread=9219 reason=class_check action=maybe_recompile unloaded_class_index=-1
<jvms bci='1' method='sun/misc/ProxyGenerator$ConstantPool$IndirectEntry equals (Ljava/lang/Object;)Z' bytes='49' count='2' backedge_count='1' iicount='10' class_check_traps='2'/>
</uncommon_trap>
DEOPT PACKING thread 0x00007fce7c80f000 Compiled frame (sp=0x0000000308a7de50 unextended sp=0x0000000308a7de50, fp=0x00000007959c6768, real_fp=0x0000000308a7de80, pc=0x0000000112f2eae8)
     nmethod  10300 1273             sun.misc.ProxyGenerator$ConstantPool$IndirectEntry::equals (49 bytes)

     Virtual frames (innermost first):
        0 - frame( sp=0x0000000308a7de50, unextended_sp=0x0000000308a7de50, fp=0x00000007959c6768, pc=0x0000000112f2eae8)
sun.misc.ProxyGenerator$ConstantPool$IndirectEntry.equals(ProxyGenerator.java:2019) - instanceof @ bci 1 
     Created vframeArray 0x00007fce7c89a020
DEOPT UNPACKING thread 0x00007fce7c80f000 vframeArray 0x00007fce7c89a020 mode 2
     {method} {0x000000011a06cd20} &apos;equals&apos; &apos;(Ljava/lang/Object;)Z&apos; in &apos;sun/misc/ProxyGenerator$ConstantPool$IndirectEntry&apos; - instanceof @ bci 1 sp = 0x0000000308a7de10
<uncommon_trap thread='9219' reason='class_check' action='maybe_recompile' compile_id='1405' compiler='C2' stamp='10.373'>
Uncommon trap occurred in sun.reflect.generics.repository.GenericDeclRepository::getTypeParameters (@0x0000000112df0df4) thread=9219 reason=class_check action=maybe_recompile unloaded_class_index=-1
<jvms bci='16' method='sun/reflect/generics/repository/GenericDeclRepository getTypeParameters ()[Ljava/lang/reflect/TypeVariable;' bytes='80' count='5' backedge_count='5' iicount='7' decompiles='1'/>
</uncommon_trap>
DEOPT PACKING thread 0x00007fce7c80f000 Compiled frame (sp=0x0000000308a7e0e0 unextended sp=0x0000000308a7e0e0, fp=0x00000007959d0ed8, real_fp=0x0000000308a7e140, pc=0x0000000112df0df4)
     nmethod  10373 1405             sun.reflect.generics.repository.GenericDeclRepository::getTypeParameters (80 bytes)

     Virtual frames (innermost first):
        0 - frame( sp=0x0000000308a7e0e0, unextended_sp=0x0000000308a7e0e0, fp=0x00000007959d0ed8, pc=0x0000000112df0df4)
sun.reflect.generics.repository.GenericDeclRepository.getTypeParameters(GenericDeclRepository.java:71) - invokeinterface @ bci 16 
     Created vframeArray 0x00007fce7c89c420
DEOPT UNPACKING thread 0x00007fce7c80f000 vframeArray 0x00007fce7c89c420 mode 2
     {method} {0x0000000119c55788} &apos;getTypeParameters&apos; &apos;()[Ljava/lang/reflect/TypeVariable;&apos; in &apos;sun/reflect/generics/repository/GenericDeclRepository&apos; - invokeinterface @ bci 16 sp = 0x0000000308a7e0c8
<uncommon_trap thread='9219' reason='class_check' action='maybe_recompile' compile_id='1393' compiler='C2' count='2' state='class_check' stamp='10.387'>
Uncommon trap occurred in org.springframework.core.ResolvableType::forType (@0x0000000112f7a0dc) thread=9219 reason=class_check action=maybe_recompile unloaded_class_index=-1
<jvms bci='23' method='org/springframework/core/ResolvableType calculateHashCode ()I' bytes='80' count='5' backedge_count='1' iicount='10' class_check_traps='2'/>
<jvms bci='26' method='org/springframework/core/ResolvableType &lt;init&gt; (Ljava/lang/reflect/Type;Lorg/springframework/core/SerializableTypeWrapper$TypeProvider;Lorg/springframework/core/ResolvableType$VariableResolver;)V' bytes='41' count='4' iicount='4'/>
<jvms bci='56' method='org/springframework/core/ResolvableType forType (Ljava/lang/reflect/Type;Lorg/springframework/core/SerializableTypeWrapper$TypeProvider;Lorg/springframework/core/ResolvableType$VariableResolver;)Lorg/springframework/core/ResolvableType;' bytes='115' count='5' backedge_count='1' iicount='10'/>
</uncommon_trap>
DEOPT PACKING thread 0x00007fce7c80f000 Compiled frame (sp=0x0000000308a7e5c0 unextended sp=0x0000000308a7e5c0, fp=0x00000000f2b3a107, real_fp=0x0000000308a7e670, pc=0x0000000112f7a0dc)
     nmethod  10387 1393             org.springframework.core.ResolvableType::forType (115 bytes)

     Virtual frames (innermost first):
        0 - frame( sp=0x0000000308a7e5c0, unextended_sp=0x0000000308a7e5c0, fp=0x00000000f2b3a107, pc=0x0000000112f7a0dc)
org.springframework.core.ResolvableType.calculateHashCode(ResolvableType.java:958) - invokeinterface @ bci 23 
        1 - frame( sp=0x0000000308a7e5c0, unextended_sp=0x0000000308a7e5c0, fp=0x00000000f2b3a107, pc=0x0000000112f7a0dc)
org.springframework.core.ResolvableType.&lt;init&gt;(ResolvableType.java:151) - invokespecial @ bci 26 
        2 - frame( sp=0x0000000308a7e5c0, unextended_sp=0x0000000308a7e5c0, fp=0x00000000f2b3a107, pc=0x0000000112f7a0dc)
org.springframework.core.ResolvableType.forType(ResolvableType.java:1454) - invokespecial @ bci 56 
     Created vframeArray 0x00007fce7b041620
DEOPT UNPACKING thread 0x00007fce7c80f000 vframeArray 0x00007fce7b041620 mode 2
     {method} {0x0000000119f3e548} &apos;forType&apos; &apos;(Ljava/lang/reflect/Type;Lorg/springframework/core/SerializableTypeWrapper$TypeProvider;Lorg/springframework/core/ResolvableType$VariableResolver;)Lorg/springframework/core/ResolvableType;&apos; in &apos;org/springframework/core/ResolvableType&apos; - invokespecial @ bci 56 sp = 0x0000000308a7e5e8
     {method} {0x0000000119f394d8} &apos;&lt;init&gt;&apos; &apos;(Ljava/lang/reflect/Type;Lorg/springframework/core/SerializableTypeWrapper$TypeProvider;Lorg/springframework/core/ResolvableType$VariableResolver;)V&apos; in &apos;org/springframework/core/ResolvableType&apos; - invokespecial @ bci 26 sp = 0x0000000308a7e580
     {method} {0x0000000119f3c658} &apos;calculateHashCode&apos; &apos;()I&apos; in &apos;org/springframework/core/ResolvableType&apos; - invokeinterface @ bci 23 sp = 0x0000000308a7e520
<uncommon_trap thread='9219' reason='class_check' action='maybe_recompile' compile_id='1393' compiler='C2' count='3' state='class_check' stamp='10.422'>
Uncommon trap occurred in org.springframework.core.ResolvableType::forType (@0x0000000112f7a110) thread=9219 reason=class_check action=maybe_recompile unloaded_class_index=-1
<jvms bci='48' method='org/springframework/core/ResolvableType calculateHashCode ()I' bytes='80' count='5' backedge_count='1' iicount='10' class_check_traps='3'/>
<jvms bci='26' method='org/springframework/core/ResolvableType &lt;init&gt; (Ljava/lang/reflect/Type;Lorg/springframework/core/SerializableTypeWrapper$TypeProvider;Lorg/springframework/core/ResolvableType$VariableResolver;)V' bytes='41' count='4' iicount='4'/>
<jvms bci='56' method='org/springframework/core/ResolvableType forType (Ljava/lang/reflect/Type;Lorg/springframework/core/SerializableTypeWrapper$TypeProvider;Lorg/springframework/core/ResolvableType$VariableResolver;)Lorg/springframework/core/ResolvableType;' bytes='115' count='5' backedge_count='1' iicount='10'/>
</uncommon_trap>
DEOPT PACKING thread 0x00007fce7c80f000 Compiled frame (sp=0x0000000308a7e640 unextended sp=0x0000000308a7e640, fp=0x0000000000000000, real_fp=0x0000000308a7e6f0, pc=0x0000000112f7a110)
     nmethod  10422 1393             org.springframework.core.ResolvableType::forType (115 bytes)

     Virtual frames (innermost first):
        0 - frame( sp=0x0000000308a7e640, unextended_sp=0x0000000308a7e640, fp=0x0000000000000000, pc=0x0000000112f7a110)
org.springframework.core.ResolvableType.calculateHashCode(ResolvableType.java:961) - invokeinterface @ bci 48 
        1 - frame( sp=0x0000000308a7e640, unextended_sp=0x0000000308a7e640, fp=0x0000000000000000, pc=0x0000000112f7a110)
org.springframework.core.ResolvableType.&lt;init&gt;(ResolvableType.java:151) - invokespecial @ bci 26 
        2 - frame( sp=0x0000000308a7e640, unextended_sp=0x0000000308a7e640, fp=0x0000000000000000, pc=0x0000000112f7a110)
org.springframework.core.ResolvableType.forType(ResolvableType.java:1454) - invokespecial @ bci 56 
     Created vframeArray 0x00007fce7d07e620
DEOPT UNPACKING thread 0x00007fce7c80f000 vframeArray 0x00007fce7d07e620 mode 2
     {method} {0x0000000119f3e548} &apos;forType&apos; &apos;(Ljava/lang/reflect/Type;Lorg/springframework/core/SerializableTypeWrapper$TypeProvider;Lorg/springframework/core/ResolvableType$VariableResolver;)Lorg/springframework/core/ResolvableType;&apos; in &apos;org/springframework/core/ResolvableType&apos; - invokespecial @ bci 56 sp = 0x0000000308a7e650
     {method} {0x0000000119f394d8} &apos;&lt;init&gt;&apos; &apos;(Ljava/lang/reflect/Type;Lorg/springframework/core/SerializableTypeWrapper$TypeProvider;Lorg/springframework/core/ResolvableType$VariableResolver;)V&apos; in &apos;org/springframework/core/ResolvableType&apos; - invokespecial @ bci 26 sp = 0x0000000308a7e5e8
     {method} {0x0000000119f3c658} &apos;calculateHashCode&apos; &apos;()I&apos; in &apos;org/springframework/core/ResolvableType&apos; - invokeinterface @ bci 48 sp = 0x0000000308a7e588
<uncommon_trap thread='9219' reason='class_check' action='maybe_recompile' compile_id='1490' compiler='C2' stamp='10.424'>
Uncommon trap occurred in org.springframework.util.ObjectUtils::nullSafeEquals (@0x0000000112f967bc) thread=9219 reason=class_check action=maybe_recompile unloaded_class_index=-1
<jvms bci='19' method='org/springframework/util/ObjectUtils nullSafeEquals (Ljava/lang/Object;Ljava/lang/Object;)Z' bytes='55' count='6' backedge_count='1' iicount='11'/>
</uncommon_trap>
DEOPT PACKING thread 0x00007fce7c80f000 Compiled frame (sp=0x0000000308a7e4a0 unextended sp=0x0000000308a7e4a0, fp=0x00000000f800cd87, real_fp=0x0000000308a7e4e0, pc=0x0000000112f967bc)
     nmethod  10423 1490             org.springframework.util.ObjectUtils::nullSafeEquals (55 bytes)

     Virtual frames (innermost first):
        0 - frame( sp=0x0000000308a7e4a0, unextended_sp=0x0000000308a7e4a0, fp=0x00000000f800cd87, pc=0x0000000112f967bc)
org.springframework.util.ObjectUtils.nullSafeEquals(ObjectUtils.java:341) - invokevirtual @ bci 19 
     Created vframeArray 0x00007fce7b06a020
DEOPT UNPACKING thread 0x00007fce7c80f000 vframeArray 0x00007fce7b06a020 mode 2
     {method} {0x0000000119f444d8} &apos;nullSafeEquals&apos; &apos;(Ljava/lang/Object;Ljava/lang/Object;)Z&apos; in &apos;org/springframework/util/ObjectUtils&apos; - invokevirtual @ bci 19 sp = 0x0000000308a7e480
<uncommon_trap thread='9219' reason='class_check' action='maybe_recompile' compile_id='1490' compiler='C2' count='1' state='class_check' stamp='10.424'>
Uncommon trap occurred in org.springframework.util.ObjectUtils::nullSafeEquals (@0x0000000112f967bc) thread=9219 reason=class_check action=maybe_recompile unloaded_class_index=-1
<jvms bci='19' method='org/springframework/util/ObjectUtils nullSafeEquals (Ljava/lang/Object;Ljava/lang/Object;)Z' bytes='55' count='6' backedge_count='1' iicount='11' class_check_traps='1'/>
</uncommon_trap>
DEOPT PACKING thread 0x00007fce7c80f000 Compiled frame (sp=0x0000000308a7e4a0 unextended sp=0x0000000308a7e4a0, fp=0x00000000f800cd87, real_fp=0x0000000308a7e4e0, pc=0x0000000112f967bc)
     nmethod  10424 1490             org.springframework.util.ObjectUtils::nullSafeEquals (55 bytes)

     Virtual frames (innermost first):
        0 - frame( sp=0x0000000308a7e4a0, unextended_sp=0x0000000308a7e4a0, fp=0x00000000f800cd87, pc=0x0000000112f967bc)
org.springframework.util.ObjectUtils.nullSafeEquals(ObjectUtils.java:341) - invokevirtual @ bci 19 
     Created vframeArray 0x00007fce7c049c20
DEOPT UNPACKING thread 0x00007fce7c80f000 vframeArray 0x00007fce7c049c20 mode 2
     {method} {0x0000000119f444d8} &apos;nullSafeEquals&apos; &apos;(Ljava/lang/Object;Ljava/lang/Object;)Z&apos; in &apos;org/springframework/util/ObjectUtils&apos; - invokevirtual @ bci 19 sp = 0x0000000308a7e480
<uncommon_trap thread='9219' reason='bimorphic' action='maybe_recompile' compile_id='1121' compiler='C2' state='class_check recompiled' stamp='10.425'>
Uncommon trap occurred in java.util.Arrays::equals (@0x0000000112ee2220) thread=9219 reason=bimorphic action=maybe_recompile unloaded_class_index=-1
<jvms bci='62' method='java/util/Arrays equals ([Ljava/lang/Object;[Ljava/lang/Object;)Z' bytes='78' count='4' backedge_count='12' iicount='4' decompiles='1' class_check_traps='4'/>
</uncommon_trap>
DEOPT PACKING thread 0x00007fce7c80f000 Compiled frame (sp=0x0000000308a7e3d0 unextended sp=0x0000000308a7e3d0, fp=0x0000000000000000, real_fp=0x0000000308a7e410, pc=0x0000000112ee2220)
     nmethod  10424 1121             java.util.Arrays::equals (78 bytes)

     Virtual frames (innermost first):
        0 - frame( sp=0x0000000308a7e3d0, unextended_sp=0x0000000308a7e3d0, fp=0x0000000000000000, pc=0x0000000112ee2220)
java.util.Arrays.equals(Arrays.java:2829) - invokevirtual @ bci 62 
     Created vframeArray 0x00007fce7d07f020
DEOPT UNPACKING thread 0x00007fce7c80f000 vframeArray 0x00007fce7d07f020 mode 2
     {method} {0x0000000119c6ac88} &apos;equals&apos; &apos;([Ljava/lang/Object;[Ljava/lang/Object;)Z&apos; in &apos;java/util/Arrays&apos; - invokevirtual @ bci 62 sp = 0x0000000308a7e390
<uncommon_trap thread='9219' reason='bimorphic' action='maybe_recompile' compile_id='1529' compiler='C2' stamp='10.491'>
Uncommon trap occurred in org.springframework.core.SerializableTypeWrapper$TypeProxyInvocationHandler::invoke (@0x0000000112fb9ccc) thread=9219 reason=bimorphic action=maybe_recompile unloaded_class_index=-1
<jvms bci='165' method='org/springframework/core/SerializableTypeWrapper$TypeProxyInvocationHandler invoke (Ljava/lang/Object;Ljava/lang/reflect/Method;[Ljava/lang/Object;)Ljava/lang/Object;' bytes='324' count='5' backedge_count='2' iicount='10'/>
</uncommon_trap>
DEOPT PACKING thread 0x00007fce7c80f000 Compiled frame (sp=0x0000000308a7e390 unextended sp=0x0000000308a7e390, fp=0x00000000f2b3a336, real_fp=0x0000000308a7e400, pc=0x0000000112fb9ccc)
     nmethod  10491 1529             org.springframework.core.SerializableTypeWrapper$TypeProxyInvocationHandler::invoke (324 bytes)

     Virtual frames (innermost first):
        0 - frame( sp=0x0000000308a7e390, unextended_sp=0x0000000308a7e390, fp=0x00000000f2b3a336, pc=0x0000000112fb9ccc)
org.springframework.core.SerializableTypeWrapper$TypeProxyInvocationHandler.invoke(SerializableTypeWrapper.java:197) - invokeinterface @ bci 165 
     Created vframeArray 0x00007fce7b06a020
DEOPT UNPACKING thread 0x00007fce7c80f000 vframeArray 0x00007fce7b06a020 mode 2
     {method} {0x000000011a03a3c0} &apos;invoke&apos; &apos;(Ljava/lang/Object;Ljava/lang/reflect/Method;[Ljava/lang/Object;)Ljava/lang/Object;&apos; in &apos;org/springframework/core/SerializableTypeWrapper$TypeProxyInvocationHandler&apos; - invokeinterface @ bci 165 sp = 0x0000000308a7e390
<uncommon_trap thread='9219' reason='class_check' action='maybe_recompile' compile_id='1443' compiler='C2' stamp='10.493'>
Uncommon trap occurred in org.springframework.util.ConcurrentReferenceHashMap$Segment::findInChain (@0x0000000112f84138) thread=9219 reason=class_check action=maybe_recompile unloaded_class_index=-1
<jvms bci='10' method='org/springframework/util/ConcurrentReferenceHashMap$Segment findInChain (Lorg/springframework/util/ConcurrentReferenceHashMap$Reference;Ljava/lang/Object;I)Lorg/springframework/util/ConcurrentReferenceHashMap$Reference;' bytes='66' count='5' backedge_count='1' iicount='10'/>
</uncommon_trap>
DEOPT PACKING thread 0x00007fce7c80f000 Compiled frame (sp=0x0000000308a7e620 unextended sp=0x0000000308a7e620, fp=0x00000000f2b3a3df, real_fp=0x0000000308a7e660, pc=0x0000000112f84138)
     nmethod  10493 1443             org.springframework.util.ConcurrentReferenceHashMap$Segment::findInChain (66 bytes)

     Virtual frames (innermost first):
        0 - frame( sp=0x0000000308a7e620, unextended_sp=0x0000000308a7e620, fp=0x00000000f2b3a3df, pc=0x0000000112f84138)
org.springframework.util.ConcurrentReferenceHashMap$Segment.findInChain(ConcurrentReferenceHashMap.java:644) - invokeinterface @ bci 10 
     Created vframeArray 0x00007fce7c049c20
DEOPT UNPACKING thread 0x00007fce7c80f000 vframeArray 0x00007fce7c049c20 mode 2
     {method} {0x0000000119f2cee8} &apos;findInChain&apos; &apos;(Lorg/springframework/util/ConcurrentReferenceHashMap$Reference;Ljava/lang/Object;I)Lorg/springframework/util/ConcurrentReferenceHashMap$Reference;&apos; in &apos;org/springframework/util/ConcurrentReferenceHashMap$Segment&apos; - invokeinterface @ bci 10 sp = 0x0000000308a7e5d0
<uncommon_trap thread='9219' reason='speculate_class_check' action='maybe_recompile' compile_id='1465' compiler='C2' stamp='10.494'>
Uncommon trap occurred in org.springframework.util.ConcurrentReferenceHashMap$Segment::doTask (@0x0000000112f90a0c) thread=9219 reason=speculate_class_check action=maybe_recompile unloaded_class_index=-1
<jvms bci='126' method='org/springframework/util/ConcurrentReferenceHashMap$Segment doTask (ILjava/lang/Object;Lorg/springframework/util/ConcurrentReferenceHashMap$Task;)Ljava/lang/Object;' bytes='179' count='5' backedge_count='1' iicount='10'/>
</uncommon_trap>
DEOPT PACKING thread 0x00007fce7c80f000 Compiled frame (sp=0x0000000308a7e660 unextended sp=0x0000000308a7e660, fp=0x00000007956970b0, real_fp=0x0000000308a7e6f0, pc=0x0000000112f90a0c)
     nmethod  10494 1465   !         org.springframework.util.ConcurrentReferenceHashMap$Segment::doTask (179 bytes)

     Virtual frames (innermost first):
        0 - frame( sp=0x0000000308a7e660, unextended_sp=0x0000000308a7e660, fp=0x00000007956970b0, pc=0x0000000112f90a0c)
org.springframework.util.ConcurrentReferenceHashMap$Segment.doTask(ConcurrentReferenceHashMap.java:537) - invokevirtual @ bci 126 
     Created vframeArray 0x00007fce7b06a020
DEOPT UNPACKING thread 0x00007fce7c80f000 vframeArray 0x00007fce7b06a020 mode 2
     {method} {0x0000000119f2c768} &apos;doTask&apos; &apos;(ILjava/lang/Object;Lorg/springframework/util/ConcurrentReferenceHashMap$Task;)Ljava/lang/Object;&apos; in &apos;org/springframework/util/ConcurrentReferenceHashMap$Segment&apos; - invokevirtual @ bci 126 sp = 0x0000000308a7e620
<uncommon_trap thread='9219' reason='class_check' action='maybe_recompile' compile_id='1405' compiler='C2' count='1' state='class_check' stamp='10.650'>
Uncommon trap occurred in sun.reflect.generics.repository.GenericDeclRepository::getTypeParameters (@0x0000000112df0df4) thread=9219 reason=class_check action=maybe_recompile unloaded_class_index=-1
<jvms bci='16' method='sun/reflect/generics/repository/GenericDeclRepository getTypeParameters ()[Ljava/lang/reflect/TypeVariable;' bytes='80' count='5' backedge_count='5' iicount='7' decompiles='1' class_check_traps='1'/>
</uncommon_trap>
DEOPT PACKING thread 0x00007fce7c80f000 Compiled frame (sp=0x0000000308a7e200 unextended sp=0x0000000308a7e200, fp=0x00000007959d48a8, real_fp=0x0000000308a7e260, pc=0x0000000112df0df4)
     nmethod  10649 1405             sun.reflect.generics.repository.GenericDeclRepository::getTypeParameters (80 bytes)

     Virtual frames (innermost first):
        0 - frame( sp=0x0000000308a7e200, unextended_sp=0x0000000308a7e200, fp=0x00000007959d48a8, pc=0x0000000112df0df4)
sun.reflect.generics.repository.GenericDeclRepository.getTypeParameters(GenericDeclRepository.java:71) - invokeinterface @ bci 16 
     Created vframeArray 0x00007fce7c049c20
DEOPT UNPACKING thread 0x00007fce7c80f000 vframeArray 0x00007fce7c049c20 mode 2
     {method} {0x0000000119c55788} &apos;getTypeParameters&apos; &apos;()[Ljava/lang/reflect/TypeVariable;&apos; in &apos;sun/reflect/generics/repository/GenericDeclRepository&apos; - invokeinterface @ bci 16 sp = 0x0000000308a7e1e8
<uncommon_trap thread='9219' reason='class_check' action='maybe_recompile' compile_id='1490' compiler='C2' count='2' state='class_check' stamp='10.681'>
Uncommon trap occurred in org.springframework.util.ObjectUtils::nullSafeEquals (@0x0000000112f967bc) thread=9219 reason=class_check action=maybe_recompile unloaded_class_index=-1
<jvms bci='19' method='org/springframework/util/ObjectUtils nullSafeEquals (Ljava/lang/Object;Ljava/lang/Object;)Z' bytes='55' count='6' backedge_count='1' iicount='11' class_check_traps='2'/>
</uncommon_trap>
DEOPT PACKING thread 0x00007fce7c80f000 Compiled frame (sp=0x0000000308a7e4d0 unextended sp=0x0000000308a7e4d0, fp=0x00000000f800cd87, real_fp=0x0000000308a7e510, pc=0x0000000112f967bc)
     nmethod  10681 1490             org.springframework.util.ObjectUtils::nullSafeEquals (55 bytes)

     Virtual frames (innermost first):
        0 - frame( sp=0x0000000308a7e4d0, unextended_sp=0x0000000308a7e4d0, fp=0x00000000f800cd87, pc=0x0000000112f967bc)
org.springframework.util.ObjectUtils.nullSafeEquals(ObjectUtils.java:341) - invokevirtual @ bci 19 
     Created vframeArray 0x00007fce7d07e620
DEOPT UNPACKING thread 0x00007fce7c80f000 vframeArray 0x00007fce7d07e620 mode 2
     {method} {0x0000000119f444d8} &apos;nullSafeEquals&apos; &apos;(Ljava/lang/Object;Ljava/lang/Object;)Z&apos; in &apos;org/springframework/util/ObjectUtils&apos; - invokevirtual @ bci 19 sp = 0x0000000308a7e4a0
<uncommon_trap thread='9219' reason='class_check' action='maybe_recompile' compile_id='1490' compiler='C2' count='3' state='class_check' stamp='10.682'>
Uncommon trap occurred in org.springframework.util.ObjectUtils::nullSafeEquals (@0x0000000112f967bc) thread=9219 reason=class_check action=maybe_recompile unloaded_class_index=-1
<jvms bci='19' method='org/springframework/util/ObjectUtils nullSafeEquals (Ljava/lang/Object;Ljava/lang/Object;)Z' bytes='55' count='6' backedge_count='1' iicount='11' class_check_traps='3'/>
</uncommon_trap>
DEOPT PACKING thread 0x00007fce7c80f000 Compiled frame (sp=0x0000000308a7e4d0 unextended sp=0x0000000308a7e4d0, fp=0x00000000f800cd87, real_fp=0x0000000308a7e510, pc=0x0000000112f967bc)
     nmethod  10682 1490             org.springframework.util.ObjectUtils::nullSafeEquals (55 bytes)

     Virtual frames (innermost first):
        0 - frame( sp=0x0000000308a7e4d0, unextended_sp=0x0000000308a7e4d0, fp=0x00000000f800cd87, pc=0x0000000112f967bc)
org.springframework.util.ObjectUtils.nullSafeEquals(ObjectUtils.java:341) - invokevirtual @ bci 19 
     Created vframeArray 0x00007fce7c049c20
DEOPT UNPACKING thread 0x00007fce7c80f000 vframeArray 0x00007fce7c049c20 mode 2
     {method} {0x0000000119f444d8} &apos;nullSafeEquals&apos; &apos;(Ljava/lang/Object;Ljava/lang/Object;)Z&apos; in &apos;org/springframework/util/ObjectUtils&apos; - invokevirtual @ bci 19 sp = 0x0000000308a7e4a0
<uncommon_trap thread='9219' reason='bimorphic' action='maybe_recompile' compile_id='1121' compiler='C2' count='1' state='#15' stamp='10.683'>
Uncommon trap occurred in java.util.Arrays::equals (@0x0000000112ee2220) thread=9219 reason=bimorphic action=maybe_recompile unloaded_class_index=-1
<jvms bci='62' method='java/util/Arrays equals ([Ljava/lang/Object;[Ljava/lang/Object;)Z' bytes='78' count='4' backedge_count='14' iicount='4' decompiles='1' class_check_traps='4' bimorphic_traps='1'/>
</uncommon_trap>
DEOPT PACKING thread 0x00007fce7c80f000 Compiled frame (sp=0x0000000308a7e3f0 unextended sp=0x0000000308a7e3f0, fp=0x0000000000000000, real_fp=0x0000000308a7e430, pc=0x0000000112ee2220)
     nmethod  10682 1121             java.util.Arrays::equals (78 bytes)

     Virtual frames (innermost first):
        0 - frame( sp=0x0000000308a7e3f0, unextended_sp=0x0000000308a7e3f0, fp=0x0000000000000000, pc=0x0000000112ee2220)
java.util.Arrays.equals(Arrays.java:2829) - invokevirtual @ bci 62 
     Created vframeArray 0x00007fce7c89a020
DEOPT UNPACKING thread 0x00007fce7c80f000 vframeArray 0x00007fce7c89a020 mode 2
     {method} {0x0000000119c6ac88} &apos;equals&apos; &apos;([Ljava/lang/Object;[Ljava/lang/Object;)Z&apos; in &apos;java/util/Arrays&apos; - invokevirtual @ bci 62 sp = 0x0000000308a7e3b0
<uncommon_trap thread='9219' reason='class_check' action='maybe_recompile' compile_id='1511' compiler='C2' stamp='10.731'>
Uncommon trap occurred in sun.reflect.generics.repository.FieldRepository::getGenericType (@0x0000000112facdfc) thread=9219 reason=class_check action=maybe_recompile unloaded_class_index=-1
<jvms bci='20' method='sun/reflect/generics/repository/FieldRepository getGenericType ()Ljava/lang/reflect/Type;' bytes='38' count='5' backedge_count='1' iicount='10'/>
</uncommon_trap>
DEOPT PACKING thread 0x00007fce7c80f000 Compiled frame (sp=0x0000000308a7e510 unextended sp=0x0000000308a7e510, fp=0x00000007959d63b8, real_fp=0x0000000308a7e550, pc=0x0000000112facdfc)
     nmethod  10731 1511             sun.reflect.generics.repository.FieldRepository::getGenericType (38 bytes)

     Virtual frames (innermost first):
        0 - frame( sp=0x0000000308a7e510, unextended_sp=0x0000000308a7e510, fp=0x00000007959d63b8, pc=0x0000000112facdfc)
sun.reflect.generics.repository.FieldRepository.getGenericType(FieldRepository.java:85) - invokeinterface @ bci 20 
     Created vframeArray 0x00007fce7d074020
DEOPT UNPACKING thread 0x00007fce7c80f000 vframeArray 0x00007fce7d074020 mode 2
     {method} {0x000000011a044ea0} &apos;getGenericType&apos; &apos;()Ljava/lang/reflect/Type;&apos; in &apos;sun/reflect/generics/repository/FieldRepository&apos; - invokeinterface @ bci 20 sp = 0x0000000308a7e4e0
<uncommon_trap thread='9219' reason='class_check' action='maybe_recompile' compile_id='1405' compiler='C2' count='2' state='class_check' stamp='10.774'>
Uncommon trap occurred in sun.reflect.generics.repository.GenericDeclRepository::getTypeParameters (@0x0000000112df0df4) thread=9219 reason=class_check action=maybe_recompile unloaded_class_index=-1
<jvms bci='16' method='sun/reflect/generics/repository/GenericDeclRepository getTypeParameters ()[Ljava/lang/reflect/TypeVariable;' bytes='80' count='5' backedge_count='5' iicount='7' decompiles='1' class_check_traps='2'/>
</uncommon_trap>
DEOPT PACKING thread 0x00007fce7c80f000 Compiled frame (sp=0x0000000308a7e2c0 unextended sp=0x0000000308a7e2c0, fp=0x00000007959d75f8, real_fp=0x0000000308a7e320, pc=0x0000000112df0df4)
     nmethod  10774 1405             sun.reflect.generics.repository.GenericDeclRepository::getTypeParameters (80 bytes)

     Virtual frames (innermost first):
        0 - frame( sp=0x0000000308a7e2c0, unextended_sp=0x0000000308a7e2c0, fp=0x00000007959d75f8, pc=0x0000000112df0df4)
sun.reflect.generics.repository.GenericDeclRepository.getTypeParameters(GenericDeclRepository.java:71) - invokeinterface @ bci 16 
     Created vframeArray 0x00007fce7c89a020
DEOPT UNPACKING thread 0x00007fce7c80f000 vframeArray 0x00007fce7c89a020 mode 2
     {method} {0x0000000119c55788} &apos;getTypeParameters&apos; &apos;()[Ljava/lang/reflect/TypeVariable;&apos; in &apos;sun/reflect/generics/repository/GenericDeclRepository&apos; - invokeinterface @ bci 16 sp = 0x0000000308a7e2a0
<uncommon_trap thread='9219' reason='bimorphic' action='maybe_recompile' compile_id='1121' compiler='C2' count='2' state='#15' stamp='10.803'>
Uncommon trap occurred in java.util.Arrays::equals (@0x0000000112ee2220) thread=9219 reason=bimorphic action=maybe_recompile unloaded_class_index=-1
<jvms bci='62' method='java/util/Arrays equals ([Ljava/lang/Object;[Ljava/lang/Object;)Z' bytes='78' count='4' backedge_count='16' iicount='4' decompiles='1' class_check_traps='4' bimorphic_traps='2'/>
</uncommon_trap>
DEOPT PACKING thread 0x00007fce7c80f000 Compiled frame (sp=0x0000000308a7e430 unextended sp=0x0000000308a7e430, fp=0x0000000000000000, real_fp=0x0000000308a7e470, pc=0x0000000112ee2220)
     nmethod  10802 1121             java.util.Arrays::equals (78 bytes)

     Virtual frames (innermost first):
        0 - frame( sp=0x0000000308a7e430, unextended_sp=0x0000000308a7e430, fp=0x0000000000000000, pc=0x0000000112ee2220)
java.util.Arrays.equals(Arrays.java:2829) - invokevirtual @ bci 62 
     Created vframeArray 0x00007fce7c049c20
DEOPT UNPACKING thread 0x00007fce7c80f000 vframeArray 0x00007fce7c049c20 mode 2
     {method} {0x0000000119c6ac88} &apos;equals&apos; &apos;([Ljava/lang/Object;[Ljava/lang/Object;)Z&apos; in &apos;java/util/Arrays&apos; - invokevirtual @ bci 62 sp = 0x0000000308a7e3f0
<uncommon_trap thread='9219' reason='null_assert' action='make_not_entrant' compile_id='1380' compiler='C2' stamp='10.828'>
Uncommon trap occurred in sun.reflect.generics.parser.SignatureParser::parseFieldTypeSignature (@0x0000000112f4f5b0) thread=9219 reason=null_assert action=make_not_entrant unloaded_class_index=-1
<jvms bci='58' method='sun/reflect/generics/parser/SignatureParser parseFieldTypeSignature (Z)Lsun/reflect/generics/tree/FieldTypeSignature;' bytes='73' count='5' backedge_count='1' iicount='10'/>
</uncommon_trap>
DEOPT PACKING thread 0x00007fce7c80f000 Compiled frame (sp=0x0000000308a7e280 unextended sp=0x0000000308a7e280, fp=0x00000007959d9348, real_fp=0x0000000308a7e2b0, pc=0x0000000112f4f5b0)
     nmethod  10827 1380             sun.reflect.generics.parser.SignatureParser::parseFieldTypeSignature (73 bytes)

     Virtual frames (innermost first):
        0 - frame( sp=0x0000000308a7e280, unextended_sp=0x0000000308a7e280, fp=0x00000007959d9348, pc=0x0000000112f4f5b0)
sun.reflect.generics.parser.SignatureParser.parseFieldTypeSignature(SignatureParser.java:288) - areturn @ bci 58 
     Created vframeArray 0x00007fce7c89a020
DEOPT UNPACKING thread 0x00007fce7c80f000 vframeArray 0x00007fce7c89a020 mode 2
     {method} {0x000000011a011690} &apos;parseFieldTypeSignature&apos; &apos;(Z)Lsun/reflect/generics/tree/FieldTypeSignature;&apos; in &apos;sun/reflect/generics/parser/SignatureParser&apos; - areturn @ bci 58 sp = 0x0000000308a7e248
<uncommon_trap thread='9219' reason='class_check' action='maybe_recompile' compile_id='1511' compiler='C2' count='1' state='class_check' stamp='10.828'>
Uncommon trap occurred in sun.reflect.generics.repository.FieldRepository::getGenericType (@0x0000000112facdfc) thread=9219 reason=class_check action=maybe_recompile unloaded_class_index=-1
<jvms bci='20' method='sun/reflect/generics/repository/FieldRepository getGenericType ()Ljava/lang/reflect/Type;' bytes='38' count='5' backedge_count='1' iicount='10' class_check_traps='1'/>
</uncommon_trap>
DEOPT PACKING thread 0x00007fce7c80f000 Compiled frame (sp=0x0000000308a7e510 unextended sp=0x0000000308a7e510, fp=0x00000007959d9108, real_fp=0x0000000308a7e550, pc=0x0000000112facdfc)
     nmethod  10828 1511             sun.reflect.generics.repository.FieldRepository::getGenericType (38 bytes)

     Virtual frames (innermost first):
        0 - frame( sp=0x0000000308a7e510, unextended_sp=0x0000000308a7e510, fp=0x00000007959d9108, pc=0x0000000112facdfc)
sun.reflect.generics.repository.FieldRepository.getGenericType(FieldRepository.java:85) - invokeinterface @ bci 20 
     Created vframeArray 0x00007fce7d074020
DEOPT UNPACKING thread 0x00007fce7c80f000 vframeArray 0x00007fce7d074020 mode 2
     {method} {0x000000011a044ea0} &apos;getGenericType&apos; &apos;()Ljava/lang/reflect/Type;&apos; in &apos;sun/reflect/generics/repository/FieldRepository&apos; - invokeinterface @ bci 20 sp = 0x0000000308a7e4e0
<uncommon_trap thread='9219' reason='class_check' action='maybe_recompile' compile_id='1420' compiler='C2' stamp='10.830'>
Uncommon trap occurred in java.util.Objects::hashCode (@0x0000000112de80c4) thread=9219 reason=class_check action=maybe_recompile unloaded_class_index=-1
<jvms bci='5' method='java/util/Objects hashCode (Ljava/lang/Object;)I' bytes='13' count='5' backedge_count='1' iicount='10'/>
</uncommon_trap>
DEOPT PACKING thread 0x00007fce7c80f000 Compiled frame (sp=0x0000000308a7e4c0 unextended sp=0x0000000308a7e4c0, fp=0x00000007959d9470, real_fp=0x0000000308a7e4e0, pc=0x0000000112de80c4)
     nmethod  10830 1420             java.util.Objects::hashCode (13 bytes)

     Virtual frames (innermost first):
        0 - frame( sp=0x0000000308a7e4c0, unextended_sp=0x0000000308a7e4c0, fp=0x00000007959d9470, pc=0x0000000112de80c4)
java.util.Objects.hashCode(Objects.java:98) - invokevirtual @ bci 5 
     Created vframeArray 0x00007fce7c89a020
DEOPT UNPACKING thread 0x00007fce7c80f000 vframeArray 0x00007fce7c89a020 mode 2
     {method} {0x0000000119c8efd8} &apos;hashCode&apos; &apos;(Ljava/lang/Object;)I&apos; in &apos;java/util/Objects&apos; - invokevirtual @ bci 5 sp = 0x0000000308a7e488
<uncommon_trap thread='9219' reason='class_check' action='maybe_recompile' compile_id='1273' compiler='C2' count='3' state='class_check' stamp='10.909'>
Uncommon trap occurred in sun.misc.ProxyGenerator$ConstantPool$IndirectEntry::equals (@0x0000000112f2eae8) thread=9219 reason=class_check action=maybe_recompile unloaded_class_index=-1
<jvms bci='1' method='sun/misc/ProxyGenerator$ConstantPool$IndirectEntry equals (Ljava/lang/Object;)Z' bytes='49' count='2' backedge_count='1' iicount='10' class_check_traps='3'/>
</uncommon_trap>
DEOPT PACKING thread 0x00007fce7c80f000 Compiled frame (sp=0x0000000308a7dee0 unextended sp=0x0000000308a7dee0, fp=0x00000007959e02b8, real_fp=0x0000000308a7df10, pc=0x0000000112f2eae8)
     nmethod  10909 1273             sun.misc.ProxyGenerator$ConstantPool$IndirectEntry::equals (49 bytes)

     Virtual frames (innermost first):
        0 - frame( sp=0x0000000308a7dee0, unextended_sp=0x0000000308a7dee0, fp=0x00000007959e02b8, pc=0x0000000112f2eae8)
sun.misc.ProxyGenerator$ConstantPool$IndirectEntry.equals(ProxyGenerator.java:2019) - instanceof @ bci 1 
     Created vframeArray 0x00007fce7c8a0020
DEOPT UNPACKING thread 0x00007fce7c80f000 vframeArray 0x00007fce7c8a0020 mode 2
     {method} {0x000000011a06cd20} &apos;equals&apos; &apos;(Ljava/lang/Object;)Z&apos; in &apos;sun/misc/ProxyGenerator$ConstantPool$IndirectEntry&apos; - instanceof @ bci 1 sp = 0x0000000308a7dea0
<uncommon_trap thread='9219' reason='class_check' action='maybe_recompile' compile_id='1420' compiler='C2' count='1' state='class_check' stamp='10.933'>
Uncommon trap occurred in java.util.Objects::hashCode (@0x0000000112de80c4) thread=9219 reason=class_check action=maybe_recompile unloaded_class_index=-1
<jvms bci='5' method='java/util/Objects hashCode (Ljava/lang/Object;)I' bytes='13' count='5' backedge_count='1' iicount='10' class_check_traps='1'/>
</uncommon_trap>
DEOPT PACKING thread 0x00007fce7c80f000 Compiled frame (sp=0x0000000308a7e480 unextended sp=0x0000000308a7e480, fp=0x00000007959d9470, real_fp=0x0000000308a7e4a0, pc=0x0000000112de80c4)
     nmethod  10932 1420             java.util.Objects::hashCode (13 bytes)

     Virtual frames (innermost first):
        0 - frame( sp=0x0000000308a7e480, unextended_sp=0x0000000308a7e480, fp=0x00000007959d9470, pc=0x0000000112de80c4)
java.util.Objects.hashCode(Objects.java:98) - invokevirtual @ bci 5 
     Created vframeArray 0x00007fce7c090020
DEOPT UNPACKING thread 0x00007fce7c80f000 vframeArray 0x00007fce7c090020 mode 2
     {method} {0x0000000119c8efd8} &apos;hashCode&apos; &apos;(Ljava/lang/Object;)I&apos; in &apos;java/util/Objects&apos; - invokevirtual @ bci 5 sp = 0x0000000308a7e448
<uncommon_trap thread='9219' reason='class_check' action='maybe_recompile' compile_id='1420' compiler='C2' count='2' state='class_check' stamp='10.933'>
Uncommon trap occurred in java.util.Objects::hashCode (@0x0000000112de80c4) thread=9219 reason=class_check action=maybe_recompile unloaded_class_index=-1
<jvms bci='5' method='java/util/Objects hashCode (Ljava/lang/Object;)I' bytes='13' count='5' backedge_count='1' iicount='10' class_check_traps='2'/>
</uncommon_trap>
DEOPT PACKING thread 0x00007fce7c80f000 Compiled frame (sp=0x0000000308a7e420 unextended sp=0x0000000308a7e420, fp=0x00000007959d9470, real_fp=0x0000000308a7e440, pc=0x0000000112de80c4)
     nmethod  10933 1420             java.util.Objects::hashCode (13 bytes)

     Virtual frames (innermost first):
        0 - frame( sp=0x0000000308a7e420, unextended_sp=0x0000000308a7e420, fp=0x00000007959d9470, pc=0x0000000112de80c4)
java.util.Objects.hashCode(Objects.java:98) - invokevirtual @ bci 5 
     Created vframeArray 0x00007fce7d074020
DEOPT UNPACKING thread 0x00007fce7c80f000 vframeArray 0x00007fce7d074020 mode 2
     {method} {0x0000000119c8efd8} &apos;hashCode&apos; &apos;(Ljava/lang/Object;)I&apos; in &apos;java/util/Objects&apos; - invokevirtual @ bci 5 sp = 0x0000000308a7e3e8
<uncommon_trap thread='9219' reason='class_check' action='maybe_recompile' compile_id='1420' compiler='C2' count='3' state='class_check' stamp='10.934'>
Uncommon trap occurred in java.util.Objects::hashCode (@0x0000000112de80c4) thread=9219 reason=class_check action=maybe_recompile unloaded_class_index=-1
<jvms bci='5' method='java/util/Objects hashCode (Ljava/lang/Object;)I' bytes='13' count='5' backedge_count='1' iicount='10' class_check_traps='3'/>
</uncommon_trap>
DEOPT PACKING thread 0x00007fce7c80f000 Compiled frame (sp=0x0000000308a7e550 unextended sp=0x0000000308a7e550, fp=0x00000007959d9470, real_fp=0x0000000308a7e570, pc=0x0000000112de80c4)
     nmethod  10933 1420             java.util.Objects::hashCode (13 bytes)

     Virtual frames (innermost first):
        0 - frame( sp=0x0000000308a7e550, unextended_sp=0x0000000308a7e550, fp=0x00000007959d9470, pc=0x0000000112de80c4)
java.util.Objects.hashCode(Objects.java:98) - invokevirtual @ bci 5 
     Created vframeArray 0x00007fce7d08d420
DEOPT UNPACKING thread 0x00007fce7c80f000 vframeArray 0x00007fce7d08d420 mode 2
     {method} {0x0000000119c8efd8} &apos;hashCode&apos; &apos;(Ljava/lang/Object;)I&apos; in &apos;java/util/Objects&apos; - invokevirtual @ bci 5 sp = 0x0000000308a7e518
<uncommon_trap thread='9219' reason='bimorphic' action='maybe_recompile' compile_id='1529' compiler='C2' count='1' state='#7' stamp='10.937'>
Uncommon trap occurred in org.springframework.core.SerializableTypeWrapper$TypeProxyInvocationHandler::invoke (@0x0000000112fb9ccc) thread=9219 reason=bimorphic action=maybe_recompile unloaded_class_index=-1
<jvms bci='165' method='org/springframework/core/SerializableTypeWrapper$TypeProxyInvocationHandler invoke (Ljava/lang/Object;Ljava/lang/reflect/Method;[Ljava/lang/Object;)Ljava/lang/Object;' bytes='324' count='5' backedge_count='2' iicount='10' bimorphic_traps='1'/>
</uncommon_trap>
DEOPT PACKING thread 0x00007fce7c80f000 Compiled frame (sp=0x0000000308a7e390 unextended sp=0x0000000308a7e390, fp=0x00000000f2b3cacd, real_fp=0x0000000308a7e400, pc=0x0000000112fb9ccc)
     nmethod  10937 1529             org.springframework.core.SerializableTypeWrapper$TypeProxyInvocationHandler::invoke (324 bytes)

     Virtual frames (innermost first):
        0 - frame( sp=0x0000000308a7e390, unextended_sp=0x0000000308a7e390, fp=0x00000000f2b3cacd, pc=0x0000000112fb9ccc)
org.springframework.core.SerializableTypeWrapper$TypeProxyInvocationHandler.invoke(SerializableTypeWrapper.java:197) - invokeinterface @ bci 165 
     Created vframeArray 0x00007fce7c090020
DEOPT UNPACKING thread 0x00007fce7c80f000 vframeArray 0x00007fce7c090020 mode 2
     {method} {0x000000011a03a3c0} &apos;invoke&apos; &apos;(Ljava/lang/Object;Ljava/lang/reflect/Method;[Ljava/lang/Object;)Ljava/lang/Object;&apos; in &apos;org/springframework/core/SerializableTypeWrapper$TypeProxyInvocationHandler&apos; - invokeinterface @ bci 165 sp = 0x0000000308a7e390
<uncommon_trap thread='9219' reason='class_check' action='maybe_recompile' compile_id='1405' compiler='C2' count='3' state='class_check' stamp='10.953'>
Uncommon trap occurred in sun.reflect.generics.repository.GenericDeclRepository::getTypeParameters (@0x0000000112df0df4) thread=9219 reason=class_check action=maybe_recompile unloaded_class_index=-1
<jvms bci='16' method='sun/reflect/generics/repository/GenericDeclRepository getTypeParameters ()[Ljava/lang/reflect/TypeVariable;' bytes='80' count='5' backedge_count='5' iicount='7' decompiles='1' class_check_traps='3'/>
</uncommon_trap>
DEOPT PACKING thread 0x00007fce7c80f000 Compiled frame (sp=0x0000000308a7e2d0 unextended sp=0x0000000308a7e2d0, fp=0x00000007959e66b8, real_fp=0x0000000308a7e330, pc=0x0000000112df0df4)
     nmethod  10952 1405             sun.reflect.generics.repository.GenericDeclRepository::getTypeParameters (80 bytes)

     Virtual frames (innermost first):
        0 - frame( sp=0x0000000308a7e2d0, unextended_sp=0x0000000308a7e2d0, fp=0x00000007959e66b8, pc=0x0000000112df0df4)
sun.reflect.generics.repository.GenericDeclRepository.getTypeParameters(GenericDeclRepository.java:71) - invokeinterface @ bci 16 
     Created vframeArray 0x00007fce7c8a0020
DEOPT UNPACKING thread 0x00007fce7c80f000 vframeArray 0x00007fce7c8a0020 mode 2
     {method} {0x0000000119c55788} &apos;getTypeParameters&apos; &apos;()[Ljava/lang/reflect/TypeVariable;&apos; in &apos;sun/reflect/generics/repository/GenericDeclRepository&apos; - invokeinterface @ bci 16 sp = 0x0000000308a7e2b0
<uncommon_trap thread='9219' reason='bimorphic' action='maybe_recompile' compile_id='1121' compiler='C2' count='3' state='#15' stamp='11.027'>
Uncommon trap occurred in java.util.Arrays::equals (@0x0000000112ee2220) thread=9219 reason=bimorphic action=maybe_recompile unloaded_class_index=-1
<jvms bci='62' method='java/util/Arrays equals ([Ljava/lang/Object;[Ljava/lang/Object;)Z' bytes='78' count='4' backedge_count='18' iicount='4' decompiles='1' class_check_traps='4' bimorphic_traps='3'/>
</uncommon_trap>
DEOPT PACKING thread 0x00007fce7c80f000 Compiled frame (sp=0x0000000308a7e460 unextended sp=0x0000000308a7e460, fp=0x0000000000000000, real_fp=0x0000000308a7e4a0, pc=0x0000000112ee2220)
     nmethod  11026 1121             java.util.Arrays::equals (78 bytes)

     Virtual frames (innermost first):
        0 - frame( sp=0x0000000308a7e460, unextended_sp=0x0000000308a7e460, fp=0x0000000000000000, pc=0x0000000112ee2220)
java.util.Arrays.equals(Arrays.java:2829) - invokevirtual @ bci 62 
     Created vframeArray 0x00007fce7c049c20
DEOPT UNPACKING thread 0x00007fce7c80f000 vframeArray 0x00007fce7c049c20 mode 2
     {method} {0x0000000119c6ac88} &apos;equals&apos; &apos;([Ljava/lang/Object;[Ljava/lang/Object;)Z&apos; in &apos;java/util/Arrays&apos; - invokevirtual @ bci 62 sp = 0x0000000308a7e420
<uncommon_trap thread='9219' reason='class_check' action='maybe_recompile' compile_id='1594' compiler='C2' stamp='11.027'>
Uncommon trap occurred in org.springframework.core.ResolvableType::getGenerics (@0x0000000112fdb3b8) thread=9219 reason=class_check action=maybe_recompile unloaded_class_index=-1
<jvms bci='78' method='org/springframework/core/ResolvableType getGenerics ()[Lorg/springframework/core/ResolvableType;' bytes='148' count='5' backedge_count='2' iicount='8'/>
</uncommon_trap>
DEOPT PACKING thread 0x00007fce7c80f000 Compiled frame (sp=0x0000000308a7e640 unextended sp=0x0000000308a7e640, fp=0x00000007959e55d8, real_fp=0x0000000308a7e6a0, pc=0x0000000112fdb3b8)
     nmethod  11027 1594             org.springframework.core.ResolvableType::getGenerics (148 bytes)

     Virtual frames (innermost first):
        0 - frame( sp=0x0000000308a7e640, unextended_sp=0x0000000308a7e640, fp=0x00000007959e55d8, pc=0x0000000112fdb3b8)
org.springframework.core.ResolvableType.getGenerics(ResolvableType.java:734) - instanceof @ bci 78 
     Created vframeArray 0x00007fce7c08d820
DEOPT UNPACKING thread 0x00007fce7c80f000 vframeArray 0x00007fce7c08d820 mode 2
     {method} {0x0000000119f3b780} &apos;getGenerics&apos; &apos;()[Lorg/springframework/core/ResolvableType;&apos; in &apos;org/springframework/core/ResolvableType&apos; - instanceof @ bci 78 sp = 0x0000000308a7e630
<uncommon_trap thread='9219' reason='class_check' action='maybe_recompile' compile_id='1525' compiler='C2' stamp='11.027'>
Uncommon trap occurred in org.springframework.core.ResolvableType::resolveType (@0x0000000112fafd34) thread=9219 reason=class_check action=maybe_recompile unloaded_class_index=-1
<jvms bci='91' method='org/springframework/core/ResolvableType resolveType ()Lorg/springframework/core/ResolvableType;' bytes='151' count='6' backedge_count='1' iicount='11'/>
</uncommon_trap>
DEOPT PACKING thread 0x00007fce7c80f000 Compiled frame (sp=0x0000000308a7e5e0 unextended sp=0x0000000308a7e5e0, fp=0x00000007959e55d8, real_fp=0x0000000308a7e620, pc=0x0000000112fafd34)
     nmethod  11027 1525             org.springframework.core.ResolvableType::resolveType (151 bytes)

     Virtual frames (innermost first):
        0 - frame( sp=0x0000000308a7e5e0, unextended_sp=0x0000000308a7e5e0, fp=0x00000007959e55d8, pc=0x0000000112fafd34)
org.springframework.core.ResolvableType.resolveType(ResolvableType.java:862) - instanceof @ bci 91 
     Created vframeArray 0x00007fce7c049c20
DEOPT UNPACKING thread 0x00007fce7c80f000 vframeArray 0x00007fce7c049c20 mode 2
     {method} {0x0000000119f3bf58} &apos;resolveType&apos; &apos;()Lorg/springframework/core/ResolvableType;&apos; in &apos;org/springframework/core/ResolvableType&apos; - instanceof @ bci 91 sp = 0x0000000308a7e5b8
<uncommon_trap thread='9219' reason='unloaded' action='reinterpret' index='319' compile_id='1400' compiler='C2' unresolved='1' name='sun/reflect/generics/tree/BottomSignature' stamp='11.030'>
Uncommon trap occurred in sun.reflect.generics.parser.SignatureParser::parseTypeArgument (@0x0000000112f7501c) thread=9219 reason=unloaded action=reinterpret unloaded_class_index=319 unresolved class: sun/reflect/generics/tree/BottomSignature
<jvms bci='65' method='sun/reflect/generics/parser/SignatureParser parseTypeArgument ()Lsun/reflect/generics/tree/TypeArgument;' bytes='133' count='5' backedge_count='1' iicount='10'/>
</uncommon_trap>
REALLOC OBJECTS in thread 0x00007fce7c80f000
     object &lt;0x00000007959e7ac8&gt; of type &apos;sun/reflect/generics/tree/FieldTypeSignature&apos;[] allocated (24 bytes)
     object &lt;0x00000007959e7ae0&gt; of type &apos;sun/reflect/generics/tree/FieldTypeSignature&apos;[] allocated (24 bytes)
DEOPT PACKING thread 0x00007fce7c80f000 Compiled frame (sp=0x0000000308a7e190 unextended sp=0x0000000308a7e190, fp=0x00000007959e7a38, real_fp=0x0000000308a7e1c0, pc=0x0000000112f7501c)
     nmethod  11032 1400             sun.reflect.generics.parser.SignatureParser::parseTypeArgument (133 bytes)

     Virtual frames (innermost first):
        0 - frame( sp=0x0000000308a7e190, unextended_sp=0x0000000308a7e190, fp=0x00000007959e7a38, pc=0x0000000112f7501c)
sun.reflect.generics.parser.SignatureParser.parseTypeArgument(SignatureParser.java:404) - invokestatic @ bci 65 
     Created vframeArray 0x00007fce7d08d420
DEOPT UNPACKING thread 0x00007fce7c80f000 vframeArray 0x00007fce7d08d420 mode 2
     {method} {0x000000011a011dc8} &apos;parseTypeArgument&apos; &apos;()Lsun/reflect/generics/tree/TypeArgument;&apos; in &apos;sun/reflect/generics/parser/SignatureParser&apos; - invokestatic @ bci 65 sp = 0x0000000308a7e138
<uncommon_trap thread='9219' reason='bimorphic' action='maybe_recompile' compile_id='1407' compiler='C2' stamp='11.033'>
Uncommon trap occurred in sun.reflect.generics.visitor.Reifier::reifyTypeArguments (@0x0000000112f746ac) thread=9219 reason=bimorphic action=maybe_recompile unloaded_class_index=-1
<jvms bci='18' method='sun/reflect/generics/visitor/Reifier reifyTypeArguments ([Lsun/reflect/generics/tree/TypeArgument;)[Ljava/lang/reflect/Type;' bytes='38' count='5' backedge_count='6' iicount='5'/>
</uncommon_trap>
DEOPT PACKING thread 0x00007fce7c80f000 Compiled frame (sp=0x0000000308a7e450 unextended sp=0x0000000308a7e450, fp=0x00000007959e7bb0, real_fp=0x0000000308a7e4a0, pc=0x0000000112f746ac)
     nmethod  11033 1407             sun.reflect.generics.visitor.Reifier::reifyTypeArguments (38 bytes)

     Virtual frames (innermost first):
        0 - frame( sp=0x0000000308a7e450, unextended_sp=0x0000000308a7e450, fp=0x00000007959e7bb0, pc=0x0000000112f746ac)
sun.reflect.generics.visitor.Reifier.reifyTypeArguments(Reifier.java:68) - invokeinterface @ bci 18 
     Created vframeArray 0x00007fce7b06b020
DEOPT UNPACKING thread 0x00007fce7c80f000 vframeArray 0x00007fce7b06b020 mode 2
     {method} {0x000000011a019cf0} &apos;reifyTypeArguments&apos; &apos;([Lsun/reflect/generics/tree/TypeArgument;)[Ljava/lang/reflect/Type;&apos; in &apos;sun/reflect/generics/visitor/Reifier&apos; - invokeinterface @ bci 18 sp = 0x0000000308a7e420
<dependency_failed type='abstract_with_unique_concrete_subtype' ctxk='sun/reflect/generics/reflectiveObjects/LazyReflectiveObjectGenerator' x='sun/reflect/generics/reflectiveObjects/TypeVariableImpl' witness='sun/reflect/generics/reflectiveObjects/WildcardTypeImpl' stamp='11.034'/>
<dependency_failed type='abstract_with_unique_concrete_subtype' ctxk='sun/reflect/generics/reflectiveObjects/LazyReflectiveObjectGenerator' x='sun/reflect/generics/reflectiveObjects/TypeVariableImpl' witness='sun/reflect/generics/reflectiveObjects/WildcardTypeImpl' stamp='11.034'/>
<dependency_failed type='abstract_with_unique_concrete_subtype' ctxk='sun/reflect/generics/reflectiveObjects/LazyReflectiveObjectGenerator' x='sun/reflect/generics/reflectiveObjects/TypeVariableImpl' witness='sun/reflect/generics/reflectiveObjects/WildcardTypeImpl' stamp='11.034'/>
<uncommon_trap thread='9219' reason='bimorphic' action='maybe_recompile' compile_id='1529' compiler='C2' count='2' state='#7' stamp='11.128'>
Uncommon trap occurred in org.springframework.core.SerializableTypeWrapper$TypeProxyInvocationHandler::invoke (@0x0000000112fb9ccc) thread=9219 reason=bimorphic action=maybe_recompile unloaded_class_index=-1
<jvms bci='165' method='org/springframework/core/SerializableTypeWrapper$TypeProxyInvocationHandler invoke (Ljava/lang/Object;Ljava/lang/reflect/Method;[Ljava/lang/Object;)Ljava/lang/Object;' bytes='324' count='5' backedge_count='2' iicount='10' bimorphic_traps='2'/>
</uncommon_trap>
DEOPT PACKING thread 0x00007fce7c80f000 Compiled frame (sp=0x0000000308a7e460 unextended sp=0x0000000308a7e460, fp=0x00000000f2b3d4d7, real_fp=0x0000000308a7e4d0, pc=0x0000000112fb9ccc)
     nmethod  11127 1529             org.springframework.core.SerializableTypeWrapper$TypeProxyInvocationHandler::invoke (324 bytes)

     Virtual frames (innermost first):
        0 - frame( sp=0x0000000308a7e460, unextended_sp=0x0000000308a7e460, fp=0x00000000f2b3d4d7, pc=0x0000000112fb9ccc)
org.springframework.core.SerializableTypeWrapper$TypeProxyInvocationHandler.invoke(SerializableTypeWrapper.java:197) - invokeinterface @ bci 165 
     Created vframeArray 0x00007fce7b06b820
DEOPT UNPACKING thread 0x00007fce7c80f000 vframeArray 0x00007fce7b06b820 mode 2
     {method} {0x000000011a03a3c0} &apos;invoke&apos; &apos;(Ljava/lang/Object;Ljava/lang/reflect/Method;[Ljava/lang/Object;)Ljava/lang/Object;&apos; in &apos;org/springframework/core/SerializableTypeWrapper$TypeProxyInvocationHandler&apos; - invokeinterface @ bci 165 sp = 0x0000000308a7e460
<uncommon_trap thread='9219' reason='bimorphic' action='maybe_recompile' compile_id='1529' compiler='C2' count='3' state='#7' stamp='11.146'>
Uncommon trap occurred in org.springframework.core.SerializableTypeWrapper$TypeProxyInvocationHandler::invoke (@0x0000000112fb9ccc) thread=9219 reason=bimorphic action=maybe_recompile unloaded_class_index=-1
<jvms bci='165' method='org/springframework/core/SerializableTypeWrapper$TypeProxyInvocationHandler invoke (Ljava/lang/Object;Ljava/lang/reflect/Method;[Ljava/lang/Object;)Ljava/lang/Object;' bytes='324' count='5' backedge_count='2' iicount='10' bimorphic_traps='3'/>
</uncommon_trap>
DEOPT PACKING thread 0x00007fce7c80f000 Compiled frame (sp=0x0000000308a7e350 unextended sp=0x0000000308a7e350, fp=0x00000000f2b3ee95, real_fp=0x0000000308a7e3c0, pc=0x0000000112fb9ccc)
     nmethod  11146 1529             org.springframework.core.SerializableTypeWrapper$TypeProxyInvocationHandler::invoke (324 bytes)

     Virtual frames (innermost first):
        0 - frame( sp=0x0000000308a7e350, unextended_sp=0x0000000308a7e350, fp=0x00000000f2b3ee95, pc=0x0000000112fb9ccc)
org.springframework.core.SerializableTypeWrapper$TypeProxyInvocationHandler.invoke(SerializableTypeWrapper.java:197) - invokeinterface @ bci 165 
     Created vframeArray 0x00007fce7b06b020
DEOPT UNPACKING thread 0x00007fce7c80f000 vframeArray 0x00007fce7b06b020 mode 2
     {method} {0x000000011a03a3c0} &apos;invoke&apos; &apos;(Ljava/lang/Object;Ljava/lang/reflect/Method;[Ljava/lang/Object;)Ljava/lang/Object;&apos; in &apos;org/springframework/core/SerializableTypeWrapper$TypeProxyInvocationHandler&apos; - invokeinterface @ bci 165 sp = 0x0000000308a7e350
<uncommon_trap thread='9219' reason='class_check' action='maybe_recompile' compile_id='1443' compiler='C2' count='1' state='class_check' stamp='11.206'>
Uncommon trap occurred in org.springframework.util.ConcurrentReferenceHashMap$Segment::findInChain (@0x0000000112f84138) thread=9219 reason=class_check action=maybe_recompile unloaded_class_index=-1
<jvms bci='10' method='org/springframework/util/ConcurrentReferenceHashMap$Segment findInChain (Lorg/springframework/util/ConcurrentReferenceHashMap$Reference;Ljava/lang/Object;I)Lorg/springframework/util/ConcurrentReferenceHashMap$Reference;' bytes='66' count='5' backedge_count='1' iicount='10' class_check_traps='1'/>
</uncommon_trap>
DEOPT PACKING thread 0x00007fce7c80f000 Compiled frame (sp=0x0000000308a7e650 unextended sp=0x0000000308a7e650, fp=0x00000000f2b3abeb, real_fp=0x0000000308a7e690, pc=0x0000000112f84138)
     nmethod  11206 1443             org.springframework.util.ConcurrentReferenceHashMap$Segment::findInChain (66 bytes)

     Virtual frames (innermost first):
        0 - frame( sp=0x0000000308a7e650, unextended_sp=0x0000000308a7e650, fp=0x00000000f2b3abeb, pc=0x0000000112f84138)
org.springframework.util.ConcurrentReferenceHashMap$Segment.findInChain(ConcurrentReferenceHashMap.java:644) - invokeinterface @ bci 10 
     Created vframeArray 0x00007fce7d08e220
DEOPT UNPACKING thread 0x00007fce7c80f000 vframeArray 0x00007fce7d08e220 mode 2
     {method} {0x0000000119f2cee8} &apos;findInChain&apos; &apos;(Lorg/springframework/util/ConcurrentReferenceHashMap$Reference;Ljava/lang/Object;I)Lorg/springframework/util/ConcurrentReferenceHashMap$Reference;&apos; in &apos;org/springframework/util/ConcurrentReferenceHashMap$Segment&apos; - invokeinterface @ bci 10 sp = 0x0000000308a7e600
<uncommon_trap thread='9219' reason='class_check' action='maybe_recompile' compile_id='1443' compiler='C2' count='2' state='class_check' stamp='11.222'>
Uncommon trap occurred in org.springframework.util.ConcurrentReferenceHashMap$Segment::findInChain (@0x0000000112f84138) thread=9219 reason=class_check action=maybe_recompile unloaded_class_index=-1
<jvms bci='10' method='org/springframework/util/ConcurrentReferenceHashMap$Segment findInChain (Lorg/springframework/util/ConcurrentReferenceHashMap$Reference;Ljava/lang/Object;I)Lorg/springframework/util/ConcurrentReferenceHashMap$Reference;' bytes='66' count='5' backedge_count='2' iicount='10' class_check_traps='2'/>
</uncommon_trap>
DEOPT PACKING thread 0x00007fce7c80f000 Compiled frame (sp=0x0000000308a7e650 unextended sp=0x0000000308a7e650, fp=0x00000000f2b3a3f6, real_fp=0x0000000308a7e690, pc=0x0000000112f84138)
     nmethod  11222 1443             org.springframework.util.ConcurrentReferenceHashMap$Segment::findInChain (66 bytes)

     Virtual frames (innermost first):
        0 - frame( sp=0x0000000308a7e650, unextended_sp=0x0000000308a7e650, fp=0x00000000f2b3a3f6, pc=0x0000000112f84138)
org.springframework.util.ConcurrentReferenceHashMap$Segment.findInChain(ConcurrentReferenceHashMap.java:644) - invokeinterface @ bci 10 
     Created vframeArray 0x00007fce7c049c20
DEOPT UNPACKING thread 0x00007fce7c80f000 vframeArray 0x00007fce7c049c20 mode 2
     {method} {0x0000000119f2cee8} &apos;findInChain&apos; &apos;(Lorg/springframework/util/ConcurrentReferenceHashMap$Reference;Ljava/lang/Object;I)Lorg/springframework/util/ConcurrentReferenceHashMap$Reference;&apos; in &apos;org/springframework/util/ConcurrentReferenceHashMap$Segment&apos; - invokeinterface @ bci 10 sp = 0x0000000308a7e600
<uncommon_trap thread='9219' reason='class_check' action='maybe_recompile' compile_id='1443' compiler='C2' count='3' state='class_check' stamp='11.222'>
Uncommon trap occurred in org.springframework.util.ConcurrentReferenceHashMap$Segment::findInChain (@0x0000000112f84138) thread=9219 reason=class_check action=maybe_recompile unloaded_class_index=-1
<jvms bci='10' method='org/springframework/util/ConcurrentReferenceHashMap$Segment findInChain (Lorg/springframework/util/ConcurrentReferenceHashMap$Reference;Ljava/lang/Object;I)Lorg/springframework/util/ConcurrentReferenceHashMap$Reference;' bytes='66' count='5' backedge_count='3' iicount='10' class_check_traps='3'/>
</uncommon_trap>
DEOPT PACKING thread 0x00007fce7c80f000 Compiled frame (sp=0x0000000308a7e650 unextended sp=0x0000000308a7e650, fp=0x00000000f2b37893, real_fp=0x0000000308a7e690, pc=0x0000000112f84138)
     nmethod  11222 1443             org.springframework.util.ConcurrentReferenceHashMap$Segment::findInChain (66 bytes)

     Virtual frames (innermost first):
        0 - frame( sp=0x0000000308a7e650, unextended_sp=0x0000000308a7e650, fp=0x00000000f2b37893, pc=0x0000000112f84138)
org.springframework.util.ConcurrentReferenceHashMap$Segment.findInChain(ConcurrentReferenceHashMap.java:644) - invokeinterface @ bci 10 
     Created vframeArray 0x00007fce7c89a020
DEOPT UNPACKING thread 0x00007fce7c80f000 vframeArray 0x00007fce7c89a020 mode 2
     {method} {0x0000000119f2cee8} &apos;findInChain&apos; &apos;(Lorg/springframework/util/ConcurrentReferenceHashMap$Reference;Ljava/lang/Object;I)Lorg/springframework/util/ConcurrentReferenceHashMap$Reference;&apos; in &apos;org/springframework/util/ConcurrentReferenceHashMap$Segment&apos; - invokeinterface @ bci 10 sp = 0x0000000308a7e600
<uncommon_trap thread='9219' reason='unloaded' action='reinterpret' index='7' compile_id='1561' compiler='C2' unresolved='1' name='sun/reflect/MethodAccessorGenerator' stamp='11.240'>
Uncommon trap occurred in sun.reflect.NativeMethodAccessorImpl::invoke (@0x0000000112fc844c) thread=9219 reason=unloaded action=reinterpret unloaded_class_index=7 unresolved class: sun/reflect/MethodAccessorGenerator
<jvms bci='30' method='sun/reflect/NativeMethodAccessorImpl invoke (Ljava/lang/Object;[Ljava/lang/Object;)Ljava/lang/Object;' bytes='104' count='5' backedge_count='1' iicount='10'/>
</uncommon_trap>
DEOPT PACKING thread 0x00007fce7c80f000 Compiled frame (sp=0x0000000308a7e3b0 unextended sp=0x0000000308a7e3b0, fp=0x00000007959d05f0, real_fp=0x0000000308a7e3e0, pc=0x0000000112fc844c)
     nmethod  11243 1561             sun.reflect.NativeMethodAccessorImpl::invoke (104 bytes)

     Virtual frames (innermost first):
        0 - frame( sp=0x0000000308a7e3b0, unextended_sp=0x0000000308a7e3b0, fp=0x00000007959d05f0, pc=0x0000000112fc844c)
sun.reflect.NativeMethodAccessorImpl.invoke(NativeMethodAccessorImpl.java:51) - new @ bci 30 
     Created vframeArray 0x00007fce7b06b020
DEOPT UNPACKING thread 0x00007fce7c80f000 vframeArray 0x00007fce7b06b020 mode 2
     {method} {0x000000011a027da8} &apos;invoke&apos; &apos;(Ljava/lang/Object;[Ljava/lang/Object;)Ljava/lang/Object;&apos; in &apos;sun/reflect/NativeMethodAccessorImpl&apos; - new @ bci 30 sp = 0x0000000308a7e370
<uncommon_trap thread='9219' reason='class_check' action='maybe_recompile' compile_id='1559' compiler='C2' stamp='11.318'>
Uncommon trap occurred in java.lang.reflect.Method::invoke (@0x0000000112fc1cb4) thread=9219 reason=class_check action=maybe_recompile unloaded_class_index=-1
<jvms bci='6' method='sun/reflect/DelegatingMethodAccessorImpl invoke (Ljava/lang/Object;[Ljava/lang/Object;)Ljava/lang/Object;' bytes='10' count='5' backedge_count='1' iicount='10'/>
<jvms bci='56' method='java/lang/reflect/Method invoke (Ljava/lang/Object;[Ljava/lang/Object;)Ljava/lang/Object;' bytes='62' count='5' backedge_count='1' iicount='10'/>
</uncommon_trap>
DEOPT PACKING thread 0x00007fce7c80f000 Compiled frame (sp=0x0000000308a7e3b0 unextended sp=0x0000000308a7e3b0, fp=0x00000000f2b40a7d, real_fp=0x0000000308a7e3f0, pc=0x0000000112fc1cb4)
     nmethod  11318 1559             java.lang.reflect.Method::invoke (62 bytes)

     Virtual frames (innermost first):
        0 - frame( sp=0x0000000308a7e3b0, unextended_sp=0x0000000308a7e3b0, fp=0x00000000f2b40a7d, pc=0x0000000112fc1cb4)
sun.reflect.DelegatingMethodAccessorImpl.invoke(DelegatingMethodAccessorImpl.java:43) - invokevirtual @ bci 6 
        1 - frame( sp=0x0000000308a7e3b0, unextended_sp=0x0000000308a7e3b0, fp=0x00000000f2b40a7d, pc=0x0000000112fc1cb4)
java.lang.reflect.Method.invoke(Method.java:498) - invokeinterface @ bci 56 
     Created vframeArray 0x00007fce7c89a020
DEOPT UNPACKING thread 0x00007fce7c80f000 vframeArray 0x00007fce7c89a020 mode 2
     {method} {0x0000000119b656f8} &apos;invoke&apos; &apos;(Ljava/lang/Object;[Ljava/lang/Object;)Ljava/lang/Object;&apos; in &apos;java/lang/reflect/Method&apos; - invokeinterface @ bci 56 sp = 0x0000000308a7e368
     {method} {0x000000011a028530} &apos;invoke&apos; &apos;(Ljava/lang/Object;[Ljava/lang/Object;)Ljava/lang/Object;&apos; in &apos;sun/reflect/DelegatingMethodAccessorImpl&apos; - invokevirtual @ bci 6 sp = 0x0000000308a7e300
<uncommon_trap thread='9219' reason='class_check' action='maybe_recompile' compile_id='1525' compiler='C2' count='1' state='class_check' stamp='11.319'>
Uncommon trap occurred in org.springframework.core.ResolvableType::resolveType (@0x0000000112fafd34) thread=9219 reason=class_check action=maybe_recompile unloaded_class_index=-1
<jvms bci='91' method='org/springframework/core/ResolvableType resolveType ()Lorg/springframework/core/ResolvableType;' bytes='151' count='6' backedge_count='1' iicount='11' class_check_traps='1'/>
</uncommon_trap>
DEOPT PACKING thread 0x00007fce7c80f000 Compiled frame (sp=0x0000000308a7e550 unextended sp=0x0000000308a7e550, fp=0x0000000795a05518, real_fp=0x0000000308a7e590, pc=0x0000000112fafd34)
     nmethod  11318 1525             org.springframework.core.ResolvableType::resolveType (151 bytes)

     Virtual frames (innermost first):
        0 - frame( sp=0x0000000308a7e550, unextended_sp=0x0000000308a7e550, fp=0x0000000795a05518, pc=0x0000000112fafd34)
org.springframework.core.ResolvableType.resolveType(ResolvableType.java:862) - instanceof @ bci 91 
     Created vframeArray 0x00007fce7c882e20
DEOPT UNPACKING thread 0x00007fce7c80f000 vframeArray 0x00007fce7c882e20 mode 2
     {method} {0x0000000119f3bf58} &apos;resolveType&apos; &apos;()Lorg/springframework/core/ResolvableType;&apos; in &apos;org/springframework/core/ResolvableType&apos; - instanceof @ bci 91 sp = 0x0000000308a7e528
<uncommon_trap thread='9219' reason='unloaded' action='reinterpret' index='7' compile_id='1319' compiler='C2' unresolved='1' name='sun/reflect/MethodAccessorGenerator' stamp='11.320'>
Uncommon trap occurred in sun.reflect.NativeConstructorAccessorImpl::newInstance (@0x0000000112f4e908) thread=9219 reason=unloaded action=reinterpret unloaded_class_index=7 unresolved class: sun/reflect/MethodAccessorGenerator
<jvms bci='30' method='sun/reflect/NativeConstructorAccessorImpl newInstance ([Ljava/lang/Object;)Ljava/lang/Object;' bytes='89' count='2' backedge_count='1' iicount='10'/>
</uncommon_trap>
DEOPT PACKING thread 0x00007fce7c80f000 Compiled frame (sp=0x0000000308a7e300 unextended sp=0x0000000308a7e300, fp=0x00000007959ca4d0, real_fp=0x0000000308a7e330, pc=0x0000000112f4e908)
     nmethod  11320 1319             sun.reflect.NativeConstructorAccessorImpl::newInstance (89 bytes)

     Virtual frames (innermost first):
        0 - frame( sp=0x0000000308a7e300, unextended_sp=0x0000000308a7e300, fp=0x00000007959ca4d0, pc=0x0000000112f4e908)
sun.reflect.NativeConstructorAccessorImpl.newInstance(NativeConstructorAccessorImpl.java:53) - new @ bci 30 
     Created vframeArray 0x00007fce7b042e20
DEOPT UNPACKING thread 0x00007fce7c80f000 vframeArray 0x00007fce7b042e20 mode 2
     {method} {0x0000000119c781a8} &apos;newInstance&apos; &apos;([Ljava/lang/Object;)Ljava/lang/Object;&apos; in &apos;sun/reflect/NativeConstructorAccessorImpl&apos; - new @ bci 30 sp = 0x0000000308a7e2c8
<uncommon_trap thread='9219' reason='unloaded' action='reinterpret' index='36' compile_id='1343' compiler='C2' unresolved='1' name='sun/reflect/BootstrapConstructorAccessorImpl' stamp='11.355'>
Uncommon trap occurred in sun.reflect.ReflectionFactory::newConstructorAccessor (@0x0000000112f56bd4) thread=9219 reason=unloaded action=reinterpret unloaded_class_index=36 unresolved class: sun/reflect/BootstrapConstructorAccessorImpl
<jvms bci='52' method='sun/reflect/ReflectionFactory newConstructorAccessor (Ljava/lang/reflect/Constructor;)Lsun/reflect/ConstructorAccessor;' bytes='132' count='5' backedge_count='1' iicount='10'/>
</uncommon_trap>
DEOPT PACKING thread 0x00007fce7c80f000 Compiled frame (sp=0x0000000308a7d400 unextended sp=0x0000000308a7d400, fp=0x0000000795a08c08, real_fp=0x0000000308a7d450, pc=0x0000000112f56bd4)
     nmethod  11356 1343             sun.reflect.ReflectionFactory::newConstructorAccessor (132 bytes)

     Virtual frames (innermost first):
        0 - frame( sp=0x0000000308a7d400, unextended_sp=0x0000000308a7d400, fp=0x0000000795a08c08, pc=0x0000000112f56bd4)
sun.reflect.ReflectionFactory.newConstructorAccessor(ReflectionFactory.java:196) - new @ bci 52 
     Created vframeArray 0x00007fce7c882e20
DEOPT UNPACKING thread 0x00007fce7c80f000 vframeArray 0x00007fce7c882e20 mode 2
     {method} {0x0000000119c07390} &apos;newConstructorAccessor&apos; &apos;(Ljava/lang/reflect/Constructor;)Lsun/reflect/ConstructorAccessor;&apos; in &apos;sun/reflect/ReflectionFactory&apos; - new @ bci 52 sp = 0x0000000308a7d3d8
<uncommon_trap thread='9219' reason='class_check' action='maybe_recompile' compile_id='1534' compiler='C2' stamp='11.357'>
Uncommon trap occurred in java.lang.reflect.Constructor::newInstance (@0x0000000112fb6d1c) thread=9219 reason=class_check action=maybe_recompile unloaded_class_index=-1
<jvms bci='79' method='java/lang/reflect/Constructor newInstance ([Ljava/lang/Object;)Ljava/lang/Object;' bytes='87' count='5' backedge_count='1' iicount='15'/>
</uncommon_trap>
DEOPT PACKING thread 0x00007fce7c80f000 Compiled frame (sp=0x0000000308a7d480 unextended sp=0x0000000308a7d480, fp=0x0000000000000000, real_fp=0x0000000308a7d4c0, pc=0x0000000112fb6d1c)
     nmethod  11356 1534             java.lang.reflect.Constructor::newInstance (87 bytes)

     Virtual frames (innermost first):
        0 - frame( sp=0x0000000308a7d480, unextended_sp=0x0000000308a7d480, fp=0x0000000000000000, pc=0x0000000112fb6d1c)
java.lang.reflect.Constructor.newInstance(Constructor.java:423) - invokeinterface @ bci 79 
     Created vframeArray 0x00007fce7c049c20
DEOPT UNPACKING thread 0x00007fce7c80f000 vframeArray 0x00007fce7c049c20 mode 2
     {method} {0x0000000119b6bce8} &apos;newInstance&apos; &apos;([Ljava/lang/Object;)Ljava/lang/Object;&apos; in &apos;java/lang/reflect/Constructor&apos; - invokeinterface @ bci 79 sp = 0x0000000308a7d440
<uncommon_trap thread='9219' reason='class_check' action='maybe_recompile' compile_id='1559' compiler='C2' count='1' state='class_check' stamp='11.358'>
Uncommon trap occurred in java.lang.reflect.Method::invoke (@0x0000000112fc1cb4) thread=9219 reason=class_check action=maybe_recompile unloaded_class_index=-1
<jvms bci='6' method='sun/reflect/DelegatingMethodAccessorImpl invoke (Ljava/lang/Object;[Ljava/lang/Object;)Ljava/lang/Object;' bytes='10' count='5' backedge_count='1' iicount='10' class_check_traps='1'/>
<jvms bci='56' method='java/lang/reflect/Method invoke (Ljava/lang/Object;[Ljava/lang/Object;)Ljava/lang/Object;' bytes='62' count='5' backedge_count='1' iicount='10'/>
</uncommon_trap>
DEOPT PACKING thread 0x00007fce7c80f000 Compiled frame (sp=0x0000000308a7e2a0 unextended sp=0x0000000308a7e2a0, fp=0x00000000f2b40a7d, real_fp=0x0000000308a7e2e0, pc=0x0000000112fc1cb4)
     nmethod  11357 1559             java.lang.reflect.Method::invoke (62 bytes)

     Virtual frames (innermost first):
        0 - frame( sp=0x0000000308a7e2a0, unextended_sp=0x0000000308a7e2a0, fp=0x00000000f2b40a7d, pc=0x0000000112fc1cb4)
sun.reflect.DelegatingMethodAccessorImpl.invoke(DelegatingMethodAccessorImpl.java:43) - invokevirtual @ bci 6 
        1 - frame( sp=0x0000000308a7e2a0, unextended_sp=0x0000000308a7e2a0, fp=0x00000000f2b40a7d, pc=0x0000000112fc1cb4)
java.lang.reflect.Method.invoke(Method.java:498) - invokeinterface @ bci 56 
     Created vframeArray 0x00007fce7b042e20
DEOPT UNPACKING thread 0x00007fce7c80f000 vframeArray 0x00007fce7b042e20 mode 2
     {method} {0x0000000119b656f8} &apos;invoke&apos; &apos;(Ljava/lang/Object;[Ljava/lang/Object;)Ljava/lang/Object;&apos; in &apos;java/lang/reflect/Method&apos; - invokeinterface @ bci 56 sp = 0x0000000308a7e258
     {method} {0x000000011a028530} &apos;invoke&apos; &apos;(Ljava/lang/Object;[Ljava/lang/Object;)Ljava/lang/Object;&apos; in &apos;sun/reflect/DelegatingMethodAccessorImpl&apos; - invokevirtual @ bci 6 sp = 0x0000000308a7e1f0
<uncommon_trap thread='9219' reason='class_check' action='maybe_recompile' compile_id='1559' compiler='C2' count='2' state='class_check' stamp='11.358'>
Uncommon trap occurred in java.lang.reflect.Method::invoke (@0x0000000112fc1cb4) thread=9219 reason=class_check action=maybe_recompile unloaded_class_index=-1
<jvms bci='6' method='sun/reflect/DelegatingMethodAccessorImpl invoke (Ljava/lang/Object;[Ljava/lang/Object;)Ljava/lang/Object;' bytes='10' count='5' backedge_count='1' iicount='10' class_check_traps='2'/>
<jvms bci='56' method='java/lang/reflect/Method invoke (Ljava/lang/Object;[Ljava/lang/Object;)Ljava/lang/Object;' bytes='62' count='5' backedge_count='1' iicount='10'/>
</uncommon_trap>
DEOPT PACKING thread 0x00007fce7c80f000 Compiled frame (sp=0x0000000308a7e390 unextended sp=0x0000000308a7e390, fp=0x00000000f2b40a7d, real_fp=0x0000000308a7e3d0, pc=0x0000000112fc1cb4)
     nmethod  11358 1559             java.lang.reflect.Method::invoke (62 bytes)

     Virtual frames (innermost first):
        0 - frame( sp=0x0000000308a7e390, unextended_sp=0x0000000308a7e390, fp=0x00000000f2b40a7d, pc=0x0000000112fc1cb4)
sun.reflect.DelegatingMethodAccessorImpl.invoke(DelegatingMethodAccessorImpl.java:43) - invokevirtual @ bci 6 
        1 - frame( sp=0x0000000308a7e390, unextended_sp=0x0000000308a7e390, fp=0x00000000f2b40a7d, pc=0x0000000112fc1cb4)
java.lang.reflect.Method.invoke(Method.java:498) - invokeinterface @ bci 56 
     Created vframeArray 0x00007fce7c89fa20
DEOPT UNPACKING thread 0x00007fce7c80f000 vframeArray 0x00007fce7c89fa20 mode 2
     {method} {0x0000000119b656f8} &apos;invoke&apos; &apos;(Ljava/lang/Object;[Ljava/lang/Object;)Ljava/lang/Object;&apos; in &apos;java/lang/reflect/Method&apos; - invokeinterface @ bci 56 sp = 0x0000000308a7e348
     {method} {0x000000011a028530} &apos;invoke&apos; &apos;(Ljava/lang/Object;[Ljava/lang/Object;)Ljava/lang/Object;&apos; in &apos;sun/reflect/DelegatingMethodAccessorImpl&apos; - invokevirtual @ bci 6 sp = 0x0000000308a7e2e0
<uncommon_trap thread='9219' reason='class_check' action='maybe_recompile' compile_id='1637' compiler='C2' count='4' stamp='11.393'>
Uncommon trap occurred in org.springframework.util.ConcurrentReferenceHashMap$Segment::findInChain (@0x0000000112e3e3f8) thread=9219 reason=class_check action=maybe_recompile unloaded_class_index=-1
<jvms bci='54' method='org/springframework/util/ConcurrentReferenceHashMap$Segment findInChain (Lorg/springframework/util/ConcurrentReferenceHashMap$Reference;Ljava/lang/Object;I)Lorg/springframework/util/ConcurrentReferenceHashMap$Reference;' bytes='66' count='5' backedge_count='4' iicount='11' decompiles='1' class_check_traps='4'/>
</uncommon_trap>
DEOPT PACKING thread 0x00007fce7c80f000 Compiled frame (sp=0x0000000308a7e530 unextended sp=0x0000000308a7e530, fp=0x000000079599da70, real_fp=0x0000000308a7e570, pc=0x0000000112e3e3f8)
     nmethod  11393 1637             org.springframework.util.ConcurrentReferenceHashMap$Segment::findInChain (66 bytes)

     Virtual frames (innermost first):
        0 - frame( sp=0x0000000308a7e530, unextended_sp=0x0000000308a7e530, fp=0x000000079599da70, pc=0x0000000112e3e3f8)
org.springframework.util.ConcurrentReferenceHashMap$Segment.findInChain(ConcurrentReferenceHashMap.java:653) - invokeinterface @ bci 54 
     Created vframeArray 0x00007fce7b042e20
DEOPT UNPACKING thread 0x00007fce7c80f000 vframeArray 0x00007fce7b042e20 mode 2
     {method} {0x0000000119f2cee8} &apos;findInChain&apos; &apos;(Lorg/springframework/util/ConcurrentReferenceHashMap$Reference;Ljava/lang/Object;I)Lorg/springframework/util/ConcurrentReferenceHashMap$Reference;&apos; in &apos;org/springframework/util/ConcurrentReferenceHashMap$Segment&apos; - invokeinterface @ bci 54 sp = 0x0000000308a7e4e0
<uncommon_trap thread='9219' reason='class_check' action='maybe_recompile' compile_id='1637' compiler='C2' count='5' state='class_check' stamp='11.409'>
Uncommon trap occurred in org.springframework.util.ConcurrentReferenceHashMap$Segment::findInChain (@0x0000000112e3e3f8) thread=9219 reason=class_check action=maybe_recompile unloaded_class_index=-1
<jvms bci='54' method='org/springframework/util/ConcurrentReferenceHashMap$Segment findInChain (Lorg/springframework/util/ConcurrentReferenceHashMap$Reference;Ljava/lang/Object;I)Lorg/springframework/util/ConcurrentReferenceHashMap$Reference;' bytes='66' count='5' backedge_count='5' iicount='11' decompiles='1' class_check_traps='5'/>
</uncommon_trap>
DEOPT PACKING thread 0x00007fce7c80f000 Compiled frame (sp=0x0000000308a7e4a0 unextended sp=0x0000000308a7e4a0, fp=0x000000079599da70, real_fp=0x0000000308a7e4e0, pc=0x0000000112e3e3f8)
     nmethod  11408 1637             org.springframework.util.ConcurrentReferenceHashMap$Segment::findInChain (66 bytes)

     Virtual frames (innermost first):
        0 - frame( sp=0x0000000308a7e4a0, unextended_sp=0x0000000308a7e4a0, fp=0x000000079599da70, pc=0x0000000112e3e3f8)
org.springframework.util.ConcurrentReferenceHashMap$Segment.findInChain(ConcurrentReferenceHashMap.java:653) - invokeinterface @ bci 54 
     Created vframeArray 0x00007fce7c89fa20
DEOPT UNPACKING thread 0x00007fce7c80f000 vframeArray 0x00007fce7c89fa20 mode 2
     {method} {0x0000000119f2cee8} &apos;findInChain&apos; &apos;(Lorg/springframework/util/ConcurrentReferenceHashMap$Reference;Ljava/lang/Object;I)Lorg/springframework/util/ConcurrentReferenceHashMap$Reference;&apos; in &apos;org/springframework/util/ConcurrentReferenceHashMap$Segment&apos; - invokeinterface @ bci 54 sp = 0x0000000308a7e450
<uncommon_trap thread='9219' reason='class_check' action='maybe_recompile' compile_id='1559' compiler='C2' count='3' state='class_check' stamp='11.425'>
Uncommon trap occurred in java.lang.reflect.Method::invoke (@0x0000000112fc1cb4) thread=9219 reason=class_check action=maybe_recompile unloaded_class_index=-1
<jvms bci='6' method='sun/reflect/DelegatingMethodAccessorImpl invoke (Ljava/lang/Object;[Ljava/lang/Object;)Ljava/lang/Object;' bytes='10' count='5' backedge_count='1' iicount='10' class_check_traps='3'/>
<jvms bci='56' method='java/lang/reflect/Method invoke (Ljava/lang/Object;[Ljava/lang/Object;)Ljava/lang/Object;' bytes='62' count='5' backedge_count='1' iicount='10'/>
</uncommon_trap>
DEOPT PACKING thread 0x00007fce7c80f000 Compiled frame (sp=0x0000000308a7e420 unextended sp=0x0000000308a7e420, fp=0x00000000f2b40a7d, real_fp=0x0000000308a7e460, pc=0x0000000112fc1cb4)
     nmethod  11424 1559             java.lang.reflect.Method::invoke (62 bytes)

     Virtual frames (innermost first):
        0 - frame( sp=0x0000000308a7e420, unextended_sp=0x0000000308a7e420, fp=0x00000000f2b40a7d, pc=0x0000000112fc1cb4)
sun.reflect.DelegatingMethodAccessorImpl.invoke(DelegatingMethodAccessorImpl.java:43) - invokevirtual @ bci 6 
        1 - frame( sp=0x0000000308a7e420, unextended_sp=0x0000000308a7e420, fp=0x00000000f2b40a7d, pc=0x0000000112fc1cb4)
java.lang.reflect.Method.invoke(Method.java:498) - invokeinterface @ bci 56 
     Created vframeArray 0x00007fce7d090020
DEOPT UNPACKING thread 0x00007fce7c80f000 vframeArray 0x00007fce7d090020 mode 2
     {method} {0x0000000119b656f8} &apos;invoke&apos; &apos;(Ljava/lang/Object;[Ljava/lang/Object;)Ljava/lang/Object;&apos; in &apos;java/lang/reflect/Method&apos; - invokeinterface @ bci 56 sp = 0x0000000308a7e3d8
     {method} {0x000000011a028530} &apos;invoke&apos; &apos;(Ljava/lang/Object;[Ljava/lang/Object;)Ljava/lang/Object;&apos; in &apos;sun/reflect/DelegatingMethodAccessorImpl&apos; - invokevirtual @ bci 6 sp = 0x0000000308a7e370
<uncommon_trap thread='9219' reason='class_check' action='maybe_recompile' compile_id='1525' compiler='C2' count='2' state='class_check' stamp='11.425'>
Uncommon trap occurred in org.springframework.core.ResolvableType::resolveType (@0x0000000112fafd34) thread=9219 reason=class_check action=maybe_recompile unloaded_class_index=-1
<jvms bci='91' method='org/springframework/core/ResolvableType resolveType ()Lorg/springframework/core/ResolvableType;' bytes='151' count='6' backedge_count='1' iicount='11' class_check_traps='2'/>
</uncommon_trap>
DEOPT PACKING thread 0x00007fce7c80f000 Compiled frame (sp=0x0000000308a7e5c0 unextended sp=0x0000000308a7e5c0, fp=0x0000000795a0c1d0, real_fp=0x0000000308a7e600, pc=0x0000000112fafd34)
     nmethod  11425 1525             org.springframework.core.ResolvableType::resolveType (151 bytes)

     Virtual frames (innermost first):
        0 - frame( sp=0x0000000308a7e5c0, unextended_sp=0x0000000308a7e5c0, fp=0x0000000795a0c1d0, pc=0x0000000112fafd34)
org.springframework.core.ResolvableType.resolveType(ResolvableType.java:862) - instanceof @ bci 91 
     Created vframeArray 0x00007fce7c89fa20
DEOPT UNPACKING thread 0x00007fce7c80f000 vframeArray 0x00007fce7c89fa20 mode 2
     {method} {0x0000000119f3bf58} &apos;resolveType&apos; &apos;()Lorg/springframework/core/ResolvableType;&apos; in &apos;org/springframework/core/ResolvableType&apos; - instanceof @ bci 91 sp = 0x0000000308a7e598
<uncommon_trap thread='9219' reason='class_check' action='maybe_recompile' compile_id='1534' compiler='C2' stamp='11.464'>
Uncommon trap occurred in java.lang.reflect.Constructor::newInstance (@0x0000000112fb6d2c) thread=9219 reason=class_check action=maybe_recompile unloaded_class_index=-1
<jvms bci='5' method='sun/reflect/DelegatingConstructorAccessorImpl newInstance ([Ljava/lang/Object;)Ljava/lang/Object;' bytes='9' count='5' backedge_count='1' iicount='10'/>
<jvms bci='79' method='java/lang/reflect/Constructor newInstance ([Ljava/lang/Object;)Ljava/lang/Object;' bytes='87' count='5' backedge_count='1' iicount='15' class_check_traps='1'/>
</uncommon_trap>
DEOPT PACKING thread 0x00007fce7c80f000 Compiled frame (sp=0x0000000308a7e4f0 unextended sp=0x0000000308a7e4f0, fp=0x00000000f2b4119f, real_fp=0x0000000308a7e530, pc=0x0000000112fb6d2c)
     nmethod  11463 1534             java.lang.reflect.Constructor::newInstance (87 bytes)

     Virtual frames (innermost first):
        0 - frame( sp=0x0000000308a7e4f0, unextended_sp=0x0000000308a7e4f0, fp=0x00000000f2b4119f, pc=0x0000000112fb6d2c)
sun.reflect.DelegatingConstructorAccessorImpl.newInstance(DelegatingConstructorAccessorImpl.java:45) - invokevirtual @ bci 5 
        1 - frame( sp=0x0000000308a7e4f0, unextended_sp=0x0000000308a7e4f0, fp=0x00000000f2b4119f, pc=0x0000000112fb6d2c)
java.lang.reflect.Constructor.newInstance(Constructor.java:423) - invokeinterface @ bci 79 
     Created vframeArray 0x00007fce7c049c20
DEOPT UNPACKING thread 0x00007fce7c80f000 vframeArray 0x00007fce7c049c20 mode 2
     {method} {0x0000000119b6bce8} &apos;newInstance&apos; &apos;([Ljava/lang/Object;)Ljava/lang/Object;&apos; in &apos;java/lang/reflect/Constructor&apos; - invokeinterface @ bci 79 sp = 0x0000000308a7e4b0
     {method} {0x0000000119c78940} &apos;newInstance&apos; &apos;([Ljava/lang/Object;)Ljava/lang/Object;&apos; in &apos;sun/reflect/DelegatingConstructorAccessorImpl&apos; - invokevirtual @ bci 5 sp = 0x0000000308a7e450
<uncommon_trap thread='9219' reason='class_check' action='maybe_recompile' compile_id='1560' compiler='C2' count='4' state='class_check recompiled' stamp='11.465'>
Uncommon trap occurred in sun.reflect.DelegatingMethodAccessorImpl::invoke (@0x0000000112fc896c) thread=9219 reason=class_check action=maybe_recompile unloaded_class_index=-1
<jvms bci='6' method='sun/reflect/DelegatingMethodAccessorImpl invoke (Ljava/lang/Object;[Ljava/lang/Object;)Ljava/lang/Object;' bytes='10' count='5' backedge_count='1' iicount='10' class_check_traps='4'/>
</uncommon_trap>
DEOPT PACKING thread 0x00007fce7c80f000 Compiled frame (sp=0x0000000308a7e360 unextended sp=0x0000000308a7e360, fp=0x00000000f2b40a7d, real_fp=0x0000000308a7e390, pc=0x0000000112fc896c)
     nmethod  11464 1560             sun.reflect.DelegatingMethodAccessorImpl::invoke (10 bytes)

     Virtual frames (innermost first):
        0 - frame( sp=0x0000000308a7e360, unextended_sp=0x0000000308a7e360, fp=0x00000000f2b40a7d, pc=0x0000000112fc896c)
sun.reflect.DelegatingMethodAccessorImpl.invoke(DelegatingMethodAccessorImpl.java:43) - invokevirtual @ bci 6 
     Created vframeArray 0x00007fce7d090020
DEOPT UNPACKING thread 0x00007fce7c80f000 vframeArray 0x00007fce7d090020 mode 2
     {method} {0x000000011a028530} &apos;invoke&apos; &apos;(Ljava/lang/Object;[Ljava/lang/Object;)Ljava/lang/Object;&apos; in &apos;sun/reflect/DelegatingMethodAccessorImpl&apos; - invokevirtual @ bci 6 sp = 0x0000000308a7e328
<uncommon_trap thread='9219' reason='class_check' action='maybe_recompile' compile_id='1525' compiler='C2' count='3' state='class_check' stamp='11.465'>
Uncommon trap occurred in org.springframework.core.ResolvableType::resolveType (@0x0000000112fafd34) thread=9219 reason=class_check action=maybe_recompile unloaded_class_index=-1
<jvms bci='91' method='org/springframework/core/ResolvableType resolveType ()Lorg/springframework/core/ResolvableType;' bytes='151' count='6' backedge_count='1' iicount='11' class_check_traps='3'/>
</uncommon_trap>
DEOPT PACKING thread 0x00007fce7c80f000 Compiled frame (sp=0x0000000308a7e550 unextended sp=0x0000000308a7e550, fp=0x0000000795a0e408, real_fp=0x0000000308a7e590, pc=0x0000000112fafd34)
     nmethod  11465 1525             org.springframework.core.ResolvableType::resolveType (151 bytes)

     Virtual frames (innermost first):
        0 - frame( sp=0x0000000308a7e550, unextended_sp=0x0000000308a7e550, fp=0x0000000795a0e408, pc=0x0000000112fafd34)
org.springframework.core.ResolvableType.resolveType(ResolvableType.java:862) - instanceof @ bci 91 
     Created vframeArray 0x00007fce7c049c20
DEOPT UNPACKING thread 0x00007fce7c80f000 vframeArray 0x00007fce7c049c20 mode 2
     {method} {0x0000000119f3bf58} &apos;resolveType&apos; &apos;()Lorg/springframework/core/ResolvableType;&apos; in &apos;org/springframework/core/ResolvableType&apos; - instanceof @ bci 91 sp = 0x0000000308a7e528
<uncommon_trap thread='9219' reason='class_check' action='maybe_recompile' compile_id='1534' compiler='C2' count='1' state='class_check' stamp='11.470'>
Uncommon trap occurred in java.lang.reflect.Constructor::newInstance (@0x0000000112fb6d2c) thread=9219 reason=class_check action=maybe_recompile unloaded_class_index=-1
<jvms bci='5' method='sun/reflect/DelegatingConstructorAccessorImpl newInstance ([Ljava/lang/Object;)Ljava/lang/Object;' bytes='9' count='5' backedge_count='1' iicount='10' class_check_traps='1'/>
<jvms bci='79' method='java/lang/reflect/Constructor newInstance ([Ljava/lang/Object;)Ljava/lang/Object;' bytes='87' count='5' backedge_count='1' iicount='15' class_check_traps='1'/>
</uncommon_trap>
DEOPT PACKING thread 0x00007fce7c80f000 Compiled frame (sp=0x0000000308a7e330 unextended sp=0x0000000308a7e330, fp=0x00000000f2b4119f, real_fp=0x0000000308a7e370, pc=0x0000000112fb6d2c)
     nmethod  11470 1534             java.lang.reflect.Constructor::newInstance (87 bytes)

     Virtual frames (innermost first):
        0 - frame( sp=0x0000000308a7e330, unextended_sp=0x0000000308a7e330, fp=0x00000000f2b4119f, pc=0x0000000112fb6d2c)
sun.reflect.DelegatingConstructorAccessorImpl.newInstance(DelegatingConstructorAccessorImpl.java:45) - invokevirtual @ bci 5 
        1 - frame( sp=0x0000000308a7e330, unextended_sp=0x0000000308a7e330, fp=0x00000000f2b4119f, pc=0x0000000112fb6d2c)
java.lang.reflect.Constructor.newInstance(Constructor.java:423) - invokeinterface @ bci 79 
     Created vframeArray 0x00007fce7b042e20
DEOPT UNPACKING thread 0x00007fce7c80f000 vframeArray 0x00007fce7b042e20 mode 2
     {method} {0x0000000119b6bce8} &apos;newInstance&apos; &apos;([Ljava/lang/Object;)Ljava/lang/Object;&apos; in &apos;java/lang/reflect/Constructor&apos; - invokeinterface @ bci 79 sp = 0x0000000308a7e2f0
     {method} {0x0000000119c78940} &apos;newInstance&apos; &apos;([Ljava/lang/Object;)Ljava/lang/Object;&apos; in &apos;sun/reflect/DelegatingConstructorAccessorImpl&apos; - invokevirtual @ bci 5 sp = 0x0000000308a7e290
<uncommon_trap thread='9219' reason='speculate_class_check' action='maybe_recompile' compile_id='1465' compiler='C2' count='1' stamp='11.535'>
Uncommon trap occurred in org.springframework.util.ConcurrentReferenceHashMap$Segment::doTask (@0x0000000112f90a0c) thread=9219 reason=speculate_class_check action=maybe_recompile unloaded_class_index=-1
<jvms bci='126' method='org/springframework/util/ConcurrentReferenceHashMap$Segment doTask (ILjava/lang/Object;Lorg/springframework/util/ConcurrentReferenceHashMap$Task;)Ljava/lang/Object;' bytes='179' count='5' backedge_count='1' iicount='10' speculate_class_check_traps='1'/>
</uncommon_trap>
DEOPT PACKING thread 0x00007fce7c80f000 Compiled frame (sp=0x0000000308a7e660 unextended sp=0x0000000308a7e660, fp=0x0000000795696de0, real_fp=0x0000000308a7e6f0, pc=0x0000000112f90a0c)
     nmethod  11534 1465   !         org.springframework.util.ConcurrentReferenceHashMap$Segment::doTask (179 bytes)

     Virtual frames (innermost first):
        0 - frame( sp=0x0000000308a7e660, unextended_sp=0x0000000308a7e660, fp=0x0000000795696de0, pc=0x0000000112f90a0c)
org.springframework.util.ConcurrentReferenceHashMap$Segment.doTask(ConcurrentReferenceHashMap.java:537) - invokevirtual @ bci 126 
     Created vframeArray 0x00007fce7b04f220
DEOPT UNPACKING thread 0x00007fce7c80f000 vframeArray 0x00007fce7b04f220 mode 2
     {method} {0x0000000119f2c768} &apos;doTask&apos; &apos;(ILjava/lang/Object;Lorg/springframework/util/ConcurrentReferenceHashMap$Task;)Ljava/lang/Object;&apos; in &apos;org/springframework/util/ConcurrentReferenceHashMap$Segment&apos; - invokevirtual @ bci 126 sp = 0x0000000308a7e620
<uncommon_trap thread='9219' reason='class_check' action='maybe_recompile' compile_id='1534' compiler='C2' count='2' state='class_check' stamp='11.565'>
Uncommon trap occurred in java.lang.reflect.Constructor::newInstance (@0x0000000112fb6d2c) thread=9219 reason=class_check action=maybe_recompile unloaded_class_index=-1
<jvms bci='5' method='sun/reflect/DelegatingConstructorAccessorImpl newInstance ([Ljava/lang/Object;)Ljava/lang/Object;' bytes='9' count='5' backedge_count='1' iicount='10' class_check_traps='2'/>
<jvms bci='79' method='java/lang/reflect/Constructor newInstance ([Ljava/lang/Object;)Ljava/lang/Object;' bytes='87' count='5' backedge_count='1' iicount='15' class_check_traps='1'/>
</uncommon_trap>
DEOPT PACKING thread 0x00007fce7c80f000 Compiled frame (sp=0x0000000308a7e550 unextended sp=0x0000000308a7e550, fp=0x00000000f2b4119f, real_fp=0x0000000308a7e590, pc=0x0000000112fb6d2c)
     nmethod  11565 1534             java.lang.reflect.Constructor::newInstance (87 bytes)

     Virtual frames (innermost first):
        0 - frame( sp=0x0000000308a7e550, unextended_sp=0x0000000308a7e550, fp=0x00000000f2b4119f, pc=0x0000000112fb6d2c)
sun.reflect.DelegatingConstructorAccessorImpl.newInstance(DelegatingConstructorAccessorImpl.java:45) - invokevirtual @ bci 5 
        1 - frame( sp=0x0000000308a7e550, unextended_sp=0x0000000308a7e550, fp=0x00000000f2b4119f, pc=0x0000000112fb6d2c)
java.lang.reflect.Constructor.newInstance(Constructor.java:423) - invokeinterface @ bci 79 
     Created vframeArray 0x00007fce7c89fa20
DEOPT UNPACKING thread 0x00007fce7c80f000 vframeArray 0x00007fce7c89fa20 mode 2
     {method} {0x0000000119b6bce8} &apos;newInstance&apos; &apos;([Ljava/lang/Object;)Ljava/lang/Object;&apos; in &apos;java/lang/reflect/Constructor&apos; - invokeinterface @ bci 79 sp = 0x0000000308a7e510
     {method} {0x0000000119c78940} &apos;newInstance&apos; &apos;([Ljava/lang/Object;)Ljava/lang/Object;&apos; in &apos;sun/reflect/DelegatingConstructorAccessorImpl&apos; - invokevirtual @ bci 5 sp = 0x0000000308a7e4b0
<uncommon_trap thread='9219' reason='class_check' action='maybe_recompile' compile_id='1534' compiler='C2' count='3' state='class_check' stamp='11.572'>
Uncommon trap occurred in java.lang.reflect.Constructor::newInstance (@0x0000000112fb6d2c) thread=9219 reason=class_check action=maybe_recompile unloaded_class_index=-1
<jvms bci='5' method='sun/reflect/DelegatingConstructorAccessorImpl newInstance ([Ljava/lang/Object;)Ljava/lang/Object;' bytes='9' count='5' backedge_count='1' iicount='10' class_check_traps='3'/>
<jvms bci='79' method='java/lang/reflect/Constructor newInstance ([Ljava/lang/Object;)Ljava/lang/Object;' bytes='87' count='5' backedge_count='1' iicount='15' class_check_traps='1'/>
</uncommon_trap>
DEOPT PACKING thread 0x00007fce7c80f000 Compiled frame (sp=0x0000000308a7e3b0 unextended sp=0x0000000308a7e3b0, fp=0x00000000f2b4119f, real_fp=0x0000000308a7e3f0, pc=0x0000000112fb6d2c)
     nmethod  11572 1534             java.lang.reflect.Constructor::newInstance (87 bytes)

     Virtual frames (innermost first):
        0 - frame( sp=0x0000000308a7e3b0, unextended_sp=0x0000000308a7e3b0, fp=0x00000000f2b4119f, pc=0x0000000112fb6d2c)
sun.reflect.DelegatingConstructorAccessorImpl.newInstance(DelegatingConstructorAccessorImpl.java:45) - invokevirtual @ bci 5 
        1 - frame( sp=0x0000000308a7e3b0, unextended_sp=0x0000000308a7e3b0, fp=0x00000000f2b4119f, pc=0x0000000112fb6d2c)
java.lang.reflect.Constructor.newInstance(Constructor.java:423) - invokeinterface @ bci 79 
     Created vframeArray 0x00007fce7d074020
DEOPT UNPACKING thread 0x00007fce7c80f000 vframeArray 0x00007fce7d074020 mode 2
     {method} {0x0000000119b6bce8} &apos;newInstance&apos; &apos;([Ljava/lang/Object;)Ljava/lang/Object;&apos; in &apos;java/lang/reflect/Constructor&apos; - invokeinterface @ bci 79 sp = 0x0000000308a7e370
     {method} {0x0000000119c78940} &apos;newInstance&apos; &apos;([Ljava/lang/Object;)Ljava/lang/Object;&apos; in &apos;sun/reflect/DelegatingConstructorAccessorImpl&apos; - invokevirtual @ bci 5 sp = 0x0000000308a7e310
<uncommon_trap thread='9219' reason='class_check' action='maybe_recompile' compile_id='1318' compiler='C2' count='4' state='class_check recompiled' stamp='11.714'>
Uncommon trap occurred in sun.reflect.DelegatingConstructorAccessorImpl::newInstance (@0x0000000112f4b728) thread=9219 reason=class_check action=maybe_recompile unloaded_class_index=-1
<jvms bci='5' method='sun/reflect/DelegatingConstructorAccessorImpl newInstance ([Ljava/lang/Object;)Ljava/lang/Object;' bytes='9' count='5' backedge_count='1' iicount='10' class_check_traps='4'/>
</uncommon_trap>
DEOPT PACKING thread 0x00007fce7c80f000 Compiled frame (sp=0x0000000308a7e4d0 unextended sp=0x0000000308a7e4d0, fp=0x00000000f2b4119f, real_fp=0x0000000308a7e500, pc=0x0000000112f4b728)
     nmethod  11714 1318             sun.reflect.DelegatingConstructorAccessorImpl::newInstance (9 bytes)

     Virtual frames (innermost first):
        0 - frame( sp=0x0000000308a7e4d0, unextended_sp=0x0000000308a7e4d0, fp=0x00000000f2b4119f, pc=0x0000000112f4b728)
sun.reflect.DelegatingConstructorAccessorImpl.newInstance(DelegatingConstructorAccessorImpl.java:45) - invokevirtual @ bci 5 
     Created vframeArray 0x00007fce7c89fa20
DEOPT UNPACKING thread 0x00007fce7c80f000 vframeArray 0x00007fce7c89fa20 mode 2
     {method} {0x0000000119c78940} &apos;newInstance&apos; &apos;([Ljava/lang/Object;)Ljava/lang/Object;&apos; in &apos;sun/reflect/DelegatingConstructorAccessorImpl&apos; - invokevirtual @ bci 5 sp = 0x0000000308a7e4a0
<uncommon_trap thread='9219' reason='bimorphic' action='maybe_recompile' compile_id='1633' compiler='C2' count='4' stamp='11.724'>
Uncommon trap occurred in org.springframework.core.SerializableTypeWrapper$TypeProxyInvocationHandler::invoke (@0x0000000112fec984) thread=9219 reason=bimorphic action=maybe_recompile unloaded_class_index=-1
<jvms bci='236' method='org/springframework/core/SerializableTypeWrapper$TypeProxyInvocationHandler invoke (Ljava/lang/Object;Ljava/lang/reflect/Method;[Ljava/lang/Object;)Ljava/lang/Object;' bytes='324' count='5' backedge_count='3' iicount='12' decompiles='1' bimorphic_traps='4'/>
</uncommon_trap>
DEOPT PACKING thread 0x00007fce7c80f000 Compiled frame (sp=0x0000000308a7e530 unextended sp=0x0000000308a7e530, fp=0x00000007959d4d80, real_fp=0x0000000308a7e5d0, pc=0x0000000112fec984)
     nmethod  11724 1633             org.springframework.core.SerializableTypeWrapper$TypeProxyInvocationHandler::invoke (324 bytes)

     Virtual frames (innermost first):
        0 - frame( sp=0x0000000308a7e530, unextended_sp=0x0000000308a7e530, fp=0x00000007959d4d80, pc=0x0000000112fec984)
org.springframework.core.SerializableTypeWrapper$TypeProxyInvocationHandler.invoke(SerializableTypeWrapper.java:206) - invokeinterface @ bci 236 
     Created vframeArray 0x00007fce7c8a0220
DEOPT UNPACKING thread 0x00007fce7c80f000 vframeArray 0x00007fce7c8a0220 mode 2
     {method} {0x000000011a03a3c0} &apos;invoke&apos; &apos;(Ljava/lang/Object;Ljava/lang/reflect/Method;[Ljava/lang/Object;)Ljava/lang/Object;&apos; in &apos;org/springframework/core/SerializableTypeWrapper$TypeProxyInvocationHandler&apos; - invokeinterface @ bci 236 sp = 0x0000000308a7e538
<uncommon_trap thread='9219' reason='class_check' action='maybe_recompile' compile_id='1633' compiler='C2' stamp='11.740'>
Uncommon trap occurred in org.springframework.core.SerializableTypeWrapper$TypeProxyInvocationHandler::invoke (@0x0000000112fec964) thread=9219 reason=class_check action=maybe_recompile unloaded_class_index=-1
<jvms bci='314' method='org/springframework/core/SerializableTypeWrapper$TypeProxyInvocationHandler invoke (Ljava/lang/Object;Ljava/lang/reflect/Method;[Ljava/lang/Object;)Ljava/lang/Object;' bytes='324' count='5' backedge_count='5' iicount='12' decompiles='1' bimorphic_traps='5'/>
</uncommon_trap>
DEOPT PACKING thread 0x00007fce7c80f000 Compiled frame (sp=0x0000000308a7e350 unextended sp=0x0000000308a7e350, fp=0x0000000000000000, real_fp=0x0000000308a7e3f0, pc=0x0000000112fec964)
     nmethod  11740 1633             org.springframework.core.SerializableTypeWrapper$TypeProxyInvocationHandler::invoke (324 bytes)

     Virtual frames (innermost first):
        0 - frame( sp=0x0000000308a7e350, unextended_sp=0x0000000308a7e350, fp=0x0000000000000000, pc=0x0000000112fec964)
org.springframework.core.SerializableTypeWrapper$TypeProxyInvocationHandler.invoke(SerializableTypeWrapper.java:217) - invokeinterface @ bci 314 
     Created vframeArray 0x00007fce7c08c420
DEOPT UNPACKING thread 0x00007fce7c80f000 vframeArray 0x00007fce7c08c420 mode 2
     {method} {0x000000011a03a3c0} &apos;invoke&apos; &apos;(Ljava/lang/Object;Ljava/lang/reflect/Method;[Ljava/lang/Object;)Ljava/lang/Object;&apos; in &apos;org/springframework/core/SerializableTypeWrapper$TypeProxyInvocationHandler&apos; - invokeinterface @ bci 314 sp = 0x0000000308a7e378
<uncommon_trap thread='9219' reason='class_check' action='maybe_recompile' compile_id='1633' compiler='C2' count='1' state='class_check' stamp='11.741'>
Uncommon trap occurred in org.springframework.core.SerializableTypeWrapper$TypeProxyInvocationHandler::invoke (@0x0000000112fec964) thread=9219 reason=class_check action=maybe_recompile unloaded_class_index=-1
<jvms bci='314' method='org/springframework/core/SerializableTypeWrapper$TypeProxyInvocationHandler invoke (Ljava/lang/Object;Ljava/lang/reflect/Method;[Ljava/lang/Object;)Ljava/lang/Object;' bytes='324' count='5' backedge_count='5' iicount='12' decompiles='1' class_check_traps='1' bimorphic_traps='5'/>
</uncommon_trap>
DEOPT PACKING thread 0x00007fce7c80f000 Compiled frame (sp=0x0000000308a7e350 unextended sp=0x0000000308a7e350, fp=0x0000000000000000, real_fp=0x0000000308a7e3f0, pc=0x0000000112fec964)
     nmethod  11740 1633             org.springframework.core.SerializableTypeWrapper$TypeProxyInvocationHandler::invoke (324 bytes)

     Virtual frames (innermost first):
        0 - frame( sp=0x0000000308a7e350, unextended_sp=0x0000000308a7e350, fp=0x0000000000000000, pc=0x0000000112fec964)
org.springframework.core.SerializableTypeWrapper$TypeProxyInvocationHandler.invoke(SerializableTypeWrapper.java:217) - invokeinterface @ bci 314 
     Created vframeArray 0x00007fce7c08f420
DEOPT UNPACKING thread 0x00007fce7c80f000 vframeArray 0x00007fce7c08f420 mode 2
     {method} {0x000000011a03a3c0} &apos;invoke&apos; &apos;(Ljava/lang/Object;Ljava/lang/reflect/Method;[Ljava/lang/Object;)Ljava/lang/Object;&apos; in &apos;org/springframework/core/SerializableTypeWrapper$TypeProxyInvocationHandler&apos; - invokeinterface @ bci 314 sp = 0x0000000308a7e378
<uncommon_trap thread='9219' reason='bimorphic' action='maybe_recompile' compile_id='1633' compiler='C2' count='5' state='#7' stamp='11.764'>
Uncommon trap occurred in org.springframework.core.SerializableTypeWrapper$TypeProxyInvocationHandler::invoke (@0x0000000112fec984) thread=9219 reason=bimorphic action=maybe_recompile unloaded_class_index=-1
<jvms bci='236' method='org/springframework/core/SerializableTypeWrapper$TypeProxyInvocationHandler invoke (Ljava/lang/Object;Ljava/lang/reflect/Method;[Ljava/lang/Object;)Ljava/lang/Object;' bytes='324' count='5' backedge_count='5' iicount='12' decompiles='1' class_check_traps='2' bimorphic_traps='5'/>
</uncommon_trap>
DEOPT PACKING thread 0x00007fce7c80f000 Compiled frame (sp=0x0000000308a7e5f0 unextended sp=0x0000000308a7e5f0, fp=0x00000007959d13b0, real_fp=0x0000000308a7e690, pc=0x0000000112fec984)
     nmethod  11764 1633             org.springframework.core.SerializableTypeWrapper$TypeProxyInvocationHandler::invoke (324 bytes)

     Virtual frames (innermost first):
        0 - frame( sp=0x0000000308a7e5f0, unextended_sp=0x0000000308a7e5f0, fp=0x00000007959d13b0, pc=0x0000000112fec984)
org.springframework.core.SerializableTypeWrapper$TypeProxyInvocationHandler.invoke(SerializableTypeWrapper.java:206) - invokeinterface @ bci 236 
     Created vframeArray 0x00007fce7c8a0220
DEOPT UNPACKING thread 0x00007fce7c80f000 vframeArray 0x00007fce7c8a0220 mode 2
     {method} {0x000000011a03a3c0} &apos;invoke&apos; &apos;(Ljava/lang/Object;Ljava/lang/reflect/Method;[Ljava/lang/Object;)Ljava/lang/Object;&apos; in &apos;org/springframework/core/SerializableTypeWrapper$TypeProxyInvocationHandler&apos; - invokeinterface @ bci 236 sp = 0x0000000308a7e5f8
<uncommon_trap thread='9219' reason='class_check' action='maybe_recompile' compile_id='1511' compiler='C2' count='2' state='class_check' stamp='11.806'>
Uncommon trap occurred in sun.reflect.generics.repository.FieldRepository::getGenericType (@0x0000000112facdfc) thread=9219 reason=class_check action=maybe_recompile unloaded_class_index=-1
<jvms bci='20' method='sun/reflect/generics/repository/FieldRepository getGenericType ()Ljava/lang/reflect/Type;' bytes='38' count='5' backedge_count='1' iicount='10' class_check_traps='2'/>
</uncommon_trap>
DEOPT PACKING thread 0x00007fce7c80f000 Compiled frame (sp=0x0000000308a7e570 unextended sp=0x0000000308a7e570, fp=0x0000000795a17b48, real_fp=0x0000000308a7e5b0, pc=0x0000000112facdfc)
     nmethod  11805 1511             sun.reflect.generics.repository.FieldRepository::getGenericType (38 bytes)

     Virtual frames (innermost first):
        0 - frame( sp=0x0000000308a7e570, unextended_sp=0x0000000308a7e570, fp=0x0000000795a17b48, pc=0x0000000112facdfc)
sun.reflect.generics.repository.FieldRepository.getGenericType(FieldRepository.java:85) - invokeinterface @ bci 20 
     Created vframeArray 0x00007fce7b042e20
DEOPT UNPACKING thread 0x00007fce7c80f000 vframeArray 0x00007fce7b042e20 mode 2
     {method} {0x000000011a044ea0} &apos;getGenericType&apos; &apos;()Ljava/lang/reflect/Type;&apos; in &apos;sun/reflect/generics/repository/FieldRepository&apos; - invokeinterface @ bci 20 sp = 0x0000000308a7e540
<uncommon_trap thread='9219' reason='unloaded' action='reinterpret' index='81' compile_id='1742' compiler='C2' unresolved='1' name='java/lang/Boolean' stamp='11.809'>
Uncommon trap occurred in org.springframework.core.SerializableTypeWrapper$TypeProxyInvocationHandler::invoke (@0x000000011301ada0) thread=9219 reason=unloaded action=reinterpret unloaded_class_index=81 unresolved class: java/lang/Boolean
<jvms bci='157' method='org/springframework/core/SerializableTypeWrapper$TypeProxyInvocationHandler invoke (Ljava/lang/Object;Ljava/lang/reflect/Method;[Ljava/lang/Object;)Ljava/lang/Object;' bytes='324' count='5' backedge_count='5' iicount='13' decompiles='2' class_check_traps='2' bimorphic_traps='6'/>
</uncommon_trap>
DEOPT PACKING thread 0x00007fce7c80f000 Compiled frame (sp=0x0000000308a7e3e0 unextended sp=0x0000000308a7e3e0, fp=0x0000000000000000, real_fp=0x0000000308a7e480, pc=0x000000011301ada0)
     nmethod  11809 1742             org.springframework.core.SerializableTypeWrapper$TypeProxyInvocationHandler::invoke (324 bytes)

     Virtual frames (innermost first):
        0 - frame( sp=0x0000000308a7e3e0, unextended_sp=0x0000000308a7e3e0, fp=0x0000000000000000, pc=0x000000011301ada0)
org.springframework.core.SerializableTypeWrapper$TypeProxyInvocationHandler.invoke(SerializableTypeWrapper.java:195) - invokestatic @ bci 157 
     Created vframeArray 0x00007fce7d074020
DEOPT UNPACKING thread 0x00007fce7c80f000 vframeArray 0x00007fce7d074020 mode 2
     {method} {0x000000011a03a3c0} &apos;invoke&apos; &apos;(Ljava/lang/Object;Ljava/lang/reflect/Method;[Ljava/lang/Object;)Ljava/lang/Object;&apos; in &apos;org/springframework/core/SerializableTypeWrapper$TypeProxyInvocationHandler&apos; - invokestatic @ bci 157 sp = 0x0000000308a7e410
<uncommon_trap thread='9219' reason='class_check' action='maybe_recompile' compile_id='1594' compiler='C2' count='1' state='class_check' stamp='11.815'>
Uncommon trap occurred in org.springframework.core.ResolvableType::getGenerics (@0x0000000112fdb3b8) thread=9219 reason=class_check action=maybe_recompile unloaded_class_index=-1
<jvms bci='78' method='org/springframework/core/ResolvableType getGenerics ()[Lorg/springframework/core/ResolvableType;' bytes='148' count='5' backedge_count='2' iicount='8' class_check_traps='1'/>
</uncommon_trap>
DEOPT PACKING thread 0x00007fce7c80f000 Compiled frame (sp=0x0000000308a7e6c0 unextended sp=0x0000000308a7e6c0, fp=0x0000000795a18248, real_fp=0x0000000308a7e720, pc=0x0000000112fdb3b8)
     nmethod  11815 1594             org.springframework.core.ResolvableType::getGenerics (148 bytes)

     Virtual frames (innermost first):
        0 - frame( sp=0x0000000308a7e6c0, unextended_sp=0x0000000308a7e6c0, fp=0x0000000795a18248, pc=0x0000000112fdb3b8)
org.springframework.core.ResolvableType.getGenerics(ResolvableType.java:734) - instanceof @ bci 78 
     Created vframeArray 0x00007fce7d092e20
DEOPT UNPACKING thread 0x00007fce7c80f000 vframeArray 0x00007fce7d092e20 mode 2
     {method} {0x0000000119f3b780} &apos;getGenerics&apos; &apos;()[Lorg/springframework/core/ResolvableType;&apos; in &apos;org/springframework/core/ResolvableType&apos; - instanceof @ bci 78 sp = 0x0000000308a7e6a8
<uncommon_trap thread='9219' reason='class_check' action='maybe_recompile' compile_id='1594' compiler='C2' count='2' state='class_check' stamp='11.857'>
Uncommon trap occurred in org.springframework.core.ResolvableType::getGenerics (@0x0000000112fdb3b8) thread=9219 reason=class_check action=maybe_recompile unloaded_class_index=-1
<jvms bci='78' method='org/springframework/core/ResolvableType getGenerics ()[Lorg/springframework/core/ResolvableType;' bytes='148' count='5' backedge_count='2' iicount='8' class_check_traps='2'/>
</uncommon_trap>
DEOPT PACKING thread 0x00007fce7c80f000 Compiled frame (sp=0x0000000308a7e640 unextended sp=0x0000000308a7e640, fp=0x0000000795a18618, real_fp=0x0000000308a7e6a0, pc=0x0000000112fdb3b8)
     nmethod  11856 1594             org.springframework.core.ResolvableType::getGenerics (148 bytes)

     Virtual frames (innermost first):
        0 - frame( sp=0x0000000308a7e640, unextended_sp=0x0000000308a7e640, fp=0x0000000795a18618, pc=0x0000000112fdb3b8)
org.springframework.core.ResolvableType.getGenerics(ResolvableType.java:734) - instanceof @ bci 78 
     Created vframeArray 0x00007fce7b042e20
DEOPT UNPACKING thread 0x00007fce7c80f000 vframeArray 0x00007fce7b042e20 mode 2
     {method} {0x0000000119f3b780} &apos;getGenerics&apos; &apos;()[Lorg/springframework/core/ResolvableType;&apos; in &apos;org/springframework/core/ResolvableType&apos; - instanceof @ bci 78 sp = 0x0000000308a7e630
<uncommon_trap thread='9219' reason='predicate' action='maybe_recompile' compile_id='1741' compiler='C2' stamp='11.857'>
Uncommon trap occurred in org.springframework.core.ResolvableType::resolveVariable (@0x000000011301941c) thread=9219 reason=predicate action=maybe_recompile unloaded_class_index=-1
<jvms bci='65' method='org/springframework/core/ResolvableType resolveVariable (Ljava/lang/reflect/TypeVariable;)Lorg/springframework/core/ResolvableType;' bytes='186' count='6' backedge_count='2' iicount='10'/>
</uncommon_trap>
DEOPT PACKING thread 0x00007fce7c80f000 Compiled frame (sp=0x0000000308a7e4a0 unextended sp=0x0000000308a7e4a0, fp=0x0000000795a17a30, real_fp=0x0000000308a7e500, pc=0x000000011301941c)
     nmethod  11857 1741             org.springframework.core.ResolvableType::resolveVariable (186 bytes)

     Virtual frames (innermost first):
        0 - frame( sp=0x0000000308a7e4a0, unextended_sp=0x0000000308a7e4a0, fp=0x0000000795a17a30, pc=0x000000011301941c)
org.springframework.core.ResolvableType.resolveVariable(ResolvableType.java:898) - aload @ bci 65 
     Created vframeArray 0x00007fce7b06be20
DEOPT UNPACKING thread 0x00007fce7c80f000 vframeArray 0x00007fce7b06be20 mode 2
     {method} {0x0000000119f3c278} &apos;resolveVariable&apos; &apos;(Ljava/lang/reflect/TypeVariable;)Lorg/springframework/core/ResolvableType;&apos; in &apos;org/springframework/core/ResolvableType&apos; - aload @ bci 65 sp = 0x0000000308a7e478
<uncommon_trap thread='9219' reason='bimorphic' action='maybe_recompile' compile_id='1407' compiler='C2' count='1' state='#7' stamp='11.866'>
Uncommon trap occurred in sun.reflect.generics.visitor.Reifier::reifyTypeArguments (@0x0000000112f746ac) thread=9219 reason=bimorphic action=maybe_recompile unloaded_class_index=-1
<jvms bci='18' method='sun/reflect/generics/visitor/Reifier reifyTypeArguments ([Lsun/reflect/generics/tree/TypeArgument;)[Ljava/lang/reflect/Type;' bytes='38' count='5' backedge_count='7' iicount='5' bimorphic_traps='1'/>
</uncommon_trap>
DEOPT PACKING thread 0x00007fce7c80f000 Compiled frame (sp=0x0000000308a7e4b0 unextended sp=0x0000000308a7e4b0, fp=0x0000000795a18e50, real_fp=0x0000000308a7e500, pc=0x0000000112f746ac)
     nmethod  11865 1407             sun.reflect.generics.visitor.Reifier::reifyTypeArguments (38 bytes)

     Virtual frames (innermost first):
        0 - frame( sp=0x0000000308a7e4b0, unextended_sp=0x0000000308a7e4b0, fp=0x0000000795a18e50, pc=0x0000000112f746ac)
sun.reflect.generics.visitor.Reifier.reifyTypeArguments(Reifier.java:68) - invokeinterface @ bci 18 
     Created vframeArray 0x00007fce7c08f420
DEOPT UNPACKING thread 0x00007fce7c80f000 vframeArray 0x00007fce7c08f420 mode 2
     {method} {0x000000011a019cf0} &apos;reifyTypeArguments&apos; &apos;([Lsun/reflect/generics/tree/TypeArgument;)[Ljava/lang/reflect/Type;&apos; in &apos;sun/reflect/generics/visitor/Reifier&apos; - invokeinterface @ bci 18 sp = 0x0000000308a7e480
<uncommon_trap thread='9219' reason='class_check' action='maybe_recompile' compile_id='1594' compiler='C2' count='3' state='class_check' stamp='11.891'>
Uncommon trap occurred in org.springframework.core.ResolvableType::getGenerics (@0x0000000112fdb3b8) thread=9219 reason=class_check action=maybe_recompile unloaded_class_index=-1
<jvms bci='78' method='org/springframework/core/ResolvableType getGenerics ()[Lorg/springframework/core/ResolvableType;' bytes='148' count='5' backedge_count='3' iicount='8' class_check_traps='3'/>
</uncommon_trap>
DEOPT PACKING thread 0x00007fce7c80f000 Compiled frame (sp=0x0000000308a7e6c0 unextended sp=0x0000000308a7e6c0, fp=0x0000000795a19f88, real_fp=0x0000000308a7e720, pc=0x0000000112fdb3b8)
     nmethod  11890 1594             org.springframework.core.ResolvableType::getGenerics (148 bytes)

     Virtual frames (innermost first):
        0 - frame( sp=0x0000000308a7e6c0, unextended_sp=0x0000000308a7e6c0, fp=0x0000000795a19f88, pc=0x0000000112fdb3b8)
org.springframework.core.ResolvableType.getGenerics(ResolvableType.java:734) - instanceof @ bci 78 
     Created vframeArray 0x00007fce7d092e20
DEOPT UNPACKING thread 0x00007fce7c80f000 vframeArray 0x00007fce7d092e20 mode 2
     {method} {0x0000000119f3b780} &apos;getGenerics&apos; &apos;()[Lorg/springframework/core/ResolvableType;&apos; in &apos;org/springframework/core/ResolvableType&apos; - instanceof @ bci 78 sp = 0x0000000308a7e6a8
<uncommon_trap thread='9219' reason='class_check' action='maybe_recompile' compile_id='1759' compiler='C2' stamp='11.971'>
Uncommon trap occurred in sun.reflect.generics.reflectiveObjects.ParameterizedTypeImpl::equals (@0x0000000113025ec8) thread=9219 reason=class_check action=maybe_recompile unloaded_class_index=-1
<jvms bci='1' method='sun/reflect/generics/reflectiveObjects/ParameterizedTypeImpl equals (Ljava/lang/Object;)Z' bytes='81' count='5' backedge_count='1' iicount='10'/>
</uncommon_trap>
DEOPT PACKING thread 0x00007fce7c80f000 Compiled frame (sp=0x0000000308a7e490 unextended sp=0x0000000308a7e490, fp=0x000000079599dd50, real_fp=0x0000000308a7e4c0, pc=0x0000000113025ec8)
     nmethod  11971 1759             sun.reflect.generics.reflectiveObjects.ParameterizedTypeImpl::equals (81 bytes)

     Virtual frames (innermost first):
        0 - frame( sp=0x0000000308a7e490, unextended_sp=0x0000000308a7e490, fp=0x000000079599dd50, pc=0x0000000113025ec8)
sun.reflect.generics.reflectiveObjects.ParameterizedTypeImpl.equals(ParameterizedTypeImpl.java:160) - instanceof @ bci 1 
     Created vframeArray 0x00007fce7c08f420
DEOPT UNPACKING thread 0x00007fce7c80f000 vframeArray 0x00007fce7c08f420 mode 2
     {method} {0x000000011a01e010} &apos;equals&apos; &apos;(Ljava/lang/Object;)Z&apos; in &apos;sun/reflect/generics/reflectiveObjects/ParameterizedTypeImpl&apos; - instanceof @ bci 1 sp = 0x0000000308a7e440
<uncommon_trap thread='9219' reason='null_check' action='make_not_entrant' compile_id='1587' compiler='C2' stamp='11.972'>
Uncommon trap occurred in org.springframework.core.SerializableTypeWrapper$MethodInvokeTypeProvider::getType (@0x0000000112fd3a98) thread=9219 reason=null_check action=make_not_entrant unloaded_class_index=-1
<jvms bci='32' method='org/springframework/core/SerializableTypeWrapper$MethodInvokeTypeProvider getType ()Ljava/lang/reflect/Type;' bytes='58' count='5' backedge_count='1' iicount='10'/>
</uncommon_trap>
DEOPT PACKING thread 0x00007fce7c80f000 Compiled frame (sp=0x0000000308a7e270 unextended sp=0x0000000308a7e270, fp=0x0000000795a1e158, real_fp=0x0000000308a7e2b0, pc=0x0000000112fd3a98)
     nmethod  11971 1587             org.springframework.core.SerializableTypeWrapper$MethodInvokeTypeProvider::getType (58 bytes)

     Virtual frames (innermost first):
        0 - frame( sp=0x0000000308a7e270, unextended_sp=0x0000000308a7e270, fp=0x0000000795a1e158, pc=0x0000000112fd3a98)
org.springframework.core.SerializableTypeWrapper$MethodInvokeTypeProvider.getType(SerializableTypeWrapper.java:353) - instanceof @ bci 32 
     Created vframeArray 0x00007fce7b06be20
DEOPT UNPACKING thread 0x00007fce7c80f000 vframeArray 0x00007fce7b06be20 mode 2
     {method} {0x000000011a091e70} &apos;getType&apos; &apos;()Ljava/lang/reflect/Type;&apos; in &apos;org/springframework/core/SerializableTypeWrapper$MethodInvokeTypeProvider&apos; - instanceof @ bci 32 sp = 0x0000000308a7e248
<uncommon_trap thread='9219' reason='class_check' action='maybe_recompile' compile_id='1759' compiler='C2' count='1' state='class_check' stamp='11.977'>
Uncommon trap occurred in sun.reflect.generics.reflectiveObjects.ParameterizedTypeImpl::equals (@0x0000000113025ec8) thread=9219 reason=class_check action=maybe_recompile unloaded_class_index=-1
<jvms bci='1' method='sun/reflect/generics/reflectiveObjects/ParameterizedTypeImpl equals (Ljava/lang/Object;)Z' bytes='81' count='5' backedge_count='1' iicount='10' class_check_traps='1'/>
</uncommon_trap>
DEOPT PACKING thread 0x00007fce7c80f000 Compiled frame (sp=0x0000000308a7e400 unextended sp=0x0000000308a7e400, fp=0x000000079599dd50, real_fp=0x0000000308a7e430, pc=0x0000000113025ec8)
     nmethod  11976 1759             sun.reflect.generics.reflectiveObjects.ParameterizedTypeImpl::equals (81 bytes)

     Virtual frames (innermost first):
        0 - frame( sp=0x0000000308a7e400, unextended_sp=0x0000000308a7e400, fp=0x000000079599dd50, pc=0x0000000113025ec8)
sun.reflect.generics.reflectiveObjects.ParameterizedTypeImpl.equals(ParameterizedTypeImpl.java:160) - instanceof @ bci 1 
     Created vframeArray 0x00007fce7b042e20
DEOPT UNPACKING thread 0x00007fce7c80f000 vframeArray 0x00007fce7b042e20 mode 2
     {method} {0x000000011a01e010} &apos;equals&apos; &apos;(Ljava/lang/Object;)Z&apos; in &apos;sun/reflect/generics/reflectiveObjects/ParameterizedTypeImpl&apos; - instanceof @ bci 1 sp = 0x0000000308a7e3b0
<uncommon_trap thread='9219' reason='class_check' action='maybe_recompile' compile_id='1511' compiler='C2' count='3' state='class_check' stamp='11.984'>
Uncommon trap occurred in sun.reflect.generics.repository.FieldRepository::getGenericType (@0x0000000112facdfc) thread=9219 reason=class_check action=maybe_recompile unloaded_class_index=-1
<jvms bci='20' method='sun/reflect/generics/repository/FieldRepository getGenericType ()Ljava/lang/reflect/Type;' bytes='38' count='5' backedge_count='1' iicount='10' class_check_traps='3'/>
</uncommon_trap>
DEOPT PACKING thread 0x00007fce7c80f000 Compiled frame (sp=0x0000000308a7e570 unextended sp=0x0000000308a7e570, fp=0x0000000795a1f348, real_fp=0x0000000308a7e5b0, pc=0x0000000112facdfc)
     nmethod  11984 1511             sun.reflect.generics.repository.FieldRepository::getGenericType (38 bytes)

     Virtual frames (innermost first):
        0 - frame( sp=0x0000000308a7e570, unextended_sp=0x0000000308a7e570, fp=0x0000000795a1f348, pc=0x0000000112facdfc)
sun.reflect.generics.repository.FieldRepository.getGenericType(FieldRepository.java:85) - invokeinterface @ bci 20 
     Created vframeArray 0x00007fce7c08f420
DEOPT UNPACKING thread 0x00007fce7c80f000 vframeArray 0x00007fce7c08f420 mode 2
     {method} {0x000000011a044ea0} &apos;getGenericType&apos; &apos;()Ljava/lang/reflect/Type;&apos; in &apos;sun/reflect/generics/repository/FieldRepository&apos; - invokeinterface @ bci 20 sp = 0x0000000308a7e540
<uncommon_trap thread='9219' reason='speculate_class_check' action='maybe_recompile' compile_id='1465' compiler='C2' count='2' stamp='11.990'>
Uncommon trap occurred in org.springframework.util.ConcurrentReferenceHashMap$Segment::doTask (@0x0000000112f90a0c) thread=9219 reason=speculate_class_check action=maybe_recompile unloaded_class_index=-1
<jvms bci='126' method='org/springframework/util/ConcurrentReferenceHashMap$Segment doTask (ILjava/lang/Object;Lorg/springframework/util/ConcurrentReferenceHashMap$Task;)Ljava/lang/Object;' bytes='179' count='5' backedge_count='1' iicount='10' speculate_class_check_traps='2'/>
</uncommon_trap>
DEOPT PACKING thread 0x00007fce7c80f000 Compiled frame (sp=0x0000000308a7e660 unextended sp=0x0000000308a7e660, fp=0x0000000795696fc0, real_fp=0x0000000308a7e6f0, pc=0x0000000112f90a0c)
     nmethod  11989 1465   !         org.springframework.util.ConcurrentReferenceHashMap$Segment::doTask (179 bytes)

     Virtual frames (innermost first):
        0 - frame( sp=0x0000000308a7e660, unextended_sp=0x0000000308a7e660, fp=0x0000000795696fc0, pc=0x0000000112f90a0c)
org.springframework.util.ConcurrentReferenceHashMap$Segment.doTask(ConcurrentReferenceHashMap.java:537) - invokevirtual @ bci 126 
     Created vframeArray 0x00007fce7b042e20
DEOPT UNPACKING thread 0x00007fce7c80f000 vframeArray 0x00007fce7b042e20 mode 2
     {method} {0x0000000119f2c768} &apos;doTask&apos; &apos;(ILjava/lang/Object;Lorg/springframework/util/ConcurrentReferenceHashMap$Task;)Ljava/lang/Object;&apos; in &apos;org/springframework/util/ConcurrentReferenceHashMap$Segment&apos; - invokevirtual @ bci 126 sp = 0x0000000308a7e620
<uncommon_trap thread='9219' reason='bimorphic' action='maybe_recompile' compile_id='1747' compiler='C2' count='6' state='class_check' stamp='12.012'>
Uncommon trap occurred in org.springframework.core.SerializableTypeWrapper$TypeProxyInvocationHandler::invoke (@0x0000000113020324) thread=9219 reason=bimorphic action=maybe_recompile unloaded_class_index=-1
<jvms bci='314' method='org/springframework/core/SerializableTypeWrapper$TypeProxyInvocationHandler invoke (Ljava/lang/Object;Ljava/lang/reflect/Method;[Ljava/lang/Object;)Ljava/lang/Object;' bytes='324' count='6' backedge_count='1' iicount='22' decompiles='3' class_check_traps='2' bimorphic_traps='6' unloaded_traps='1'/>
</uncommon_trap>
DEOPT PACKING thread 0x00007fce7c80f000 Compiled frame (sp=0x0000000308a7e4f0 unextended sp=0x0000000308a7e4f0, fp=0x00000000f2b44b4e, real_fp=0x0000000308a7e590, pc=0x0000000113020324)
     nmethod  12011 1747             org.springframework.core.SerializableTypeWrapper$TypeProxyInvocationHandler::invoke (324 bytes)

     Virtual frames (innermost first):
        0 - frame( sp=0x0000000308a7e4f0, unextended_sp=0x0000000308a7e4f0, fp=0x00000000f2b44b4e, pc=0x0000000113020324)
org.springframework.core.SerializableTypeWrapper$TypeProxyInvocationHandler.invoke(SerializableTypeWrapper.java:217) - invokeinterface @ bci 314 
     Created vframeArray 0x00007fce7c8a0220
DEOPT UNPACKING thread 0x00007fce7c80f000 vframeArray 0x00007fce7c8a0220 mode 2
     {method} {0x000000011a03a3c0} &apos;invoke&apos; &apos;(Ljava/lang/Object;Ljava/lang/reflect/Method;[Ljava/lang/Object;)Ljava/lang/Object;&apos; in &apos;org/springframework/core/SerializableTypeWrapper$TypeProxyInvocationHandler&apos; - invokeinterface @ bci 314 sp = 0x0000000308a7e4f8
<uncommon_trap thread='9219' reason='bimorphic' action='maybe_recompile' compile_id='1739' compiler='C2' state='class_check recompiled' stamp='12.060'>
Uncommon trap occurred in java.lang.reflect.Constructor::newInstance (@0x00000001130149e8) thread=9219 reason=bimorphic action=maybe_recompile unloaded_class_index=-1
<jvms bci='5' method='sun/reflect/DelegatingConstructorAccessorImpl newInstance ([Ljava/lang/Object;)Ljava/lang/Object;' bytes='9' count='7' backedge_count='1' iicount='12' decompiles='1' class_check_traps='5'/>
<jvms bci='79' method='java/lang/reflect/Constructor newInstance ([Ljava/lang/Object;)Ljava/lang/Object;' bytes='87' count='6' backedge_count='1' iicount='20' decompiles='1' class_check_traps='1'/>
</uncommon_trap>
DEOPT PACKING thread 0x00007fce7c80f000 Compiled frame (sp=0x0000000308a7e540 unextended sp=0x0000000308a7e540, fp=0x00000000f2b45b56, real_fp=0x0000000308a7e580, pc=0x00000001130149e8)
     nmethod  12059 1739             java.lang.reflect.Constructor::newInstance (87 bytes)

     Virtual frames (innermost first):
        0 - frame( sp=0x0000000308a7e540, unextended_sp=0x0000000308a7e540, fp=0x00000000f2b45b56, pc=0x00000001130149e8)
sun.reflect.DelegatingConstructorAccessorImpl.newInstance(DelegatingConstructorAccessorImpl.java:45) - invokevirtual @ bci 5 
        1 - frame( sp=0x0000000308a7e540, unextended_sp=0x0000000308a7e540, fp=0x00000000f2b45b56, pc=0x00000001130149e8)
java.lang.reflect.Constructor.newInstance(Constructor.java:423) - invokeinterface @ bci 79 
     Created vframeArray 0x00007fce7c08f420
DEOPT UNPACKING thread 0x00007fce7c80f000 vframeArray 0x00007fce7c08f420 mode 2
     {method} {0x0000000119b6bce8} &apos;newInstance&apos; &apos;([Ljava/lang/Object;)Ljava/lang/Object;&apos; in &apos;java/lang/reflect/Constructor&apos; - invokeinterface @ bci 79 sp = 0x0000000308a7e500
     {method} {0x0000000119c78940} &apos;newInstance&apos; &apos;([Ljava/lang/Object;)Ljava/lang/Object;&apos; in &apos;sun/reflect/DelegatingConstructorAccessorImpl&apos; - invokevirtual @ bci 5 sp = 0x0000000308a7e4a0
<uncommon_trap thread='9219' reason='bimorphic' action='maybe_recompile' compile_id='1747' compiler='C2' count='7' state='#7' stamp='12.061'>
Uncommon trap occurred in org.springframework.core.SerializableTypeWrapper$TypeProxyInvocationHandler::invoke (@0x0000000113020324) thread=9219 reason=bimorphic action=maybe_recompile unloaded_class_index=-1
<jvms bci='314' method='org/springframework/core/SerializableTypeWrapper$TypeProxyInvocationHandler invoke (Ljava/lang/Object;Ljava/lang/reflect/Method;[Ljava/lang/Object;)Ljava/lang/Object;' bytes='324' count='6' backedge_count='1' iicount='22' decompiles='3' class_check_traps='2' bimorphic_traps='7' unloaded_traps='1'/>
</uncommon_trap>
DEOPT PACKING thread 0x00007fce7c80f000 Compiled frame (sp=0x0000000308a7e4f0 unextended sp=0x0000000308a7e4f0, fp=0x00000000f2b45be5, real_fp=0x0000000308a7e590, pc=0x0000000113020324)
     nmethod  12061 1747             org.springframework.core.SerializableTypeWrapper$TypeProxyInvocationHandler::invoke (324 bytes)

     Virtual frames (innermost first):
        0 - frame( sp=0x0000000308a7e4f0, unextended_sp=0x0000000308a7e4f0, fp=0x00000000f2b45be5, pc=0x0000000113020324)
org.springframework.core.SerializableTypeWrapper$TypeProxyInvocationHandler.invoke(SerializableTypeWrapper.java:217) - invokeinterface @ bci 314 
     Created vframeArray 0x00007fce7b042e20
DEOPT UNPACKING thread 0x00007fce7c80f000 vframeArray 0x00007fce7b042e20 mode 2
     {method} {0x000000011a03a3c0} &apos;invoke&apos; &apos;(Ljava/lang/Object;Ljava/lang/reflect/Method;[Ljava/lang/Object;)Ljava/lang/Object;&apos; in &apos;org/springframework/core/SerializableTypeWrapper$TypeProxyInvocationHandler&apos; - invokeinterface @ bci 314 sp = 0x0000000308a7e4f8
<uncommon_trap thread='9219' reason='bimorphic' action='maybe_recompile' compile_id='1407' compiler='C2' count='2' state='#7' stamp='12.117'>
Uncommon trap occurred in sun.reflect.generics.visitor.Reifier::reifyTypeArguments (@0x0000000112f746ac) thread=9219 reason=bimorphic action=maybe_recompile unloaded_class_index=-1
<jvms bci='18' method='sun/reflect/generics/visitor/Reifier reifyTypeArguments ([Lsun/reflect/generics/tree/TypeArgument;)[Ljava/lang/reflect/Type;' bytes='38' count='5' backedge_count='8' iicount='5' bimorphic_traps='2'/>
</uncommon_trap>
DEOPT PACKING thread 0x00007fce7c80f000 Compiled frame (sp=0x0000000308a7e490 unextended sp=0x0000000308a7e490, fp=0x0000000795a31e58, real_fp=0x0000000308a7e4e0, pc=0x0000000112f746ac)
     nmethod  12117 1407             sun.reflect.generics.visitor.Reifier::reifyTypeArguments (38 bytes)

     Virtual frames (innermost first):
        0 - frame( sp=0x0000000308a7e490, unextended_sp=0x0000000308a7e490, fp=0x0000000795a31e58, pc=0x0000000112f746ac)
sun.reflect.generics.visitor.Reifier.reifyTypeArguments(Reifier.java:68) - invokeinterface @ bci 18 
     Created vframeArray 0x00007fce7c8a0220
DEOPT UNPACKING thread 0x00007fce7c80f000 vframeArray 0x00007fce7c8a0220 mode 2
     {method} {0x000000011a019cf0} &apos;reifyTypeArguments&apos; &apos;([Lsun/reflect/generics/tree/TypeArgument;)[Ljava/lang/reflect/Type;&apos; in &apos;sun/reflect/generics/visitor/Reifier&apos; - invokeinterface @ bci 18 sp = 0x0000000308a7e460
<uncommon_trap thread='9219' reason='bimorphic' action='maybe_recompile' compile_id='1739' compiler='C2' count='1' state='#15' stamp='12.123'>
Uncommon trap occurred in java.lang.reflect.Constructor::newInstance (@0x00000001130149e8) thread=9219 reason=bimorphic action=maybe_recompile unloaded_class_index=-1
<jvms bci='5' method='sun/reflect/DelegatingConstructorAccessorImpl newInstance ([Ljava/lang/Object;)Ljava/lang/Object;' bytes='9' count='7' backedge_count='1' iicount='12' decompiles='1' class_check_traps='5' bimorphic_traps='1'/>
<jvms bci='79' method='java/lang/reflect/Constructor newInstance ([Ljava/lang/Object;)Ljava/lang/Object;' bytes='87' count='6' backedge_count='1' iicount='20' decompiles='1' class_check_traps='1'/>
</uncommon_trap>
DEOPT PACKING thread 0x00007fce7c80f000 Compiled frame (sp=0x0000000308a7e460 unextended sp=0x0000000308a7e460, fp=0x00000000f2b45b56, real_fp=0x0000000308a7e4a0, pc=0x00000001130149e8)
     nmethod  12122 1739             java.lang.reflect.Constructor::newInstance (87 bytes)

     Virtual frames (innermost first):
        0 - frame( sp=0x0000000308a7e460, unextended_sp=0x0000000308a7e460, fp=0x00000000f2b45b56, pc=0x00000001130149e8)
sun.reflect.DelegatingConstructorAccessorImpl.newInstance(DelegatingConstructorAccessorImpl.java:45) - invokevirtual @ bci 5 
        1 - frame( sp=0x0000000308a7e460, unextended_sp=0x0000000308a7e460, fp=0x00000000f2b45b56, pc=0x00000001130149e8)
java.lang.reflect.Constructor.newInstance(Constructor.java:423) - invokeinterface @ bci 79 
     Created vframeArray 0x00007fce7d06ba20
DEOPT UNPACKING thread 0x00007fce7c80f000 vframeArray 0x00007fce7d06ba20 mode 2
     {method} {0x0000000119b6bce8} &apos;newInstance&apos; &apos;([Ljava/lang/Object;)Ljava/lang/Object;&apos; in &apos;java/lang/reflect/Constructor&apos; - invokeinterface @ bci 79 sp = 0x0000000308a7e420
     {method} {0x0000000119c78940} &apos;newInstance&apos; &apos;([Ljava/lang/Object;)Ljava/lang/Object;&apos; in &apos;sun/reflect/DelegatingConstructorAccessorImpl&apos; - invokevirtual @ bci 5 sp = 0x0000000308a7e3c0
<uncommon_trap thread='9219' reason='speculate_class_check' action='maybe_recompile' compile_id='1465' compiler='C2' count='3' stamp='12.124'>
Uncommon trap occurred in org.springframework.util.ConcurrentReferenceHashMap$Segment::doTask (@0x0000000112f90a0c) thread=9219 reason=speculate_class_check action=maybe_recompile unloaded_class_index=-1
<jvms bci='126' method='org/springframework/util/ConcurrentReferenceHashMap$Segment doTask (ILjava/lang/Object;Lorg/springframework/util/ConcurrentReferenceHashMap$Task;)Ljava/lang/Object;' bytes='179' count='5' backedge_count='1' iicount='10' speculate_class_check_traps='3'/>
</uncommon_trap>
DEOPT PACKING thread 0x00007fce7c80f000 Compiled frame (sp=0x0000000308a7e660 unextended sp=0x0000000308a7e660, fp=0x000000079568a3b8, real_fp=0x0000000308a7e6f0, pc=0x0000000112f90a0c)
     nmethod  12124 1465   !         org.springframework.util.ConcurrentReferenceHashMap$Segment::doTask (179 bytes)

     Virtual frames (innermost first):
        0 - frame( sp=0x0000000308a7e660, unextended_sp=0x0000000308a7e660, fp=0x000000079568a3b8, pc=0x0000000112f90a0c)
org.springframework.util.ConcurrentReferenceHashMap$Segment.doTask(ConcurrentReferenceHashMap.java:537) - invokevirtual @ bci 126 
     Created vframeArray 0x00007fce7b042e20
DEOPT UNPACKING thread 0x00007fce7c80f000 vframeArray 0x00007fce7b042e20 mode 2
     {method} {0x0000000119f2c768} &apos;doTask&apos; &apos;(ILjava/lang/Object;Lorg/springframework/util/ConcurrentReferenceHashMap$Task;)Ljava/lang/Object;&apos; in &apos;org/springframework/util/ConcurrentReferenceHashMap$Segment&apos; - invokevirtual @ bci 126 sp = 0x0000000308a7e620
<uncommon_trap thread='9219' reason='bimorphic' action='maybe_recompile' compile_id='1739' compiler='C2' count='2' state='#15' stamp='12.147'>
Uncommon trap occurred in java.lang.reflect.Constructor::newInstance (@0x00000001130149e8) thread=9219 reason=bimorphic action=maybe_recompile unloaded_class_index=-1
<jvms bci='5' method='sun/reflect/DelegatingConstructorAccessorImpl newInstance ([Ljava/lang/Object;)Ljava/lang/Object;' bytes='9' count='7' backedge_count='1' iicount='12' decompiles='1' class_check_traps='5' bimorphic_traps='2'/>
<jvms bci='79' method='java/lang/reflect/Constructor newInstance ([Ljava/lang/Object;)Ljava/lang/Object;' bytes='87' count='6' backedge_count='1' iicount='20' decompiles='1' class_check_traps='1'/>
</uncommon_trap>
DEOPT PACKING thread 0x00007fce7c80f000 Compiled frame (sp=0x0000000308a7e460 unextended sp=0x0000000308a7e460, fp=0x00000000f2b45b56, real_fp=0x0000000308a7e4a0, pc=0x00000001130149e8)
     nmethod  12146 1739             java.lang.reflect.Constructor::newInstance (87 bytes)

     Virtual frames (innermost first):
        0 - frame( sp=0x0000000308a7e460, unextended_sp=0x0000000308a7e460, fp=0x00000000f2b45b56, pc=0x00000001130149e8)
sun.reflect.DelegatingConstructorAccessorImpl.newInstance(DelegatingConstructorAccessorImpl.java:45) - invokevirtual @ bci 5 
        1 - frame( sp=0x0000000308a7e460, unextended_sp=0x0000000308a7e460, fp=0x00000000f2b45b56, pc=0x00000001130149e8)
java.lang.reflect.Constructor.newInstance(Constructor.java:423) - invokeinterface @ bci 79 
     Created vframeArray 0x00007fce7b04e620
DEOPT UNPACKING thread 0x00007fce7c80f000 vframeArray 0x00007fce7b04e620 mode 2
     {method} {0x0000000119b6bce8} &apos;newInstance&apos; &apos;([Ljava/lang/Object;)Ljava/lang/Object;&apos; in &apos;java/lang/reflect/Constructor&apos; - invokeinterface @ bci 79 sp = 0x0000000308a7e420
     {method} {0x0000000119c78940} &apos;newInstance&apos; &apos;([Ljava/lang/Object;)Ljava/lang/Object;&apos; in &apos;sun/reflect/DelegatingConstructorAccessorImpl&apos; - invokevirtual @ bci 5 sp = 0x0000000308a7e3c0
<uncommon_trap thread='9219' reason='bimorphic' action='maybe_recompile' compile_id='1407' compiler='C2' count='3' state='#7' stamp='12.154'>
Uncommon trap occurred in sun.reflect.generics.visitor.Reifier::reifyTypeArguments (@0x0000000112f746ac) thread=9219 reason=bimorphic action=maybe_recompile unloaded_class_index=-1
<jvms bci='18' method='sun/reflect/generics/visitor/Reifier reifyTypeArguments ([Lsun/reflect/generics/tree/TypeArgument;)[Ljava/lang/reflect/Type;' bytes='38' count='5' backedge_count='9' iicount='5' bimorphic_traps='3'/>
</uncommon_trap>
DEOPT PACKING thread 0x00007fce7c80f000 Compiled frame (sp=0x0000000308a7e310 unextended sp=0x0000000308a7e310, fp=0x0000000795a3e148, real_fp=0x0000000308a7e360, pc=0x0000000112f746ac)
     nmethod  12154 1407             sun.reflect.generics.visitor.Reifier::reifyTypeArguments (38 bytes)

     Virtual frames (innermost first):
        0 - frame( sp=0x0000000308a7e310, unextended_sp=0x0000000308a7e310, fp=0x0000000795a3e148, pc=0x0000000112f746ac)
sun.reflect.generics.visitor.Reifier.reifyTypeArguments(Reifier.java:68) - invokeinterface @ bci 18 
     Created vframeArray 0x00007fce7c08f420
DEOPT UNPACKING thread 0x00007fce7c80f000 vframeArray 0x00007fce7c08f420 mode 2
     {method} {0x000000011a019cf0} &apos;reifyTypeArguments&apos; &apos;([Lsun/reflect/generics/tree/TypeArgument;)[Ljava/lang/reflect/Type;&apos; in &apos;sun/reflect/generics/visitor/Reifier&apos; - invokeinterface @ bci 18 sp = 0x0000000308a7e2e0
<uncommon_trap thread='9219' reason='bimorphic' action='maybe_recompile' compile_id='1739' compiler='C2' count='3' state='#15' stamp='12.155'>
Uncommon trap occurred in java.lang.reflect.Constructor::newInstance (@0x00000001130149e8) thread=9219 reason=bimorphic action=maybe_recompile unloaded_class_index=-1
<jvms bci='5' method='sun/reflect/DelegatingConstructorAccessorImpl newInstance ([Ljava/lang/Object;)Ljava/lang/Object;' bytes='9' count='7' backedge_count='1' iicount='12' decompiles='1' class_check_traps='5' bimorphic_traps='3'/>
<jvms bci='79' method='java/lang/reflect/Constructor newInstance ([Ljava/lang/Object;)Ljava/lang/Object;' bytes='87' count='6' backedge_count='1' iicount='20' decompiles='1' class_check_traps='1'/>
</uncommon_trap>
DEOPT PACKING thread 0x00007fce7c80f000 Compiled frame (sp=0x0000000308a7e460 unextended sp=0x0000000308a7e460, fp=0x00000000f2b45b56, real_fp=0x0000000308a7e4a0, pc=0x00000001130149e8)
     nmethod  12155 1739             java.lang.reflect.Constructor::newInstance (87 bytes)

     Virtual frames (innermost first):
        0 - frame( sp=0x0000000308a7e460, unextended_sp=0x0000000308a7e460, fp=0x00000000f2b45b56, pc=0x00000001130149e8)
sun.reflect.DelegatingConstructorAccessorImpl.newInstance(DelegatingConstructorAccessorImpl.java:45) - invokevirtual @ bci 5 
        1 - frame( sp=0x0000000308a7e460, unextended_sp=0x0000000308a7e460, fp=0x00000000f2b45b56, pc=0x00000001130149e8)
java.lang.reflect.Constructor.newInstance(Constructor.java:423) - invokeinterface @ bci 79 
     Created vframeArray 0x00007fce7d06ba20
DEOPT UNPACKING thread 0x00007fce7c80f000 vframeArray 0x00007fce7d06ba20 mode 2
     {method} {0x0000000119b6bce8} &apos;newInstance&apos; &apos;([Ljava/lang/Object;)Ljava/lang/Object;&apos; in &apos;java/lang/reflect/Constructor&apos; - invokeinterface @ bci 79 sp = 0x0000000308a7e420
     {method} {0x0000000119c78940} &apos;newInstance&apos; &apos;([Ljava/lang/Object;)Ljava/lang/Object;&apos; in &apos;sun/reflect/DelegatingConstructorAccessorImpl&apos; - invokevirtual @ bci 5 sp = 0x0000000308a7e3c0
<uncommon_trap thread='9219' reason='class_check' action='maybe_recompile' compile_id='1794' compiler='C2' count='2' stamp='12.191'>
Uncommon trap occurred in org.springframework.core.SerializableTypeWrapper$TypeProxyInvocationHandler::invoke (@0x0000000112ea9bd8) thread=9219 reason=class_check action=maybe_recompile unloaded_class_index=-1
<jvms bci='127' method='org/springframework/core/SerializableTypeWrapper$TypeProxyInvocationHandler invoke (Ljava/lang/Object;Ljava/lang/reflect/Method;[Ljava/lang/Object;)Ljava/lang/Object;' bytes='324' count='6' backedge_count='1' iicount='26' decompiles='4' class_check_traps='2' bimorphic_traps='8' unloaded_traps='1'/>
</uncommon_trap>
DEOPT PACKING thread 0x00007fce7c80f000 Compiled frame (sp=0x0000000308a7e320 unextended sp=0x0000000308a7e320, fp=0x0000000795a28e28, real_fp=0x0000000308a7e3c0, pc=0x0000000112ea9bd8)
     nmethod  12190 1794             org.springframework.core.SerializableTypeWrapper$TypeProxyInvocationHandler::invoke (324 bytes)

     Virtual frames (innermost first):
        0 - frame( sp=0x0000000308a7e320, unextended_sp=0x0000000308a7e320, fp=0x0000000795a28e28, pc=0x0000000112ea9bd8)
org.springframework.core.SerializableTypeWrapper$TypeProxyInvocationHandler.invoke(SerializableTypeWrapper.java:192) - instanceof @ bci 127 
     Created vframeArray 0x00007fce7d092220
DEOPT UNPACKING thread 0x00007fce7c80f000 vframeArray 0x00007fce7d092220 mode 2
     {method} {0x000000011a03a3c0} &apos;invoke&apos; &apos;(Ljava/lang/Object;Ljava/lang/reflect/Method;[Ljava/lang/Object;)Ljava/lang/Object;&apos; in &apos;org/springframework/core/SerializableTypeWrapper$TypeProxyInvocationHandler&apos; - instanceof @ bci 127 sp = 0x0000000308a7e350
<uncommon_trap thread='9219' reason='class_check' action='maybe_recompile' compile_id='1759' compiler='C2' count='2' state='class_check' stamp='12.192'>
Uncommon trap occurred in sun.reflect.generics.reflectiveObjects.ParameterizedTypeImpl::equals (@0x0000000113025ec8) thread=9219 reason=class_check action=maybe_recompile unloaded_class_index=-1
<jvms bci='1' method='sun/reflect/generics/reflectiveObjects/ParameterizedTypeImpl equals (Ljava/lang/Object;)Z' bytes='81' count='5' backedge_count='1' iicount='10' class_check_traps='2'/>
</uncommon_trap>
DEOPT PACKING thread 0x00007fce7c80f000 Compiled frame (sp=0x0000000308a7e4f0 unextended sp=0x0000000308a7e4f0, fp=0x00000007959e6970, real_fp=0x0000000308a7e520, pc=0x0000000113025ec8)
     nmethod  12191 1759             sun.reflect.generics.reflectiveObjects.ParameterizedTypeImpl::equals (81 bytes)

     Virtual frames (innermost first):
        0 - frame( sp=0x0000000308a7e4f0, unextended_sp=0x0000000308a7e4f0, fp=0x00000007959e6970, pc=0x0000000113025ec8)
sun.reflect.generics.reflectiveObjects.ParameterizedTypeImpl.equals(ParameterizedTypeImpl.java:160) - instanceof @ bci 1 
     Created vframeArray 0x00007fce7d06ba20
DEOPT UNPACKING thread 0x00007fce7c80f000 vframeArray 0x00007fce7d06ba20 mode 2
     {method} {0x000000011a01e010} &apos;equals&apos; &apos;(Ljava/lang/Object;)Z&apos; in &apos;sun/reflect/generics/reflectiveObjects/ParameterizedTypeImpl&apos; - instanceof @ bci 1 sp = 0x0000000308a7e4a0
<uncommon_trap thread='9219' reason='class_check' action='maybe_recompile' compile_id='1759' compiler='C2' count='3' state='class_check' stamp='12.194'>
Uncommon trap occurred in sun.reflect.generics.reflectiveObjects.ParameterizedTypeImpl::equals (@0x0000000113025ec8) thread=9219 reason=class_check action=maybe_recompile unloaded_class_index=-1
<jvms bci='1' method='sun/reflect/generics/reflectiveObjects/ParameterizedTypeImpl equals (Ljava/lang/Object;)Z' bytes='81' count='5' backedge_count='1' iicount='10' class_check_traps='3'/>
</uncommon_trap>
DEOPT PACKING thread 0x00007fce7c80f000 Compiled frame (sp=0x0000000308a7e490 unextended sp=0x0000000308a7e490, fp=0x00000007959e6970, real_fp=0x0000000308a7e4c0, pc=0x0000000113025ec8)
     nmethod  12193 1759             sun.reflect.generics.reflectiveObjects.ParameterizedTypeImpl::equals (81 bytes)

     Virtual frames (innermost first):
        0 - frame( sp=0x0000000308a7e490, unextended_sp=0x0000000308a7e490, fp=0x00000007959e6970, pc=0x0000000113025ec8)
sun.reflect.generics.reflectiveObjects.ParameterizedTypeImpl.equals(ParameterizedTypeImpl.java:160) - instanceof @ bci 1 
     Created vframeArray 0x00007fce7c08f420
DEOPT UNPACKING thread 0x00007fce7c80f000 vframeArray 0x00007fce7c08f420 mode 2
     {method} {0x000000011a01e010} &apos;equals&apos; &apos;(Ljava/lang/Object;)Z&apos; in &apos;sun/reflect/generics/reflectiveObjects/ParameterizedTypeImpl&apos; - instanceof @ bci 1 sp = 0x0000000308a7e440
<uncommon_trap thread='9219' reason='predicate' action='maybe_recompile' compile_id='1717' compiler='C2' stamp='12.364'>
Uncommon trap occurred in org.springframework.util.ConcurrentReferenceHashMap$Segment::restructure (@0x0000000113007fdc) thread=9219 reason=predicate action=maybe_recompile unloaded_class_index=-1
<jvms bci='177' method='org/springframework/util/ConcurrentReferenceHashMap$Segment restructure (ZLorg/springframework/util/ConcurrentReferenceHashMap$Reference;)V' bytes='316' count='3' backedge_count='26' iicount='3'/>
</uncommon_trap>
DEOPT PACKING thread 0x00007fce7c80f000 Compiled frame (sp=0x0000000308a7e4e0 unextended sp=0x0000000308a7e4e0, fp=0x00000000f2b499b8, real_fp=0x0000000308a7e570, pc=0x0000000113007fdc)
     nmethod  12363 1717   !         org.springframework.util.ConcurrentReferenceHashMap$Segment::restructure (316 bytes)

     Virtual frames (innermost first):
        0 - frame( sp=0x0000000308a7e4e0, unextended_sp=0x0000000308a7e4e0, fp=0x00000000f2b499b8, pc=0x0000000113007fdc)
org.springframework.util.ConcurrentReferenceHashMap$Segment.restructure(ConcurrentReferenceHashMap.java:616) - aload @ bci 177 
     Created vframeArray 0x00007fce7b04e620
DEOPT UNPACKING thread 0x00007fce7c80f000 vframeArray 0x00007fce7b04e620 mode 2
     {method} {0x0000000119f2cd18} &apos;restructure&apos; &apos;(ZLorg/springframework/util/ConcurrentReferenceHashMap$Reference;)V&apos; in &apos;org/springframework/util/ConcurrentReferenceHashMap$Segment&apos; - aload @ bci 177 sp = 0x0000000308a7e4b8
<uncommon_trap thread='9219' reason='class_check' action='maybe_recompile' compile_id='1837' compiler='C2' stamp='12.431'>
Uncommon trap occurred in org.springframework.util.ConcurrentReferenceHashMap$Segment::restructure (@0x00000001130397e8) thread=9219 reason=class_check action=maybe_recompile unloaded_class_index=-1
<jvms bci='59' method='org/springframework/util/ConcurrentReferenceHashMap$Segment restructure (ZLorg/springframework/util/ConcurrentReferenceHashMap$Reference;)V' bytes='316' count='4' backedge_count='29' iicount='4' decompiles='1' predicate_traps='1'/>
</uncommon_trap>
DEOPT PACKING thread 0x00007fce7c80f000 Compiled frame (sp=0x0000000308a7e4f0 unextended sp=0x0000000308a7e4f0, fp=0x00000007958e6248, real_fp=0x0000000308a7e570, pc=0x00000001130397e8)
     nmethod  12431 1837   !         org.springframework.util.ConcurrentReferenceHashMap$Segment::restructure (316 bytes)

     Virtual frames (innermost first):
        0 - frame( sp=0x0000000308a7e4f0, unextended_sp=0x0000000308a7e4f0, fp=0x00000007958e6248, pc=0x00000001130397e8)
org.springframework.util.ConcurrentReferenceHashMap$Segment.restructure(ConcurrentReferenceHashMap.java:593) - invokeinterface @ bci 59 
     Created vframeArray 0x00007fce7d06ba20
DEOPT UNPACKING thread 0x00007fce7c80f000 vframeArray 0x00007fce7d06ba20 mode 2
     {method} {0x0000000119f2cd18} &apos;restructure&apos; &apos;(ZLorg/springframework/util/ConcurrentReferenceHashMap$Reference;)V&apos; in &apos;org/springframework/util/ConcurrentReferenceHashMap$Segment&apos; - invokeinterface @ bci 59 sp = 0x0000000308a7e4a8
<uncommon_trap thread='9219' reason='class_check' action='maybe_recompile' compile_id='1837' compiler='C2' count='1' state='class_check' stamp='12.432'>
Uncommon trap occurred in org.springframework.util.ConcurrentReferenceHashMap$Segment::restructure (@0x00000001130397e8) thread=9219 reason=class_check action=maybe_recompile unloaded_class_index=-1
<jvms bci='59' method='org/springframework/util/ConcurrentReferenceHashMap$Segment restructure (ZLorg/springframework/util/ConcurrentReferenceHashMap$Reference;)V' bytes='316' count='4' backedge_count='57' iicount='4' decompiles='1' class_check_traps='1' predicate_traps='1'/>
</uncommon_trap>
DEOPT PACKING thread 0x00007fce7c80f000 Compiled frame (sp=0x0000000308a7e4f0 unextended sp=0x0000000308a7e4f0, fp=0x00000007958e69c8, real_fp=0x0000000308a7e570, pc=0x00000001130397e8)
     nmethod  12432 1837   !         org.springframework.util.ConcurrentReferenceHashMap$Segment::restructure (316 bytes)

     Virtual frames (innermost first):
        0 - frame( sp=0x0000000308a7e4f0, unextended_sp=0x0000000308a7e4f0, fp=0x00000007958e69c8, pc=0x00000001130397e8)
org.springframework.util.ConcurrentReferenceHashMap$Segment.restructure(ConcurrentReferenceHashMap.java:593) - invokeinterface @ bci 59 
     Created vframeArray 0x00007fce7d093a20
DEOPT UNPACKING thread 0x00007fce7c80f000 vframeArray 0x00007fce7d093a20 mode 2
     {method} {0x0000000119f2cd18} &apos;restructure&apos; &apos;(ZLorg/springframework/util/ConcurrentReferenceHashMap$Reference;)V&apos; in &apos;org/springframework/util/ConcurrentReferenceHashMap$Segment&apos; - invokeinterface @ bci 59 sp = 0x0000000308a7e4a8
<uncommon_trap thread='9219' reason='null_check' action='make_not_entrant' compile_id='655' compiler='C2' stamp='12.441'>
Uncommon trap occurred in java.lang.reflect.Array::newInstance (@0x0000000112dd1400) thread=9219 reason=null_check action=make_not_entrant unloaded_class_index=-1
<jvms bci='2' method='java/lang/reflect/Array newInstance (Ljava/lang/Class;I)Ljava/lang/Object;' bytes='6' count='1' backedge_count='1' iicount='10'/>
</uncommon_trap>
DEOPT PACKING thread 0x00007fce7c80f000 Compiled frame (sp=0x0000000308a7e640 unextended sp=0x0000000308a7e640, fp=0x00000007959fced8, real_fp=0x0000000308a7e670, pc=0x0000000112dd1400)
     nmethod  12440  655             java.lang.reflect.Array::newInstance (6 bytes)

     Virtual frames (innermost first):
        0 - frame( sp=0x0000000308a7e640, unextended_sp=0x0000000308a7e640, fp=0x00000007959fced8, pc=0x0000000112dd1400)
java.lang.reflect.Array.newInstance(Array.java:75) - invokestatic @ bci 2 
     Created vframeArray 0x00007fce7b04e620
DEOPT UNPACKING thread 0x00007fce7c80f000 vframeArray 0x00007fce7b04e620 mode 2
     {method} {0x0000000119e84440} &apos;newInstance&apos; &apos;(Ljava/lang/Class;I)Ljava/lang/Object;&apos; in &apos;java/lang/reflect/Array&apos; - invokestatic @ bci 2 sp = 0x0000000308a7e600
<uncommon_trap thread='9219' reason='class_check' action='maybe_recompile' compile_id='1837' compiler='C2' count='2' state='class_check' stamp='12.445'>
Uncommon trap occurred in org.springframework.util.ConcurrentReferenceHashMap$Segment::restructure (@0x00000001130397e8) thread=9219 reason=class_check action=maybe_recompile unloaded_class_index=-1
<jvms bci='59' method='org/springframework/util/ConcurrentReferenceHashMap$Segment restructure (ZLorg/springframework/util/ConcurrentReferenceHashMap$Reference;)V' bytes='316' count='4' backedge_count='85' iicount='4' decompiles='1' class_check_traps='2' predicate_traps='1'/>
</uncommon_trap>
DEOPT PACKING thread 0x00007fce7c80f000 Compiled frame (sp=0x0000000308a7e420 unextended sp=0x0000000308a7e420, fp=0x00000007958e67e8, real_fp=0x0000000308a7e4a0, pc=0x00000001130397e8)
     nmethod  12444 1837   !         org.springframework.util.ConcurrentReferenceHashMap$Segment::restructure (316 bytes)

     Virtual frames (innermost first):
        0 - frame( sp=0x0000000308a7e420, unextended_sp=0x0000000308a7e420, fp=0x00000007958e67e8, pc=0x00000001130397e8)
org.springframework.util.ConcurrentReferenceHashMap$Segment.restructure(ConcurrentReferenceHashMap.java:593) - invokeinterface @ bci 59 
     Created vframeArray 0x00007fce7b042e20
DEOPT UNPACKING thread 0x00007fce7c80f000 vframeArray 0x00007fce7b042e20 mode 2
     {method} {0x0000000119f2cd18} &apos;restructure&apos; &apos;(ZLorg/springframework/util/ConcurrentReferenceHashMap$Reference;)V&apos; in &apos;org/springframework/util/ConcurrentReferenceHashMap$Segment&apos; - invokeinterface @ bci 59 sp = 0x0000000308a7e3d8
<uncommon_trap thread='9219' reason='class_check' action='maybe_recompile' compile_id='1837' compiler='C2' count='3' state='class_check' stamp='12.447'>
Uncommon trap occurred in org.springframework.util.ConcurrentReferenceHashMap$Segment::restructure (@0x00000001130397e8) thread=9219 reason=class_check action=maybe_recompile unloaded_class_index=-1
<jvms bci='59' method='org/springframework/util/ConcurrentReferenceHashMap$Segment restructure (ZLorg/springframework/util/ConcurrentReferenceHashMap$Reference;)V' bytes='316' count='4' backedge_count='113' iicount='4' decompiles='1' class_check_traps='3' predicate_traps='1'/>
</uncommon_trap>
DEOPT PACKING thread 0x00007fce7c80f000 Compiled frame (sp=0x0000000308a7e490 unextended sp=0x0000000308a7e490, fp=0x00000007958e69c8, real_fp=0x0000000308a7e510, pc=0x00000001130397e8)
     nmethod  12446 1837   !         org.springframework.util.ConcurrentReferenceHashMap$Segment::restructure (316 bytes)

     Virtual frames (innermost first):
        0 - frame( sp=0x0000000308a7e490, unextended_sp=0x0000000308a7e490, fp=0x00000007958e69c8, pc=0x00000001130397e8)
org.springframework.util.ConcurrentReferenceHashMap$Segment.restructure(ConcurrentReferenceHashMap.java:593) - invokeinterface @ bci 59 
     Created vframeArray 0x00007fce7d093a20
DEOPT UNPACKING thread 0x00007fce7c80f000 vframeArray 0x00007fce7d093a20 mode 2
     {method} {0x0000000119f2cd18} &apos;restructure&apos; &apos;(ZLorg/springframework/util/ConcurrentReferenceHashMap$Reference;)V&apos; in &apos;org/springframework/util/ConcurrentReferenceHashMap$Segment&apos; - invokeinterface @ bci 59 sp = 0x0000000308a7e448
<uncommon_trap thread='9219' reason='class_check' action='maybe_recompile' compile_id='1794' compiler='C2' count='3' state='class_check' stamp='12.509'>
Uncommon trap occurred in org.springframework.core.SerializableTypeWrapper$TypeProxyInvocationHandler::invoke (@0x0000000112ea9bd8) thread=9219 reason=class_check action=maybe_recompile unloaded_class_index=-1
<jvms bci='127' method='org/springframework/core/SerializableTypeWrapper$TypeProxyInvocationHandler invoke (Ljava/lang/Object;Ljava/lang/reflect/Method;[Ljava/lang/Object;)Ljava/lang/Object;' bytes='324' count='6' backedge_count='1' iicount='26' decompiles='4' class_check_traps='3' bimorphic_traps='8' unloaded_traps='1'/>
</uncommon_trap>
DEOPT PACKING thread 0x00007fce7c80f000 Compiled frame (sp=0x0000000308a7e2d0 unextended sp=0x0000000308a7e2d0, fp=0x0000000795b109a0, real_fp=0x0000000308a7e370, pc=0x0000000112ea9bd8)
     nmethod  12509 1794             org.springframework.core.SerializableTypeWrapper$TypeProxyInvocationHandler::invoke (324 bytes)

     Virtual frames (innermost first):
        0 - frame( sp=0x0000000308a7e2d0, unextended_sp=0x0000000308a7e2d0, fp=0x0000000795b109a0, pc=0x0000000112ea9bd8)
org.springframework.core.SerializableTypeWrapper$TypeProxyInvocationHandler.invoke(SerializableTypeWrapper.java:192) - instanceof @ bci 127 
     Created vframeArray 0x00007fce7b042e20
DEOPT UNPACKING thread 0x00007fce7c80f000 vframeArray 0x00007fce7b042e20 mode 2
     {method} {0x000000011a03a3c0} &apos;invoke&apos; &apos;(Ljava/lang/Object;Ljava/lang/reflect/Method;[Ljava/lang/Object;)Ljava/lang/Object;&apos; in &apos;org/springframework/core/SerializableTypeWrapper$TypeProxyInvocationHandler&apos; - instanceof @ bci 127 sp = 0x0000000308a7e300
<uncommon_trap thread='9219' reason='class_check' action='maybe_recompile' compile_id='1745' compiler='C2' stamp='12.659'>
Uncommon trap occurred in org.springframework.core.SerializableTypeWrapper::unwrap (@0x0000000113016384) thread=9219 reason=class_check action=maybe_recompile unloaded_class_index=-1
<jvms bci='13' method='org/springframework/core/SerializableTypeWrapper unwrap (Ljava/lang/reflect/Type;)Ljava/lang/reflect/Type;' bytes='34' count='5' backedge_count='1' iicount='10'/>
</uncommon_trap>
DEOPT PACKING thread 0x00007fce7c80f000 Compiled frame (sp=0x0000000308a7e3a0 unextended sp=0x0000000308a7e3a0, fp=0x0000000795b438c8, real_fp=0x0000000308a7e3d0, pc=0x0000000113016384)
     nmethod  12658 1745             org.springframework.core.SerializableTypeWrapper::unwrap (34 bytes)

     Virtual frames (innermost first):
        0 - frame( sp=0x0000000308a7e3a0, unextended_sp=0x0000000308a7e3a0, fp=0x0000000795b438c8, pc=0x0000000113016384)
org.springframework.core.SerializableTypeWrapper.unwrap(SerializableTypeWrapper.java:94) - invokeinterface @ bci 13 
     Created vframeArray 0x00007fce7c08f420
DEOPT UNPACKING thread 0x00007fce7c80f000 vframeArray 0x00007fce7c08f420 mode 2
     {method} {0x000000011a0384c0} &apos;unwrap&apos; &apos;(Ljava/lang/reflect/Type;)Ljava/lang/reflect/Type;&apos; in &apos;org/springframework/core/SerializableTypeWrapper&apos; - invokeinterface @ bci 13 sp = 0x0000000308a7e368
<uncommon_trap thread='9219' reason='class_check' action='maybe_recompile' compile_id='1745' compiler='C2' count='1' state='class_check' stamp='12.660'>
Uncommon trap occurred in org.springframework.core.SerializableTypeWrapper::unwrap (@0x0000000113016384) thread=9219 reason=class_check action=maybe_recompile unloaded_class_index=-1
<jvms bci='13' method='org/springframework/core/SerializableTypeWrapper unwrap (Ljava/lang/reflect/Type;)Ljava/lang/reflect/Type;' bytes='34' count='5' backedge_count='1' iicount='10' class_check_traps='1'/>
</uncommon_trap>
DEOPT PACKING thread 0x00007fce7c80f000 Compiled frame (sp=0x0000000308a7e3a0 unextended sp=0x0000000308a7e3a0, fp=0x0000000795b438c8, real_fp=0x0000000308a7e3d0, pc=0x0000000113016384)
     nmethod  12659 1745             org.springframework.core.SerializableTypeWrapper::unwrap (34 bytes)

     Virtual frames (innermost first):
        0 - frame( sp=0x0000000308a7e3a0, unextended_sp=0x0000000308a7e3a0, fp=0x0000000795b438c8, pc=0x0000000113016384)
org.springframework.core.SerializableTypeWrapper.unwrap(SerializableTypeWrapper.java:94) - invokeinterface @ bci 13 
     Created vframeArray 0x00007fce7d093a20
DEOPT UNPACKING thread 0x00007fce7c80f000 vframeArray 0x00007fce7d093a20 mode 2
     {method} {0x000000011a0384c0} &apos;unwrap&apos; &apos;(Ljava/lang/reflect/Type;)Ljava/lang/reflect/Type;&apos; in &apos;org/springframework/core/SerializableTypeWrapper&apos; - invokeinterface @ bci 13 sp = 0x0000000308a7e368
<uncommon_trap thread='9219' reason='bimorphic' action='maybe_recompile' compile_id='1850' compiler='C2' count='8' stamp='13.001'>
Uncommon trap occurred in org.springframework.core.SerializableTypeWrapper$TypeProxyInvocationHandler::invoke (@0x000000011304483c) thread=9219 reason=bimorphic action=maybe_recompile unloaded_class_index=-1
<jvms bci='147' method='org/springframework/core/SerializableTypeWrapper$TypeProxyInvocationHandler invoke (Ljava/lang/Object;Ljava/lang/reflect/Method;[Ljava/lang/Object;)Ljava/lang/Object;' bytes='324' count='5' backedge_count='1' iicount='29' decompiles='5' class_check_traps='4' bimorphic_traps='8' unloaded_traps='1'/>
</uncommon_trap>
DEOPT PACKING thread 0x00007fce7c80f000 Compiled frame (sp=0x0000000308a7e430 unextended sp=0x0000000308a7e430, fp=0x0000000795a17bf8, real_fp=0x0000000308a7e4d0, pc=0x000000011304483c)
     nmethod  13001 1850             org.springframework.core.SerializableTypeWrapper$TypeProxyInvocationHandler::invoke (324 bytes)

     Virtual frames (innermost first):
        0 - frame( sp=0x0000000308a7e430, unextended_sp=0x0000000308a7e430, fp=0x0000000795a17bf8, pc=0x000000011304483c)
org.springframework.core.SerializableTypeWrapper$TypeProxyInvocationHandler.invoke(SerializableTypeWrapper.java:195) - invokeinterface @ bci 147 
     Created vframeArray 0x00007fce7d098620
DEOPT UNPACKING thread 0x00007fce7c80f000 vframeArray 0x00007fce7d098620 mode 2
     {method} {0x000000011a03a3c0} &apos;invoke&apos; &apos;(Ljava/lang/Object;Ljava/lang/reflect/Method;[Ljava/lang/Object;)Ljava/lang/Object;&apos; in &apos;org/springframework/core/SerializableTypeWrapper$TypeProxyInvocationHandler&apos; - invokeinterface @ bci 147 sp = 0x0000000308a7e440
<uncommon_trap thread='9219' reason='bimorphic' action='maybe_recompile' compile_id='1850' compiler='C2' count='9' state='#7' stamp='13.002'>
Uncommon trap occurred in org.springframework.core.SerializableTypeWrapper$TypeProxyInvocationHandler::invoke (@0x000000011304483c) thread=9219 reason=bimorphic action=maybe_recompile unloaded_class_index=-1
<jvms bci='147' method='org/springframework/core/SerializableTypeWrapper$TypeProxyInvocationHandler invoke (Ljava/lang/Object;Ljava/lang/reflect/Method;[Ljava/lang/Object;)Ljava/lang/Object;' bytes='324' count='5' backedge_count='1' iicount='29' decompiles='5' class_check_traps='4' bimorphic_traps='9' unloaded_traps='1'/>
</uncommon_trap>
DEOPT PACKING thread 0x00007fce7c80f000 Compiled frame (sp=0x0000000308a7e3d0 unextended sp=0x0000000308a7e3d0, fp=0x0000000795a17bf8, real_fp=0x0000000308a7e470, pc=0x000000011304483c)
     nmethod  13001 1850             org.springframework.core.SerializableTypeWrapper$TypeProxyInvocationHandler::invoke (324 bytes)

     Virtual frames (innermost first):
        0 - frame( sp=0x0000000308a7e3d0, unextended_sp=0x0000000308a7e3d0, fp=0x0000000795a17bf8, pc=0x000000011304483c)
org.springframework.core.SerializableTypeWrapper$TypeProxyInvocationHandler.invoke(SerializableTypeWrapper.java:195) - invokeinterface @ bci 147 
     Created vframeArray 0x00007fce7c08f420
DEOPT UNPACKING thread 0x00007fce7c80f000 vframeArray 0x00007fce7c08f420 mode 2
     {method} {0x000000011a03a3c0} &apos;invoke&apos; &apos;(Ljava/lang/Object;Ljava/lang/reflect/Method;[Ljava/lang/Object;)Ljava/lang/Object;&apos; in &apos;org/springframework/core/SerializableTypeWrapper$TypeProxyInvocationHandler&apos; - invokeinterface @ bci 147 sp = 0x0000000308a7e3e0
<uncommon_trap thread='9219' reason='class_check' action='maybe_recompile' compile_id='1745' compiler='C2' count='2' state='class_check' stamp='13.045'>
Uncommon trap occurred in org.springframework.core.SerializableTypeWrapper::unwrap (@0x0000000113016384) thread=9219 reason=class_check action=maybe_recompile unloaded_class_index=-1
<jvms bci='13' method='org/springframework/core/SerializableTypeWrapper unwrap (Ljava/lang/reflect/Type;)Ljava/lang/reflect/Type;' bytes='34' count='5' backedge_count='1' iicount='10' class_check_traps='2'/>
</uncommon_trap>
DEOPT PACKING thread 0x00007fce7c80f000 Compiled frame (sp=0x0000000308a7e3a0 unextended sp=0x0000000308a7e3a0, fp=0x0000000795bcc810, real_fp=0x0000000308a7e3d0, pc=0x0000000113016384)
     nmethod  13044 1745             org.springframework.core.SerializableTypeWrapper::unwrap (34 bytes)

     Virtual frames (innermost first):
        0 - frame( sp=0x0000000308a7e3a0, unextended_sp=0x0000000308a7e3a0, fp=0x0000000795bcc810, pc=0x0000000113016384)
org.springframework.core.SerializableTypeWrapper.unwrap(SerializableTypeWrapper.java:94) - invokeinterface @ bci 13 
     Created vframeArray 0x00007fce7c067020
DEOPT UNPACKING thread 0x00007fce7c80f000 vframeArray 0x00007fce7c067020 mode 2
     {method} {0x000000011a0384c0} &apos;unwrap&apos; &apos;(Ljava/lang/reflect/Type;)Ljava/lang/reflect/Type;&apos; in &apos;org/springframework/core/SerializableTypeWrapper&apos; - invokeinterface @ bci 13 sp = 0x0000000308a7e368
<uncommon_trap thread='9219' reason='class_check' action='maybe_recompile' compile_id='1745' compiler='C2' count='3' state='class_check' stamp='13.083'>
Uncommon trap occurred in org.springframework.core.SerializableTypeWrapper::unwrap (@0x0000000113016384) thread=9219 reason=class_check action=maybe_recompile unloaded_class_index=-1
<jvms bci='13' method='org/springframework/core/SerializableTypeWrapper unwrap (Ljava/lang/reflect/Type;)Ljava/lang/reflect/Type;' bytes='34' count='5' backedge_count='1' iicount='10' class_check_traps='3'/>
</uncommon_trap>
DEOPT PACKING thread 0x00007fce7c80f000 Compiled frame (sp=0x0000000308a7e3a0 unextended sp=0x0000000308a7e3a0, fp=0x0000000795c93f88, real_fp=0x0000000308a7e3d0, pc=0x0000000113016384)
     nmethod  13083 1745             org.springframework.core.SerializableTypeWrapper::unwrap (34 bytes)

     Virtual frames (innermost first):
        0 - frame( sp=0x0000000308a7e3a0, unextended_sp=0x0000000308a7e3a0, fp=0x0000000795c93f88, pc=0x0000000113016384)
org.springframework.core.SerializableTypeWrapper.unwrap(SerializableTypeWrapper.java:94) - invokeinterface @ bci 13 
     Created vframeArray 0x00007fce7c8a8620
DEOPT UNPACKING thread 0x00007fce7c80f000 vframeArray 0x00007fce7c8a8620 mode 2
     {method} {0x000000011a0384c0} &apos;unwrap&apos; &apos;(Ljava/lang/reflect/Type;)Ljava/lang/reflect/Type;&apos; in &apos;org/springframework/core/SerializableTypeWrapper&apos; - invokeinterface @ bci 13 sp = 0x0000000308a7e368
<uncommon_trap thread='9219' reason='unstable_if' action='reinterpret' compile_id='1886' compile_kind='osr' compiler='C2' stamp='13.226'>
Uncommon trap occurred in repro.ResolvableTypeC2Repro::exerciseSharedCacheRingOsr (@0x000000011306e9a0) thread=9219 reason=unstable_if action=reinterpret unloaded_class_index=-1
<jvms bci='28' method='repro/ResolvableTypeC2Repro exerciseSharedCacheRingOsr (II)V' bytes='640' count='1' backedge_count='1026' iicount='1'/>
</uncommon_trap>
DEOPT PACKING thread 0x00007fce7c80f000 Compiled frame (sp=0x0000000308a7e7d0 unextended sp=0x0000000308a7e7d0, fp=0x0000000000000000, real_fp=0x0000000308a7e8b0, pc=0x000000011306e9a0)
     nmethod  13226 1886 % !         repro.ResolvableTypeC2Repro::exerciseSharedCacheRingOsr @ -2 (640 bytes)

     Virtual frames (innermost first):
        0 - frame( sp=0x0000000308a7e7d0, unextended_sp=0x0000000308a7e7d0, fp=0x0000000000000000, pc=0x000000011306e9a0)
repro.ResolvableTypeC2Repro.exerciseSharedCacheRingOsr(ResolvableTypeC2Repro.java:537) - if_icmpge @ bci 28 
     Created vframeArray 0x00007fce7c8ab020
DEOPT UNPACKING thread 0x00007fce7c80f000 vframeArray 0x00007fce7c8ab020 mode 2
     {method} {0x0000000119f1a130} &apos;exerciseSharedCacheRingOsr&apos; &apos;(II)V&apos; in &apos;repro/ResolvableTypeC2Repro&apos; - if_icmpge @ bci 28 sp = 0x0000000308a7e7c0
C1 Runtime statistics:
 _resolve_invoke_virtual_cnt:     91
 _resolve_invoke_opt_virtual_cnt: 2363
 _resolve_invoke_static_cnt:      1169
 _handle_wrong_method_cnt:        115
 _ic_miss_cnt:                    56
 _generic_arraycopy_cnt:          0
 _generic_arraycopystub_cnt:      0
 _byte_arraycopy_cnt:             0
 _short_arraycopy_cnt:            0
 _int_arraycopy_cnt:              0
 _long_arraycopy_cnt:             0
 _primitive_arraycopy_cnt:        0
 _oop_arraycopy_cnt (C):          0
 _oop_arraycopy_cnt (stub):       0
 _arraycopy_slowcase_cnt:         0
 _arraycopy_checkcast_cnt:        0
 _arraycopy_checkcast_attempt_cnt:0
 _new_type_array_slowcase_cnt:    0
 _new_object_array_slowcase_cnt:  0
 _new_instance_slowcase_cnt:      0
 _new_multi_array_slowcase_cnt:   0
 _monitorenter_slowcase_cnt:      0
 _monitorexit_slowcase_cnt:       0
 _patch_code_slowcase_cnt:        0
 _throw_range_check_exception_count:            0:
 _throw_index_exception_count:                  0:
 _throw_div0_exception_count:                   0:
 _throw_null_pointer_exception_count:           0:
 _throw_class_cast_exception_count:             0:
 _throw_incompatible_class_change_error_count:  0:
 _throw_array_store_exception_count:            0:
 _throw_count:                                  0:

<statistics type='deoptimization'>
Deoptimization traps recorded:
   236 (100.0%) total
     null_check/make_not_entrant/checkcast: 2 (0.8%)
    null_check/make_not_entrant/instanceof: 2 (0.8%)
       null_check/make_not_entrant/aastore: 1 (0.4%)
  null_check/make_not_entrant/invokestatic: 1 (0.4%)
   null_assert/make_not_entrant/instanceof: 1 (0.4%)
     null_assert/make_not_entrant/astore_3: 1 (0.4%)
      null_assert/make_not_entrant/areturn: 1 (0.4%)
  class_check/maybe_recompile/invokevirtual: 52 (22.0%)
    class_check/maybe_recompile/instanceof: 23 (9.7%)
  class_check/maybe_recompile/invokeinterface: 30 (12.7%)
       array_check/maybe_recompile/aastore: 8 (3.4%)
   bimorphic/maybe_recompile/invokevirtual: 25 (10.6%)
  bimorphic/maybe_recompile/invokeinterface: 14 (5.9%)
                  unloaded/reinterpret/new: 6 (2.5%)
         unloaded/reinterpret/invokestatic: 2 (0.8%)
       uninitialized/reinterpret/getstatic: 39 (16.5%)
                       constraint/none/nop: 4 (1.7%)
           predicate/maybe_recompile/aload: 3 (1.3%)
         predicate/maybe_recompile/aload_0: 2 (0.8%)
    loop_limit_check/maybe_recompile/aload: 2 (0.8%)
    loop_limit_check/maybe_recompile/iload: 1 (0.4%)
  loop_limit_check/maybe_recompile/aload_0: 1 (0.4%)
  speculate_class_check/maybe_recompile/instanceof: 3 (1.3%)
  speculate_class_check/maybe_recompile/invokevirtual: 4 (1.7%)
         unstable_if/reinterpret/if_icmpeq: 1 (0.4%)
         unstable_if/reinterpret/if_icmpge: 2 (0.8%)
              unstable_if/reinterpret/iflt: 1 (0.4%)
               unstable_if/reinterpret/nop: 4 (1.7%)
</statistics>
<statistics type='SharedRuntime'>
   18 new instance requires GC
   12 new array requires GC
   56 inline cache miss in compiled
  115 wrong method
 1169 unresolved static call site
   91 unresolved virtual call site
 2363 unresolved opt virtual call site
190422 slow partial subtype
 1267 byte array copies
10317 short array copies
  882 int array copies
78421 long array copies
  213 checkcast array copies
  142 find exception handler
  135 rethrow handler
AdapterHandlerTable: empty 154 longest 3 total 185 average 1.330935
AdapterHandlerTable: lookups 9193 buckets 9596 equals 8733 hits 8733 compact 8733
</statistics>
<statistics type='nmethod'>
Statistics for 128 native nmethods:
 N. total size  = 124240
 N. relocation  = 10496
 N. main code   = 73104
Statistics for 1766 bytecoded nmethods:
 total in heap  = 3923184
 relocation     = 207616
 constants      = 4224
 main code      = 1426400
 stub code      = 111624
 oops           = 4928
 scopes data    = 456096
 scopes pcs     = 898000
 dependencies   = 15360
 handler table  = 152672
 nul chk table  = 27456
Debug Data Chunks: 105561, shared 14919+31132, non-SP&apos;s elided 469
PcDesc Statistics:  7780 queries, 8.46 comparisons per query
  caches=1766 queries=7780/0, hits=0+1805, tests=28126+37685, adds=5975
</statistics>
<statistics type='opto'>
--- Compiler Statistics ---
Methods seen: 6086  Methods parsed: 6086  Nodes created: 1389788
Blocks parsed: 17232  Blocks seen: 18759
22381 original NULL checks - 16786 elided (75%); optimizer leaves 6144,
2548 made implicit (41%)
CCP: 1766  constants found: 11
Total frameslots = 11512, Max frameslots = 64
Inserted 0 spill loads, 0 spill stores, 0 mem-mem moves and 0 copies.
Total load cost=      0, store cost =      0, mem-mem cost =  0.00, copy cost =     0.
Adjusted spill cost =       0.
Conservatively coalesced 18345 copies, 0 pairs, 25503 post alloc.
Used cisc instruction  977,  remained in register 6775
Average allocation trips 1.735129
High Pressure Blocks = 0, Low Pressure Blocks = 0
Nops added 0 bytes to total of 1400090 bytes, for 0.00%
Peephole: peephole rules applied: 0
PhaseIdealLoop=5734, sum _unique=2971401
</statistics>
<statistics type='intrinsic'>
Compiler intrinsic usage:
    30 ( 4.9%) _hashCode (worked,virtual,nonvirtual)
    61 (10.0%) _getClass (worked)
    35 ( 5.8%) _clone (worked)
    34 ( 5.6%) _min (worked)
    16 ( 2.6%) _max (worked)
     1 ( 0.2%) _floatToRawIntBits (worked)
     1 ( 0.2%) _numberOfLeadingZeros_i (worked)
     4 ( 0.7%) _identityHashCode (worked)
     3 ( 0.5%) _currentTimeMillis (worked)
     7 ( 1.2%) _nanoTime (worked)
    51 ( 8.4%) _arraycopy (worked)
     3 ( 0.5%) _isInterrupted (worked)
    15 ( 2.5%) _currentThread (worked)
    22 ( 3.6%) _isAssignableFrom (worked)
     2 ( 0.3%) _isInstance (worked)
    11 ( 1.8%) _getModifiers (worked)
    27 ( 4.4%) _isInterface (worked)
    26 ( 4.3%) _isArray (worked)
    41 ( 6.7%) _isPrimitive (worked)
    13 ( 2.1%) _getSuperclass (worked)
    10 ( 1.6%) _getComponentType (worked)
     7 ( 1.2%) _getClassAccessFlags (worked)
    15 ( 2.5%) _getCallerClass (worked,failed)
     4 ( 0.7%) _newArray (worked)
     3 ( 0.5%) _copyOf (worked)
     5 ( 0.8%) _copyOfRange (worked)
     1 ( 0.2%) _equalsC (worked)
    15 ( 2.5%) _indexOf (worked)
    74 (12.2%) _equals (worked)
     0 ( 0.0%) _checkIndex (disabled)
    26 ( 4.3%) _Reference_get (worked)
     2 ( 0.3%) _updateBytesCRC32 (worked)
    12 ( 2.0%) _getObjectVolatile (worked)
     2 ( 0.3%) _getIntVolatile (worked)
     4 ( 0.7%) _putObjectVolatile (worked)
     3 ( 0.5%) _getLong_raw (worked)
     2 ( 0.3%) _putLong_raw (worked)
     5 ( 0.8%) _compareAndSwapObject (worked)
     2 ( 0.3%) _compareAndSwapLong (worked)
    11 ( 1.8%) _compareAndSwapInt (worked)
     2 ( 0.3%) _getAndAddInt (worked)
   608 (100.0%) total (worked,failed,disabled,virtual,nonvirtual)
</statistics>
<writer thread='16899'/>
<destroy_vm stamp='13.270'/>
<tty_done stamp='13.295'/>
</tty>
<hotspot_log_done stamp='13.295'/>
</hotspot_log>
