<?xml version='1.0' encoding='UTF-8'?>
<hotspot_log version='160 1' process='20351' time_ms='1783159554516'>
<vm_version>
<name>
OpenJDK 64-Bit Server VM
</name>
<release>
25.512-b00-fastdebug
</release>
<info>
OpenJDK 64-Bit Server VM (25.512-b00-fastdebug) for bsd-amd64 JRE (1.8.0_512-internal-xiezhaokun_2026_07_04_16_29-b00), built on Jul  4 2026 18:04:06 by &quot;xiezhaokun&quot; with gcc Apple LLVM 16.0.0 (clang-1600.0.26.6)
</info>
</vm_version>
<vm_arguments>
<args>
-Xbatch -XX:CompileThreshold=50 -XX:BackEdgeThreshold=100 -XX:-TieredCompilation -XX:CICompilerCount=1 -XX:+UnlockDiagnosticVMOptions -XX:CompileCommand=quiet -XX:+StressGCM -XX:+StressLCM -XX:+StressReflectiveCode -XX:+TraceDeoptimization -Drepro.iterations=60000 -Drepro.seconds=0 -Drepro.clearCacheEvery=257 -Drepro.deoptAfter=16000 -Drepro.target=osr 
</args>
<command>
repro.ResolvableTypeC2Repro
</command>
<launcher>
SUN_STANDARD
</launcher>
<properties>
java.vm.specification.name=Java Virtual Machine Specification
java.vm.version=25.512-b00-fastdebug
java.vm.name=OpenJDK 64-Bit Server VM
java.vm.info=mixed mode, sharing
java.ext.dirs=/Users/xiezhaokun/Library/Java/Extensions:/Users/xiezhaokun/workspace/jdk8u-dev/build/codex-fastdebug-x86_64/jdk/lib/ext:/Library/Java/Extensions:/Network/Library/Java/Extensions:/System/Library/Java/Extensions:/usr/lib/java
java.endorsed.dirs=/Users/xiezhaokun/workspace/jdk8u-dev/build/codex-fastdebug-x86_64/jdk/lib/endorsed
sun.boot.library.path=/Users/xiezhaokun/workspace/jdk8u-dev/build/codex-fastdebug-x86_64/jdk/lib
java.library.path=/Users/xiezhaokun/Library/Java/Extensions:/Library/Java/Extensions:/Network/Library/Java/Extensions:/System/Library/Java/Extensions:/usr/lib/java:.
java.home=/Users/xiezhaokun/workspace/jdk8u-dev/build/codex-fastdebug-x86_64/jdk
java.class.path=/Users/xiezhaokun/workspace/jdk8u-dev/repro/spring-resolvabletype-c2/target/classes:/Users/xiezhaokun/workspace/jdk8u-dev/repro/spring-resolvabletype-c2/target/dependency/spring-core-5.3.31.jar:/Users/xiezhaokun/workspace/jdk8u-dev/repro/spring-resolvabletype-c2/target/dependency/spring-jcl-5.3.31.jar
sun.boot.class.path=/Users/xiezhaokun/workspace/jdk8u-dev/build/codex-fastdebug-x86_64/jdk/lib/resources.jar:/Users/xiezhaokun/workspace/jdk8u-dev/build/codex-fastdebug-x86_64/jdk/lib/rt.jar:/Users/xiezhaokun/workspace/jdk8u-dev/build/codex-fastdebug-x86_64/jdk/lib/sunrsasign.jar:/Users/xiezhaokun/workspace/jdk8u-dev/build/codex-fastdebug-x86_64/jdk/lib/jsse.jar:/Users/xiezhaokun/workspace/jdk8u-dev/build/codex-fastdebug-x86_64/jdk/lib/jce.jar:/Users/xiezhaokun/workspace/jdk8u-dev/build/codex-fastdebug-x86_64/jdk/lib/charsets.jar:/Users/xiezhaokun/workspace/jdk8u-dev/build/codex-fastdebug-x86_64/jdk/lib/jfr.jar:/Users/xiezhaokun/workspace/jdk8u-dev/build/codex-fastdebug-x86_64/jdk/classes
java.vm.specification.vendor=Oracle Corporation
java.vm.specification.version=1.8
java.vm.vendor=Oracle Corporation
repro.iterations=60000
repro.seconds=0
repro.clearCacheEvery=257
repro.deoptAfter=16000
repro.target=osr
sun.java.command=repro.ResolvableTypeC2Repro
sun.java.launcher=SUN_STANDARD
</properties>
</vm_arguments>
<tty>
<blob name='MethodHandlesAdapterBlob' size='182000'>
<sect index='1' size='182000' free='177710'/>
</blob>
<writer thread='8963'/>
<uncommon_trap thread='8963' reason='unstable_if' action='reinterpret' compile_id='6' compiler='C2' stamp='0.403'>
Uncommon trap occurred in java.lang.String::equals (@0x000000011347e448) thread=8963 reason=unstable_if action=reinterpret unloaded_class_index=-1
<jvms bci='66' method='java/lang/String equals (Ljava/lang/Object;)Z' bytes='81' count='25' backedge_count='25' iicount='251'/>
</uncommon_trap>
DEOPT PACKING thread 0x00007f868d00d000 Compiled frame (sp=0x000000030923af20 unextended sp=0x000000030923af20, fp=0x0000000000000009, real_fp=0x000000030923af60, pc=0x000000011347e448)
     nmethod    403    6             java.lang.String::equals (81 bytes)

     Virtual frames (innermost first):
        0 - frame( sp=0x000000030923af20, unextended_sp=0x000000030923af20, fp=0x0000000000000009, pc=0x000000011347e448)
java.lang.String.equals(String.java:988) - if_icmpeq @ bci 66 
     Created vframeArray 0x00007f868e838020
DEOPT UNPACKING thread 0x00007f868d00d000 vframeArray 0x00007f868e838020 mode 2
     {method} {0x000000010fc05488} &apos;equals&apos; &apos;(Ljava/lang/Object;)Z&apos; in &apos;java/lang/String&apos; - if_icmpeq @ bci 66 sp = 0x000000030923aed8
<dependency_failed type='abstract_with_unique_concrete_subtype' ctxk='java/nio/ByteBuffer' x='java/nio/HeapByteBuffer' witness='java/nio/DirectByteBuffer' stamp='0.463'/>
<uncommon_trap thread='8963' reason='unstable_if' action='reinterpret' compile_id='16' compiler='C2' stamp='0.625'>
Uncommon trap occurred in java.lang.String::replace (@0x00000001134b12f4) thread=8963 reason=unstable_if action=reinterpret unloaded_class_index=-1
<jvms bci='26' method='java/lang/String replace (CC)Ljava/lang/String;' bytes='127' count='12' backedge_count='52' iicount='12'/>
</uncommon_trap>
DEOPT PACKING thread 0x00007f868d00d000 Compiled frame (sp=0x000000030923d650 unextended sp=0x000000030923d650, fp=0x0000000000000005, real_fp=0x000000030923d6b0, pc=0x00000001134b12f4)
     nmethod    625   16             java.lang.String::replace (127 bytes)

     Virtual frames (innermost first):
        0 - frame( sp=0x000000030923d650, unextended_sp=0x000000030923d650, fp=0x0000000000000005, pc=0x00000001134b12f4)
java.lang.String.replace(String.java:2072) - if_icmpge @ bci 26 
     Created vframeArray 0x00007f868d01fc20
DEOPT UNPACKING thread 0x00007f868d00d000 vframeArray 0x00007f868d01fc20 mode 2
     {method} {0x000000010fc077c8} &apos;replace&apos; &apos;(CC)Ljava/lang/String;&apos; in &apos;java/lang/String&apos; - if_icmpge @ bci 26 sp = 0x000000030923d628
<uncommon_trap thread='8963' reason='loop_limit_check' action='maybe_recompile' compile_id='29' compiler='C2' stamp='0.691'>
Uncommon trap occurred in java.lang.String::equals (@0x00000001134b96bc) thread=8963 reason=loop_limit_check action=maybe_recompile unloaded_class_index=-1
<jvms bci='56' method='java/lang/String equals (Ljava/lang/Object;)Z' bytes='81' count='20' backedge_count='25' iicount='270' decompiles='1' unstable_if_traps='1'/>
</uncommon_trap>
DEOPT PACKING thread 0x00007f868d00d000 Compiled frame (sp=0x000000030923cf40 unextended sp=0x000000030923cf40, fp=0x0000000000000000, real_fp=0x000000030923cf80, pc=0x00000001134b96bc)
     nmethod    690   29             java.lang.String::equals (81 bytes)

     Virtual frames (innermost first):
        0 - frame( sp=0x000000030923cf40, unextended_sp=0x000000030923cf40, fp=0x0000000000000000, pc=0x00000001134b96bc)
java.lang.String.equals(String.java:988) - aload @ bci 56 
     Created vframeArray 0x00007f868e838020
DEOPT UNPACKING thread 0x00007f868d00d000 vframeArray 0x00007f868e838020 mode 2
     {method} {0x000000010fc05488} &apos;equals&apos; &apos;(Ljava/lang/Object;)Z&apos; in &apos;java/lang/String&apos; - aload @ bci 56 sp = 0x000000030923cf08
<uncommon_trap thread='8963' reason='predicate' action='maybe_recompile' compile_id='60' compiler='C2' stamp='0.810'>
Uncommon trap occurred in sun.net.www.ParseUtil::encodePath (@0x00000001134ca650) thread=8963 reason=predicate action=maybe_recompile unloaded_class_index=-1
<jvms bci='36' method='sun/net/www/ParseUtil encodePath (Ljava/lang/String;Z)Ljava/lang/String;' bytes='336' count='7' backedge_count='58' iicount='7'/>
</uncommon_trap>
DEOPT PACKING thread 0x00007f868d00d000 Compiled frame (sp=0x000000030923c5e0 unextended sp=0x000000030923c5e0, fp=0x00000007955f19b0, real_fp=0x000000030923c650, pc=0x00000001134ca650)
     nmethod    810   60             sun.net.www.ParseUtil::encodePath (336 bytes)

     Virtual frames (innermost first):
        0 - frame( sp=0x000000030923c5e0, unextended_sp=0x000000030923c5e0, fp=0x00000007955f19b0, pc=0x00000001134ca650)
sun.net.www.ParseUtil.encodePath(ParseUtil.java:111) - aload @ bci 36 
     Created vframeArray 0x00007f868f008220
DEOPT UNPACKING thread 0x00007f868d00d000 vframeArray 0x00007f868f008220 mode 2
     {method} {0x000000010fddfe08} &apos;encodePath&apos; &apos;(Ljava/lang/String;Z)Ljava/lang/String;&apos; in &apos;sun/net/www/ParseUtil&apos; - aload @ bci 36 sp = 0x000000030923c5c0
<uncommon_trap thread='8963' reason='class_check' action='maybe_recompile' compile_id='71' compiler='C2' stamp='0.818'>
Uncommon trap occurred in java.util.HashMap::getNode (@0x00000001134d0e1c) thread=8963 reason=class_check action=maybe_recompile unloaded_class_index=-1
<jvms bci='59' method='java/util/HashMap getNode (ILjava/lang/Object;)Ljava/util/HashMap$Node;' bytes='148' count='25' backedge_count='1' iicount='50'/>
</uncommon_trap>
DEOPT PACKING thread 0x00007f868d00d000 Compiled frame (sp=0x000000030923c470 unextended sp=0x000000030923c470, fp=0x0000000001494fe6, real_fp=0x000000030923c4b0, pc=0x00000001134d0e1c)
     nmethod    817   71             java.util.HashMap::getNode (148 bytes)

     Virtual frames (innermost first):
        0 - frame( sp=0x000000030923c470, unextended_sp=0x000000030923c470, fp=0x0000000001494fe6, pc=0x00000001134d0e1c)
java.util.HashMap.getNode(HashMap.java:573) - invokevirtual @ bci 59 
     Created vframeArray 0x00007f868e838020
DEOPT UNPACKING thread 0x00007f868d00d000 vframeArray 0x00007f868e838020 mode 2
     {method} {0x000000010fd15dc8} &apos;getNode&apos; &apos;(ILjava/lang/Object;)Ljava/util/HashMap$Node;&apos; in &apos;java/util/HashMap&apos; - invokevirtual @ bci 59 sp = 0x000000030923c428
<uncommon_trap thread='8963' reason='class_check' action='maybe_recompile' compile_id='71' compiler='C2' count='1' state='class_check' stamp='0.886'>
Uncommon trap occurred in java.util.HashMap::getNode (@0x00000001134d0e1c) thread=8963 reason=class_check action=maybe_recompile unloaded_class_index=-1
<jvms bci='59' method='java/util/HashMap getNode (ILjava/lang/Object;)Ljava/util/HashMap$Node;' bytes='148' count='25' backedge_count='1' iicount='50' class_check_traps='1'/>
</uncommon_trap>
DEOPT PACKING thread 0x00007f868d00d000 Compiled frame (sp=0x0000000309239ba0 unextended sp=0x0000000309239ba0, fp=0x0000000001494fe6, real_fp=0x0000000309239be0, pc=0x00000001134d0e1c)
     nmethod    886   71             java.util.HashMap::getNode (148 bytes)

     Virtual frames (innermost first):
        0 - frame( sp=0x0000000309239ba0, unextended_sp=0x0000000309239ba0, fp=0x0000000001494fe6, pc=0x00000001134d0e1c)
java.util.HashMap.getNode(HashMap.java:573) - invokevirtual @ bci 59 
     Created vframeArray 0x00007f868e822c20
DEOPT UNPACKING thread 0x00007f868d00d000 vframeArray 0x00007f868e822c20 mode 2
     {method} {0x000000010fd15dc8} &apos;getNode&apos; &apos;(ILjava/lang/Object;)Ljava/util/HashMap$Node;&apos; in &apos;java/util/HashMap&apos; - invokevirtual @ bci 59 sp = 0x0000000309239b58
<uncommon_trap thread='8963' reason='class_check' action='maybe_recompile' compile_id='71' compiler='C2' count='2' state='class_check' stamp='0.896'>
Uncommon trap occurred in java.util.HashMap::getNode (@0x00000001134d0e1c) thread=8963 reason=class_check action=maybe_recompile unloaded_class_index=-1
<jvms bci='59' method='java/util/HashMap getNode (ILjava/lang/Object;)Ljava/util/HashMap$Node;' bytes='148' count='25' backedge_count='1' iicount='50' class_check_traps='2'/>
</uncommon_trap>
DEOPT PACKING thread 0x00007f868d00d000 Compiled frame (sp=0x000000030923c470 unextended sp=0x000000030923c470, fp=0x0000000001494fe6, real_fp=0x000000030923c4b0, pc=0x00000001134d0e1c)
     nmethod    896   71             java.util.HashMap::getNode (148 bytes)

     Virtual frames (innermost first):
        0 - frame( sp=0x000000030923c470, unextended_sp=0x000000030923c470, fp=0x0000000001494fe6, pc=0x00000001134d0e1c)
java.util.HashMap.getNode(HashMap.java:573) - invokevirtual @ bci 59 
     Created vframeArray 0x00007f868f008220
DEOPT UNPACKING thread 0x00007f868d00d000 vframeArray 0x00007f868f008220 mode 2
     {method} {0x000000010fd15dc8} &apos;getNode&apos; &apos;(ILjava/lang/Object;)Ljava/util/HashMap$Node;&apos; in &apos;java/util/HashMap&apos; - invokevirtual @ bci 59 sp = 0x000000030923c428
<dependency_failed type='leaf_type' ctxk='java/util/concurrent/ConcurrentHashMap$Node' witness='java/util/concurrent/ConcurrentHashMap$ForwardingNode' stamp='0.898'/>
DEOPT PACKING thread 0x00007f868d00d000 Deoptimized frame (sp=0x000000030923d2b0 unextended sp=0x000000030923d2b0, fp=0x0000000000000000, real_fp=0x000000030923d380, pc=0x00000001134d4f3c)
     nmethod    902   77   !         java.util.concurrent.ConcurrentHashMap::putVal (362 bytes)

     Virtual frames (innermost first):
        0 - frame( sp=0x000000030923d2b0, unextended_sp=0x000000030923d2b0, fp=0x0000000000000000, pc=0x00000001134d4f3c)
java.util.concurrent.ConcurrentHashMap.putVal(ConcurrentHashMap.java:1070) - invokespecial @ bci 357 
     Created vframeArray 0x00007f868e822c20
DEOPT UNPACKING thread 0x00007f868d00d000 vframeArray 0x00007f868e822c20 mode 0
     {method} {0x000000010fdfce70} &apos;putVal&apos; &apos;(Ljava/lang/Object;Ljava/lang/Object;Z)Ljava/lang/Object;&apos; in &apos;java/util/concurrent/ConcurrentHashMap&apos; - invokespecial @ bci 357 sp = 0x000000030923d2c8
<uncommon_trap thread='8963' reason='class_check' action='maybe_recompile' compile_id='71' compiler='C2' count='3' state='class_check' stamp='0.943'>
Uncommon trap occurred in java.util.HashMap::getNode (@0x00000001134d0e1c) thread=8963 reason=class_check action=maybe_recompile unloaded_class_index=-1
<jvms bci='59' method='java/util/HashMap getNode (ILjava/lang/Object;)Ljava/util/HashMap$Node;' bytes='148' count='25' backedge_count='1' iicount='50' class_check_traps='3'/>
</uncommon_trap>
DEOPT PACKING thread 0x00007f868d00d000 Compiled frame (sp=0x000000030923c470 unextended sp=0x000000030923c470, fp=0x0000000001494fe6, real_fp=0x000000030923c4b0, pc=0x00000001134d0e1c)
     nmethod    942   71             java.util.HashMap::getNode (148 bytes)

     Virtual frames (innermost first):
        0 - frame( sp=0x000000030923c470, unextended_sp=0x000000030923c470, fp=0x0000000001494fe6, pc=0x00000001134d0e1c)
java.util.HashMap.getNode(HashMap.java:573) - invokevirtual @ bci 59 
     Created vframeArray 0x00007f868e838c20
DEOPT UNPACKING thread 0x00007f868d00d000 vframeArray 0x00007f868e838c20 mode 2
     {method} {0x000000010fd15dc8} &apos;getNode&apos; &apos;(ILjava/lang/Object;)Ljava/util/HashMap$Node;&apos; in &apos;java/util/HashMap&apos; - invokevirtual @ bci 59 sp = 0x000000030923c428
<uncommon_trap thread='8963' reason='unstable_if' action='reinterpret' compile_id='116' compiler='C2' stamp='1.470'>
Uncommon trap occurred in java.util.zip.ZipCoder::getBytes (@0x00000001134e3954) thread=8963 reason=unstable_if action=reinterpret unloaded_class_index=-1
<jvms bci='4' method='java/util/zip/ZipCoder encoder ()Ljava/nio/charset/CharsetEncoder;' bytes='35' count='25' backedge_count='1' iicount='50'/>
<jvms bci='1' method='java/util/zip/ZipCoder getBytes (Ljava/lang/String;)[B' bytes='192' count='25' backedge_count='1' iicount='50'/>
</uncommon_trap>
DEOPT PACKING thread 0x00007f868d00d000 Compiled frame (sp=0x000000030923ac20 unextended sp=0x000000030923ac20, fp=0x00000000f8000044, real_fp=0x000000030923ac70, pc=0x00000001134e3954)
     nmethod   1470  116             java.util.zip.ZipCoder::getBytes (192 bytes)

     Virtual frames (innermost first):
        0 - frame( sp=0x000000030923ac20, unextended_sp=0x000000030923ac20, fp=0x00000000f8000044, pc=0x00000001134e3954)
java.util.zip.ZipCoder.encoder(ZipCoder.java:152) - ifnonnull @ bci 4 
        1 - frame( sp=0x000000030923ac20, unextended_sp=0x000000030923ac20, fp=0x00000000f8000044, pc=0x00000001134e3954)
java.util.zip.ZipCoder.getBytes(ZipCoder.java:77) - invokespecial @ bci 1 
     Created vframeArray 0x00007f868e04ee20
DEOPT UNPACKING thread 0x00007f868d00d000 vframeArray 0x00007f868e04ee20 mode 2
     {method} {0x000000010fe75660} &apos;getBytes&apos; &apos;(Ljava/lang/String;)[B&apos; in &apos;java/util/zip/ZipCoder&apos; - invokespecial @ bci 1 sp = 0x000000030923abd0
     {method} {0x000000010fe75c30} &apos;encoder&apos; &apos;()Ljava/nio/charset/CharsetEncoder;&apos; in &apos;java/util/zip/ZipCoder&apos; - ifnonnull @ bci 4 sp = 0x000000030923ab78
<uncommon_trap thread='8963' reason='unstable_if' action='reinterpret' compile_id='147' compiler='C2' stamp='1.472'>
Uncommon trap occurred in java.util.jar.JarFile::getJarEntry (@0x00000001134e9478) thread=8963 reason=unstable_if action=reinterpret unloaded_class_index=-1
<jvms bci='7' method='java/util/jar/JarFile getEntry (Ljava/lang/String;)Ljava/util/zip/ZipEntry;' bytes='22' count='25' backedge_count='1' iicount='50'/>
<jvms bci='2' method='java/util/jar/JarFile getJarEntry (Ljava/lang/String;)Ljava/util/jar/JarEntry;' bytes='9' count='25' backedge_count='1' iicount='50'/>
</uncommon_trap>
DEOPT PACKING thread 0x00007f868d00d000 Compiled frame (sp=0x000000030923c540 unextended sp=0x000000030923c540, fp=0x0000000795646bf8, real_fp=0x000000030923c570, pc=0x00000001134e9478)
     nmethod   1471  147             java.util.jar.JarFile::getJarEntry (9 bytes)

     Virtual frames (innermost first):
        0 - frame( sp=0x000000030923c540, unextended_sp=0x000000030923c540, fp=0x0000000795646bf8, pc=0x00000001134e9478)
java.util.jar.JarFile.getEntry(JarFile.java:251) - ifnull @ bci 7 
        1 - frame( sp=0x000000030923c540, unextended_sp=0x000000030923c540, fp=0x0000000795646bf8, pc=0x00000001134e9478)
java.util.jar.JarFile.getJarEntry(JarFile.java:233) - invokevirtual @ bci 2 
     Created vframeArray 0x00007f868f057e20
DEOPT UNPACKING thread 0x00007f868d00d000 vframeArray 0x00007f868f057e20 mode 2
     {method} {0x000000010fe66530} &apos;getJarEntry&apos; &apos;(Ljava/lang/String;)Ljava/util/jar/JarEntry;&apos; in &apos;java/util/jar/JarFile&apos; - invokevirtual @ bci 2 sp = 0x000000030923c508
     {method} {0x000000010fe66610} &apos;getEntry&apos; &apos;(Ljava/lang/String;)Ljava/util/zip/ZipEntry;&apos; in &apos;java/util/jar/JarFile&apos; - ifnull @ bci 7 sp = 0x000000030923c4b0
<uncommon_trap thread='8963' reason='class_check' action='maybe_recompile' compile_id='120' compiler='C2' stamp='1.473'>
Uncommon trap occurred in java.net.URL::&lt;init&gt; (@0x00000001134eddc8) thread=8963 reason=class_check action=maybe_recompile unloaded_class_index=-1
<jvms bci='504' method='java/net/URL &lt;init&gt; (Ljava/net/URL;Ljava/lang/String;Ljava/net/URLStreamHandler;)V' bytes='543' count='14' backedge_count='30' iicount='14'/>
</uncommon_trap>
DEOPT PACKING thread 0x00007f868d00d000 Compiled frame (sp=0x000000030923c6d0 unextended sp=0x000000030923c6d0, fp=0x00000007955c54d8, real_fp=0x000000030923c740, pc=0x00000001134eddc8)
     nmethod   1473  120   !         java.net.URL::&lt;init&gt; (543 bytes)

     Virtual frames (innermost first):
        0 - frame( sp=0x000000030923c6d0, unextended_sp=0x000000030923c6d0, fp=0x00000007955c54d8, pc=0x00000001134eddc8)
java.net.URL.&lt;init&gt;(URL.java:640) - invokevirtual @ bci 504 
     Created vframeArray 0x00007f868f059220
DEOPT UNPACKING thread 0x00007f868d00d000 vframeArray 0x00007f868f059220 mode 2
     {method} {0x000000010fca8008} &apos;&lt;init&gt;&apos; &apos;(Ljava/net/URL;Ljava/lang/String;Ljava/net/URLStreamHandler;)V&apos; in &apos;java/net/URL&apos; - invokevirtual @ bci 504 sp = 0x000000030923c658
<dependency_failed type='abstract_with_unique_concrete_subtype' ctxk='sun/misc/Resource' x='sun/misc/URLClassPath$FileLoader$1' witness='sun/misc/URLClassPath$JarLoader$2' stamp='1.474'/>
<dependency_failed type='abstract_with_unique_concrete_subtype' ctxk='sun/misc/Resource' x='sun/misc/URLClassPath$FileLoader$1' witness='sun/misc/URLClassPath$JarLoader$2' stamp='1.474'/>
<dependency_failed type='abstract_with_unique_concrete_subtype' ctxk='sun/misc/Resource' x='sun/misc/URLClassPath$FileLoader$1' witness='sun/misc/URLClassPath$JarLoader$2' stamp='1.475'/>
<dependency_failed type='abstract_with_unique_concrete_subtype' ctxk='sun/misc/Resource' x='sun/misc/URLClassPath$FileLoader$1' witness='sun/misc/URLClassPath$JarLoader$2' stamp='1.475'/>
SAVED OOP RESULT 0x000000079564ace0 in thread 0x00007f868d00d000
DEOPT PACKING thread 0x00007f868d00d000 Deoptimized frame (sp=0x000000030923c810 unextended sp=0x000000030923c810, fp=0x0000000795646280, real_fp=0x000000030923c850, pc=0x00000001134f160c)
     nmethod   1475  154   !         sun.misc.URLClassPath$JarLoader::getResource (85 bytes)

     Virtual frames (innermost first):
        0 - frame( sp=0x000000030923c810, unextended_sp=0x000000030923c810, fp=0x0000000795646280, pc=0x00000001134f160c)
sun.misc.URLClassPath$JarLoader.getResource(URLClassPath.java:1070) - invokevirtual @ bci 54 
     Created vframeArray 0x00007f868e04ee20
DEOPT UNPACKING thread 0x00007f868d00d000 vframeArray 0x00007f868e04ee20 mode 0
     {method} {0x000000010fe587f8} &apos;getResource&apos; &apos;(Ljava/lang/String;Z)Lsun/misc/Resource;&apos; in &apos;sun/misc/URLClassPath$JarLoader&apos; - invokevirtual @ bci 54 sp = 0x000000030923c7d8
SAVED OOP RESULT 0x000000079564ace0 in thread 0x00007f868d00d000
DEOPT PACKING thread 0x00007f868d00d000 Deoptimized frame (sp=0x000000030923c850 unextended sp=0x000000030923c850, fp=0x0000000000000001, real_fp=0x000000030923c8a0, pc=0x00000001134e8910)
     nmethod   1476  132             sun.misc.URLClassPath::getResource (83 bytes)

     Virtual frames (innermost first):
        0 - frame( sp=0x000000030923c850, unextended_sp=0x000000030923c850, fp=0x0000000000000001, pc=0x00000001134e8910)
sun.misc.URLClassPath.getResource(URLClassPath.java:250) - invokevirtual @ bci 62 
     Created vframeArray 0x00007f868e838c20
DEOPT UNPACKING thread 0x00007f868d00d000 vframeArray 0x00007f868e838c20 mode 0
     {method} {0x000000010fe2a1b8} &apos;getResource&apos; &apos;(Ljava/lang/String;Z)Lsun/misc/Resource;&apos; in &apos;sun/misc/URLClassPath&apos; - invokevirtual @ bci 62 sp = 0x000000030923c818
SAVED OOP RESULT 0x000000079564ace0 in thread 0x00007f868d00d000
DEOPT PACKING thread 0x00007f868d00d000 Deoptimized frame (sp=0x000000030923c8a0 unextended sp=0x000000030923c8a0, fp=0x000000030923c960, real_fp=0x000000030923c8d0, pc=0x0000000113504640)
     nmethod   1476  181   !         java.net.URLClassLoader$1::run (81 bytes)

     Virtual frames (innermost first):
        0 - frame( sp=0x000000030923c8a0, unextended_sp=0x000000030923c8a0, fp=0x000000030923c960, pc=0x0000000113504640)
java.net.URLClassLoader$1.run(URLClassLoader.java:366) - invokevirtual @ bci 26 
     Created vframeArray 0x00007f868e04ee20
DEOPT UNPACKING thread 0x00007f868d00d000 vframeArray 0x00007f868e04ee20 mode 0
     {method} {0x000000010fe54810} &apos;run&apos; &apos;()Ljava/lang/Class;&apos; in &apos;java/net/URLClassLoader$1&apos; - invokevirtual @ bci 26 sp = 0x000000030923c860
<uncommon_trap thread='8963' reason='bimorphic' action='maybe_recompile' compile_id='156' compiler='C2' state='class_check recompiled' stamp='1.617'>
Uncommon trap occurred in java.util.HashMap::getNode (@0x00000001134f9c8c) thread=8963 reason=bimorphic action=maybe_recompile unloaded_class_index=-1
<jvms bci='59' method='java/util/HashMap getNode (ILjava/lang/Object;)Ljava/util/HashMap$Node;' bytes='148' count='26' backedge_count='1' iicount='75' decompiles='1' class_check_traps='4'/>
</uncommon_trap>
DEOPT PACKING thread 0x00007f868d00d000 Compiled frame (sp=0x000000030923c4d0 unextended sp=0x000000030923c4d0, fp=0x00000000f59c21e1, real_fp=0x000000030923c510, pc=0x00000001134f9c8c)
     nmethod   1616  156             java.util.HashMap::getNode (148 bytes)

     Virtual frames (innermost first):
        0 - frame( sp=0x000000030923c4d0, unextended_sp=0x000000030923c4d0, fp=0x00000000f59c21e1, pc=0x00000001134f9c8c)
java.util.HashMap.getNode(HashMap.java:573) - invokevirtual @ bci 59 
     Created vframeArray 0x00007f868f059220
DEOPT UNPACKING thread 0x00007f868d00d000 vframeArray 0x00007f868f059220 mode 2
     {method} {0x000000010fd15dc8} &apos;getNode&apos; &apos;(ILjava/lang/Object;)Ljava/util/HashMap$Node;&apos; in &apos;java/util/HashMap&apos; - invokevirtual @ bci 59 sp = 0x000000030923c470
<uncommon_trap thread='8963' reason='bimorphic' action='maybe_recompile' compile_id='156' compiler='C2' count='1' state='#15' stamp='1.617'>
Uncommon trap occurred in java.util.HashMap::getNode (@0x00000001134f9c8c) thread=8963 reason=bimorphic action=maybe_recompile unloaded_class_index=-1
<jvms bci='59' method='java/util/HashMap getNode (ILjava/lang/Object;)Ljava/util/HashMap$Node;' bytes='148' count='26' backedge_count='1' iicount='75' decompiles='1' class_check_traps='4' bimorphic_traps='1'/>
</uncommon_trap>
DEOPT PACKING thread 0x00007f868d00d000 Compiled frame (sp=0x000000030923c4d0 unextended sp=0x000000030923c4d0, fp=0x000000006499bd24, real_fp=0x000000030923c510, pc=0x00000001134f9c8c)
     nmethod   1617  156             java.util.HashMap::getNode (148 bytes)

     Virtual frames (innermost first):
        0 - frame( sp=0x000000030923c4d0, unextended_sp=0x000000030923c4d0, fp=0x000000006499bd24, pc=0x00000001134f9c8c)
java.util.HashMap.getNode(HashMap.java:573) - invokevirtual @ bci 59 
     Created vframeArray 0x00007f868e848620
DEOPT UNPACKING thread 0x00007f868d00d000 vframeArray 0x00007f868e848620 mode 2
     {method} {0x000000010fd15dc8} &apos;getNode&apos; &apos;(ILjava/lang/Object;)Ljava/util/HashMap$Node;&apos; in &apos;java/util/HashMap&apos; - invokevirtual @ bci 59 sp = 0x000000030923c470
<uncommon_trap thread='8963' reason='class_check' action='maybe_recompile' compile_id='120' compiler='C2' count='1' state='class_check' stamp='1.658'>
Uncommon trap occurred in java.net.URL::&lt;init&gt; (@0x00000001134eddc8) thread=8963 reason=class_check action=maybe_recompile unloaded_class_index=-1
<jvms bci='504' method='java/net/URL &lt;init&gt; (Ljava/net/URL;Ljava/lang/String;Ljava/net/URLStreamHandler;)V' bytes='543' count='14' backedge_count='30' iicount='14' class_check_traps='1'/>
</uncommon_trap>
DEOPT PACKING thread 0x00007f868d00d000 Compiled frame (sp=0x000000030923c0f0 unextended sp=0x000000030923c0f0, fp=0x00000007955c54d8, real_fp=0x000000030923c160, pc=0x00000001134eddc8)
     nmethod   1657  120   !         java.net.URL::&lt;init&gt; (543 bytes)

     Virtual frames (innermost first):
        0 - frame( sp=0x000000030923c0f0, unextended_sp=0x000000030923c0f0, fp=0x00000007955c54d8, pc=0x00000001134eddc8)
java.net.URL.&lt;init&gt;(URL.java:640) - invokevirtual @ bci 504 
     Created vframeArray 0x00007f868e04ee20
DEOPT UNPACKING thread 0x00007f868d00d000 vframeArray 0x00007f868e04ee20 mode 2
     {method} {0x000000010fca8008} &apos;&lt;init&gt;&apos; &apos;(Ljava/net/URL;Ljava/lang/String;Ljava/net/URLStreamHandler;)V&apos; in &apos;java/net/URL&apos; - invokevirtual @ bci 504 sp = 0x000000030923c078
<uncommon_trap thread='8963' reason='bimorphic' action='maybe_recompile' compile_id='156' compiler='C2' count='2' state='#15' stamp='1.658'>
Uncommon trap occurred in java.util.HashMap::getNode (@0x00000001134f9c8c) thread=8963 reason=bimorphic action=maybe_recompile unloaded_class_index=-1
<jvms bci='59' method='java/util/HashMap getNode (ILjava/lang/Object;)Ljava/util/HashMap$Node;' bytes='148' count='26' backedge_count='1' iicount='75' decompiles='1' class_check_traps='4' bimorphic_traps='2'/>
</uncommon_trap>
DEOPT PACKING thread 0x00007f868d00d000 Compiled frame (sp=0x000000030923bfa0 unextended sp=0x000000030923bfa0, fp=0x00000000f59c21e1, real_fp=0x000000030923bfe0, pc=0x00000001134f9c8c)
     nmethod   1658  156             java.util.HashMap::getNode (148 bytes)

     Virtual frames (innermost first):
        0 - frame( sp=0x000000030923bfa0, unextended_sp=0x000000030923bfa0, fp=0x00000000f59c21e1, pc=0x00000001134f9c8c)
java.util.HashMap.getNode(HashMap.java:573) - invokevirtual @ bci 59 
     Created vframeArray 0x00007f868e04f620
DEOPT UNPACKING thread 0x00007f868d00d000 vframeArray 0x00007f868e04f620 mode 2
     {method} {0x000000010fd15dc8} &apos;getNode&apos; &apos;(ILjava/lang/Object;)Ljava/util/HashMap$Node;&apos; in &apos;java/util/HashMap&apos; - invokevirtual @ bci 59 sp = 0x000000030923bf40
<uncommon_trap thread='8963' reason='bimorphic' action='maybe_recompile' compile_id='156' compiler='C2' count='3' state='#15' stamp='1.659'>
Uncommon trap occurred in java.util.HashMap::getNode (@0x00000001134f9c8c) thread=8963 reason=bimorphic action=maybe_recompile unloaded_class_index=-1
<jvms bci='59' method='java/util/HashMap getNode (ILjava/lang/Object;)Ljava/util/HashMap$Node;' bytes='148' count='26' backedge_count='1' iicount='75' decompiles='1' class_check_traps='4' bimorphic_traps='3'/>
</uncommon_trap>
DEOPT PACKING thread 0x00007f868d00d000 Compiled frame (sp=0x000000030923bfa0 unextended sp=0x000000030923bfa0, fp=0x000000006499bd24, real_fp=0x000000030923bfe0, pc=0x00000001134f9c8c)
     nmethod   1658  156             java.util.HashMap::getNode (148 bytes)

     Virtual frames (innermost first):
        0 - frame( sp=0x000000030923bfa0, unextended_sp=0x000000030923bfa0, fp=0x000000006499bd24, pc=0x00000001134f9c8c)
java.util.HashMap.getNode(HashMap.java:573) - invokevirtual @ bci 59 
     Created vframeArray 0x00007f868f059220
DEOPT UNPACKING thread 0x00007f868d00d000 vframeArray 0x00007f868f059220 mode 2
     {method} {0x000000010fd15dc8} &apos;getNode&apos; &apos;(ILjava/lang/Object;)Ljava/util/HashMap$Node;&apos; in &apos;java/util/HashMap&apos; - invokevirtual @ bci 59 sp = 0x000000030923bf40
<uncommon_trap thread='8963' reason='unstable_if' action='reinterpret' compile_id='157' compiler='C2' stamp='1.863'>
Uncommon trap occurred in java.lang.ClassLoader::loadClass (@0x00000001134fad74) thread=8963 reason=unstable_if action=reinterpret unloaded_class_index=-1
<jvms bci='28' method='java/lang/ClassLoader getClassLoadingLock (Ljava/lang/String;)Ljava/lang/Object;' bytes='35' count='25' backedge_count='1' iicount='50'/>
<jvms bci='2' method='java/lang/ClassLoader loadClass (Ljava/lang/String;Z)Ljava/lang/Class;' bytes='122' count='25' backedge_count='1' iicount='50' throwouts='18'/>
</uncommon_trap>
DEOPT PACKING thread 0x00007f868d00d000 Compiled frame (sp=0x000000030923af50 unextended sp=0x000000030923af50, fp=0x00000007955c4f70, real_fp=0x000000030923afb0, pc=0x00000001134fad74)
     nmethod   1862  157   !         java.lang.ClassLoader::loadClass (122 bytes)

     Virtual frames (innermost first):
        0 - frame( sp=0x000000030923af50, unextended_sp=0x000000030923af50, fp=0x00000007955c4f70, pc=0x00000001134fad74)
java.lang.ClassLoader.getClassLoadingLock(ClassLoader.java:458) - ifnonnull @ bci 28 
        1 - frame( sp=0x000000030923af50, unextended_sp=0x000000030923af50, fp=0x00000007955c4f70, pc=0x00000001134fad74)
java.lang.ClassLoader.loadClass(ClassLoader.java:398) - invokevirtual @ bci 2 
     Created vframeArray 0x00007f868d01fc20
DEOPT UNPACKING thread 0x00007f868d00d000 vframeArray 0x00007f868d01fc20 mode 2
     {method} {0x000000010fc18d60} &apos;loadClass&apos; &apos;(Ljava/lang/String;Z)Ljava/lang/Class;&apos; in &apos;java/lang/ClassLoader&apos; - invokevirtual @ bci 2 sp = 0x000000030923aef0
     {method} {0x000000010fc18e58} &apos;getClassLoadingLock&apos; &apos;(Ljava/lang/String;)Ljava/lang/Object;&apos; in &apos;java/lang/ClassLoader&apos; - ifnonnull @ bci 28 sp = 0x000000030923ae98
<uncommon_trap thread='8963' reason='uninitialized' action='reinterpret' compile_id='277' compiler='C2' stamp='2.025'>
Uncommon trap occurred in java.lang.invoke.LambdaForm::normalize (@0x000000011353d2f8) thread=8963 reason=uninitialized action=reinterpret unloaded_class_index=-1
<jvms bci='176' method='java/lang/invoke/LambdaForm normalize ()I' bytes='322' count='13' backedge_count='31' iicount='13'/>
</uncommon_trap>
DEOPT PACKING thread 0x00007f868d00d000 Compiled frame (sp=0x0000000309239f70 unextended sp=0x0000000309239f70, fp=0x000000079568aed0, real_fp=0x0000000309239ff0, pc=0x000000011353d2f8)
     nmethod   2024  277             java.lang.invoke.LambdaForm::normalize (322 bytes)

     Virtual frames (innermost first):
        0 - frame( sp=0x0000000309239f70, unextended_sp=0x0000000309239f70, fp=0x000000079568aed0, pc=0x000000011353d2f8)
java.lang.invoke.LambdaForm.normalize(LambdaForm.java:431) - getstatic @ bci 176 
     Created vframeArray 0x00007f868e84e220
DEOPT UNPACKING thread 0x00007f868d00d000 vframeArray 0x00007f868e84e220 mode 2
     {method} {0x000000010fc75d08} &apos;normalize&apos; &apos;()I&apos; in &apos;java/lang/invoke/LambdaForm&apos; - getstatic @ bci 176 sp = 0x0000000309239f60
<uncommon_trap thread='8963' reason='uninitialized' action='reinterpret' compile_id='299' compiler='C2' stamp='2.112'>
Uncommon trap occurred in java.lang.invoke.LambdaForm::argument (@0x0000000113548324) thread=8963 reason=uninitialized action=reinterpret unloaded_class_index=-1
<jvms bci='16' method='java/lang/invoke/LambdaForm argument (ILjava/lang/invoke/LambdaForm$BasicType;)Ljava/lang/invoke/LambdaForm$Name;' bytes='27' count='25' backedge_count='1' iicount='50'/>
</uncommon_trap>
DEOPT PACKING thread 0x00007f868d00d000 Compiled frame (sp=0x000000030923a040 unextended sp=0x000000030923a040, fp=0x0000000000000002, real_fp=0x000000030923a070, pc=0x0000000113548324)
     nmethod   2112  299             java.lang.invoke.LambdaForm::argument (27 bytes)

     Virtual frames (innermost first):
        0 - frame( sp=0x000000030923a040, unextended_sp=0x000000030923a040, fp=0x0000000000000002, pc=0x0000000113548324)
java.lang.invoke.LambdaForm.argument(LambdaForm.java:1649) - getstatic @ bci 16 
     Created vframeArray 0x00007f868d01fc20
DEOPT UNPACKING thread 0x00007f868d00d000 vframeArray 0x00007f868d01fc20 mode 2
     {method} {0x000000010fc79a10} &apos;argument&apos; &apos;(ILjava/lang/invoke/LambdaForm$BasicType;)Ljava/lang/invoke/LambdaForm$Name;&apos; in &apos;java/lang/invoke/LambdaForm&apos; - getstatic @ bci 16 sp = 0x000000030923a020
<uncommon_trap thread='8963' reason='unstable_if' action='reinterpret' compile_id='271' compiler='C2' stamp='2.194'>
Uncommon trap occurred in java.lang.invoke.MemberName::isInvocable (@0x000000011352ea08) thread=8963 reason=unstable_if action=reinterpret unloaded_class_index=-1
<jvms bci='6' method='java/lang/invoke/MemberName testAnyFlags (I)Z' bytes='15' count='25' backedge_count='1' iicount='50'/>
<jvms bci='3' method='java/lang/invoke/MemberName isInvocable ()Z' bytes='7' count='25' backedge_count='1' iicount='50'/>
</uncommon_trap>
DEOPT PACKING thread 0x00007f868d00d000 Compiled frame (sp=0x000000030923afb0 unextended sp=0x000000030923afb0, fp=0x0000000000000001, real_fp=0x000000030923afd0, pc=0x000000011352ea08)
     nmethod   2193  271             java.lang.invoke.MemberName::isInvocable (7 bytes)

     Virtual frames (innermost first):
        0 - frame( sp=0x000000030923afb0, unextended_sp=0x000000030923afb0, fp=0x0000000000000001, pc=0x000000011352ea08)
java.lang.invoke.MemberName.testAnyFlags(MemberName.java:340) - ifne @ bci 6 
        1 - frame( sp=0x000000030923afb0, unextended_sp=0x000000030923afb0, fp=0x0000000000000001, pc=0x000000011352ea08)
java.lang.invoke.MemberName.isInvocable(MemberName.java:443) - invokespecial @ bci 3 
     Created vframeArray 0x00007f868e04f620
DEOPT UNPACKING thread 0x00007f868d00d000 vframeArray 0x00007f868e04f620 mode 2
     {method} {0x000000010fc6b5c8} &apos;isInvocable&apos; &apos;()Z&apos; in &apos;java/lang/invoke/MemberName&apos; - invokespecial @ bci 3 sp = 0x000000030923af70
     {method} {0x000000010fc6aa58} &apos;testAnyFlags&apos; &apos;(I)Z&apos; in &apos;java/lang/invoke/MemberName&apos; - ifne @ bci 6 sp = 0x000000030923af18
<uncommon_trap thread='8963' reason='uninitialized' action='reinterpret' compile_id='404' compiler='C2' stamp='2.730'>
Uncommon trap occurred in java.lang.invoke.LambdaForm::signatureArity (@0x000000011357f07c) thread=8963 reason=uninitialized action=reinterpret unloaded_class_index=-1
<jvms bci='0' method='java/lang/invoke/LambdaForm signatureArity (Ljava/lang/String;)I' bytes='28' count='25' backedge_count='1' iicount='50'/>
</uncommon_trap>
DEOPT PACKING thread 0x00007f868d00d000 Compiled frame (sp=0x000000030923cad0 unextended sp=0x000000030923cad0, fp=0x00000007956bebe0, real_fp=0x000000030923caf0, pc=0x000000011357f07c)
     nmethod   2730  404             java.lang.invoke.LambdaForm::signatureArity (28 bytes)

     Virtual frames (innermost first):
        0 - frame( sp=0x000000030923cad0, unextended_sp=0x000000030923cad0, fp=0x00000007956bebe0, pc=0x000000011357f07c)
java.lang.invoke.LambdaForm.signatureArity(LambdaForm.java:538) - getstatic @ bci 0 
     Created vframeArray 0x00007f868f05f020
DEOPT UNPACKING thread 0x00007f868d00d000 vframeArray 0x00007f868f05f020 mode 2
     {method} {0x000000010fc76760} &apos;signatureArity&apos; &apos;(Ljava/lang/String;)I&apos; in &apos;java/lang/invoke/LambdaForm&apos; - getstatic @ bci 0 sp = 0x000000030923caa0
<uncommon_trap thread='8963' reason='unstable_if' action='reinterpret' compile_id='388' compiler='C2' stamp='2.738'>
Uncommon trap occurred in java.lang.invoke.MethodType::equals (@0x0000000113575bd4) thread=8963 reason=unstable_if action=reinterpret unloaded_class_index=-1
<jvms bci='8' method='java/lang/invoke/MethodType equals (Ljava/lang/invoke/MethodType;)Z' bytes='31' count='25' backedge_count='1' iicount='50'/>
<jvms bci='17' method='java/lang/invoke/MethodType equals (Ljava/lang/Object;)Z' bytes='29' count='25' backedge_count='1' iicount='50'/>
</uncommon_trap>
DEOPT PACKING thread 0x00007f868d00d000 Compiled frame (sp=0x000000030923cab0 unextended sp=0x000000030923cab0, fp=0x00000000f2ab00df, real_fp=0x000000030923caf0, pc=0x0000000113575bd4)
     nmethod   2738  388             java.lang.invoke.MethodType::equals (29 bytes)

     Virtual frames (innermost first):
        0 - frame( sp=0x000000030923cab0, unextended_sp=0x000000030923cab0, fp=0x00000000f2ab00df, pc=0x0000000113575bd4)
java.lang.invoke.MethodType.equals(MethodType.java:760) - if_acmpne @ bci 8 
        1 - frame( sp=0x000000030923cab0, unextended_sp=0x000000030923cab0, fp=0x00000000f2ab00df, pc=0x0000000113575bd4)
java.lang.invoke.MethodType.equals(MethodType.java:756) - invokespecial @ bci 17 
     Created vframeArray 0x00007f868d05cc20
DEOPT UNPACKING thread 0x00007f868d00d000 vframeArray 0x00007f868d05cc20 mode 2
     {method} {0x000000010fc7fbb8} &apos;equals&apos; &apos;(Ljava/lang/Object;)Z&apos; in &apos;java/lang/invoke/MethodType&apos; - invokespecial @ bci 17 sp = 0x000000030923ca90
     {method} {0x000000010fc7fc98} &apos;equals&apos; &apos;(Ljava/lang/invoke/MethodType;)Z&apos; in &apos;java/lang/invoke/MethodType&apos; - if_acmpne @ bci 8 sp = 0x000000030923ca30
<uncommon_trap thread='8963' reason='unstable_if' action='reinterpret' compile_id='450' compiler='C2' stamp='2.982'>
Uncommon trap occurred in java.lang.Class::getEnclosingClass (@0x000000011359c038) thread=8963 reason=unstable_if action=reinterpret unloaded_class_index=-1
<jvms bci='6' method='java/lang/Class getDeclaringClass ()Ljava/lang/Class;' bytes='22' count='25' backedge_count='1' iicount='50'/>
<jvms bci='10' method='java/lang/Class getEnclosingClass ()Ljava/lang/Class;' bytes='60' count='25' backedge_count='1' iicount='50'/>
</uncommon_trap>
DEOPT PACKING thread 0x00007f868d00d000 Compiled frame (sp=0x000000030923c7d0 unextended sp=0x000000030923c7d0, fp=0x000000079567b918, real_fp=0x000000030923c800, pc=0x000000011359c038)
     nmethod   2981  450             java.lang.Class::getEnclosingClass (60 bytes)

     Virtual frames (innermost first):
        0 - frame( sp=0x000000030923c7d0, unextended_sp=0x000000030923c7d0, fp=0x000000079567b918, pc=0x000000011359c038)
java.lang.Class.getDeclaringClass(Class.java:1237) - ifnull @ bci 6 
        1 - frame( sp=0x000000030923c7d0, unextended_sp=0x000000030923c7d0, fp=0x000000079567b918, pc=0x000000011359c038)
java.lang.Class.getEnclosingClass(Class.java:1277) - invokevirtual @ bci 10 
     Created vframeArray 0x00007f868e06ac20
DEOPT UNPACKING thread 0x00007f868d00d000 vframeArray 0x00007f868e06ac20 mode 2
     {method} {0x000000010fc10600} &apos;getEnclosingClass&apos; &apos;()Ljava/lang/Class;&apos; in &apos;java/lang/Class&apos; - invokevirtual @ bci 10 sp = 0x000000030923c780
     {method} {0x000000010fc10400} &apos;getDeclaringClass&apos; &apos;()Ljava/lang/Class;&apos; in &apos;java/lang/Class&apos; - ifnull @ bci 6 sp = 0x000000030923c728
<dependency_failed type='unique_concrete_method' ctxk='java/lang/invoke/MethodHandle' x='java/lang/invoke/MethodHandle intrinsicName ()Ljava/lang/invoke/MethodHandleImpl$Intrinsic;' witness='java/lang/invoke/MethodHandleImpl$IntrinsicMethodHandle' stamp='3.077'/>
<uncommon_trap thread='8963' reason='loop_limit_check' action='maybe_recompile' compile_id='474' compiler='C2' stamp='3.284'>
Uncommon trap occurred in java.lang.invoke.LambdaForm$Name::useCount (@0x00000001135a44a8) thread=8963 reason=loop_limit_check action=maybe_recompile unloaded_class_index=-1
<jvms bci='24' method='java/lang/invoke/LambdaForm$Name useCount (Ljava/lang/invoke/LambdaForm$Name;)I' bytes='42' count='15' backedge_count='26' iicount='15'/>
</uncommon_trap>
DEOPT PACKING thread 0x00007f868d00d000 Compiled frame (sp=0x000000030923b440 unextended sp=0x000000030923b440, fp=0x0000000795784760, real_fp=0x000000030923b480, pc=0x00000001135a44a8)
     nmethod   3284  474             java.lang.invoke.LambdaForm$Name::useCount (42 bytes)

     Virtual frames (innermost first):
        0 - frame( sp=0x000000030923b440, unextended_sp=0x000000030923b440, fp=0x0000000795784760, pc=0x00000001135a44a8)
java.lang.invoke.LambdaForm$Name.useCount(LambdaForm.java:1582) - fast_aaccess_0 @ bci 24 
     Created vframeArray 0x00007f868e06c020
DEOPT UNPACKING thread 0x00007f868d00d000 vframeArray 0x00007f868e06c020 mode 2
     {method} {0x000000010ff624e0} &apos;useCount&apos; &apos;(Ljava/lang/invoke/LambdaForm$Name;)I&apos; in &apos;java/lang/invoke/LambdaForm$Name&apos; - aload_0 @ bci 24 sp = 0x000000030923b420
<uncommon_trap thread='8963' reason='loop_limit_check' action='maybe_recompile' compile_id='421' compiler='C2' stamp='3.361'>
Uncommon trap occurred in java.lang.invoke.LambdaForm::shortenSignature (@0x000000011358a86c) thread=8963 reason=loop_limit_check action=maybe_recompile unloaded_class_index=-1
<jvms bci='97' method='java/lang/invoke/LambdaForm shortenSignature (Ljava/lang/String;)Ljava/lang/String;' bytes='166' count='9' backedge_count='29' iicount='9'/>
</uncommon_trap>
DEOPT PACKING thread 0x00007f868d00d000 Compiled frame (sp=0x000000030923b850 unextended sp=0x000000030923b850, fp=0x000000079578a2c8, real_fp=0x000000030923b8d0, pc=0x000000011358a86c)
     nmethod   3360  421             java.lang.invoke.LambdaForm::shortenSignature (166 bytes)

     Virtual frames (innermost first):
        0 - frame( sp=0x000000030923b850, unextended_sp=0x000000030923b850, fp=0x000000079578a2c8, pc=0x000000011358a86c)
java.lang.invoke.LambdaForm.shortenSignature(LambdaForm.java:1360) - aload @ bci 97 
     Created vframeArray 0x00007f868f061c20
DEOPT UNPACKING thread 0x00007f868d00d000 vframeArray 0x00007f868f061c20 mode 2
     {method} {0x000000010fc795d8} &apos;shortenSignature&apos; &apos;(Ljava/lang/String;)Ljava/lang/String;&apos; in &apos;java/lang/invoke/LambdaForm&apos; - aload @ bci 97 sp = 0x000000030923b838
<uncommon_trap thread='8963' reason='loop_limit_check' action='maybe_recompile' compile_id='530' compiler='C2' stamp='3.560'>
Uncommon trap occurred in java.lang.invoke.LambdaForm::useCount (@0x00000001135babb4) thread=8963 reason=loop_limit_check action=maybe_recompile unloaded_class_index=-1
<jvms bci='74' method='java/lang/invoke/LambdaForm useCount (Ljava/lang/invoke/LambdaForm$Name;)I' bytes='99' count='25' backedge_count='26' iicount='26'/>
</uncommon_trap>
DEOPT PACKING thread 0x00007f868d00d000 Compiled frame (sp=0x000000030923bb90 unextended sp=0x000000030923bb90, fp=0x00000007957a7fd8, real_fp=0x000000030923bbd0, pc=0x00000001135babb4)
     nmethod   3559  530             java.lang.invoke.LambdaForm::useCount (99 bytes)

     Virtual frames (innermost first):
        0 - frame( sp=0x000000030923bb90, unextended_sp=0x000000030923bb90, fp=0x00000007957a7fd8, pc=0x00000001135babb4)
java.lang.invoke.LambdaForm.useCount(LambdaForm.java:1638) - fast_iload @ bci 74 
     Created vframeArray 0x00007f868e857620
DEOPT UNPACKING thread 0x00007f868d00d000 vframeArray 0x00007f868e857620 mode 2
     {method} {0x000000010fc79878} &apos;useCount&apos; &apos;(Ljava/lang/invoke/LambdaForm$Name;)I&apos; in &apos;java/lang/invoke/LambdaForm&apos; - iload @ bci 74 sp = 0x000000030923bb50
<uncommon_trap thread='8963' reason='unstable_if' action='reinterpret' compile_id='435' compiler='C2' stamp='3.694'>
Uncommon trap occurred in java.lang.invoke.LambdaForm::argument (@0x000000011358c41c) thread=8963 reason=unstable_if action=reinterpret unloaded_class_index=-1
<jvms bci='3' method='java/lang/invoke/LambdaForm argument (ILjava/lang/invoke/LambdaForm$BasicType;)Ljava/lang/invoke/LambdaForm$Name;' bytes='27' count='25' backedge_count='1' iicount='98' decompiles='1' uninitialized_traps='1'/>
</uncommon_trap>
DEOPT PACKING thread 0x00007f868d00d000 Compiled frame (sp=0x000000030923b8d0 unextended sp=0x000000030923b8d0, fp=0x000000000000000b, real_fp=0x000000030923b900, pc=0x000000011358c41c)
     nmethod   3693  435             java.lang.invoke.LambdaForm::argument (27 bytes)

     Virtual frames (innermost first):
        0 - frame( sp=0x000000030923b8d0, unextended_sp=0x000000030923b8d0, fp=0x000000000000000b, pc=0x000000011358c41c)
java.lang.invoke.LambdaForm.argument(LambdaForm.java:1647) - if_icmplt @ bci 3 
     Created vframeArray 0x00007f868e06ac20
DEOPT UNPACKING thread 0x00007f868d00d000 vframeArray 0x00007f868e06ac20 mode 2
     {method} {0x000000010fc79a10} &apos;argument&apos; &apos;(ILjava/lang/invoke/LambdaForm$BasicType;)Ljava/lang/invoke/LambdaForm$Name;&apos; in &apos;java/lang/invoke/LambdaForm&apos; - if_icmplt @ bci 3 sp = 0x000000030923b890
<uncommon_trap thread='8963' reason='predicate' action='maybe_recompile' compile_id='564' compiler='C2' stamp='3.893'>
Uncommon trap occurred in java.util.Arrays::fill (@0x00000001135cd338) thread=8963 reason=predicate action=maybe_recompile unloaded_class_index=-1
<jvms bci='10' method='java/util/Arrays fill ([Ljava/lang/Object;Ljava/lang/Object;)V' bytes='21' count='11' backedge_count='35' iicount='11'/>
</uncommon_trap>
DEOPT PACKING thread 0x00007f868d00d000 Compiled frame (sp=0x000000030923bed0 unextended sp=0x000000030923bed0, fp=0x00000007957e7798, real_fp=0x000000030923bf00, pc=0x00000001135cd338)
     nmethod   3893  564             java.util.Arrays::fill (21 bytes)

     Virtual frames (innermost first):
        0 - frame( sp=0x000000030923bed0, unextended_sp=0x000000030923bed0, fp=0x00000007957e7798, pc=0x00000001135cd338)
java.util.Arrays.fill(Arrays.java:3130) - fast_aload_0 @ bci 10 
     Created vframeArray 0x00007f868d067a20
DEOPT UNPACKING thread 0x00007f868d00d000 vframeArray 0x00007f868d067a20 mode 2
     {method} {0x000000010fd4f220} &apos;fill&apos; &apos;([Ljava/lang/Object;Ljava/lang/Object;)V&apos; in &apos;java/util/Arrays&apos; - aload_0 @ bci 10 sp = 0x000000030923bea0
<uncommon_trap thread='8963' reason='unloaded' action='reinterpret' index='11' compile_id='455' compiler='C2' unresolved='1' name='java/lang/StringBuilder' stamp='3.895'>
Uncommon trap occurred in java.lang.Class::getSimpleName (@0x00000001135906e8) thread=8963 reason=unloaded action=reinterpret unloaded_class_index=11 unresolved class: java/lang/StringBuilder
<jvms bci='7' method='java/lang/Class getSimpleName ()Ljava/lang/String;' bytes='120' count='25' backedge_count='1' iicount='50'/>
</uncommon_trap>
DEOPT PACKING thread 0x00007f868d00d000 Compiled frame (sp=0x000000030923bc50 unextended sp=0x000000030923bc50, fp=0x0000000795584090, real_fp=0x000000030923bc80, pc=0x00000001135906e8)
     nmethod   3895  455             java.lang.Class::getSimpleName (120 bytes)

     Virtual frames (innermost first):
        0 - frame( sp=0x000000030923bc50, unextended_sp=0x000000030923bc50, fp=0x0000000795584090, pc=0x00000001135906e8)
java.lang.Class.getSimpleName(Class.java:1307) - new @ bci 7 
     Created vframeArray 0x00007f868d068220
DEOPT UNPACKING thread 0x00007f868d00d000 vframeArray 0x00007f868d068220 mode 2
     {method} {0x000000010fc10770} &apos;getSimpleName&apos; &apos;()Ljava/lang/String;&apos; in &apos;java/lang/Class&apos; - new @ bci 7 sp = 0x000000030923bc18
<uncommon_trap thread='8963' reason='null_assert' action='make_not_entrant' compile_id='426' compiler='C2' stamp='3.896'>
Uncommon trap occurred in java.lang.invoke.MemberName$Factory::resolveOrFail (@0x0000000113589ce8) thread=8963 reason=null_assert action=make_not_entrant unloaded_class_index=-1
<jvms bci='29' method='java/lang/invoke/MemberName$Factory resolveOrFail (BLjava/lang/invoke/MemberName;Ljava/lang/Class;Ljava/lang/Class;)Ljava/lang/invoke/MemberName;' bytes='52' count='25' backedge_count='1' iicount='50'/>
</uncommon_trap>
DEOPT PACKING thread 0x00007f868d00d000 Compiled frame (sp=0x000000030923bea0 unextended sp=0x000000030923bea0, fp=0x0000000795676c70, real_fp=0x000000030923bed0, pc=0x0000000113589ce8)
     nmethod   3896  426             java.lang.invoke.MemberName$Factory::resolveOrFail (52 bytes)

     Virtual frames (innermost first):
        0 - frame( sp=0x000000030923bea0, unextended_sp=0x000000030923bea0, fp=0x0000000795676c70, pc=0x0000000113589ce8)
java.lang.invoke.MemberName$Factory.resolveOrFail(MemberName.java:1004) - instanceof @ bci 29 
     Created vframeArray 0x00007f868f061c20
DEOPT UNPACKING thread 0x00007f868d00d000 vframeArray 0x00007f868f061c20 mode 2
     {method} {0x000000010fe490a0} &apos;resolveOrFail&apos; &apos;(BLjava/lang/invoke/MemberName;Ljava/lang/Class;Ljava/lang/Class;)Ljava/lang/invoke/MemberName;&apos; in &apos;java/lang/invoke/MemberName$Factory&apos; - instanceof @ bci 29 sp = 0x000000030923be68
<uncommon_trap thread='8963' reason='null_check' action='make_not_entrant' compile_id='386' compiler='C2' stamp='3.897'>
Uncommon trap occurred in java.util.ArrayList::add (@0x0000000113576b18) thread=8963 reason=null_check action=make_not_entrant unloaded_class_index=-1
<jvms bci='26' method='java/util/ArrayList add (Ljava/lang/Object;)Z' bytes='29' count='25' backedge_count='1' iicount='50'/>
</uncommon_trap>
DEOPT PACKING thread 0x00007f868d00d000 Compiled frame (sp=0x000000030923c030 unextended sp=0x000000030923c030, fp=0x00000000f2afd204, real_fp=0x000000030923c060, pc=0x0000000113576b18)
     nmethod   3897  386             java.util.ArrayList::add (29 bytes)

     Virtual frames (innermost first):
        0 - frame( sp=0x000000030923c030, unextended_sp=0x000000030923c030, fp=0x00000000f2afd204, pc=0x0000000113576b18)
java.util.ArrayList.add(ArrayList.java:465) - aastore @ bci 26 
     Created vframeArray 0x00007f868e857620
DEOPT UNPACKING thread 0x00007f868d00d000 vframeArray 0x00007f868e857620 mode 2
     {method} {0x000000010fcf7970} &apos;add&apos; &apos;(Ljava/lang/Object;)Z&apos; in &apos;java/util/ArrayList&apos; - aastore @ bci 26 sp = 0x000000030923bff8
<uncommon_trap thread='8963' reason='array_check' action='maybe_recompile' compile_id='593' compiler='C2' stamp='3.919'>
Uncommon trap occurred in java.util.Arrays::fill (@0x00000001135e041c) thread=8963 reason=array_check action=maybe_recompile unloaded_class_index=-1
<jvms bci='13' method='java/util/Arrays fill ([Ljava/lang/Object;Ljava/lang/Object;)V' bytes='21' count='12' backedge_count='35' iicount='12' decompiles='1' predicate_traps='1'/>
</uncommon_trap>
DEOPT PACKING thread 0x00007f868d00d000 Compiled frame (sp=0x000000030923beb0 unextended sp=0x000000030923beb0, fp=0x00000007957f4858, real_fp=0x000000030923bf00, pc=0x00000001135e041c)
     nmethod   3919  593             java.util.Arrays::fill (21 bytes)

     Virtual frames (innermost first):
        0 - frame( sp=0x000000030923beb0, unextended_sp=0x000000030923beb0, fp=0x00000007957f4858, pc=0x00000001135e041c)
java.util.Arrays.fill(Arrays.java:3130) - aastore @ bci 13 
     Created vframeArray 0x00007f868e06c020
DEOPT UNPACKING thread 0x00007f868d00d000 vframeArray 0x00007f868e06c020 mode 2
     {method} {0x000000010fd4f220} &apos;fill&apos; &apos;([Ljava/lang/Object;Ljava/lang/Object;)V&apos; in &apos;java/util/Arrays&apos; - aastore @ bci 13 sp = 0x000000030923be88
<uncommon_trap thread='8963' reason='bimorphic' action='maybe_recompile' compile_id='480' compiler='C2' stamp='3.947'>
Uncommon trap occurred in java.lang.invoke.InvokerBytecodeGenerator::generateCustomizedCodeBytes (@0x00000001135ab64c) thread=8963 reason=bimorphic action=maybe_recompile unloaded_class_index=-1
<jvms bci='17' method='java/lang/invoke/LambdaForm$NamedFunction intrinsicName ()Ljava/lang/invoke/MethodHandleImpl$Intrinsic;' bytes='21' count='32' iicount='32'/>
<jvms bci='180' method='java/lang/invoke/InvokerBytecodeGenerator generateCustomizedCodeBytes ()[B' bytes='604' count='24' backedge_count='27' iicount='24' decompiles='1'/>
</uncommon_trap>
DEOPT PACKING thread 0x00007f868d00d000 Compiled frame (sp=0x000000030923ba00 unextended sp=0x000000030923ba00, fp=0x00000000f2ad3a4f, real_fp=0x000000030923ba70, pc=0x00000001135ab64c)
     nmethod   3947  480             java.lang.invoke.InvokerBytecodeGenerator::generateCustomizedCodeBytes (604 bytes)

     Virtual frames (innermost first):
        0 - frame( sp=0x000000030923ba00, unextended_sp=0x000000030923ba00, fp=0x00000000f2ad3a4f, pc=0x00000001135ab64c)
java.lang.invoke.LambdaForm$NamedFunction.intrinsicName(LambdaForm.java:1328) - invokevirtual @ bci 17 
        1 - frame( sp=0x000000030923ba00, unextended_sp=0x000000030923ba00, fp=0x00000000f2ad3a4f, pc=0x00000001135ab64c)
java.lang.invoke.InvokerBytecodeGenerator.generateCustomizedCodeBytes(InvokerBytecodeGenerator.java:668) - invokevirtual @ bci 180 
     Created vframeArray 0x00007f868e06ac20
DEOPT UNPACKING thread 0x00007f868d00d000 vframeArray 0x00007f868e06ac20 mode 2
     {method} {0x000000010ff888b8} &apos;generateCustomizedCodeBytes&apos; &apos;()[B&apos; in &apos;java/lang/invoke/InvokerBytecodeGenerator&apos; - invokevirtual @ bci 180 sp = 0x000000030923b9e8
     {method} {0x000000010ff67310} &apos;intrinsicName&apos; &apos;()Ljava/lang/invoke/MethodHandleImpl$Intrinsic;&apos; in &apos;java/lang/invoke/LambdaForm$NamedFunction&apos; - invokevirtual @ bci 17 sp = 0x000000030923b990
<uncommon_trap thread='8963' reason='bimorphic' action='maybe_recompile' compile_id='480' compiler='C2' count='1' state='#7' stamp='3.959'>
Uncommon trap occurred in java.lang.invoke.InvokerBytecodeGenerator::generateCustomizedCodeBytes (@0x00000001135ab64c) thread=8963 reason=bimorphic action=maybe_recompile unloaded_class_index=-1
<jvms bci='17' method='java/lang/invoke/LambdaForm$NamedFunction intrinsicName ()Ljava/lang/invoke/MethodHandleImpl$Intrinsic;' bytes='21' count='33' iicount='33' bimorphic_traps='1'/>
<jvms bci='180' method='java/lang/invoke/InvokerBytecodeGenerator generateCustomizedCodeBytes ()[B' bytes='604' count='24' backedge_count='29' iicount='24' decompiles='1'/>
</uncommon_trap>
DEOPT PACKING thread 0x00007f868d00d000 Compiled frame (sp=0x000000030923bab0 unextended sp=0x000000030923bab0, fp=0x00000000f2af084a, real_fp=0x000000030923bb20, pc=0x00000001135ab64c)
     nmethod   3959  480             java.lang.invoke.InvokerBytecodeGenerator::generateCustomizedCodeBytes (604 bytes)

     Virtual frames (innermost first):
        0 - frame( sp=0x000000030923bab0, unextended_sp=0x000000030923bab0, fp=0x00000000f2af084a, pc=0x00000001135ab64c)
java.lang.invoke.LambdaForm$NamedFunction.intrinsicName(LambdaForm.java:1328) - invokevirtual @ bci 17 
        1 - frame( sp=0x000000030923bab0, unextended_sp=0x000000030923bab0, fp=0x00000000f2af084a, pc=0x00000001135ab64c)
java.lang.invoke.InvokerBytecodeGenerator.generateCustomizedCodeBytes(InvokerBytecodeGenerator.java:668) - invokevirtual @ bci 180 
     Created vframeArray 0x00007f868e06c020
DEOPT UNPACKING thread 0x00007f868d00d000 vframeArray 0x00007f868e06c020 mode 2
     {method} {0x000000010ff888b8} &apos;generateCustomizedCodeBytes&apos; &apos;()[B&apos; in &apos;java/lang/invoke/InvokerBytecodeGenerator&apos; - invokevirtual @ bci 180 sp = 0x000000030923ba98
     {method} {0x000000010ff67310} &apos;intrinsicName&apos; &apos;()Ljava/lang/invoke/MethodHandleImpl$Intrinsic;&apos; in &apos;java/lang/invoke/LambdaForm$NamedFunction&apos; - invokevirtual @ bci 17 sp = 0x000000030923ba40
<uncommon_trap thread='8963' reason='bimorphic' action='maybe_recompile' compile_id='480' compiler='C2' count='2' state='#7' stamp='3.976'>
Uncommon trap occurred in java.lang.invoke.InvokerBytecodeGenerator::generateCustomizedCodeBytes (@0x00000001135ab64c) thread=8963 reason=bimorphic action=maybe_recompile unloaded_class_index=-1
<jvms bci='17' method='java/lang/invoke/LambdaForm$NamedFunction intrinsicName ()Ljava/lang/invoke/MethodHandleImpl$Intrinsic;' bytes='21' count='33' iicount='33' bimorphic_traps='2'/>
<jvms bci='180' method='java/lang/invoke/InvokerBytecodeGenerator generateCustomizedCodeBytes ()[B' bytes='604' count='24' backedge_count='29' iicount='24' decompiles='1'/>
</uncommon_trap>
DEOPT PACKING thread 0x00007f868d00d000 Compiled frame (sp=0x000000030923b250 unextended sp=0x000000030923b250, fp=0x00000000f2ad3a4f, real_fp=0x000000030923b2c0, pc=0x00000001135ab64c)
     nmethod   3976  480             java.lang.invoke.InvokerBytecodeGenerator::generateCustomizedCodeBytes (604 bytes)

     Virtual frames (innermost first):
        0 - frame( sp=0x000000030923b250, unextended_sp=0x000000030923b250, fp=0x00000000f2ad3a4f, pc=0x00000001135ab64c)
java.lang.invoke.LambdaForm$NamedFunction.intrinsicName(LambdaForm.java:1328) - invokevirtual @ bci 17 
        1 - frame( sp=0x000000030923b250, unextended_sp=0x000000030923b250, fp=0x00000000f2ad3a4f, pc=0x00000001135ab64c)
java.lang.invoke.InvokerBytecodeGenerator.generateCustomizedCodeBytes(InvokerBytecodeGenerator.java:668) - invokevirtual @ bci 180 
     Created vframeArray 0x00007f868f061c20
DEOPT UNPACKING thread 0x00007f868d00d000 vframeArray 0x00007f868f061c20 mode 2
     {method} {0x000000010ff888b8} &apos;generateCustomizedCodeBytes&apos; &apos;()[B&apos; in &apos;java/lang/invoke/InvokerBytecodeGenerator&apos; - invokevirtual @ bci 180 sp = 0x000000030923b238
     {method} {0x000000010ff67310} &apos;intrinsicName&apos; &apos;()Ljava/lang/invoke/MethodHandleImpl$Intrinsic;&apos; in &apos;java/lang/invoke/LambdaForm$NamedFunction&apos; - invokevirtual @ bci 17 sp = 0x000000030923b1e0
<uncommon_trap thread='8963' reason='class_check' action='maybe_recompile' compile_id='555' compiler='C2' stamp='3.986'>
Uncommon trap occurred in java.lang.invoke.InvokerBytecodeGenerator::emitReferenceCast (@0x00000001135ca104) thread=8963 reason=class_check action=maybe_recompile unloaded_class_index=-1
<jvms bci='3' method='java/lang/invoke/InvokerBytecodeGenerator emitReferenceCast (Ljava/lang/Class;Ljava/lang/Object;)V' bytes='184' count='26' backedge_count='1' iicount='51'/>
</uncommon_trap>
DEOPT PACKING thread 0x00007f868d00d000 Compiled frame (sp=0x000000030923b9c0 unextended sp=0x000000030923b9c0, fp=0x0000000795804ef8, real_fp=0x000000030923ba00, pc=0x00000001135ca104)
     nmethod   3985  555             java.lang.invoke.InvokerBytecodeGenerator::emitReferenceCast (184 bytes)

     Virtual frames (innermost first):
        0 - frame( sp=0x000000030923b9c0, unextended_sp=0x000000030923b9c0, fp=0x0000000795804ef8, pc=0x00000001135ca104)
java.lang.invoke.InvokerBytecodeGenerator.emitReferenceCast(InvokerBytecodeGenerator.java:558) - instanceof @ bci 3 
     Created vframeArray 0x00007f868f068220
DEOPT UNPACKING thread 0x00007f868d00d000 vframeArray 0x00007f868f068220 mode 2
     {method} {0x000000010ff880c0} &apos;emitReferenceCast&apos; &apos;(Ljava/lang/Class;Ljava/lang/Object;)V&apos; in &apos;java/lang/invoke/InvokerBytecodeGenerator&apos; - instanceof @ bci 3 sp = 0x000000030923b998
<uncommon_trap thread='8963' reason='bimorphic' action='maybe_recompile' compile_id='480' compiler='C2' count='3' state='#7' stamp='4.047'>
Uncommon trap occurred in java.lang.invoke.InvokerBytecodeGenerator::generateCustomizedCodeBytes (@0x00000001135ab64c) thread=8963 reason=bimorphic action=maybe_recompile unloaded_class_index=-1
<jvms bci='17' method='java/lang/invoke/LambdaForm$NamedFunction intrinsicName ()Ljava/lang/invoke/MethodHandleImpl$Intrinsic;' bytes='21' count='36' iicount='36' bimorphic_traps='3'/>
<jvms bci='180' method='java/lang/invoke/InvokerBytecodeGenerator generateCustomizedCodeBytes ()[B' bytes='604' count='24' backedge_count='34' iicount='24' decompiles='1'/>
</uncommon_trap>
DEOPT PACKING thread 0x00007f868d00d000 Compiled frame (sp=0x000000030923caa0 unextended sp=0x000000030923caa0, fp=0x00000000f2af084a, real_fp=0x000000030923cb10, pc=0x00000001135ab64c)
     nmethod   4047  480             java.lang.invoke.InvokerBytecodeGenerator::generateCustomizedCodeBytes (604 bytes)

     Virtual frames (innermost first):
        0 - frame( sp=0x000000030923caa0, unextended_sp=0x000000030923caa0, fp=0x00000000f2af084a, pc=0x00000001135ab64c)
java.lang.invoke.LambdaForm$NamedFunction.intrinsicName(LambdaForm.java:1328) - invokevirtual @ bci 17 
        1 - frame( sp=0x000000030923caa0, unextended_sp=0x000000030923caa0, fp=0x00000000f2af084a, pc=0x00000001135ab64c)
java.lang.invoke.InvokerBytecodeGenerator.generateCustomizedCodeBytes(InvokerBytecodeGenerator.java:668) - invokevirtual @ bci 180 
     Created vframeArray 0x00007f868e06c020
DEOPT UNPACKING thread 0x00007f868d00d000 vframeArray 0x00007f868e06c020 mode 2
     {method} {0x000000010ff888b8} &apos;generateCustomizedCodeBytes&apos; &apos;()[B&apos; in &apos;java/lang/invoke/InvokerBytecodeGenerator&apos; - invokevirtual @ bci 180 sp = 0x000000030923ca88
     {method} {0x000000010ff67310} &apos;intrinsicName&apos; &apos;()Ljava/lang/invoke/MethodHandleImpl$Intrinsic;&apos; in &apos;java/lang/invoke/LambdaForm$NamedFunction&apos; - invokevirtual @ bci 17 sp = 0x000000030923ca30
<uncommon_trap thread='8963' reason='class_check' action='maybe_recompile' compile_id='555' compiler='C2' count='1' state='class_check' stamp='4.048'>
Uncommon trap occurred in java.lang.invoke.InvokerBytecodeGenerator::emitReferenceCast (@0x00000001135ca104) thread=8963 reason=class_check action=maybe_recompile unloaded_class_index=-1
<jvms bci='3' method='java/lang/invoke/InvokerBytecodeGenerator emitReferenceCast (Ljava/lang/Class;Ljava/lang/Object;)V' bytes='184' count='26' backedge_count='1' iicount='51' class_check_traps='1'/>
</uncommon_trap>
DEOPT PACKING thread 0x00007f868d00d000 Compiled frame (sp=0x000000030923c9b0 unextended sp=0x000000030923c9b0, fp=0x00000007958177f0, real_fp=0x000000030923c9f0, pc=0x00000001135ca104)
     nmethod   4047  555             java.lang.invoke.InvokerBytecodeGenerator::emitReferenceCast (184 bytes)

     Virtual frames (innermost first):
        0 - frame( sp=0x000000030923c9b0, unextended_sp=0x000000030923c9b0, fp=0x00000007958177f0, pc=0x00000001135ca104)
java.lang.invoke.InvokerBytecodeGenerator.emitReferenceCast(InvokerBytecodeGenerator.java:558) - instanceof @ bci 3 
     Created vframeArray 0x00007f868d068220
DEOPT UNPACKING thread 0x00007f868d00d000 vframeArray 0x00007f868d068220 mode 2
     {method} {0x000000010ff880c0} &apos;emitReferenceCast&apos; &apos;(Ljava/lang/Class;Ljava/lang/Object;)V&apos; in &apos;java/lang/invoke/InvokerBytecodeGenerator&apos; - instanceof @ bci 3 sp = 0x000000030923c988
<uncommon_trap thread='8963' reason='unstable_if' action='reinterpret' compile_id='577' compiler='C2' stamp='4.104'>
Uncommon trap occurred in jdk.internal.org.objectweb.asm.ClassWriter::visitMethod (@0x00000001135dd918) thread=8963 reason=unstable_if action=reinterpret unloaded_class_index=-1
<jvms bci='61' method='jdk/internal/org/objectweb/asm/MethodWriter &lt;init&gt; (Ljdk/internal/org/objectweb/asm/ClassWriter;ILjava/lang/String;Ljava/lang/String;Ljava/lang/String;[Ljava/lang/String;ZZ)V' bytes='268' count='37' iicount='50'/>
<jvms bci='20' method='jdk/internal/org/objectweb/asm/ClassWriter visitMethod (ILjava/lang/String;Ljava/lang/String;Ljava/lang/String;[Ljava/lang/String;)Ljdk/internal/org/objectweb/asm/MethodVisitor;' bytes='24' count='25' backedge_count='1' iicount='50'/>
</uncommon_trap>
DEOPT PACKING thread 0x00007f868d00d000 Compiled frame (sp=0x000000030923cf00 unextended sp=0x000000030923cf00, fp=0x0000000795822418, real_fp=0x000000030923cfc0, pc=0x00000001135dd918)
     nmethod   4103  577             jdk.internal.org.objectweb.asm.ClassWriter::visitMethod (24 bytes)

     Virtual frames (innermost first):
        0 - frame( sp=0x000000030923cf00, unextended_sp=0x000000030923cf00, fp=0x0000000795822418, pc=0x00000001135dd918)
jdk.internal.org.objectweb.asm.MethodWriter.&lt;init&gt;(MethodWriter.java:494) - ifeq @ bci 61 
        1 - frame( sp=0x000000030923cf00, unextended_sp=0x000000030923cf00, fp=0x0000000795822418, pc=0x00000001135dd918)
jdk.internal.org.objectweb.asm.ClassWriter.visitMethod(ClassWriter.java:822) - invokespecial @ bci 20 
     Created vframeArray 0x00007f868e857620
DEOPT UNPACKING thread 0x00007f868d00d000 vframeArray 0x00007f868e857620 mode 2
     {method} {0x000000010ff90888} &apos;visitMethod&apos; &apos;(ILjava/lang/String;Ljava/lang/String;Ljava/lang/String;[Ljava/lang/String;)Ljdk/internal/org/objectweb/asm/MethodVisitor;&apos; in &apos;jdk/internal/org/objectweb/asm/ClassWriter&apos; - invokespecial @ bci 20 sp = 0x000000030923cf18
     {method} {0x000000010ff9aca0} &apos;&lt;init&gt;&apos; &apos;(Ljdk/internal/org/objectweb/asm/ClassWriter;ILjava/lang/String;Ljava/lang/String;Ljava/lang/String;[Ljava/lang/String;ZZ)V&apos; in &apos;jdk/internal/org/objectweb/asm/MethodWriter&apos; - ifeq @ bci 61 sp = 0x000000030923cec0
<uncommon_trap thread='8963' reason='null_assert' action='make_not_entrant' compile_id='369' compiler='C2' stamp='4.107'>
Uncommon trap occurred in jdk.internal.org.objectweb.asm.ClassWriter::toByteArray (@0x00000001135786ac) thread=8963 reason=null_assert action=make_not_entrant unloaded_class_index=-1
<jvms bci='35' method='jdk/internal/org/objectweb/asm/ClassWriter toByteArray ()[B' bytes='1289' count='18' backedge_count='27' iicount='18'/>
</uncommon_trap>
DEOPT PACKING thread 0x00007f868d00d000 Compiled frame (sp=0x000000030923cf80 unextended sp=0x000000030923cf80, fp=0x00000000f2b04384, real_fp=0x000000030923cfe0, pc=0x00000001135786ac)
     nmethod   4107  369             jdk.internal.org.objectweb.asm.ClassWriter::toByteArray (1289 bytes)

     Virtual frames (innermost first):
        0 - frame( sp=0x000000030923cf80, unextended_sp=0x000000030923cf80, fp=0x00000000f2b04384, pc=0x00000001135786ac)
jdk.internal.org.objectweb.asm.ClassWriter.toByteArray(ClassWriter.java:846) - astore_3 @ bci 35 
     Created vframeArray 0x00007f868d068220
DEOPT UNPACKING thread 0x00007f868d00d000 vframeArray 0x00007f868d068220 mode 2
     {method} {0x000000010ff90ff8} &apos;toByteArray&apos; &apos;()[B&apos; in &apos;jdk/internal/org/objectweb/asm/ClassWriter&apos; - astore_3 @ bci 35 sp = 0x000000030923cf40
<uncommon_trap thread='8963' reason='unstable_if' action='reinterpret' compile_id='616' compiler='C2' stamp='4.108'>
Uncommon trap occurred in jdk.internal.org.objectweb.asm.MethodWriter::getSize (@0x00000001135e93ec) thread=8963 reason=unstable_if action=reinterpret unloaded_class_index=-1
<jvms bci='531' method='jdk/internal/org/objectweb/asm/MethodWriter getSize ()I' bytes='838' count='26' backedge_count='1' iicount='64'/>
</uncommon_trap>
DEOPT PACKING thread 0x00007f868d00d000 Compiled frame (sp=0x000000030923cf00 unextended sp=0x000000030923cf00, fp=0x0000000000000000, real_fp=0x000000030923cf30, pc=0x00000001135e93ec)
     nmethod   4107  616             jdk.internal.org.objectweb.asm.MethodWriter::getSize (838 bytes)

     Virtual frames (innermost first):
        0 - frame( sp=0x000000030923cf00, unextended_sp=0x000000030923cf00, fp=0x0000000000000000, pc=0x00000001135e93ec)
jdk.internal.org.objectweb.asm.MethodWriter.getSize(MethodWriter.java:2127) - ifnull @ bci 531 
     Created vframeArray 0x00007f868f068220
DEOPT UNPACKING thread 0x00007f868d00d000 vframeArray 0x00007f868f068220 mode 2
     {method} {0x000000010ff9f848} &apos;getSize&apos; &apos;()I&apos; in &apos;jdk/internal/org/objectweb/asm/MethodWriter&apos; - ifnull @ bci 531 sp = 0x000000030923cec8
<uncommon_trap thread='8963' reason='unstable_if' action='reinterpret' compile_id='617' compiler='C2' stamp='4.108'>
Uncommon trap occurred in jdk.internal.org.objectweb.asm.MethodWriter::put (@0x00000001135f0324) thread=8963 reason=unstable_if action=reinterpret unloaded_class_index=-1
<jvms bci='187' method='jdk/internal/org/objectweb/asm/MethodWriter put (Ljdk/internal/org/objectweb/asm/ByteVector;)V' bytes='1602' count='26' backedge_count='1' iicount='64'/>
</uncommon_trap>
DEOPT PACKING thread 0x00007f868d00d000 Compiled frame (sp=0x000000030923cef0 unextended sp=0x000000030923cef0, fp=0x0000000000000000, real_fp=0x000000030923cf30, pc=0x00000001135f0324)
     nmethod   4108  617             jdk.internal.org.objectweb.asm.MethodWriter::put (1602 bytes)

     Virtual frames (innermost first):
        0 - frame( sp=0x000000030923cef0, unextended_sp=0x000000030923cef0, fp=0x0000000000000000, pc=0x00000001135f0324)
jdk.internal.org.objectweb.asm.MethodWriter.put(MethodWriter.java:2205) - ifnull @ bci 187 
     Created vframeArray 0x00007f868e857620
DEOPT UNPACKING thread 0x00007f868d00d000 vframeArray 0x00007f868e857620 mode 2
     {method} {0x000000010ffa0030} &apos;put&apos; &apos;(Ljdk/internal/org/objectweb/asm/ByteVector;)V&apos; in &apos;jdk/internal/org/objectweb/asm/MethodWriter&apos; - ifnull @ bci 187 sp = 0x000000030923ceb0
<dependency_failed type='abstract_with_unique_concrete_subtype' ctxk='java/util/HashMap$HashIterator' x='java/util/HashMap$ValueIterator' witness='java/util/HashMap$EntryIterator' stamp='4.136'/>
<dependency_failed type='abstract_with_unique_concrete_subtype' ctxk='java/util/HashMap$HashIterator' x='java/util/HashMap$ValueIterator' witness='java/util/HashMap$EntryIterator' stamp='4.136'/>
<dependency_failed type='abstract_with_unique_concrete_subtype' ctxk='java/util/HashMap$HashIterator' x='java/util/HashMap$ValueIterator' witness='java/util/HashMap$EntryIterator' stamp='4.136'/>
<uncommon_trap thread='8963' reason='class_check' action='maybe_recompile' compile_id='296' compiler='C2' stamp='4.144'>
Uncommon trap occurred in java.util.Arrays::equals (@0x0000000113541344) thread=8963 reason=class_check action=maybe_recompile unloaded_class_index=-1
<jvms bci='62' method='java/util/Arrays equals ([Ljava/lang/Object;[Ljava/lang/Object;)Z' bytes='78' count='17' backedge_count='28' iicount='17'/>
</uncommon_trap>
DEOPT PACKING thread 0x00007f868d00d000 Compiled frame (sp=0x000000030923d4e0 unextended sp=0x000000030923d4e0, fp=0x00000007958014b0, real_fp=0x000000030923d520, pc=0x0000000113541344)
     nmethod   4143  296             java.util.Arrays::equals (78 bytes)

     Virtual frames (innermost first):
        0 - frame( sp=0x000000030923d4e0, unextended_sp=0x000000030923d4e0, fp=0x00000007958014b0, pc=0x0000000113541344)
java.util.Arrays.equals(Arrays.java:2829) - invokevirtual @ bci 62 
     Created vframeArray 0x00007f868e85b620
DEOPT UNPACKING thread 0x00007f868d00d000 vframeArray 0x00007f868e85b620 mode 2
     {method} {0x000000010fd4e1b0} &apos;equals&apos; &apos;([Ljava/lang/Object;[Ljava/lang/Object;)Z&apos; in &apos;java/util/Arrays&apos; - invokevirtual @ bci 62 sp = 0x000000030923d4a0
<uncommon_trap thread='8963' reason='unstable_if' action='reinterpret' compile_id='418' compiler='C2' stamp='4.144'>
Uncommon trap occurred in java.lang.invoke.LambdaForm::normalize (@0x00000001135889e0) thread=8963 reason=unstable_if action=reinterpret unloaded_class_index=-1
<jvms bci='35' method='java/lang/invoke/LambdaForm normalize ()I' bytes='322' count='7' backedge_count='31' iicount='19' decompiles='1' uninitialized_traps='1'/>
</uncommon_trap>
DEOPT PACKING thread 0x00007f868d00d000 Compiled frame (sp=0x000000030923d360 unextended sp=0x000000030923d360, fp=0x0000000000000001, real_fp=0x000000030923d3b0, pc=0x00000001135889e0)
     nmethod   4144  418             java.lang.invoke.LambdaForm::normalize (322 bytes)

     Virtual frames (innermost first):
        0 - frame( sp=0x000000030923d360, unextended_sp=0x000000030923d360, fp=0x0000000000000001, pc=0x00000001135889e0)
java.lang.invoke.LambdaForm.normalize(LambdaForm.java:412) - ifne @ bci 35 
     Created vframeArray 0x00007f868e857620
DEOPT UNPACKING thread 0x00007f868d00d000 vframeArray 0x00007f868e857620 mode 2
     {method} {0x000000010fc75d08} &apos;normalize&apos; &apos;()I&apos; in &apos;java/lang/invoke/LambdaForm&apos; - ifne @ bci 35 sp = 0x000000030923d310
<uncommon_trap thread='8963' reason='class_check' action='maybe_recompile' compile_id='296' compiler='C2' count='1' state='class_check' stamp='4.223'>
Uncommon trap occurred in java.util.Arrays::equals (@0x0000000113541344) thread=8963 reason=class_check action=maybe_recompile unloaded_class_index=-1
<jvms bci='62' method='java/util/Arrays equals ([Ljava/lang/Object;[Ljava/lang/Object;)Z' bytes='78' count='17' backedge_count='29' iicount='17' class_check_traps='1'/>
</uncommon_trap>
DEOPT PACKING thread 0x00007f868d00d000 Compiled frame (sp=0x000000030923d5b0 unextended sp=0x000000030923d5b0, fp=0x000000079581d9c0, real_fp=0x000000030923d5f0, pc=0x0000000113541344)
     nmethod   4222  296             java.util.Arrays::equals (78 bytes)

     Virtual frames (innermost first):
        0 - frame( sp=0x000000030923d5b0, unextended_sp=0x000000030923d5b0, fp=0x000000079581d9c0, pc=0x0000000113541344)
java.util.Arrays.equals(Arrays.java:2829) - invokevirtual @ bci 62 
     Created vframeArray 0x00007f868f068220
DEOPT UNPACKING thread 0x00007f868d00d000 vframeArray 0x00007f868f068220 mode 2
     {method} {0x000000010fd4e1b0} &apos;equals&apos; &apos;([Ljava/lang/Object;[Ljava/lang/Object;)Z&apos; in &apos;java/util/Arrays&apos; - invokevirtual @ bci 62 sp = 0x000000030923d570
<uncommon_trap thread='8963' reason='class_check' action='maybe_recompile' compile_id='296' compiler='C2' count='2' state='class_check' stamp='4.319'>
Uncommon trap occurred in java.util.Arrays::equals (@0x0000000113541344) thread=8963 reason=class_check action=maybe_recompile unloaded_class_index=-1
<jvms bci='62' method='java/util/Arrays equals ([Ljava/lang/Object;[Ljava/lang/Object;)Z' bytes='78' count='17' backedge_count='30' iicount='17' class_check_traps='2'/>
</uncommon_trap>
DEOPT PACKING thread 0x00007f868d00d000 Compiled frame (sp=0x000000030923d5b0 unextended sp=0x000000030923d5b0, fp=0x0000000795833ed0, real_fp=0x000000030923d5f0, pc=0x0000000113541344)
     nmethod   4319  296             java.util.Arrays::equals (78 bytes)

     Virtual frames (innermost first):
        0 - frame( sp=0x000000030923d5b0, unextended_sp=0x000000030923d5b0, fp=0x0000000795833ed0, pc=0x0000000113541344)
java.util.Arrays.equals(Arrays.java:2829) - invokevirtual @ bci 62 
     Created vframeArray 0x00007f868e857620
DEOPT UNPACKING thread 0x00007f868d00d000 vframeArray 0x00007f868e857620 mode 2
     {method} {0x000000010fd4e1b0} &apos;equals&apos; &apos;([Ljava/lang/Object;[Ljava/lang/Object;)Z&apos; in &apos;java/util/Arrays&apos; - invokevirtual @ bci 62 sp = 0x000000030923d570
<uncommon_trap thread='8963' reason='class_check' action='maybe_recompile' compile_id='296' compiler='C2' count='3' state='class_check' stamp='4.321'>
Uncommon trap occurred in java.util.Arrays::equals (@0x0000000113541344) thread=8963 reason=class_check action=maybe_recompile unloaded_class_index=-1
<jvms bci='62' method='java/util/Arrays equals ([Ljava/lang/Object;[Ljava/lang/Object;)Z' bytes='78' count='17' backedge_count='31' iicount='17' class_check_traps='3'/>
</uncommon_trap>
DEOPT PACKING thread 0x00007f868d00d000 Compiled frame (sp=0x000000030923d5b0 unextended sp=0x000000030923d5b0, fp=0x0000000795833ed0, real_fp=0x000000030923d5f0, pc=0x0000000113541344)
     nmethod   4321  296             java.util.Arrays::equals (78 bytes)

     Virtual frames (innermost first):
        0 - frame( sp=0x000000030923d5b0, unextended_sp=0x000000030923d5b0, fp=0x0000000795833ed0, pc=0x0000000113541344)
java.util.Arrays.equals(Arrays.java:2829) - invokevirtual @ bci 62 
     Created vframeArray 0x00007f868e85ea20
DEOPT UNPACKING thread 0x00007f868d00d000 vframeArray 0x00007f868e85ea20 mode 2
     {method} {0x000000010fd4e1b0} &apos;equals&apos; &apos;([Ljava/lang/Object;[Ljava/lang/Object;)Z&apos; in &apos;java/util/Arrays&apos; - invokevirtual @ bci 62 sp = 0x000000030923d570
<uncommon_trap thread='8963' reason='predicate' action='maybe_recompile' compile_id='648' compiler='C2' stamp='4.404'>
Uncommon trap occurred in java.util.Arrays::fill (@0x0000000113603b04) thread=8963 reason=predicate action=maybe_recompile unloaded_class_index=-1
<jvms bci='16' method='java/util/Arrays fill ([Ljava/lang/Object;IILjava/lang/Object;)V' bytes='28' count='25' backedge_count='26' iicount='26'/>
</uncommon_trap>
DEOPT PACKING thread 0x00007f868d00d000 Compiled frame (sp=0x000000030923d540 unextended sp=0x000000030923d540, fp=0x0000000000000000, real_fp=0x000000030923d580, pc=0x0000000113603b04)
     nmethod   4403  648             java.util.Arrays::fill (28 bytes)

     Virtual frames (innermost first):
        0 - frame( sp=0x000000030923d540, unextended_sp=0x000000030923d540, fp=0x0000000000000000, pc=0x0000000113603b04)
java.util.Arrays.fill(Arrays.java:3155) - fast_aload_0 @ bci 16 
     Created vframeArray 0x00007f868f067620
DEOPT UNPACKING thread 0x00007f868d00d000 vframeArray 0x00007f868f067620 mode 2
     {method} {0x000000010fd4f320} &apos;fill&apos; &apos;([Ljava/lang/Object;IILjava/lang/Object;)V&apos; in &apos;java/util/Arrays&apos; - aload_0 @ bci 16 sp = 0x000000030923d528
<uncommon_trap thread='8963' reason='array_check' action='maybe_recompile' compile_id='593' compiler='C2' count='1' state='array_check' stamp='4.473'>
Uncommon trap occurred in java.util.Arrays::fill (@0x00000001135e041c) thread=8963 reason=array_check action=maybe_recompile unloaded_class_index=-1
<jvms bci='13' method='java/util/Arrays fill ([Ljava/lang/Object;Ljava/lang/Object;)V' bytes='21' count='12' backedge_count='46' iicount='12' decompiles='1' array_check_traps='1' predicate_traps='1'/>
</uncommon_trap>
DEOPT PACKING thread 0x00007f868d00d000 Compiled frame (sp=0x000000030923cf70 unextended sp=0x000000030923cf70, fp=0x0000000795863d68, real_fp=0x000000030923cfc0, pc=0x00000001135e041c)
     nmethod   4473  593             java.util.Arrays::fill (21 bytes)

     Virtual frames (innermost first):
        0 - frame( sp=0x000000030923cf70, unextended_sp=0x000000030923cf70, fp=0x0000000795863d68, pc=0x00000001135e041c)
java.util.Arrays.fill(Arrays.java:3130) - aastore @ bci 13 
     Created vframeArray 0x00007f868e85ea20
DEOPT UNPACKING thread 0x00007f868d00d000 vframeArray 0x00007f868e85ea20 mode 2
     {method} {0x000000010fd4f220} &apos;fill&apos; &apos;([Ljava/lang/Object;Ljava/lang/Object;)V&apos; in &apos;java/util/Arrays&apos; - aastore @ bci 13 sp = 0x000000030923cf38
<uncommon_trap thread='8963' reason='unstable_if' action='reinterpret' compile_id='634' compiler='C2' stamp='4.481'>
Uncommon trap occurred in jdk.internal.org.objectweb.asm.MethodWriter::visitLabel (@0x000000011360029c) thread=8963 reason=unstable_if action=reinterpret unloaded_class_index=-1
<jvms bci='42' method='jdk/internal/org/objectweb/asm/MethodWriter visitLabel (Ljdk/internal/org/objectweb/asm/Label;)V' bytes='281' count='25' backedge_count='1' iicount='63'/>
</uncommon_trap>
DEOPT PACKING thread 0x00007f868d00d000 Compiled frame (sp=0x000000030923d610 unextended sp=0x000000030923d610, fp=0x0000000000000001, real_fp=0x000000030923d660, pc=0x000000011360029c)
     nmethod   4480  634             jdk.internal.org.objectweb.asm.MethodWriter::visitLabel (281 bytes)

     Virtual frames (innermost first):
        0 - frame( sp=0x000000030923d610, unextended_sp=0x000000030923d610, fp=0x0000000000000001, pc=0x000000011360029c)
jdk.internal.org.objectweb.asm.MethodWriter.visitLabel(MethodWriter.java:1105) - ifne @ bci 42 
     Created vframeArray 0x00007f868d070020
DEOPT UNPACKING thread 0x00007f868d00d000 vframeArray 0x00007f868d070020 mode 2
     {method} {0x000000010ff9c920} &apos;visitLabel&apos; &apos;(Ljdk/internal/org/objectweb/asm/Label;)V&apos; in &apos;jdk/internal/org/objectweb/asm/MethodWriter&apos; - ifne @ bci 42 sp = 0x000000030923d608
<uncommon_trap thread='8963' reason='unstable_if' action='reinterpret' compile_id='541' compiler='C2' stamp='4.481'>
Uncommon trap occurred in jdk.internal.org.objectweb.asm.MethodWriter::visitMethodInsn (@0x00000001135b3fd0) thread=8963 reason=unstable_if action=reinterpret unloaded_class_index=-1
<jvms bci='44' method='jdk/internal/org/objectweb/asm/MethodWriter visitMethodInsn (ILjava/lang/String;Ljava/lang/String;Ljava/lang/String;Z)V' bytes='220' count='26' backedge_count='1' iicount='69'/>
</uncommon_trap>
DEOPT PACKING thread 0x00007f868d00d000 Compiled frame (sp=0x000000030923d710 unextended sp=0x000000030923d710, fp=0x0000000795867550, real_fp=0x000000030923d760, pc=0x00000001135b3fd0)
     nmethod   4481  541             jdk.internal.org.objectweb.asm.MethodWriter::visitMethodInsn (220 bytes)

     Virtual frames (innermost first):
        0 - frame( sp=0x000000030923d710, unextended_sp=0x000000030923d710, fp=0x0000000795867550, pc=0x00000001135b3fd0)
jdk.internal.org.objectweb.asm.MethodWriter.visitMethodInsn(MethodWriter.java:921) - ifne @ bci 44 
     Created vframeArray 0x00007f868e85ea20
DEOPT UNPACKING thread 0x00007f868d00d000 vframeArray 0x00007f868e85ea20 mode 2
     {method} {0x000000010ff9c308} &apos;visitMethodInsn&apos; &apos;(ILjava/lang/String;Ljava/lang/String;Ljava/lang/String;Z)V&apos; in &apos;jdk/internal/org/objectweb/asm/MethodWriter&apos; - ifne @ bci 44 sp = 0x000000030923d6f0
<uncommon_trap thread='8963' reason='unstable_if' action='reinterpret' compile_id='603' compiler='C2' stamp='4.482'>
Uncommon trap occurred in jdk.internal.org.objectweb.asm.MethodWriter::visitInsn (@0x00000001135d2000) thread=8963 reason=unstable_if action=reinterpret unloaded_class_index=-1
<jvms bci='31' method='jdk/internal/org/objectweb/asm/MethodWriter visitInsn (I)V' bytes='106' count='27' backedge_count='1' iicount='69'/>
</uncommon_trap>
DEOPT PACKING thread 0x00007f868d00d000 Compiled frame (sp=0x000000030923d750 unextended sp=0x000000030923d750, fp=0x0000000000000001, real_fp=0x000000030923d780, pc=0x00000001135d2000)
     nmethod   4481  603             jdk.internal.org.objectweb.asm.MethodWriter::visitInsn (106 bytes)

     Virtual frames (innermost first):
        0 - frame( sp=0x000000030923d750, unextended_sp=0x000000030923d750, fp=0x0000000000000001, pc=0x00000001135d2000)
jdk.internal.org.objectweb.asm.MethodWriter.visitInsn(MethodWriter.java:750) - ifne @ bci 31 
     Created vframeArray 0x00007f868d070020
DEOPT UNPACKING thread 0x00007f868d00d000 vframeArray 0x00007f868d070020 mode 2
     {method} {0x000000010ff9b9e8} &apos;visitInsn&apos; &apos;(I)V&apos; in &apos;jdk/internal/org/objectweb/asm/MethodWriter&apos; - ifne @ bci 31 sp = 0x000000030923d720
<uncommon_trap thread='8963' reason='unstable_if' action='reinterpret' compile_id='613' compiler='C2' stamp='4.482'>
Uncommon trap occurred in jdk.internal.org.objectweb.asm.MethodWriter::noSuccessor (@0x00000001135e5cfc) thread=8963 reason=unstable_if action=reinterpret unloaded_class_index=-1
<jvms bci='4' method='jdk/internal/org/objectweb/asm/MethodWriter noSuccessor ()V' bytes='87' count='26' backedge_count='1' iicount='64'/>
</uncommon_trap>
DEOPT PACKING thread 0x00007f868d00d000 Compiled frame (sp=0x000000030923d6d0 unextended sp=0x000000030923d6d0, fp=0x0000000795867550, real_fp=0x000000030923d710, pc=0x00000001135e5cfc)
     nmethod   4482  613             jdk.internal.org.objectweb.asm.MethodWriter::noSuccessor (87 bytes)

     Virtual frames (innermost first):
        0 - frame( sp=0x000000030923d6d0, unextended_sp=0x000000030923d6d0, fp=0x0000000795867550, pc=0x00000001135e5cfc)
jdk.internal.org.objectweb.asm.MethodWriter.noSuccessor(MethodWriter.java:1710) - ifne @ bci 4 
     Created vframeArray 0x00007f868e85ea20
DEOPT UNPACKING thread 0x00007f868d00d000 vframeArray 0x00007f868e85ea20 mode 2
     {method} {0x000000010ff9e578} &apos;noSuccessor&apos; &apos;()V&apos; in &apos;jdk/internal/org/objectweb/asm/MethodWriter&apos; - ifne @ bci 4 sp = 0x000000030923d6b0
<uncommon_trap thread='8963' reason='unstable_if' action='reinterpret' compile_id='612' compiler='C2' stamp='4.483'>
Uncommon trap occurred in jdk.internal.org.objectweb.asm.MethodWriter::visitTypeInsn (@0x00000001135e65dc) thread=8963 reason=unstable_if action=reinterpret unloaded_class_index=-1
<jvms bci='31' method='jdk/internal/org/objectweb/asm/MethodWriter visitTypeInsn (ILjava/lang/String;)V' bytes='110' count='26' backedge_count='1' iicount='62'/>
</uncommon_trap>
DEOPT PACKING thread 0x00007f868d00d000 Compiled frame (sp=0x000000030923d740 unextended sp=0x000000030923d740, fp=0x0000000795867b58, real_fp=0x000000030923d780, pc=0x00000001135e65dc)
     nmethod   4483  612             jdk.internal.org.objectweb.asm.MethodWriter::visitTypeInsn (110 bytes)

     Virtual frames (innermost first):
        0 - frame( sp=0x000000030923d740, unextended_sp=0x000000030923d740, fp=0x0000000795867b58, pc=0x00000001135e65dc)
jdk.internal.org.objectweb.asm.MethodWriter.visitTypeInsn(MethodWriter.java:858) - ifne @ bci 31 
     Created vframeArray 0x00007f868e06e020
DEOPT UNPACKING thread 0x00007f868d00d000 vframeArray 0x00007f868e06e020 mode 2
     {method} {0x000000010ff9bec8} &apos;visitTypeInsn&apos; &apos;(ILjava/lang/String;)V&apos; in &apos;jdk/internal/org/objectweb/asm/MethodWriter&apos; - ifne @ bci 31 sp = 0x000000030923d718
<dependency_failed type='abstract_with_unique_concrete_subtype' ctxk='jdk/internal/org/objectweb/asm/MethodVisitor' x='jdk/internal/org/objectweb/asm/MethodWriter' witness='java/lang/invoke/TypeConvertingMethodAdapter' stamp='4.484'/>
<dependency_failed type='abstract_with_unique_concrete_subtype' ctxk='jdk/internal/org/objectweb/asm/MethodVisitor' x='jdk/internal/org/objectweb/asm/MethodWriter' witness='java/lang/invoke/TypeConvertingMethodAdapter' stamp='4.484'/>
<dependency_failed type='abstract_with_unique_concrete_subtype' ctxk='jdk/internal/org/objectweb/asm/MethodVisitor' x='jdk/internal/org/objectweb/asm/MethodWriter' witness='java/lang/invoke/TypeConvertingMethodAdapter' stamp='4.484'/>
<dependency_failed type='abstract_with_unique_concrete_subtype' ctxk='jdk/internal/org/objectweb/asm/MethodVisitor' x='jdk/internal/org/objectweb/asm/MethodWriter' witness='java/lang/invoke/TypeConvertingMethodAdapter' stamp='4.484'/>
<dependency_failed type='abstract_with_unique_concrete_subtype' ctxk='jdk/internal/org/objectweb/asm/MethodVisitor' x='jdk/internal/org/objectweb/asm/MethodWriter' witness='java/lang/invoke/TypeConvertingMethodAdapter' stamp='4.484'/>
<dependency_failed type='abstract_with_unique_concrete_subtype' ctxk='jdk/internal/org/objectweb/asm/MethodVisitor' x='jdk/internal/org/objectweb/asm/MethodWriter' witness='java/lang/invoke/TypeConvertingMethodAdapter' stamp='4.484'/>
<dependency_failed type='abstract_with_unique_concrete_subtype' ctxk='jdk/internal/org/objectweb/asm/MethodVisitor' x='jdk/internal/org/objectweb/asm/MethodWriter' witness='java/lang/invoke/TypeConvertingMethodAdapter' stamp='4.484'/>
<dependency_failed type='abstract_with_unique_concrete_subtype' ctxk='jdk/internal/org/objectweb/asm/MethodVisitor' x='jdk/internal/org/objectweb/asm/MethodWriter' witness='java/lang/invoke/TypeConvertingMethodAdapter' stamp='4.484'/>
<dependency_failed type='abstract_with_unique_concrete_subtype' ctxk='jdk/internal/org/objectweb/asm/MethodVisitor' x='jdk/internal/org/objectweb/asm/MethodWriter' witness='java/lang/invoke/TypeConvertingMethodAdapter' stamp='4.484'/>
<dependency_failed type='abstract_with_unique_concrete_subtype' ctxk='jdk/internal/org/objectweb/asm/MethodVisitor' x='jdk/internal/org/objectweb/asm/MethodWriter' witness='java/lang/invoke/TypeConvertingMethodAdapter' stamp='4.484'/>
<dependency_failed type='abstract_with_unique_concrete_subtype' ctxk='jdk/internal/org/objectweb/asm/MethodVisitor' x='jdk/internal/org/objectweb/asm/MethodWriter' witness='java/lang/invoke/TypeConvertingMethodAdapter' stamp='4.484'/>
<dependency_failed type='abstract_with_unique_concrete_subtype' ctxk='jdk/internal/org/objectweb/asm/MethodVisitor' x='jdk/internal/org/objectweb/asm/MethodWriter' witness='java/lang/invoke/TypeConvertingMethodAdapter' stamp='4.484'/>
<dependency_failed type='abstract_with_unique_concrete_subtype' ctxk='jdk/internal/org/objectweb/asm/MethodVisitor' x='jdk/internal/org/objectweb/asm/MethodWriter' witness='java/lang/invoke/TypeConvertingMethodAdapter' stamp='4.484'/>
<dependency_failed type='abstract_with_unique_concrete_subtype' ctxk='jdk/internal/org/objectweb/asm/MethodVisitor' x='jdk/internal/org/objectweb/asm/MethodWriter' witness='java/lang/invoke/TypeConvertingMethodAdapter' stamp='4.484'/>
<dependency_failed type='abstract_with_unique_concrete_subtype' ctxk='jdk/internal/org/objectweb/asm/MethodVisitor' x='jdk/internal/org/objectweb/asm/MethodWriter' witness='java/lang/invoke/TypeConvertingMethodAdapter' stamp='4.484'/>
<dependency_failed type='abstract_with_unique_concrete_subtype' ctxk='jdk/internal/org/objectweb/asm/MethodVisitor' x='jdk/internal/org/objectweb/asm/MethodWriter' witness='java/lang/invoke/TypeConvertingMethodAdapter' stamp='4.484'/>
<uncommon_trap thread='8963' reason='class_check' action='maybe_recompile' compile_id='120' compiler='C2' count='2' state='class_check' stamp='4.658'>
Uncommon trap occurred in java.net.URL::&lt;init&gt; (@0x00000001134eddc8) thread=8963 reason=class_check action=maybe_recompile unloaded_class_index=-1
<jvms bci='504' method='java/net/URL &lt;init&gt; (Ljava/net/URL;Ljava/lang/String;Ljava/net/URLStreamHandler;)V' bytes='543' count='7' backedge_count='30' iicount='14' class_check_traps='2'/>
</uncommon_trap>
DEOPT PACKING thread 0x00007f868d00d000 Compiled frame (sp=0x000000030923c2b0 unextended sp=0x000000030923c2b0, fp=0x00000007955c54d8, real_fp=0x000000030923c320, pc=0x00000001134eddc8)
     nmethod   4658  120   !         java.net.URL::&lt;init&gt; (543 bytes)

     Virtual frames (innermost first):
        0 - frame( sp=0x000000030923c2b0, unextended_sp=0x000000030923c2b0, fp=0x00000007955c54d8, pc=0x00000001134eddc8)
java.net.URL.&lt;init&gt;(URL.java:640) - invokevirtual @ bci 504 
     Created vframeArray 0x00007f868e06fc20
DEOPT UNPACKING thread 0x00007f868d00d000 vframeArray 0x00007f868e06fc20 mode 2
     {method} {0x000000010fca8008} &apos;&lt;init&gt;&apos; &apos;(Ljava/net/URL;Ljava/lang/String;Ljava/net/URLStreamHandler;)V&apos; in &apos;java/net/URL&apos; - invokevirtual @ bci 504 sp = 0x000000030923c238
<uncommon_trap thread='8963' reason='class_check' action='maybe_recompile' compile_id='120' compiler='C2' count='3' state='class_check' stamp='4.664'>
Uncommon trap occurred in java.net.URL::&lt;init&gt; (@0x00000001134eddc8) thread=8963 reason=class_check action=maybe_recompile unloaded_class_index=-1
<jvms bci='504' method='java/net/URL &lt;init&gt; (Ljava/net/URL;Ljava/lang/String;Ljava/net/URLStreamHandler;)V' bytes='543' count='7' backedge_count='30' iicount='14' class_check_traps='3'/>
</uncommon_trap>
DEOPT PACKING thread 0x00007f868d00d000 Compiled frame (sp=0x000000030923b440 unextended sp=0x000000030923b440, fp=0x00000007955c54d8, real_fp=0x000000030923b4b0, pc=0x00000001134eddc8)
     nmethod   4663  120   !         java.net.URL::&lt;init&gt; (543 bytes)

     Virtual frames (innermost first):
        0 - frame( sp=0x000000030923b440, unextended_sp=0x000000030923b440, fp=0x00000007955c54d8, pc=0x00000001134eddc8)
java.net.URL.&lt;init&gt;(URL.java:640) - invokevirtual @ bci 504 
     Created vframeArray 0x00007f868d070020
DEOPT UNPACKING thread 0x00007f868d00d000 vframeArray 0x00007f868d070020 mode 2
     {method} {0x000000010fca8008} &apos;&lt;init&gt;&apos; &apos;(Ljava/net/URL;Ljava/lang/String;Ljava/net/URLStreamHandler;)V&apos; in &apos;java/net/URL&apos; - invokevirtual @ bci 504 sp = 0x000000030923b3c8
<uncommon_trap thread='8963' reason='null_check' action='make_not_entrant' compile_id='414' compiler='C2' stamp='4.857'>
Uncommon trap occurred in java.lang.reflect.Array::newInstance (@0x0000000113586184) thread=8963 reason=null_check action=make_not_entrant unloaded_class_index=-1
<jvms bci='2' method='java/lang/reflect/Array newInstance (Ljava/lang/Class;I)Ljava/lang/Object;' bytes='6' count='25' backedge_count='1' iicount='50'/>
</uncommon_trap>
DEOPT PACKING thread 0x00007f868d00d000 Compiled frame (sp=0x000000030923dc60 unextended sp=0x000000030923dc60, fp=0x00000007958dda58, real_fp=0x000000030923dc90, pc=0x0000000113586184)
     nmethod   4857  414             java.lang.reflect.Array::newInstance (6 bytes)

     Virtual frames (innermost first):
        0 - frame( sp=0x000000030923dc60, unextended_sp=0x000000030923dc60, fp=0x00000007958dda58, pc=0x0000000113586184)
java.lang.reflect.Array.newInstance(Array.java:75) - invokestatic @ bci 2 
     Created vframeArray 0x00007f868e85f620
DEOPT UNPACKING thread 0x00007f868d00d000 vframeArray 0x00007f868e85f620 mode 2
     {method} {0x000000010ff58f70} &apos;newInstance&apos; &apos;(Ljava/lang/Class;I)Ljava/lang/Object;&apos; in &apos;java/lang/reflect/Array&apos; - invokestatic @ bci 2 sp = 0x000000030923dc30
<uncommon_trap thread='8963' reason='unstable_if' action='reinterpret' compile_id='703' compiler='C2' stamp='4.907'>
Uncommon trap occurred in sun.reflect.generics.parser.SignatureParser::skipIdentifier (@0x000000011362cbf8) thread=8963 reason=unstable_if action=reinterpret unloaded_class_index=-1
<jvms bci='32' method='sun/reflect/generics/parser/SignatureParser skipIdentifier ()V' bytes='67' count='6' backedge_count='29' iicount='6'/>
</uncommon_trap>
DEOPT PACKING thread 0x00007f868d00d000 Compiled frame (sp=0x000000030923dce0 unextended sp=0x000000030923dce0, fp=0x00000007955bde98, real_fp=0x000000030923dd10, pc=0x000000011362cbf8)
     nmethod   4906  703             sun.reflect.generics.parser.SignatureParser::skipIdentifier (67 bytes)

     Virtual frames (innermost first):
        0 - frame( sp=0x000000030923dce0, unextended_sp=0x000000030923dce0, fp=0x00000007955bde98, pc=0x000000011362cbf8)
sun.reflect.generics.parser.SignatureParser.skipIdentifier(SignatureParser.java:262) - if_icmpeq @ bci 32 
     Created vframeArray 0x00007f868e865620
DEOPT UNPACKING thread 0x00007f868d00d000 vframeArray 0x00007f868e865620 mode 2
     {method} {0x00000001100979b0} &apos;skipIdentifier&apos; &apos;()V&apos; in &apos;sun/reflect/generics/parser/SignatureParser&apos; - if_icmpeq @ bci 32 sp = 0x000000030923dca8
<uncommon_trap thread='8963' reason='unloaded' action='reinterpret' index='37' compile_id='542' compiler='C2' unresolved='1' name='java/lang/invoke/DirectMethodHandle$Special' stamp='5.080'>
Uncommon trap occurred in java.lang.invoke.DirectMethodHandle::make (@0x00000001135c6714) thread=8963 reason=unloaded action=reinterpret unloaded_class_index=37 unresolved class: java/lang/invoke/DirectMethodHandle$Special
<jvms bci='103' method='java/lang/invoke/DirectMethodHandle make (BLjava/lang/Class;Ljava/lang/invoke/MemberName;)Ljava/lang/invoke/DirectMethodHandle;' bytes='242' count='25' backedge_count='1' iicount='50'/>
</uncommon_trap>
DEOPT PACKING thread 0x00007f868d00d000 Compiled frame (sp=0x000000030923d4b0 unextended sp=0x000000030923d4b0, fp=0x000000079591ca80, real_fp=0x000000030923d510, pc=0x00000001135c6714)
     nmethod   5080  542             java.lang.invoke.DirectMethodHandle::make (242 bytes)

     Virtual frames (innermost first):
        0 - frame( sp=0x000000030923d4b0, unextended_sp=0x000000030923d4b0, fp=0x000000079591ca80, pc=0x00000001135c6714)
java.lang.invoke.DirectMethodHandle.make(DirectMethodHandle.java:82) - new @ bci 103 
     Created vframeArray 0x00007f868f06e020
DEOPT UNPACKING thread 0x00007f868d00d000 vframeArray 0x00007f868f06e020 mode 2
     {method} {0x000000010fc60e40} &apos;make&apos; &apos;(BLjava/lang/Class;Ljava/lang/invoke/MemberName;)Ljava/lang/invoke/DirectMethodHandle;&apos; in &apos;java/lang/invoke/DirectMethodHandle&apos; - new @ bci 103 sp = 0x000000030923d498
<uncommon_trap thread='8963' reason='unstable_if' action='reinterpret' compile_id='682' compiler='C2' stamp='5.173'>
Uncommon trap occurred in java.util.HashMap::getNode (@0x0000000113621228) thread=8963 reason=unstable_if action=reinterpret unloaded_class_index=-1
<jvms bci='49' method='java/util/HashMap getNode (ILjava/lang/Object;)Ljava/util/HashMap$Node;' bytes='148' count='26' backedge_count='1' iicount='136' decompiles='2' class_check_traps='4' bimorphic_traps='4' overflow_recompiles='1'/>
</uncommon_trap>
DEOPT PACKING thread 0x00007f868d00d000 Compiled frame (sp=0x000000030923def0 unextended sp=0x000000030923def0, fp=0x000000006c5e6e2c, real_fp=0x000000030923df30, pc=0x0000000113621228)
     nmethod   5172  682             java.util.HashMap::getNode (148 bytes)

     Virtual frames (innermost first):
        0 - frame( sp=0x000000030923def0, unextended_sp=0x000000030923def0, fp=0x000000006c5e6e2c, pc=0x0000000113621228)
java.util.HashMap.getNode(HashMap.java:572) - if_acmpeq @ bci 49 
     Created vframeArray 0x00007f868e865620
DEOPT UNPACKING thread 0x00007f868d00d000 vframeArray 0x00007f868e865620 mode 2
     {method} {0x000000010fd15dc8} &apos;getNode&apos; &apos;(ILjava/lang/Object;)Ljava/util/HashMap$Node;&apos; in &apos;java/util/HashMap&apos; - if_acmpeq @ bci 49 sp = 0x000000030923de90
<uncommon_trap thread='8963' reason='unstable_if' action='reinterpret' compile_id='755' compiler='C2' stamp='5.200'>
Uncommon trap occurred in java.util.HashMap::putVal (@0x000000011364d3c8) thread=8963 reason=unstable_if action=reinterpret unloaded_class_index=-1
<jvms bci='284' method='java/util/HashMap putVal (ILjava/lang/Object;Ljava/lang/Object;ZZ)Ljava/lang/Object;' bytes='300' count='25' backedge_count='1' iicount='73'/>
</uncommon_trap>
DEOPT PACKING thread 0x00007f868d00d000 Compiled frame (sp=0x000000030923ddd0 unextended sp=0x000000030923ddd0, fp=0x0000000795958f48, real_fp=0x000000030923de80, pc=0x000000011364d3c8)
     nmethod   5200  755             java.util.HashMap::putVal (300 bytes)

     Virtual frames (innermost first):
        0 - frame( sp=0x000000030923ddd0, unextended_sp=0x000000030923ddd0, fp=0x0000000795958f48, pc=0x000000011364d3c8)
java.util.HashMap.putVal(HashMap.java:663) - if_icmple @ bci 284 
     Created vframeArray 0x00007f868d07dc20
DEOPT UNPACKING thread 0x00007f868d00d000 vframeArray 0x00007f868d07dc20 mode 2
     {method} {0x000000010fd16238} &apos;putVal&apos; &apos;(ILjava/lang/Object;Ljava/lang/Object;ZZ)Ljava/lang/Object;&apos; in &apos;java/util/HashMap&apos; - if_icmple @ bci 284 sp = 0x000000030923ddb8
<uncommon_trap thread='8963' reason='class_check' action='maybe_recompile' compile_id='774' compiler='C2' stamp='5.302'>
Uncommon trap occurred in sun.misc.ProxyGenerator$ConstantPool$IndirectEntry::equals (@0x000000011364f26c) thread=8963 reason=class_check action=maybe_recompile unloaded_class_index=-1
<jvms bci='1' method='sun/misc/ProxyGenerator$ConstantPool$IndirectEntry equals (Ljava/lang/Object;)Z' bytes='49' count='26' backedge_count='1' iicount='51'/>
</uncommon_trap>
DEOPT PACKING thread 0x00007f868d00d000 Compiled frame (sp=0x000000030923de90 unextended sp=0x000000030923de90, fp=0x0000000795963418, real_fp=0x000000030923dec0, pc=0x000000011364f26c)
     nmethod   5302  774             sun.misc.ProxyGenerator$ConstantPool$IndirectEntry::equals (49 bytes)

     Virtual frames (innermost first):
        0 - frame( sp=0x000000030923de90, unextended_sp=0x000000030923de90, fp=0x0000000795963418, pc=0x000000011364f26c)
sun.misc.ProxyGenerator$ConstantPool$IndirectEntry.equals(ProxyGenerator.java:2019) - instanceof @ bci 1 
     Created vframeArray 0x00007f868d07f820
DEOPT UNPACKING thread 0x00007f868d00d000 vframeArray 0x00007f868d07f820 mode 2
     {method} {0x00000001100de1f0} &apos;equals&apos; &apos;(Ljava/lang/Object;)Z&apos; in &apos;sun/misc/ProxyGenerator$ConstantPool$IndirectEntry&apos; - instanceof @ bci 1 sp = 0x000000030923de50
<uncommon_trap thread='8963' reason='class_check' action='maybe_recompile' compile_id='774' compiler='C2' count='1' state='class_check' stamp='5.303'>
Uncommon trap occurred in sun.misc.ProxyGenerator$ConstantPool$IndirectEntry::equals (@0x000000011364f26c) thread=8963 reason=class_check action=maybe_recompile unloaded_class_index=-1
<jvms bci='1' method='sun/misc/ProxyGenerator$ConstantPool$IndirectEntry equals (Ljava/lang/Object;)Z' bytes='49' count='26' backedge_count='1' iicount='51' class_check_traps='1'/>
</uncommon_trap>
DEOPT PACKING thread 0x00007f868d00d000 Compiled frame (sp=0x000000030923dea0 unextended sp=0x000000030923dea0, fp=0x0000000795963418, real_fp=0x000000030923ded0, pc=0x000000011364f26c)
     nmethod   5302  774             sun.misc.ProxyGenerator$ConstantPool$IndirectEntry::equals (49 bytes)

     Virtual frames (innermost first):
        0 - frame( sp=0x000000030923dea0, unextended_sp=0x000000030923dea0, fp=0x0000000795963418, pc=0x000000011364f26c)
sun.misc.ProxyGenerator$ConstantPool$IndirectEntry.equals(ProxyGenerator.java:2019) - instanceof @ bci 1 
     Created vframeArray 0x00007f868e865e20
DEOPT UNPACKING thread 0x00007f868d00d000 vframeArray 0x00007f868e865e20 mode 2
     {method} {0x00000001100de1f0} &apos;equals&apos; &apos;(Ljava/lang/Object;)Z&apos; in &apos;sun/misc/ProxyGenerator$ConstantPool$IndirectEntry&apos; - instanceof @ bci 1 sp = 0x000000030923de60
<uncommon_trap thread='8963' reason='class_check' action='maybe_recompile' compile_id='774' compiler='C2' count='2' state='class_check' stamp='5.312'>
Uncommon trap occurred in sun.misc.ProxyGenerator$ConstantPool$IndirectEntry::equals (@0x000000011364f26c) thread=8963 reason=class_check action=maybe_recompile unloaded_class_index=-1
<jvms bci='1' method='sun/misc/ProxyGenerator$ConstantPool$IndirectEntry equals (Ljava/lang/Object;)Z' bytes='49' count='26' backedge_count='1' iicount='51' class_check_traps='2'/>
</uncommon_trap>
DEOPT PACKING thread 0x00007f868d00d000 Compiled frame (sp=0x000000030923de40 unextended sp=0x000000030923de40, fp=0x0000000795965610, real_fp=0x000000030923de70, pc=0x000000011364f26c)
     nmethod   5312  774             sun.misc.ProxyGenerator$ConstantPool$IndirectEntry::equals (49 bytes)

     Virtual frames (innermost first):
        0 - frame( sp=0x000000030923de40, unextended_sp=0x000000030923de40, fp=0x0000000795965610, pc=0x000000011364f26c)
sun.misc.ProxyGenerator$ConstantPool$IndirectEntry.equals(ProxyGenerator.java:2019) - instanceof @ bci 1 
     Created vframeArray 0x00007f868f06e020
DEOPT UNPACKING thread 0x00007f868d00d000 vframeArray 0x00007f868f06e020 mode 2
     {method} {0x00000001100de1f0} &apos;equals&apos; &apos;(Ljava/lang/Object;)Z&apos; in &apos;sun/misc/ProxyGenerator$ConstantPool$IndirectEntry&apos; - instanceof @ bci 1 sp = 0x000000030923de00
<uncommon_trap thread='8963' reason='class_check' action='maybe_recompile' compile_id='779' compiler='C2' stamp='5.313'>
Uncommon trap occurred in java.io.DataOutputStream::writeShort (@0x0000000113654a44) thread=8963 reason=class_check action=maybe_recompile unloaded_class_index=-1
<jvms bci='12' method='java/io/DataOutputStream writeShort (I)V' bytes='35' count='25' backedge_count='1' iicount='50'/>
</uncommon_trap>
DEOPT PACKING thread 0x00007f868d00d000 Compiled frame (sp=0x000000030923e100 unextended sp=0x000000030923e100, fp=0x000000000000008b, real_fp=0x000000030923e130, pc=0x0000000113654a44)
     nmethod   5313  779             java.io.DataOutputStream::writeShort (35 bytes)

     Virtual frames (innermost first):
        0 - frame( sp=0x000000030923e100, unextended_sp=0x000000030923e100, fp=0x000000000000008b, pc=0x0000000113654a44)
java.io.DataOutputStream.writeShort(DataOutputStream.java:167) - invokevirtual @ bci 12 
     Created vframeArray 0x00007f868d07f820
DEOPT UNPACKING thread 0x00007f868d00d000 vframeArray 0x00007f868d07f820 mode 2
     {method} {0x00000001100dcaa0} &apos;writeShort&apos; &apos;(I)V&apos; in &apos;java/io/DataOutputStream&apos; - invokevirtual @ bci 12 sp = 0x000000030923e0d0
<uncommon_trap thread='8963' reason='class_check' action='maybe_recompile' compile_id='770' compiler='C2' stamp='5.313'>
Uncommon trap occurred in java.io.DataOutputStream::writeByte (@0x000000011364b504) thread=8963 reason=class_check action=maybe_recompile unloaded_class_index=-1
<jvms bci='5' method='java/io/DataOutputStream writeByte (I)V' bytes='14' count='25' backedge_count='1' iicount='50'/>
</uncommon_trap>
DEOPT PACKING thread 0x00007f868d00d000 Compiled frame (sp=0x000000030923e0a0 unextended sp=0x000000030923e0a0, fp=0x0000000795965f90, real_fp=0x000000030923e0d0, pc=0x000000011364b504)
     nmethod   5313  770             java.io.DataOutputStream::writeByte (14 bytes)

     Virtual frames (innermost first):
        0 - frame( sp=0x000000030923e0a0, unextended_sp=0x000000030923e0a0, fp=0x0000000795965f90, pc=0x000000011364b504)
java.io.DataOutputStream.writeByte(DataOutputStream.java:153) - invokevirtual @ bci 5 
     Created vframeArray 0x00007f868d078c20
DEOPT UNPACKING thread 0x00007f868d00d000 vframeArray 0x00007f868d078c20 mode 2
     {method} {0x00000001100dc9b8} &apos;writeByte&apos; &apos;(I)V&apos; in &apos;java/io/DataOutputStream&apos; - invokevirtual @ bci 5 sp = 0x000000030923e070
<uncommon_trap thread='8963' reason='class_check' action='maybe_recompile' compile_id='770' compiler='C2' count='1' state='class_check' stamp='5.314'>
Uncommon trap occurred in java.io.DataOutputStream::writeByte (@0x000000011364b504) thread=8963 reason=class_check action=maybe_recompile unloaded_class_index=-1
<jvms bci='5' method='java/io/DataOutputStream writeByte (I)V' bytes='14' count='25' backedge_count='1' iicount='50' class_check_traps='1'/>
</uncommon_trap>
DEOPT PACKING thread 0x00007f868d00d000 Compiled frame (sp=0x000000030923e0a0 unextended sp=0x000000030923e0a0, fp=0x0000000795965f90, real_fp=0x000000030923e0d0, pc=0x000000011364b504)
     nmethod   5313  770             java.io.DataOutputStream::writeByte (14 bytes)

     Virtual frames (innermost first):
        0 - frame( sp=0x000000030923e0a0, unextended_sp=0x000000030923e0a0, fp=0x0000000795965f90, pc=0x000000011364b504)
java.io.DataOutputStream.writeByte(DataOutputStream.java:153) - invokevirtual @ bci 5 
     Created vframeArray 0x00007f868f06e020
DEOPT UNPACKING thread 0x00007f868d00d000 vframeArray 0x00007f868f06e020 mode 2
     {method} {0x00000001100dc9b8} &apos;writeByte&apos; &apos;(I)V&apos; in &apos;java/io/DataOutputStream&apos; - invokevirtual @ bci 5 sp = 0x000000030923e070
<uncommon_trap thread='8963' reason='class_check' action='maybe_recompile' compile_id='770' compiler='C2' count='2' state='class_check' stamp='5.314'>
Uncommon trap occurred in java.io.DataOutputStream::writeByte (@0x000000011364b504) thread=8963 reason=class_check action=maybe_recompile unloaded_class_index=-1
<jvms bci='5' method='java/io/DataOutputStream writeByte (I)V' bytes='14' count='25' backedge_count='1' iicount='50' class_check_traps='2'/>
</uncommon_trap>
DEOPT PACKING thread 0x00007f868d00d000 Compiled frame (sp=0x000000030923e0a0 unextended sp=0x000000030923e0a0, fp=0x0000000795965f90, real_fp=0x000000030923e0d0, pc=0x000000011364b504)
     nmethod   5314  770             java.io.DataOutputStream::writeByte (14 bytes)

     Virtual frames (innermost first):
        0 - frame( sp=0x000000030923e0a0, unextended_sp=0x000000030923e0a0, fp=0x0000000795965f90, pc=0x000000011364b504)
java.io.DataOutputStream.writeByte(DataOutputStream.java:153) - invokevirtual @ bci 5 
     Created vframeArray 0x00007f868e865e20
DEOPT UNPACKING thread 0x00007f868d00d000 vframeArray 0x00007f868e865e20 mode 2
     {method} {0x00000001100dc9b8} &apos;writeByte&apos; &apos;(I)V&apos; in &apos;java/io/DataOutputStream&apos; - invokevirtual @ bci 5 sp = 0x000000030923e070
<uncommon_trap thread='8963' reason='class_check' action='maybe_recompile' compile_id='770' compiler='C2' count='3' state='class_check' stamp='5.343'>
Uncommon trap occurred in java.io.DataOutputStream::writeByte (@0x000000011364b504) thread=8963 reason=class_check action=maybe_recompile unloaded_class_index=-1
<jvms bci='5' method='java/io/DataOutputStream writeByte (I)V' bytes='14' count='25' backedge_count='1' iicount='50' class_check_traps='3'/>
</uncommon_trap>
DEOPT PACKING thread 0x00007f868d00d000 Compiled frame (sp=0x000000030923e0a0 unextended sp=0x000000030923e0a0, fp=0x0000000795965f90, real_fp=0x000000030923e0d0, pc=0x000000011364b504)
     nmethod   5343  770             java.io.DataOutputStream::writeByte (14 bytes)

     Virtual frames (innermost first):
        0 - frame( sp=0x000000030923e0a0, unextended_sp=0x000000030923e0a0, fp=0x0000000795965f90, pc=0x000000011364b504)
java.io.DataOutputStream.writeByte(DataOutputStream.java:153) - invokevirtual @ bci 5 
     Created vframeArray 0x00007f868e867e20
DEOPT UNPACKING thread 0x00007f868d00d000 vframeArray 0x00007f868e867e20 mode 2
     {method} {0x00000001100dc9b8} &apos;writeByte&apos; &apos;(I)V&apos; in &apos;java/io/DataOutputStream&apos; - invokevirtual @ bci 5 sp = 0x000000030923e070
<uncommon_trap thread='8963' reason='class_check' action='maybe_recompile' compile_id='779' compiler='C2' count='1' state='class_check' stamp='5.344'>
Uncommon trap occurred in java.io.DataOutputStream::writeShort (@0x0000000113654a44) thread=8963 reason=class_check action=maybe_recompile unloaded_class_index=-1
<jvms bci='12' method='java/io/DataOutputStream writeShort (I)V' bytes='35' count='25' backedge_count='1' iicount='50' class_check_traps='1'/>
</uncommon_trap>
DEOPT PACKING thread 0x00007f868d00d000 Compiled frame (sp=0x000000030923e0a0 unextended sp=0x000000030923e0a0, fp=0x0000000000000005, real_fp=0x000000030923e0d0, pc=0x0000000113654a44)
     nmethod   5344  779             java.io.DataOutputStream::writeShort (35 bytes)

     Virtual frames (innermost first):
        0 - frame( sp=0x000000030923e0a0, unextended_sp=0x000000030923e0a0, fp=0x0000000000000005, pc=0x0000000113654a44)
java.io.DataOutputStream.writeShort(DataOutputStream.java:167) - invokevirtual @ bci 12 
     Created vframeArray 0x00007f868e865e20
DEOPT UNPACKING thread 0x00007f868d00d000 vframeArray 0x00007f868e865e20 mode 2
     {method} {0x00000001100dcaa0} &apos;writeShort&apos; &apos;(I)V&apos; in &apos;java/io/DataOutputStream&apos; - invokevirtual @ bci 12 sp = 0x000000030923e070
<uncommon_trap thread='8963' reason='class_check' action='maybe_recompile' compile_id='779' compiler='C2' count='2' state='class_check' stamp='5.344'>
Uncommon trap occurred in java.io.DataOutputStream::writeShort (@0x0000000113654a44) thread=8963 reason=class_check action=maybe_recompile unloaded_class_index=-1
<jvms bci='12' method='java/io/DataOutputStream writeShort (I)V' bytes='35' count='25' backedge_count='1' iicount='50' class_check_traps='2'/>
</uncommon_trap>
DEOPT PACKING thread 0x00007f868d00d000 Compiled frame (sp=0x000000030923e0a0 unextended sp=0x000000030923e0a0, fp=0x0000000000000001, real_fp=0x000000030923e0d0, pc=0x0000000113654a44)
     nmethod   5344  779             java.io.DataOutputStream::writeShort (35 bytes)

     Virtual frames (innermost first):
        0 - frame( sp=0x000000030923e0a0, unextended_sp=0x000000030923e0a0, fp=0x0000000000000001, pc=0x0000000113654a44)
java.io.DataOutputStream.writeShort(DataOutputStream.java:167) - invokevirtual @ bci 12 
     Created vframeArray 0x00007f868e867e20
DEOPT UNPACKING thread 0x00007f868d00d000 vframeArray 0x00007f868e867e20 mode 2
     {method} {0x00000001100dcaa0} &apos;writeShort&apos; &apos;(I)V&apos; in &apos;java/io/DataOutputStream&apos; - invokevirtual @ bci 12 sp = 0x000000030923e070
<uncommon_trap thread='8963' reason='class_check' action='maybe_recompile' compile_id='779' compiler='C2' count='3' state='class_check' stamp='5.345'>
Uncommon trap occurred in java.io.DataOutputStream::writeShort (@0x0000000113654a44) thread=8963 reason=class_check action=maybe_recompile unloaded_class_index=-1
<jvms bci='12' method='java/io/DataOutputStream writeShort (I)V' bytes='35' count='25' backedge_count='1' iicount='50' class_check_traps='3'/>
</uncommon_trap>
DEOPT PACKING thread 0x00007f868d00d000 Compiled frame (sp=0x000000030923e0a0 unextended sp=0x000000030923e0a0, fp=0x0000000000000002, real_fp=0x000000030923e0d0, pc=0x0000000113654a44)
     nmethod   5344  779             java.io.DataOutputStream::writeShort (35 bytes)

     Virtual frames (innermost first):
        0 - frame( sp=0x000000030923e0a0, unextended_sp=0x000000030923e0a0, fp=0x0000000000000002, pc=0x0000000113654a44)
java.io.DataOutputStream.writeShort(DataOutputStream.java:167) - invokevirtual @ bci 12 
     Created vframeArray 0x00007f868e071a20
DEOPT UNPACKING thread 0x00007f868d00d000 vframeArray 0x00007f868e071a20 mode 2
     {method} {0x00000001100dcaa0} &apos;writeShort&apos; &apos;(I)V&apos; in &apos;java/io/DataOutputStream&apos; - invokevirtual @ bci 12 sp = 0x000000030923e070
<uncommon_trap thread='8963' reason='bimorphic' action='maybe_recompile' compile_id='673' compiler='C2' stamp='6.191'>
Uncommon trap occurred in java.util.WeakHashMap::hash (@0x0000000113605ea0) thread=8963 reason=bimorphic action=maybe_recompile unloaded_class_index=-1
<jvms bci='1' method='java/util/WeakHashMap hash (Ljava/lang/Object;)I' bytes='28' count='25' backedge_count='1' iicount='50'/>
</uncommon_trap>
DEOPT PACKING thread 0x00007f868d00d000 Compiled frame (sp=0x000000030923c4d0 unextended sp=0x000000030923c4d0, fp=0x0000000795582558, real_fp=0x000000030923c4f0, pc=0x0000000113605ea0)
     nmethod   6191  673             java.util.WeakHashMap::hash (28 bytes)

     Virtual frames (innermost first):
        0 - frame( sp=0x000000030923c4d0, unextended_sp=0x000000030923c4d0, fp=0x0000000795582558, pc=0x0000000113605ea0)
java.util.WeakHashMap.hash(WeakHashMap.java:298) - invokevirtual @ bci 1 
     Created vframeArray 0x00007f868e073620
DEOPT UNPACKING thread 0x00007f868d00d000 vframeArray 0x00007f868e073620 mode 2
     {method} {0x000000010fd3fcf8} &apos;hash&apos; &apos;(Ljava/lang/Object;)I&apos; in &apos;java/util/WeakHashMap&apos; - invokevirtual @ bci 1 sp = 0x000000030923c490
<writer thread='22531'/>
C2_CSV enter compile_id=905 entry_bci=78 osr=1 method= repro.ResolvableTypeC2Repro::exerciseOsrMemBarLoop alias_idx=14 final=1 eliminate_boxing=1 load=579:LoadN ld_adr=578:AddP st=572:Proj
C2_CSV probe compile_id=905 entry_bci=78 osr=1 method= repro.ResolvableTypeC2Repro::exerciseOsrMemBarLoop step=1 opc=165 holder=570:MemBarReleaseLock current=572:Proj
C2_CSV membar-no-mergemem compile_id=905 entry_bci=78 osr=1 method= repro.ResolvableTypeC2Repro::exerciseOsrMemBarLoop step=1 membar=570:MemBarReleaseLock mem=568:Proj
C2_CSV enter compile_id=905 entry_bci=78 osr=1 method= repro.ResolvableTypeC2Repro::exerciseOsrMemBarLoop alias_idx=14 final=1 eliminate_boxing=1 load=579:LoadN ld_adr=578:AddP st=572:Proj
C2_CSV probe compile_id=905 entry_bci=78 osr=1 method= repro.ResolvableTypeC2Repro::exerciseOsrMemBarLoop step=1 opc=165 holder=570:MemBarReleaseLock current=572:Proj
C2_CSV membar-no-mergemem compile_id=905 entry_bci=78 osr=1 method= repro.ResolvableTypeC2Repro::exerciseOsrMemBarLoop step=1 membar=570:MemBarReleaseLock mem=568:Proj
C2_CSV enter compile_id=905 entry_bci=78 osr=1 method= repro.ResolvableTypeC2Repro::exerciseOsrMemBarLoop alias_idx=9 final=1 eliminate_boxing=1 load=605:LoadI ld_adr=604:AddP st=572:Proj
C2_CSV probe compile_id=905 entry_bci=78 osr=1 method= repro.ResolvableTypeC2Repro::exerciseOsrMemBarLoop step=1 opc=165 holder=570:MemBarReleaseLock current=572:Proj
C2_CSV membar-no-mergemem compile_id=905 entry_bci=78 osr=1 method= repro.ResolvableTypeC2Repro::exerciseOsrMemBarLoop step=1 membar=570:MemBarReleaseLock mem=568:Proj
C2_CSV enter compile_id=905 entry_bci=78 osr=1 method= repro.ResolvableTypeC2Repro::exerciseOsrMemBarLoop alias_idx=9 final=1 eliminate_boxing=1 load=605:LoadI ld_adr=604:AddP st=572:Proj
C2_CSV probe compile_id=905 entry_bci=78 osr=1 method= repro.ResolvableTypeC2Repro::exerciseOsrMemBarLoop step=1 opc=165 holder=570:MemBarReleaseLock current=572:Proj
C2_CSV membar-no-mergemem compile_id=905 entry_bci=78 osr=1 method= repro.ResolvableTypeC2Repro::exerciseOsrMemBarLoop step=1 membar=570:MemBarReleaseLock mem=568:Proj
C2_CSV enter compile_id=905 entry_bci=78 osr=1 method= repro.ResolvableTypeC2Repro::exerciseOsrMemBarLoop alias_idx=15 final=1 eliminate_boxing=1 load=610:LoadN ld_adr=609:AddP st=572:Proj
C2_CSV probe compile_id=905 entry_bci=78 osr=1 method= repro.ResolvableTypeC2Repro::exerciseOsrMemBarLoop step=1 opc=165 holder=570:MemBarReleaseLock current=572:Proj
C2_CSV membar-no-mergemem compile_id=905 entry_bci=78 osr=1 method= repro.ResolvableTypeC2Repro::exerciseOsrMemBarLoop step=1 membar=570:MemBarReleaseLock mem=568:Proj
C2_CSV enter compile_id=905 entry_bci=78 osr=1 method= repro.ResolvableTypeC2Repro::exerciseOsrMemBarLoop alias_idx=15 final=1 eliminate_boxing=1 load=610:LoadN ld_adr=609:AddP st=572:Proj
C2_CSV probe compile_id=905 entry_bci=78 osr=1 method= repro.ResolvableTypeC2Repro::exerciseOsrMemBarLoop step=1 opc=165 holder=570:MemBarReleaseLock current=572:Proj
C2_CSV membar-no-mergemem compile_id=905 entry_bci=78 osr=1 method= repro.ResolvableTypeC2Repro::exerciseOsrMemBarLoop step=1 membar=570:MemBarReleaseLock mem=568:Proj
C2_CSV enter compile_id=905 entry_bci=78 osr=1 method= repro.ResolvableTypeC2Repro::exerciseOsrMemBarLoop alias_idx=16 final=1 eliminate_boxing=1 load=636:LoadL ld_adr=635:AddP st=572:Proj
C2_CSV probe compile_id=905 entry_bci=78 osr=1 method= repro.ResolvableTypeC2Repro::exerciseOsrMemBarLoop step=1 opc=165 holder=570:MemBarReleaseLock current=572:Proj
C2_CSV membar-no-mergemem compile_id=905 entry_bci=78 osr=1 method= repro.ResolvableTypeC2Repro::exerciseOsrMemBarLoop step=1 membar=570:MemBarReleaseLock mem=568:Proj
C2_CSV enter compile_id=905 entry_bci=78 osr=1 method= repro.ResolvableTypeC2Repro::exerciseOsrMemBarLoop alias_idx=16 final=1 eliminate_boxing=1 load=636:LoadL ld_adr=635:AddP st=572:Proj
C2_CSV probe compile_id=905 entry_bci=78 osr=1 method= repro.ResolvableTypeC2Repro::exerciseOsrMemBarLoop step=1 opc=165 holder=570:MemBarReleaseLock current=572:Proj
C2_CSV membar-no-mergemem compile_id=905 entry_bci=78 osr=1 method= repro.ResolvableTypeC2Repro::exerciseOsrMemBarLoop step=1 membar=570:MemBarReleaseLock mem=568:Proj
C2_CSV enter compile_id=905 entry_bci=78 osr=1 method= repro.ResolvableTypeC2Repro::exerciseOsrMemBarLoop alias_idx=17 final=1 eliminate_boxing=1 load=643:LoadN ld_adr=642:AddP st=572:Proj
C2_CSV probe compile_id=905 entry_bci=78 osr=1 method= repro.ResolvableTypeC2Repro::exerciseOsrMemBarLoop step=1 opc=165 holder=570:MemBarReleaseLock current=572:Proj
C2_CSV membar-no-mergemem compile_id=905 entry_bci=78 osr=1 method= repro.ResolvableTypeC2Repro::exerciseOsrMemBarLoop step=1 membar=570:MemBarReleaseLock mem=568:Proj
C2_CSV enter compile_id=905 entry_bci=78 osr=1 method= repro.ResolvableTypeC2Repro::exerciseOsrMemBarLoop alias_idx=17 final=1 eliminate_boxing=1 load=643:LoadN ld_adr=642:AddP st=572:Proj
C2_CSV probe compile_id=905 entry_bci=78 osr=1 method= repro.ResolvableTypeC2Repro::exerciseOsrMemBarLoop step=1 opc=165 holder=570:MemBarReleaseLock current=572:Proj
C2_CSV membar-no-mergemem compile_id=905 entry_bci=78 osr=1 method= repro.ResolvableTypeC2Repro::exerciseOsrMemBarLoop step=1 membar=570:MemBarReleaseLock mem=568:Proj
C2_CSV enter compile_id=905 entry_bci=78 osr=1 method= repro.ResolvableTypeC2Repro::exerciseOsrMemBarLoop alias_idx=14 final=1 eliminate_boxing=1 load=761:LoadN ld_adr=760:AddP st=699:Proj
C2_CSV probe compile_id=905 entry_bci=78 osr=1 method= repro.ResolvableTypeC2Repro::exerciseOsrMemBarLoop step=1 opc=159 holder=697:MemBarAcquire current=699:Proj
C2_CSV membar-no-mergemem compile_id=905 entry_bci=78 osr=1 method= repro.ResolvableTypeC2Repro::exerciseOsrMemBarLoop step=1 membar=697:MemBarAcquire mem=679:Proj
C2_CSV enter compile_id=905 entry_bci=78 osr=1 method= repro.ResolvableTypeC2Repro::exerciseOsrMemBarLoop alias_idx=14 final=1 eliminate_boxing=1 load=761:LoadN ld_adr=760:AddP st=699:Proj
C2_CSV probe compile_id=905 entry_bci=78 osr=1 method= repro.ResolvableTypeC2Repro::exerciseOsrMemBarLoop step=1 opc=159 holder=697:MemBarAcquire current=699:Proj
C2_CSV membar-no-mergemem compile_id=905 entry_bci=78 osr=1 method= repro.ResolvableTypeC2Repro::exerciseOsrMemBarLoop step=1 membar=697:MemBarAcquire mem=679:Proj
C2_CSV enter compile_id=905 entry_bci=78 osr=1 method= repro.ResolvableTypeC2Repro::exerciseOsrMemBarLoop alias_idx=9 final=1 eliminate_boxing=1 load=787:LoadI ld_adr=786:AddP st=699:Proj
C2_CSV probe compile_id=905 entry_bci=78 osr=1 method= repro.ResolvableTypeC2Repro::exerciseOsrMemBarLoop step=1 opc=159 holder=697:MemBarAcquire current=699:Proj
C2_CSV membar-no-mergemem compile_id=905 entry_bci=78 osr=1 method= repro.ResolvableTypeC2Repro::exerciseOsrMemBarLoop step=1 membar=697:MemBarAcquire mem=679:Proj
C2_CSV enter compile_id=905 entry_bci=78 osr=1 method= repro.ResolvableTypeC2Repro::exerciseOsrMemBarLoop alias_idx=9 final=1 eliminate_boxing=1 load=787:LoadI ld_adr=786:AddP st=699:Proj
C2_CSV probe compile_id=905 entry_bci=78 osr=1 method= repro.ResolvableTypeC2Repro::exerciseOsrMemBarLoop step=1 opc=159 holder=697:MemBarAcquire current=699:Proj
C2_CSV membar-no-mergemem compile_id=905 entry_bci=78 osr=1 method= repro.ResolvableTypeC2Repro::exerciseOsrMemBarLoop step=1 membar=697:MemBarAcquire mem=679:Proj
C2_CSV enter compile_id=905 entry_bci=78 osr=1 method= repro.ResolvableTypeC2Repro::exerciseOsrMemBarLoop alias_idx=15 final=1 eliminate_boxing=1 load=790:LoadN ld_adr=789:AddP st=699:Proj
C2_CSV probe compile_id=905 entry_bci=78 osr=1 method= repro.ResolvableTypeC2Repro::exerciseOsrMemBarLoop step=1 opc=159 holder=697:MemBarAcquire current=699:Proj
C2_CSV membar-no-mergemem compile_id=905 entry_bci=78 osr=1 method= repro.ResolvableTypeC2Repro::exerciseOsrMemBarLoop step=1 membar=697:MemBarAcquire mem=679:Proj
C2_CSV enter compile_id=905 entry_bci=78 osr=1 method= repro.ResolvableTypeC2Repro::exerciseOsrMemBarLoop alias_idx=15 final=1 eliminate_boxing=1 load=790:LoadN ld_adr=789:AddP st=699:Proj
C2_CSV probe compile_id=905 entry_bci=78 osr=1 method= repro.ResolvableTypeC2Repro::exerciseOsrMemBarLoop step=1 opc=159 holder=697:MemBarAcquire current=699:Proj
C2_CSV membar-no-mergemem compile_id=905 entry_bci=78 osr=1 method= repro.ResolvableTypeC2Repro::exerciseOsrMemBarLoop step=1 membar=697:MemBarAcquire mem=679:Proj
C2_CSV enter compile_id=905 entry_bci=78 osr=1 method= repro.ResolvableTypeC2Repro::exerciseOsrMemBarLoop alias_idx=16 final=1 eliminate_boxing=1 load=816:LoadL ld_adr=815:AddP st=699:Proj
C2_CSV probe compile_id=905 entry_bci=78 osr=1 method= repro.ResolvableTypeC2Repro::exerciseOsrMemBarLoop step=1 opc=159 holder=697:MemBarAcquire current=699:Proj
C2_CSV membar-no-mergemem compile_id=905 entry_bci=78 osr=1 method= repro.ResolvableTypeC2Repro::exerciseOsrMemBarLoop step=1 membar=697:MemBarAcquire mem=679:Proj
C2_CSV enter compile_id=905 entry_bci=78 osr=1 method= repro.ResolvableTypeC2Repro::exerciseOsrMemBarLoop alias_idx=16 final=1 eliminate_boxing=1 load=816:LoadL ld_adr=815:AddP st=699:Proj
C2_CSV probe compile_id=905 entry_bci=78 osr=1 method= repro.ResolvableTypeC2Repro::exerciseOsrMemBarLoop step=1 opc=159 holder=697:MemBarAcquire current=699:Proj
C2_CSV membar-no-mergemem compile_id=905 entry_bci=78 osr=1 method= repro.ResolvableTypeC2Repro::exerciseOsrMemBarLoop step=1 membar=697:MemBarAcquire mem=679:Proj
C2_CSV enter compile_id=905 entry_bci=78 osr=1 method= repro.ResolvableTypeC2Repro::exerciseOsrMemBarLoop alias_idx=20 final=1 eliminate_boxing=1 load=823:LoadN ld_adr=822:AddP st=699:Proj
C2_CSV probe compile_id=905 entry_bci=78 osr=1 method= repro.ResolvableTypeC2Repro::exerciseOsrMemBarLoop step=1 opc=159 holder=697:MemBarAcquire current=699:Proj
C2_CSV membar-no-mergemem compile_id=905 entry_bci=78 osr=1 method= repro.ResolvableTypeC2Repro::exerciseOsrMemBarLoop step=1 membar=697:MemBarAcquire mem=679:Proj
C2_CSV enter compile_id=905 entry_bci=78 osr=1 method= repro.ResolvableTypeC2Repro::exerciseOsrMemBarLoop alias_idx=20 final=1 eliminate_boxing=1 load=823:LoadN ld_adr=822:AddP st=699:Proj
C2_CSV probe compile_id=905 entry_bci=78 osr=1 method= repro.ResolvableTypeC2Repro::exerciseOsrMemBarLoop step=1 opc=159 holder=697:MemBarAcquire current=699:Proj
C2_CSV membar-no-mergemem compile_id=905 entry_bci=78 osr=1 method= repro.ResolvableTypeC2Repro::exerciseOsrMemBarLoop step=1 membar=697:MemBarAcquire mem=679:Proj
C2_CSV enter compile_id=905 entry_bci=78 osr=1 method= repro.ResolvableTypeC2Repro::exerciseOsrMemBarLoop alias_idx=22 final=0 eliminate_boxing=1 load=918:LoadI ld_adr=917:AddP st=699:Proj
C2_CSV probe compile_id=905 entry_bci=78 osr=1 method= repro.ResolvableTypeC2Repro::exerciseOsrMemBarLoop step=1 opc=159 holder=697:MemBarAcquire current=699:Proj
C2_CSV enter compile_id=905 entry_bci=78 osr=1 method= repro.ResolvableTypeC2Repro::exerciseOsrMemBarLoop alias_idx=22 final=0 eliminate_boxing=1 load=918:LoadI ld_adr=917:AddP st=699:Proj
C2_CSV probe compile_id=905 entry_bci=78 osr=1 method= repro.ResolvableTypeC2Repro::exerciseOsrMemBarLoop step=1 opc=159 holder=697:MemBarAcquire current=699:Proj
C2_CSV enter compile_id=905 entry_bci=78 osr=1 method= repro.ResolvableTypeC2Repro::exerciseOsrMemBarLoop alias_idx=23 final=1 eliminate_boxing=1 load=929:LoadN ld_adr=928:AddP st=699:Proj
C2_CSV probe compile_id=905 entry_bci=78 osr=1 method= repro.ResolvableTypeC2Repro::exerciseOsrMemBarLoop step=1 opc=159 holder=697:MemBarAcquire current=699:Proj
C2_CSV membar-no-mergemem compile_id=905 entry_bci=78 osr=1 method= repro.ResolvableTypeC2Repro::exerciseOsrMemBarLoop step=1 membar=697:MemBarAcquire mem=679:Proj
C2_CSV enter compile_id=905 entry_bci=78 osr=1 method= repro.ResolvableTypeC2Repro::exerciseOsrMemBarLoop alias_idx=23 final=1 eliminate_boxing=1 load=929:LoadN ld_adr=928:AddP st=699:Proj
C2_CSV probe compile_id=905 entry_bci=78 osr=1 method= repro.ResolvableTypeC2Repro::exerciseOsrMemBarLoop step=1 opc=159 holder=697:MemBarAcquire current=699:Proj
C2_CSV membar-no-mergemem compile_id=905 entry_bci=78 osr=1 method= repro.ResolvableTypeC2Repro::exerciseOsrMemBarLoop step=1 membar=697:MemBarAcquire mem=679:Proj
C2_CSV enter compile_id=905 entry_bci=78 osr=1 method= repro.ResolvableTypeC2Repro::exerciseOsrMemBarLoop alias_idx=23 final=1 eliminate_boxing=1 load=955:LoadN ld_adr=928:AddP st=699:Proj
C2_CSV probe compile_id=905 entry_bci=78 osr=1 method= repro.ResolvableTypeC2Repro::exerciseOsrMemBarLoop step=1 opc=159 holder=697:MemBarAcquire current=699:Proj
C2_CSV membar-no-mergemem compile_id=905 entry_bci=78 osr=1 method= repro.ResolvableTypeC2Repro::exerciseOsrMemBarLoop step=1 membar=697:MemBarAcquire mem=679:Proj
C2_CSV enter compile_id=905 entry_bci=78 osr=1 method= repro.ResolvableTypeC2Repro::exerciseOsrMemBarLoop alias_idx=23 final=1 eliminate_boxing=1 load=955:LoadN ld_adr=928:AddP st=699:Proj
C2_CSV probe compile_id=905 entry_bci=78 osr=1 method= repro.ResolvableTypeC2Repro::exerciseOsrMemBarLoop step=1 opc=159 holder=697:MemBarAcquire current=699:Proj
C2_CSV membar-no-mergemem compile_id=905 entry_bci=78 osr=1 method= repro.ResolvableTypeC2Repro::exerciseOsrMemBarLoop step=1 membar=697:MemBarAcquire mem=679:Proj
C2_CSV enter compile_id=905 entry_bci=78 osr=1 method= repro.ResolvableTypeC2Repro::exerciseOsrMemBarLoop alias_idx=23 final=1 eliminate_boxing=1 load=958:LoadN ld_adr=928:AddP st=699:Proj
C2_CSV probe compile_id=905 entry_bci=78 osr=1 method= repro.ResolvableTypeC2Repro::exerciseOsrMemBarLoop step=1 opc=159 holder=697:MemBarAcquire current=699:Proj
C2_CSV membar-no-mergemem compile_id=905 entry_bci=78 osr=1 method= repro.ResolvableTypeC2Repro::exerciseOsrMemBarLoop step=1 membar=697:MemBarAcquire mem=679:Proj
C2_CSV enter compile_id=905 entry_bci=78 osr=1 method= repro.ResolvableTypeC2Repro::exerciseOsrMemBarLoop alias_idx=23 final=1 eliminate_boxing=1 load=958:LoadN ld_adr=928:AddP st=699:Proj
C2_CSV probe compile_id=905 entry_bci=78 osr=1 method= repro.ResolvableTypeC2Repro::exerciseOsrMemBarLoop step=1 opc=159 holder=697:MemBarAcquire current=699:Proj
C2_CSV membar-no-mergemem compile_id=905 entry_bci=78 osr=1 method= repro.ResolvableTypeC2Repro::exerciseOsrMemBarLoop step=1 membar=697:MemBarAcquire mem=679:Proj
C2_CSV enter compile_id=905 entry_bci=78 osr=1 method= repro.ResolvableTypeC2Repro::exerciseOsrMemBarLoop alias_idx=23 final=1 eliminate_boxing=1 load=1043:LoadN ld_adr=928:AddP st=1007:Phi
C2_CSV enter compile_id=905 entry_bci=78 osr=1 method= repro.ResolvableTypeC2Repro::exerciseOsrMemBarLoop alias_idx=23 final=1 eliminate_boxing=1 load=1043:LoadN ld_adr=928:AddP st=1007:Phi
C2_CSV enter compile_id=905 entry_bci=78 osr=1 method= repro.ResolvableTypeC2Repro::exerciseOsrMemBarLoop alias_idx=9 final=1 eliminate_boxing=1 load=1087:LoadI ld_adr=1086:AddP st=699:Proj
C2_CSV probe compile_id=905 entry_bci=78 osr=1 method= repro.ResolvableTypeC2Repro::exerciseOsrMemBarLoop step=1 opc=159 holder=697:MemBarAcquire current=699:Proj
C2_CSV membar-no-mergemem compile_id=905 entry_bci=78 osr=1 method= repro.ResolvableTypeC2Repro::exerciseOsrMemBarLoop step=1 membar=697:MemBarAcquire mem=679:Proj
C2_CSV enter compile_id=905 entry_bci=78 osr=1 method= repro.ResolvableTypeC2Repro::exerciseOsrMemBarLoop alias_idx=9 final=1 eliminate_boxing=1 load=1087:LoadI ld_adr=1086:AddP st=699:Proj
C2_CSV probe compile_id=905 entry_bci=78 osr=1 method= repro.ResolvableTypeC2Repro::exerciseOsrMemBarLoop step=1 opc=159 holder=697:MemBarAcquire current=699:Proj
C2_CSV membar-no-mergemem compile_id=905 entry_bci=78 osr=1 method= repro.ResolvableTypeC2Repro::exerciseOsrMemBarLoop step=1 membar=697:MemBarAcquire mem=679:Proj
C2_CSV enter compile_id=905 entry_bci=78 osr=1 method= repro.ResolvableTypeC2Repro::exerciseOsrMemBarLoop alias_idx=25 final=1 eliminate_boxing=1 load=1188:LoadN ld_adr=1187:AddP st=1152:Phi
C2_CSV enter compile_id=905 entry_bci=78 osr=1 method= repro.ResolvableTypeC2Repro::exerciseOsrMemBarLoop alias_idx=25 final=1 eliminate_boxing=1 load=1188:LoadN ld_adr=1187:AddP st=1152:Phi
C2_CSV enter compile_id=905 entry_bci=78 osr=1 method= repro.ResolvableTypeC2Repro::exerciseOsrMemBarLoop alias_idx=14 final=1 eliminate_boxing=1 load=1263:LoadN ld_adr=1262:AddP st=1207:Proj
C2_CSV probe compile_id=905 entry_bci=78 osr=1 method= repro.ResolvableTypeC2Repro::exerciseOsrMemBarLoop step=1 opc=165 holder=1205:MemBarReleaseLock current=1207:Proj
C2_CSV step compile_id=905 entry_bci=78 osr=1 method= repro.ResolvableTypeC2Repro::exerciseOsrMemBarLoop step=1 membar=1205:MemBarReleaseLock opc=165 current=1207:Proj merge=1182:MergeMem base=1152:Phi slice=1152:Phi
C2_CSV enter compile_id=905 entry_bci=78 osr=1 method= repro.ResolvableTypeC2Repro::exerciseOsrMemBarLoop alias_idx=14 final=1 eliminate_boxing=1 load=1263:LoadN ld_adr=1262:AddP st=1207:Proj
C2_CSV probe compile_id=905 entry_bci=78 osr=1 method= repro.ResolvableTypeC2Repro::exerciseOsrMemBarLoop step=1 opc=165 holder=1205:MemBarReleaseLock current=1207:Proj
C2_CSV step compile_id=905 entry_bci=78 osr=1 method= repro.ResolvableTypeC2Repro::exerciseOsrMemBarLoop step=1 membar=1205:MemBarReleaseLock opc=165 current=1207:Proj merge=1182:MergeMem base=1152:Phi slice=1152:Phi
C2_CSV enter compile_id=905 entry_bci=78 osr=1 method= repro.ResolvableTypeC2Repro::exerciseOsrMemBarLoop alias_idx=9 final=1 eliminate_boxing=1 load=1289:LoadI ld_adr=1288:AddP st=1207:Proj
C2_CSV probe compile_id=905 entry_bci=78 osr=1 method= repro.ResolvableTypeC2Repro::exerciseOsrMemBarLoop step=1 opc=165 holder=1205:MemBarReleaseLock current=1207:Proj
C2_CSV step compile_id=905 entry_bci=78 osr=1 method= repro.ResolvableTypeC2Repro::exerciseOsrMemBarLoop step=1 membar=1205:MemBarReleaseLock opc=165 current=1207:Proj merge=1182:MergeMem base=1152:Phi slice=1152:Phi
C2_CSV enter compile_id=905 entry_bci=78 osr=1 method= repro.ResolvableTypeC2Repro::exerciseOsrMemBarLoop alias_idx=9 final=1 eliminate_boxing=1 load=1289:LoadI ld_adr=1288:AddP st=1207:Proj
C2_CSV probe compile_id=905 entry_bci=78 osr=1 method= repro.ResolvableTypeC2Repro::exerciseOsrMemBarLoop step=1 opc=165 holder=1205:MemBarReleaseLock current=1207:Proj
C2_CSV step compile_id=905 entry_bci=78 osr=1 method= repro.ResolvableTypeC2Repro::exerciseOsrMemBarLoop step=1 membar=1205:MemBarReleaseLock opc=165 current=1207:Proj merge=1182:MergeMem base=1152:Phi slice=1152:Phi
C2_CSV enter compile_id=905 entry_bci=78 osr=1 method= repro.ResolvableTypeC2Repro::exerciseOsrMemBarLoop alias_idx=15 final=1 eliminate_boxing=1 load=1293:LoadN ld_adr=1292:AddP st=1207:Proj
C2_CSV probe compile_id=905 entry_bci=78 osr=1 method= repro.ResolvableTypeC2Repro::exerciseOsrMemBarLoop step=1 opc=165 holder=1205:MemBarReleaseLock current=1207:Proj
C2_CSV step compile_id=905 entry_bci=78 osr=1 method= repro.ResolvableTypeC2Repro::exerciseOsrMemBarLoop step=1 membar=1205:MemBarReleaseLock opc=165 current=1207:Proj merge=1182:MergeMem base=1152:Phi slice=1152:Phi
C2_CSV enter compile_id=905 entry_bci=78 osr=1 method= repro.ResolvableTypeC2Repro::exerciseOsrMemBarLoop alias_idx=15 final=1 eliminate_boxing=1 load=1293:LoadN ld_adr=1292:AddP st=1207:Proj
C2_CSV probe compile_id=905 entry_bci=78 osr=1 method= repro.ResolvableTypeC2Repro::exerciseOsrMemBarLoop step=1 opc=165 holder=1205:MemBarReleaseLock current=1207:Proj
C2_CSV step compile_id=905 entry_bci=78 osr=1 method= repro.ResolvableTypeC2Repro::exerciseOsrMemBarLoop step=1 membar=1205:MemBarReleaseLock opc=165 current=1207:Proj merge=1182:MergeMem base=1152:Phi slice=1152:Phi
C2_CSV enter compile_id=905 entry_bci=78 osr=1 method= repro.ResolvableTypeC2Repro::exerciseOsrMemBarLoop alias_idx=16 final=1 eliminate_boxing=1 load=1319:LoadL ld_adr=1318:AddP st=1207:Proj
C2_CSV probe compile_id=905 entry_bci=78 osr=1 method= repro.ResolvableTypeC2Repro::exerciseOsrMemBarLoop step=1 opc=165 holder=1205:MemBarReleaseLock current=1207:Proj
C2_CSV step compile_id=905 entry_bci=78 osr=1 method= repro.ResolvableTypeC2Repro::exerciseOsrMemBarLoop step=1 membar=1205:MemBarReleaseLock opc=165 current=1207:Proj merge=1182:MergeMem base=1152:Phi slice=1152:Phi
C2_CSV enter compile_id=905 entry_bci=78 osr=1 method= repro.ResolvableTypeC2Repro::exerciseOsrMemBarLoop alias_idx=16 final=1 eliminate_boxing=1 load=1319:LoadL ld_adr=1318:AddP st=1207:Proj
C2_CSV probe compile_id=905 entry_bci=78 osr=1 method= repro.ResolvableTypeC2Repro::exerciseOsrMemBarLoop step=1 opc=165 holder=1205:MemBarReleaseLock current=1207:Proj
C2_CSV step compile_id=905 entry_bci=78 osr=1 method= repro.ResolvableTypeC2Repro::exerciseOsrMemBarLoop step=1 membar=1205:MemBarReleaseLock opc=165 current=1207:Proj merge=1182:MergeMem base=1152:Phi slice=1152:Phi
C2_CSV enter compile_id=905 entry_bci=78 osr=1 method= repro.ResolvableTypeC2Repro::exerciseOsrMemBarLoop alias_idx=20 final=1 eliminate_boxing=1 load=1326:LoadN ld_adr=1325:AddP st=1207:Proj
C2_CSV probe compile_id=905 entry_bci=78 osr=1 method= repro.ResolvableTypeC2Repro::exerciseOsrMemBarLoop step=1 opc=165 holder=1205:MemBarReleaseLock current=1207:Proj
C2_CSV step compile_id=905 entry_bci=78 osr=1 method= repro.ResolvableTypeC2Repro::exerciseOsrMemBarLoop step=1 membar=1205:MemBarReleaseLock opc=165 current=1207:Proj merge=1182:MergeMem base=1152:Phi slice=1152:Phi
C2_CSV enter compile_id=905 entry_bci=78 osr=1 method= repro.ResolvableTypeC2Repro::exerciseOsrMemBarLoop alias_idx=20 final=1 eliminate_boxing=1 load=1326:LoadN ld_adr=1325:AddP st=1207:Proj
C2_CSV probe compile_id=905 entry_bci=78 osr=1 method= repro.ResolvableTypeC2Repro::exerciseOsrMemBarLoop step=1 opc=165 holder=1205:MemBarReleaseLock current=1207:Proj
C2_CSV step compile_id=905 entry_bci=78 osr=1 method= repro.ResolvableTypeC2Repro::exerciseOsrMemBarLoop step=1 membar=1205:MemBarReleaseLock opc=165 current=1207:Proj merge=1182:MergeMem base=1152:Phi slice=1152:Phi
C2_CSV enter compile_id=905 entry_bci=78 osr=1 method= repro.ResolvableTypeC2Repro::exerciseOsrMemBarLoop alias_idx=9 final=1 eliminate_boxing=1 load=605:LoadI ld_adr=604:AddP st=338:Phi
C2_CSV enter compile_id=905 entry_bci=78 osr=1 method= repro.ResolvableTypeC2Repro::exerciseOsrMemBarLoop alias_idx=9 final=1 eliminate_boxing=1 load=605:LoadI ld_adr=604:AddP st=338:Phi
C2_CSV enter compile_id=905 entry_bci=78 osr=1 method= repro.ResolvableTypeC2Repro::exerciseOsrMemBarLoop alias_idx=16 final=1 eliminate_boxing=1 load=636:LoadL ld_adr=635:AddP st=338:Phi
C2_CSV enter compile_id=905 entry_bci=78 osr=1 method= repro.ResolvableTypeC2Repro::exerciseOsrMemBarLoop alias_idx=16 final=1 eliminate_boxing=1 load=636:LoadL ld_adr=635:AddP st=338:Phi
C2_CSV enter compile_id=905 entry_bci=78 osr=1 method= repro.ResolvableTypeC2Repro::exerciseOsrMemBarLoop alias_idx=9 final=1 eliminate_boxing=1 load=787:LoadI ld_adr=786:AddP st=699:Proj
C2_CSV probe compile_id=905 entry_bci=78 osr=1 method= repro.ResolvableTypeC2Repro::exerciseOsrMemBarLoop step=1 opc=159 holder=697:MemBarAcquire current=699:Proj
C2_CSV membar-no-mergemem compile_id=905 entry_bci=78 osr=1 method= repro.ResolvableTypeC2Repro::exerciseOsrMemBarLoop step=1 membar=697:MemBarAcquire mem=679:Proj
C2_CSV enter compile_id=905 entry_bci=78 osr=1 method= repro.ResolvableTypeC2Repro::exerciseOsrMemBarLoop alias_idx=9 final=1 eliminate_boxing=1 load=787:LoadI ld_adr=786:AddP st=699:Proj
C2_CSV probe compile_id=905 entry_bci=78 osr=1 method= repro.ResolvableTypeC2Repro::exerciseOsrMemBarLoop step=1 opc=159 holder=697:MemBarAcquire current=699:Proj
C2_CSV membar-no-mergemem compile_id=905 entry_bci=78 osr=1 method= repro.ResolvableTypeC2Repro::exerciseOsrMemBarLoop step=1 membar=697:MemBarAcquire mem=679:Proj
C2_CSV enter compile_id=905 entry_bci=78 osr=1 method= repro.ResolvableTypeC2Repro::exerciseOsrMemBarLoop alias_idx=16 final=1 eliminate_boxing=1 load=816:LoadL ld_adr=815:AddP st=699:Proj
C2_CSV probe compile_id=905 entry_bci=78 osr=1 method= repro.ResolvableTypeC2Repro::exerciseOsrMemBarLoop step=1 opc=159 holder=697:MemBarAcquire current=699:Proj
C2_CSV membar-no-mergemem compile_id=905 entry_bci=78 osr=1 method= repro.ResolvableTypeC2Repro::exerciseOsrMemBarLoop step=1 membar=697:MemBarAcquire mem=679:Proj
C2_CSV enter compile_id=905 entry_bci=78 osr=1 method= repro.ResolvableTypeC2Repro::exerciseOsrMemBarLoop alias_idx=16 final=1 eliminate_boxing=1 load=816:LoadL ld_adr=815:AddP st=699:Proj
C2_CSV probe compile_id=905 entry_bci=78 osr=1 method= repro.ResolvableTypeC2Repro::exerciseOsrMemBarLoop step=1 opc=159 holder=697:MemBarAcquire current=699:Proj
C2_CSV membar-no-mergemem compile_id=905 entry_bci=78 osr=1 method= repro.ResolvableTypeC2Repro::exerciseOsrMemBarLoop step=1 membar=697:MemBarAcquire mem=679:Proj
C2_CSV enter compile_id=905 entry_bci=78 osr=1 method= repro.ResolvableTypeC2Repro::exerciseOsrMemBarLoop alias_idx=16 final=1 eliminate_boxing=1 load=1319:LoadL ld_adr=1318:AddP st=1207:Proj
C2_CSV probe compile_id=905 entry_bci=78 osr=1 method= repro.ResolvableTypeC2Repro::exerciseOsrMemBarLoop step=1 opc=165 holder=1205:MemBarReleaseLock current=1207:Proj
C2_CSV step compile_id=905 entry_bci=78 osr=1 method= repro.ResolvableTypeC2Repro::exerciseOsrMemBarLoop step=1 membar=1205:MemBarReleaseLock opc=165 current=1207:Proj merge=1182:MergeMem base=1152:Phi slice=1152:Phi
C2_CSV enter compile_id=905 entry_bci=78 osr=1 method= repro.ResolvableTypeC2Repro::exerciseOsrMemBarLoop alias_idx=16 final=1 eliminate_boxing=1 load=1319:LoadL ld_adr=1318:AddP st=1207:Proj
C2_CSV probe compile_id=905 entry_bci=78 osr=1 method= repro.ResolvableTypeC2Repro::exerciseOsrMemBarLoop step=1 opc=165 holder=1205:MemBarReleaseLock current=1207:Proj
C2_CSV step compile_id=905 entry_bci=78 osr=1 method= repro.ResolvableTypeC2Repro::exerciseOsrMemBarLoop step=1 membar=1205:MemBarReleaseLock opc=165 current=1207:Proj merge=1182:MergeMem base=1152:Phi slice=1152:Phi
C2_CSV enter compile_id=905 entry_bci=78 osr=1 method= repro.ResolvableTypeC2Repro::exerciseOsrMemBarLoop alias_idx=22 final=0 eliminate_boxing=1 load=918:LoadI ld_adr=917:AddP st=699:Proj
C2_CSV probe compile_id=905 entry_bci=78 osr=1 method= repro.ResolvableTypeC2Repro::exerciseOsrMemBarLoop step=1 opc=159 holder=697:MemBarAcquire current=699:Proj
C2_CSV enter compile_id=905 entry_bci=78 osr=1 method= repro.ResolvableTypeC2Repro::exerciseOsrMemBarLoop alias_idx=22 final=0 eliminate_boxing=1 load=918:LoadI ld_adr=917:AddP st=699:Proj
C2_CSV probe compile_id=905 entry_bci=78 osr=1 method= repro.ResolvableTypeC2Repro::exerciseOsrMemBarLoop step=1 opc=159 holder=697:MemBarAcquire current=699:Proj
C2_CSV enter compile_id=905 entry_bci=78 osr=1 method= repro.ResolvableTypeC2Repro::exerciseOsrMemBarLoop alias_idx=9 final=1 eliminate_boxing=1 load=1289:LoadI ld_adr=1288:AddP st=1207:Proj
C2_CSV probe compile_id=905 entry_bci=78 osr=1 method= repro.ResolvableTypeC2Repro::exerciseOsrMemBarLoop step=1 opc=165 holder=1205:MemBarReleaseLock current=1207:Proj
C2_CSV step compile_id=905 entry_bci=78 osr=1 method= repro.ResolvableTypeC2Repro::exerciseOsrMemBarLoop step=1 membar=1205:MemBarReleaseLock opc=165 current=1207:Proj merge=1182:MergeMem base=1152:Phi slice=1152:Phi
C2_CSV enter compile_id=905 entry_bci=78 osr=1 method= repro.ResolvableTypeC2Repro::exerciseOsrMemBarLoop alias_idx=9 final=1 eliminate_boxing=1 load=1289:LoadI ld_adr=1288:AddP st=1207:Proj
C2_CSV probe compile_id=905 entry_bci=78 osr=1 method= repro.ResolvableTypeC2Repro::exerciseOsrMemBarLoop step=1 opc=165 holder=1205:MemBarReleaseLock current=1207:Proj
C2_CSV step compile_id=905 entry_bci=78 osr=1 method= repro.ResolvableTypeC2Repro::exerciseOsrMemBarLoop step=1 membar=1205:MemBarReleaseLock opc=165 current=1207:Proj merge=1182:MergeMem base=1152:Phi slice=1152:Phi
C2_CSV enter compile_id=905 entry_bci=78 osr=1 method= repro.ResolvableTypeC2Repro::exerciseOsrMemBarLoop alias_idx=9 final=1 eliminate_boxing=1 load=1087:LoadI ld_adr=1086:AddP st=699:Proj
C2_CSV probe compile_id=905 entry_bci=78 osr=1 method= repro.ResolvableTypeC2Repro::exerciseOsrMemBarLoop step=1 opc=159 holder=697:MemBarAcquire current=699:Proj
C2_CSV membar-no-mergemem compile_id=905 entry_bci=78 osr=1 method= repro.ResolvableTypeC2Repro::exerciseOsrMemBarLoop step=1 membar=697:MemBarAcquire mem=679:Proj
C2_CSV enter compile_id=905 entry_bci=78 osr=1 method= repro.ResolvableTypeC2Repro::exerciseOsrMemBarLoop alias_idx=9 final=1 eliminate_boxing=1 load=1087:LoadI ld_adr=1086:AddP st=699:Proj
C2_CSV probe compile_id=905 entry_bci=78 osr=1 method= repro.ResolvableTypeC2Repro::exerciseOsrMemBarLoop step=1 opc=159 holder=697:MemBarAcquire current=699:Proj
C2_CSV membar-no-mergemem compile_id=905 entry_bci=78 osr=1 method= repro.ResolvableTypeC2Repro::exerciseOsrMemBarLoop step=1 membar=697:MemBarAcquire mem=679:Proj
C2_CSV enter compile_id=905 entry_bci=78 osr=1 method= repro.ResolvableTypeC2Repro::exerciseOsrMemBarLoop alias_idx=25 final=1 eliminate_boxing=1 load=1188:LoadN ld_adr=1187:AddP st=1152:Phi
C2_CSV enter compile_id=905 entry_bci=78 osr=1 method= repro.ResolvableTypeC2Repro::exerciseOsrMemBarLoop alias_idx=25 final=1 eliminate_boxing=1 load=1188:LoadN ld_adr=1187:AddP st=1152:Phi
C2_CSV enter compile_id=905 entry_bci=78 osr=1 method= repro.ResolvableTypeC2Repro::exerciseOsrMemBarLoop alias_idx=23 final=1 eliminate_boxing=1 load=1043:LoadN ld_adr=928:AddP st=699:Proj
C2_CSV probe compile_id=905 entry_bci=78 osr=1 method= repro.ResolvableTypeC2Repro::exerciseOsrMemBarLoop step=1 opc=159 holder=697:MemBarAcquire current=699:Proj
C2_CSV membar-no-mergemem compile_id=905 entry_bci=78 osr=1 method= repro.ResolvableTypeC2Repro::exerciseOsrMemBarLoop step=1 membar=697:MemBarAcquire mem=679:Proj
C2_CSV enter compile_id=905 entry_bci=78 osr=1 method= repro.ResolvableTypeC2Repro::exerciseOsrMemBarLoop alias_idx=23 final=1 eliminate_boxing=1 load=1043:LoadN ld_adr=928:AddP st=699:Proj
C2_CSV probe compile_id=905 entry_bci=78 osr=1 method= repro.ResolvableTypeC2Repro::exerciseOsrMemBarLoop step=1 opc=159 holder=697:MemBarAcquire current=699:Proj
C2_CSV membar-no-mergemem compile_id=905 entry_bci=78 osr=1 method= repro.ResolvableTypeC2Repro::exerciseOsrMemBarLoop step=1 membar=697:MemBarAcquire mem=679:Proj
C2_CSV enter compile_id=905 entry_bci=78 osr=1 method= repro.ResolvableTypeC2Repro::exerciseOsrMemBarLoop alias_idx=9 final=1 eliminate_boxing=1 load=605:LoadI ld_adr=604:AddP st=338:Phi
C2_CSV enter compile_id=905 entry_bci=78 osr=1 method= repro.ResolvableTypeC2Repro::exerciseOsrMemBarLoop alias_idx=9 final=1 eliminate_boxing=1 load=605:LoadI ld_adr=604:AddP st=338:Phi
C2_CSV enter compile_id=905 entry_bci=78 osr=1 method= repro.ResolvableTypeC2Repro::exerciseOsrMemBarLoop alias_idx=16 final=1 eliminate_boxing=1 load=636:LoadL ld_adr=635:AddP st=338:Phi
C2_CSV enter compile_id=905 entry_bci=78 osr=1 method= repro.ResolvableTypeC2Repro::exerciseOsrMemBarLoop alias_idx=16 final=1 eliminate_boxing=1 load=636:LoadL ld_adr=635:AddP st=338:Phi
C2_CSV enter compile_id=905 entry_bci=78 osr=1 method= repro.ResolvableTypeC2Repro::exerciseOsrMemBarLoop alias_idx=9 final=1 eliminate_boxing=1 load=787:LoadI ld_adr=786:AddP st=699:Proj
C2_CSV probe compile_id=905 entry_bci=78 osr=1 method= repro.ResolvableTypeC2Repro::exerciseOsrMemBarLoop step=1 opc=159 holder=697:MemBarAcquire current=699:Proj
C2_CSV membar-no-mergemem compile_id=905 entry_bci=78 osr=1 method= repro.ResolvableTypeC2Repro::exerciseOsrMemBarLoop step=1 membar=697:MemBarAcquire mem=679:Proj
C2_CSV enter compile_id=905 entry_bci=78 osr=1 method= repro.ResolvableTypeC2Repro::exerciseOsrMemBarLoop alias_idx=9 final=1 eliminate_boxing=1 load=787:LoadI ld_adr=786:AddP st=699:Proj
C2_CSV probe compile_id=905 entry_bci=78 osr=1 method= repro.ResolvableTypeC2Repro::exerciseOsrMemBarLoop step=1 opc=159 holder=697:MemBarAcquire current=699:Proj
C2_CSV membar-no-mergemem compile_id=905 entry_bci=78 osr=1 method= repro.ResolvableTypeC2Repro::exerciseOsrMemBarLoop step=1 membar=697:MemBarAcquire mem=679:Proj
C2_CSV enter compile_id=905 entry_bci=78 osr=1 method= repro.ResolvableTypeC2Repro::exerciseOsrMemBarLoop alias_idx=16 final=1 eliminate_boxing=1 load=816:LoadL ld_adr=815:AddP st=699:Proj
C2_CSV probe compile_id=905 entry_bci=78 osr=1 method= repro.ResolvableTypeC2Repro::exerciseOsrMemBarLoop step=1 opc=159 holder=697:MemBarAcquire current=699:Proj
C2_CSV membar-no-mergemem compile_id=905 entry_bci=78 osr=1 method= repro.ResolvableTypeC2Repro::exerciseOsrMemBarLoop step=1 membar=697:MemBarAcquire mem=679:Proj
C2_CSV enter compile_id=905 entry_bci=78 osr=1 method= repro.ResolvableTypeC2Repro::exerciseOsrMemBarLoop alias_idx=16 final=1 eliminate_boxing=1 load=816:LoadL ld_adr=815:AddP st=699:Proj
C2_CSV probe compile_id=905 entry_bci=78 osr=1 method= repro.ResolvableTypeC2Repro::exerciseOsrMemBarLoop step=1 opc=159 holder=697:MemBarAcquire current=699:Proj
C2_CSV membar-no-mergemem compile_id=905 entry_bci=78 osr=1 method= repro.ResolvableTypeC2Repro::exerciseOsrMemBarLoop step=1 membar=697:MemBarAcquire mem=679:Proj
C2_CSV enter compile_id=905 entry_bci=78 osr=1 method= repro.ResolvableTypeC2Repro::exerciseOsrMemBarLoop alias_idx=16 final=1 eliminate_boxing=1 load=1319:LoadL ld_adr=1318:AddP st=1152:Phi
C2_CSV enter compile_id=905 entry_bci=78 osr=1 method= repro.ResolvableTypeC2Repro::exerciseOsrMemBarLoop alias_idx=16 final=1 eliminate_boxing=1 load=1319:LoadL ld_adr=1318:AddP st=1152:Phi
C2_CSV enter compile_id=905 entry_bci=78 osr=1 method= repro.ResolvableTypeC2Repro::exerciseOsrMemBarLoop alias_idx=22 final=0 eliminate_boxing=1 load=918:LoadI ld_adr=917:AddP st=699:Proj
C2_CSV probe compile_id=905 entry_bci=78 osr=1 method= repro.ResolvableTypeC2Repro::exerciseOsrMemBarLoop step=1 opc=159 holder=697:MemBarAcquire current=699:Proj
C2_CSV enter compile_id=905 entry_bci=78 osr=1 method= repro.ResolvableTypeC2Repro::exerciseOsrMemBarLoop alias_idx=22 final=0 eliminate_boxing=1 load=918:LoadI ld_adr=917:AddP st=699:Proj
C2_CSV probe compile_id=905 entry_bci=78 osr=1 method= repro.ResolvableTypeC2Repro::exerciseOsrMemBarLoop step=1 opc=159 holder=697:MemBarAcquire current=699:Proj
C2_CSV enter compile_id=905 entry_bci=78 osr=1 method= repro.ResolvableTypeC2Repro::exerciseOsrMemBarLoop alias_idx=16 final=1 eliminate_boxing=1 load=816:LoadL ld_adr=815:AddP st=699:Proj
C2_CSV probe compile_id=905 entry_bci=78 osr=1 method= repro.ResolvableTypeC2Repro::exerciseOsrMemBarLoop step=1 opc=159 holder=697:MemBarAcquire current=699:Proj
C2_CSV membar-no-mergemem compile_id=905 entry_bci=78 osr=1 method= repro.ResolvableTypeC2Repro::exerciseOsrMemBarLoop step=1 membar=697:MemBarAcquire mem=679:Proj
C2_CSV enter compile_id=905 entry_bci=78 osr=1 method= repro.ResolvableTypeC2Repro::exerciseOsrMemBarLoop alias_idx=16 final=1 eliminate_boxing=1 load=816:LoadL ld_adr=815:AddP st=699:Proj
C2_CSV probe compile_id=905 entry_bci=78 osr=1 method= repro.ResolvableTypeC2Repro::exerciseOsrMemBarLoop step=1 opc=159 holder=697:MemBarAcquire current=699:Proj
C2_CSV membar-no-mergemem compile_id=905 entry_bci=78 osr=1 method= repro.ResolvableTypeC2Repro::exerciseOsrMemBarLoop step=1 membar=697:MemBarAcquire mem=679:Proj
C2_CSV enter compile_id=905 entry_bci=78 osr=1 method= repro.ResolvableTypeC2Repro::exerciseOsrMemBarLoop alias_idx=9 final=1 eliminate_boxing=1 load=1289:LoadI ld_adr=1288:AddP st=1152:Phi
C2_CSV enter compile_id=905 entry_bci=78 osr=1 method= repro.ResolvableTypeC2Repro::exerciseOsrMemBarLoop alias_idx=9 final=1 eliminate_boxing=1 load=1289:LoadI ld_adr=1288:AddP st=1152:Phi
<writer thread='8963'/>
<uncommon_trap thread='8963' reason='unstable_if' action='reinterpret' compile_id='905' compile_kind='osr' compiler='C2' stamp='6.374'>
Uncommon trap occurred in repro.ResolvableTypeC2Repro::exerciseOsrMemBarLoop (@0x00000001136a4838) thread=8963 reason=unstable_if action=reinterpret unloaded_class_index=-1
<jvms bci='83' method='repro/ResolvableTypeC2Repro exerciseOsrMemBarLoop (II)V' bytes='485' count='1' backedge_count='1039' iicount='1'/>
</uncommon_trap>
DEOPT PACKING thread 0x00007f868d00d000 Compiled frame (sp=0x000000030923e7f0 unextended sp=0x000000030923e7f0, fp=0x0000000000000000, real_fp=0x000000030923e8b0, pc=0x00000001136a4838)
     nmethod   6373  905 % !         repro.ResolvableTypeC2Repro::exerciseOsrMemBarLoop @ -2 (485 bytes)

     Virtual frames (innermost first):
        0 - frame( sp=0x000000030923e7f0, unextended_sp=0x000000030923e7f0, fp=0x0000000000000000, pc=0x00000001136a4838)
repro.ResolvableTypeC2Repro.exerciseOsrMemBarLoop(ResolvableTypeC2Repro.java:329) - if_icmpge @ bci 83 
     Created vframeArray 0x00007f868f077220
DEOPT UNPACKING thread 0x00007f868d00d000 vframeArray 0x00007f868f077220 mode 2
     {method} {0x0000000110003ce8} &apos;exerciseOsrMemBarLoop&apos; &apos;(II)V&apos; in &apos;repro/ResolvableTypeC2Repro&apos; - if_icmpge @ bci 83 sp = 0x000000030923e7e8
<dependency_failed type='unique_concrete_method' ctxk='java/lang/ThreadLocal' x='java/lang/ThreadLocal initialValue ()Ljava/lang/Object;' witness='jdk/internal/misc/TerminatingThreadLocal$1' stamp='6.376'/>
C1 Runtime statistics:
 _resolve_invoke_virtual_cnt:     21
 _resolve_invoke_opt_virtual_cnt: 1010
 _resolve_invoke_static_cnt:      696
 _handle_wrong_method_cnt:        23
 _ic_miss_cnt:                    15
 _generic_arraycopy_cnt:          0
 _generic_arraycopystub_cnt:      0
 _byte_arraycopy_cnt:             0
 _short_arraycopy_cnt:            0
 _int_arraycopy_cnt:              0
 _long_arraycopy_cnt:             0
 _primitive_arraycopy_cnt:        0
 _oop_arraycopy_cnt (C):          0
 _oop_arraycopy_cnt (stub):       0
 _arraycopy_slowcase_cnt:         0
 _arraycopy_checkcast_cnt:        0
 _arraycopy_checkcast_attempt_cnt:0
 _new_type_array_slowcase_cnt:    0
 _new_object_array_slowcase_cnt:  0
 _new_instance_slowcase_cnt:      0
 _new_multi_array_slowcase_cnt:   0
 _monitorenter_slowcase_cnt:      0
 _monitorexit_slowcase_cnt:       0
 _patch_code_slowcase_cnt:        0
 _throw_range_check_exception_count:            0:
 _throw_index_exception_count:                  0:
 _throw_div0_exception_count:                   0:
 _throw_null_pointer_exception_count:           0:
 _throw_class_cast_exception_count:             0:
 _throw_incompatible_class_change_error_count:  0:
 _throw_array_store_exception_count:            0:
 _throw_count:                                  0:

<statistics type='deoptimization'>
Deoptimization traps recorded:
    78 (100.0%) total
       null_check/make_not_entrant/aastore: 1 (1.3%)
  null_check/make_not_entrant/invokestatic: 1 (1.3%)
   null_assert/make_not_entrant/instanceof: 1 (1.3%)
     null_assert/make_not_entrant/astore_3: 1 (1.3%)
  class_check/maybe_recompile/invokevirtual: 20 (25.6%)
    class_check/maybe_recompile/instanceof: 5 (6.4%)
       array_check/maybe_recompile/aastore: 2 (2.6%)
   bimorphic/maybe_recompile/invokevirtual: 9 (11.5%)
                  unloaded/reinterpret/new: 2 (2.6%)
       uninitialized/reinterpret/getstatic: 3 (3.8%)
                       constraint/none/nop: 4 (5.1%)
           predicate/maybe_recompile/aload: 1 (1.3%)
         predicate/maybe_recompile/aload_0: 2 (2.6%)
    loop_limit_check/maybe_recompile/aload: 2 (2.6%)
  loop_limit_check/maybe_recompile/aload_0: 1 (1.3%)
    loop_limit_check/maybe_recompile/iload: 1 (1.3%)
         unstable_if/reinterpret/if_icmpeq: 2 (2.6%)
         unstable_if/reinterpret/if_icmpge: 2 (2.6%)
         unstable_if/reinterpret/ifnonnull: 2 (2.6%)
               unstable_if/reinterpret/nop: 16 (20.5%)
</statistics>
<statistics type='SharedRuntime'>
    4 new array requires GC
   15 inline cache miss in compiled
   23 wrong method
  696 unresolved static call site
   21 unresolved virtual call site
 1010 unresolved opt virtual call site
  181 slow partial subtype
  927 byte array copies
 7898 short array copies
  730 int array copies
 1827 long array copies
   36 checkcast array copies
   88 find exception handler
   78 rethrow handler
AdapterHandlerTable: empty 155 longest 3 total 184 average 1.333333
AdapterHandlerTable: lookups 9043 buckets 9421 equals 8584 hits 8584 compact 8584
</statistics>
<statistics type='nmethod'>
Statistics for 97 native nmethods:
 N. total size  = 92912
 N. relocation  = 8016
 N. main code   = 54176
Statistics for 811 bytecoded nmethods:
 total in heap  = 1852800
 relocation     = 91224
 constants      = 3360
 main code      = 654688
 stub code      = 52048
 oops           = 1736
 scopes data    = 223600
 scopes pcs     = 452864
 dependencies   = 6968
 handler table  = 71504
 nul chk table  = 13272
Debug Data Chunks: 50612, shared 7122+14499, non-SP&apos;s elided 229
PcDesc Statistics:  3413 queries, 8.51 comparisons per query
  caches=811 queries=3413/0, hits=0+740, tests=12340+16715, adds=2673
</statistics>
<statistics type='opto'>
--- Compiler Statistics ---
Methods seen: 2555  Methods parsed: 2555  Nodes created: 681154
Blocks parsed: 8488  Blocks seen: 9571
10648 original NULL checks - 7784 elided (73%); optimizer leaves 2996,
1220 made implicit (40%)
CCP: 811  constants found: 9
Total frameslots = 5584, Max frameslots = 84
Inserted 0 spill loads, 0 spill stores, 0 mem-mem moves and 0 copies.
Total load cost=      0, store cost =      0, mem-mem cost =  0.00, copy cost =     0.
Adjusted spill cost =       0.
Conservatively coalesced 8916 copies, 0 pairs, 12325 post alloc.
Used cisc instruction  602,  remained in register 3608
Average allocation trips 1.744861
High Pressure Blocks = 0, Low Pressure Blocks = 0
Nops added 0 bytes to total of 643774 bytes, for 0.00%
Peephole: peephole rules applied: 0
PhaseIdealLoop=2804, sum _unique=1507561
</statistics>
<statistics type='intrinsic'>
Compiler intrinsic usage:
    18 ( 6.0%) _hashCode (worked,virtual,nonvirtual)
    23 ( 7.7%) _getClass (worked)
    15 ( 5.0%) _clone (worked)
    20 ( 6.7%) _min (worked)
    12 ( 4.0%) _max (worked)
     9 ( 3.0%) _nanoTime (worked)
    32 (10.7%) _arraycopy (worked)
     1 ( 0.3%) _isInterrupted (worked)
     8 ( 2.7%) _currentThread (worked)
     6 ( 2.0%) _isAssignableFrom (worked)
     2 ( 0.7%) _getModifiers (worked)
    10 ( 3.3%) _isInterface (worked)
    12 ( 4.0%) _isArray (worked)
    17 ( 5.7%) _isPrimitive (worked)
     2 ( 0.7%) _getSuperclass (worked)
     5 ( 1.7%) _getComponentType (worked)
     1 ( 0.3%) _getClassAccessFlags (worked)
    10 ( 3.3%) _getCallerClass (worked,failed)
     5 ( 1.7%) _newArray (worked)
     3 ( 1.0%) _copyOf (worked)
     2 ( 0.7%) _copyOfRange (worked)
     8 ( 2.7%) _indexOf (worked)
    42 (14.0%) _equals (worked)
     0 ( 0.0%) _checkIndex (disabled)
    15 ( 5.0%) _Reference_get (worked)
     8 ( 2.7%) _getObjectVolatile (worked)
     1 ( 0.3%) _putObjectVolatile (worked)
     3 ( 1.0%) _getLong_raw (worked)
     2 ( 0.7%) _putLong_raw (worked)
     3 ( 1.0%) _compareAndSwapObject (worked)
     1 ( 0.3%) _compareAndSwapLong (worked)
     4 ( 1.3%) _compareAndSwapInt (worked)
   300 (100.0%) total (worked,failed,disabled,virtual,nonvirtual)
</statistics>
<writer thread='21507'/>
<destroy_vm stamp='6.386'/>
<tty_done stamp='6.401'/>
</tty>
<hotspot_log_done stamp='6.401'/>
</hotspot_log>
