<?xml version='1.0' encoding='UTF-8'?>
<hotspot_log version='160 1' process='65637' time_ms='1783157337324'>
<vm_version>
<name>
OpenJDK 64-Bit Server VM
</name>
<release>
25.512-b00-fastdebug
</release>
<info>
OpenJDK 64-Bit Server VM (25.512-b00-fastdebug) for bsd-amd64 JRE (1.8.0_512-internal-xiezhaokun_2026_07_04_16_29-b00), built on Jul  4 2026 16:33:53 by &quot;xiezhaokun&quot; with gcc Apple LLVM 16.0.0 (clang-1600.0.26.6)
</info>
</vm_version>
<vm_arguments>
<args>
-Xbatch -XX:CompileThreshold=100 -XX:-TieredCompilation -XX:CICompilerCount=1 -XX:+UnlockDiagnosticVMOptions -XX:CompileCommand=quiet -XX:+StressGCM -XX:+StressLCM -XX:+StressReflectiveCode -XX:+TraceDeoptimization -Drepro.iterations=10000000 -Drepro.seconds=0 -Drepro.clearCacheEvery=257 -Drepro.deoptAfter=3000000 -Drepro.target=advanced 
</args>
<command>
repro.ResolvableTypeC2Repro
</command>
<launcher>
SUN_STANDARD
</launcher>
<properties>
java.vm.specification.name=Java Virtual Machine Specification
java.vm.version=25.512-b00-fastdebug
java.vm.name=OpenJDK 64-Bit Server VM
java.vm.info=mixed mode, sharing
java.ext.dirs=/Users/xiezhaokun/Library/Java/Extensions:/Users/xiezhaokun/workspace/jdk8u-dev/build/codex-fastdebug-x86_64/jdk/lib/ext:/Library/Java/Extensions:/Network/Library/Java/Extensions:/System/Library/Java/Extensions:/usr/lib/java
java.endorsed.dirs=/Users/xiezhaokun/workspace/jdk8u-dev/build/codex-fastdebug-x86_64/jdk/lib/endorsed
sun.boot.library.path=/Users/xiezhaokun/workspace/jdk8u-dev/build/codex-fastdebug-x86_64/jdk/lib
java.library.path=/Users/xiezhaokun/Library/Java/Extensions:/Library/Java/Extensions:/Network/Library/Java/Extensions:/System/Library/Java/Extensions:/usr/lib/java:.
java.home=/Users/xiezhaokun/workspace/jdk8u-dev/build/codex-fastdebug-x86_64/jdk
java.class.path=/Users/xiezhaokun/workspace/jdk8u-dev/repro/spring-resolvabletype-c2/target/classes:/Users/xiezhaokun/workspace/jdk8u-dev/repro/spring-resolvabletype-c2/target/dependency/spring-core-5.3.31.jar:/Users/xiezhaokun/workspace/jdk8u-dev/repro/spring-resolvabletype-c2/target/dependency/spring-jcl-5.3.31.jar
sun.boot.class.path=/Users/xiezhaokun/workspace/jdk8u-dev/build/codex-fastdebug-x86_64/jdk/lib/resources.jar:/Users/xiezhaokun/workspace/jdk8u-dev/build/codex-fastdebug-x86_64/jdk/lib/rt.jar:/Users/xiezhaokun/workspace/jdk8u-dev/build/codex-fastdebug-x86_64/jdk/lib/sunrsasign.jar:/Users/xiezhaokun/workspace/jdk8u-dev/build/codex-fastdebug-x86_64/jdk/lib/jsse.jar:/Users/xiezhaokun/workspace/jdk8u-dev/build/codex-fastdebug-x86_64/jdk/lib/jce.jar:/Users/xiezhaokun/workspace/jdk8u-dev/build/codex-fastdebug-x86_64/jdk/lib/charsets.jar:/Users/xiezhaokun/workspace/jdk8u-dev/build/codex-fastdebug-x86_64/jdk/lib/jfr.jar:/Users/xiezhaokun/workspace/jdk8u-dev/build/codex-fastdebug-x86_64/jdk/classes
java.vm.specification.vendor=Oracle Corporation
java.vm.specification.version=1.8
java.vm.vendor=Oracle Corporation
repro.iterations=10000000
repro.seconds=0
repro.clearCacheEvery=257
repro.deoptAfter=3000000
repro.target=advanced
sun.java.command=repro.ResolvableTypeC2Repro
sun.java.launcher=SUN_STANDARD
</properties>
</vm_arguments>
<tty>
<blob name='MethodHandlesAdapterBlob' size='182000'>
<sect index='1' size='182000' free='177710'/>
</blob>
<writer thread='9987'/>
<uncommon_trap thread='9987' reason='unstable_if' action='reinterpret' compile_id='2' compiler='C2' stamp='0.335'>
Uncommon trap occurred in java.lang.String::equals (@0x0000000112c7a744) thread=9987 reason=unstable_if action=reinterpret unloaded_class_index=-1
<jvms bci='66' method='java/lang/String equals (Ljava/lang/Object;)Z' bytes='81' count='50' backedge_count='50' iicount='251'/>
</uncommon_trap>
DEOPT PACKING thread 0x00007f976f80d800 Compiled frame (sp=0x0000000308d96f20 unextended sp=0x0000000308d96f20, fp=0x0000000000000000, real_fp=0x0000000308d96f60, pc=0x0000000112c7a744)
     nmethod    335    2             java.lang.String::equals (81 bytes)

     Virtual frames (innermost first):
        0 - frame( sp=0x0000000308d96f20, unextended_sp=0x0000000308d96f20, fp=0x0000000000000000, pc=0x0000000112c7a744)
java.lang.String.equals(String.java:988) - if_icmpeq @ bci 66 
     Created vframeArray 0x00007f976e80a020
DEOPT UNPACKING thread 0x00007f976f80d800 vframeArray 0x00007f976e80a020 mode 2
     {method} {0x0000000119b19488} &apos;equals&apos; &apos;(Ljava/lang/Object;)Z&apos; in &apos;java/lang/String&apos; - if_icmpeq @ bci 66 sp = 0x0000000308d96ed8
<dependency_failed type='abstract_with_unique_concrete_subtype' ctxk='java/nio/ByteBuffer' x='java/nio/HeapByteBuffer' witness='java/nio/DirectByteBuffer' stamp='0.362'/>
<uncommon_trap thread='9987' reason='unstable_if' action='reinterpret' compile_id='7' compiler='C2' stamp='0.480'>
Uncommon trap occurred in java.lang.String::replace (@0x0000000112caddf0) thread=9987 reason=unstable_if action=reinterpret unloaded_class_index=-1
<jvms bci='26' method='java/lang/String replace (CC)Ljava/lang/String;' bytes='127' count='12' backedge_count='77' iicount='12'/>
</uncommon_trap>
DEOPT PACKING thread 0x00007f976f80d800 Compiled frame (sp=0x0000000308d99640 unextended sp=0x0000000308d99640, fp=0x000000000000002e, real_fp=0x0000000308d996b0, pc=0x0000000112caddf0)
     nmethod    480    7             java.lang.String::replace (127 bytes)

     Virtual frames (innermost first):
        0 - frame( sp=0x0000000308d99640, unextended_sp=0x0000000308d99640, fp=0x000000000000002e, pc=0x0000000112caddf0)
java.lang.String.replace(String.java:2072) - if_icmpge @ bci 26 
     Created vframeArray 0x00007f977085f020
DEOPT UNPACKING thread 0x00007f976f80d800 vframeArray 0x00007f977085f020 mode 2
     {method} {0x0000000119b1b7c8} &apos;replace&apos; &apos;(CC)Ljava/lang/String;&apos; in &apos;java/lang/String&apos; - if_icmpge @ bci 26 sp = 0x0000000308d99628
<uncommon_trap thread='9987' reason='loop_limit_check' action='maybe_recompile' compile_id='17' compiler='C2' stamp='0.511'>
Uncommon trap occurred in java.lang.String::equals (@0x0000000112cb5564) thread=9987 reason=loop_limit_check action=maybe_recompile unloaded_class_index=-1
<jvms bci='56' method='java/lang/String equals (Ljava/lang/Object;)Z' bytes='81' count='33' backedge_count='51' iicount='283' decompiles='1' unstable_if_traps='1'/>
</uncommon_trap>
DEOPT PACKING thread 0x00007f976f80d800 Compiled frame (sp=0x0000000308d98f40 unextended sp=0x0000000308d98f40, fp=0x0000000000000000, real_fp=0x0000000308d98f80, pc=0x0000000112cb5564)
     nmethod    511   17             java.lang.String::equals (81 bytes)

     Virtual frames (innermost first):
        0 - frame( sp=0x0000000308d98f40, unextended_sp=0x0000000308d98f40, fp=0x0000000000000000, pc=0x0000000112cb5564)
java.lang.String.equals(String.java:988) - aload @ bci 56 
     Created vframeArray 0x00007f977000a020
DEOPT UNPACKING thread 0x00007f976f80d800 vframeArray 0x00007f977000a020 mode 2
     {method} {0x0000000119b19488} &apos;equals&apos; &apos;(Ljava/lang/Object;)Z&apos; in &apos;java/lang/String&apos; - aload @ bci 56 sp = 0x0000000308d98f08
<uncommon_trap thread='9987' reason='predicate' action='maybe_recompile' compile_id='29' compiler='C2' stamp='0.600'>
Uncommon trap occurred in sun.net.www.ParseUtil::encodePath (@0x0000000112cba9e0) thread=9987 reason=predicate action=maybe_recompile unloaded_class_index=-1
<jvms bci='36' method='sun/net/www/ParseUtil encodePath (Ljava/lang/String;Z)Ljava/lang/String;' bytes='336' count='7' backedge_count='83' iicount='7'/>
</uncommon_trap>
DEOPT PACKING thread 0x00007f976f80d800 Compiled frame (sp=0x0000000308d985d0 unextended sp=0x0000000308d985d0, fp=0x00000007955eb328, real_fp=0x0000000308d98650, pc=0x0000000112cba9e0)
     nmethod    599   29             sun.net.www.ParseUtil::encodePath (336 bytes)

     Virtual frames (innermost first):
        0 - frame( sp=0x0000000308d985d0, unextended_sp=0x0000000308d985d0, fp=0x00000007955eb328, pc=0x0000000112cba9e0)
sun.net.www.ParseUtil.encodePath(ParseUtil.java:111) - aload @ bci 36 
     Created vframeArray 0x00007f977085f020
DEOPT UNPACKING thread 0x00007f976f80d800 vframeArray 0x00007f977085f020 mode 2
     {method} {0x0000000119cf06b0} &apos;encodePath&apos; &apos;(Ljava/lang/String;Z)Ljava/lang/String;&apos; in &apos;sun/net/www/ParseUtil&apos; - aload @ bci 36 sp = 0x0000000308d985c0
<dependency_failed type='leaf_type' ctxk='java/util/concurrent/ConcurrentHashMap$Node' witness='java/util/concurrent/ConcurrentHashMap$ForwardingNode' stamp='0.634'/>
<uncommon_trap thread='9987' reason='unstable_if' action='reinterpret' compile_id='77' compiler='C2' stamp='0.948'>
Uncommon trap occurred in java.util.zip.ZipCoder::getBytes (@0x0000000112cd11c0) thread=9987 reason=unstable_if action=reinterpret unloaded_class_index=-1
<jvms bci='4' method='java/util/zip/ZipCoder encoder ()Ljava/nio/charset/CharsetEncoder;' bytes='35' count='50' backedge_count='1' iicount='100'/>
<jvms bci='1' method='java/util/zip/ZipCoder getBytes (Ljava/lang/String;)[B' bytes='192' count='50' backedge_count='1' iicount='100'/>
</uncommon_trap>
DEOPT PACKING thread 0x00007f976f80d800 Compiled frame (sp=0x0000000308d969d0 unextended sp=0x0000000308d969d0, fp=0x0000000308d96aa8, real_fp=0x0000000308d96a30, pc=0x0000000112cd11c0)
     nmethod    948   77             java.util.zip.ZipCoder::getBytes (192 bytes)

     Virtual frames (innermost first):
        0 - frame( sp=0x0000000308d969d0, unextended_sp=0x0000000308d969d0, fp=0x0000000308d96aa8, pc=0x0000000112cd11c0)
java.util.zip.ZipCoder.encoder(ZipCoder.java:152) - ifnonnull @ bci 4 
        1 - frame( sp=0x0000000308d969d0, unextended_sp=0x0000000308d969d0, fp=0x0000000308d96aa8, pc=0x0000000112cd11c0)
java.util.zip.ZipCoder.getBytes(ZipCoder.java:77) - invokespecial @ bci 1 
     Created vframeArray 0x00007f977000a020
DEOPT UNPACKING thread 0x00007f976f80d800 vframeArray 0x00007f977000a020 mode 2
     {method} {0x0000000119d81098} &apos;getBytes&apos; &apos;(Ljava/lang/String;)[B&apos; in &apos;java/util/zip/ZipCoder&apos; - invokespecial @ bci 1 sp = 0x0000000308d969a0
     {method} {0x0000000119d81668} &apos;encoder&apos; &apos;()Ljava/nio/charset/CharsetEncoder;&apos; in &apos;java/util/zip/ZipCoder&apos; - ifnonnull @ bci 4 sp = 0x0000000308d96948
<uncommon_trap thread='9987' reason='class_check' action='maybe_recompile' compile_id='76' compiler='C2' stamp='0.957'>
Uncommon trap occurred in java.net.URL::&lt;init&gt; (@0x0000000112cd46cc) thread=9987 reason=class_check action=maybe_recompile unloaded_class_index=-1
<jvms bci='504' method='java/net/URL &lt;init&gt; (Ljava/net/URL;Ljava/lang/String;Ljava/net/URLStreamHandler;)V' bytes='543' count='27' backedge_count='51' iicount='27'/>
</uncommon_trap>
DEOPT PACKING thread 0x00007f976f80d800 Compiled frame (sp=0x0000000308d98540 unextended sp=0x0000000308d98540, fp=0x00000007956391a8, real_fp=0x0000000308d985a0, pc=0x0000000112cd46cc)
     nmethod    957   76   !         java.net.URL::&lt;init&gt; (543 bytes)

     Virtual frames (innermost first):
        0 - frame( sp=0x0000000308d98540, unextended_sp=0x0000000308d98540, fp=0x00000007956391a8, pc=0x0000000112cd46cc)
java.net.URL.&lt;init&gt;(URL.java:640) - invokevirtual @ bci 504 
     Created vframeArray 0x00007f976e80a020
DEOPT UNPACKING thread 0x00007f976f80d800 vframeArray 0x00007f976e80a020 mode 2
     {method} {0x0000000119bbc008} &apos;&lt;init&gt;&apos; &apos;(Ljava/net/URL;Ljava/lang/String;Ljava/net/URLStreamHandler;)V&apos; in &apos;java/net/URL&apos; - invokevirtual @ bci 504 sp = 0x0000000308d984d8
<dependency_failed type='abstract_with_unique_concrete_subtype' ctxk='sun/misc/Resource' x='sun/misc/URLClassPath$FileLoader$1' witness='sun/misc/URLClassPath$JarLoader$2' stamp='0.958'/>
SAVED OOP RESULT 0x0000000795639f58 in thread 0x00007f976f80d800
DEOPT PACKING thread 0x00007f976f80d800 Deoptimized frame (sp=0x0000000308d98730 unextended sp=0x0000000308d98730, fp=0x0000000000000001, real_fp=0x0000000308d98780, pc=0x0000000112ce29bc)
     nmethod    959  104             sun.misc.URLClassPath::getResource (83 bytes)

     Virtual frames (innermost first):
        0 - frame( sp=0x0000000308d98730, unextended_sp=0x0000000308d98730, fp=0x0000000000000001, pc=0x0000000112ce29bc)
sun.misc.URLClassPath.getResource(URLClassPath.java:250) - invokevirtual @ bci 62 
     Created vframeArray 0x00007f976e83a220
DEOPT UNPACKING thread 0x00007f976f80d800 vframeArray 0x00007f976e83a220 mode 0
     {method} {0x0000000119d36d78} &apos;getResource&apos; &apos;(Ljava/lang/String;Z)Lsun/misc/Resource;&apos; in &apos;sun/misc/URLClassPath&apos; - invokevirtual @ bci 62 sp = 0x0000000308d98710
<uncommon_trap thread='9987' reason='bimorphic' action='maybe_recompile' compile_id='107' compiler='C2' stamp='1.067'>
Uncommon trap occurred in java.util.HashMap::getNode (@0x0000000112ce0170) thread=9987 reason=bimorphic action=maybe_recompile unloaded_class_index=-1
<jvms bci='59' method='java/util/HashMap getNode (ILjava/lang/Object;)Ljava/util/HashMap$Node;' bytes='148' count='50' backedge_count='1' iicount='100'/>
</uncommon_trap>
DEOPT PACKING thread 0x00007f976f80d800 Compiled frame (sp=0x0000000308d983e0 unextended sp=0x0000000308d983e0, fp=0x00000000f59c21e1, real_fp=0x0000000308d98420, pc=0x0000000112ce0170)
     nmethod   1066  107             java.util.HashMap::getNode (148 bytes)

     Virtual frames (innermost first):
        0 - frame( sp=0x0000000308d983e0, unextended_sp=0x0000000308d983e0, fp=0x00000000f59c21e1, pc=0x0000000112ce0170)
java.util.HashMap.getNode(HashMap.java:573) - invokevirtual @ bci 59 
     Created vframeArray 0x00007f976e80a020
DEOPT UNPACKING thread 0x00007f976f80d800 vframeArray 0x00007f976e80a020 mode 2
     {method} {0x0000000119c29c80} &apos;getNode&apos; &apos;(ILjava/lang/Object;)Ljava/util/HashMap$Node;&apos; in &apos;java/util/HashMap&apos; - invokevirtual @ bci 59 sp = 0x0000000308d98398
<uncommon_trap thread='9987' reason='bimorphic' action='maybe_recompile' compile_id='107' compiler='C2' count='1' state='#7' stamp='1.067'>
Uncommon trap occurred in java.util.HashMap::getNode (@0x0000000112ce0170) thread=9987 reason=bimorphic action=maybe_recompile unloaded_class_index=-1
<jvms bci='59' method='java/util/HashMap getNode (ILjava/lang/Object;)Ljava/util/HashMap$Node;' bytes='148' count='50' backedge_count='1' iicount='100' bimorphic_traps='1'/>
</uncommon_trap>
DEOPT PACKING thread 0x00007f976f80d800 Compiled frame (sp=0x0000000308d983e0 unextended sp=0x0000000308d983e0, fp=0x000000006499bd24, real_fp=0x0000000308d98420, pc=0x0000000112ce0170)
     nmethod   1067  107             java.util.HashMap::getNode (148 bytes)

     Virtual frames (innermost first):
        0 - frame( sp=0x0000000308d983e0, unextended_sp=0x0000000308d983e0, fp=0x000000006499bd24, pc=0x0000000112ce0170)
java.util.HashMap.getNode(HashMap.java:573) - invokevirtual @ bci 59 
     Created vframeArray 0x00007f976e83a220
DEOPT UNPACKING thread 0x00007f976f80d800 vframeArray 0x00007f976e83a220 mode 2
     {method} {0x0000000119c29c80} &apos;getNode&apos; &apos;(ILjava/lang/Object;)Ljava/util/HashMap$Node;&apos; in &apos;java/util/HashMap&apos; - invokevirtual @ bci 59 sp = 0x0000000308d98398
<uncommon_trap thread='9987' reason='class_check' action='maybe_recompile' compile_id='76' compiler='C2' count='1' state='class_check' stamp='1.121'>
Uncommon trap occurred in java.net.URL::&lt;init&gt; (@0x0000000112cd46cc) thread=9987 reason=class_check action=maybe_recompile unloaded_class_index=-1
<jvms bci='504' method='java/net/URL &lt;init&gt; (Ljava/net/URL;Ljava/lang/String;Ljava/net/URLStreamHandler;)V' bytes='543' count='27' backedge_count='51' iicount='27' class_check_traps='1'/>
</uncommon_trap>
DEOPT PACKING thread 0x00007f976f80d800 Compiled frame (sp=0x0000000308d97fa0 unextended sp=0x0000000308d97fa0, fp=0x0000000795651e50, real_fp=0x0000000308d98000, pc=0x0000000112cd46cc)
     nmethod   1120   76   !         java.net.URL::&lt;init&gt; (543 bytes)

     Virtual frames (innermost first):
        0 - frame( sp=0x0000000308d97fa0, unextended_sp=0x0000000308d97fa0, fp=0x0000000795651e50, pc=0x0000000112cd46cc)
java.net.URL.&lt;init&gt;(URL.java:640) - invokevirtual @ bci 504 
     Created vframeArray 0x00007f977085f020
DEOPT UNPACKING thread 0x00007f976f80d800 vframeArray 0x00007f977085f020 mode 2
     {method} {0x0000000119bbc008} &apos;&lt;init&gt;&apos; &apos;(Ljava/net/URL;Ljava/lang/String;Ljava/net/URLStreamHandler;)V&apos; in &apos;java/net/URL&apos; - invokevirtual @ bci 504 sp = 0x0000000308d97f38
<uncommon_trap thread='9987' reason='bimorphic' action='maybe_recompile' compile_id='107' compiler='C2' count='2' state='#7' stamp='1.121'>
Uncommon trap occurred in java.util.HashMap::getNode (@0x0000000112ce0170) thread=9987 reason=bimorphic action=maybe_recompile unloaded_class_index=-1
<jvms bci='59' method='java/util/HashMap getNode (ILjava/lang/Object;)Ljava/util/HashMap$Node;' bytes='148' count='50' backedge_count='1' iicount='100' bimorphic_traps='2'/>
</uncommon_trap>
DEOPT PACKING thread 0x00007f976f80d800 Compiled frame (sp=0x0000000308d97e50 unextended sp=0x0000000308d97e50, fp=0x00000000f59c21e1, real_fp=0x0000000308d97e90, pc=0x0000000112ce0170)
     nmethod   1121  107             java.util.HashMap::getNode (148 bytes)

     Virtual frames (innermost first):
        0 - frame( sp=0x0000000308d97e50, unextended_sp=0x0000000308d97e50, fp=0x00000000f59c21e1, pc=0x0000000112ce0170)
java.util.HashMap.getNode(HashMap.java:573) - invokevirtual @ bci 59 
     Created vframeArray 0x00007f9770049220
DEOPT UNPACKING thread 0x00007f976f80d800 vframeArray 0x00007f9770049220 mode 2
     {method} {0x0000000119c29c80} &apos;getNode&apos; &apos;(ILjava/lang/Object;)Ljava/util/HashMap$Node;&apos; in &apos;java/util/HashMap&apos; - invokevirtual @ bci 59 sp = 0x0000000308d97e08
<uncommon_trap thread='9987' reason='bimorphic' action='maybe_recompile' compile_id='107' compiler='C2' count='3' state='#7' stamp='1.122'>
Uncommon trap occurred in java.util.HashMap::getNode (@0x0000000112ce0170) thread=9987 reason=bimorphic action=maybe_recompile unloaded_class_index=-1
<jvms bci='59' method='java/util/HashMap getNode (ILjava/lang/Object;)Ljava/util/HashMap$Node;' bytes='148' count='50' backedge_count='1' iicount='100' bimorphic_traps='3'/>
</uncommon_trap>
DEOPT PACKING thread 0x00007f976f80d800 Compiled frame (sp=0x0000000308d97e50 unextended sp=0x0000000308d97e50, fp=0x000000006499bd24, real_fp=0x0000000308d97e90, pc=0x0000000112ce0170)
     nmethod   1121  107             java.util.HashMap::getNode (148 bytes)

     Virtual frames (innermost first):
        0 - frame( sp=0x0000000308d97e50, unextended_sp=0x0000000308d97e50, fp=0x000000006499bd24, pc=0x0000000112ce0170)
java.util.HashMap.getNode(HashMap.java:573) - invokevirtual @ bci 59 
     Created vframeArray 0x00007f977000a020
DEOPT UNPACKING thread 0x00007f976f80d800 vframeArray 0x00007f977000a020 mode 2
     {method} {0x0000000119c29c80} &apos;getNode&apos; &apos;(ILjava/lang/Object;)Ljava/util/HashMap$Node;&apos; in &apos;java/util/HashMap&apos; - invokevirtual @ bci 59 sp = 0x0000000308d97e08
<uncommon_trap thread='9987' reason='unstable_if' action='reinterpret' compile_id='26' compiler='C2' stamp='1.166'>
Uncommon trap occurred in java.lang.Math::max (@0x0000000112cb2790) thread=9987 reason=unstable_if action=reinterpret unloaded_class_index=-1
<jvms bci='2' method='java/lang/Math max (II)I' bytes='11' count='50' backedge_count='1' iicount='100'/>
</uncommon_trap>
DEOPT PACKING thread 0x00007f976f80d800 Compiled frame (sp=0x0000000308d98b40 unextended sp=0x0000000308d98b40, fp=0x0000000308d98bd0, real_fp=0x0000000308d98b70, pc=0x0000000112cb2790)
     nmethod   1166   26             java.lang.Math::max (11 bytes)

     Virtual frames (innermost first):
        0 - frame( sp=0x0000000308d98b40, unextended_sp=0x0000000308d98b40, fp=0x0000000308d98bd0, pc=0x0000000112cb2790)
java.lang.Math.max(Math.java:1252) - if_icmplt @ bci 2 
     Created vframeArray 0x00007f9770049220
DEOPT UNPACKING thread 0x00007f976f80d800 vframeArray 0x00007f9770049220 mode 2
     {method} {0x0000000119c37a80} &apos;max&apos; &apos;(II)I&apos; in &apos;java/lang/Math&apos; - if_icmplt @ bci 2 sp = 0x0000000308d98b10
<uncommon_trap thread='9987' reason='unstable_if' action='reinterpret' compile_id='149' compiler='C2' stamp='1.210'>
Uncommon trap occurred in java.lang.ClassLoader::loadClass (@0x0000000112cf59ac) thread=9987 reason=unstable_if action=reinterpret unloaded_class_index=-1
<jvms bci='28' method='java/lang/ClassLoader getClassLoadingLock (Ljava/lang/String;)Ljava/lang/Object;' bytes='35' count='50' backedge_count='1' iicount='100'/>
<jvms bci='2' method='java/lang/ClassLoader loadClass (Ljava/lang/String;Z)Ljava/lang/Class;' bytes='122' count='50' backedge_count='1' iicount='100' throwouts='24'/>
</uncommon_trap>
DEOPT PACKING thread 0x00007f976f80d800 Compiled frame (sp=0x0000000308d96ee0 unextended sp=0x0000000308d96ee0, fp=0x00000007955c4f78, real_fp=0x0000000308d96f50, pc=0x0000000112cf59ac)
     nmethod   1210  149   !         java.lang.ClassLoader::loadClass (122 bytes)

     Virtual frames (innermost first):
        0 - frame( sp=0x0000000308d96ee0, unextended_sp=0x0000000308d96ee0, fp=0x00000007955c4f78, pc=0x0000000112cf59ac)
java.lang.ClassLoader.getClassLoadingLock(ClassLoader.java:458) - ifnonnull @ bci 28 
        1 - frame( sp=0x0000000308d96ee0, unextended_sp=0x0000000308d96ee0, fp=0x00000007955c4f78, pc=0x0000000112cf59ac)
java.lang.ClassLoader.loadClass(ClassLoader.java:398) - invokevirtual @ bci 2 
     Created vframeArray 0x00007f976f833220
DEOPT UNPACKING thread 0x00007f976f80d800 vframeArray 0x00007f976f833220 mode 2
     {method} {0x0000000119b2cd60} &apos;loadClass&apos; &apos;(Ljava/lang/String;Z)Ljava/lang/Class;&apos; in &apos;java/lang/ClassLoader&apos; - invokevirtual @ bci 2 sp = 0x0000000308d96ea8
     {method} {0x0000000119b2ce58} &apos;getClassLoadingLock&apos; &apos;(Ljava/lang/String;)Ljava/lang/Object;&apos; in &apos;java/lang/ClassLoader&apos; - ifnonnull @ bci 28 sp = 0x0000000308d96e50
<uncommon_trap thread='9987' reason='unstable_if' action='reinterpret' compile_id='173' compiler='C2' stamp='1.371'>
Uncommon trap occurred in java.lang.invoke.MemberName::isInvocable (@0x0000000112cff648) thread=9987 reason=unstable_if action=reinterpret unloaded_class_index=-1
<jvms bci='6' method='java/lang/invoke/MemberName testAnyFlags (I)Z' bytes='15' count='50' backedge_count='1' iicount='100'/>
<jvms bci='3' method='java/lang/invoke/MemberName isInvocable ()Z' bytes='7' count='50' backedge_count='1' iicount='100'/>
</uncommon_trap>
DEOPT PACKING thread 0x00007f976f80d800 Compiled frame (sp=0x0000000308d96fb0 unextended sp=0x0000000308d96fb0, fp=0x0000000000000001, real_fp=0x0000000308d96fd0, pc=0x0000000112cff648)
     nmethod   1370  173             java.lang.invoke.MemberName::isInvocable (7 bytes)

     Virtual frames (innermost first):
        0 - frame( sp=0x0000000308d96fb0, unextended_sp=0x0000000308d96fb0, fp=0x0000000000000001, pc=0x0000000112cff648)
java.lang.invoke.MemberName.testAnyFlags(MemberName.java:340) - ifne @ bci 6 
        1 - frame( sp=0x0000000308d96fb0, unextended_sp=0x0000000308d96fb0, fp=0x0000000000000001, pc=0x0000000112cff648)
java.lang.invoke.MemberName.isInvocable(MemberName.java:443) - invokespecial @ bci 3 
     Created vframeArray 0x00007f976f851820
DEOPT UNPACKING thread 0x00007f976f80d800 vframeArray 0x00007f976f851820 mode 2
     {method} {0x0000000119b7f5c8} &apos;isInvocable&apos; &apos;()Z&apos; in &apos;java/lang/invoke/MemberName&apos; - invokespecial @ bci 3 sp = 0x0000000308d96f70
     {method} {0x0000000119b7ea58} &apos;testAnyFlags&apos; &apos;(I)Z&apos; in &apos;java/lang/invoke/MemberName&apos; - ifne @ bci 6 sp = 0x0000000308d96f18
<uncommon_trap thread='9987' reason='unstable_if' action='reinterpret' compile_id='174' compiler='C2' count='1' state='intrinsic recompiled' stamp='1.371'>
Uncommon trap occurred in java.lang.invoke.MemberName::testAnyFlags (@0x0000000112cff340) thread=9987 reason=unstable_if action=reinterpret unloaded_class_index=-1
<jvms bci='6' method='java/lang/invoke/MemberName testAnyFlags (I)Z' bytes='15' count='1' backedge_count='1' iicount='100' unstable_if_traps='1'/>
</uncommon_trap>
DEOPT PACKING thread 0x00007f976f80d800 Compiled frame (sp=0x0000000308d96ee0 unextended sp=0x0000000308d96ee0, fp=0x0000000000000001, real_fp=0x0000000308d96f00, pc=0x0000000112cff340)
     nmethod   1371  174             java.lang.invoke.MemberName::testAnyFlags (15 bytes)

     Virtual frames (innermost first):
        0 - frame( sp=0x0000000308d96ee0, unextended_sp=0x0000000308d96ee0, fp=0x0000000000000001, pc=0x0000000112cff340)
java.lang.invoke.MemberName.testAnyFlags(MemberName.java:340) - ifne @ bci 6 
     Created vframeArray 0x00007f9770049220
DEOPT UNPACKING thread 0x00007f976f80d800 vframeArray 0x00007f9770049220 mode 2
     {method} {0x0000000119b7ea58} &apos;testAnyFlags&apos; &apos;(I)Z&apos; in &apos;java/lang/invoke/MemberName&apos; - ifne @ bci 6 sp = 0x0000000308d96ea8
<uncommon_trap thread='9987' reason='unstable_if' action='reinterpret' compile_id='208' compiler='C2' stamp='1.549'>
Uncommon trap occurred in java.util.SubList$1::hasNext (@0x0000000112d0b8f4) thread=9987 reason=unstable_if action=reinterpret unloaded_class_index=-1
<jvms bci='11' method='java/util/SubList$1 hasNext ()Z' bytes='20' count='50' backedge_count='1' iicount='100'/>
</uncommon_trap>
DEOPT PACKING thread 0x00007f976f80d800 Compiled frame (sp=0x0000000308d988a0 unextended sp=0x0000000308d988a0, fp=0x0000000000000048, real_fp=0x0000000308d988d0, pc=0x0000000112d0b8f4)
     nmethod   1549  208             java.util.SubList$1::hasNext (20 bytes)

     Virtual frames (innermost first):
        0 - frame( sp=0x0000000308d988a0, unextended_sp=0x0000000308d988a0, fp=0x0000000000000048, pc=0x0000000112d0b8f4)
java.util.SubList$1.hasNext(AbstractList.java:702) - if_icmpge @ bci 11 
     Created vframeArray 0x00007f976f851820
DEOPT UNPACKING thread 0x00007f976f80d800 vframeArray 0x00007f976f851820 mode 2
     {method} {0x0000000119ec9e60} &apos;hasNext&apos; &apos;()Z&apos; in &apos;java/util/SubList$1&apos; - if_icmpge @ bci 11 sp = 0x0000000308d98870
<uncommon_trap thread='9987' reason='unstable_if' action='reinterpret' compile_id='194' compiler='C2' stamp='1.551'>
Uncommon trap occurred in java.lang.invoke.MemberName::getMethodType (@0x0000000112d0871c) thread=9987 reason=unstable_if action=reinterpret unloaded_class_index=-1
<jvms bci='4' method='java/lang/invoke/MemberName getMethodType ()Ljava/lang/invoke/MethodType;' bytes='208' count='50' backedge_count='1' iicount='100'/>
</uncommon_trap>
DEOPT PACKING thread 0x00007f976f80d800 Compiled frame (sp=0x0000000308d98ac0 unextended sp=0x0000000308d98ac0, fp=0x00000007956a02e0, real_fp=0x0000000308d98b00, pc=0x0000000112d0871c)
     nmethod   1550  194   !         java.lang.invoke.MemberName::getMethodType (208 bytes)

     Virtual frames (innermost first):
        0 - frame( sp=0x0000000308d98ac0, unextended_sp=0x0000000308d98ac0, fp=0x00000007956a02e0, pc=0x0000000112d0871c)
java.lang.invoke.MemberName.getMethodType(MemberName.java:122) - ifnonnull @ bci 4 
     Created vframeArray 0x00007f976e846a20
DEOPT UNPACKING thread 0x00007f976f80d800 vframeArray 0x00007f976e846a20 mode 2
     {method} {0x0000000119b7d8a8} &apos;getMethodType&apos; &apos;()Ljava/lang/invoke/MethodType;&apos; in &apos;java/lang/invoke/MemberName&apos; - ifnonnull @ bci 4 sp = 0x0000000308d98a78
<uncommon_trap thread='9987' reason='unstable_if' action='reinterpret' compile_id='150' compiler='C2' count='1' state='intrinsic recompiled' stamp='1.552'>
Uncommon trap occurred in java.lang.ClassLoader::getClassLoadingLock (@0x0000000112cf0374) thread=9987 reason=unstable_if action=reinterpret unloaded_class_index=-1
<jvms bci='28' method='java/lang/ClassLoader getClassLoadingLock (Ljava/lang/String;)Ljava/lang/Object;' bytes='35' count='1' backedge_count='1' iicount='100' unstable_if_traps='1'/>
</uncommon_trap>
DEOPT PACKING thread 0x00007f976f80d800 Compiled frame (sp=0x0000000308d986b0 unextended sp=0x0000000308d986b0, fp=0x00000007956a27f8, real_fp=0x0000000308d986f0, pc=0x0000000112cf0374)
     nmethod   1552  150             java.lang.ClassLoader::getClassLoadingLock (35 bytes)

     Virtual frames (innermost first):
        0 - frame( sp=0x0000000308d986b0, unextended_sp=0x0000000308d986b0, fp=0x00000007956a27f8, pc=0x0000000112cf0374)
java.lang.ClassLoader.getClassLoadingLock(ClassLoader.java:458) - ifnonnull @ bci 28 
     Created vframeArray 0x00007f976f851820
DEOPT UNPACKING thread 0x00007f976f80d800 vframeArray 0x00007f976f851820 mode 2
     {method} {0x0000000119b2ce58} &apos;getClassLoadingLock&apos; &apos;(Ljava/lang/String;)Ljava/lang/Object;&apos; in &apos;java/lang/ClassLoader&apos; - ifnonnull @ bci 28 sp = 0x0000000308d98688
<uncommon_trap thread='9987' reason='class_check' action='maybe_recompile' compile_id='192' compiler='C2' stamp='1.724'>
Uncommon trap occurred in java.util.concurrent.ConcurrentHashMap::get (@0x0000000112d06c8c) thread=9987 reason=class_check action=maybe_recompile unloaded_class_index=-1
<jvms bci='1' method='java/util/concurrent/ConcurrentHashMap get (Ljava/lang/Object;)Ljava/lang/Object;' bytes='162' count='50' backedge_count='5' iicount='95'/>
</uncommon_trap>
DEOPT PACKING thread 0x00007f976f80d800 Compiled frame (sp=0x0000000308d99a70 unextended sp=0x0000000308d99a70, fp=0x00000007956655e8, real_fp=0x0000000308d99ab0, pc=0x0000000112d06c8c)
     nmethod   1724  192             java.util.concurrent.ConcurrentHashMap::get (162 bytes)

     Virtual frames (innermost first):
        0 - frame( sp=0x0000000308d99a70, unextended_sp=0x0000000308d99a70, fp=0x00000007956655e8, pc=0x0000000112d06c8c)
java.util.concurrent.ConcurrentHashMap.get(ConcurrentHashMap.java:936) - invokevirtual @ bci 1 
     Created vframeArray 0x00007f9770862220
DEOPT UNPACKING thread 0x00007f976f80d800 vframeArray 0x00007f9770862220 mode 2
     {method} {0x0000000119d0cc88} &apos;get&apos; &apos;(Ljava/lang/Object;)Ljava/lang/Object;&apos; in &apos;java/util/concurrent/ConcurrentHashMap&apos; - invokevirtual @ bci 1 sp = 0x0000000308d99a20
<uncommon_trap thread='9987' reason='unstable_if' action='reinterpret' compile_id='143' compiler='C2' stamp='1.725'>
Uncommon trap occurred in java.lang.Class::getClassLoader (@0x0000000112ce4f34) thread=9987 reason=unstable_if action=reinterpret unloaded_class_index=-1
<jvms bci='6' method='java/lang/Class getClassLoader ()Ljava/lang/ClassLoader;' bytes='28' count='50' backedge_count='1' iicount='100'/>
</uncommon_trap>
DEOPT PACKING thread 0x00007f976f80d800 Compiled frame (sp=0x0000000308d997b0 unextended sp=0x0000000308d997b0, fp=0x0000000308d99838, real_fp=0x0000000308d997e0, pc=0x0000000112ce4f34)
     nmethod   1724  143             java.lang.Class::getClassLoader (28 bytes)

     Virtual frames (innermost first):
        0 - frame( sp=0x0000000308d997b0, unextended_sp=0x0000000308d997b0, fp=0x0000000308d99838, pc=0x0000000112ce4f34)
java.lang.Class.getClassLoader(Class.java:679) - ifnonnull @ bci 6 
     Created vframeArray 0x00007f9770064a20
DEOPT UNPACKING thread 0x00007f976f80d800 vframeArray 0x00007f9770064a20 mode 2
     {method} {0x0000000119b23320} &apos;getClassLoader&apos; &apos;()Ljava/lang/ClassLoader;&apos; in &apos;java/lang/Class&apos; - ifnonnull @ bci 6 sp = 0x0000000308d99778
<uncommon_trap thread='9987' reason='unstable_if' action='reinterpret' compile_id='163' compiler='C2' count='1' state='intrinsic recompiled' stamp='1.726'>
Uncommon trap occurred in sun.invoke.util.VerifyAccess::isSamePackage (@0x0000000112cf841c) thread=9987 reason=unstable_if action=reinterpret unloaded_class_index=-1
<jvms bci='6' method='java/lang/Class getClassLoader ()Ljava/lang/ClassLoader;' bytes='28' count='1' backedge_count='1' iicount='100' decompiles='1' unstable_if_traps='1'/>
<jvms bci='40' method='sun/invoke/util/VerifyAccess isSamePackage (Ljava/lang/Class;Ljava/lang/Class;)Z' bytes='114' count='8' backedge_count='66' iicount='8'/>
</uncommon_trap>
DEOPT PACKING thread 0x00007f976f80d800 Compiled frame (sp=0x0000000308d99770 unextended sp=0x0000000308d99770, fp=0x0000000795582920, real_fp=0x0000000308d997c0, pc=0x0000000112cf841c)
     nmethod   1725  163             sun.invoke.util.VerifyAccess::isSamePackage (114 bytes)

     Virtual frames (innermost first):
        0 - frame( sp=0x0000000308d99770, unextended_sp=0x0000000308d99770, fp=0x0000000795582920, pc=0x0000000112cf841c)
java.lang.Class.getClassLoader(Class.java:679) - ifnonnull @ bci 6 
        1 - frame( sp=0x0000000308d99770, unextended_sp=0x0000000308d99770, fp=0x0000000795582920, pc=0x0000000112cf841c)
sun.invoke.util.VerifyAccess.isSamePackage(VerifyAccess.java:275) - invokevirtual @ bci 40 
     Created vframeArray 0x00007f9770067420
DEOPT UNPACKING thread 0x00007f976f80d800 vframeArray 0x00007f9770067420 mode 2
     {method} {0x0000000119e49608} &apos;isSamePackage&apos; &apos;(Ljava/lang/Class;Ljava/lang/Class;)Z&apos; in &apos;sun/invoke/util/VerifyAccess&apos; - invokevirtual @ bci 40 sp = 0x0000000308d99730
     {method} {0x0000000119b23320} &apos;getClassLoader&apos; &apos;()Ljava/lang/ClassLoader;&apos; in &apos;java/lang/Class&apos; - ifnonnull @ bci 6 sp = 0x0000000308d996d8
<uncommon_trap thread='9987' reason='loop_limit_check' action='maybe_recompile' compile_id='331' compiler='C2' stamp='2.263'>
Uncommon trap occurred in java.lang.invoke.LambdaForm::shortenSignature (@0x0000000112d52540) thread=9987 reason=loop_limit_check action=maybe_recompile unloaded_class_index=-1
<jvms bci='97' method='java/lang/invoke/LambdaForm shortenSignature (Ljava/lang/String;)Ljava/lang/String;' bytes='166' count='17' backedge_count='60' iicount='17'/>
</uncommon_trap>
DEOPT PACKING thread 0x00007f976f80d800 Compiled frame (sp=0x0000000308d97b60 unextended sp=0x0000000308d97b60, fp=0x0000000795790f88, real_fp=0x0000000308d97be0, pc=0x0000000112d52540)
     nmethod   2262  331             java.lang.invoke.LambdaForm::shortenSignature (166 bytes)

     Virtual frames (innermost first):
        0 - frame( sp=0x0000000308d97b60, unextended_sp=0x0000000308d97b60, fp=0x0000000795790f88, pc=0x0000000112d52540)
java.lang.invoke.LambdaForm.shortenSignature(LambdaForm.java:1360) - aload @ bci 97 
     Created vframeArray 0x00007f976e84b620
DEOPT UNPACKING thread 0x00007f976f80d800 vframeArray 0x00007f976e84b620 mode 2
     {method} {0x0000000119b8d5d8} &apos;shortenSignature&apos; &apos;(Ljava/lang/String;)Ljava/lang/String;&apos; in &apos;java/lang/invoke/LambdaForm&apos; - aload @ bci 97 sp = 0x0000000308d97b48
<uncommon_trap thread='9987' reason='unstable_if' action='reinterpret' compile_id='306' compiler='C2' stamp='2.299'>
Uncommon trap occurred in jdk.internal.org.objectweb.asm.ByteVector::enlarge (@0x0000000112d41e40) thread=9987 reason=unstable_if action=reinterpret unloaded_class_index=-1
<jvms bci='17' method='jdk/internal/org/objectweb/asm/ByteVector enlarge (I)V' bytes='51' count='51' backedge_count='1' iicount='101'/>
</uncommon_trap>
DEOPT PACKING thread 0x00007f976f80d800 Compiled frame (sp=0x0000000308d974f0 unextended sp=0x0000000308d974f0, fp=0x000000079579b930, real_fp=0x0000000308d97530, pc=0x0000000112d41e40)
     nmethod   2298  306             jdk.internal.org.objectweb.asm.ByteVector::enlarge (51 bytes)

     Virtual frames (innermost first):
        0 - frame( sp=0x0000000308d974f0, unextended_sp=0x0000000308d974f0, fp=0x000000079579b930, pc=0x0000000112d41e40)
jdk.internal.org.objectweb.asm.ByteVector.enlarge(ByteVector.java:364) - if_icmple @ bci 17 
     Created vframeArray 0x00007f9770067420
DEOPT UNPACKING thread 0x00007f976f80d800 vframeArray 0x00007f9770067420 mode 2
     {method} {0x0000000119e8b200} &apos;enlarge&apos; &apos;(I)V&apos; in &apos;jdk/internal/org/objectweb/asm/ByteVector&apos; - if_icmple @ bci 17 sp = 0x0000000308d974a8
<uncommon_trap thread='9987' reason='unstable_if' action='reinterpret' compile_id='187' compiler='C2' stamp='2.299'>
Uncommon trap occurred in jdk.internal.org.objectweb.asm.ByteVector::putByte (@0x0000000112d03108) thread=9987 reason=unstable_if action=reinterpret unloaded_class_index=-1
<jvms bci='13' method='jdk/internal/org/objectweb/asm/ByteVector putByte (I)Ljdk/internal/org/objectweb/asm/ByteVector;' bytes='39' count='50' backedge_count='1' iicount='100'/>
</uncommon_trap>
DEOPT PACKING thread 0x00007f976f80d800 Compiled frame (sp=0x0000000308d97680 unextended sp=0x0000000308d97680, fp=0x000000079579b930, real_fp=0x0000000308d976c0, pc=0x0000000112d03108)
     nmethod   2299  187             jdk.internal.org.objectweb.asm.ByteVector::putByte (39 bytes)

     Virtual frames (innermost first):
        0 - frame( sp=0x0000000308d97680, unextended_sp=0x0000000308d97680, fp=0x000000079579b930, pc=0x0000000112d03108)
jdk.internal.org.objectweb.asm.ByteVector.putByte(ByteVector.java:108) - if_icmple @ bci 13 
     Created vframeArray 0x00007f976e84b620
DEOPT UNPACKING thread 0x00007f976f80d800 vframeArray 0x00007f976e84b620 mode 2
     {method} {0x0000000119e8a5a8} &apos;putByte&apos; &apos;(I)Ljdk/internal/org/objectweb/asm/ByteVector;&apos; in &apos;jdk/internal/org/objectweb/asm/ByteVector&apos; - if_icmple @ bci 13 sp = 0x0000000308d97648
<uncommon_trap thread='9987' reason='loop_limit_check' action='maybe_recompile' compile_id='353' compiler='C2' stamp='2.339'>
Uncommon trap occurred in java.lang.invoke.LambdaForm$Name::useCount (@0x0000000112d5498c) thread=9987 reason=loop_limit_check action=maybe_recompile unloaded_class_index=-1
<jvms bci='24' method='java/lang/invoke/LambdaForm$Name useCount (Ljava/lang/invoke/LambdaForm$Name;)I' bytes='42' count='27' backedge_count='51' iicount='27'/>
</uncommon_trap>
DEOPT PACKING thread 0x00007f976f80d800 Compiled frame (sp=0x0000000308d979b0 unextended sp=0x0000000308d979b0, fp=0x000000079579a948, real_fp=0x0000000308d979f0, pc=0x0000000112d5498c)
     nmethod   2338  353             java.lang.invoke.LambdaForm$Name::useCount (42 bytes)

     Virtual frames (innermost first):
        0 - frame( sp=0x0000000308d979b0, unextended_sp=0x0000000308d979b0, fp=0x000000079579a948, pc=0x0000000112d5498c)
java.lang.invoke.LambdaForm$Name.useCount(LambdaForm.java:1582) - fast_aaccess_0 @ bci 24 
     Created vframeArray 0x00007f977086d020
DEOPT UNPACKING thread 0x00007f976f80d800 vframeArray 0x00007f977086d020 mode 2
     {method} {0x0000000119e5bcb8} &apos;useCount&apos; &apos;(Ljava/lang/invoke/LambdaForm$Name;)I&apos; in &apos;java/lang/invoke/LambdaForm$Name&apos; - aload_0 @ bci 24 sp = 0x0000000308d97990
<uncommon_trap thread='9987' reason='unstable_if' action='reinterpret' compile_id='272' compiler='C2' stamp='2.459'>
Uncommon trap occurred in java.lang.invoke.LambdaForm::argument (@0x0000000112d2f91c) thread=9987 reason=unstable_if action=reinterpret unloaded_class_index=-1
<jvms bci='3' method='java/lang/invoke/LambdaForm argument (ILjava/lang/invoke/LambdaForm$BasicType;)Ljava/lang/invoke/LambdaForm$Name;' bytes='27' count='50' backedge_count='1' iicount='100'/>
</uncommon_trap>
DEOPT PACKING thread 0x00007f976f80d800 Compiled frame (sp=0x0000000308d97850 unextended sp=0x0000000308d97850, fp=0x00000007957c0130, real_fp=0x0000000308d97880, pc=0x0000000112d2f91c)
     nmethod   2458  272             java.lang.invoke.LambdaForm::argument (27 bytes)

     Virtual frames (innermost first):
        0 - frame( sp=0x0000000308d97850, unextended_sp=0x0000000308d97850, fp=0x00000007957c0130, pc=0x0000000112d2f91c)
java.lang.invoke.LambdaForm.argument(LambdaForm.java:1647) - if_icmplt @ bci 3 
     Created vframeArray 0x00007f977086f220
DEOPT UNPACKING thread 0x00007f976f80d800 vframeArray 0x00007f977086f220 mode 2
     {method} {0x0000000119b8da10} &apos;argument&apos; &apos;(ILjava/lang/invoke/LambdaForm$BasicType;)Ljava/lang/invoke/LambdaForm$Name;&apos; in &apos;java/lang/invoke/LambdaForm&apos; - if_icmplt @ bci 3 sp = 0x0000000308d97810
<uncommon_trap thread='9987' reason='unstable_if' action='reinterpret' compile_id='258' compiler='C2' stamp='2.472'>
Uncommon trap occurred in jdk.internal.org.objectweb.asm.Frame::push (@0x0000000112cfc970) thread=9987 reason=unstable_if action=reinterpret unloaded_class_index=-1
<jvms bci='26' method='jdk/internal/org/objectweb/asm/Frame push (I)V' bytes='110' count='52' backedge_count='1' iicount='102'/>
</uncommon_trap>
DEOPT PACKING thread 0x00007f976f80d800 Compiled frame (sp=0x0000000308d97540 unextended sp=0x0000000308d97540, fp=0x000000000000000a, real_fp=0x0000000308d97580, pc=0x0000000112cfc970)
     nmethod   2472  258             jdk.internal.org.objectweb.asm.Frame::push (110 bytes)

     Virtual frames (innermost first):
        0 - frame( sp=0x0000000308d97540, unextended_sp=0x0000000308d97540, fp=0x000000000000000a, pc=0x0000000112cfc970)
jdk.internal.org.objectweb.asm.Frame.push(Frame.java:610) - if_icmplt @ bci 26 
     Created vframeArray 0x00007f977086d020
DEOPT UNPACKING thread 0x00007f976f80d800 vframeArray 0x00007f977086d020 mode 2
     {method} {0x0000000119e9fdd0} &apos;push&apos; &apos;(I)V&apos; in &apos;jdk/internal/org/objectweb/asm/Frame&apos; - if_icmplt @ bci 26 sp = 0x0000000308d97500
<uncommon_trap thread='9987' reason='unstable_if' action='reinterpret' compile_id='368' compiler='C2' stamp='2.490'>
Uncommon trap occurred in java.lang.invoke.MemberName$Factory::resolveOrFail (@0x0000000112d69d7c) thread=9987 reason=unstable_if action=reinterpret unloaded_class_index=-1
<jvms bci='4' method='java/lang/invoke/MemberName isResolved ()Z' bytes='13' count='50' backedge_count='1' iicount='100'/>
<jvms bci='11' method='java/lang/invoke/MemberName$Factory resolveOrFail (BLjava/lang/invoke/MemberName;Ljava/lang/Class;Ljava/lang/Class;)Ljava/lang/invoke/MemberName;' bytes='52' count='50' backedge_count='1' iicount='100'/>
</uncommon_trap>
DEOPT PACKING thread 0x00007f976f80d800 Compiled frame (sp=0x0000000308d97ea0 unextended sp=0x0000000308d97ea0, fp=0x00000000f2afad50, real_fp=0x0000000308d97ed0, pc=0x0000000112d69d7c)
     nmethod   2489  368             java.lang.invoke.MemberName$Factory::resolveOrFail (52 bytes)

     Virtual frames (innermost first):
        0 - frame( sp=0x0000000308d97ea0, unextended_sp=0x0000000308d97ea0, fp=0x00000000f2afad50, pc=0x0000000112d69d7c)
java.lang.invoke.MemberName.isResolved(MemberName.java:774) - ifnonnull @ bci 4 
        1 - frame( sp=0x0000000308d97ea0, unextended_sp=0x0000000308d97ea0, fp=0x00000000f2afad50, pc=0x0000000112d69d7c)
java.lang.invoke.MemberName$Factory.resolveOrFail(MemberName.java:1001) - invokevirtual @ bci 11 
     Created vframeArray 0x00007f976e84e620
DEOPT UNPACKING thread 0x00007f976f80d800 vframeArray 0x00007f976e84e620 mode 2
     {method} {0x0000000119d53e90} &apos;resolveOrFail&apos; &apos;(BLjava/lang/invoke/MemberName;Ljava/lang/Class;Ljava/lang/Class;)Ljava/lang/invoke/MemberName;&apos; in &apos;java/lang/invoke/MemberName$Factory&apos; - invokevirtual @ bci 11 sp = 0x0000000308d97e68
     {method} {0x0000000119b81758} &apos;isResolved&apos; &apos;()Z&apos; in &apos;java/lang/invoke/MemberName&apos; - ifnonnull @ bci 4 sp = 0x0000000308d97e10
<uncommon_trap thread='9987' reason='unstable_if' action='reinterpret' compile_id='244' compiler='C2' count='1' state='intrinsic recompiled' stamp='2.490'>
Uncommon trap occurred in java.lang.invoke.MemberName::isResolved (@0x0000000112d24ff4) thread=9987 reason=unstable_if action=reinterpret unloaded_class_index=-1
<jvms bci='4' method='java/lang/invoke/MemberName isResolved ()Z' bytes='13' count='1' backedge_count='1' iicount='100' unstable_if_traps='1'/>
</uncommon_trap>
DEOPT PACKING thread 0x00007f976f80d800 Compiled frame (sp=0x0000000308d97d70 unextended sp=0x0000000308d97d70, fp=0x00000000f2afad50, real_fp=0x0000000308d97d90, pc=0x0000000112d24ff4)
     nmethod   2490  244             java.lang.invoke.MemberName::isResolved (13 bytes)

     Virtual frames (innermost first):
        0 - frame( sp=0x0000000308d97d70, unextended_sp=0x0000000308d97d70, fp=0x00000000f2afad50, pc=0x0000000112d24ff4)
java.lang.invoke.MemberName.isResolved(MemberName.java:774) - ifnonnull @ bci 4 
     Created vframeArray 0x00007f9770067420
DEOPT UNPACKING thread 0x00007f976f80d800 vframeArray 0x00007f9770067420 mode 2
     {method} {0x0000000119b81758} &apos;isResolved&apos; &apos;()Z&apos; in &apos;java/lang/invoke/MemberName&apos; - ifnonnull @ bci 4 sp = 0x0000000308d97d38
<uncommon_trap thread='9987' reason='unstable_if' action='reinterpret' compile_id='391' compiler='C2' stamp='2.492'>
Uncommon trap occurred in java.lang.Class::getSimpleName (@0x0000000112d7182c) thread=9987 reason=unstable_if action=reinterpret unloaded_class_index=-1
<jvms bci='4' method='java/lang/Class getSimpleName ()Ljava/lang/String;' bytes='120' count='50' backedge_count='1' iicount='100'/>
</uncommon_trap>
DEOPT PACKING thread 0x00007f976f80d800 Compiled frame (sp=0x0000000308d97c00 unextended sp=0x0000000308d97c00, fp=0x0000000795584090, real_fp=0x0000000308d97c50, pc=0x0000000112d7182c)
     nmethod   2492  391             java.lang.Class::getSimpleName (120 bytes)

     Virtual frames (innermost first):
        0 - frame( sp=0x0000000308d97c00, unextended_sp=0x0000000308d97c00, fp=0x0000000795584090, pc=0x0000000112d7182c)
java.lang.Class.getSimpleName(Class.java:1306) - ifeq @ bci 4 
     Created vframeArray 0x00007f976e84e620
DEOPT UNPACKING thread 0x00007f976f80d800 vframeArray 0x00007f976e84e620 mode 2
     {method} {0x0000000119b24770} &apos;getSimpleName&apos; &apos;()Ljava/lang/String;&apos; in &apos;java/lang/Class&apos; - ifeq @ bci 4 sp = 0x0000000308d97be0
<uncommon_trap thread='9987' reason='null_check' action='make_not_entrant' compile_id='230' compiler='C2' stamp='2.497'>
Uncommon trap occurred in java.util.ArrayList::add (@0x0000000112d1c568) thread=9987 reason=null_check action=make_not_entrant unloaded_class_index=-1
<jvms bci='26' method='java/util/ArrayList add (Ljava/lang/Object;)Z' bytes='29' count='50' backedge_count='1' iicount='100'/>
</uncommon_trap>
DEOPT PACKING thread 0x00007f976f80d800 Compiled frame (sp=0x0000000308d98030 unextended sp=0x0000000308d98030, fp=0x00000000f2afb008, real_fp=0x0000000308d98060, pc=0x0000000112d1c568)
     nmethod   2496  230             java.util.ArrayList::add (29 bytes)

     Virtual frames (innermost first):
        0 - frame( sp=0x0000000308d98030, unextended_sp=0x0000000308d98030, fp=0x00000000f2afb008, pc=0x0000000112d1c568)
java.util.ArrayList.add(ArrayList.java:465) - aastore @ bci 26 
     Created vframeArray 0x00007f977086d020
DEOPT UNPACKING thread 0x00007f976f80d800 vframeArray 0x00007f977086d020 mode 2
     {method} {0x0000000119c0b970} &apos;add&apos; &apos;(Ljava/lang/Object;)Z&apos; in &apos;java/util/ArrayList&apos; - aastore @ bci 26 sp = 0x0000000308d97ff8
<uncommon_trap thread='9987' reason='bimorphic' action='maybe_recompile' compile_id='359' compiler='C2' stamp='2.535'>
Uncommon trap occurred in java.lang.invoke.InvokerBytecodeGenerator::generateCustomizedCodeBytes (@0x0000000112d64d04) thread=9987 reason=bimorphic action=maybe_recompile unloaded_class_index=-1
<jvms bci='17' method='java/lang/invoke/LambdaForm$NamedFunction intrinsicName ()Ljava/lang/invoke/MethodHandleImpl$Intrinsic;' bytes='21' count='64' iicount='64'/>
<jvms bci='180' method='java/lang/invoke/InvokerBytecodeGenerator generateCustomizedCodeBytes ()[B' bytes='604' count='40' backedge_count='52' iicount='40'/>
</uncommon_trap>
DEOPT PACKING thread 0x00007f976f80d800 Compiled frame (sp=0x0000000308d979f0 unextended sp=0x0000000308d979f0, fp=0x00000000f2aee7c5, real_fp=0x0000000308d97a60, pc=0x0000000112d64d04)
     nmethod   2535  359             java.lang.invoke.InvokerBytecodeGenerator::generateCustomizedCodeBytes (604 bytes)

     Virtual frames (innermost first):
        0 - frame( sp=0x0000000308d979f0, unextended_sp=0x0000000308d979f0, fp=0x00000000f2aee7c5, pc=0x0000000112d64d04)
java.lang.invoke.LambdaForm$NamedFunction.intrinsicName(LambdaForm.java:1328) - invokevirtual @ bci 17 
        1 - frame( sp=0x0000000308d979f0, unextended_sp=0x0000000308d979f0, fp=0x00000000f2aee7c5, pc=0x0000000112d64d04)
java.lang.invoke.InvokerBytecodeGenerator.generateCustomizedCodeBytes(InvokerBytecodeGenerator.java:668) - invokevirtual @ bci 180 
     Created vframeArray 0x00007f977086ec20
DEOPT UNPACKING thread 0x00007f976f80d800 vframeArray 0x00007f977086ec20 mode 2
     {method} {0x0000000119e7ca70} &apos;generateCustomizedCodeBytes&apos; &apos;()[B&apos; in &apos;java/lang/invoke/InvokerBytecodeGenerator&apos; - invokevirtual @ bci 180 sp = 0x0000000308d979e0
     {method} {0x0000000119e60ae8} &apos;intrinsicName&apos; &apos;()Ljava/lang/invoke/MethodHandleImpl$Intrinsic;&apos; in &apos;java/lang/invoke/LambdaForm$NamedFunction&apos; - invokevirtual @ bci 17 sp = 0x0000000308d97988
<uncommon_trap thread='9987' reason='unstable_if' action='reinterpret' compile_id='365' compiler='C2' stamp='2.594'>
Uncommon trap occurred in java.lang.invoke.InvokerBytecodeGenerator::getInternalName (@0x0000000112d60510) thread=9987 reason=unstable_if action=reinterpret unloaded_class_index=-1
<jvms bci='12' method='java/lang/invoke/InvokerBytecodeGenerator getInternalName (Ljava/lang/Class;)Ljava/lang/String;' bytes='75' count='50' backedge_count='1' iicount='100'/>
</uncommon_trap>
DEOPT PACKING thread 0x00007f976f80d800 Compiled frame (sp=0x0000000308d978b0 unextended sp=0x0000000308d978b0, fp=0x0000000308d97930, real_fp=0x0000000308d978e0, pc=0x0000000112d60510)
     nmethod   2594  365             java.lang.invoke.InvokerBytecodeGenerator::getInternalName (75 bytes)

     Virtual frames (innermost first):
        0 - frame( sp=0x0000000308d978b0, unextended_sp=0x0000000308d978b0, fp=0x0000000308d97930, pc=0x0000000112d60510)
java.lang.invoke.InvokerBytecodeGenerator.getInternalName(InvokerBytecodeGenerator.java:606) - if_acmpne @ bci 12 
     Created vframeArray 0x00007f977086d020
DEOPT UNPACKING thread 0x00007f976f80d800 vframeArray 0x00007f977086d020 mode 2
     {method} {0x0000000119e7c510} &apos;getInternalName&apos; &apos;(Ljava/lang/Class;)Ljava/lang/String;&apos; in &apos;java/lang/invoke/InvokerBytecodeGenerator&apos; - if_acmpne @ bci 12 sp = 0x0000000308d97880
<uncommon_trap thread='9987' reason='loop_limit_check' action='maybe_recompile' compile_id='429' compiler='C2' stamp='2.607'>
Uncommon trap occurred in java.lang.invoke.LambdaForm::useCount (@0x0000000112d7e5ac) thread=9987 reason=loop_limit_check action=maybe_recompile unloaded_class_index=-1
<jvms bci='74' method='java/lang/invoke/LambdaForm useCount (Ljava/lang/invoke/LambdaForm$Name;)I' bytes='99' count='50' backedge_count='51' iicount='50'/>
</uncommon_trap>
DEOPT PACKING thread 0x00007f976f80d800 Compiled frame (sp=0x0000000308d97760 unextended sp=0x0000000308d97760, fp=0x0000000000000000, real_fp=0x0000000308d977a0, pc=0x0000000112d7e5ac)
     nmethod   2606  429             java.lang.invoke.LambdaForm::useCount (99 bytes)

     Virtual frames (innermost first):
        0 - frame( sp=0x0000000308d97760, unextended_sp=0x0000000308d97760, fp=0x0000000000000000, pc=0x0000000112d7e5ac)
java.lang.invoke.LambdaForm.useCount(LambdaForm.java:1638) - fast_iload @ bci 74 
     Created vframeArray 0x00007f976e84ee20
DEOPT UNPACKING thread 0x00007f976f80d800 vframeArray 0x00007f976e84ee20 mode 2
     {method} {0x0000000119b8d878} &apos;useCount&apos; &apos;(Ljava/lang/invoke/LambdaForm$Name;)I&apos; in &apos;java/lang/invoke/LambdaForm&apos; - iload @ bci 74 sp = 0x0000000308d97720
<uncommon_trap thread='9987' reason='bimorphic' action='maybe_recompile' compile_id='359' compiler='C2' count='1' state='#7' stamp='2.621'>
Uncommon trap occurred in java.lang.invoke.InvokerBytecodeGenerator::generateCustomizedCodeBytes (@0x0000000112d64d04) thread=9987 reason=bimorphic action=maybe_recompile unloaded_class_index=-1
<jvms bci='17' method='java/lang/invoke/LambdaForm$NamedFunction intrinsicName ()Ljava/lang/invoke/MethodHandleImpl$Intrinsic;' bytes='21' count='66' iicount='66' bimorphic_traps='1'/>
<jvms bci='180' method='java/lang/invoke/InvokerBytecodeGenerator generateCustomizedCodeBytes ()[B' bytes='604' count='40' backedge_count='55' iicount='40'/>
</uncommon_trap>
DEOPT PACKING thread 0x00007f976f80d800 Compiled frame (sp=0x0000000308d98a30 unextended sp=0x0000000308d98a30, fp=0x00000000f2aee7c5, real_fp=0x0000000308d98aa0, pc=0x0000000112d64d04)
     nmethod   2621  359             java.lang.invoke.InvokerBytecodeGenerator::generateCustomizedCodeBytes (604 bytes)

     Virtual frames (innermost first):
        0 - frame( sp=0x0000000308d98a30, unextended_sp=0x0000000308d98a30, fp=0x00000000f2aee7c5, pc=0x0000000112d64d04)
java.lang.invoke.LambdaForm$NamedFunction.intrinsicName(LambdaForm.java:1328) - invokevirtual @ bci 17 
        1 - frame( sp=0x0000000308d98a30, unextended_sp=0x0000000308d98a30, fp=0x00000000f2aee7c5, pc=0x0000000112d64d04)
java.lang.invoke.InvokerBytecodeGenerator.generateCustomizedCodeBytes(InvokerBytecodeGenerator.java:668) - invokevirtual @ bci 180 
     Created vframeArray 0x00007f976f84ac20
DEOPT UNPACKING thread 0x00007f976f80d800 vframeArray 0x00007f976f84ac20 mode 2
     {method} {0x0000000119e7ca70} &apos;generateCustomizedCodeBytes&apos; &apos;()[B&apos; in &apos;java/lang/invoke/InvokerBytecodeGenerator&apos; - invokevirtual @ bci 180 sp = 0x0000000308d98a20
     {method} {0x0000000119e60ae8} &apos;intrinsicName&apos; &apos;()Ljava/lang/invoke/MethodHandleImpl$Intrinsic;&apos; in &apos;java/lang/invoke/LambdaForm$NamedFunction&apos; - invokevirtual @ bci 17 sp = 0x0000000308d989c8
<uncommon_trap thread='9987' reason='unstable_if' action='reinterpret' compile_id='432' compiler='C2' stamp='2.640'>
Uncommon trap occurred in jdk.internal.org.objectweb.asm.Frame::pop (@0x0000000112d7f024) thread=9987 reason=unstable_if action=reinterpret unloaded_class_index=-1
<jvms bci='9' method='jdk/internal/org/objectweb/asm/Frame pop (Ljava/lang/String;)V' bytes='53' count='51' backedge_count='1' iicount='101'/>
</uncommon_trap>
DEOPT PACKING thread 0x00007f976f80d800 Compiled frame (sp=0x0000000308d98eb0 unextended sp=0x0000000308d98eb0, fp=0x000000000000004c, real_fp=0x0000000308d98ef0, pc=0x0000000112d7f024)
     nmethod   2640  432             jdk.internal.org.objectweb.asm.Frame::pop (53 bytes)

     Virtual frames (innermost first):
        0 - frame( sp=0x0000000308d98eb0, unextended_sp=0x0000000308d98eb0, fp=0x000000000000004c, pc=0x0000000112d7f024)
jdk.internal.org.objectweb.asm.Frame.pop(Frame.java:760) - if_icmpne @ bci 9 
     Created vframeArray 0x00007f9770068020
DEOPT UNPACKING thread 0x00007f976f80d800 vframeArray 0x00007f9770068020 mode 2
     {method} {0x0000000119ea04a0} &apos;pop&apos; &apos;(Ljava/lang/String;)V&apos; in &apos;jdk/internal/org/objectweb/asm/Frame&apos; - if_icmpne @ bci 9 sp = 0x0000000308d98e78
<uncommon_trap thread='9987' reason='unstable_if' action='reinterpret' compile_id='197' compiler='C2' stamp='2.641'>
Uncommon trap occurred in jdk.internal.org.objectweb.asm.ByteVector::put12 (@0x0000000112d0c964) thread=9987 reason=unstable_if action=reinterpret unloaded_class_index=-1
<jvms bci='13' method='jdk/internal/org/objectweb/asm/ByteVector put12 (II)Ljdk/internal/org/objectweb/asm/ByteVector;' bytes='64' count='50' backedge_count='1' iicount='100'/>
</uncommon_trap>
DEOPT PACKING thread 0x00007f976f80d800 Compiled frame (sp=0x0000000308d98e50 unextended sp=0x0000000308d98e50, fp=0x0000000000000200, real_fp=0x0000000308d98e90, pc=0x0000000112d0c964)
     nmethod   2640  197             jdk.internal.org.objectweb.asm.ByteVector::put12 (64 bytes)

     Virtual frames (innermost first):
        0 - frame( sp=0x0000000308d98e50, unextended_sp=0x0000000308d98e50, fp=0x0000000000000200, pc=0x0000000112d0c964)
jdk.internal.org.objectweb.asm.ByteVector.put12(ByteVector.java:170) - if_icmple @ bci 13 
     Created vframeArray 0x00007f977086d020
DEOPT UNPACKING thread 0x00007f976f80d800 vframeArray 0x00007f977086d020 mode 2
     {method} {0x0000000119e8a8f8} &apos;put12&apos; &apos;(II)Ljdk/internal/org/objectweb/asm/ByteVector;&apos; in &apos;jdk/internal/org/objectweb/asm/ByteVector&apos; - if_icmple @ bci 13 sp = 0x0000000308d98e08
<uncommon_trap thread='9987' reason='unstable_if' action='reinterpret' compile_id='431' compiler='C2' stamp='2.643'>
Uncommon trap occurred in jdk.internal.org.objectweb.asm.ClassWriter::newMethodItem (@0x0000000112d7f8a8) thread=9987 reason=unstable_if action=reinterpret unloaded_class_index=-1
<jvms bci='38' method='jdk/internal/org/objectweb/asm/ClassWriter newMethodItem (Ljava/lang/String;Ljava/lang/String;Ljava/lang/String;Z)Ljdk/internal/org/objectweb/asm/Item;' bytes='91' count='50' backedge_count='1' iicount='100'/>
</uncommon_trap>
DEOPT PACKING thread 0x00007f976f80d800 Compiled frame (sp=0x0000000308d98f30 unextended sp=0x0000000308d98f30, fp=0x0000000795810260, real_fp=0x0000000308d98f80, pc=0x0000000112d7f8a8)
     nmethod   2643  431             jdk.internal.org.objectweb.asm.ClassWriter::newMethodItem (91 bytes)

     Virtual frames (innermost first):
        0 - frame( sp=0x0000000308d98f30, unextended_sp=0x0000000308d98f30, fp=0x0000000795810260, pc=0x0000000112d7f8a8)
jdk.internal.org.objectweb.asm.ClassWriter.newMethodItem(ClassWriter.java:1435) - ifnonnull @ bci 38 
     Created vframeArray 0x00007f977086f820
DEOPT UNPACKING thread 0x00007f976f80d800 vframeArray 0x00007f977086f820 mode 2
     {method} {0x0000000119e86380} &apos;newMethodItem&apos; &apos;(Ljava/lang/String;Ljava/lang/String;Ljava/lang/String;Z)Ljdk/internal/org/objectweb/asm/Item;&apos; in &apos;jdk/internal/org/objectweb/asm/ClassWriter&apos; - ifnonnull @ bci 38 sp = 0x0000000308d98ef0
<uncommon_trap thread='9987' reason='null_assert' action='make_not_entrant' compile_id='337' compiler='C2' stamp='2.647'>
Uncommon trap occurred in jdk.internal.org.objectweb.asm.ClassWriter::toByteArray (@0x0000000112d5aa50) thread=9987 reason=null_assert action=make_not_entrant unloaded_class_index=-1
<jvms bci='35' method='jdk/internal/org/objectweb/asm/ClassWriter toByteArray ()[B' bytes='1289' count='34' backedge_count='52' iicount='34'/>
</uncommon_trap>
DEOPT PACKING thread 0x00007f976f80d800 Compiled frame (sp=0x0000000308d98f80 unextended sp=0x0000000308d98f80, fp=0x0000000795810260, real_fp=0x0000000308d98fe0, pc=0x0000000112d5aa50)
     nmethod   2647  337             jdk.internal.org.objectweb.asm.ClassWriter::toByteArray (1289 bytes)

     Virtual frames (innermost first):
        0 - frame( sp=0x0000000308d98f80, unextended_sp=0x0000000308d98f80, fp=0x0000000795810260, pc=0x0000000112d5aa50)
jdk.internal.org.objectweb.asm.ClassWriter.toByteArray(ClassWriter.java:846) - astore_3 @ bci 35 
     Created vframeArray 0x00007f976e84ee20
DEOPT UNPACKING thread 0x00007f976f80d800 vframeArray 0x00007f976e84ee20 mode 2
     {method} {0x0000000119e851b0} &apos;toByteArray&apos; &apos;()[B&apos; in &apos;jdk/internal/org/objectweb/asm/ClassWriter&apos; - astore_3 @ bci 35 sp = 0x0000000308d98f40
<uncommon_trap thread='9987' reason='unstable_if' action='reinterpret' compile_id='372' compiler='C2' stamp='2.651'>
Uncommon trap occurred in java.lang.invoke.MemberName::checkForTypeAlias (@0x0000000112d62fe8) thread=9987 reason=unstable_if action=reinterpret unloaded_class_index=-1
<jvms bci='4' method='java/lang/invoke/MemberName checkForTypeAlias (Ljava/lang/Class;)V' bytes='168' count='50' backedge_count='1' iicount='100'/>
</uncommon_trap>
DEOPT PACKING thread 0x00007f976f80d800 Compiled frame (sp=0x0000000308d98f30 unextended sp=0x0000000308d98f30, fp=0x0000000000000000, real_fp=0x0000000308d98f60, pc=0x0000000112d62fe8)
     nmethod   2650  372             java.lang.invoke.MemberName::checkForTypeAlias (168 bytes)

     Virtual frames (innermost first):
        0 - frame( sp=0x0000000308d98f30, unextended_sp=0x0000000308d98f30, fp=0x0000000000000000, pc=0x0000000112d62fe8)
java.lang.invoke.MemberName.checkForTypeAlias(MemberName.java:785) - ifeq @ bci 4 
     Created vframeArray 0x00007f976e84f620
DEOPT UNPACKING thread 0x00007f976f80d800 vframeArray 0x00007f976e84f620 mode 2
     {method} {0x0000000119b819e8} &apos;checkForTypeAlias&apos; &apos;(Ljava/lang/Class;)V&apos; in &apos;java/lang/invoke/MemberName&apos; - ifeq @ bci 4 sp = 0x0000000308d98ef0
<dependency_failed type='abstract_with_unique_concrete_subtype' ctxk='java/util/HashMap$HashIterator' x='java/util/HashMap$ValueIterator' witness='java/util/HashMap$EntryIterator' stamp='2.653'/>
<uncommon_trap thread='9987' reason='class_check' action='maybe_recompile' compile_id='193' compiler='C2' stamp='2.654'>
Uncommon trap occurred in java.util.Arrays::equals (@0x0000000112d0622c) thread=9987 reason=class_check action=maybe_recompile unloaded_class_index=-1
<jvms bci='62' method='java/util/Arrays equals ([Ljava/lang/Object;[Ljava/lang/Object;)Z' bytes='78' count='34' backedge_count='52' iicount='34'/>
</uncommon_trap>
DEOPT PACKING thread 0x00007f976f80d800 Compiled frame (sp=0x0000000308d994e0 unextended sp=0x0000000308d994e0, fp=0x00000007957f0528, real_fp=0x0000000308d99520, pc=0x0000000112d0622c)
     nmethod   2653  193             java.util.Arrays::equals (78 bytes)

     Virtual frames (innermost first):
        0 - frame( sp=0x0000000308d994e0, unextended_sp=0x0000000308d994e0, fp=0x00000007957f0528, pc=0x0000000112d0622c)
java.util.Arrays.equals(Arrays.java:2829) - invokevirtual @ bci 62 
     Created vframeArray 0x00007f976e84ee20
DEOPT UNPACKING thread 0x00007f976f80d800 vframeArray 0x00007f976e84ee20 mode 2
     {method} {0x0000000119c61de0} &apos;equals&apos; &apos;([Ljava/lang/Object;[Ljava/lang/Object;)Z&apos; in &apos;java/util/Arrays&apos; - invokevirtual @ bci 62 sp = 0x0000000308d994a0
<uncommon_trap thread='9987' reason='unstable_if' action='reinterpret' compile_id='249' compiler='C2' stamp='2.654'>
Uncommon trap occurred in java.lang.invoke.LambdaForm::normalize (@0x0000000112d2575c) thread=9987 reason=unstable_if action=reinterpret unloaded_class_index=-1
<jvms bci='35' method='java/lang/invoke/LambdaForm normalize ()I' bytes='322' count='19' backedge_count='66' iicount='19'/>
</uncommon_trap>
DEOPT PACKING thread 0x00007f976f80d800 Compiled frame (sp=0x0000000308d99380 unextended sp=0x0000000308d99380, fp=0x0000000795820ae0, real_fp=0x0000000308d993d0, pc=0x0000000112d2575c)
     nmethod   2654  249             java.lang.invoke.LambdaForm::normalize (322 bytes)

     Virtual frames (innermost first):
        0 - frame( sp=0x0000000308d99380, unextended_sp=0x0000000308d99380, fp=0x0000000795820ae0, pc=0x0000000112d2575c)
java.lang.invoke.LambdaForm.normalize(LambdaForm.java:412) - ifne @ bci 35 
     Created vframeArray 0x00007f977086f820
DEOPT UNPACKING thread 0x00007f976f80d800 vframeArray 0x00007f977086f820 mode 2
     {method} {0x0000000119b89d08} &apos;normalize&apos; &apos;()I&apos; in &apos;java/lang/invoke/LambdaForm&apos; - ifne @ bci 35 sp = 0x0000000308d99338
<uncommon_trap thread='9987' reason='class_check' action='maybe_recompile' compile_id='193' compiler='C2' count='1' state='class_check' stamp='2.722'>
Uncommon trap occurred in java.util.Arrays::equals (@0x0000000112d0622c) thread=9987 reason=class_check action=maybe_recompile unloaded_class_index=-1
<jvms bci='62' method='java/util/Arrays equals ([Ljava/lang/Object;[Ljava/lang/Object;)Z' bytes='78' count='34' backedge_count='53' iicount='34' class_check_traps='1'/>
</uncommon_trap>
DEOPT PACKING thread 0x00007f976f80d800 Compiled frame (sp=0x0000000308d995b0 unextended sp=0x0000000308d995b0, fp=0x000000079580cbe0, real_fp=0x0000000308d995f0, pc=0x0000000112d0622c)
     nmethod   2722  193             java.util.Arrays::equals (78 bytes)

     Virtual frames (innermost first):
        0 - frame( sp=0x0000000308d995b0, unextended_sp=0x0000000308d995b0, fp=0x000000079580cbe0, pc=0x0000000112d0622c)
java.util.Arrays.equals(Arrays.java:2829) - invokevirtual @ bci 62 
     Created vframeArray 0x00007f976e84ee20
DEOPT UNPACKING thread 0x00007f976f80d800 vframeArray 0x00007f976e84ee20 mode 2
     {method} {0x0000000119c61de0} &apos;equals&apos; &apos;([Ljava/lang/Object;[Ljava/lang/Object;)Z&apos; in &apos;java/util/Arrays&apos; - invokevirtual @ bci 62 sp = 0x0000000308d99570
<uncommon_trap thread='9987' reason='class_check' action='maybe_recompile' compile_id='193' compiler='C2' count='2' state='class_check' stamp='2.766'>
Uncommon trap occurred in java.util.Arrays::equals (@0x0000000112d0622c) thread=9987 reason=class_check action=maybe_recompile unloaded_class_index=-1
<jvms bci='62' method='java/util/Arrays equals ([Ljava/lang/Object;[Ljava/lang/Object;)Z' bytes='78' count='34' backedge_count='54' iicount='34' class_check_traps='2'/>
</uncommon_trap>
DEOPT PACKING thread 0x00007f976f80d800 Compiled frame (sp=0x0000000308d995b0 unextended sp=0x0000000308d995b0, fp=0x0000000795823720, real_fp=0x0000000308d995f0, pc=0x0000000112d0622c)
     nmethod   2765  193             java.util.Arrays::equals (78 bytes)

     Virtual frames (innermost first):
        0 - frame( sp=0x0000000308d995b0, unextended_sp=0x0000000308d995b0, fp=0x0000000795823720, pc=0x0000000112d0622c)
java.util.Arrays.equals(Arrays.java:2829) - invokevirtual @ bci 62 
     Created vframeArray 0x00007f9770068020
DEOPT UNPACKING thread 0x00007f976f80d800 vframeArray 0x00007f9770068020 mode 2
     {method} {0x0000000119c61de0} &apos;equals&apos; &apos;([Ljava/lang/Object;[Ljava/lang/Object;)Z&apos; in &apos;java/util/Arrays&apos; - invokevirtual @ bci 62 sp = 0x0000000308d99570
<uncommon_trap thread='9987' reason='class_check' action='maybe_recompile' compile_id='193' compiler='C2' count='3' state='class_check' stamp='2.766'>
Uncommon trap occurred in java.util.Arrays::equals (@0x0000000112d0622c) thread=9987 reason=class_check action=maybe_recompile unloaded_class_index=-1
<jvms bci='62' method='java/util/Arrays equals ([Ljava/lang/Object;[Ljava/lang/Object;)Z' bytes='78' count='34' backedge_count='55' iicount='34' class_check_traps='3'/>
</uncommon_trap>
DEOPT PACKING thread 0x00007f976f80d800 Compiled frame (sp=0x0000000308d995b0 unextended sp=0x0000000308d995b0, fp=0x00000007958239a0, real_fp=0x0000000308d995f0, pc=0x0000000112d0622c)
     nmethod   2766  193             java.util.Arrays::equals (78 bytes)

     Virtual frames (innermost first):
        0 - frame( sp=0x0000000308d995b0, unextended_sp=0x0000000308d995b0, fp=0x00000007958239a0, pc=0x0000000112d0622c)
java.util.Arrays.equals(Arrays.java:2829) - invokevirtual @ bci 62 
     Created vframeArray 0x00007f977006c220
DEOPT UNPACKING thread 0x00007f976f80d800 vframeArray 0x00007f977006c220 mode 2
     {method} {0x0000000119c61de0} &apos;equals&apos; &apos;([Ljava/lang/Object;[Ljava/lang/Object;)Z&apos; in &apos;java/util/Arrays&apos; - invokevirtual @ bci 62 sp = 0x0000000308d99570
<uncommon_trap thread='9987' reason='unstable_if' action='reinterpret' compile_id='385' compiler='C2' stamp='2.913'>
Uncommon trap occurred in jdk.internal.org.objectweb.asm.ByteVector::put11 (@0x0000000112d6c848) thread=9987 reason=unstable_if action=reinterpret unloaded_class_index=-1
<jvms bci='13' method='jdk/internal/org/objectweb/asm/ByteVector put11 (II)Ljdk/internal/org/objectweb/asm/ByteVector;' bytes='52' count='52' backedge_count='1' iicount='102'/>
</uncommon_trap>
DEOPT PACKING thread 0x00007f976f80d800 Compiled frame (sp=0x0000000308d992e0 unextended sp=0x0000000308d992e0, fp=0x000000079584f710, real_fp=0x0000000308d99320, pc=0x0000000112d6c848)
     nmethod   2913  385             jdk.internal.org.objectweb.asm.ByteVector::put11 (52 bytes)

     Virtual frames (innermost first):
        0 - frame( sp=0x0000000308d992e0, unextended_sp=0x0000000308d992e0, fp=0x000000079584f710, pc=0x0000000112d6c848)
jdk.internal.org.objectweb.asm.ByteVector.put11(ByteVector.java:128) - if_icmple @ bci 13 
     Created vframeArray 0x00007f9770068020
DEOPT UNPACKING thread 0x00007f976f80d800 vframeArray 0x00007f9770068020 mode 2
     {method} {0x0000000119e8a6c0} &apos;put11&apos; &apos;(II)Ljdk/internal/org/objectweb/asm/ByteVector;&apos; in &apos;jdk/internal/org/objectweb/asm/ByteVector&apos; - if_icmple @ bci 13 sp = 0x0000000308d99298
<uncommon_trap thread='9987' reason='unstable_if' action='reinterpret' compile_id='275' compiler='C2' stamp='2.959'>
Uncommon trap occurred in sun.invoke.util.BytecodeDescriptor::unparseSig (@0x0000000112d3681c) thread=9987 reason=unstable_if action=reinterpret unloaded_class_index=-1
<jvms bci='27' method='sun/invoke/util/BytecodeDescriptor unparseSig (Ljava/lang/Class;Ljava/lang/StringBuilder;)V' bytes='75' count='50' backedge_count='1' iicount='100'/>
</uncommon_trap>
DEOPT PACKING thread 0x00007f976f80d800 Compiled frame (sp=0x0000000308d99190 unextended sp=0x0000000308d99190, fp=0x0000000795584090, real_fp=0x0000000308d991c0, pc=0x0000000112d3681c)
     nmethod   2959  275             sun.invoke.util.BytecodeDescriptor::unparseSig (75 bytes)

     Virtual frames (innermost first):
        0 - frame( sp=0x0000000308d99190, unextended_sp=0x0000000308d99190, fp=0x0000000795584090, pc=0x0000000112d3681c)
sun.invoke.util.BytecodeDescriptor.unparseSig(BytecodeDescriptor.java:130) - ifne @ bci 27 
     Created vframeArray 0x00007f977006c220
DEOPT UNPACKING thread 0x00007f976f80d800 vframeArray 0x00007f977006c220 mode 2
     {method} {0x0000000119e705c0} &apos;unparseSig&apos; &apos;(Ljava/lang/Class;Ljava/lang/StringBuilder;)V&apos; in &apos;sun/invoke/util/BytecodeDescriptor&apos; - ifne @ bci 27 sp = 0x0000000308d99148
<uncommon_trap thread='9987' reason='unstable_if' action='reinterpret' compile_id='455' compiler='C2' stamp='2.965'>
Uncommon trap occurred in jdk.internal.org.objectweb.asm.MethodWriter::&lt;init&gt; (@0x0000000112d93e90) thread=9987 reason=unstable_if action=reinterpret unloaded_class_index=-1
<jvms bci='171' method='jdk/internal/org/objectweb/asm/MethodWriter &lt;init&gt; (Ljdk/internal/org/objectweb/asm/ClassWriter;ILjava/lang/String;Ljava/lang/String;Ljava/lang/String;[Ljava/lang/String;ZZ)V' bytes='268' count='50' backedge_count='10' iicount='90'/>
</uncommon_trap>
DEOPT PACKING thread 0x00007f976f80d800 Compiled frame (sp=0x0000000308d99690 unextended sp=0x0000000308d99690, fp=0x0000000795856f48, real_fp=0x0000000308d996f0, pc=0x0000000112d93e90)
     nmethod   2964  455             jdk.internal.org.objectweb.asm.MethodWriter::&lt;init&gt; (268 bytes)

     Virtual frames (innermost first):
        0 - frame( sp=0x0000000308d99690, unextended_sp=0x0000000308d99690, fp=0x0000000795856f48, pc=0x0000000112d93e90)
jdk.internal.org.objectweb.asm.MethodWriter.&lt;init&gt;(MethodWriter.java:510) - ifeq @ bci 171 
     Created vframeArray 0x00007f976e84ee20
DEOPT UNPACKING thread 0x00007f976f80d800 vframeArray 0x00007f976e84ee20 mode 2
     {method} {0x0000000119e8ee58} &apos;&lt;init&gt;&apos; &apos;(Ljdk/internal/org/objectweb/asm/ClassWriter;ILjava/lang/String;Ljava/lang/String;Ljava/lang/String;[Ljava/lang/String;ZZ)V&apos; in &apos;jdk/internal/org/objectweb/asm/MethodWriter&apos; - ifeq @ bci 171 sp = 0x0000000308d99640
<uncommon_trap thread='9987' reason='unstable_if' action='reinterpret' compile_id='467' compiler='C2' stamp='2.965'>
Uncommon trap occurred in jdk.internal.org.objectweb.asm.MethodWriter::visitLabel (@0x0000000112d8301c) thread=9987 reason=unstable_if action=reinterpret unloaded_class_index=-1
<jvms bci='42' method='jdk/internal/org/objectweb/asm/MethodWriter visitLabel (Ljdk/internal/org/objectweb/asm/Label;)V' bytes='281' count='50' backedge_count='1' iicount='100'/>
</uncommon_trap>
DEOPT PACKING thread 0x00007f976f80d800 Compiled frame (sp=0x0000000308d995e0 unextended sp=0x0000000308d995e0, fp=0x0000000795856f48, real_fp=0x0000000308d99630, pc=0x0000000112d8301c)
     nmethod   2965  467             jdk.internal.org.objectweb.asm.MethodWriter::visitLabel (281 bytes)

     Virtual frames (innermost first):
        0 - frame( sp=0x0000000308d995e0, unextended_sp=0x0000000308d995e0, fp=0x0000000795856f48, pc=0x0000000112d8301c)
jdk.internal.org.objectweb.asm.MethodWriter.visitLabel(MethodWriter.java:1105) - ifne @ bci 42 
     Created vframeArray 0x00007f976e850820
DEOPT UNPACKING thread 0x00007f976f80d800 vframeArray 0x00007f976e850820 mode 2
     {method} {0x0000000119e90ad8} &apos;visitLabel&apos; &apos;(Ljdk/internal/org/objectweb/asm/Label;)V&apos; in &apos;jdk/internal/org/objectweb/asm/MethodWriter&apos; - ifne @ bci 42 sp = 0x0000000308d995d8
<uncommon_trap thread='9987' reason='unstable_if' action='reinterpret' compile_id='316' compiler='C2' stamp='2.966'>
Uncommon trap occurred in jdk.internal.org.objectweb.asm.MethodWriter::visitVarInsn (@0x0000000112d47108) thread=9987 reason=unstable_if action=reinterpret unloaded_class_index=-1
<jvms bci='22' method='jdk/internal/org/objectweb/asm/MethodWriter visitVarInsn (II)V' bytes='292' count='50' backedge_count='1' iicount='100'/>
</uncommon_trap>
DEOPT PACKING thread 0x00007f976f80d800 Compiled frame (sp=0x0000000308d99740 unextended sp=0x0000000308d99740, fp=0x0000000000000001, real_fp=0x0000000308d99780, pc=0x0000000112d47108)
     nmethod   2965  316             jdk.internal.org.objectweb.asm.MethodWriter::visitVarInsn (292 bytes)

     Virtual frames (innermost first):
        0 - frame( sp=0x0000000308d99740, unextended_sp=0x0000000308d99740, fp=0x0000000000000001, pc=0x0000000112d47108)
jdk.internal.org.objectweb.asm.MethodWriter.visitVarInsn(MethodWriter.java:798) - ifne @ bci 22 
     Created vframeArray 0x00007f976e84ee20
DEOPT UNPACKING thread 0x00007f976f80d800 vframeArray 0x00007f976e84ee20 mode 2
     {method} {0x0000000119e8ff28} &apos;visitVarInsn&apos; &apos;(II)V&apos; in &apos;jdk/internal/org/objectweb/asm/MethodWriter&apos; - ifne @ bci 22 sp = 0x0000000308d99720
<uncommon_trap thread='9987' reason='unstable_if' action='reinterpret' compile_id='430' compiler='C2' stamp='2.966'>
Uncommon trap occurred in jdk.internal.org.objectweb.asm.MethodWriter::visitMethodInsn (@0x0000000112d7dd2c) thread=9987 reason=unstable_if action=reinterpret unloaded_class_index=-1
<jvms bci='44' method='jdk/internal/org/objectweb/asm/MethodWriter visitMethodInsn (ILjava/lang/String;Ljava/lang/String;Ljava/lang/String;Z)V' bytes='220' count='50' backedge_count='1' iicount='100'/>
</uncommon_trap>
DEOPT PACKING thread 0x00007f976f80d800 Compiled frame (sp=0x0000000308d99720 unextended sp=0x0000000308d99720, fp=0x0000000000000001, real_fp=0x0000000308d99760, pc=0x0000000112d7dd2c)
     nmethod   2965  430             jdk.internal.org.objectweb.asm.MethodWriter::visitMethodInsn (220 bytes)

     Virtual frames (innermost first):
        0 - frame( sp=0x0000000308d99720, unextended_sp=0x0000000308d99720, fp=0x0000000000000001, pc=0x0000000112d7dd2c)
jdk.internal.org.objectweb.asm.MethodWriter.visitMethodInsn(MethodWriter.java:921) - ifne @ bci 44 
     Created vframeArray 0x00007f9770068020
DEOPT UNPACKING thread 0x00007f976f80d800 vframeArray 0x00007f9770068020 mode 2
     {method} {0x0000000119e904c0} &apos;visitMethodInsn&apos; &apos;(ILjava/lang/String;Ljava/lang/String;Ljava/lang/String;Z)V&apos; in &apos;jdk/internal/org/objectweb/asm/MethodWriter&apos; - ifne @ bci 44 sp = 0x0000000308d996f0
<uncommon_trap thread='9987' reason='unstable_if' action='reinterpret' compile_id='449' compiler='C2' stamp='2.966'>
Uncommon trap occurred in jdk.internal.org.objectweb.asm.MethodWriter::visitInsn (@0x0000000112d87244) thread=9987 reason=unstable_if action=reinterpret unloaded_class_index=-1
<jvms bci='31' method='jdk/internal/org/objectweb/asm/MethodWriter visitInsn (I)V' bytes='106' count='50' backedge_count='1' iicount='100'/>
</uncommon_trap>
DEOPT PACKING thread 0x00007f976f80d800 Compiled frame (sp=0x0000000308d99750 unextended sp=0x0000000308d99750, fp=0x0000000000000001, real_fp=0x0000000308d99780, pc=0x0000000112d87244)
     nmethod   2966  449             jdk.internal.org.objectweb.asm.MethodWriter::visitInsn (106 bytes)

     Virtual frames (innermost first):
        0 - frame( sp=0x0000000308d99750, unextended_sp=0x0000000308d99750, fp=0x0000000000000001, pc=0x0000000112d87244)
jdk.internal.org.objectweb.asm.MethodWriter.visitInsn(MethodWriter.java:750) - ifne @ bci 31 
     Created vframeArray 0x00007f977086f820
DEOPT UNPACKING thread 0x00007f976f80d800 vframeArray 0x00007f977086f820 mode 2
     {method} {0x0000000119e8fba0} &apos;visitInsn&apos; &apos;(I)V&apos; in &apos;jdk/internal/org/objectweb/asm/MethodWriter&apos; - ifne @ bci 31 sp = 0x0000000308d99720
<uncommon_trap thread='9987' reason='unstable_if' action='reinterpret' compile_id='471' compiler='C2' stamp='2.967'>
Uncommon trap occurred in jdk.internal.org.objectweb.asm.MethodWriter::noSuccessor (@0x0000000112d92344) thread=9987 reason=unstable_if action=reinterpret unloaded_class_index=-1
<jvms bci='4' method='jdk/internal/org/objectweb/asm/MethodWriter noSuccessor ()V' bytes='87' count='50' backedge_count='1' iicount='100'/>
</uncommon_trap>
DEOPT PACKING thread 0x00007f976f80d800 Compiled frame (sp=0x0000000308d996c0 unextended sp=0x0000000308d996c0, fp=0x0000000795856f48, real_fp=0x0000000308d99710, pc=0x0000000112d92344)
     nmethod   2966  471             jdk.internal.org.objectweb.asm.MethodWriter::noSuccessor (87 bytes)

     Virtual frames (innermost first):
        0 - frame( sp=0x0000000308d996c0, unextended_sp=0x0000000308d996c0, fp=0x0000000795856f48, pc=0x0000000112d92344)
jdk.internal.org.objectweb.asm.MethodWriter.noSuccessor(MethodWriter.java:1710) - ifne @ bci 4 
     Created vframeArray 0x00007f976f855220
DEOPT UNPACKING thread 0x00007f976f80d800 vframeArray 0x00007f976f855220 mode 2
     {method} {0x0000000119e92730} &apos;noSuccessor&apos; &apos;()V&apos; in &apos;jdk/internal/org/objectweb/asm/MethodWriter&apos; - ifne @ bci 4 sp = 0x0000000308d996b0
<dependency_failed type='abstract_with_unique_concrete_subtype' ctxk='jdk/internal/org/objectweb/asm/MethodVisitor' x='jdk/internal/org/objectweb/asm/MethodWriter' witness='java/lang/invoke/TypeConvertingMethodAdapter' stamp='2.968'/>
<dependency_failed type='abstract_with_unique_concrete_subtype' ctxk='jdk/internal/org/objectweb/asm/MethodVisitor' x='jdk/internal/org/objectweb/asm/MethodWriter' witness='java/lang/invoke/TypeConvertingMethodAdapter' stamp='2.968'/>
<dependency_failed type='abstract_with_unique_concrete_subtype' ctxk='jdk/internal/org/objectweb/asm/MethodVisitor' x='jdk/internal/org/objectweb/asm/MethodWriter' witness='java/lang/invoke/TypeConvertingMethodAdapter' stamp='2.968'/>
<dependency_failed type='abstract_with_unique_concrete_subtype' ctxk='jdk/internal/org/objectweb/asm/MethodVisitor' x='jdk/internal/org/objectweb/asm/MethodWriter' witness='java/lang/invoke/TypeConvertingMethodAdapter' stamp='2.968'/>
<dependency_failed type='abstract_with_unique_concrete_subtype' ctxk='jdk/internal/org/objectweb/asm/MethodVisitor' x='jdk/internal/org/objectweb/asm/MethodWriter' witness='java/lang/invoke/TypeConvertingMethodAdapter' stamp='2.968'/>
<dependency_failed type='abstract_with_unique_concrete_subtype' ctxk='jdk/internal/org/objectweb/asm/MethodVisitor' x='jdk/internal/org/objectweb/asm/MethodWriter' witness='java/lang/invoke/TypeConvertingMethodAdapter' stamp='2.968'/>
<dependency_failed type='abstract_with_unique_concrete_subtype' ctxk='jdk/internal/org/objectweb/asm/MethodVisitor' x='jdk/internal/org/objectweb/asm/MethodWriter' witness='java/lang/invoke/TypeConvertingMethodAdapter' stamp='2.968'/>
<dependency_failed type='abstract_with_unique_concrete_subtype' ctxk='jdk/internal/org/objectweb/asm/MethodVisitor' x='jdk/internal/org/objectweb/asm/MethodWriter' witness='java/lang/invoke/TypeConvertingMethodAdapter' stamp='2.968'/>
<dependency_failed type='abstract_with_unique_concrete_subtype' ctxk='jdk/internal/org/objectweb/asm/MethodVisitor' x='jdk/internal/org/objectweb/asm/MethodWriter' witness='java/lang/invoke/TypeConvertingMethodAdapter' stamp='2.968'/>
<uncommon_trap thread='9987' reason='class_check' action='maybe_recompile' compile_id='76' compiler='C2' count='2' state='class_check' stamp='3.527'>
Uncommon trap occurred in java.net.URL::&lt;init&gt; (@0x0000000112cd46cc) thread=9987 reason=class_check action=maybe_recompile unloaded_class_index=-1
<jvms bci='504' method='java/net/URL &lt;init&gt; (Ljava/net/URL;Ljava/lang/String;Ljava/net/URLStreamHandler;)V' bytes='543' count='13' backedge_count='51' iicount='27' class_check_traps='2'/>
</uncommon_trap>
DEOPT PACKING thread 0x00007f976f80d800 Compiled frame (sp=0x0000000308d981c0 unextended sp=0x0000000308d981c0, fp=0x0000000795861e30, real_fp=0x0000000308d98220, pc=0x0000000112cd46cc)
     nmethod   3527   76   !         java.net.URL::&lt;init&gt; (543 bytes)

     Virtual frames (innermost first):
        0 - frame( sp=0x0000000308d981c0, unextended_sp=0x0000000308d981c0, fp=0x0000000795861e30, pc=0x0000000112cd46cc)
java.net.URL.&lt;init&gt;(URL.java:640) - invokevirtual @ bci 504 
     Created vframeArray 0x00007f976e851420
DEOPT UNPACKING thread 0x00007f976f80d800 vframeArray 0x00007f976e851420 mode 2
     {method} {0x0000000119bbc008} &apos;&lt;init&gt;&apos; &apos;(Ljava/net/URL;Ljava/lang/String;Ljava/net/URLStreamHandler;)V&apos; in &apos;java/net/URL&apos; - invokevirtual @ bci 504 sp = 0x0000000308d98158
<uncommon_trap thread='9987' reason='class_check' action='maybe_recompile' compile_id='76' compiler='C2' count='3' state='class_check' stamp='3.533'>
Uncommon trap occurred in java.net.URL::&lt;init&gt; (@0x0000000112cd46cc) thread=9987 reason=class_check action=maybe_recompile unloaded_class_index=-1
<jvms bci='504' method='java/net/URL &lt;init&gt; (Ljava/net/URL;Ljava/lang/String;Ljava/net/URLStreamHandler;)V' bytes='543' count='13' backedge_count='51' iicount='27' class_check_traps='3'/>
</uncommon_trap>
DEOPT PACKING thread 0x00007f976f80d800 Compiled frame (sp=0x0000000308d97360 unextended sp=0x0000000308d97360, fp=0x000000079587b8c0, real_fp=0x0000000308d973c0, pc=0x0000000112cd46cc)
     nmethod   3532   76   !         java.net.URL::&lt;init&gt; (543 bytes)

     Virtual frames (innermost first):
        0 - frame( sp=0x0000000308d97360, unextended_sp=0x0000000308d97360, fp=0x000000079587b8c0, pc=0x0000000112cd46cc)
java.net.URL.&lt;init&gt;(URL.java:640) - invokevirtual @ bci 504 
     Created vframeArray 0x00007f976f855220
DEOPT UNPACKING thread 0x00007f976f80d800 vframeArray 0x00007f976f855220 mode 2
     {method} {0x0000000119bbc008} &apos;&lt;init&gt;&apos; &apos;(Ljava/net/URL;Ljava/lang/String;Ljava/net/URLStreamHandler;)V&apos; in &apos;java/net/URL&apos; - invokevirtual @ bci 504 sp = 0x0000000308d972f8
<uncommon_trap thread='9987' reason='null_check' action='make_not_entrant' compile_id='279' compiler='C2' stamp='3.737'>
Uncommon trap occurred in java.lang.reflect.Array::newInstance (@0x0000000112d36f80) thread=9987 reason=null_check action=make_not_entrant unloaded_class_index=-1
<jvms bci='2' method='java/lang/reflect/Array newInstance (Ljava/lang/Class;I)Ljava/lang/Object;' bytes='6' count='50' backedge_count='1' iicount='100'/>
</uncommon_trap>
DEOPT PACKING thread 0x00007f976f80d800 Compiled frame (sp=0x0000000308d99c60 unextended sp=0x0000000308d99c60, fp=0x00000007958cf8b0, real_fp=0x0000000308d99c90, pc=0x0000000112d36f80)
     nmethod   3736  279             java.lang.reflect.Array::newInstance (6 bytes)

     Virtual frames (innermost first):
        0 - frame( sp=0x0000000308d99c60, unextended_sp=0x0000000308d99c60, fp=0x00000007958cf8b0, pc=0x0000000112d36f80)
java.lang.reflect.Array.newInstance(Array.java:75) - invokestatic @ bci 2 
     Created vframeArray 0x00007f976e852a20
DEOPT UNPACKING thread 0x00007f976f80d800 vframeArray 0x00007f976e852a20 mode 2
     {method} {0x0000000119e53228} &apos;newInstance&apos; &apos;(Ljava/lang/Class;I)Ljava/lang/Object;&apos; in &apos;java/lang/reflect/Array&apos; - invokestatic @ bci 2 sp = 0x0000000308d99c30
<uncommon_trap thread='9987' reason='unstable_if' action='reinterpret' compile_id='520' compiler='C2' stamp='3.795'>
Uncommon trap occurred in sun.reflect.generics.parser.SignatureParser::current (@0x0000000112dbf680) thread=9987 reason=unstable_if action=reinterpret unloaded_class_index=-1
<jvms bci='39' method='sun/reflect/generics/parser/SignatureParser current ()C' bytes='59' count='50' backedge_count='1' iicount='100'/>
</uncommon_trap>
DEOPT PACKING thread 0x00007f976f80d800 Compiled frame (sp=0x0000000308d9a240 unextended sp=0x0000000308d9a240, fp=0x000000000000005d, real_fp=0x0000000308d9a270, pc=0x0000000112dbf680)
     nmethod   3794  520             sun.reflect.generics.parser.SignatureParser::current (59 bytes)

     Virtual frames (innermost first):
        0 - frame( sp=0x0000000308d9a240, unextended_sp=0x0000000308d9a240, fp=0x000000000000005d, pc=0x0000000112dbf680)
sun.reflect.generics.parser.SignatureParser.current(SignatureParser.java:93) - if_icmpge @ bci 39 
     Created vframeArray 0x00007f9770068020
DEOPT UNPACKING thread 0x00007f976f80d800 vframeArray 0x00007f9770068020 mode 2
     {method} {0x0000000119f7b650} &apos;current&apos; &apos;()C&apos; in &apos;sun/reflect/generics/parser/SignatureParser&apos; - if_icmpge @ bci 39 sp = 0x0000000308d9a210
<uncommon_trap thread='9987' reason='class_check' action='maybe_recompile' compile_id='192' compiler='C2' count='1' state='class_check' stamp='3.797'>
Uncommon trap occurred in java.util.concurrent.ConcurrentHashMap::get (@0x0000000112d06c8c) thread=9987 reason=class_check action=maybe_recompile unloaded_class_index=-1
<jvms bci='1' method='java/util/concurrent/ConcurrentHashMap get (Ljava/lang/Object;)Ljava/lang/Object;' bytes='162' count='50' backedge_count='5' iicount='95' class_check_traps='1'/>
</uncommon_trap>
DEOPT PACKING thread 0x00007f976f80d800 Compiled frame (sp=0x0000000308d99a80 unextended sp=0x0000000308d99a80, fp=0x00000007956655e8, real_fp=0x0000000308d99ac0, pc=0x0000000112d06c8c)
     nmethod   3796  192             java.util.concurrent.ConcurrentHashMap::get (162 bytes)

     Virtual frames (innermost first):
        0 - frame( sp=0x0000000308d99a80, unextended_sp=0x0000000308d99a80, fp=0x00000007956655e8, pc=0x0000000112d06c8c)
java.util.concurrent.ConcurrentHashMap.get(ConcurrentHashMap.java:936) - invokevirtual @ bci 1 
     Created vframeArray 0x00007f977007a620
DEOPT UNPACKING thread 0x00007f976f80d800 vframeArray 0x00007f977007a620 mode 2
     {method} {0x0000000119d0cc88} &apos;get&apos; &apos;(Ljava/lang/Object;)Ljava/lang/Object;&apos; in &apos;java/util/concurrent/ConcurrentHashMap&apos; - invokevirtual @ bci 1 sp = 0x0000000308d99a30
<uncommon_trap thread='9987' reason='unstable_if' action='reinterpret' compile_id='442' compiler='C2' stamp='3.797'>
Uncommon trap occurred in java.lang.invoke.MethodHandles$Lookup::lookupClassOrNull (@0x0000000112d823f8) thread=9987 reason=unstable_if action=reinterpret unloaded_class_index=-1
<jvms bci='5' method='java/lang/invoke/MethodHandles$Lookup lookupClassOrNull ()Ljava/lang/Class;' bytes='17' count='50' backedge_count='1' iicount='100'/>
</uncommon_trap>
DEOPT PACKING thread 0x00007f976f80d800 Compiled frame (sp=0x0000000308d99a30 unextended sp=0x0000000308d99a30, fp=0x00000007958ebb40, real_fp=0x0000000308d99a60, pc=0x0000000112d823f8)
     nmethod   3797  442             java.lang.invoke.MethodHandles$Lookup::lookupClassOrNull (17 bytes)

     Virtual frames (innermost first):
        0 - frame( sp=0x0000000308d99a30, unextended_sp=0x0000000308d99a30, fp=0x00000007958ebb40, pc=0x0000000112d823f8)
java.lang.invoke.MethodHandles$Lookup.lookupClassOrNull(MethodHandles.java:571) - if_icmpne @ bci 5 
     Created vframeArray 0x00007f9770068020
DEOPT UNPACKING thread 0x00007f976f80d800 vframeArray 0x00007f9770068020 mode 2
     {method} {0x0000000119e2aba0} &apos;lookupClassOrNull&apos; &apos;()Ljava/lang/Class;&apos; in &apos;java/lang/invoke/MethodHandles$Lookup&apos; - if_icmpne @ bci 5 sp = 0x0000000308d99a00
<uncommon_trap thread='9987' reason='class_check' action='maybe_recompile' compile_id='192' compiler='C2' count='2' state='class_check' stamp='3.797'>
Uncommon trap occurred in java.util.concurrent.ConcurrentHashMap::get (@0x0000000112d06c8c) thread=9987 reason=class_check action=maybe_recompile unloaded_class_index=-1
<jvms bci='1' method='java/util/concurrent/ConcurrentHashMap get (Ljava/lang/Object;)Ljava/lang/Object;' bytes='162' count='50' backedge_count='5' iicount='95' class_check_traps='2'/>
</uncommon_trap>
DEOPT PACKING thread 0x00007f976f80d800 Compiled frame (sp=0x0000000308d99a80 unextended sp=0x0000000308d99a80, fp=0x00000007956655e8, real_fp=0x0000000308d99ac0, pc=0x0000000112d06c8c)
     nmethod   3797  192             java.util.concurrent.ConcurrentHashMap::get (162 bytes)

     Virtual frames (innermost first):
        0 - frame( sp=0x0000000308d99a80, unextended_sp=0x0000000308d99a80, fp=0x00000007956655e8, pc=0x0000000112d06c8c)
java.util.concurrent.ConcurrentHashMap.get(ConcurrentHashMap.java:936) - invokevirtual @ bci 1 
     Created vframeArray 0x00007f977007a620
DEOPT UNPACKING thread 0x00007f976f80d800 vframeArray 0x00007f977007a620 mode 2
     {method} {0x0000000119d0cc88} &apos;get&apos; &apos;(Ljava/lang/Object;)Ljava/lang/Object;&apos; in &apos;java/util/concurrent/ConcurrentHashMap&apos; - invokevirtual @ bci 1 sp = 0x0000000308d99a30
<uncommon_trap thread='9987' reason='class_check' action='maybe_recompile' compile_id='192' compiler='C2' count='3' state='class_check' stamp='3.857'>
Uncommon trap occurred in java.util.concurrent.ConcurrentHashMap::get (@0x0000000112d06c8c) thread=9987 reason=class_check action=maybe_recompile unloaded_class_index=-1
<jvms bci='1' method='java/util/concurrent/ConcurrentHashMap get (Ljava/lang/Object;)Ljava/lang/Object;' bytes='162' count='50' backedge_count='5' iicount='95' class_check_traps='3'/>
</uncommon_trap>
DEOPT PACKING thread 0x00007f976f80d800 Compiled frame (sp=0x0000000308d997a0 unextended sp=0x0000000308d997a0, fp=0x00000007956655e8, real_fp=0x0000000308d997e0, pc=0x0000000112d06c8c)
     nmethod   3856  192             java.util.concurrent.ConcurrentHashMap::get (162 bytes)

     Virtual frames (innermost first):
        0 - frame( sp=0x0000000308d997a0, unextended_sp=0x0000000308d997a0, fp=0x00000007956655e8, pc=0x0000000112d06c8c)
java.util.concurrent.ConcurrentHashMap.get(ConcurrentHashMap.java:936) - invokevirtual @ bci 1 
     Created vframeArray 0x00007f976f855220
DEOPT UNPACKING thread 0x00007f976f80d800 vframeArray 0x00007f976f855220 mode 2
     {method} {0x0000000119d0cc88} &apos;get&apos; &apos;(Ljava/lang/Object;)Ljava/lang/Object;&apos; in &apos;java/util/concurrent/ConcurrentHashMap&apos; - invokevirtual @ bci 1 sp = 0x0000000308d99750
<uncommon_trap thread='9987' reason='unstable_if' action='reinterpret' compile_id='459' compiler='C2' stamp='4.047'>
Uncommon trap occurred in java.lang.AbstractStringBuilder::append (@0x0000000112d90ccc) thread=9987 reason=unstable_if action=reinterpret unloaded_class_index=-1
<jvms bci='8' method='java/lang/Integer stringSize (I)I' bytes='21' count='50' backedge_count='5' iicount='95'/>
<jvms bci='30' method='java/lang/AbstractStringBuilder append (I)Ljava/lang/AbstractStringBuilder;' bytes='62' count='50' backedge_count='1' iicount='100'/>
</uncommon_trap>
DEOPT PACKING thread 0x00007f976f80d800 Compiled frame (sp=0x0000000308d99fb0 unextended sp=0x0000000308d99fb0, fp=0x0000000000000009, real_fp=0x0000000308d99ff0, pc=0x0000000112d90ccc)
     nmethod   4047  459             java.lang.AbstractStringBuilder::append (62 bytes)

     Virtual frames (innermost first):
        0 - frame( sp=0x0000000308d99fb0, unextended_sp=0x0000000308d99fb0, fp=0x0000000000000009, pc=0x0000000112d90ccc)
java.lang.Integer.stringSize(Integer.java:473) - if_icmpgt @ bci 8 
        1 - frame( sp=0x0000000308d99fb0, unextended_sp=0x0000000308d99fb0, fp=0x0000000000000009, pc=0x0000000112d90ccc)
java.lang.AbstractStringBuilder.append(AbstractStringBuilder.java:672) - invokestatic @ bci 30 
     Created vframeArray 0x00007f976f85c620
DEOPT UNPACKING thread 0x00007f976f80d800 vframeArray 0x00007f976f85c620 mode 2
     {method} {0x0000000119ba1418} &apos;append&apos; &apos;(I)Ljava/lang/AbstractStringBuilder;&apos; in &apos;java/lang/AbstractStringBuilder&apos; - invokestatic @ bci 30 sp = 0x0000000308d99f70
     {method} {0x0000000119bda260} &apos;stringSize&apos; &apos;(I)I&apos; in &apos;java/lang/Integer&apos; - if_icmpgt @ bci 8 sp = 0x0000000308d99f10
<uncommon_trap thread='9987' reason='unstable_if' action='reinterpret' compile_id='457' compiler='C2' stamp='4.048'>
Uncommon trap occurred in java.lang.Integer::getChars (@0x0000000112d84ea8) thread=9987 reason=unstable_if action=reinterpret unloaded_class_index=-1
<jvms bci='110' method='java/lang/Integer getChars (II[C)V' bytes='131' count='50' backedge_count='5' iicount='95'/>
</uncommon_trap>
DEOPT PACKING thread 0x00007f976f80d800 Compiled frame (sp=0x0000000308d99f20 unextended sp=0x0000000308d99f20, fp=0x0000000000000030, real_fp=0x0000000308d99f60, pc=0x0000000112d84ea8)
     nmethod   4047  457             java.lang.Integer::getChars (131 bytes)

     Virtual frames (innermost first):
        0 - frame( sp=0x0000000308d99f20, unextended_sp=0x0000000308d99f20, fp=0x0000000000000030, pc=0x0000000112d84ea8)
java.lang.Integer.getChars(Integer.java:460) - ifne @ bci 110 
     Created vframeArray 0x00007f976e852a20
DEOPT UNPACKING thread 0x00007f976f80d800 vframeArray 0x00007f976e852a20 mode 2
     {method} {0x0000000119bda188} &apos;getChars&apos; &apos;(II[C)V&apos; in &apos;java/lang/Integer&apos; - ifne @ bci 110 sp = 0x0000000308d99ee8
<uncommon_trap thread='9987' reason='unstable_if' action='reinterpret' compile_id='456' compiler='C2' count='1' state='intrinsic recompiled' stamp='4.048'>
Uncommon trap occurred in java.lang.Integer::stringSize (@0x0000000112d87fa4) thread=9987 reason=unstable_if action=reinterpret unloaded_class_index=-1
<jvms bci='8' method='java/lang/Integer stringSize (I)I' bytes='21' count='1' backedge_count='6' iicount='95' unstable_if_traps='1'/>
</uncommon_trap>
DEOPT PACKING thread 0x00007f976f80d800 Compiled frame (sp=0x0000000308d99f30 unextended sp=0x0000000308d99f30, fp=0x0000000308d99fb8, real_fp=0x0000000308d99f60, pc=0x0000000112d87fa4)
     nmethod   4047  456             java.lang.Integer::stringSize (21 bytes)

     Virtual frames (innermost first):
        0 - frame( sp=0x0000000308d99f30, unextended_sp=0x0000000308d99f30, fp=0x0000000308d99fb8, pc=0x0000000112d87fa4)
java.lang.Integer.stringSize(Integer.java:473) - if_icmpgt @ bci 8 
     Created vframeArray 0x00007f977087ac20
DEOPT UNPACKING thread 0x00007f976f80d800 vframeArray 0x00007f977087ac20 mode 2
     {method} {0x0000000119bda260} &apos;stringSize&apos; &apos;(I)I&apos; in &apos;java/lang/Integer&apos; - if_icmpgt @ bci 8 sp = 0x0000000308d99ef8
<uncommon_trap thread='9987' reason='unstable_if' action='reinterpret' compile_id='507' compiler='C2' stamp='4.069'>
Uncommon trap occurred in java.util.HashMap::getNode (@0x0000000112db2af4) thread=9987 reason=unstable_if action=reinterpret unloaded_class_index=-1
<jvms bci='49' method='java/util/HashMap getNode (ILjava/lang/Object;)Ljava/util/HashMap$Node;' bytes='148' count='51' backedge_count='1' iicount='150' decompiles='1' bimorphic_traps='4'/>
</uncommon_trap>
DEOPT PACKING thread 0x00007f976f80d800 Compiled frame (sp=0x0000000308d99f30 unextended sp=0x0000000308d99f30, fp=0x000000006c5e6e2c, real_fp=0x0000000308d99f70, pc=0x0000000112db2af4)
     nmethod   4069  507             java.util.HashMap::getNode (148 bytes)

     Virtual frames (innermost first):
        0 - frame( sp=0x0000000308d99f30, unextended_sp=0x0000000308d99f30, fp=0x000000006c5e6e2c, pc=0x0000000112db2af4)
java.util.HashMap.getNode(HashMap.java:572) - if_acmpeq @ bci 49 
     Created vframeArray 0x00007f976f85c620
DEOPT UNPACKING thread 0x00007f976f80d800 vframeArray 0x00007f976f85c620 mode 2
     {method} {0x0000000119c29c80} &apos;getNode&apos; &apos;(ILjava/lang/Object;)Ljava/util/HashMap$Node;&apos; in &apos;java/util/HashMap&apos; - if_acmpeq @ bci 49 sp = 0x0000000308d99ed0
<uncommon_trap thread='9987' reason='unstable_if' action='reinterpret' compile_id='606' compiler='C2' stamp='4.179'>
Uncommon trap occurred in sun.misc.ProxyGenerator$ConstantPool$IndirectEntry::equals (@0x0000000112ddb230) thread=9987 reason=unstable_if action=reinterpret unloaded_class_index=-1
<jvms bci='31' method='sun/misc/ProxyGenerator$ConstantPool$IndirectEntry equals (Ljava/lang/Object;)Z' bytes='49' count='51' backedge_count='1' iicount='101'/>
</uncommon_trap>
DEOPT PACKING thread 0x00007f976f80d800 Compiled frame (sp=0x0000000308d99e50 unextended sp=0x0000000308d99e50, fp=0x000000000000001f, real_fp=0x0000000308d99e90, pc=0x0000000112ddb230)
     nmethod   4179  606             sun.misc.ProxyGenerator$ConstantPool$IndirectEntry::equals (49 bytes)

     Virtual frames (innermost first):
        0 - frame( sp=0x0000000308d99e50, unextended_sp=0x0000000308d99e50, fp=0x000000000000001f, pc=0x0000000112ddb230)
sun.misc.ProxyGenerator$ConstantPool$IndirectEntry.equals(ProxyGenerator.java:2021) - if_icmpne @ bci 31 
     Created vframeArray 0x00007f976f855220
DEOPT UNPACKING thread 0x00007f976f80d800 vframeArray 0x00007f976f855220 mode 2
     {method} {0x0000000119fcef70} &apos;equals&apos; &apos;(Ljava/lang/Object;)Z&apos; in &apos;sun/misc/ProxyGenerator$ConstantPool$IndirectEntry&apos; - if_icmpne @ bci 31 sp = 0x0000000308d99e18
<uncommon_trap thread='9987' reason='class_check' action='maybe_recompile' compile_id='611' compiler='C2' stamp='4.189'>
Uncommon trap occurred in java.io.DataOutputStream::writeShort (@0x0000000112de2978) thread=9987 reason=class_check action=maybe_recompile unloaded_class_index=-1
<jvms bci='12' method='java/io/DataOutputStream writeShort (I)V' bytes='35' count='50' backedge_count='1' iicount='100'/>
</uncommon_trap>
DEOPT PACKING thread 0x00007f976f80d800 Compiled frame (sp=0x0000000308d9a140 unextended sp=0x0000000308d9a140, fp=0x00000007959794b8, real_fp=0x0000000308d9a170, pc=0x0000000112de2978)
     nmethod   4188  611             java.io.DataOutputStream::writeShort (35 bytes)

     Virtual frames (innermost first):
        0 - frame( sp=0x0000000308d9a140, unextended_sp=0x0000000308d9a140, fp=0x00000007959794b8, pc=0x0000000112de2978)
java.io.DataOutputStream.writeShort(DataOutputStream.java:167) - invokevirtual @ bci 12 
     Created vframeArray 0x00007f976e853820
DEOPT UNPACKING thread 0x00007f976f80d800 vframeArray 0x00007f976e853820 mode 2
     {method} {0x0000000119fcd820} &apos;writeShort&apos; &apos;(I)V&apos; in &apos;java/io/DataOutputStream&apos; - invokevirtual @ bci 12 sp = 0x0000000308d9a110
<uncommon_trap thread='9987' reason='class_check' action='maybe_recompile' compile_id='603' compiler='C2' stamp='4.189'>
Uncommon trap occurred in java.io.DataOutputStream::writeByte (@0x0000000112de1c0c) thread=9987 reason=class_check action=maybe_recompile unloaded_class_index=-1
<jvms bci='5' method='java/io/DataOutputStream writeByte (I)V' bytes='14' count='50' backedge_count='1' iicount='100'/>
</uncommon_trap>
DEOPT PACKING thread 0x00007f976f80d800 Compiled frame (sp=0x0000000308d9a0e0 unextended sp=0x0000000308d9a0e0, fp=0x00000007959794b8, real_fp=0x0000000308d9a110, pc=0x0000000112de1c0c)
     nmethod   4188  603             java.io.DataOutputStream::writeByte (14 bytes)

     Virtual frames (innermost first):
        0 - frame( sp=0x0000000308d9a0e0, unextended_sp=0x0000000308d9a0e0, fp=0x00000007959794b8, pc=0x0000000112de1c0c)
java.io.DataOutputStream.writeByte(DataOutputStream.java:153) - invokevirtual @ bci 5 
     Created vframeArray 0x00007f976f855220
DEOPT UNPACKING thread 0x00007f976f80d800 vframeArray 0x00007f976f855220 mode 2
     {method} {0x0000000119fcd738} &apos;writeByte&apos; &apos;(I)V&apos; in &apos;java/io/DataOutputStream&apos; - invokevirtual @ bci 5 sp = 0x0000000308d9a0b0
<uncommon_trap thread='9987' reason='class_check' action='maybe_recompile' compile_id='603' compiler='C2' count='1' state='class_check' stamp='4.189'>
Uncommon trap occurred in java.io.DataOutputStream::writeByte (@0x0000000112de1c0c) thread=9987 reason=class_check action=maybe_recompile unloaded_class_index=-1
<jvms bci='5' method='java/io/DataOutputStream writeByte (I)V' bytes='14' count='50' backedge_count='1' iicount='100' class_check_traps='1'/>
</uncommon_trap>
DEOPT PACKING thread 0x00007f976f80d800 Compiled frame (sp=0x0000000308d9a0e0 unextended sp=0x0000000308d9a0e0, fp=0x00000007959794b8, real_fp=0x0000000308d9a110, pc=0x0000000112de1c0c)
     nmethod   4189  603             java.io.DataOutputStream::writeByte (14 bytes)

     Virtual frames (innermost first):
        0 - frame( sp=0x0000000308d9a0e0, unextended_sp=0x0000000308d9a0e0, fp=0x00000007959794b8, pc=0x0000000112de1c0c)
java.io.DataOutputStream.writeByte(DataOutputStream.java:153) - invokevirtual @ bci 5 
     Created vframeArray 0x00007f977007a620
DEOPT UNPACKING thread 0x00007f976f80d800 vframeArray 0x00007f977007a620 mode 2
     {method} {0x0000000119fcd738} &apos;writeByte&apos; &apos;(I)V&apos; in &apos;java/io/DataOutputStream&apos; - invokevirtual @ bci 5 sp = 0x0000000308d9a0b0
<uncommon_trap thread='9987' reason='class_check' action='maybe_recompile' compile_id='603' compiler='C2' count='2' state='class_check' stamp='4.190'>
Uncommon trap occurred in java.io.DataOutputStream::writeByte (@0x0000000112de1c0c) thread=9987 reason=class_check action=maybe_recompile unloaded_class_index=-1
<jvms bci='5' method='java/io/DataOutputStream writeByte (I)V' bytes='14' count='50' backedge_count='1' iicount='100' class_check_traps='2'/>
</uncommon_trap>
DEOPT PACKING thread 0x00007f976f80d800 Compiled frame (sp=0x0000000308d9a0e0 unextended sp=0x0000000308d9a0e0, fp=0x00000007959794b8, real_fp=0x0000000308d9a110, pc=0x0000000112de1c0c)
     nmethod   4190  603             java.io.DataOutputStream::writeByte (14 bytes)

     Virtual frames (innermost first):
        0 - frame( sp=0x0000000308d9a0e0, unextended_sp=0x0000000308d9a0e0, fp=0x00000007959794b8, pc=0x0000000112de1c0c)
java.io.DataOutputStream.writeByte(DataOutputStream.java:153) - invokevirtual @ bci 5 
     Created vframeArray 0x00007f976f855220
DEOPT UNPACKING thread 0x00007f976f80d800 vframeArray 0x00007f976f855220 mode 2
     {method} {0x0000000119fcd738} &apos;writeByte&apos; &apos;(I)V&apos; in &apos;java/io/DataOutputStream&apos; - invokevirtual @ bci 5 sp = 0x0000000308d9a0b0
<uncommon_trap thread='9987' reason='class_check' action='maybe_recompile' compile_id='603' compiler='C2' count='3' state='class_check' stamp='4.190'>
Uncommon trap occurred in java.io.DataOutputStream::writeByte (@0x0000000112de1c0c) thread=9987 reason=class_check action=maybe_recompile unloaded_class_index=-1
<jvms bci='5' method='java/io/DataOutputStream writeByte (I)V' bytes='14' count='50' backedge_count='1' iicount='100' class_check_traps='3'/>
</uncommon_trap>
DEOPT PACKING thread 0x00007f976f80d800 Compiled frame (sp=0x0000000308d9a0e0 unextended sp=0x0000000308d9a0e0, fp=0x00000007959794b8, real_fp=0x0000000308d9a110, pc=0x0000000112de1c0c)
     nmethod   4190  603             java.io.DataOutputStream::writeByte (14 bytes)

     Virtual frames (innermost first):
        0 - frame( sp=0x0000000308d9a0e0, unextended_sp=0x0000000308d9a0e0, fp=0x00000007959794b8, pc=0x0000000112de1c0c)
java.io.DataOutputStream.writeByte(DataOutputStream.java:153) - invokevirtual @ bci 5 
     Created vframeArray 0x00007f977007a620
DEOPT UNPACKING thread 0x00007f976f80d800 vframeArray 0x00007f977007a620 mode 2
     {method} {0x0000000119fcd738} &apos;writeByte&apos; &apos;(I)V&apos; in &apos;java/io/DataOutputStream&apos; - invokevirtual @ bci 5 sp = 0x0000000308d9a0b0
<uncommon_trap thread='9987' reason='class_check' action='maybe_recompile' compile_id='611' compiler='C2' count='1' state='class_check' stamp='4.219'>
Uncommon trap occurred in java.io.DataOutputStream::writeShort (@0x0000000112de2978) thread=9987 reason=class_check action=maybe_recompile unloaded_class_index=-1
<jvms bci='12' method='java/io/DataOutputStream writeShort (I)V' bytes='35' count='50' backedge_count='1' iicount='100' class_check_traps='1'/>
</uncommon_trap>
DEOPT PACKING thread 0x00007f976f80d800 Compiled frame (sp=0x0000000308d9a0e0 unextended sp=0x0000000308d9a0e0, fp=0x00000007959794b8, real_fp=0x0000000308d9a110, pc=0x0000000112de2978)
     nmethod   4219  611             java.io.DataOutputStream::writeShort (35 bytes)

     Virtual frames (innermost first):
        0 - frame( sp=0x0000000308d9a0e0, unextended_sp=0x0000000308d9a0e0, fp=0x00000007959794b8, pc=0x0000000112de2978)
java.io.DataOutputStream.writeShort(DataOutputStream.java:167) - invokevirtual @ bci 12 
     Created vframeArray 0x00007f9770068020
DEOPT UNPACKING thread 0x00007f976f80d800 vframeArray 0x00007f9770068020 mode 2
     {method} {0x0000000119fcd820} &apos;writeShort&apos; &apos;(I)V&apos; in &apos;java/io/DataOutputStream&apos; - invokevirtual @ bci 12 sp = 0x0000000308d9a0b0
<uncommon_trap thread='9987' reason='class_check' action='maybe_recompile' compile_id='611' compiler='C2' count='2' state='class_check' stamp='4.219'>
Uncommon trap occurred in java.io.DataOutputStream::writeShort (@0x0000000112de2978) thread=9987 reason=class_check action=maybe_recompile unloaded_class_index=-1
<jvms bci='12' method='java/io/DataOutputStream writeShort (I)V' bytes='35' count='50' backedge_count='1' iicount='100' class_check_traps='2'/>
</uncommon_trap>
DEOPT PACKING thread 0x00007f976f80d800 Compiled frame (sp=0x0000000308d9a0e0 unextended sp=0x0000000308d9a0e0, fp=0x00000007959794b8, real_fp=0x0000000308d9a110, pc=0x0000000112de2978)
     nmethod   4219  611             java.io.DataOutputStream::writeShort (35 bytes)

     Virtual frames (innermost first):
        0 - frame( sp=0x0000000308d9a0e0, unextended_sp=0x0000000308d9a0e0, fp=0x00000007959794b8, pc=0x0000000112de2978)
java.io.DataOutputStream.writeShort(DataOutputStream.java:167) - invokevirtual @ bci 12 
     Created vframeArray 0x00007f976f855220
DEOPT UNPACKING thread 0x00007f976f80d800 vframeArray 0x00007f976f855220 mode 2
     {method} {0x0000000119fcd820} &apos;writeShort&apos; &apos;(I)V&apos; in &apos;java/io/DataOutputStream&apos; - invokevirtual @ bci 12 sp = 0x0000000308d9a0b0
<uncommon_trap thread='9987' reason='class_check' action='maybe_recompile' compile_id='611' compiler='C2' count='3' state='class_check' stamp='4.220'>
Uncommon trap occurred in java.io.DataOutputStream::writeShort (@0x0000000112de2978) thread=9987 reason=class_check action=maybe_recompile unloaded_class_index=-1
<jvms bci='12' method='java/io/DataOutputStream writeShort (I)V' bytes='35' count='50' backedge_count='1' iicount='100' class_check_traps='3'/>
</uncommon_trap>
DEOPT PACKING thread 0x00007f976f80d800 Compiled frame (sp=0x0000000308d9a0e0 unextended sp=0x0000000308d9a0e0, fp=0x00000007959794b8, real_fp=0x0000000308d9a110, pc=0x0000000112de2978)
     nmethod   4219  611             java.io.DataOutputStream::writeShort (35 bytes)

     Virtual frames (innermost first):
        0 - frame( sp=0x0000000308d9a0e0, unextended_sp=0x0000000308d9a0e0, fp=0x00000007959794b8, pc=0x0000000112de2978)
java.io.DataOutputStream.writeShort(DataOutputStream.java:167) - invokevirtual @ bci 12 
     Created vframeArray 0x00007f976e853820
DEOPT UNPACKING thread 0x00007f976f80d800 vframeArray 0x00007f976e853820 mode 2
     {method} {0x0000000119fcd820} &apos;writeShort&apos; &apos;(I)V&apos; in &apos;java/io/DataOutputStream&apos; - invokevirtual @ bci 12 sp = 0x0000000308d9a0b0
C1 Runtime statistics:
 _resolve_invoke_virtual_cnt:     14
 _resolve_invoke_opt_virtual_cnt: 602
 _resolve_invoke_static_cnt:      498
 _handle_wrong_method_cnt:        32
 _ic_miss_cnt:                    8
 _generic_arraycopy_cnt:          0
 _generic_arraycopystub_cnt:      0
 _byte_arraycopy_cnt:             0
 _short_arraycopy_cnt:            0
 _int_arraycopy_cnt:              0
 _long_arraycopy_cnt:             0
 _primitive_arraycopy_cnt:        0
 _oop_arraycopy_cnt (C):          0
 _oop_arraycopy_cnt (stub):       0
 _arraycopy_slowcase_cnt:         0
 _arraycopy_checkcast_cnt:        0
 _arraycopy_checkcast_attempt_cnt:0
 _new_type_array_slowcase_cnt:    0
 _new_object_array_slowcase_cnt:  0
 _new_instance_slowcase_cnt:      0
 _new_multi_array_slowcase_cnt:   0
 _monitorenter_slowcase_cnt:      0
 _monitorexit_slowcase_cnt:       0
 _patch_code_slowcase_cnt:        0
 _throw_range_check_exception_count:            0:
 _throw_index_exception_count:                  0:
 _throw_div0_exception_count:                   0:
 _throw_null_pointer_exception_count:           0:
 _throw_class_cast_exception_count:             0:
 _throw_incompatible_class_change_error_count:  0:
 _throw_array_store_exception_count:            0:
 _throw_count:                                  0:

<statistics type='deoptimization'>
Deoptimization traps recorded:
    75 (100.0%) total
       null_check/make_not_entrant/aastore: 1 (1.3%)
  null_check/make_not_entrant/invokestatic: 1 (1.3%)
     null_assert/make_not_entrant/astore_3: 1 (1.3%)
  class_check/maybe_recompile/invokevirtual: 20 (26.7%)
   bimorphic/maybe_recompile/invokevirtual: 6 (8.0%)
                       constraint/none/nop: 1 (1.3%)
           predicate/maybe_recompile/aload: 1 (1.3%)
    loop_limit_check/maybe_recompile/aload: 2 (2.7%)
  loop_limit_check/maybe_recompile/aload_0: 1 (1.3%)
    loop_limit_check/maybe_recompile/iload: 1 (1.3%)
         unstable_if/reinterpret/if_icmpeq: 1 (1.3%)
         unstable_if/reinterpret/if_icmpge: 3 (4.0%)
         unstable_if/reinterpret/ifnonnull: 9 (12.0%)
               unstable_if/reinterpret/nop: 27 (36.0%)
</statistics>
<statistics type='SharedRuntime'>
    4 new array requires GC
    8 inline cache miss in compiled
   32 wrong method
  498 unresolved static call site
   14 unresolved virtual call site
  602 unresolved opt virtual call site
  133 slow partial subtype
  598 byte array copies
 7912 short array copies
  619 int array copies
 1496 long array copies
   10 checkcast array copies
   72 find exception handler
   43 rethrow handler
AdapterHandlerTable: empty 157 longest 3 total 182 average 1.338235
AdapterHandlerTable: lookups 8887 buckets 9249 equals 8430 hits 8430 compact 8430
</statistics>
<statistics type='nmethod'>
Statistics for 81 native nmethods:
 N. total size  = 76504
 N. relocation  = 6736
 N. main code   = 44168
Statistics for 547 bytecoded nmethods:
 total in heap  = 1143112
 relocation     = 53056
 constants      = 3136
 main code      = 384576
 stub code      = 32056
 oops           = 720
 scopes data    = 143880
 scopes pcs     = 284960
 dependencies   = 4632
 handler table  = 39488
 nul chk table  = 8792
Debug Data Chunks: 30895, shared 4461+7995, non-SP&apos;s elided 122
PcDesc Statistics:  2076 queries, 8.30 comparisons per query
  caches=547 queries=2076/0, hits=0+490, tests=7445+9796, adds=1586
</statistics>
<statistics type='opto'>
--- Compiler Statistics ---
Methods seen: 1428  Methods parsed: 1428  Nodes created: 410298
Blocks parsed: 5114  Blocks seen: 6190
6413 original NULL checks - 4643 elided (72%); optimizer leaves 1793,
790 made implicit (44%)
CCP: 547  constants found: 5
Total frameslots = 3584, Max frameslots = 56
Inserted 0 spill loads, 0 spill stores, 0 mem-mem moves and 0 copies.
Total load cost=      0, store cost =      0, mem-mem cost =  0.00, copy cost =     0.
Adjusted spill cost =       0.
Conservatively coalesced 4901 copies, 0 pairs, 7915 post alloc.
Used cisc instruction  437,  remained in register 2244
Average allocation trips 1.738899
High Pressure Blocks = 0, Low Pressure Blocks = 0
Nops added 0 bytes to total of 377723 bytes, for 0.00%
Peephole: peephole rules applied: 0
PhaseIdealLoop=1844, sum _unique=927268
</statistics>
<statistics type='intrinsic'>
Compiler intrinsic usage:
    11 ( 5.5%) _hashCode (worked,virtual,nonvirtual)
     6 ( 3.0%) _getClass (worked)
     9 ( 4.5%) _clone (worked)
    18 ( 9.0%) _min (worked)
     9 ( 4.5%) _max (worked)
     6 ( 3.0%) _nanoTime (worked)
    28 (14.0%) _arraycopy (worked)
     4 ( 2.0%) _currentThread (worked)
     3 ( 1.5%) _isAssignableFrom (worked)
     1 ( 0.5%) _getModifiers (worked)
     5 ( 2.5%) _isInterface (worked)
     8 ( 4.0%) _isArray (worked)
    18 ( 9.0%) _isPrimitive (worked)
     4 ( 2.0%) _getComponentType (worked)
     9 ( 4.5%) _getCallerClass (worked,failed)
     3 ( 1.5%) _newArray (worked)
     2 ( 1.0%) _copyOf (worked)
     1 ( 0.5%) _copyOfRange (worked)
     4 ( 2.0%) _indexOf (worked)
    19 ( 9.5%) _equals (worked)
     0 ( 0.0%) _checkIndex (disabled)
    11 ( 5.5%) _Reference_get (worked)
     8 ( 4.0%) _getObjectVolatile (worked)
     1 ( 0.5%) _putObjectVolatile (worked)
     3 ( 1.5%) _getLong_raw (worked)
     2 ( 1.0%) _putLong_raw (worked)
     2 ( 1.0%) _compareAndSwapObject (worked)
     1 ( 0.5%) _compareAndSwapLong (worked)
     4 ( 2.0%) _compareAndSwapInt (worked)
   200 (100.0%) total (worked,failed,disabled,virtual,nonvirtual)
</statistics>
<writer thread='16643'/>
<destroy_vm stamp='4.326'/>
<tty_done stamp='4.337'/>
</tty>
<hotspot_log_done stamp='4.337'/>
</hotspot_log>
