<?xml version='1.0' encoding='UTF-8'?>
<hotspot_log version='160 1' process='18694' time_ms='1783300625704'>
<vm_version>
<name>
OpenJDK 64-Bit Server VM
</name>
<release>
25.512-b00-fastdebug
</release>
<info>
OpenJDK 64-Bit Server VM (25.512-b00-fastdebug) for bsd-amd64 JRE (1.8.0_512-internal-xiezhaokun_2026_07_04_16_29-b00), built on Jul  4 2026 18:13:54 by &quot;xiezhaokun&quot; with gcc Apple LLVM 16.0.0 (clang-1600.0.26.6)
</info>
</vm_version>
<vm_arguments>
<args>
-Xbatch -XX:CompileThreshold=20 -XX:BackEdgeThreshold=30 -XX:-TieredCompilation -XX:CICompilerCount=1 -XX:+UnlockDiagnosticVMOptions -XX:CompileCommand=quiet -XX:+StressGCM -XX:+StressLCM -XX:+StressReflectiveCode -XX:+TraceDeoptimization -Drepro.iterations=90000 -Drepro.seconds=0 -Drepro.clearCacheEvery=97 -Drepro.deoptAfter=22000 -Drepro.target=osr 
</args>
<command>
repro.ResolvableTypeC2Repro
</command>
<launcher>
SUN_STANDARD
</launcher>
<properties>
java.vm.specification.name=Java Virtual Machine Specification
java.vm.version=25.512-b00-fastdebug
java.vm.name=OpenJDK 64-Bit Server VM
java.vm.info=mixed mode, sharing
java.ext.dirs=/Users/xiezhaokun/Library/Java/Extensions:/Users/xiezhaokun/workspace/jdk8u-dev/build/codex-fastdebug-x86_64/jdk/lib/ext:/Library/Java/Extensions:/Network/Library/Java/Extensions:/System/Library/Java/Extensions:/usr/lib/java
java.endorsed.dirs=/Users/xiezhaokun/workspace/jdk8u-dev/build/codex-fastdebug-x86_64/jdk/lib/endorsed
sun.boot.library.path=/Users/xiezhaokun/workspace/jdk8u-dev/build/codex-fastdebug-x86_64/jdk/lib
java.library.path=/Users/xiezhaokun/Library/Java/Extensions:/Library/Java/Extensions:/Network/Library/Java/Extensions:/System/Library/Java/Extensions:/usr/lib/java:.
java.home=/Users/xiezhaokun/workspace/jdk8u-dev/build/codex-fastdebug-x86_64/jdk
java.class.path=/Users/xiezhaokun/workspace/jdk8u-dev/repro/spring-resolvabletype-c2/target/classes:/Users/xiezhaokun/workspace/jdk8u-dev/repro/spring-resolvabletype-c2/target/dependency/spring-core-5.3.31.jar:/Users/xiezhaokun/workspace/jdk8u-dev/repro/spring-resolvabletype-c2/target/dependency/spring-jcl-5.3.31.jar
sun.boot.class.path=/Users/xiezhaokun/workspace/jdk8u-dev/build/codex-fastdebug-x86_64/jdk/lib/resources.jar:/Users/xiezhaokun/workspace/jdk8u-dev/build/codex-fastdebug-x86_64/jdk/lib/rt.jar:/Users/xiezhaokun/workspace/jdk8u-dev/build/codex-fastdebug-x86_64/jdk/lib/sunrsasign.jar:/Users/xiezhaokun/workspace/jdk8u-dev/build/codex-fastdebug-x86_64/jdk/lib/jsse.jar:/Users/xiezhaokun/workspace/jdk8u-dev/build/codex-fastdebug-x86_64/jdk/lib/jce.jar:/Users/xiezhaokun/workspace/jdk8u-dev/build/codex-fastdebug-x86_64/jdk/lib/charsets.jar:/Users/xiezhaokun/workspace/jdk8u-dev/build/codex-fastdebug-x86_64/jdk/lib/jfr.jar:/Users/xiezhaokun/workspace/jdk8u-dev/build/codex-fastdebug-x86_64/jdk/classes
java.vm.specification.vendor=Oracle Corporation
java.vm.specification.version=1.8
java.vm.vendor=Oracle Corporation
repro.iterations=90000
repro.seconds=0
repro.clearCacheEvery=97
repro.deoptAfter=22000
repro.target=osr
sun.java.command=repro.ResolvableTypeC2Repro
sun.java.launcher=SUN_STANDARD
</properties>
</vm_arguments>
<tty>
<blob name='MethodHandlesAdapterBlob' size='182000'>
<sect index='1' size='182000' free='177710'/>
</blob>
<writer thread='9475'/>
<uncommon_trap thread='9475' reason='uninitialized' action='reinterpret' compile_id='37' compiler='C2' stamp='0.560'>
Uncommon trap occurred in java.io.ObjectStreamField::getClassSignature (@0x00000001134c5138) thread=9475 reason=uninitialized action=reinterpret unloaded_class_index=-1
<jvms bci='123' method='java/io/ObjectStreamField getClassSignature (Ljava/lang/Class;)Ljava/lang/String;' bytes='242' count='10' backedge_count='3' iicount='18'/>
</uncommon_trap>
DEOPT PACKING thread 0x00007fd90c00b800 Compiled frame (sp=0x0000000309bc2060 unextended sp=0x0000000309bc2060, fp=0x0000000010200031, real_fp=0x0000000309bc2130, pc=0x00000001134c5138)
     nmethod    560   37             java.io.ObjectStreamField::getClassSignature (242 bytes)

     Virtual frames (innermost first):
        0 - frame( sp=0x0000000309bc2060, unextended_sp=0x0000000309bc2060, fp=0x0000000010200031, pc=0x00000001134c5138)
java.io.ObjectStreamField.getClassSignature(ObjectStreamField.java:310) - getstatic @ bci 123 
     Created vframeArray 0x00007fd90c035c20
DEOPT UNPACKING thread 0x00007fd90c00b800 vframeArray 0x00007fd90c035c20 mode 2
     {method} {0x000000011a3e8eb8} &apos;getClassSignature&apos; &apos;(Ljava/lang/Class;)Ljava/lang/String;&apos; in &apos;java/io/ObjectStreamField&apos; - getstatic @ bci 123 sp = 0x0000000309bc20d0
<uncommon_trap thread='9475' reason='unstable_if' action='reinterpret' compile_id='5' compiler='C2' stamp='0.623'>
Uncommon trap occurred in java.lang.String::equals (@0x000000011347f274) thread=9475 reason=unstable_if action=reinterpret unloaded_class_index=-1
<jvms bci='66' method='java/lang/String equals (Ljava/lang/Object;)Z' bytes='81' count='10' backedge_count='10' iicount='251'/>
</uncommon_trap>
DEOPT PACKING thread 0x00007fd90c00b800 Compiled frame (sp=0x0000000309bc0f20 unextended sp=0x0000000309bc0f20, fp=0x0000000000000031, real_fp=0x0000000309bc0f60, pc=0x000000011347f274)
     nmethod    623    5             java.lang.String::equals (81 bytes)

     Virtual frames (innermost first):
        0 - frame( sp=0x0000000309bc0f20, unextended_sp=0x0000000309bc0f20, fp=0x0000000000000031, pc=0x000000011347f274)
java.lang.String.equals(String.java:988) - if_icmpeq @ bci 66 
     Created vframeArray 0x00007fd90c037020
DEOPT UNPACKING thread 0x00007fd90c00b800 vframeArray 0x00007fd90c037020 mode 2
     {method} {0x000000011a31a488} &apos;equals&apos; &apos;(Ljava/lang/Object;)Z&apos; in &apos;java/lang/String&apos; - if_icmpeq @ bci 66 sp = 0x0000000309bc0ed8
<dependency_failed type='abstract_with_unique_concrete_subtype' ctxk='java/nio/ByteBuffer' x='java/nio/HeapByteBuffer' witness='java/nio/DirectByteBuffer' stamp='0.720'/>
<uncommon_trap thread='9475' reason='unstable_if' action='reinterpret' compile_id='26' compiler='C2' stamp='1.034'>
Uncommon trap occurred in java.lang.String::replace (@0x00000001134b53c8) thread=9475 reason=unstable_if action=reinterpret unloaded_class_index=-1
<jvms bci='26' method='java/lang/String replace (CC)Ljava/lang/String;' bytes='127' count='10' backedge_count='37' iicount='12'/>
</uncommon_trap>
DEOPT PACKING thread 0x00007fd90c00b800 Compiled frame (sp=0x0000000309bc3640 unextended sp=0x0000000309bc3640, fp=0x0000000000000005, real_fp=0x0000000309bc36b0, pc=0x00000001134b53c8)
     nmethod   1034   26             java.lang.String::replace (127 bytes)

     Virtual frames (innermost first):
        0 - frame( sp=0x0000000309bc3640, unextended_sp=0x0000000309bc3640, fp=0x0000000000000005, pc=0x00000001134b53c8)
java.lang.String.replace(String.java:2072) - if_icmpge @ bci 26 
     Created vframeArray 0x00007fd90d05e220
DEOPT UNPACKING thread 0x00007fd90c00b800 vframeArray 0x00007fd90d05e220 mode 2
     {method} {0x000000011a31c7c8} &apos;replace&apos; &apos;(CC)Ljava/lang/String;&apos; in &apos;java/lang/String&apos; - if_icmpge @ bci 26 sp = 0x0000000309bc3628
<uncommon_trap thread='9475' reason='loop_limit_check' action='maybe_recompile' compile_id='57' compiler='C2' stamp='1.131'>
Uncommon trap occurred in java.lang.String::equals (@0x00000001134cb340) thread=9475 reason=loop_limit_check action=maybe_recompile unloaded_class_index=-1
<jvms bci='56' method='java/lang/String equals (Ljava/lang/Object;)Z' bytes='81' count='4' backedge_count='20' iicount='254' decompiles='1' unstable_if_traps='1'/>
</uncommon_trap>
DEOPT PACKING thread 0x00007fd90c00b800 Compiled frame (sp=0x0000000309bc2f40 unextended sp=0x0000000309bc2f40, fp=0x0000000000000000, real_fp=0x0000000309bc2f80, pc=0x00000001134cb340)
     nmethod   1131   57             java.lang.String::equals (81 bytes)

     Virtual frames (innermost first):
        0 - frame( sp=0x0000000309bc2f40, unextended_sp=0x0000000309bc2f40, fp=0x0000000000000000, pc=0x00000001134cb340)
java.lang.String.equals(String.java:988) - aload @ bci 56 
     Created vframeArray 0x00007fd90d833620
DEOPT UNPACKING thread 0x00007fd90c00b800 vframeArray 0x00007fd90d833620 mode 2
     {method} {0x000000011a31a488} &apos;equals&apos; &apos;(Ljava/lang/Object;)Z&apos; in &apos;java/lang/String&apos; - aload @ bci 56 sp = 0x0000000309bc2f08
<uncommon_trap thread='9475' reason='predicate' action='maybe_recompile' compile_id='126' compiler='C2' stamp='1.259'>
Uncommon trap occurred in sun.net.www.ParseUtil::encodePath (@0x00000001134e6d84) thread=9475 reason=predicate action=maybe_recompile unloaded_class_index=-1
<jvms bci='36' method='sun/net/www/ParseUtil encodePath (Ljava/lang/String;Z)Ljava/lang/String;' bytes='336' count='7' backedge_count='43' iicount='7'/>
</uncommon_trap>
DEOPT PACKING thread 0x00007fd90c00b800 Compiled frame (sp=0x0000000309bc25f0 unextended sp=0x0000000309bc25f0, fp=0x0000000000000000, real_fp=0x0000000309bc2650, pc=0x00000001134e6d84)
     nmethod   1258  126             sun.net.www.ParseUtil::encodePath (336 bytes)

     Virtual frames (innermost first):
        0 - frame( sp=0x0000000309bc25f0, unextended_sp=0x0000000309bc25f0, fp=0x0000000000000000, pc=0x00000001134e6d84)
sun.net.www.ParseUtil.encodePath(ParseUtil.java:111) - aload @ bci 36 
     Created vframeArray 0x00007fd90c037020
DEOPT UNPACKING thread 0x00007fd90c00b800 vframeArray 0x00007fd90c037020 mode 2
     {method} {0x000000011a4fde80} &apos;encodePath&apos; &apos;(Ljava/lang/String;Z)Ljava/lang/String;&apos; in &apos;sun/net/www/ParseUtil&apos; - aload @ bci 36 sp = 0x0000000309bc25c0
<uncommon_trap thread='9475' reason='class_check' action='maybe_recompile' compile_id='121' compiler='C2' stamp='1.266'>
Uncommon trap occurred in java.util.HashMap::getNode (@0x00000001134e54f8) thread=9475 reason=class_check action=maybe_recompile unloaded_class_index=-1
<jvms bci='59' method='java/util/HashMap getNode (ILjava/lang/Object;)Ljava/util/HashMap$Node;' bytes='148' count='10' backedge_count='1' iicount='38'/>
</uncommon_trap>
DEOPT PACKING thread 0x00007fd90c00b800 Compiled frame (sp=0x0000000309bc24a0 unextended sp=0x0000000309bc24a0, fp=0x0000000001494fe6, real_fp=0x0000000309bc24e0, pc=0x00000001134e54f8)
     nmethod   1265  121             java.util.HashMap::getNode (148 bytes)

     Virtual frames (innermost first):
        0 - frame( sp=0x0000000309bc24a0, unextended_sp=0x0000000309bc24a0, fp=0x0000000001494fe6, pc=0x00000001134e54f8)
java.util.HashMap.getNode(HashMap.java:573) - invokevirtual @ bci 59 
     Created vframeArray 0x00007fd90d833620
DEOPT UNPACKING thread 0x00007fd90c00b800 vframeArray 0x00007fd90d833620 mode 2
     {method} {0x000000011a42b060} &apos;getNode&apos; &apos;(ILjava/lang/Object;)Ljava/util/HashMap$Node;&apos; in &apos;java/util/HashMap&apos; - invokevirtual @ bci 59 sp = 0x0000000309bc2440
<uncommon_trap thread='9475' reason='class_check' action='maybe_recompile' compile_id='121' compiler='C2' count='1' state='class_check' stamp='1.326'>
Uncommon trap occurred in java.util.HashMap::getNode (@0x00000001134e54f8) thread=9475 reason=class_check action=maybe_recompile unloaded_class_index=-1
<jvms bci='59' method='java/util/HashMap getNode (ILjava/lang/Object;)Ljava/util/HashMap$Node;' bytes='148' count='10' backedge_count='1' iicount='38' class_check_traps='1'/>
</uncommon_trap>
DEOPT PACKING thread 0x00007fd90c00b800 Compiled frame (sp=0x0000000309bbfbd0 unextended sp=0x0000000309bbfbd0, fp=0x0000000001494fe6, real_fp=0x0000000309bbfc10, pc=0x00000001134e54f8)
     nmethod   1326  121             java.util.HashMap::getNode (148 bytes)

     Virtual frames (innermost first):
        0 - frame( sp=0x0000000309bbfbd0, unextended_sp=0x0000000309bbfbd0, fp=0x0000000001494fe6, pc=0x00000001134e54f8)
java.util.HashMap.getNode(HashMap.java:573) - invokevirtual @ bci 59 
     Created vframeArray 0x00007fd90c02c620
DEOPT UNPACKING thread 0x00007fd90c00b800 vframeArray 0x00007fd90c02c620 mode 2
     {method} {0x000000011a42b060} &apos;getNode&apos; &apos;(ILjava/lang/Object;)Ljava/util/HashMap$Node;&apos; in &apos;java/util/HashMap&apos; - invokevirtual @ bci 59 sp = 0x0000000309bbfb70
<uncommon_trap thread='9475' reason='class_check' action='maybe_recompile' compile_id='121' compiler='C2' count='2' state='class_check' stamp='1.425'>
Uncommon trap occurred in java.util.HashMap::getNode (@0x00000001134e54f8) thread=9475 reason=class_check action=maybe_recompile unloaded_class_index=-1
<jvms bci='59' method='java/util/HashMap getNode (ILjava/lang/Object;)Ljava/util/HashMap$Node;' bytes='148' count='10' backedge_count='1' iicount='38' class_check_traps='2'/>
</uncommon_trap>
DEOPT PACKING thread 0x00007fd90c00b800 Compiled frame (sp=0x0000000309bc24a0 unextended sp=0x0000000309bc24a0, fp=0x0000000001494fe6, real_fp=0x0000000309bc24e0, pc=0x00000001134e54f8)
     nmethod   1425  121             java.util.HashMap::getNode (148 bytes)

     Virtual frames (innermost first):
        0 - frame( sp=0x0000000309bc24a0, unextended_sp=0x0000000309bc24a0, fp=0x0000000001494fe6, pc=0x00000001134e54f8)
java.util.HashMap.getNode(HashMap.java:573) - invokevirtual @ bci 59 
     Created vframeArray 0x00007fd90c051620
DEOPT UNPACKING thread 0x00007fd90c00b800 vframeArray 0x00007fd90c051620 mode 2
     {method} {0x000000011a42b060} &apos;getNode&apos; &apos;(ILjava/lang/Object;)Ljava/util/HashMap$Node;&apos; in &apos;java/util/HashMap&apos; - invokevirtual @ bci 59 sp = 0x0000000309bc2440
<uncommon_trap thread='9475' reason='unstable_if' action='reinterpret' compile_id='161' compiler='C2' stamp='1.435'>
Uncommon trap occurred in java.util.concurrent.ConcurrentHashMap::addCount (@0x0000000113500d4c) thread=9475 reason=unstable_if action=reinterpret unloaded_class_index=-1
<jvms bci='135' method='java/util/concurrent/ConcurrentHashMap addCount (JI)V' bytes='281' count='11' backedge_count='1' iicount='48'/>
</uncommon_trap>
DEOPT PACKING thread 0x00007fd90c00b800 Compiled frame (sp=0x0000000309bc3370 unextended sp=0x0000000309bc3370, fp=0x0000000000000000, real_fp=0x0000000309bc33b0, pc=0x0000000113500d4c)
     nmethod   1435  161             java.util.concurrent.ConcurrentHashMap::addCount (281 bytes)

     Virtual frames (innermost first):
        0 - frame( sp=0x0000000309bc3370, unextended_sp=0x0000000309bc3370, fp=0x0000000000000000, pc=0x0000000113500d4c)
java.util.concurrent.ConcurrentHashMap.addCount(ConcurrentHashMap.java:2275) - iflt @ bci 135 
     Created vframeArray 0x00007fd90c02c620
DEOPT UNPACKING thread 0x00007fd90c00b800 vframeArray 0x00007fd90c02c620 mode 2
     {method} {0x000000011a51ef90} &apos;addCount&apos; &apos;(JI)V&apos; in &apos;java/util/concurrent/ConcurrentHashMap&apos; - iflt @ bci 135 sp = 0x0000000309bc32e8
<dependency_failed type='leaf_type' ctxk='java/util/concurrent/ConcurrentHashMap$Node' witness='java/util/concurrent/ConcurrentHashMap$ForwardingNode' stamp='1.437'/>
DEOPT PACKING thread 0x00007fd90c00b800 Deoptimized frame (sp=0x0000000309bc33b0 unextended sp=0x0000000309bc33b0, fp=0x0000000000000000, real_fp=0x0000000309bc3480, pc=0x00000001134b67d0)
     nmethod   1441   32   !         java.util.concurrent.ConcurrentHashMap::putVal (362 bytes)

     Virtual frames (innermost first):
        0 - frame( sp=0x0000000309bc33b0, unextended_sp=0x0000000309bc33b0, fp=0x0000000000000000, pc=0x00000001134b67d0)
java.util.concurrent.ConcurrentHashMap.putVal(ConcurrentHashMap.java:1070) - invokespecial @ bci 357 
     Created vframeArray 0x00007fd90d833620
DEOPT UNPACKING thread 0x00007fd90c00b800 vframeArray 0x00007fd90d833620 mode 0
     {method} {0x000000011a51b908} &apos;putVal&apos; &apos;(Ljava/lang/Object;Ljava/lang/Object;Z)Ljava/lang/Object;&apos; in &apos;java/util/concurrent/ConcurrentHashMap&apos; - invokespecial @ bci 357 sp = 0x0000000309bc33a8
<uncommon_trap thread='9475' reason='class_check' action='maybe_recompile' compile_id='121' compiler='C2' count='3' state='class_check' stamp='1.542'>
Uncommon trap occurred in java.util.HashMap::getNode (@0x00000001134e54f8) thread=9475 reason=class_check action=maybe_recompile unloaded_class_index=-1
<jvms bci='59' method='java/util/HashMap getNode (ILjava/lang/Object;)Ljava/util/HashMap$Node;' bytes='148' count='10' backedge_count='1' iicount='38' class_check_traps='3'/>
</uncommon_trap>
DEOPT PACKING thread 0x00007fd90c00b800 Compiled frame (sp=0x0000000309bc24a0 unextended sp=0x0000000309bc24a0, fp=0x0000000001494fe6, real_fp=0x0000000309bc24e0, pc=0x00000001134e54f8)
     nmethod   1541  121             java.util.HashMap::getNode (148 bytes)

     Virtual frames (innermost first):
        0 - frame( sp=0x0000000309bc24a0, unextended_sp=0x0000000309bc24a0, fp=0x0000000001494fe6, pc=0x00000001134e54f8)
java.util.HashMap.getNode(HashMap.java:573) - invokevirtual @ bci 59 
     Created vframeArray 0x00007fd90c02c620
DEOPT UNPACKING thread 0x00007fd90c00b800 vframeArray 0x00007fd90c02c620 mode 2
     {method} {0x000000011a42b060} &apos;getNode&apos; &apos;(ILjava/lang/Object;)Ljava/util/HashMap$Node;&apos; in &apos;java/util/HashMap&apos; - invokevirtual @ bci 59 sp = 0x0000000309bc2440
<uncommon_trap thread='9475' reason='class_check' action='maybe_recompile' compile_id='187' compiler='C2' stamp='2.080'>
Uncommon trap occurred in sun.misc.URLClassPath::getLoader (@0x0000000113510c40) thread=9475 reason=class_check action=maybe_recompile unloaded_class_index=-1
<jvms bci='94' method='sun/misc/URLClassPath getLoader (I)Lsun/misc/URLClassPath$Loader;' bytes='243' count='10' backedge_count='4' iicount='16'/>
</uncommon_trap>
DEOPT PACKING thread 0x00007fd90c00b800 Compiled frame (sp=0x0000000309bc27d0 unextended sp=0x0000000309bc27d0, fp=0x00000007955c52b0, real_fp=0x0000000309bc2850, pc=0x0000000113510c40)
     nmethod   2080  187  s!         sun.misc.URLClassPath::getLoader (243 bytes)

     Virtual frames (innermost first):
        0 - frame( sp=0x0000000309bc27d0, unextended_sp=0x0000000309bc27d0, fp=0x00000007955c52b0, pc=0x0000000113510c40)
sun.misc.URLClassPath.getLoader(URLClassPath.java:533) - invokevirtual @ bci 94 
     Created vframeArray 0x00007fd90d036620
DEOPT UNPACKING thread 0x00007fd90c00b800 vframeArray 0x00007fd90d036620 mode 2
     {method} {0x000000011a54d868} &apos;getLoader&apos; &apos;(I)Lsun/misc/URLClassPath$Loader;&apos; in &apos;sun/misc/URLClassPath&apos; - invokevirtual @ bci 94 sp = 0x0000000309bc27b8
<uncommon_trap thread='9475' reason='class_check' action='maybe_recompile' compile_id='191' compiler='C2' stamp='2.082'>
Uncommon trap occurred in java.net.URL::&lt;init&gt; (@0x0000000113515f88) thread=9475 reason=class_check action=maybe_recompile unloaded_class_index=-1
<jvms bci='504' method='java/net/URL &lt;init&gt; (Ljava/net/URL;Ljava/lang/String;Ljava/net/URLStreamHandler;)V' bytes='543' count='7' backedge_count='11' iicount='7'/>
</uncommon_trap>
DEOPT PACKING thread 0x00007fd90c00b800 Compiled frame (sp=0x0000000309bc2710 unextended sp=0x0000000309bc2710, fp=0x00000007955c54d8, real_fp=0x0000000309bc2780, pc=0x0000000113515f88)
     nmethod   2082  191   !         java.net.URL::&lt;init&gt; (543 bytes)

     Virtual frames (innermost first):
        0 - frame( sp=0x0000000309bc2710, unextended_sp=0x0000000309bc2710, fp=0x00000007955c54d8, pc=0x0000000113515f88)
java.net.URL.&lt;init&gt;(URL.java:640) - invokevirtual @ bci 504 
     Created vframeArray 0x00007fd90c02c620
DEOPT UNPACKING thread 0x00007fd90c00b800 vframeArray 0x00007fd90c02c620 mode 2
     {method} {0x000000011a3bd008} &apos;&lt;init&gt;&apos; &apos;(Ljava/net/URL;Ljava/lang/String;Ljava/net/URLStreamHandler;)V&apos; in &apos;java/net/URL&apos; - invokevirtual @ bci 504 sp = 0x0000000309bc2698
<dependency_failed type='abstract_with_unique_concrete_subtype' ctxk='sun/misc/Resource' x='sun/misc/URLClassPath$FileLoader$1' witness='sun/misc/URLClassPath$JarLoader$2' stamp='2.083'/>
<dependency_failed type='abstract_with_unique_concrete_subtype' ctxk='sun/misc/Resource' x='sun/misc/URLClassPath$FileLoader$1' witness='sun/misc/URLClassPath$JarLoader$2' stamp='2.083'/>
<dependency_failed type='abstract_with_unique_concrete_subtype' ctxk='sun/misc/Resource' x='sun/misc/URLClassPath$FileLoader$1' witness='sun/misc/URLClassPath$JarLoader$2' stamp='2.083'/>
<dependency_failed type='abstract_with_unique_concrete_subtype' ctxk='sun/misc/Resource' x='sun/misc/URLClassPath$FileLoader$1' witness='sun/misc/URLClassPath$JarLoader$2' stamp='2.083'/>
<dependency_failed type='abstract_with_unique_concrete_subtype' ctxk='sun/misc/Resource' x='sun/misc/URLClassPath$FileLoader$1' witness='sun/misc/URLClassPath$JarLoader$2' stamp='2.083'/>
<dependency_failed type='abstract_with_unique_concrete_subtype' ctxk='sun/misc/Resource' x='sun/misc/URLClassPath$FileLoader$1' witness='sun/misc/URLClassPath$JarLoader$2' stamp='2.083'/>
<dependency_failed type='abstract_with_unique_concrete_subtype' ctxk='sun/misc/Resource' x='sun/misc/URLClassPath$FileLoader$1' witness='sun/misc/URLClassPath$JarLoader$2' stamp='2.083'/>
<dependency_failed type='abstract_with_unique_concrete_subtype' ctxk='sun/misc/Resource' x='sun/misc/URLClassPath$FileLoader$1' witness='sun/misc/URLClassPath$JarLoader$2' stamp='2.083'/>
<dependency_failed type='abstract_with_unique_concrete_subtype' ctxk='sun/misc/Resource' x='sun/misc/URLClassPath$FileLoader$1' witness='sun/misc/URLClassPath$JarLoader$2' stamp='2.084'/>
<dependency_failed type='abstract_with_unique_concrete_subtype' ctxk='sun/misc/Resource' x='sun/misc/URLClassPath$FileLoader$1' witness='sun/misc/URLClassPath$JarLoader$2' stamp='2.084'/>
<dependency_failed type='abstract_with_unique_concrete_subtype' ctxk='sun/misc/Resource' x='sun/misc/URLClassPath$FileLoader$1' witness='sun/misc/URLClassPath$JarLoader$2' stamp='2.084'/>
<dependency_failed type='abstract_with_unique_concrete_subtype' ctxk='sun/misc/Resource' x='sun/misc/URLClassPath$FileLoader$1' witness='sun/misc/URLClassPath$JarLoader$2' stamp='2.084'/>
<dependency_failed type='abstract_with_unique_concrete_subtype' ctxk='sun/misc/Resource' x='sun/misc/URLClassPath$FileLoader$1' witness='sun/misc/URLClassPath$JarLoader$2' stamp='2.084'/>
SAVED OOP RESULT 0x0000000795648ac0 in thread 0x00007fd90c00b800
DEOPT PACKING thread 0x00007fd90c00b800 Deoptimized frame (sp=0x0000000309bc2850 unextended sp=0x0000000309bc2850, fp=0x0000000795644060, real_fp=0x0000000309bc2890, pc=0x000000011351e468)
     nmethod   2084  221   !         sun.misc.URLClassPath$JarLoader::getResource (85 bytes)

     Virtual frames (innermost first):
        0 - frame( sp=0x0000000309bc2850, unextended_sp=0x0000000309bc2850, fp=0x0000000795644060, pc=0x000000011351e468)
sun.misc.URLClassPath$JarLoader.getResource(URLClassPath.java:1070) - invokevirtual @ bci 54 
     Created vframeArray 0x00007fd90c05e820
DEOPT UNPACKING thread 0x00007fd90c00b800 vframeArray 0x00007fd90c05e820 mode 0
     {method} {0x000000011a582888} &apos;getResource&apos; &apos;(Ljava/lang/String;Z)Lsun/misc/Resource;&apos; in &apos;sun/misc/URLClassPath$JarLoader&apos; - invokevirtual @ bci 54 sp = 0x0000000309bc2818
SAVED OOP RESULT 0x0000000795648ac0 in thread 0x00007fd90c00b800
DEOPT PACKING thread 0x00007fd90c00b800 Deoptimized frame (sp=0x0000000309bc2890 unextended sp=0x0000000309bc2890, fp=0x0000000000000001, real_fp=0x0000000309bc28e0, pc=0x000000011350a720)
     nmethod   2085  189             sun.misc.URLClassPath::getResource (83 bytes)

     Virtual frames (innermost first):
        0 - frame( sp=0x0000000309bc2890, unextended_sp=0x0000000309bc2890, fp=0x0000000000000001, pc=0x000000011350a720)
sun.misc.URLClassPath.getResource(URLClassPath.java:250) - invokevirtual @ bci 62 
     Created vframeArray 0x00007fd90c02c620
DEOPT UNPACKING thread 0x00007fd90c00b800 vframeArray 0x00007fd90c02c620 mode 0
     {method} {0x000000011a54c9f8} &apos;getResource&apos; &apos;(Ljava/lang/String;Z)Lsun/misc/Resource;&apos; in &apos;sun/misc/URLClassPath&apos; - invokevirtual @ bci 62 sp = 0x0000000309bc2858
SAVED OOP RESULT 0x0000000795648ac0 in thread 0x00007fd90c00b800
DEOPT PACKING thread 0x00007fd90c00b800 Deoptimized frame (sp=0x0000000309bc28e0 unextended sp=0x0000000309bc28e0, fp=0x0000000309bc29a0, real_fp=0x0000000309bc2910, pc=0x0000000113524dfc)
     nmethod   2085  236   !         java.net.URLClassLoader$1::run (81 bytes)

     Virtual frames (innermost first):
        0 - frame( sp=0x0000000309bc28e0, unextended_sp=0x0000000309bc28e0, fp=0x0000000309bc29a0, pc=0x0000000113524dfc)
java.net.URLClassLoader$1.run(URLClassLoader.java:366) - invokevirtual @ bci 26 
     Created vframeArray 0x00007fd90d83de20
DEOPT UNPACKING thread 0x00007fd90c00b800 vframeArray 0x00007fd90d83de20 mode 0
     {method} {0x000000011a57e8a0} &apos;run&apos; &apos;()Ljava/lang/Class;&apos; in &apos;java/net/URLClassLoader$1&apos; - invokevirtual @ bci 26 sp = 0x0000000309bc28a0
<uncommon_trap thread='9475' reason='class_check' action='maybe_recompile' compile_id='152' compiler='C2' stamp='2.233'>
Uncommon trap occurred in java.util.HashMap::putVal (@0x00000001134f64fc) thread=9475 reason=class_check action=maybe_recompile unloaded_class_index=-1
<jvms bci='152' method='java/util/HashMap putVal (ILjava/lang/Object;Ljava/lang/Object;ZZ)Ljava/lang/Object;' bytes='300' count='10' backedge_count='1' iicount='20'/>
</uncommon_trap>
DEOPT PACKING thread 0x00007fd90c00b800 Compiled frame (sp=0x0000000309bc22b0 unextended sp=0x0000000309bc22b0, fp=0x00000000f80039e2, real_fp=0x0000000309bc2320, pc=0x00000001134f64fc)
     nmethod   2233  152             java.util.HashMap::putVal (300 bytes)

     Virtual frames (innermost first):
        0 - frame( sp=0x0000000309bc22b0, unextended_sp=0x0000000309bc22b0, fp=0x00000000f80039e2, pc=0x00000001134f64fc)
java.util.HashMap.putVal(HashMap.java:643) - invokevirtual @ bci 152 
     Created vframeArray 0x00007fd90d83e620
DEOPT UNPACKING thread 0x00007fd90c00b800 vframeArray 0x00007fd90d83e620 mode 2
     {method} {0x000000011a42b4d0} &apos;putVal&apos; &apos;(ILjava/lang/Object;Ljava/lang/Object;ZZ)Ljava/lang/Object;&apos; in &apos;java/util/HashMap&apos; - invokevirtual @ bci 152 sp = 0x0000000309bc2238
<uncommon_trap thread='9475' reason='null_check' action='make_not_entrant' compile_id='264' compiler='C2' stamp='2.238'>
Uncommon trap occurred in java.lang.ClassLoader::getPackage (@0x000000011353afe4) thread=9475 reason=null_check action=make_not_entrant unloaded_class_index=-1
<jvms bci='15' method='java/lang/ClassLoader getPackage (Ljava/lang/String;)Ljava/lang/Package;' bytes='118' count='10' backedge_count='1' iicount='20'/>
</uncommon_trap>
DEOPT PACKING thread 0x00007fd90c00b800 Compiled frame (sp=0x0000000309bc2680 unextended sp=0x0000000309bc2680, fp=0x00000007955c4f70, real_fp=0x0000000309bc26d0, pc=0x000000011353afe4)
     nmethod   2238  264   !         java.lang.ClassLoader::getPackage (118 bytes)

     Virtual frames (innermost first):
        0 - frame( sp=0x0000000309bc2680, unextended_sp=0x0000000309bc2680, fp=0x00000007955c4f70, pc=0x000000011353afe4)
java.lang.ClassLoader.getPackage(ClassLoader.java:1612) - checkcast @ bci 15 
     Created vframeArray 0x00007fd90d036620
DEOPT UNPACKING thread 0x00007fd90c00b800 vframeArray 0x00007fd90d036620 mode 2
     {method} {0x000000011a330a58} &apos;getPackage&apos; &apos;(Ljava/lang/String;)Ljava/lang/Package;&apos; in &apos;java/lang/ClassLoader&apos; - checkcast @ bci 15 sp = 0x0000000309bc2638
<uncommon_trap thread='9475' reason='bimorphic' action='maybe_recompile' compile_id='244' compiler='C2' state='class_check recompiled' stamp='2.239'>
Uncommon trap occurred in java.util.HashMap::getNode (@0x000000011352b228) thread=9475 reason=bimorphic action=maybe_recompile unloaded_class_index=-1
<jvms bci='59' method='java/util/HashMap getNode (ILjava/lang/Object;)Ljava/util/HashMap$Node;' bytes='148' count='11' backedge_count='1' iicount='48' decompiles='1' class_check_traps='4'/>
</uncommon_trap>
DEOPT PACKING thread 0x00007fd90c00b800 Compiled frame (sp=0x0000000309bc24e0 unextended sp=0x0000000309bc24e0, fp=0x00000000f59c21e1, real_fp=0x0000000309bc2530, pc=0x000000011352b228)
     nmethod   2239  244             java.util.HashMap::getNode (148 bytes)

     Virtual frames (innermost first):
        0 - frame( sp=0x0000000309bc24e0, unextended_sp=0x0000000309bc24e0, fp=0x00000000f59c21e1, pc=0x000000011352b228)
java.util.HashMap.getNode(HashMap.java:573) - invokevirtual @ bci 59 
     Created vframeArray 0x00007fd90e051020
DEOPT UNPACKING thread 0x00007fd90c00b800 vframeArray 0x00007fd90e051020 mode 2
     {method} {0x000000011a42b060} &apos;getNode&apos; &apos;(ILjava/lang/Object;)Ljava/util/HashMap$Node;&apos; in &apos;java/util/HashMap&apos; - invokevirtual @ bci 59 sp = 0x0000000309bc2490
<uncommon_trap thread='9475' reason='bimorphic' action='maybe_recompile' compile_id='244' compiler='C2' count='1' state='#15' stamp='2.240'>
Uncommon trap occurred in java.util.HashMap::getNode (@0x000000011352b228) thread=9475 reason=bimorphic action=maybe_recompile unloaded_class_index=-1
<jvms bci='59' method='java/util/HashMap getNode (ILjava/lang/Object;)Ljava/util/HashMap$Node;' bytes='148' count='11' backedge_count='1' iicount='48' decompiles='1' class_check_traps='4' bimorphic_traps='1'/>
</uncommon_trap>
DEOPT PACKING thread 0x00007fd90c00b800 Compiled frame (sp=0x0000000309bc24e0 unextended sp=0x0000000309bc24e0, fp=0x000000006499bd24, real_fp=0x0000000309bc2530, pc=0x000000011352b228)
     nmethod   2239  244             java.util.HashMap::getNode (148 bytes)

     Virtual frames (innermost first):
        0 - frame( sp=0x0000000309bc24e0, unextended_sp=0x0000000309bc24e0, fp=0x000000006499bd24, pc=0x000000011352b228)
java.util.HashMap.getNode(HashMap.java:573) - invokevirtual @ bci 59 
     Created vframeArray 0x00007fd90d83e620
DEOPT UNPACKING thread 0x00007fd90c00b800 vframeArray 0x00007fd90d83e620 mode 2
     {method} {0x000000011a42b060} &apos;getNode&apos; &apos;(ILjava/lang/Object;)Ljava/util/HashMap$Node;&apos; in &apos;java/util/HashMap&apos; - invokevirtual @ bci 59 sp = 0x0000000309bc2490
<uncommon_trap thread='9475' reason='null_check' action='make_not_entrant' compile_id='302' compiler='C2' stamp='2.349'>
Uncommon trap occurred in java.security.SecureClassLoader::getProtectionDomain (@0x000000011350f654) thread=9475 reason=null_check action=make_not_entrant unloaded_class_index=-1
<jvms bci='23' method='java/security/SecureClassLoader getProtectionDomain (Ljava/security/CodeSource;)Ljava/security/ProtectionDomain;' bytes='114' count='10' backedge_count='1' iicount='20'/>
</uncommon_trap>
DEOPT PACKING thread 0x00007fd90c00b800 Compiled frame (sp=0x0000000309bc26d0 unextended sp=0x0000000309bc26d0, fp=0x00000007955c4f70, real_fp=0x0000000309bc2710, pc=0x000000011350f654)
     nmethod   2348  302   !         java.security.SecureClassLoader::getProtectionDomain (114 bytes)

     Virtual frames (innermost first):
        0 - frame( sp=0x0000000309bc26d0, unextended_sp=0x0000000309bc26d0, fp=0x00000007955c4f70, pc=0x000000011350f654)
java.security.SecureClassLoader.getProtectionDomain(SecureClassLoader.java:204) - checkcast @ bci 23 
     Created vframeArray 0x00007fd90d83de20
DEOPT UNPACKING thread 0x00007fd90c00b800 vframeArray 0x00007fd90d83de20 mode 2
     {method} {0x000000011a342898} &apos;getProtectionDomain&apos; &apos;(Ljava/security/CodeSource;)Ljava/security/ProtectionDomain;&apos; in &apos;java/security/SecureClassLoader&apos; - checkcast @ bci 23 sp = 0x0000000309bc2678
<uncommon_trap thread='9475' reason='null_check' action='make_not_entrant' compile_id='305' compiler='C2' stamp='2.362'>
Uncommon trap occurred in java.lang.ClassLoader::checkCerts (@0x000000011354b258) thread=9475 reason=null_check action=make_not_entrant unloaded_class_index=-1
<jvms bci='141' method='java/lang/ClassLoader checkCerts (Ljava/lang/String;Ljava/security/CodeSource;)V' bytes='195' count='10' backedge_count='1' iicount='20'/>
</uncommon_trap>
DEOPT PACKING thread 0x00007fd90c00b800 Compiled frame (sp=0x0000000309bc2630 unextended sp=0x0000000309bc2630, fp=0x00000007955c4f70, real_fp=0x0000000309bc2690, pc=0x000000011354b258)
     nmethod   2361  305   !         java.lang.ClassLoader::checkCerts (195 bytes)

     Virtual frames (innermost first):
        0 - frame( sp=0x0000000309bc2630, unextended_sp=0x0000000309bc2630, fp=0x00000007955c4f70, pc=0x000000011354b258)
java.lang.ClassLoader.checkCerts(ClassLoader.java:888) - checkcast @ bci 141 
     Created vframeArray 0x00007fd90c05fc20
DEOPT UNPACKING thread 0x00007fd90c00b800 vframeArray 0x00007fd90c05fc20 mode 2
     {method} {0x000000011a32ee28} &apos;checkCerts&apos; &apos;(Ljava/lang/String;Ljava/security/CodeSource;)V&apos; in &apos;java/lang/ClassLoader&apos; - checkcast @ bci 141 sp = 0x0000000309bc25f0
<uncommon_trap thread='9475' reason='class_check' action='maybe_recompile' compile_id='191' compiler='C2' count='1' state='class_check' stamp='2.391'>
Uncommon trap occurred in java.net.URL::&lt;init&gt; (@0x0000000113515f88) thread=9475 reason=class_check action=maybe_recompile unloaded_class_index=-1
<jvms bci='504' method='java/net/URL &lt;init&gt; (Ljava/net/URL;Ljava/lang/String;Ljava/net/URLStreamHandler;)V' bytes='543' count='3' backedge_count='11' iicount='7' class_check_traps='1'/>
</uncommon_trap>
DEOPT PACKING thread 0x00007fd90c00b800 Compiled frame (sp=0x0000000309bc20d0 unextended sp=0x0000000309bc20d0, fp=0x00000007955c54d8, real_fp=0x0000000309bc2140, pc=0x0000000113515f88)
     nmethod   2390  191   !         java.net.URL::&lt;init&gt; (543 bytes)

     Virtual frames (innermost first):
        0 - frame( sp=0x0000000309bc20d0, unextended_sp=0x0000000309bc20d0, fp=0x00000007955c54d8, pc=0x0000000113515f88)
java.net.URL.&lt;init&gt;(URL.java:640) - invokevirtual @ bci 504 
     Created vframeArray 0x00007fd90d036620
DEOPT UNPACKING thread 0x00007fd90c00b800 vframeArray 0x00007fd90d036620 mode 2
     {method} {0x000000011a3bd008} &apos;&lt;init&gt;&apos; &apos;(Ljava/net/URL;Ljava/lang/String;Ljava/net/URLStreamHandler;)V&apos; in &apos;java/net/URL&apos; - invokevirtual @ bci 504 sp = 0x0000000309bc2058
<uncommon_trap thread='9475' reason='bimorphic' action='maybe_recompile' compile_id='244' compiler='C2' count='2' state='#15' stamp='2.392'>
Uncommon trap occurred in java.util.HashMap::getNode (@0x000000011352b228) thread=9475 reason=bimorphic action=maybe_recompile unloaded_class_index=-1
<jvms bci='59' method='java/util/HashMap getNode (ILjava/lang/Object;)Ljava/util/HashMap$Node;' bytes='148' count='11' backedge_count='1' iicount='48' decompiles='1' class_check_traps='4' bimorphic_traps='2'/>
</uncommon_trap>
DEOPT PACKING thread 0x00007fd90c00b800 Compiled frame (sp=0x0000000309bc1f50 unextended sp=0x0000000309bc1f50, fp=0x00000000f59c21e1, real_fp=0x0000000309bc1fa0, pc=0x000000011352b228)
     nmethod   2391  244             java.util.HashMap::getNode (148 bytes)

     Virtual frames (innermost first):
        0 - frame( sp=0x0000000309bc1f50, unextended_sp=0x0000000309bc1f50, fp=0x00000000f59c21e1, pc=0x000000011352b228)
java.util.HashMap.getNode(HashMap.java:573) - invokevirtual @ bci 59 
     Created vframeArray 0x00007fd90d849620
DEOPT UNPACKING thread 0x00007fd90c00b800 vframeArray 0x00007fd90d849620 mode 2
     {method} {0x000000011a42b060} &apos;getNode&apos; &apos;(ILjava/lang/Object;)Ljava/util/HashMap$Node;&apos; in &apos;java/util/HashMap&apos; - invokevirtual @ bci 59 sp = 0x0000000309bc1f00
<uncommon_trap thread='9475' reason='bimorphic' action='maybe_recompile' compile_id='244' compiler='C2' count='3' state='#15' stamp='2.392'>
Uncommon trap occurred in java.util.HashMap::getNode (@0x000000011352b228) thread=9475 reason=bimorphic action=maybe_recompile unloaded_class_index=-1
<jvms bci='59' method='java/util/HashMap getNode (ILjava/lang/Object;)Ljava/util/HashMap$Node;' bytes='148' count='11' backedge_count='1' iicount='48' decompiles='1' class_check_traps='4' bimorphic_traps='3'/>
</uncommon_trap>
DEOPT PACKING thread 0x00007fd90c00b800 Compiled frame (sp=0x0000000309bc1f50 unextended sp=0x0000000309bc1f50, fp=0x000000006499bd24, real_fp=0x0000000309bc1fa0, pc=0x000000011352b228)
     nmethod   2392  244             java.util.HashMap::getNode (148 bytes)

     Virtual frames (innermost first):
        0 - frame( sp=0x0000000309bc1f50, unextended_sp=0x0000000309bc1f50, fp=0x000000006499bd24, pc=0x000000011352b228)
java.util.HashMap.getNode(HashMap.java:573) - invokevirtual @ bci 59 
     Created vframeArray 0x00007fd90d83ea20
DEOPT UNPACKING thread 0x00007fd90c00b800 vframeArray 0x00007fd90d83ea20 mode 2
     {method} {0x000000011a42b060} &apos;getNode&apos; &apos;(ILjava/lang/Object;)Ljava/util/HashMap$Node;&apos; in &apos;java/util/HashMap&apos; - invokevirtual @ bci 59 sp = 0x0000000309bc1f00
<uncommon_trap thread='9475' reason='class_check' action='maybe_recompile' compile_id='347' compiler='C2' stamp='2.395'>
Uncommon trap occurred in sun.misc.Resource::getBytes (@0x000000011356697c) thread=9475 reason=class_check action=maybe_recompile unloaded_class_index=-1
<jvms bci='10' method='sun/misc/Resource getBytes ()[B' bytes='242' count='9' backedge_count='15' iicount='9' decompiles='1'/>
</uncommon_trap>
DEOPT PACKING thread 0x00007fd90c00b800 Compiled frame (sp=0x0000000309bc20f0 unextended sp=0x0000000309bc20f0, fp=0x00000007956619a8, real_fp=0x0000000309bc2180, pc=0x000000011356697c)
     nmethod   2395  347   !         sun.misc.Resource::getBytes (242 bytes)

     Virtual frames (innermost first):
        0 - frame( sp=0x0000000309bc20f0, unextended_sp=0x0000000309bc20f0, fp=0x00000007956619a8, pc=0x000000011356697c)
sun.misc.Resource.getBytes(Resource.java:100) - invokevirtual @ bci 10 
     Created vframeArray 0x00007fd90d849620
DEOPT UNPACKING thread 0x00007fd90c00b800 vframeArray 0x00007fd90d849620 mode 2
     {method} {0x000000011a5dae50} &apos;getBytes&apos; &apos;()[B&apos; in &apos;sun/misc/Resource&apos; - invokevirtual @ bci 10 sp = 0x0000000309bc20d8
<uncommon_trap thread='9475' reason='uninitialized' action='reinterpret' compile_id='398' compiler='C2' stamp='2.724'>
Uncommon trap occurred in java.lang.invoke.LambdaForm::normalize (@0x000000011357c928) thread=9475 reason=uninitialized action=reinterpret unloaded_class_index=-1
<jvms bci='176' method='java/lang/invoke/LambdaForm normalize ()I' bytes='322' count='6' backedge_count='13' iicount='6'/>
</uncommon_trap>
DEOPT PACKING thread 0x00007fd90c00b800 Compiled frame (sp=0x0000000309bc2910 unextended sp=0x0000000309bc2910, fp=0x0000000795679380, real_fp=0x0000000309bc2990, pc=0x000000011357c928)
     nmethod   2724  398             java.lang.invoke.LambdaForm::normalize (322 bytes)

     Virtual frames (innermost first):
        0 - frame( sp=0x0000000309bc2910, unextended_sp=0x0000000309bc2910, fp=0x0000000795679380, pc=0x000000011357c928)
java.lang.invoke.LambdaForm.normalize(LambdaForm.java:431) - getstatic @ bci 176 
     Created vframeArray 0x00007fd90e051020
DEOPT UNPACKING thread 0x00007fd90c00b800 vframeArray 0x00007fd90e051020 mode 2
     {method} {0x000000011a38ad08} &apos;normalize&apos; &apos;()I&apos; in &apos;java/lang/invoke/LambdaForm&apos; - getstatic @ bci 176 sp = 0x0000000309bc2900
<uncommon_trap thread='9475' reason='uninitialized' action='reinterpret' compile_id='402' compiler='C2' stamp='2.725'>
Uncommon trap occurred in java.lang.invoke.LambdaForm::argument (@0x0000000113573aa4) thread=9475 reason=uninitialized action=reinterpret unloaded_class_index=-1
<jvms bci='16' method='java/lang/invoke/LambdaForm argument (ILjava/lang/invoke/LambdaForm$BasicType;)Ljava/lang/invoke/LambdaForm$Name;' bytes='27' count='10' backedge_count='1' iicount='20'/>
</uncommon_trap>
DEOPT PACKING thread 0x00007fd90c00b800 Compiled frame (sp=0x0000000309bc2860 unextended sp=0x0000000309bc2860, fp=0x0000000000000000, real_fp=0x0000000309bc2890, pc=0x0000000113573aa4)
     nmethod   2725  402             java.lang.invoke.LambdaForm::argument (27 bytes)

     Virtual frames (innermost first):
        0 - frame( sp=0x0000000309bc2860, unextended_sp=0x0000000309bc2860, fp=0x0000000000000000, pc=0x0000000113573aa4)
java.lang.invoke.LambdaForm.argument(LambdaForm.java:1649) - getstatic @ bci 16 
     Created vframeArray 0x00007fd90d036620
DEOPT UNPACKING thread 0x00007fd90c00b800 vframeArray 0x00007fd90d036620 mode 2
     {method} {0x000000011a38ea10} &apos;argument&apos; &apos;(ILjava/lang/invoke/LambdaForm$BasicType;)Ljava/lang/invoke/LambdaForm$Name;&apos; in &apos;java/lang/invoke/LambdaForm&apos; - getstatic @ bci 16 sp = 0x0000000309bc2840
<uncommon_trap thread='9475' reason='uninitialized' action='reinterpret' compile_id='431' compiler='C2' count='1' stamp='2.970'>
Uncommon trap occurred in java.lang.invoke.LambdaForm::argument (@0x0000000113584d2c) thread=9475 reason=uninitialized action=reinterpret unloaded_class_index=-1
<jvms bci='16' method='java/lang/invoke/LambdaForm argument (ILjava/lang/invoke/LambdaForm$BasicType;)Ljava/lang/invoke/LambdaForm$Name;' bytes='27' count='10' backedge_count='1' iicount='38' decompiles='1' uninitialized_traps='1'/>
</uncommon_trap>
DEOPT PACKING thread 0x00007fd90c00b800 Compiled frame (sp=0x0000000309bbfed0 unextended sp=0x0000000309bbfed0, fp=0x0000000000000001, real_fp=0x0000000309bbff00, pc=0x0000000113584d2c)
     nmethod   2970  431             java.lang.invoke.LambdaForm::argument (27 bytes)

     Virtual frames (innermost first):
        0 - frame( sp=0x0000000309bbfed0, unextended_sp=0x0000000309bbfed0, fp=0x0000000000000001, pc=0x0000000113584d2c)
java.lang.invoke.LambdaForm.argument(LambdaForm.java:1649) - getstatic @ bci 16 
     Created vframeArray 0x00007fd90c05fc20
DEOPT UNPACKING thread 0x00007fd90c00b800 vframeArray 0x00007fd90c05fc20 mode 2
     {method} {0x000000011a38ea10} &apos;argument&apos; &apos;(ILjava/lang/invoke/LambdaForm$BasicType;)Ljava/lang/invoke/LambdaForm$Name;&apos; in &apos;java/lang/invoke/LambdaForm&apos; - getstatic @ bci 16 sp = 0x0000000309bbfeb0
<uncommon_trap thread='9475' reason='uninitialized' action='reinterpret' compile_id='430' compiler='C2' count='1' stamp='3.340'>
Uncommon trap occurred in java.lang.invoke.LambdaForm::normalize (@0x00000001135877f8) thread=9475 reason=uninitialized action=reinterpret unloaded_class_index=-1
<jvms bci='176' method='java/lang/invoke/LambdaForm normalize ()I' bytes='322' count='6' backedge_count='16' iicount='11' decompiles='1' uninitialized_traps='1'/>
</uncommon_trap>
DEOPT PACKING thread 0x00007fd90c00b800 Compiled frame (sp=0x0000000309bbff60 unextended sp=0x0000000309bbff60, fp=0x0000000795685ec0, real_fp=0x0000000309bbfff0, pc=0x00000001135877f8)
     nmethod   3340  430             java.lang.invoke.LambdaForm::normalize (322 bytes)

     Virtual frames (innermost first):
        0 - frame( sp=0x0000000309bbff60, unextended_sp=0x0000000309bbff60, fp=0x0000000795685ec0, pc=0x00000001135877f8)
java.lang.invoke.LambdaForm.normalize(LambdaForm.java:431) - getstatic @ bci 176 
     Created vframeArray 0x00007fd8bc808820
DEOPT UNPACKING thread 0x00007fd90c00b800 vframeArray 0x00007fd8bc808820 mode 2
     {method} {0x000000011a38ad08} &apos;normalize&apos; &apos;()I&apos; in &apos;java/lang/invoke/LambdaForm&apos; - getstatic @ bci 176 sp = 0x0000000309bbff60
<uncommon_trap thread='9475' reason='uninitialized' action='reinterpret' compile_id='456' compiler='C2' stamp='3.499'>
Uncommon trap occurred in java.lang.invoke.LambdaForm::internArgument (@0x00000001135966fc) thread=9475 reason=uninitialized action=reinterpret unloaded_class_index=-1
<jvms bci='0' method='java/lang/invoke/LambdaForm internArgument (Ljava/lang/invoke/LambdaForm$Name;)Ljava/lang/invoke/LambdaForm$Name;' bytes='84' count='10' backedge_count='1' iicount='20'/>
</uncommon_trap>
DEOPT PACKING thread 0x00007fd90c00b800 Compiled frame (sp=0x0000000309bbff40 unextended sp=0x0000000309bbff40, fp=0x0000000795675620, real_fp=0x0000000309bbff60, pc=0x00000001135966fc)
     nmethod   3498  456             java.lang.invoke.LambdaForm::internArgument (84 bytes)

     Virtual frames (innermost first):
        0 - frame( sp=0x0000000309bbff40, unextended_sp=0x0000000309bbff40, fp=0x0000000795675620, pc=0x00000001135966fc)
java.lang.invoke.LambdaForm.internArgument(LambdaForm.java:1652) - getstatic @ bci 0 
     Created vframeArray 0x00007fd90c05fc20
DEOPT UNPACKING thread 0x00007fd90c00b800 vframeArray 0x00007fd90c05fc20 mode 2
     {method} {0x000000011a38eb18} &apos;internArgument&apos; &apos;(Ljava/lang/invoke/LambdaForm$Name;)Ljava/lang/invoke/LambdaForm$Name;&apos; in &apos;java/lang/invoke/LambdaForm&apos; - getstatic @ bci 0 sp = 0x0000000309bbff10
<uncommon_trap thread='9475' reason='uninitialized' action='reinterpret' compile_id='519' compiler='C2' count='2' stamp='3.803'>
Uncommon trap occurred in java.lang.invoke.LambdaForm::argument (@0x00000001135b4d44) thread=9475 reason=uninitialized action=reinterpret unloaded_class_index=-1
<jvms bci='16' method='java/lang/invoke/LambdaForm argument (ILjava/lang/invoke/LambdaForm$BasicType;)Ljava/lang/invoke/LambdaForm$Name;' bytes='27' count='10' backedge_count='1' iicount='56' decompiles='2' uninitialized_traps='2'/>
</uncommon_trap>
DEOPT PACKING thread 0x00007fd90c00b800 Compiled frame (sp=0x0000000309bbfed0 unextended sp=0x0000000309bbfed0, fp=0x0000000000000001, real_fp=0x0000000309bbff00, pc=0x00000001135b4d44)
     nmethod   3803  519             java.lang.invoke.LambdaForm::argument (27 bytes)

     Virtual frames (innermost first):
        0 - frame( sp=0x0000000309bbfed0, unextended_sp=0x0000000309bbfed0, fp=0x0000000000000001, pc=0x00000001135b4d44)
java.lang.invoke.LambdaForm.argument(LambdaForm.java:1649) - getstatic @ bci 16 
     Created vframeArray 0x00007fd90d036620
DEOPT UNPACKING thread 0x00007fd90c00b800 vframeArray 0x00007fd90d036620 mode 2
     {method} {0x000000011a38ea10} &apos;argument&apos; &apos;(ILjava/lang/invoke/LambdaForm$BasicType;)Ljava/lang/invoke/LambdaForm$Name;&apos; in &apos;java/lang/invoke/LambdaForm&apos; - getstatic @ bci 16 sp = 0x0000000309bbfeb0
<uncommon_trap thread='9475' reason='loop_limit_check' action='maybe_recompile' compile_id='517' compiler='C2' stamp='3.997'>
Uncommon trap occurred in java.lang.invoke.LambdaForm::shortenSignature (@0x00000001135a3cec) thread=9475 reason=loop_limit_check action=maybe_recompile unloaded_class_index=-1
<jvms bci='97' method='java/lang/invoke/LambdaForm shortenSignature (Ljava/lang/String;)Ljava/lang/String;' bytes='166' count='5' backedge_count='15' iicount='5'/>
</uncommon_trap>
DEOPT PACKING thread 0x00007fd90c00b800 Compiled frame (sp=0x0000000309bc0de0 unextended sp=0x0000000309bc0de0, fp=0x00000007956945d0, real_fp=0x0000000309bc0e50, pc=0x00000001135a3cec)
     nmethod   3996  517             java.lang.invoke.LambdaForm::shortenSignature (166 bytes)

     Virtual frames (innermost first):
        0 - frame( sp=0x0000000309bc0de0, unextended_sp=0x0000000309bc0de0, fp=0x00000007956945d0, pc=0x00000001135a3cec)
java.lang.invoke.LambdaForm.shortenSignature(LambdaForm.java:1360) - aload @ bci 97 
     Created vframeArray 0x00007fd90d84ae20
DEOPT UNPACKING thread 0x00007fd90c00b800 vframeArray 0x00007fd90d84ae20 mode 2
     {method} {0x000000011a38e5d8} &apos;shortenSignature&apos; &apos;(Ljava/lang/String;)Ljava/lang/String;&apos; in &apos;java/lang/invoke/LambdaForm&apos; - aload @ bci 97 sp = 0x0000000309bc0db8
<uncommon_trap thread='9475' reason='uninitialized' action='reinterpret' compile_id='518' compiler='C2' count='2' stamp='3.997'>
Uncommon trap occurred in java.lang.invoke.LambdaForm::normalize (@0x00000001135b6080) thread=9475 reason=uninitialized action=reinterpret unloaded_class_index=-1
<jvms bci='176' method='java/lang/invoke/LambdaForm normalize ()I' bytes='322' count='4' backedge_count='18' iicount='14' decompiles='2' uninitialized_traps='2'/>
</uncommon_trap>
DEOPT PACKING thread 0x00007fd90c00b800 Compiled frame (sp=0x0000000309bc0cb0 unextended sp=0x0000000309bc0cb0, fp=0x00000007956946d8, real_fp=0x0000000309bc0d40, pc=0x00000001135b6080)
     nmethod   3997  518             java.lang.invoke.LambdaForm::normalize (322 bytes)

     Virtual frames (innermost first):
        0 - frame( sp=0x0000000309bc0cb0, unextended_sp=0x0000000309bc0cb0, fp=0x00000007956946d8, pc=0x00000001135b6080)
java.lang.invoke.LambdaForm.normalize(LambdaForm.java:431) - getstatic @ bci 176 
     Created vframeArray 0x00007fd90c05fc20
DEOPT UNPACKING thread 0x00007fd90c00b800 vframeArray 0x00007fd90c05fc20 mode 2
     {method} {0x000000011a38ad08} &apos;normalize&apos; &apos;()I&apos; in &apos;java/lang/invoke/LambdaForm&apos; - getstatic @ bci 176 sp = 0x0000000309bc0cb0
<uncommon_trap thread='9475' reason='class_check' action='maybe_recompile' compile_id='541' compiler='C2' stamp='4.146'>
Uncommon trap occurred in java.lang.invoke.InvokerBytecodeGenerator::emitPushArgument (@0x00000001135c7878) thread=9475 reason=class_check action=maybe_recompile unloaded_class_index=-1
<jvms bci='6' method='java/lang/invoke/InvokerBytecodeGenerator emitPushArgument (Ljava/lang/Class;Ljava/lang/Object;)V' bytes='120' count='11' backedge_count='1' iicount='21'/>
</uncommon_trap>
DEOPT PACKING thread 0x00007fd90c00b800 Compiled frame (sp=0x0000000309bc0be0 unextended sp=0x0000000309bc0be0, fp=0x0000000795583190, real_fp=0x0000000309bc0c30, pc=0x00000001135c7878)
     nmethod   4145  541             java.lang.invoke.InvokerBytecodeGenerator::emitPushArgument (120 bytes)

     Virtual frames (innermost first):
        0 - frame( sp=0x0000000309bc0be0, unextended_sp=0x0000000309bc0be0, fp=0x0000000795583190, pc=0x00000001135c7878)
java.lang.invoke.InvokerBytecodeGenerator.emitPushArgument(InvokerBytecodeGenerator.java:1156) - instanceof @ bci 6 
     Created vframeArray 0x00007fd90e05a620
DEOPT UNPACKING thread 0x00007fd90c00b800 vframeArray 0x00007fd90e05a620 mode 2
     {method} {0x000000011a6caf10} &apos;emitPushArgument&apos; &apos;(Ljava/lang/Class;Ljava/lang/Object;)V&apos; in &apos;java/lang/invoke/InvokerBytecodeGenerator&apos; - instanceof @ bci 6 sp = 0x0000000309bc0bb0
<uncommon_trap thread='9475' reason='uninitialized' action='reinterpret' compile_id='562' compiler='C2' stamp='4.269'>
Uncommon trap occurred in java.lang.invoke.LambdaForm::parameter (@0x00000001135c575c) thread=9475 reason=uninitialized action=reinterpret unloaded_class_index=-1
<jvms bci='0' method='java/lang/invoke/LambdaForm parameter (I)Ljava/lang/invoke/LambdaForm$Name;' bytes='52' count='10' backedge_count='1' iicount='20'/>
</uncommon_trap>
DEOPT PACKING thread 0x00007fd90c00b800 Compiled frame (sp=0x0000000309bc26f0 unextended sp=0x0000000309bc26f0, fp=0x0000000795676a38, real_fp=0x0000000309bc2720, pc=0x00000001135c575c)
     nmethod   4269  562             java.lang.invoke.LambdaForm::parameter (52 bytes)

     Virtual frames (innermost first):
        0 - frame( sp=0x0000000309bc26f0, unextended_sp=0x0000000309bc26f0, fp=0x0000000795676a38, pc=0x00000001135c575c)
java.lang.invoke.LambdaForm.parameter(LambdaForm.java:505) - getstatic @ bci 0 
     Created vframeArray 0x00007fd90c05fc20
DEOPT UNPACKING thread 0x00007fd90c00b800 vframeArray 0x00007fd90c05fc20 mode 2
     {method} {0x000000011a38b2a0} &apos;parameter&apos; &apos;(I)Ljava/lang/invoke/LambdaForm$Name;&apos; in &apos;java/lang/invoke/LambdaForm&apos; - getstatic @ bci 0 sp = 0x0000000309bc26c8
<uncommon_trap thread='9475' reason='uninitialized' action='reinterpret' compile_id='560' compiler='C2' stamp='4.270'>
Uncommon trap occurred in java.lang.invoke.LambdaForm::compileToBytecode (@0x00000001135d0234) thread=9475 reason=uninitialized action=reinterpret unloaded_class_index=-1
<jvms bci='24' method='java/lang/invoke/LambdaForm compileToBytecode ()Ljava/lang/invoke/MemberName;' bytes='103' count='10' backedge_count='1' iicount='20'/>
</uncommon_trap>
DEOPT PACKING thread 0x00007fd90c00b800 Compiled frame (sp=0x0000000309bc2860 unextended sp=0x0000000309bc2860, fp=0x0000000795676a38, real_fp=0x0000000309bc2890, pc=0x00000001135d0234)
     nmethod   4270  560   !         java.lang.invoke.LambdaForm::compileToBytecode (103 bytes)

     Virtual frames (innermost first):
        0 - frame( sp=0x0000000309bc2860, unextended_sp=0x0000000309bc2860, fp=0x0000000795676a38, pc=0x00000001135d0234)
java.lang.invoke.LambdaForm.compileToBytecode(LambdaForm.java:652) - getstatic @ bci 24 
     Created vframeArray 0x00007fd90e05a620
DEOPT UNPACKING thread 0x00007fd90c00b800 vframeArray 0x00007fd90e05a620 mode 2
     {method} {0x000000011a38bca0} &apos;compileToBytecode&apos; &apos;()Ljava/lang/invoke/MemberName;&apos; in &apos;java/lang/invoke/LambdaForm&apos; - getstatic @ bci 24 sp = 0x0000000309bc2830
<uncommon_trap thread='9475' reason='null_check' action='make_not_entrant' compile_id='541' compiler='C2' state='class_check' stamp='4.272'>
Uncommon trap occurred in java.lang.invoke.InvokerBytecodeGenerator::emitPushArgument (@0x00000001135c78b4) thread=9475 reason=null_check action=make_not_entrant unloaded_class_index=-1
<jvms bci='6' method='java/lang/invoke/InvokerBytecodeGenerator emitPushArgument (Ljava/lang/Class;Ljava/lang/Object;)V' bytes='120' count='11' backedge_count='1' iicount='21' class_check_traps='1'/>
</uncommon_trap>
DEOPT PACKING thread 0x00007fd90c00b800 Compiled frame (sp=0x0000000309bc25a0 unextended sp=0x0000000309bc25a0, fp=0x00000007955806f8, real_fp=0x0000000309bc25f0, pc=0x00000001135c78b4)
     nmethod   4271  541             java.lang.invoke.InvokerBytecodeGenerator::emitPushArgument (120 bytes)

     Virtual frames (innermost first):
        0 - frame( sp=0x0000000309bc25a0, unextended_sp=0x0000000309bc25a0, fp=0x00000007955806f8, pc=0x00000001135c78b4)
java.lang.invoke.InvokerBytecodeGenerator.emitPushArgument(InvokerBytecodeGenerator.java:1156) - instanceof @ bci 6 
     Created vframeArray 0x00007fd90d074e20
DEOPT UNPACKING thread 0x00007fd90c00b800 vframeArray 0x00007fd90d074e20 mode 2
     {method} {0x000000011a6caf10} &apos;emitPushArgument&apos; &apos;(Ljava/lang/Class;Ljava/lang/Object;)V&apos; in &apos;java/lang/invoke/InvokerBytecodeGenerator&apos; - instanceof @ bci 6 sp = 0x0000000309bc2570
<uncommon_trap thread='9475' reason='uninitialized' action='reinterpret' compile_id='569' compiler='C2' stamp='4.334'>
Uncommon trap occurred in java.lang.invoke.LambdaForm::signatureArity (@0x00000001135d397c) thread=9475 reason=uninitialized action=reinterpret unloaded_class_index=-1
<jvms bci='0' method='java/lang/invoke/LambdaForm signatureArity (Ljava/lang/String;)I' bytes='28' count='10' backedge_count='1' iicount='20'/>
</uncommon_trap>
DEOPT PACKING thread 0x00007fd90c00b800 Compiled frame (sp=0x0000000309bc2760 unextended sp=0x0000000309bc2760, fp=0x00000007956a11a8, real_fp=0x0000000309bc2780, pc=0x00000001135d397c)
     nmethod   4334  569             java.lang.invoke.LambdaForm::signatureArity (28 bytes)

     Virtual frames (innermost first):
        0 - frame( sp=0x0000000309bc2760, unextended_sp=0x0000000309bc2760, fp=0x00000007956a11a8, pc=0x00000001135d397c)
java.lang.invoke.LambdaForm.signatureArity(LambdaForm.java:538) - getstatic @ bci 0 
     Created vframeArray 0x00007fd90e05a620
DEOPT UNPACKING thread 0x00007fd90c00b800 vframeArray 0x00007fd90e05a620 mode 2
     {method} {0x000000011a38b760} &apos;signatureArity&apos; &apos;(Ljava/lang/String;)I&apos; in &apos;java/lang/invoke/LambdaForm&apos; - getstatic @ bci 0 sp = 0x0000000309bc2728
<uncommon_trap thread='9475' reason='uninitialized' action='reinterpret' compile_id='584' compiler='C2' stamp='4.356'>
Uncommon trap occurred in java.lang.invoke.LambdaForm::prepare (@0x00000001135d8f5c) thread=9475 reason=uninitialized action=reinterpret unloaded_class_index=-1
<jvms bci='0' method='java/lang/invoke/LambdaForm prepare ()V' bytes='43' count='10' backedge_count='1' iicount='20'/>
</uncommon_trap>
DEOPT PACKING thread 0x00007fd90c00b800 Compiled frame (sp=0x0000000309bc2900 unextended sp=0x0000000309bc2900, fp=0x0000000795679448, real_fp=0x0000000309bc2920, pc=0x00000001135d8f5c)
     nmethod   4356  584             java.lang.invoke.LambdaForm::prepare (43 bytes)

     Virtual frames (innermost first):
        0 - frame( sp=0x0000000309bc2900, unextended_sp=0x0000000309bc2900, fp=0x0000000795679448, pc=0x00000001135d8f5c)
java.lang.invoke.LambdaForm.prepare(LambdaForm.java:634) - getstatic @ bci 0 
     Created vframeArray 0x00007fd90c05fa20
DEOPT UNPACKING thread 0x00007fd90c00b800 vframeArray 0x00007fd90c05fa20 mode 2
     {method} {0x000000011a38bb58} &apos;prepare&apos; &apos;()V&apos; in &apos;java/lang/invoke/LambdaForm&apos; - getstatic @ bci 0 sp = 0x0000000309bc28c0
<uncommon_trap thread='9475' reason='uninitialized' action='reinterpret' compile_id='633' compiler='C2' count='1' stamp='4.548'>
Uncommon trap occurred in java.lang.invoke.LambdaForm::signatureArity (@0x00000001135f463c) thread=9475 reason=uninitialized action=reinterpret unloaded_class_index=-1
<jvms bci='0' method='java/lang/invoke/LambdaForm signatureArity (Ljava/lang/String;)I' bytes='28' count='10' backedge_count='1' iicount='38' decompiles='1' uninitialized_traps='1'/>
</uncommon_trap>
DEOPT PACKING thread 0x00007fd90c00b800 Compiled frame (sp=0x0000000309bc2a10 unextended sp=0x0000000309bc2a10, fp=0x00000007956b6c80, real_fp=0x0000000309bc2a30, pc=0x00000001135f463c)
     nmethod   4548  633             java.lang.invoke.LambdaForm::signatureArity (28 bytes)

     Virtual frames (innermost first):
        0 - frame( sp=0x0000000309bc2a10, unextended_sp=0x0000000309bc2a10, fp=0x00000007956b6c80, pc=0x00000001135f463c)
java.lang.invoke.LambdaForm.signatureArity(LambdaForm.java:538) - getstatic @ bci 0 
     Created vframeArray 0x00007fd90d857820
DEOPT UNPACKING thread 0x00007fd90c00b800 vframeArray 0x00007fd90d857820 mode 2
     {method} {0x000000011a38b760} &apos;signatureArity&apos; &apos;(Ljava/lang/String;)I&apos; in &apos;java/lang/invoke/LambdaForm&apos; - getstatic @ bci 0 sp = 0x0000000309bc29e0
<uncommon_trap thread='9475' reason='uninitialized' action='reinterpret' compile_id='630' compiler='C2' stamp='4.550'>
Uncommon trap occurred in java.lang.invoke.LambdaForm::basicTypeSignature (@0x00000001135f57c4) thread=9475 reason=uninitialized action=reinterpret unloaded_class_index=-1
<jvms bci='76' method='java/lang/invoke/LambdaForm basicTypeSignature (Ljava/lang/invoke/MethodType;)Ljava/lang/String;' bytes='101' count='8' backedge_count='11' iicount='8'/>
</uncommon_trap>
DEOPT PACKING thread 0x00007fd90c00b800 Compiled frame (sp=0x0000000309bc2a80 unextended sp=0x0000000309bc2a80, fp=0x0000000000000005, real_fp=0x0000000309bc2b00, pc=0x00000001135f57c4)
     nmethod   4549  630             java.lang.invoke.LambdaForm::basicTypeSignature (101 bytes)

     Virtual frames (innermost first):
        0 - frame( sp=0x0000000309bc2a80, unextended_sp=0x0000000309bc2a80, fp=0x0000000000000005, pc=0x00000001135f57c4)
java.lang.invoke.LambdaForm.basicTypeSignature(LambdaForm.java:1340) - getstatic @ bci 76 
     Created vframeArray 0x00007fd90e05c020
DEOPT UNPACKING thread 0x00007fd90c00b800 vframeArray 0x00007fd90e05c020 mode 2
     {method} {0x000000011a38e400} &apos;basicTypeSignature&apos; &apos;(Ljava/lang/invoke/MethodType;)Ljava/lang/String;&apos; in &apos;java/lang/invoke/LambdaForm&apos; - getstatic @ bci 76 sp = 0x0000000309bc2a90
<uncommon_trap thread='9475' reason='uninitialized' action='reinterpret' compile_id='659' compiler='C2' count='2' stamp='4.677'>
Uncommon trap occurred in java.lang.invoke.LambdaForm::signatureArity (@0x00000001135fc53c) thread=9475 reason=uninitialized action=reinterpret unloaded_class_index=-1
<jvms bci='0' method='java/lang/invoke/LambdaForm signatureArity (Ljava/lang/String;)I' bytes='28' count='10' backedge_count='1' iicount='56' decompiles='2' uninitialized_traps='2'/>
</uncommon_trap>
DEOPT PACKING thread 0x00007fd90c00b800 Compiled frame (sp=0x0000000309bc2ad0 unextended sp=0x0000000309bc2ad0, fp=0x00000007956bf028, real_fp=0x0000000309bc2af0, pc=0x00000001135fc53c)
     nmethod   4677  659             java.lang.invoke.LambdaForm::signatureArity (28 bytes)

     Virtual frames (innermost first):
        0 - frame( sp=0x0000000309bc2ad0, unextended_sp=0x0000000309bc2ad0, fp=0x00000007956bf028, pc=0x00000001135fc53c)
java.lang.invoke.LambdaForm.signatureArity(LambdaForm.java:538) - getstatic @ bci 0 
     Created vframeArray 0x00007fd90d857820
DEOPT UNPACKING thread 0x00007fd90c00b800 vframeArray 0x00007fd90d857820 mode 2
     {method} {0x000000011a38b760} &apos;signatureArity&apos; &apos;(Ljava/lang/String;)I&apos; in &apos;java/lang/invoke/LambdaForm&apos; - getstatic @ bci 0 sp = 0x0000000309bc2aa0
<uncommon_trap thread='9475' reason='uninitialized' action='reinterpret' compile_id='663' compiler='C2' count='1' stamp='4.699'>
Uncommon trap occurred in java.lang.invoke.LambdaForm::compileToBytecode (@0x00000001135b9738) thread=9475 reason=uninitialized action=reinterpret unloaded_class_index=-1
<jvms bci='24' method='java/lang/invoke/LambdaForm compileToBytecode ()Ljava/lang/invoke/MemberName;' bytes='103' count='11' backedge_count='1' iicount='39' decompiles='1' uninitialized_traps='1'/>
</uncommon_trap>
DEOPT PACKING thread 0x00007fd90c00b800 Compiled frame (sp=0x0000000309bc3690 unextended sp=0x0000000309bc3690, fp=0x00000007956c07f8, real_fp=0x0000000309bc36c0, pc=0x00000001135b9738)
     nmethod   4698  663   !         java.lang.invoke.LambdaForm::compileToBytecode (103 bytes)

     Virtual frames (innermost first):
        0 - frame( sp=0x0000000309bc3690, unextended_sp=0x0000000309bc3690, fp=0x00000007956c07f8, pc=0x00000001135b9738)
java.lang.invoke.LambdaForm.compileToBytecode(LambdaForm.java:652) - getstatic @ bci 24 
     Created vframeArray 0x00007fd90d076220
DEOPT UNPACKING thread 0x00007fd90c00b800 vframeArray 0x00007fd90d076220 mode 2
     {method} {0x000000011a38bca0} &apos;compileToBytecode&apos; &apos;()Ljava/lang/invoke/MemberName;&apos; in &apos;java/lang/invoke/LambdaForm&apos; - getstatic @ bci 24 sp = 0x0000000309bc3660
<uncommon_trap thread='9475' reason='unstable_if' action='reinterpret' compile_id='416' compiler='C2' stamp='4.745'>
Uncommon trap occurred in sun.invoke.util.VerifyAccess::isTypeVisible (@0x000000011357df20) thread=9475 reason=unstable_if action=reinterpret unloaded_class_index=-1
<jvms bci='6' method='java/lang/Class getClassLoader ()Ljava/lang/ClassLoader;' bytes='28' count='10' backedge_count='1' iicount='47'/>
<jvms bci='43' method='sun/invoke/util/VerifyAccess isTypeVisible (Ljava/lang/Class;Ljava/lang/Class;)Z' bytes='118' count='10' backedge_count='1' iicount='20'/>
</uncommon_trap>
DEOPT PACKING thread 0x00007fd90c00b800 Compiled frame (sp=0x0000000309bc3910 unextended sp=0x0000000309bc3910, fp=0x00000000f2ab89ee, real_fp=0x0000000309bc3940, pc=0x000000011357df20)
     nmethod   4744  416             sun.invoke.util.VerifyAccess::isTypeVisible (118 bytes)

     Virtual frames (innermost first):
        0 - frame( sp=0x0000000309bc3910, unextended_sp=0x0000000309bc3910, fp=0x00000000f2ab89ee, pc=0x000000011357df20)
java.lang.Class.getClassLoader(Class.java:679) - ifnonnull @ bci 6 
        1 - frame( sp=0x0000000309bc3910, unextended_sp=0x0000000309bc3910, fp=0x00000000f2ab89ee, pc=0x000000011357df20)
sun.invoke.util.VerifyAccess.isTypeVisible(VerifyAccess.java:196) - invokevirtual @ bci 43 
     Created vframeArray 0x00007fd90d858020
DEOPT UNPACKING thread 0x00007fd90c00b800 vframeArray 0x00007fd90d858020 mode 2
     {method} {0x000000011a68a738} &apos;isTypeVisible&apos; &apos;(Ljava/lang/Class;Ljava/lang/Class;)Z&apos; in &apos;sun/invoke/util/VerifyAccess&apos; - invokevirtual @ bci 43 sp = 0x0000000309bc38a8
     {method} {0x000000011a324320} &apos;getClassLoader&apos; &apos;()Ljava/lang/ClassLoader;&apos; in &apos;java/lang/Class&apos; - ifnonnull @ bci 6 sp = 0x0000000309bc3850
<uncommon_trap thread='9475' reason='unstable_if' action='reinterpret' compile_id='425' compiler='C2' count='1' state='intrinsic recompiled' stamp='4.746'>
Uncommon trap occurred in sun.invoke.util.VerifyAccess::isSamePackage (@0x00000001135802d8) thread=9475 reason=unstable_if action=reinterpret unloaded_class_index=-1
<jvms bci='6' method='java/lang/Class getClassLoader ()Ljava/lang/ClassLoader;' bytes='28' count='1' backedge_count='1' iicount='47' unstable_if_traps='1'/>
<jvms bci='40' method='sun/invoke/util/VerifyAccess isSamePackage (Ljava/lang/Class;Ljava/lang/Class;)Z' bytes='114' count='3' backedge_count='26' iicount='3'/>
</uncommon_trap>
DEOPT PACKING thread 0x00007fd90c00b800 Compiled frame (sp=0x0000000309bc37e0 unextended sp=0x0000000309bc37e0, fp=0x0000000795582920, real_fp=0x0000000309bc3830, pc=0x00000001135802d8)
     nmethod   4746  425             sun.invoke.util.VerifyAccess::isSamePackage (114 bytes)

     Virtual frames (innermost first):
        0 - frame( sp=0x0000000309bc37e0, unextended_sp=0x0000000309bc37e0, fp=0x0000000795582920, pc=0x00000001135802d8)
java.lang.Class.getClassLoader(Class.java:679) - ifnonnull @ bci 6 
        1 - frame( sp=0x0000000309bc37e0, unextended_sp=0x0000000309bc37e0, fp=0x0000000795582920, pc=0x00000001135802d8)
sun.invoke.util.VerifyAccess.isSamePackage(VerifyAccess.java:275) - invokevirtual @ bci 40 
     Created vframeArray 0x00007fd90d85a820
DEOPT UNPACKING thread 0x00007fd90c00b800 vframeArray 0x00007fd90d85a820 mode 2
     {method} {0x000000011a68a9c0} &apos;isSamePackage&apos; &apos;(Ljava/lang/Class;Ljava/lang/Class;)Z&apos; in &apos;sun/invoke/util/VerifyAccess&apos; - invokevirtual @ bci 40 sp = 0x0000000309bc3790
     {method} {0x000000011a324320} &apos;getClassLoader&apos; &apos;()Ljava/lang/ClassLoader;&apos; in &apos;java/lang/Class&apos; - ifnonnull @ bci 6 sp = 0x0000000309bc3738
<uncommon_trap thread='9475' reason='unstable_if' action='reinterpret' compile_id='11' compiler='C2' count='2' state='intrinsic recompiled' stamp='4.747'>
Uncommon trap occurred in java.lang.Class::getClassLoader (@0x000000011347e8b4) thread=9475 reason=unstable_if action=reinterpret unloaded_class_index=-1
<jvms bci='6' method='java/lang/Class getClassLoader ()Ljava/lang/ClassLoader;' bytes='28' count='1' backedge_count='1' iicount='47' unstable_if_traps='2'/>
</uncommon_trap>
DEOPT PACKING thread 0x00007fd90c00b800 Compiled frame (sp=0x0000000309bc3760 unextended sp=0x0000000309bc3760, fp=0x0000000309bc37e8, real_fp=0x0000000309bc3790, pc=0x000000011347e8b4)
     nmethod   4746   11             java.lang.Class::getClassLoader (28 bytes)

     Virtual frames (innermost first):
        0 - frame( sp=0x0000000309bc3760, unextended_sp=0x0000000309bc3760, fp=0x0000000309bc37e8, pc=0x000000011347e8b4)
java.lang.Class.getClassLoader(Class.java:679) - ifnonnull @ bci 6 
     Created vframeArray 0x00007fd90e05c020
DEOPT UNPACKING thread 0x00007fd90c00b800 vframeArray 0x00007fd90e05c020 mode 2
     {method} {0x000000011a324320} &apos;getClassLoader&apos; &apos;()Ljava/lang/ClassLoader;&apos; in &apos;java/lang/Class&apos; - ifnonnull @ bci 6 sp = 0x0000000309bc3728
<uncommon_trap thread='9475' reason='loop_limit_check' action='maybe_recompile' compile_id='671' compiler='C2' stamp='5.024'>
Uncommon trap occurred in java.lang.invoke.LambdaForm$Name::useCount (@0x0000000113606440) thread=9475 reason=loop_limit_check action=maybe_recompile unloaded_class_index=-1
<jvms bci='24' method='java/lang/invoke/LambdaForm$Name useCount (Ljava/lang/invoke/LambdaForm$Name;)I' bytes='42' count='7' backedge_count='17' iicount='7'/>
</uncommon_trap>
DEOPT PACKING thread 0x00007fd90c00b800 Compiled frame (sp=0x0000000309bc32e0 unextended sp=0x0000000309bc32e0, fp=0x00000007956c5278, real_fp=0x0000000309bc3320, pc=0x0000000113606440)
     nmethod   5024  671             java.lang.invoke.LambdaForm$Name::useCount (42 bytes)

     Virtual frames (innermost first):
        0 - frame( sp=0x0000000309bc32e0, unextended_sp=0x0000000309bc32e0, fp=0x00000007956c5278, pc=0x0000000113606440)
java.lang.invoke.LambdaForm$Name.useCount(LambdaForm.java:1582) - fast_aaccess_0 @ bci 24 
     Created vframeArray 0x00007fd90d85a820
DEOPT UNPACKING thread 0x00007fd90c00b800 vframeArray 0x00007fd90d85a820 mode 2
     {method} {0x000000011a69ec40} &apos;useCount&apos; &apos;(Ljava/lang/invoke/LambdaForm$Name;)I&apos; in &apos;java/lang/invoke/LambdaForm$Name&apos; - aload_0 @ bci 24 sp = 0x0000000309bc32c0
<uncommon_trap thread='9475' reason='loop_limit_check' action='maybe_recompile' compile_id='725' compiler='C2' stamp='5.234'>
Uncommon trap occurred in java.lang.invoke.LambdaForm::useCount (@0x00000001136337e0) thread=9475 reason=loop_limit_check action=maybe_recompile unloaded_class_index=-1
<jvms bci='74' method='java/lang/invoke/LambdaForm useCount (Ljava/lang/invoke/LambdaForm$Name;)I' bytes='99' count='10' backedge_count='11' iicount='11'/>
</uncommon_trap>
DEOPT PACKING thread 0x00007fd90c00b800 Compiled frame (sp=0x0000000309bc2960 unextended sp=0x0000000309bc2960, fp=0x0000000000000002, real_fp=0x0000000309bc29a0, pc=0x00000001136337e0)
     nmethod   5234  725             java.lang.invoke.LambdaForm::useCount (99 bytes)

     Virtual frames (innermost first):
        0 - frame( sp=0x0000000309bc2960, unextended_sp=0x0000000309bc2960, fp=0x0000000000000002, pc=0x00000001136337e0)
java.lang.invoke.LambdaForm.useCount(LambdaForm.java:1638) - fast_iload @ bci 74 
     Created vframeArray 0x00007fd90d078420
DEOPT UNPACKING thread 0x00007fd90c00b800 vframeArray 0x00007fd90d078420 mode 2
     {method} {0x000000011a38e878} &apos;useCount&apos; &apos;(Ljava/lang/invoke/LambdaForm$Name;)I&apos; in &apos;java/lang/invoke/LambdaForm&apos; - iload @ bci 74 sp = 0x0000000309bc2920
<dependency_failed type='unique_concrete_method' ctxk='java/lang/invoke/MethodHandle' x='java/lang/invoke/MethodHandle intrinsicName ()Ljava/lang/invoke/MethodHandleImpl$Intrinsic;' witness='java/lang/invoke/MethodHandleImpl$IntrinsicMethodHandle' stamp='5.294'/>
<uncommon_trap thread='9475' reason='predicate' action='maybe_recompile' compile_id='651' compiler='C2' stamp='5.411'>
Uncommon trap occurred in java.util.Arrays::fill (@0x00000001135fb96c) thread=9475 reason=predicate action=maybe_recompile unloaded_class_index=-1
<jvms bci='10' method='java/util/Arrays fill ([Ljava/lang/Object;Ljava/lang/Object;)V' bytes='21' count='6' backedge_count='10' iicount='6'/>
</uncommon_trap>
DEOPT PACKING thread 0x00007fd90c00b800 Compiled frame (sp=0x0000000309bc1ef0 unextended sp=0x0000000309bc1ef0, fp=0x00000007957a9ef0, real_fp=0x0000000309bc1f20, pc=0x00000001135fb96c)
     nmethod   5411  651             java.util.Arrays::fill (21 bytes)

     Virtual frames (innermost first):
        0 - frame( sp=0x0000000309bc1ef0, unextended_sp=0x0000000309bc1ef0, fp=0x00000007957a9ef0, pc=0x00000001135fb96c)
java.util.Arrays.fill(Arrays.java:3130) - fast_aload_0 @ bci 10 
     Created vframeArray 0x00007fd90d07bc20
DEOPT UNPACKING thread 0x00007fd90c00b800 vframeArray 0x00007fd90d07bc20 mode 2
     {method} {0x000000011a465398} &apos;fill&apos; &apos;([Ljava/lang/Object;Ljava/lang/Object;)V&apos; in &apos;java/util/Arrays&apos; - aload_0 @ bci 10 sp = 0x0000000309bc1eb0
<uncommon_trap thread='9475' reason='array_check' action='maybe_recompile' compile_id='770' compiler='C2' stamp='5.599'>
Uncommon trap occurred in java.util.Arrays::fill (@0x0000000113643a68) thread=9475 reason=array_check action=maybe_recompile unloaded_class_index=-1
<jvms bci='13' method='java/util/Arrays fill ([Ljava/lang/Object;Ljava/lang/Object;)V' bytes='21' count='7' backedge_count='17' iicount='7' decompiles='1' predicate_traps='1'/>
</uncommon_trap>
DEOPT PACKING thread 0x00007fd90c00b800 Compiled frame (sp=0x0000000309bc1f10 unextended sp=0x0000000309bc1f10, fp=0x000000079566c4a8, real_fp=0x0000000309bc1f60, pc=0x0000000113643a68)
     nmethod   5599  770             java.util.Arrays::fill (21 bytes)

     Virtual frames (innermost first):
        0 - frame( sp=0x0000000309bc1f10, unextended_sp=0x0000000309bc1f10, fp=0x000000079566c4a8, pc=0x0000000113643a68)
java.util.Arrays.fill(Arrays.java:3130) - aastore @ bci 13 
     Created vframeArray 0x00007fd90c071e20
DEOPT UNPACKING thread 0x00007fd90c00b800 vframeArray 0x00007fd90c071e20 mode 2
     {method} {0x000000011a465398} &apos;fill&apos; &apos;([Ljava/lang/Object;Ljava/lang/Object;)V&apos; in &apos;java/util/Arrays&apos; - aastore @ bci 13 sp = 0x0000000309bc1ed8
<uncommon_trap thread='9475' reason='array_check' action='maybe_recompile' compile_id='770' compiler='C2' count='1' state='array_check' stamp='5.632'>
Uncommon trap occurred in java.util.Arrays::fill (@0x0000000113643a68) thread=9475 reason=array_check action=maybe_recompile unloaded_class_index=-1
<jvms bci='13' method='java/util/Arrays fill ([Ljava/lang/Object;Ljava/lang/Object;)V' bytes='21' count='7' backedge_count='25' iicount='7' decompiles='1' array_check_traps='1' predicate_traps='1'/>
</uncommon_trap>
DEOPT PACKING thread 0x00007fd90c00b800 Compiled frame (sp=0x0000000309bc1f10 unextended sp=0x0000000309bc1f10, fp=0x000000079566c4a8, real_fp=0x0000000309bc1f60, pc=0x0000000113643a68)
     nmethod   5632  770             java.util.Arrays::fill (21 bytes)

     Virtual frames (innermost first):
        0 - frame( sp=0x0000000309bc1f10, unextended_sp=0x0000000309bc1f10, fp=0x000000079566c4a8, pc=0x0000000113643a68)
java.util.Arrays.fill(Arrays.java:3130) - aastore @ bci 13 
     Created vframeArray 0x00007fd90d85a820
DEOPT UNPACKING thread 0x00007fd90c00b800 vframeArray 0x00007fd90d85a820 mode 2
     {method} {0x000000011a465398} &apos;fill&apos; &apos;([Ljava/lang/Object;Ljava/lang/Object;)V&apos; in &apos;java/util/Arrays&apos; - aastore @ bci 13 sp = 0x0000000309bc1ed8
<uncommon_trap thread='9475' reason='unstable_if' action='reinterpret' compile_id='664' compiler='C2' stamp='5.634'>
Uncommon trap occurred in java.lang.invoke.LambdaForm::argument (@0x00000001135b929c) thread=9475 reason=unstable_if action=reinterpret unloaded_class_index=-1
<jvms bci='3' method='java/lang/invoke/LambdaForm argument (ILjava/lang/invoke/LambdaForm$BasicType;)Ljava/lang/invoke/LambdaForm$Name;' bytes='27' count='11' backedge_count='1' iicount='75' decompiles='3' uninitialized_traps='3'/>
</uncommon_trap>
DEOPT PACKING thread 0x00007fd90c00b800 Compiled frame (sp=0x0000000309bc1980 unextended sp=0x0000000309bc1980, fp=0x00000007957cf2e8, real_fp=0x0000000309bc19b0, pc=0x00000001135b929c)
     nmethod   5634  664             java.lang.invoke.LambdaForm::argument (27 bytes)

     Virtual frames (innermost first):
        0 - frame( sp=0x0000000309bc1980, unextended_sp=0x0000000309bc1980, fp=0x00000007957cf2e8, pc=0x00000001135b929c)
java.lang.invoke.LambdaForm.argument(LambdaForm.java:1647) - if_icmplt @ bci 3 
     Created vframeArray 0x00007fd90e05da20
DEOPT UNPACKING thread 0x00007fd90c00b800 vframeArray 0x00007fd90e05da20 mode 2
     {method} {0x000000011a38ea10} &apos;argument&apos; &apos;(ILjava/lang/invoke/LambdaForm$BasicType;)Ljava/lang/invoke/LambdaForm$Name;&apos; in &apos;java/lang/invoke/LambdaForm&apos; - if_icmplt @ bci 3 sp = 0x0000000309bc1940
<uncommon_trap thread='9475' reason='array_check' action='maybe_recompile' compile_id='770' compiler='C2' count='2' state='array_check' stamp='5.641'>
Uncommon trap occurred in java.util.Arrays::fill (@0x0000000113643a68) thread=9475 reason=array_check action=maybe_recompile unloaded_class_index=-1
<jvms bci='13' method='java/util/Arrays fill ([Ljava/lang/Object;Ljava/lang/Object;)V' bytes='21' count='7' backedge_count='34' iicount='7' decompiles='1' array_check_traps='2' predicate_traps='1'/>
</uncommon_trap>
DEOPT PACKING thread 0x00007fd90c00b800 Compiled frame (sp=0x0000000309bc1f10 unextended sp=0x0000000309bc1f10, fp=0x000000079566c4a8, real_fp=0x0000000309bc1f60, pc=0x0000000113643a68)
     nmethod   5641  770             java.util.Arrays::fill (21 bytes)

     Virtual frames (innermost first):
        0 - frame( sp=0x0000000309bc1f10, unextended_sp=0x0000000309bc1f10, fp=0x000000079566c4a8, pc=0x0000000113643a68)
java.util.Arrays.fill(Arrays.java:3130) - aastore @ bci 13 
     Created vframeArray 0x00007fd90c071e20
DEOPT UNPACKING thread 0x00007fd90c00b800 vframeArray 0x00007fd90c071e20 mode 2
     {method} {0x000000011a465398} &apos;fill&apos; &apos;([Ljava/lang/Object;Ljava/lang/Object;)V&apos; in &apos;java/util/Arrays&apos; - aastore @ bci 13 sp = 0x0000000309bc1ed8
<uncommon_trap thread='9475' reason='array_check' action='maybe_recompile' compile_id='770' compiler='C2' count='3' state='array_check' stamp='5.643'>
Uncommon trap occurred in java.util.Arrays::fill (@0x0000000113643a68) thread=9475 reason=array_check action=maybe_recompile unloaded_class_index=-1
<jvms bci='13' method='java/util/Arrays fill ([Ljava/lang/Object;Ljava/lang/Object;)V' bytes='21' count='7' backedge_count='44' iicount='7' decompiles='1' array_check_traps='3' predicate_traps='1'/>
</uncommon_trap>
DEOPT PACKING thread 0x00007fd90c00b800 Compiled frame (sp=0x0000000309bc1f10 unextended sp=0x0000000309bc1f10, fp=0x000000079566c4a8, real_fp=0x0000000309bc1f60, pc=0x0000000113643a68)
     nmethod   5643  770             java.util.Arrays::fill (21 bytes)

     Virtual frames (innermost first):
        0 - frame( sp=0x0000000309bc1f10, unextended_sp=0x0000000309bc1f10, fp=0x000000079566c4a8, pc=0x0000000113643a68)
java.util.Arrays.fill(Arrays.java:3130) - aastore @ bci 13 
     Created vframeArray 0x00007fd90c072620
DEOPT UNPACKING thread 0x00007fd90c00b800 vframeArray 0x00007fd90c072620 mode 2
     {method} {0x000000011a465398} &apos;fill&apos; &apos;([Ljava/lang/Object;Ljava/lang/Object;)V&apos; in &apos;java/util/Arrays&apos; - aastore @ bci 13 sp = 0x0000000309bc1ed8
<uncommon_trap thread='9475' reason='unloaded' action='reinterpret' index='11' compile_id='372' compiler='C2' unresolved='1' name='java/lang/StringBuilder' stamp='5.646'>
Uncommon trap occurred in java.lang.Class::getSimpleName (@0x000000011356bb5c) thread=9475 reason=unloaded action=reinterpret unloaded_class_index=11 unresolved class: java/lang/StringBuilder
<jvms bci='7' method='java/lang/Class getSimpleName ()Ljava/lang/String;' bytes='120' count='10' backedge_count='1' iicount='20'/>
</uncommon_trap>
DEOPT PACKING thread 0x00007fd90c00b800 Compiled frame (sp=0x0000000309bc1c60 unextended sp=0x0000000309bc1c60, fp=0x0000000795584090, real_fp=0x0000000309bc1ca0, pc=0x000000011356bb5c)
     nmethod   5645  372             java.lang.Class::getSimpleName (120 bytes)

     Virtual frames (innermost first):
        0 - frame( sp=0x0000000309bc1c60, unextended_sp=0x0000000309bc1c60, fp=0x0000000795584090, pc=0x000000011356bb5c)
java.lang.Class.getSimpleName(Class.java:1307) - new @ bci 7 
     Created vframeArray 0x00007fd90e05da20
DEOPT UNPACKING thread 0x00007fd90c00b800 vframeArray 0x00007fd90e05da20 mode 2
     {method} {0x000000011a325770} &apos;getSimpleName&apos; &apos;()Ljava/lang/String;&apos; in &apos;java/lang/Class&apos; - new @ bci 7 sp = 0x0000000309bc1c38
<uncommon_trap thread='9475' reason='null_assert' action='make_not_entrant' compile_id='465' compiler='C2' stamp='5.646'>
Uncommon trap occurred in java.lang.invoke.MemberName$Factory::resolveOrFail (@0x000000011359b1e4) thread=9475 reason=null_assert action=make_not_entrant unloaded_class_index=-1
<jvms bci='29' method='java/lang/invoke/MemberName$Factory resolveOrFail (BLjava/lang/invoke/MemberName;Ljava/lang/Class;Ljava/lang/Class;)Ljava/lang/invoke/MemberName;' bytes='52' count='10' backedge_count='1' iicount='20'/>
</uncommon_trap>
DEOPT PACKING thread 0x00007fd90c00b800 Compiled frame (sp=0x0000000309bc1ec0 unextended sp=0x0000000309bc1ec0, fp=0x0000000795674bf0, real_fp=0x0000000309bc1ef0, pc=0x000000011359b1e4)
     nmethod   5646  465             java.lang.invoke.MemberName$Factory::resolveOrFail (52 bytes)

     Virtual frames (innermost first):
        0 - frame( sp=0x0000000309bc1ec0, unextended_sp=0x0000000309bc1ec0, fp=0x0000000795674bf0, pc=0x000000011359b1e4)
java.lang.invoke.MemberName$Factory.resolveOrFail(MemberName.java:1004) - instanceof @ bci 29 
     Created vframeArray 0x00007fd90d85a820
DEOPT UNPACKING thread 0x00007fd90c00b800 vframeArray 0x00007fd90d85a820 mode 2
     {method} {0x000000011a570a20} &apos;resolveOrFail&apos; &apos;(BLjava/lang/invoke/MemberName;Ljava/lang/Class;Ljava/lang/Class;)Ljava/lang/invoke/MemberName;&apos; in &apos;java/lang/invoke/MemberName$Factory&apos; - instanceof @ bci 29 sp = 0x0000000309bc1e60
<uncommon_trap thread='9475' reason='null_check' action='make_not_entrant' compile_id='602' compiler='C2' stamp='5.648'>
Uncommon trap occurred in java.util.ArrayList::add (@0x00000001135ea81c) thread=9475 reason=null_check action=make_not_entrant unloaded_class_index=-1
<jvms bci='26' method='java/util/ArrayList add (Ljava/lang/Object;)Z' bytes='29' count='10' backedge_count='1' iicount='20'/>
</uncommon_trap>
DEOPT PACKING thread 0x00007fd90c00b800 Compiled frame (sp=0x0000000309bc2030 unextended sp=0x0000000309bc2030, fp=0x00000000f2afce2e, real_fp=0x0000000309bc2060, pc=0x00000001135ea81c)
     nmethod   5647  602             java.util.ArrayList::add (29 bytes)

     Virtual frames (innermost first):
        0 - frame( sp=0x0000000309bc2030, unextended_sp=0x0000000309bc2030, fp=0x00000000f2afce2e, pc=0x00000001135ea81c)
java.util.ArrayList.add(ArrayList.java:465) - aastore @ bci 26 
     Created vframeArray 0x00007fd90c072620
DEOPT UNPACKING thread 0x00007fd90c00b800 vframeArray 0x00007fd90c072620 mode 2
     {method} {0x000000011a40cbf8} &apos;add&apos; &apos;(Ljava/lang/Object;)Z&apos; in &apos;java/util/ArrayList&apos; - aastore @ bci 26 sp = 0x0000000309bc1ff8
<uncommon_trap thread='9475' reason='class_check' action='maybe_recompile' compile_id='739' compiler='C2' stamp='5.788'>
Uncommon trap occurred in java.lang.invoke.InvokerBytecodeGenerator::generateCustomizedCodeBytes (@0x000000011363a888) thread=9475 reason=class_check action=maybe_recompile unloaded_class_index=-1
<jvms bci='17' method='java/lang/invoke/LambdaForm$NamedFunction intrinsicName ()Ljava/lang/invoke/MethodHandleImpl$Intrinsic;' bytes='21' count='10' backedge_count='1' iicount='20'/>
<jvms bci='180' method='java/lang/invoke/InvokerBytecodeGenerator generateCustomizedCodeBytes ()[B' bytes='604' count='10' backedge_count='12' iicount='11' decompiles='1'/>
</uncommon_trap>
DEOPT PACKING thread 0x00007fd90c00b800 Compiled frame (sp=0x0000000309bc1ad0 unextended sp=0x0000000309bc1ad0, fp=0x00000000f2ad3753, real_fp=0x0000000309bc1b50, pc=0x000000011363a888)
     nmethod   5788  739             java.lang.invoke.InvokerBytecodeGenerator::generateCustomizedCodeBytes (604 bytes)

     Virtual frames (innermost first):
        0 - frame( sp=0x0000000309bc1ad0, unextended_sp=0x0000000309bc1ad0, fp=0x00000000f2ad3753, pc=0x000000011363a888)
java.lang.invoke.LambdaForm$NamedFunction.intrinsicName(LambdaForm.java:1328) - invokevirtual @ bci 17 
        1 - frame( sp=0x0000000309bc1ad0, unextended_sp=0x0000000309bc1ad0, fp=0x00000000f2ad3753, pc=0x000000011363a888)
java.lang.invoke.InvokerBytecodeGenerator.generateCustomizedCodeBytes(InvokerBytecodeGenerator.java:668) - invokevirtual @ bci 180 
     Created vframeArray 0x00007fd90e03c020
DEOPT UNPACKING thread 0x00007fd90c00b800 vframeArray 0x00007fd90e03c020 mode 2
     {method} {0x000000011a6c91b8} &apos;generateCustomizedCodeBytes&apos; &apos;()[B&apos; in &apos;java/lang/invoke/InvokerBytecodeGenerator&apos; - invokevirtual @ bci 180 sp = 0x0000000309bc1ac8
     {method} {0x000000011a6a3a70} &apos;intrinsicName&apos; &apos;()Ljava/lang/invoke/MethodHandleImpl$Intrinsic;&apos; in &apos;java/lang/invoke/LambdaForm$NamedFunction&apos; - invokevirtual @ bci 17 sp = 0x0000000309bc1a70
<uncommon_trap thread='9475' reason='class_check' action='maybe_recompile' compile_id='641' compiler='C2' stamp='5.790'>
Uncommon trap occurred in java.lang.invoke.MethodType::listToArray (@0x00000001135f8890) thread=9475 reason=class_check action=maybe_recompile unloaded_class_index=-1
<jvms bci='1' method='java/lang/invoke/MethodType listToArray (Ljava/util/List;)[Ljava/lang/Class;' bytes='22' count='10' backedge_count='1' iicount='20'/>
</uncommon_trap>
DEOPT PACKING thread 0x00007fd90c00b800 Compiled frame (sp=0x0000000309bc1cf0 unextended sp=0x0000000309bc1cf0, fp=0x0000000309bc1d80, real_fp=0x0000000309bc1d20, pc=0x00000001135f8890)
     nmethod   5789  641             java.lang.invoke.MethodType::listToArray (22 bytes)

     Virtual frames (innermost first):
        0 - frame( sp=0x0000000309bc1cf0, unextended_sp=0x0000000309bc1cf0, fp=0x0000000309bc1d80, pc=0x00000001135f8890)
java.lang.invoke.MethodType.listToArray(MethodType.java:227) - invokeinterface @ bci 1 
     Created vframeArray 0x00007fd90d85fc20
DEOPT UNPACKING thread 0x00007fd90c00b800 vframeArray 0x00007fd90d85fc20 mode 2
     {method} {0x000000011a392a50} &apos;listToArray&apos; &apos;(Ljava/util/List;)[Ljava/lang/Class;&apos; in &apos;java/lang/invoke/MethodType&apos; - invokeinterface @ bci 1 sp = 0x0000000309bc1cc8
<uncommon_trap thread='9475' reason='class_check' action='maybe_recompile' compile_id='739' compiler='C2' count='1' state='class_check' stamp='5.795'>
Uncommon trap occurred in java.lang.invoke.InvokerBytecodeGenerator::generateCustomizedCodeBytes (@0x000000011363a888) thread=9475 reason=class_check action=maybe_recompile unloaded_class_index=-1
<jvms bci='17' method='java/lang/invoke/LambdaForm$NamedFunction intrinsicName ()Ljava/lang/invoke/MethodHandleImpl$Intrinsic;' bytes='21' count='10' backedge_count='1' iicount='20' class_check_traps='1'/>
<jvms bci='180' method='java/lang/invoke/InvokerBytecodeGenerator generateCustomizedCodeBytes ()[B' bytes='604' count='10' backedge_count='14' iicount='11' decompiles='1'/>
</uncommon_trap>
DEOPT PACKING thread 0x00007fd90c00b800 Compiled frame (sp=0x0000000309bc1b80 unextended sp=0x0000000309bc1b80, fp=0x00000000f2af0471, real_fp=0x0000000309bc1c00, pc=0x000000011363a888)
     nmethod   5794  739             java.lang.invoke.InvokerBytecodeGenerator::generateCustomizedCodeBytes (604 bytes)

     Virtual frames (innermost first):
        0 - frame( sp=0x0000000309bc1b80, unextended_sp=0x0000000309bc1b80, fp=0x00000000f2af0471, pc=0x000000011363a888)
java.lang.invoke.LambdaForm$NamedFunction.intrinsicName(LambdaForm.java:1328) - invokevirtual @ bci 17 
        1 - frame( sp=0x0000000309bc1b80, unextended_sp=0x0000000309bc1b80, fp=0x00000000f2af0471, pc=0x000000011363a888)
java.lang.invoke.InvokerBytecodeGenerator.generateCustomizedCodeBytes(InvokerBytecodeGenerator.java:668) - invokevirtual @ bci 180 
     Created vframeArray 0x00007fd90c072620
DEOPT UNPACKING thread 0x00007fd90c00b800 vframeArray 0x00007fd90c072620 mode 2
     {method} {0x000000011a6c91b8} &apos;generateCustomizedCodeBytes&apos; &apos;()[B&apos; in &apos;java/lang/invoke/InvokerBytecodeGenerator&apos; - invokevirtual @ bci 180 sp = 0x0000000309bc1b78
     {method} {0x000000011a6a3a70} &apos;intrinsicName&apos; &apos;()Ljava/lang/invoke/MethodHandleImpl$Intrinsic;&apos; in &apos;java/lang/invoke/LambdaForm$NamedFunction&apos; - invokevirtual @ bci 17 sp = 0x0000000309bc1b20
<uncommon_trap thread='9475' reason='class_check' action='maybe_recompile' compile_id='739' compiler='C2' count='2' state='class_check' stamp='5.798'>
Uncommon trap occurred in java.lang.invoke.InvokerBytecodeGenerator::generateCustomizedCodeBytes (@0x000000011363a888) thread=9475 reason=class_check action=maybe_recompile unloaded_class_index=-1
<jvms bci='17' method='java/lang/invoke/LambdaForm$NamedFunction intrinsicName ()Ljava/lang/invoke/MethodHandleImpl$Intrinsic;' bytes='21' count='10' backedge_count='1' iicount='20' class_check_traps='2'/>
<jvms bci='180' method='java/lang/invoke/InvokerBytecodeGenerator generateCustomizedCodeBytes ()[B' bytes='604' count='10' backedge_count='14' iicount='11' decompiles='1'/>
</uncommon_trap>
DEOPT PACKING thread 0x00007fd90c00b800 Compiled frame (sp=0x0000000309bc1320 unextended sp=0x0000000309bc1320, fp=0x00000000f2ad3753, real_fp=0x0000000309bc13a0, pc=0x000000011363a888)
     nmethod   5798  739             java.lang.invoke.InvokerBytecodeGenerator::generateCustomizedCodeBytes (604 bytes)

     Virtual frames (innermost first):
        0 - frame( sp=0x0000000309bc1320, unextended_sp=0x0000000309bc1320, fp=0x00000000f2ad3753, pc=0x000000011363a888)
java.lang.invoke.LambdaForm$NamedFunction.intrinsicName(LambdaForm.java:1328) - invokevirtual @ bci 17 
        1 - frame( sp=0x0000000309bc1320, unextended_sp=0x0000000309bc1320, fp=0x00000000f2ad3753, pc=0x000000011363a888)
java.lang.invoke.InvokerBytecodeGenerator.generateCustomizedCodeBytes(InvokerBytecodeGenerator.java:668) - invokevirtual @ bci 180 
     Created vframeArray 0x00007fd90d85fc20
DEOPT UNPACKING thread 0x00007fd90c00b800 vframeArray 0x00007fd90d85fc20 mode 2
     {method} {0x000000011a6c91b8} &apos;generateCustomizedCodeBytes&apos; &apos;()[B&apos; in &apos;java/lang/invoke/InvokerBytecodeGenerator&apos; - invokevirtual @ bci 180 sp = 0x0000000309bc1318
     {method} {0x000000011a6a3a70} &apos;intrinsicName&apos; &apos;()Ljava/lang/invoke/MethodHandleImpl$Intrinsic;&apos; in &apos;java/lang/invoke/LambdaForm$NamedFunction&apos; - invokevirtual @ bci 17 sp = 0x0000000309bc12c0
<uncommon_trap thread='9475' reason='class_check' action='maybe_recompile' compile_id='745' compiler='C2' count='3' state='class_check' stamp='5.800'>
Uncommon trap occurred in java.lang.invoke.LambdaForm$NamedFunction::intrinsicName (@0x000000011347efc8) thread=9475 reason=class_check action=maybe_recompile unloaded_class_index=-1
<jvms bci='17' method='java/lang/invoke/LambdaForm$NamedFunction intrinsicName ()Ljava/lang/invoke/MethodHandleImpl$Intrinsic;' bytes='21' count='10' backedge_count='1' iicount='20' class_check_traps='3'/>
</uncommon_trap>
DEOPT PACKING thread 0x00007fd90c00b800 Compiled frame (sp=0x0000000309bc1b50 unextended sp=0x0000000309bc1b50, fp=0x00000000f2ad3753, real_fp=0x0000000309bc1b70, pc=0x000000011347efc8)
     nmethod   5799  745             java.lang.invoke.LambdaForm$NamedFunction::intrinsicName (21 bytes)

     Virtual frames (innermost first):
        0 - frame( sp=0x0000000309bc1b50, unextended_sp=0x0000000309bc1b50, fp=0x00000000f2ad3753, pc=0x000000011347efc8)
java.lang.invoke.LambdaForm$NamedFunction.intrinsicName(LambdaForm.java:1328) - invokevirtual @ bci 17 
     Created vframeArray 0x00007fd90d07bc20
DEOPT UNPACKING thread 0x00007fd90c00b800 vframeArray 0x00007fd90d07bc20 mode 2
     {method} {0x000000011a6a3a70} &apos;intrinsicName&apos; &apos;()Ljava/lang/invoke/MethodHandleImpl$Intrinsic;&apos; in &apos;java/lang/invoke/LambdaForm$NamedFunction&apos; - invokevirtual @ bci 17 sp = 0x0000000309bc1b18
<uncommon_trap thread='9475' reason='class_check' action='maybe_recompile' compile_id='739' compiler='C2' count='4' state='class_check recompiled' stamp='5.803'>
Uncommon trap occurred in java.lang.invoke.InvokerBytecodeGenerator::generateCustomizedCodeBytes (@0x000000011363a888) thread=9475 reason=class_check action=maybe_recompile unloaded_class_index=-1
<jvms bci='17' method='java/lang/invoke/LambdaForm$NamedFunction intrinsicName ()Ljava/lang/invoke/MethodHandleImpl$Intrinsic;' bytes='21' count='11' backedge_count='1' iicount='21' decompiles='1' class_check_traps='4'/>
<jvms bci='180' method='java/lang/invoke/InvokerBytecodeGenerator generateCustomizedCodeBytes ()[B' bytes='604' count='10' backedge_count='19' iicount='11' decompiles='1'/>
</uncommon_trap>
DEOPT PACKING thread 0x00007fd90c00b800 Compiled frame (sp=0x0000000309bc2a90 unextended sp=0x0000000309bc2a90, fp=0x00000000f2af0471, real_fp=0x0000000309bc2b10, pc=0x000000011363a888)
     nmethod   5803  739             java.lang.invoke.InvokerBytecodeGenerator::generateCustomizedCodeBytes (604 bytes)

     Virtual frames (innermost first):
        0 - frame( sp=0x0000000309bc2a90, unextended_sp=0x0000000309bc2a90, fp=0x00000000f2af0471, pc=0x000000011363a888)
java.lang.invoke.LambdaForm$NamedFunction.intrinsicName(LambdaForm.java:1328) - invokevirtual @ bci 17 
        1 - frame( sp=0x0000000309bc2a90, unextended_sp=0x0000000309bc2a90, fp=0x00000000f2af0471, pc=0x000000011363a888)
java.lang.invoke.InvokerBytecodeGenerator.generateCustomizedCodeBytes(InvokerBytecodeGenerator.java:668) - invokevirtual @ bci 180 
     Created vframeArray 0x00007fd90d85fc20
DEOPT UNPACKING thread 0x00007fd90c00b800 vframeArray 0x00007fd90d85fc20 mode 2
     {method} {0x000000011a6c91b8} &apos;generateCustomizedCodeBytes&apos; &apos;()[B&apos; in &apos;java/lang/invoke/InvokerBytecodeGenerator&apos; - invokevirtual @ bci 180 sp = 0x0000000309bc2a88
     {method} {0x000000011a6a3a70} &apos;intrinsicName&apos; &apos;()Ljava/lang/invoke/MethodHandleImpl$Intrinsic;&apos; in &apos;java/lang/invoke/LambdaForm$NamedFunction&apos; - invokevirtual @ bci 17 sp = 0x0000000309bc2a30
<uncommon_trap thread='9475' reason='null_assert' action='make_not_entrant' compile_id='567' compiler='C2' stamp='5.849'>
Uncommon trap occurred in jdk.internal.org.objectweb.asm.ClassWriter::toByteArray (@0x00000001135dcc80) thread=9475 reason=null_assert action=make_not_entrant unloaded_class_index=-1
<jvms bci='35' method='jdk/internal/org/objectweb/asm/ClassWriter toByteArray ()[B' bytes='1289' count='8' backedge_count='12' iicount='8'/>
</uncommon_trap>
DEOPT PACKING thread 0x00007fd90c00b800 Compiled frame (sp=0x0000000309bc2f80 unextended sp=0x0000000309bc2f80, fp=0x00000000f2b0401a, real_fp=0x0000000309bc2fe0, pc=0x00000001135dcc80)
     nmethod   5848  567             jdk.internal.org.objectweb.asm.ClassWriter::toByteArray (1289 bytes)

     Virtual frames (innermost first):
        0 - frame( sp=0x0000000309bc2f80, unextended_sp=0x0000000309bc2f80, fp=0x00000000f2b0401a, pc=0x00000001135dcc80)
jdk.internal.org.objectweb.asm.ClassWriter.toByteArray(ClassWriter.java:846) - astore_3 @ bci 35 
     Created vframeArray 0x00007fd90c072620
DEOPT UNPACKING thread 0x00007fd90c00b800 vframeArray 0x00007fd90c072620 mode 2
     {method} {0x000000011a6d1b78} &apos;toByteArray&apos; &apos;()[B&apos; in &apos;jdk/internal/org/objectweb/asm/ClassWriter&apos; - astore_3 @ bci 35 sp = 0x0000000309bc2f40
<dependency_failed type='abstract_with_unique_concrete_subtype' ctxk='java/util/HashMap$HashIterator' x='java/util/HashMap$ValueIterator' witness='java/util/HashMap$EntryIterator' stamp='5.866'/>
<dependency_failed type='abstract_with_unique_concrete_subtype' ctxk='java/util/HashMap$HashIterator' x='java/util/HashMap$ValueIterator' witness='java/util/HashMap$EntryIterator' stamp='5.866'/>
<uncommon_trap thread='9475' reason='unstable_if' action='reinterpret' compile_id='840' compiler='C2' stamp='5.875'>
Uncommon trap occurred in java.util.HashMap$HashIterator::nextNode (@0x0000000113662ab0) thread=9475 reason=unstable_if action=reinterpret unloaded_class_index=-1
<jvms bci='95' method='java/util/HashMap$HashIterator nextNode ()Ljava/util/HashMap$Node;' bytes='100' count='4' backedge_count='12' iicount='4' decompiles='1'/>
</uncommon_trap>
DEOPT PACKING thread 0x00007fd90c00b800 Compiled frame (sp=0x0000000309bc24a0 unextended sp=0x0000000309bc24a0, fp=0x000000079582edc8, real_fp=0x0000000309bc24d0, pc=0x0000000113662ab0)
     nmethod   5874  840             java.util.HashMap$HashIterator::nextNode (100 bytes)

     Virtual frames (innermost first):
        0 - frame( sp=0x0000000309bc24a0, unextended_sp=0x0000000309bc24a0, fp=0x000000079582edc8, pc=0x0000000113662ab0)
java.util.HashMap$HashIterator.nextNode(HashMap.java:1473) - ifnull @ bci 95 
     Created vframeArray 0x00007fd90d85f820
DEOPT UNPACKING thread 0x00007fd90c00b800 vframeArray 0x00007fd90d85f820 mode 2
     {method} {0x000000011a6fcc18} &apos;nextNode&apos; &apos;()Ljava/util/HashMap$Node;&apos; in &apos;java/util/HashMap$HashIterator&apos; - ifnull @ bci 95 sp = 0x0000000309bc2468
<uncommon_trap thread='9475' reason='class_check' action='maybe_recompile' compile_id='152' compiler='C2' count='1' state='class_check' stamp='5.875'>
Uncommon trap occurred in java.util.HashMap::putVal (@0x00000001134f64fc) thread=9475 reason=class_check action=maybe_recompile unloaded_class_index=-1
<jvms bci='152' method='java/util/HashMap putVal (ILjava/lang/Object;Ljava/lang/Object;ZZ)Ljava/lang/Object;' bytes='300' count='5' backedge_count='1' iicount='20' class_check_traps='1'/>
</uncommon_trap>
DEOPT PACKING thread 0x00007fd90c00b800 Compiled frame (sp=0x0000000309bc24e0 unextended sp=0x0000000309bc24e0, fp=0x00000000f80039e2, real_fp=0x0000000309bc2550, pc=0x00000001134f64fc)
     nmethod   5875  152             java.util.HashMap::putVal (300 bytes)

     Virtual frames (innermost first):
        0 - frame( sp=0x0000000309bc24e0, unextended_sp=0x0000000309bc24e0, fp=0x00000000f80039e2, pc=0x00000001134f64fc)
java.util.HashMap.putVal(HashMap.java:643) - invokevirtual @ bci 152 
     Created vframeArray 0x00007fd90d862420
DEOPT UNPACKING thread 0x00007fd90c00b800 vframeArray 0x00007fd90d862420 mode 2
     {method} {0x000000011a42b4d0} &apos;putVal&apos; &apos;(ILjava/lang/Object;Ljava/lang/Object;ZZ)Ljava/lang/Object;&apos; in &apos;java/util/HashMap&apos; - invokevirtual @ bci 152 sp = 0x0000000309bc2498
<uncommon_trap thread='9475' reason='class_check' action='maybe_recompile' compile_id='427' compiler='C2' stamp='5.876'>
Uncommon trap occurred in java.util.Arrays::equals (@0x0000000113588ad0) thread=9475 reason=class_check action=maybe_recompile unloaded_class_index=-1
<jvms bci='62' method='java/util/Arrays equals ([Ljava/lang/Object;[Ljava/lang/Object;)Z' bytes='78' count='6' backedge_count='12' iicount='6'/>
</uncommon_trap>
DEOPT PACKING thread 0x00007fd90c00b800 Compiled frame (sp=0x0000000309bc34e0 unextended sp=0x0000000309bc34e0, fp=0x00000000f2afff31, real_fp=0x0000000309bc3520, pc=0x0000000113588ad0)
     nmethod   5875  427             java.util.Arrays::equals (78 bytes)

     Virtual frames (innermost first):
        0 - frame( sp=0x0000000309bc34e0, unextended_sp=0x0000000309bc34e0, fp=0x00000000f2afff31, pc=0x0000000113588ad0)
java.util.Arrays.equals(Arrays.java:2829) - invokevirtual @ bci 62 
     Created vframeArray 0x00007fd90d85f820
DEOPT UNPACKING thread 0x00007fd90c00b800 vframeArray 0x00007fd90d85f820 mode 2
     {method} {0x000000011a464328} &apos;equals&apos; &apos;([Ljava/lang/Object;[Ljava/lang/Object;)Z&apos; in &apos;java/util/Arrays&apos; - invokevirtual @ bci 62 sp = 0x0000000309bc34a0
<uncommon_trap thread='9475' reason='unstable_if' action='reinterpret' compile_id='677' compiler='C2' stamp='5.902'>
Uncommon trap occurred in java.lang.invoke.LambdaForm::&lt;init&gt; (@0x0000000113607548) thread=9475 reason=unstable_if action=reinterpret unloaded_class_index=-1
<jvms bci='35' method='java/lang/invoke/LambdaForm normalize ()I' bytes='322' count='4' backedge_count='16' iicount='17' decompiles='3' uninitialized_traps='3'/>
<jvms bci='78' method='java/lang/invoke/LambdaForm &lt;init&gt; (Ljava/lang/String;I[Ljava/lang/invoke/LambdaForm$Name;IZLjava/lang/invoke/MethodHandle;)V' bytes='119' count='10' backedge_count='1' iicount='20'/>
<jvms bci='8' method='java/lang/invoke/LambdaForm &lt;init&gt; (Ljava/lang/String;I[Ljava/lang/invoke/LambdaForm$Name;I)V' bytes='12' count='10' backedge_count='1' iicount='20'/>
</uncommon_trap>
DEOPT PACKING thread 0x00007fd90c00b800 Compiled frame (sp=0x0000000309bc3450 unextended sp=0x0000000309bc3450, fp=0x0000000000000001, real_fp=0x0000000309bc34b0, pc=0x0000000113607548)
     nmethod   5902  677             java.lang.invoke.LambdaForm::&lt;init&gt; (12 bytes)

     Virtual frames (innermost first):
        0 - frame( sp=0x0000000309bc3450, unextended_sp=0x0000000309bc3450, fp=0x0000000000000001, pc=0x0000000113607548)
java.lang.invoke.LambdaForm.normalize(LambdaForm.java:412) - ifne @ bci 35 
        1 - frame( sp=0x0000000309bc3450, unextended_sp=0x0000000309bc3450, fp=0x0000000000000001, pc=0x0000000113607548)
java.lang.invoke.LambdaForm.&lt;init&gt;(LambdaForm.java:260) - invokespecial @ bci 78 
        2 - frame( sp=0x0000000309bc3450, unextended_sp=0x0000000309bc3450, fp=0x0000000000000001, pc=0x0000000113607548)
java.lang.invoke.LambdaForm.&lt;init&gt;(LambdaForm.java:249) - invokespecial @ bci 8 
     Created vframeArray 0x00007fd90d862c20
DEOPT UNPACKING thread 0x00007fd90c00b800 vframeArray 0x00007fd90d862c20 mode 2
     {method} {0x000000011a389a30} &apos;&lt;init&gt;&apos; &apos;(Ljava/lang/String;I[Ljava/lang/invoke/LambdaForm$Name;I)V&apos; in &apos;java/lang/invoke/LambdaForm&apos; - invokespecial @ bci 8 sp = 0x0000000309bc3420
     {method} {0x000000011a389bc0} &apos;&lt;init&gt;&apos; &apos;(Ljava/lang/String;I[Ljava/lang/invoke/LambdaForm$Name;IZLjava/lang/invoke/MethodHandle;)V&apos; in &apos;java/lang/invoke/LambdaForm&apos; - invokespecial @ bci 78 sp = 0x0000000309bc3388
     {method} {0x000000011a38ad08} &apos;normalize&apos; &apos;()I&apos; in &apos;java/lang/invoke/LambdaForm&apos; - ifne @ bci 35 sp = 0x0000000309bc3330
<uncommon_trap thread='9475' reason='class_check' action='maybe_recompile' compile_id='427' compiler='C2' count='1' state='class_check' stamp='5.967'>
Uncommon trap occurred in java.util.Arrays::equals (@0x0000000113588ad0) thread=9475 reason=class_check action=maybe_recompile unloaded_class_index=-1
<jvms bci='62' method='java/util/Arrays equals ([Ljava/lang/Object;[Ljava/lang/Object;)Z' bytes='78' count='6' backedge_count='13' iicount='6' class_check_traps='1'/>
</uncommon_trap>
DEOPT PACKING thread 0x00007fd90c00b800 Compiled frame (sp=0x0000000309bc35b0 unextended sp=0x0000000309bc35b0, fp=0x00000000f2b0379a, real_fp=0x0000000309bc35f0, pc=0x0000000113588ad0)
     nmethod   5967  427             java.util.Arrays::equals (78 bytes)

     Virtual frames (innermost first):
        0 - frame( sp=0x0000000309bc35b0, unextended_sp=0x0000000309bc35b0, fp=0x00000000f2b0379a, pc=0x0000000113588ad0)
java.util.Arrays.equals(Arrays.java:2829) - invokevirtual @ bci 62 
     Created vframeArray 0x00007fd90d07bc20
DEOPT UNPACKING thread 0x00007fd90c00b800 vframeArray 0x00007fd90d07bc20 mode 2
     {method} {0x000000011a464328} &apos;equals&apos; &apos;([Ljava/lang/Object;[Ljava/lang/Object;)Z&apos; in &apos;java/util/Arrays&apos; - invokevirtual @ bci 62 sp = 0x0000000309bc3570
<uncommon_trap thread='9475' reason='predicate' action='maybe_recompile' compile_id='845' compiler='C2' stamp='5.983'>
Uncommon trap occurred in java.util.Arrays::fill (@0x0000000113668554) thread=9475 reason=predicate action=maybe_recompile unloaded_class_index=-1
<jvms bci='16' method='java/util/Arrays fill ([Ljava/lang/Object;IILjava/lang/Object;)V' bytes='28' count='10' backedge_count='11' iicount='11'/>
</uncommon_trap>
DEOPT PACKING thread 0x00007fd90c00b800 Compiled frame (sp=0x0000000309bc34b0 unextended sp=0x0000000309bc34b0, fp=0x0000000000000000, real_fp=0x0000000309bc3500, pc=0x0000000113668554)
     nmethod   5982  845             java.util.Arrays::fill (28 bytes)

     Virtual frames (innermost first):
        0 - frame( sp=0x0000000309bc34b0, unextended_sp=0x0000000309bc34b0, fp=0x0000000000000000, pc=0x0000000113668554)
java.util.Arrays.fill(Arrays.java:3155) - fast_aload_0 @ bci 16 
     Created vframeArray 0x00007fd90d861620
DEOPT UNPACKING thread 0x00007fd90c00b800 vframeArray 0x00007fd90d861620 mode 2
     {method} {0x000000011a465498} &apos;fill&apos; &apos;([Ljava/lang/Object;IILjava/lang/Object;)V&apos; in &apos;java/util/Arrays&apos; - aload_0 @ bci 16 sp = 0x0000000309bc34a8
<uncommon_trap thread='9475' reason='class_check' action='maybe_recompile' compile_id='427' compiler='C2' count='2' state='class_check' stamp='6.141'>
Uncommon trap occurred in java.util.Arrays::equals (@0x0000000113588ad0) thread=9475 reason=class_check action=maybe_recompile unloaded_class_index=-1
<jvms bci='62' method='java/util/Arrays equals ([Ljava/lang/Object;[Ljava/lang/Object;)Z' bytes='78' count='6' backedge_count='14' iicount='6' class_check_traps='2'/>
</uncommon_trap>
DEOPT PACKING thread 0x00007fd90c00b800 Compiled frame (sp=0x0000000309bc35b0 unextended sp=0x0000000309bc35b0, fp=0x00000000f2b0638b, real_fp=0x0000000309bc35f0, pc=0x0000000113588ad0)
     nmethod   6140  427             java.util.Arrays::equals (78 bytes)

     Virtual frames (innermost first):
        0 - frame( sp=0x0000000309bc35b0, unextended_sp=0x0000000309bc35b0, fp=0x00000000f2b0638b, pc=0x0000000113588ad0)
java.util.Arrays.equals(Arrays.java:2829) - invokevirtual @ bci 62 
     Created vframeArray 0x00007fd90e060e20
DEOPT UNPACKING thread 0x00007fd90c00b800 vframeArray 0x00007fd90e060e20 mode 2
     {method} {0x000000011a464328} &apos;equals&apos; &apos;([Ljava/lang/Object;[Ljava/lang/Object;)Z&apos; in &apos;java/util/Arrays&apos; - invokevirtual @ bci 62 sp = 0x0000000309bc3570
<uncommon_trap thread='9475' reason='class_check' action='maybe_recompile' compile_id='427' compiler='C2' count='3' state='class_check' stamp='6.141'>
Uncommon trap occurred in java.util.Arrays::equals (@0x0000000113588ad0) thread=9475 reason=class_check action=maybe_recompile unloaded_class_index=-1
<jvms bci='62' method='java/util/Arrays equals ([Ljava/lang/Object;[Ljava/lang/Object;)Z' bytes='78' count='6' backedge_count='15' iicount='6' class_check_traps='3'/>
</uncommon_trap>
DEOPT PACKING thread 0x00007fd90c00b800 Compiled frame (sp=0x0000000309bc35b0 unextended sp=0x0000000309bc35b0, fp=0x00000000f2b0638b, real_fp=0x0000000309bc35f0, pc=0x0000000113588ad0)
     nmethod   6141  427             java.util.Arrays::equals (78 bytes)

     Virtual frames (innermost first):
        0 - frame( sp=0x0000000309bc35b0, unextended_sp=0x0000000309bc35b0, fp=0x00000000f2b0638b, pc=0x0000000113588ad0)
java.util.Arrays.equals(Arrays.java:2829) - invokevirtual @ bci 62 
     Created vframeArray 0x00007fd90e03c020
DEOPT UNPACKING thread 0x00007fd90c00b800 vframeArray 0x00007fd90e03c020 mode 2
     {method} {0x000000011a464328} &apos;equals&apos; &apos;([Ljava/lang/Object;[Ljava/lang/Object;)Z&apos; in &apos;java/util/Arrays&apos; - invokevirtual @ bci 62 sp = 0x0000000309bc3570
<uncommon_trap thread='9475' reason='array_check' action='maybe_recompile' compile_id='847' compiler='C2' stamp='6.174'>
Uncommon trap occurred in java.util.Arrays::fill (@0x000000011366c2a4) thread=9475 reason=array_check action=maybe_recompile unloaded_class_index=-1
<jvms bci='20' method='java/util/Arrays fill ([Ljava/lang/Object;IILjava/lang/Object;)V' bytes='28' count='10' backedge_count='11' iicount='12' decompiles='1' predicate_traps='1'/>
</uncommon_trap>
DEOPT PACKING thread 0x00007fd90c00b800 Compiled frame (sp=0x0000000309bc34b0 unextended sp=0x0000000309bc34b0, fp=0x0000000000000008, real_fp=0x0000000309bc3500, pc=0x000000011366c2a4)
     nmethod   6173  847             java.util.Arrays::fill (28 bytes)

     Virtual frames (innermost first):
        0 - frame( sp=0x0000000309bc34b0, unextended_sp=0x0000000309bc34b0, fp=0x0000000000000008, pc=0x000000011366c2a4)
java.util.Arrays.fill(Arrays.java:3155) - aastore @ bci 20 
     Created vframeArray 0x00007fd90c072620
DEOPT UNPACKING thread 0x00007fd90c00b800 vframeArray 0x00007fd90c072620 mode 2
     {method} {0x000000011a465498} &apos;fill&apos; &apos;([Ljava/lang/Object;IILjava/lang/Object;)V&apos; in &apos;java/util/Arrays&apos; - aastore @ bci 20 sp = 0x0000000309bc3490
<uncommon_trap thread='9475' reason='array_check' action='maybe_recompile' compile_id='847' compiler='C2' count='1' state='array_check' stamp='6.174'>
Uncommon trap occurred in java.util.Arrays::fill (@0x000000011366c2a4) thread=9475 reason=array_check action=maybe_recompile unloaded_class_index=-1
<jvms bci='20' method='java/util/Arrays fill ([Ljava/lang/Object;IILjava/lang/Object;)V' bytes='28' count='10' backedge_count='12' iicount='12' decompiles='1' array_check_traps='1' predicate_traps='1'/>
</uncommon_trap>
DEOPT PACKING thread 0x00007fd90c00b800 Compiled frame (sp=0x0000000309bc34b0 unextended sp=0x0000000309bc34b0, fp=0x0000000000000008, real_fp=0x0000000309bc3500, pc=0x000000011366c2a4)
     nmethod   6174  847             java.util.Arrays::fill (28 bytes)

     Virtual frames (innermost first):
        0 - frame( sp=0x0000000309bc34b0, unextended_sp=0x0000000309bc34b0, fp=0x0000000000000008, pc=0x000000011366c2a4)
java.util.Arrays.fill(Arrays.java:3155) - aastore @ bci 20 
     Created vframeArray 0x00007fd90d861620
DEOPT UNPACKING thread 0x00007fd90c00b800 vframeArray 0x00007fd90d861620 mode 2
     {method} {0x000000011a465498} &apos;fill&apos; &apos;([Ljava/lang/Object;IILjava/lang/Object;)V&apos; in &apos;java/util/Arrays&apos; - aastore @ bci 20 sp = 0x0000000309bc3490
<uncommon_trap thread='9475' reason='array_check' action='maybe_recompile' compile_id='847' compiler='C2' count='2' state='array_check' stamp='6.174'>
Uncommon trap occurred in java.util.Arrays::fill (@0x000000011366c2a4) thread=9475 reason=array_check action=maybe_recompile unloaded_class_index=-1
<jvms bci='20' method='java/util/Arrays fill ([Ljava/lang/Object;IILjava/lang/Object;)V' bytes='28' count='10' backedge_count='13' iicount='12' decompiles='1' array_check_traps='2' predicate_traps='1'/>
</uncommon_trap>
DEOPT PACKING thread 0x00007fd90c00b800 Compiled frame (sp=0x0000000309bc34b0 unextended sp=0x0000000309bc34b0, fp=0x0000000000000009, real_fp=0x0000000309bc3500, pc=0x000000011366c2a4)
     nmethod   6174  847             java.util.Arrays::fill (28 bytes)

     Virtual frames (innermost first):
        0 - frame( sp=0x0000000309bc34b0, unextended_sp=0x0000000309bc34b0, fp=0x0000000000000009, pc=0x000000011366c2a4)
java.util.Arrays.fill(Arrays.java:3155) - aastore @ bci 20 
     Created vframeArray 0x00007fd90d07bc20
DEOPT UNPACKING thread 0x00007fd90c00b800 vframeArray 0x00007fd90d07bc20 mode 2
     {method} {0x000000011a465498} &apos;fill&apos; &apos;([Ljava/lang/Object;IILjava/lang/Object;)V&apos; in &apos;java/util/Arrays&apos; - aastore @ bci 20 sp = 0x0000000309bc3490
<uncommon_trap thread='9475' reason='array_check' action='maybe_recompile' compile_id='847' compiler='C2' count='3' state='array_check' stamp='6.175'>
Uncommon trap occurred in java.util.Arrays::fill (@0x000000011366c2a4) thread=9475 reason=array_check action=maybe_recompile unloaded_class_index=-1
<jvms bci='20' method='java/util/Arrays fill ([Ljava/lang/Object;IILjava/lang/Object;)V' bytes='28' count='10' backedge_count='14' iicount='12' decompiles='1' array_check_traps='3' predicate_traps='1'/>
</uncommon_trap>
DEOPT PACKING thread 0x00007fd90c00b800 Compiled frame (sp=0x0000000309bc34b0 unextended sp=0x0000000309bc34b0, fp=0x0000000000000009, real_fp=0x0000000309bc3500, pc=0x000000011366c2a4)
     nmethod   6174  847             java.util.Arrays::fill (28 bytes)

     Virtual frames (innermost first):
        0 - frame( sp=0x0000000309bc34b0, unextended_sp=0x0000000309bc34b0, fp=0x0000000000000009, pc=0x000000011366c2a4)
java.util.Arrays.fill(Arrays.java:3155) - aastore @ bci 20 
     Created vframeArray 0x00007fd90e03c020
DEOPT UNPACKING thread 0x00007fd90c00b800 vframeArray 0x00007fd90e03c020 mode 2
     {method} {0x000000011a465498} &apos;fill&apos; &apos;([Ljava/lang/Object;IILjava/lang/Object;)V&apos; in &apos;java/util/Arrays&apos; - aastore @ bci 20 sp = 0x0000000309bc3490
<dependency_failed type='abstract_with_unique_concrete_subtype' ctxk='jdk/internal/org/objectweb/asm/MethodVisitor' x='jdk/internal/org/objectweb/asm/MethodWriter' witness='java/lang/invoke/TypeConvertingMethodAdapter' stamp='6.465'/>
<dependency_failed type='abstract_with_unique_concrete_subtype' ctxk='jdk/internal/org/objectweb/asm/MethodVisitor' x='jdk/internal/org/objectweb/asm/MethodWriter' witness='java/lang/invoke/TypeConvertingMethodAdapter' stamp='6.465'/>
<dependency_failed type='abstract_with_unique_concrete_subtype' ctxk='jdk/internal/org/objectweb/asm/MethodVisitor' x='jdk/internal/org/objectweb/asm/MethodWriter' witness='java/lang/invoke/TypeConvertingMethodAdapter' stamp='6.465'/>
<dependency_failed type='abstract_with_unique_concrete_subtype' ctxk='jdk/internal/org/objectweb/asm/MethodVisitor' x='jdk/internal/org/objectweb/asm/MethodWriter' witness='java/lang/invoke/TypeConvertingMethodAdapter' stamp='6.465'/>
<dependency_failed type='abstract_with_unique_concrete_subtype' ctxk='jdk/internal/org/objectweb/asm/MethodVisitor' x='jdk/internal/org/objectweb/asm/MethodWriter' witness='java/lang/invoke/TypeConvertingMethodAdapter' stamp='6.466'/>
<dependency_failed type='abstract_with_unique_concrete_subtype' ctxk='jdk/internal/org/objectweb/asm/MethodVisitor' x='jdk/internal/org/objectweb/asm/MethodWriter' witness='java/lang/invoke/TypeConvertingMethodAdapter' stamp='6.466'/>
<dependency_failed type='abstract_with_unique_concrete_subtype' ctxk='jdk/internal/org/objectweb/asm/MethodVisitor' x='jdk/internal/org/objectweb/asm/MethodWriter' witness='java/lang/invoke/TypeConvertingMethodAdapter' stamp='6.466'/>
<dependency_failed type='abstract_with_unique_concrete_subtype' ctxk='jdk/internal/org/objectweb/asm/MethodVisitor' x='jdk/internal/org/objectweb/asm/MethodWriter' witness='java/lang/invoke/TypeConvertingMethodAdapter' stamp='6.466'/>
<dependency_failed type='abstract_with_unique_concrete_subtype' ctxk='jdk/internal/org/objectweb/asm/MethodVisitor' x='jdk/internal/org/objectweb/asm/MethodWriter' witness='java/lang/invoke/TypeConvertingMethodAdapter' stamp='6.466'/>
<dependency_failed type='abstract_with_unique_concrete_subtype' ctxk='jdk/internal/org/objectweb/asm/MethodVisitor' x='jdk/internal/org/objectweb/asm/MethodWriter' witness='java/lang/invoke/TypeConvertingMethodAdapter' stamp='6.466'/>
<dependency_failed type='abstract_with_unique_concrete_subtype' ctxk='jdk/internal/org/objectweb/asm/MethodVisitor' x='jdk/internal/org/objectweb/asm/MethodWriter' witness='java/lang/invoke/TypeConvertingMethodAdapter' stamp='6.466'/>
<dependency_failed type='abstract_with_unique_concrete_subtype' ctxk='jdk/internal/org/objectweb/asm/MethodVisitor' x='jdk/internal/org/objectweb/asm/MethodWriter' witness='java/lang/invoke/TypeConvertingMethodAdapter' stamp='6.466'/>
<dependency_failed type='abstract_with_unique_concrete_subtype' ctxk='jdk/internal/org/objectweb/asm/MethodVisitor' x='jdk/internal/org/objectweb/asm/MethodWriter' witness='java/lang/invoke/TypeConvertingMethodAdapter' stamp='6.466'/>
<dependency_failed type='abstract_with_unique_concrete_subtype' ctxk='jdk/internal/org/objectweb/asm/MethodVisitor' x='jdk/internal/org/objectweb/asm/MethodWriter' witness='java/lang/invoke/TypeConvertingMethodAdapter' stamp='6.466'/>
<dependency_failed type='abstract_with_unique_concrete_subtype' ctxk='jdk/internal/org/objectweb/asm/MethodVisitor' x='jdk/internal/org/objectweb/asm/MethodWriter' witness='java/lang/invoke/TypeConvertingMethodAdapter' stamp='6.466'/>
<dependency_failed type='abstract_with_unique_concrete_subtype' ctxk='jdk/internal/org/objectweb/asm/MethodVisitor' x='jdk/internal/org/objectweb/asm/MethodWriter' witness='java/lang/invoke/TypeConvertingMethodAdapter' stamp='6.466'/>
<dependency_failed type='abstract_with_unique_concrete_subtype' ctxk='jdk/internal/org/objectweb/asm/MethodVisitor' x='jdk/internal/org/objectweb/asm/MethodWriter' witness='java/lang/invoke/TypeConvertingMethodAdapter' stamp='6.466'/>
<dependency_failed type='abstract_with_unique_concrete_subtype' ctxk='jdk/internal/org/objectweb/asm/MethodVisitor' x='jdk/internal/org/objectweb/asm/MethodWriter' witness='java/lang/invoke/TypeConvertingMethodAdapter' stamp='6.466'/>
<dependency_failed type='abstract_with_unique_concrete_subtype' ctxk='jdk/internal/org/objectweb/asm/MethodVisitor' x='jdk/internal/org/objectweb/asm/MethodWriter' witness='java/lang/invoke/TypeConvertingMethodAdapter' stamp='6.467'/>
<dependency_failed type='abstract_with_unique_concrete_subtype' ctxk='jdk/internal/org/objectweb/asm/MethodVisitor' x='jdk/internal/org/objectweb/asm/MethodWriter' witness='java/lang/invoke/TypeConvertingMethodAdapter' stamp='6.467'/>
<dependency_failed type='abstract_with_unique_concrete_subtype' ctxk='jdk/internal/org/objectweb/asm/MethodVisitor' x='jdk/internal/org/objectweb/asm/MethodWriter' witness='java/lang/invoke/TypeConvertingMethodAdapter' stamp='6.467'/>
<uncommon_trap thread='9475' reason='uninitialized' action='reinterpret' compile_id='892' compiler='C2' stamp='6.471'>
Uncommon trap occurred in java.lang.invoke.TypeConvertingMethodAdapter::initWidening (@0x0000000113666a90) thread=9475 reason=uninitialized action=reinterpret unloaded_class_index=-1
<jvms bci='22' method='java/lang/invoke/TypeConvertingMethodAdapter initWidening (Lsun/invoke/util/Wrapper;I[Lsun/invoke/util/Wrapper;)V' bytes='44' count='6' backedge_count='11' iicount='6'/>
</uncommon_trap>
DEOPT PACKING thread 0x00007fd90c00b800 Compiled frame (sp=0x0000000309bc2ec0 unextended sp=0x0000000309bc2ec0, fp=0x00000000f2ace2d9, real_fp=0x0000000309bc2f00, pc=0x0000000113666a90)
     nmethod   6470  892             java.lang.invoke.TypeConvertingMethodAdapter::initWidening (44 bytes)

     Virtual frames (innermost first):
        0 - frame( sp=0x0000000309bc2ec0, unextended_sp=0x0000000309bc2ec0, fp=0x00000000f2ace2d9, pc=0x0000000113666a90)
java.lang.invoke.TypeConvertingMethodAdapter.initWidening(TypeConvertingMethodAdapter.java:92) - getstatic @ bci 22 
     Created vframeArray 0x00007fd90e070620
DEOPT UNPACKING thread 0x00007fd90c00b800 vframeArray 0x00007fd90e070620 mode 2
     {method} {0x000000011a7b4b20} &apos;initWidening&apos; &apos;(Lsun/invoke/util/Wrapper;I[Lsun/invoke/util/Wrapper;)V&apos; in &apos;java/lang/invoke/TypeConvertingMethodAdapter&apos; - getstatic @ bci 22 sp = 0x0000000309bc2e90
<uncommon_trap thread='9475' reason='class_check' action='maybe_recompile' compile_id='191' compiler='C2' count='2' state='class_check' stamp='6.642'>
Uncommon trap occurred in java.net.URL::&lt;init&gt; (@0x0000000113515f88) thread=9475 reason=class_check action=maybe_recompile unloaded_class_index=-1
<jvms bci='504' method='java/net/URL &lt;init&gt; (Ljava/net/URL;Ljava/lang/String;Ljava/net/URLStreamHandler;)V' bytes='543' count='3' backedge_count='11' iicount='7' class_check_traps='2'/>
</uncommon_trap>
DEOPT PACKING thread 0x00007fd90c00b800 Compiled frame (sp=0x0000000309bc2290 unextended sp=0x0000000309bc2290, fp=0x00000007955c54d8, real_fp=0x0000000309bc2300, pc=0x0000000113515f88)
     nmethod   6642  191   !         java.net.URL::&lt;init&gt; (543 bytes)

     Virtual frames (innermost first):
        0 - frame( sp=0x0000000309bc2290, unextended_sp=0x0000000309bc2290, fp=0x00000007955c54d8, pc=0x0000000113515f88)
java.net.URL.&lt;init&gt;(URL.java:640) - invokevirtual @ bci 504 
     Created vframeArray 0x00007fd90d832e20
DEOPT UNPACKING thread 0x00007fd90c00b800 vframeArray 0x00007fd90d832e20 mode 2
     {method} {0x000000011a3bd008} &apos;&lt;init&gt;&apos; &apos;(Ljava/net/URL;Ljava/lang/String;Ljava/net/URLStreamHandler;)V&apos; in &apos;java/net/URL&apos; - invokevirtual @ bci 504 sp = 0x0000000309bc2218
<uncommon_trap thread='9475' reason='class_check' action='maybe_recompile' compile_id='347' compiler='C2' count='1' state='class_check' stamp='6.644'>
Uncommon trap occurred in sun.misc.Resource::getBytes (@0x000000011356697c) thread=9475 reason=class_check action=maybe_recompile unloaded_class_index=-1
<jvms bci='10' method='sun/misc/Resource getBytes ()[B' bytes='242' count='9' backedge_count='19' iicount='9' decompiles='1' class_check_traps='1'/>
</uncommon_trap>
DEOPT PACKING thread 0x00007fd90c00b800 Compiled frame (sp=0x0000000309bc2290 unextended sp=0x0000000309bc2290, fp=0x0000000795870a30, real_fp=0x0000000309bc2320, pc=0x000000011356697c)
     nmethod   6643  347   !         sun.misc.Resource::getBytes (242 bytes)

     Virtual frames (innermost first):
        0 - frame( sp=0x0000000309bc2290, unextended_sp=0x0000000309bc2290, fp=0x0000000795870a30, pc=0x000000011356697c)
sun.misc.Resource.getBytes(Resource.java:100) - invokevirtual @ bci 10 
     Created vframeArray 0x00007fd90c06aa20
DEOPT UNPACKING thread 0x00007fd90c00b800 vframeArray 0x00007fd90c06aa20 mode 2
     {method} {0x000000011a5dae50} &apos;getBytes&apos; &apos;()[B&apos; in &apos;sun/misc/Resource&apos; - invokevirtual @ bci 10 sp = 0x0000000309bc2278
<uncommon_trap thread='9475' reason='class_check' action='maybe_recompile' compile_id='191' compiler='C2' count='3' state='class_check' stamp='6.649'>
Uncommon trap occurred in java.net.URL::&lt;init&gt; (@0x0000000113515f88) thread=9475 reason=class_check action=maybe_recompile unloaded_class_index=-1
<jvms bci='504' method='java/net/URL &lt;init&gt; (Ljava/net/URL;Ljava/lang/String;Ljava/net/URLStreamHandler;)V' bytes='543' count='3' backedge_count='11' iicount='7' class_check_traps='3'/>
</uncommon_trap>
DEOPT PACKING thread 0x00007fd90c00b800 Compiled frame (sp=0x0000000309bc1450 unextended sp=0x0000000309bc1450, fp=0x00000007955c54d8, real_fp=0x0000000309bc14c0, pc=0x0000000113515f88)
     nmethod   6648  191   !         java.net.URL::&lt;init&gt; (543 bytes)

     Virtual frames (innermost first):
        0 - frame( sp=0x0000000309bc1450, unextended_sp=0x0000000309bc1450, fp=0x00000007955c54d8, pc=0x0000000113515f88)
java.net.URL.&lt;init&gt;(URL.java:640) - invokevirtual @ bci 504 
     Created vframeArray 0x00007fd90e060e20
DEOPT UNPACKING thread 0x00007fd90c00b800 vframeArray 0x00007fd90e060e20 mode 2
     {method} {0x000000011a3bd008} &apos;&lt;init&gt;&apos; &apos;(Ljava/net/URL;Ljava/lang/String;Ljava/net/URLStreamHandler;)V&apos; in &apos;java/net/URL&apos; - invokevirtual @ bci 504 sp = 0x0000000309bc13d8
<uncommon_trap thread='9475' reason='class_check' action='maybe_recompile' compile_id='347' compiler='C2' count='2' state='class_check' stamp='6.659'>
Uncommon trap occurred in sun.misc.Resource::getBytes (@0x000000011356697c) thread=9475 reason=class_check action=maybe_recompile unloaded_class_index=-1
<jvms bci='10' method='sun/misc/Resource getBytes ()[B' bytes='242' count='9' backedge_count='25' iicount='9' decompiles='1' class_check_traps='2'/>
</uncommon_trap>
DEOPT PACKING thread 0x00007fd90c00b800 Compiled frame (sp=0x0000000309bc1420 unextended sp=0x0000000309bc1420, fp=0x0000000795889bf0, real_fp=0x0000000309bc14b0, pc=0x000000011356697c)
     nmethod   6658  347   !         sun.misc.Resource::getBytes (242 bytes)

     Virtual frames (innermost first):
        0 - frame( sp=0x0000000309bc1420, unextended_sp=0x0000000309bc1420, fp=0x0000000795889bf0, pc=0x000000011356697c)
sun.misc.Resource.getBytes(Resource.java:100) - invokevirtual @ bci 10 
     Created vframeArray 0x00007fd90d07bc20
DEOPT UNPACKING thread 0x00007fd90c00b800 vframeArray 0x00007fd90d07bc20 mode 2
     {method} {0x000000011a5dae50} &apos;getBytes&apos; &apos;()[B&apos; in &apos;sun/misc/Resource&apos; - invokevirtual @ bci 10 sp = 0x0000000309bc1408
<uncommon_trap thread='9475' reason='class_check' action='maybe_recompile' compile_id='347' compiler='C2' count='3' state='class_check' stamp='6.726'>
Uncommon trap occurred in sun.misc.Resource::getBytes (@0x000000011356697c) thread=9475 reason=class_check action=maybe_recompile unloaded_class_index=-1
<jvms bci='10' method='sun/misc/Resource getBytes ()[B' bytes='242' count='9' backedge_count='26' iicount='9' decompiles='1' class_check_traps='3'/>
</uncommon_trap>
DEOPT PACKING thread 0x00007fd90c00b800 Compiled frame (sp=0x0000000309bc1420 unextended sp=0x0000000309bc1420, fp=0x000000079588d8c0, real_fp=0x0000000309bc14b0, pc=0x000000011356697c)
     nmethod   6725  347   !         sun.misc.Resource::getBytes (242 bytes)

     Virtual frames (innermost first):
        0 - frame( sp=0x0000000309bc1420, unextended_sp=0x0000000309bc1420, fp=0x000000079588d8c0, pc=0x000000011356697c)
sun.misc.Resource.getBytes(Resource.java:100) - invokevirtual @ bci 10 
     Created vframeArray 0x00007fd90d832e20
DEOPT UNPACKING thread 0x00007fd90c00b800 vframeArray 0x00007fd90d832e20 mode 2
     {method} {0x000000011a5dae50} &apos;getBytes&apos; &apos;()[B&apos; in &apos;sun/misc/Resource&apos; - invokevirtual @ bci 10 sp = 0x0000000309bc1408
<uncommon_trap thread='9475' reason='null_check' action='make_not_entrant' compile_id='488' compiler='C2' stamp='7.076'>
Uncommon trap occurred in java.lang.reflect.Array::newInstance (@0x000000011359ed40) thread=9475 reason=null_check action=make_not_entrant unloaded_class_index=-1
<jvms bci='2' method='java/lang/reflect/Array newInstance (Ljava/lang/Class;I)Ljava/lang/Object;' bytes='6' count='10' backedge_count='1' iicount='20'/>
</uncommon_trap>
DEOPT PACKING thread 0x00007fd90c00b800 Compiled frame (sp=0x0000000309bc3c60 unextended sp=0x0000000309bc3c60, fp=0x00000007958da7f0, real_fp=0x0000000309bc3c90, pc=0x000000011359ed40)
     nmethod   7075  488             java.lang.reflect.Array::newInstance (6 bytes)

     Virtual frames (innermost first):
        0 - frame( sp=0x0000000309bc3c60, unextended_sp=0x0000000309bc3c60, fp=0x00000007958da7f0, pc=0x000000011359ed40)
java.lang.reflect.Array.newInstance(Array.java:75) - invokestatic @ bci 2 
     Created vframeArray 0x00007fd90d079020
DEOPT UNPACKING thread 0x00007fd90c00b800 vframeArray 0x00007fd90d079020 mode 2
     {method} {0x000000011a695790} &apos;newInstance&apos; &apos;(Ljava/lang/Class;I)Ljava/lang/Object;&apos; in &apos;java/lang/reflect/Array&apos; - invokestatic @ bci 2 sp = 0x0000000309bc3c30
<uncommon_trap thread='9475' reason='unloaded' action='reinterpret' index='37' compile_id='652' compiler='C2' unresolved='1' name='java/lang/invoke/DirectMethodHandle$Special' stamp='7.348'>
Uncommon trap occurred in java.lang.invoke.DirectMethodHandle::make (@0x00000001135ffe60) thread=9475 reason=unloaded action=reinterpret unloaded_class_index=37 unresolved class: java/lang/invoke/DirectMethodHandle$Special
<jvms bci='103' method='java/lang/invoke/DirectMethodHandle make (BLjava/lang/Class;Ljava/lang/invoke/MemberName;)Ljava/lang/invoke/DirectMethodHandle;' bytes='242' count='5' backedge_count='1' iicount='20'/>
</uncommon_trap>
DEOPT PACKING thread 0x00007fd90c00b800 Compiled frame (sp=0x0000000309bc3490 unextended sp=0x0000000309bc3490, fp=0x0000000795918838, real_fp=0x0000000309bc3500, pc=0x00000001135ffe60)
     nmethod   7348  652             java.lang.invoke.DirectMethodHandle::make (242 bytes)

     Virtual frames (innermost first):
        0 - frame( sp=0x0000000309bc3490, unextended_sp=0x0000000309bc3490, fp=0x0000000795918838, pc=0x00000001135ffe60)
java.lang.invoke.DirectMethodHandle.make(DirectMethodHandle.java:82) - new @ bci 103 
     Created vframeArray 0x00007fd90e07a020
DEOPT UNPACKING thread 0x00007fd90c00b800 vframeArray 0x00007fd90e07a020 mode 2
     {method} {0x000000011a375e40} &apos;make&apos; &apos;(BLjava/lang/Class;Ljava/lang/invoke/MemberName;)Ljava/lang/invoke/DirectMethodHandle;&apos; in &apos;java/lang/invoke/DirectMethodHandle&apos; - new @ bci 103 sp = 0x0000000309bc3470
<uncommon_trap thread='9475' reason='class_check' action='maybe_recompile' compile_id='798' compiler='C2' stamp='7.349'>
Uncommon trap occurred in java.lang.invoke.MethodHandles$Lookup::getDirectMethodCommon (@0x00000001136531a8) thread=9475 reason=class_check action=maybe_recompile unloaded_class_index=-1
<jvms bci='263' method='java/lang/invoke/MethodHandles$Lookup getDirectMethodCommon (BLjava/lang/Class;Ljava/lang/invoke/MemberName;ZZLjava/lang/Class;)Ljava/lang/invoke/MethodHandle;' bytes='271' count='10' backedge_count='1' iicount='20'/>
</uncommon_trap>
DEOPT PACKING thread 0x00007fd90c00b800 Compiled frame (sp=0x0000000309bc3500 unextended sp=0x0000000309bc3500, fp=0x000000079591d7f0, real_fp=0x0000000309bc3580, pc=0x00000001136531a8)
     nmethod   7349  798             java.lang.invoke.MethodHandles$Lookup::getDirectMethodCommon (271 bytes)

     Virtual frames (innermost first):
        0 - frame( sp=0x0000000309bc3500, unextended_sp=0x0000000309bc3500, fp=0x000000079591d7f0, pc=0x00000001136531a8)
java.lang.invoke.MethodHandles$Lookup.getDirectMethodCommon(MethodHandles.java:1670) - invokevirtual @ bci 263 
     Created vframeArray 0x00007fd90d861620
DEOPT UNPACKING thread 0x00007fd90c00b800 vframeArray 0x00007fd90d861620 mode 2
     {method} {0x000000011a669cb0} &apos;getDirectMethodCommon&apos; &apos;(BLjava/lang/Class;Ljava/lang/invoke/MemberName;ZZLjava/lang/Class;)Ljava/lang/invoke/MethodHandle;&apos; in &apos;java/lang/invoke/MethodHandles$Lookup&apos; - invokevirtual @ bci 263 sp = 0x0000000309bc3510
<uncommon_trap thread='9475' reason='class_check' action='maybe_recompile' compile_id='152' compiler='C2' count='2' state='class_check' stamp='7.456'>
Uncommon trap occurred in java.util.HashMap::putVal (@0x00000001134f64fc) thread=9475 reason=class_check action=maybe_recompile unloaded_class_index=-1
<jvms bci='152' method='java/util/HashMap putVal (ILjava/lang/Object;Ljava/lang/Object;ZZ)Ljava/lang/Object;' bytes='300' count='5' backedge_count='1' iicount='20' class_check_traps='2'/>
</uncommon_trap>
DEOPT PACKING thread 0x00007fd90c00b800 Compiled frame (sp=0x0000000309bc4040 unextended sp=0x0000000309bc4040, fp=0x00000000f80039e2, real_fp=0x0000000309bc40b0, pc=0x00000001134f64fc)
     nmethod   7456  152             java.util.HashMap::putVal (300 bytes)

     Virtual frames (innermost first):
        0 - frame( sp=0x0000000309bc4040, unextended_sp=0x0000000309bc4040, fp=0x00000000f80039e2, pc=0x00000001134f64fc)
java.util.HashMap.putVal(HashMap.java:643) - invokevirtual @ bci 152 
     Created vframeArray 0x00007fd90d832e20
DEOPT UNPACKING thread 0x00007fd90c00b800 vframeArray 0x00007fd90d832e20 mode 2
     {method} {0x000000011a42b4d0} &apos;putVal&apos; &apos;(ILjava/lang/Object;Ljava/lang/Object;ZZ)Ljava/lang/Object;&apos; in &apos;java/util/HashMap&apos; - invokevirtual @ bci 152 sp = 0x0000000309bc3fc8
<uncommon_trap thread='9475' reason='class_check' action='maybe_recompile' compile_id='152' compiler='C2' count='3' state='class_check' stamp='7.457'>
Uncommon trap occurred in java.util.HashMap::putVal (@0x00000001134f64fc) thread=9475 reason=class_check action=maybe_recompile unloaded_class_index=-1
<jvms bci='152' method='java/util/HashMap putVal (ILjava/lang/Object;Ljava/lang/Object;ZZ)Ljava/lang/Object;' bytes='300' count='5' backedge_count='1' iicount='20' class_check_traps='3'/>
</uncommon_trap>
DEOPT PACKING thread 0x00007fd90c00b800 Compiled frame (sp=0x0000000309bc4040 unextended sp=0x0000000309bc4040, fp=0x00000000f80039e2, real_fp=0x0000000309bc40b0, pc=0x00000001134f64fc)
     nmethod   7457  152             java.util.HashMap::putVal (300 bytes)

     Virtual frames (innermost first):
        0 - frame( sp=0x0000000309bc4040, unextended_sp=0x0000000309bc4040, fp=0x00000000f80039e2, pc=0x00000001134f64fc)
java.util.HashMap.putVal(HashMap.java:643) - invokevirtual @ bci 152 
     Created vframeArray 0x00007fd90c079a20
DEOPT UNPACKING thread 0x00007fd90c00b800 vframeArray 0x00007fd90c079a20 mode 2
     {method} {0x000000011a42b4d0} &apos;putVal&apos; &apos;(ILjava/lang/Object;Ljava/lang/Object;ZZ)Ljava/lang/Object;&apos; in &apos;java/util/HashMap&apos; - invokevirtual @ bci 152 sp = 0x0000000309bc3fc8
<uncommon_trap thread='9475' reason='class_check' action='maybe_recompile' compile_id='1057' compiler='C2' stamp='7.773'>
Uncommon trap occurred in sun.misc.ProxyGenerator$ConstantPool$IndirectEntry::equals (@0x000000011350f7ec) thread=9475 reason=class_check action=maybe_recompile unloaded_class_index=-1
<jvms bci='1' method='sun/misc/ProxyGenerator$ConstantPool$IndirectEntry equals (Ljava/lang/Object;)Z' bytes='49' count='10' backedge_count='1' iicount='20'/>
</uncommon_trap>
DEOPT PACKING thread 0x00007fd90c00b800 Compiled frame (sp=0x0000000309bc3f50 unextended sp=0x0000000309bc3f50, fp=0x000000079595c6f0, real_fp=0x0000000309bc3f80, pc=0x000000011350f7ec)
     nmethod   7772 1057             sun.misc.ProxyGenerator$ConstantPool$IndirectEntry::equals (49 bytes)

     Virtual frames (innermost first):
        0 - frame( sp=0x0000000309bc3f50, unextended_sp=0x0000000309bc3f50, fp=0x000000079595c6f0, pc=0x000000011350f7ec)
sun.misc.ProxyGenerator$ConstantPool$IndirectEntry.equals(ProxyGenerator.java:2019) - instanceof @ bci 1 
     Created vframeArray 0x00007fd90d038220
DEOPT UNPACKING thread 0x00007fd90c00b800 vframeArray 0x00007fd90d038220 mode 2
     {method} {0x000000011a835ca0} &apos;equals&apos; &apos;(Ljava/lang/Object;)Z&apos; in &apos;sun/misc/ProxyGenerator$ConstantPool$IndirectEntry&apos; - instanceof @ bci 1 sp = 0x0000000309bc3f10
<uncommon_trap thread='9475' reason='class_check' action='maybe_recompile' compile_id='1057' compiler='C2' count='1' state='class_check' stamp='7.773'>
Uncommon trap occurred in sun.misc.ProxyGenerator$ConstantPool$IndirectEntry::equals (@0x000000011350f7ec) thread=9475 reason=class_check action=maybe_recompile unloaded_class_index=-1
<jvms bci='1' method='sun/misc/ProxyGenerator$ConstantPool$IndirectEntry equals (Ljava/lang/Object;)Z' bytes='49' count='10' backedge_count='1' iicount='20' class_check_traps='1'/>
</uncommon_trap>
DEOPT PACKING thread 0x00007fd90c00b800 Compiled frame (sp=0x0000000309bc3f30 unextended sp=0x0000000309bc3f30, fp=0x000000079595c6f0, real_fp=0x0000000309bc3f60, pc=0x000000011350f7ec)
     nmethod   7773 1057             sun.misc.ProxyGenerator$ConstantPool$IndirectEntry::equals (49 bytes)

     Virtual frames (innermost first):
        0 - frame( sp=0x0000000309bc3f30, unextended_sp=0x0000000309bc3f30, fp=0x000000079595c6f0, pc=0x000000011350f7ec)
sun.misc.ProxyGenerator$ConstantPool$IndirectEntry.equals(ProxyGenerator.java:2019) - instanceof @ bci 1 
     Created vframeArray 0x00007fd90e04fe20
DEOPT UNPACKING thread 0x00007fd90c00b800 vframeArray 0x00007fd90e04fe20 mode 2
     {method} {0x000000011a835ca0} &apos;equals&apos; &apos;(Ljava/lang/Object;)Z&apos; in &apos;sun/misc/ProxyGenerator$ConstantPool$IndirectEntry&apos; - instanceof @ bci 1 sp = 0x0000000309bc3ef0
<uncommon_trap thread='9475' reason='class_check' action='maybe_recompile' compile_id='1057' compiler='C2' count='2' state='class_check' stamp='7.788'>
Uncommon trap occurred in sun.misc.ProxyGenerator$ConstantPool$IndirectEntry::equals (@0x000000011350f7ec) thread=9475 reason=class_check action=maybe_recompile unloaded_class_index=-1
<jvms bci='1' method='sun/misc/ProxyGenerator$ConstantPool$IndirectEntry equals (Ljava/lang/Object;)Z' bytes='49' count='10' backedge_count='1' iicount='20' class_check_traps='2'/>
</uncommon_trap>
DEOPT PACKING thread 0x00007fd90c00b800 Compiled frame (sp=0x0000000309bc3e70 unextended sp=0x0000000309bc3e70, fp=0x000000079595e800, real_fp=0x0000000309bc3ea0, pc=0x000000011350f7ec)
     nmethod   7787 1057             sun.misc.ProxyGenerator$ConstantPool$IndirectEntry::equals (49 bytes)

     Virtual frames (innermost first):
        0 - frame( sp=0x0000000309bc3e70, unextended_sp=0x0000000309bc3e70, fp=0x000000079595e800, pc=0x000000011350f7ec)
sun.misc.ProxyGenerator$ConstantPool$IndirectEntry.equals(ProxyGenerator.java:2019) - instanceof @ bci 1 
     Created vframeArray 0x00007fd90c079a20
DEOPT UNPACKING thread 0x00007fd90c00b800 vframeArray 0x00007fd90c079a20 mode 2
     {method} {0x000000011a835ca0} &apos;equals&apos; &apos;(Ljava/lang/Object;)Z&apos; in &apos;sun/misc/ProxyGenerator$ConstantPool$IndirectEntry&apos; - instanceof @ bci 1 sp = 0x0000000309bc3e30
<uncommon_trap thread='9475' reason='class_check' action='maybe_recompile' compile_id='1060' compiler='C2' stamp='7.788'>
Uncommon trap occurred in java.io.DataOutputStream::writeShort (@0x000000011350f2c8) thread=9475 reason=class_check action=maybe_recompile unloaded_class_index=-1
<jvms bci='12' method='java/io/DataOutputStream writeShort (I)V' bytes='35' count='10' backedge_count='1' iicount='20'/>
</uncommon_trap>
DEOPT PACKING thread 0x00007fd90c00b800 Compiled frame (sp=0x0000000309bc4100 unextended sp=0x0000000309bc4100, fp=0x000000000000008b, real_fp=0x0000000309bc4130, pc=0x000000011350f2c8)
     nmethod   7788 1060             java.io.DataOutputStream::writeShort (35 bytes)

     Virtual frames (innermost first):
        0 - frame( sp=0x0000000309bc4100, unextended_sp=0x0000000309bc4100, fp=0x000000000000008b, pc=0x000000011350f2c8)
java.io.DataOutputStream.writeShort(DataOutputStream.java:167) - invokevirtual @ bci 12 
     Created vframeArray 0x00007fd90e04fe20
DEOPT UNPACKING thread 0x00007fd90c00b800 vframeArray 0x00007fd90e04fe20 mode 2
     {method} {0x000000011a834550} &apos;writeShort&apos; &apos;(I)V&apos; in &apos;java/io/DataOutputStream&apos; - invokevirtual @ bci 12 sp = 0x0000000309bc40d0
<uncommon_trap thread='9475' reason='class_check' action='maybe_recompile' compile_id='1052' compiler='C2' stamp='7.789'>
Uncommon trap occurred in java.io.DataOutputStream::writeByte (@0x0000000113584d08) thread=9475 reason=class_check action=maybe_recompile unloaded_class_index=-1
<jvms bci='5' method='java/io/DataOutputStream writeByte (I)V' bytes='14' count='10' backedge_count='1' iicount='20'/>
</uncommon_trap>
DEOPT PACKING thread 0x00007fd90c00b800 Compiled frame (sp=0x0000000309bc40a0 unextended sp=0x0000000309bc40a0, fp=0x000000079595f180, real_fp=0x0000000309bc40d0, pc=0x0000000113584d08)
     nmethod   7788 1052             java.io.DataOutputStream::writeByte (14 bytes)

     Virtual frames (innermost first):
        0 - frame( sp=0x0000000309bc40a0, unextended_sp=0x0000000309bc40a0, fp=0x000000079595f180, pc=0x0000000113584d08)
java.io.DataOutputStream.writeByte(DataOutputStream.java:153) - invokevirtual @ bci 5 
     Created vframeArray 0x00007fd90e07b420
DEOPT UNPACKING thread 0x00007fd90c00b800 vframeArray 0x00007fd90e07b420 mode 2
     {method} {0x000000011a834468} &apos;writeByte&apos; &apos;(I)V&apos; in &apos;java/io/DataOutputStream&apos; - invokevirtual @ bci 5 sp = 0x0000000309bc4070
<uncommon_trap thread='9475' reason='class_check' action='maybe_recompile' compile_id='1052' compiler='C2' count='1' state='class_check' stamp='7.789'>
Uncommon trap occurred in java.io.DataOutputStream::writeByte (@0x0000000113584d08) thread=9475 reason=class_check action=maybe_recompile unloaded_class_index=-1
<jvms bci='5' method='java/io/DataOutputStream writeByte (I)V' bytes='14' count='10' backedge_count='1' iicount='20' class_check_traps='1'/>
</uncommon_trap>
DEOPT PACKING thread 0x00007fd90c00b800 Compiled frame (sp=0x0000000309bc40a0 unextended sp=0x0000000309bc40a0, fp=0x000000079595f180, real_fp=0x0000000309bc40d0, pc=0x0000000113584d08)
     nmethod   7788 1052             java.io.DataOutputStream::writeByte (14 bytes)

     Virtual frames (innermost first):
        0 - frame( sp=0x0000000309bc40a0, unextended_sp=0x0000000309bc40a0, fp=0x000000079595f180, pc=0x0000000113584d08)
java.io.DataOutputStream.writeByte(DataOutputStream.java:153) - invokevirtual @ bci 5 
     Created vframeArray 0x00007fd90d038220
DEOPT UNPACKING thread 0x00007fd90c00b800 vframeArray 0x00007fd90d038220 mode 2
     {method} {0x000000011a834468} &apos;writeByte&apos; &apos;(I)V&apos; in &apos;java/io/DataOutputStream&apos; - invokevirtual @ bci 5 sp = 0x0000000309bc4070
<uncommon_trap thread='9475' reason='class_check' action='maybe_recompile' compile_id='1052' compiler='C2' count='2' state='class_check' stamp='7.789'>
Uncommon trap occurred in java.io.DataOutputStream::writeByte (@0x0000000113584d08) thread=9475 reason=class_check action=maybe_recompile unloaded_class_index=-1
<jvms bci='5' method='java/io/DataOutputStream writeByte (I)V' bytes='14' count='10' backedge_count='1' iicount='20' class_check_traps='2'/>
</uncommon_trap>
DEOPT PACKING thread 0x00007fd90c00b800 Compiled frame (sp=0x0000000309bc40a0 unextended sp=0x0000000309bc40a0, fp=0x000000079595f180, real_fp=0x0000000309bc40d0, pc=0x0000000113584d08)
     nmethod   7789 1052             java.io.DataOutputStream::writeByte (14 bytes)

     Virtual frames (innermost first):
        0 - frame( sp=0x0000000309bc40a0, unextended_sp=0x0000000309bc40a0, fp=0x000000079595f180, pc=0x0000000113584d08)
java.io.DataOutputStream.writeByte(DataOutputStream.java:153) - invokevirtual @ bci 5 
     Created vframeArray 0x00007fd90d869020
DEOPT UNPACKING thread 0x00007fd90c00b800 vframeArray 0x00007fd90d869020 mode 2
     {method} {0x000000011a834468} &apos;writeByte&apos; &apos;(I)V&apos; in &apos;java/io/DataOutputStream&apos; - invokevirtual @ bci 5 sp = 0x0000000309bc4070
<uncommon_trap thread='9475' reason='class_check' action='maybe_recompile' compile_id='1052' compiler='C2' count='3' state='class_check' stamp='7.815'>
Uncommon trap occurred in java.io.DataOutputStream::writeByte (@0x0000000113584d08) thread=9475 reason=class_check action=maybe_recompile unloaded_class_index=-1
<jvms bci='5' method='java/io/DataOutputStream writeByte (I)V' bytes='14' count='10' backedge_count='1' iicount='20' class_check_traps='3'/>
</uncommon_trap>
DEOPT PACKING thread 0x00007fd90c00b800 Compiled frame (sp=0x0000000309bc40a0 unextended sp=0x0000000309bc40a0, fp=0x000000079595f180, real_fp=0x0000000309bc40d0, pc=0x0000000113584d08)
     nmethod   7814 1052             java.io.DataOutputStream::writeByte (14 bytes)

     Virtual frames (innermost first):
        0 - frame( sp=0x0000000309bc40a0, unextended_sp=0x0000000309bc40a0, fp=0x000000079595f180, pc=0x0000000113584d08)
java.io.DataOutputStream.writeByte(DataOutputStream.java:153) - invokevirtual @ bci 5 
     Created vframeArray 0x00007fd90d86a020
DEOPT UNPACKING thread 0x00007fd90c00b800 vframeArray 0x00007fd90d86a020 mode 2
     {method} {0x000000011a834468} &apos;writeByte&apos; &apos;(I)V&apos; in &apos;java/io/DataOutputStream&apos; - invokevirtual @ bci 5 sp = 0x0000000309bc4070
<uncommon_trap thread='9475' reason='class_check' action='maybe_recompile' compile_id='1060' compiler='C2' count='1' state='class_check' stamp='7.816'>
Uncommon trap occurred in java.io.DataOutputStream::writeShort (@0x000000011350f2c8) thread=9475 reason=class_check action=maybe_recompile unloaded_class_index=-1
<jvms bci='12' method='java/io/DataOutputStream writeShort (I)V' bytes='35' count='10' backedge_count='1' iicount='20' class_check_traps='1'/>
</uncommon_trap>
DEOPT PACKING thread 0x00007fd90c00b800 Compiled frame (sp=0x0000000309bc40a0 unextended sp=0x0000000309bc40a0, fp=0x0000000000000005, real_fp=0x0000000309bc40d0, pc=0x000000011350f2c8)
     nmethod   7815 1060             java.io.DataOutputStream::writeShort (35 bytes)

     Virtual frames (innermost first):
        0 - frame( sp=0x0000000309bc40a0, unextended_sp=0x0000000309bc40a0, fp=0x0000000000000005, pc=0x000000011350f2c8)
java.io.DataOutputStream.writeShort(DataOutputStream.java:167) - invokevirtual @ bci 12 
     Created vframeArray 0x00007fd90d869020
DEOPT UNPACKING thread 0x00007fd90c00b800 vframeArray 0x00007fd90d869020 mode 2
     {method} {0x000000011a834550} &apos;writeShort&apos; &apos;(I)V&apos; in &apos;java/io/DataOutputStream&apos; - invokevirtual @ bci 12 sp = 0x0000000309bc4070
<uncommon_trap thread='9475' reason='class_check' action='maybe_recompile' compile_id='1060' compiler='C2' count='2' state='class_check' stamp='7.816'>
Uncommon trap occurred in java.io.DataOutputStream::writeShort (@0x000000011350f2c8) thread=9475 reason=class_check action=maybe_recompile unloaded_class_index=-1
<jvms bci='12' method='java/io/DataOutputStream writeShort (I)V' bytes='35' count='10' backedge_count='1' iicount='20' class_check_traps='2'/>
</uncommon_trap>
DEOPT PACKING thread 0x00007fd90c00b800 Compiled frame (sp=0x0000000309bc40a0 unextended sp=0x0000000309bc40a0, fp=0x0000000000000001, real_fp=0x0000000309bc40d0, pc=0x000000011350f2c8)
     nmethod   7815 1060             java.io.DataOutputStream::writeShort (35 bytes)

     Virtual frames (innermost first):
        0 - frame( sp=0x0000000309bc40a0, unextended_sp=0x0000000309bc40a0, fp=0x0000000000000001, pc=0x000000011350f2c8)
java.io.DataOutputStream.writeShort(DataOutputStream.java:167) - invokevirtual @ bci 12 
     Created vframeArray 0x00007fd90d86a020
DEOPT UNPACKING thread 0x00007fd90c00b800 vframeArray 0x00007fd90d86a020 mode 2
     {method} {0x000000011a834550} &apos;writeShort&apos; &apos;(I)V&apos; in &apos;java/io/DataOutputStream&apos; - invokevirtual @ bci 12 sp = 0x0000000309bc4070
<uncommon_trap thread='9475' reason='class_check' action='maybe_recompile' compile_id='1060' compiler='C2' count='3' state='class_check' stamp='7.816'>
Uncommon trap occurred in java.io.DataOutputStream::writeShort (@0x000000011350f2c8) thread=9475 reason=class_check action=maybe_recompile unloaded_class_index=-1
<jvms bci='12' method='java/io/DataOutputStream writeShort (I)V' bytes='35' count='10' backedge_count='1' iicount='20' class_check_traps='3'/>
</uncommon_trap>
DEOPT PACKING thread 0x00007fd90c00b800 Compiled frame (sp=0x0000000309bc40a0 unextended sp=0x0000000309bc40a0, fp=0x0000000000000002, real_fp=0x0000000309bc40d0, pc=0x000000011350f2c8)
     nmethod   7816 1060             java.io.DataOutputStream::writeShort (35 bytes)

     Virtual frames (innermost first):
        0 - frame( sp=0x0000000309bc40a0, unextended_sp=0x0000000309bc40a0, fp=0x0000000000000002, pc=0x000000011350f2c8)
java.io.DataOutputStream.writeShort(DataOutputStream.java:167) - invokevirtual @ bci 12 
     Created vframeArray 0x00007fd90d869020
DEOPT UNPACKING thread 0x00007fd90c00b800 vframeArray 0x00007fd90d869020 mode 2
     {method} {0x000000011a834550} &apos;writeShort&apos; &apos;(I)V&apos; in &apos;java/io/DataOutputStream&apos; - invokevirtual @ bci 12 sp = 0x0000000309bc4070
<uncommon_trap thread='9475' reason='class_check' action='maybe_recompile' compile_id='1207' compiler='C2' stamp='8.729'>
Uncommon trap occurred in java.lang.reflect.Method::invoke (@0x0000000113734d74) thread=9475 reason=class_check action=maybe_recompile unloaded_class_index=-1
<jvms bci='6' method='sun/reflect/DelegatingMethodAccessorImpl invoke (Ljava/lang/Object;[Ljava/lang/Object;)Ljava/lang/Object;' bytes='10' count='10' backedge_count='1' iicount='20'/>
<jvms bci='56' method='java/lang/reflect/Method invoke (Ljava/lang/Object;[Ljava/lang/Object;)Ljava/lang/Object;' bytes='62' count='10' backedge_count='1' iicount='20'/>
</uncommon_trap>
DEOPT PACKING thread 0x00007fd90c00b800 Compiled frame (sp=0x0000000309bc4320 unextended sp=0x0000000309bc4320, fp=0x00000000f2b36f3a, real_fp=0x0000000309bc4360, pc=0x0000000113734d74)
     nmethod   8729 1207             java.lang.reflect.Method::invoke (62 bytes)

     Virtual frames (innermost first):
        0 - frame( sp=0x0000000309bc4320, unextended_sp=0x0000000309bc4320, fp=0x00000000f2b36f3a, pc=0x0000000113734d74)
sun.reflect.DelegatingMethodAccessorImpl.invoke(DelegatingMethodAccessorImpl.java:43) - invokevirtual @ bci 6 
        1 - frame( sp=0x0000000309bc4320, unextended_sp=0x0000000309bc4320, fp=0x00000000f2b36f3a, pc=0x0000000113734d74)
java.lang.reflect.Method.invoke(Method.java:498) - invokeinterface @ bci 56 
     Created vframeArray 0x00007fd90c07d220
DEOPT UNPACKING thread 0x00007fd90c00b800 vframeArray 0x00007fd90c07d220 mode 2
     {method} {0x000000011a3656f8} &apos;invoke&apos; &apos;(Ljava/lang/Object;[Ljava/lang/Object;)Ljava/lang/Object;&apos; in &apos;java/lang/reflect/Method&apos; - invokeinterface @ bci 56 sp = 0x0000000309bc42f0
     {method} {0x000000011a7f7c50} &apos;invoke&apos; &apos;(Ljava/lang/Object;[Ljava/lang/Object;)Ljava/lang/Object;&apos; in &apos;sun/reflect/DelegatingMethodAccessorImpl&apos; - invokevirtual @ bci 6 sp = 0x0000000309bc4288
<uncommon_trap thread='9475' reason='class_check' action='maybe_recompile' compile_id='1207' compiler='C2' count='1' state='class_check' stamp='8.746'>
Uncommon trap occurred in java.lang.reflect.Method::invoke (@0x0000000113734d74) thread=9475 reason=class_check action=maybe_recompile unloaded_class_index=-1
<jvms bci='6' method='sun/reflect/DelegatingMethodAccessorImpl invoke (Ljava/lang/Object;[Ljava/lang/Object;)Ljava/lang/Object;' bytes='10' count='10' backedge_count='1' iicount='20' class_check_traps='1'/>
<jvms bci='56' method='java/lang/reflect/Method invoke (Ljava/lang/Object;[Ljava/lang/Object;)Ljava/lang/Object;' bytes='62' count='10' backedge_count='1' iicount='20'/>
</uncommon_trap>
DEOPT PACKING thread 0x00007fd90c00b800 Compiled frame (sp=0x0000000309bc4450 unextended sp=0x0000000309bc4450, fp=0x00000000f2b36f3a, real_fp=0x0000000309bc4490, pc=0x0000000113734d74)
     nmethod   8746 1207             java.lang.reflect.Method::invoke (62 bytes)

     Virtual frames (innermost first):
        0 - frame( sp=0x0000000309bc4450, unextended_sp=0x0000000309bc4450, fp=0x00000000f2b36f3a, pc=0x0000000113734d74)
sun.reflect.DelegatingMethodAccessorImpl.invoke(DelegatingMethodAccessorImpl.java:43) - invokevirtual @ bci 6 
        1 - frame( sp=0x0000000309bc4450, unextended_sp=0x0000000309bc4450, fp=0x00000000f2b36f3a, pc=0x0000000113734d74)
java.lang.reflect.Method.invoke(Method.java:498) - invokeinterface @ bci 56 
     Created vframeArray 0x00007fd90d869020
DEOPT UNPACKING thread 0x00007fd90c00b800 vframeArray 0x00007fd90d869020 mode 2
     {method} {0x000000011a3656f8} &apos;invoke&apos; &apos;(Ljava/lang/Object;[Ljava/lang/Object;)Ljava/lang/Object;&apos; in &apos;java/lang/reflect/Method&apos; - invokeinterface @ bci 56 sp = 0x0000000309bc4408
     {method} {0x000000011a7f7c50} &apos;invoke&apos; &apos;(Ljava/lang/Object;[Ljava/lang/Object;)Ljava/lang/Object;&apos; in &apos;sun/reflect/DelegatingMethodAccessorImpl&apos; - invokevirtual @ bci 6 sp = 0x0000000309bc43a0
<uncommon_trap thread='9475' reason='class_check' action='maybe_recompile' compile_id='1207' compiler='C2' count='2' state='class_check' stamp='8.751'>
Uncommon trap occurred in java.lang.reflect.Method::invoke (@0x0000000113734d74) thread=9475 reason=class_check action=maybe_recompile unloaded_class_index=-1
<jvms bci='6' method='sun/reflect/DelegatingMethodAccessorImpl invoke (Ljava/lang/Object;[Ljava/lang/Object;)Ljava/lang/Object;' bytes='10' count='10' backedge_count='1' iicount='20' class_check_traps='2'/>
<jvms bci='56' method='java/lang/reflect/Method invoke (Ljava/lang/Object;[Ljava/lang/Object;)Ljava/lang/Object;' bytes='62' count='10' backedge_count='1' iicount='20'/>
</uncommon_trap>
DEOPT PACKING thread 0x00007fd90c00b800 Compiled frame (sp=0x0000000309bc4480 unextended sp=0x0000000309bc4480, fp=0x00000000f2b36f3a, real_fp=0x0000000309bc44c0, pc=0x0000000113734d74)
     nmethod   8750 1207             java.lang.reflect.Method::invoke (62 bytes)

     Virtual frames (innermost first):
        0 - frame( sp=0x0000000309bc4480, unextended_sp=0x0000000309bc4480, fp=0x00000000f2b36f3a, pc=0x0000000113734d74)
sun.reflect.DelegatingMethodAccessorImpl.invoke(DelegatingMethodAccessorImpl.java:43) - invokevirtual @ bci 6 
        1 - frame( sp=0x0000000309bc4480, unextended_sp=0x0000000309bc4480, fp=0x00000000f2b36f3a, pc=0x0000000113734d74)
java.lang.reflect.Method.invoke(Method.java:498) - invokeinterface @ bci 56 
     Created vframeArray 0x00007fd90d080e20
DEOPT UNPACKING thread 0x00007fd90c00b800 vframeArray 0x00007fd90d080e20 mode 2
     {method} {0x000000011a3656f8} &apos;invoke&apos; &apos;(Ljava/lang/Object;[Ljava/lang/Object;)Ljava/lang/Object;&apos; in &apos;java/lang/reflect/Method&apos; - invokeinterface @ bci 56 sp = 0x0000000309bc4438
     {method} {0x000000011a7f7c50} &apos;invoke&apos; &apos;(Ljava/lang/Object;[Ljava/lang/Object;)Ljava/lang/Object;&apos; in &apos;sun/reflect/DelegatingMethodAccessorImpl&apos; - invokevirtual @ bci 6 sp = 0x0000000309bc43d0
<uncommon_trap thread='9475' reason='class_check' action='maybe_recompile' compile_id='1207' compiler='C2' count='3' state='class_check' stamp='8.769'>
Uncommon trap occurred in java.lang.reflect.Method::invoke (@0x0000000113734d74) thread=9475 reason=class_check action=maybe_recompile unloaded_class_index=-1
<jvms bci='6' method='sun/reflect/DelegatingMethodAccessorImpl invoke (Ljava/lang/Object;[Ljava/lang/Object;)Ljava/lang/Object;' bytes='10' count='10' backedge_count='1' iicount='20' class_check_traps='3'/>
<jvms bci='56' method='java/lang/reflect/Method invoke (Ljava/lang/Object;[Ljava/lang/Object;)Ljava/lang/Object;' bytes='62' count='10' backedge_count='1' iicount='20'/>
</uncommon_trap>
DEOPT PACKING thread 0x00007fd90c00b800 Compiled frame (sp=0x0000000309bc4450 unextended sp=0x0000000309bc4450, fp=0x00000000f2b36f3a, real_fp=0x0000000309bc4490, pc=0x0000000113734d74)
     nmethod   8769 1207             java.lang.reflect.Method::invoke (62 bytes)

     Virtual frames (innermost first):
        0 - frame( sp=0x0000000309bc4450, unextended_sp=0x0000000309bc4450, fp=0x00000000f2b36f3a, pc=0x0000000113734d74)
sun.reflect.DelegatingMethodAccessorImpl.invoke(DelegatingMethodAccessorImpl.java:43) - invokevirtual @ bci 6 
        1 - frame( sp=0x0000000309bc4450, unextended_sp=0x0000000309bc4450, fp=0x00000000f2b36f3a, pc=0x0000000113734d74)
java.lang.reflect.Method.invoke(Method.java:498) - invokeinterface @ bci 56 
     Created vframeArray 0x00007fd90d081620
DEOPT UNPACKING thread 0x00007fd90c00b800 vframeArray 0x00007fd90d081620 mode 2
     {method} {0x000000011a3656f8} &apos;invoke&apos; &apos;(Ljava/lang/Object;[Ljava/lang/Object;)Ljava/lang/Object;&apos; in &apos;java/lang/reflect/Method&apos; - invokeinterface @ bci 56 sp = 0x0000000309bc4408
     {method} {0x000000011a7f7c50} &apos;invoke&apos; &apos;(Ljava/lang/Object;[Ljava/lang/Object;)Ljava/lang/Object;&apos; in &apos;sun/reflect/DelegatingMethodAccessorImpl&apos; - invokevirtual @ bci 6 sp = 0x0000000309bc43a0
<uncommon_trap thread='9475' reason='class_check' action='maybe_recompile' compile_id='1208' compiler='C2' count='4' state='class_check recompiled' stamp='8.770'>
Uncommon trap occurred in sun.reflect.DelegatingMethodAccessorImpl::invoke (@0x0000000113737eb0) thread=9475 reason=class_check action=maybe_recompile unloaded_class_index=-1
<jvms bci='6' method='sun/reflect/DelegatingMethodAccessorImpl invoke (Ljava/lang/Object;[Ljava/lang/Object;)Ljava/lang/Object;' bytes='10' count='10' backedge_count='1' iicount='20' class_check_traps='4'/>
</uncommon_trap>
DEOPT PACKING thread 0x00007fd90c00b800 Compiled frame (sp=0x0000000309bc4400 unextended sp=0x0000000309bc4400, fp=0x00000000f2b36f3a, real_fp=0x0000000309bc4430, pc=0x0000000113737eb0)
     nmethod   8770 1208             sun.reflect.DelegatingMethodAccessorImpl::invoke (10 bytes)

     Virtual frames (innermost first):
        0 - frame( sp=0x0000000309bc4400, unextended_sp=0x0000000309bc4400, fp=0x00000000f2b36f3a, pc=0x0000000113737eb0)
sun.reflect.DelegatingMethodAccessorImpl.invoke(DelegatingMethodAccessorImpl.java:43) - invokevirtual @ bci 6 
     Created vframeArray 0x00007fd90c07d220
DEOPT UNPACKING thread 0x00007fd90c00b800 vframeArray 0x00007fd90c07d220 mode 2
     {method} {0x000000011a7f7c50} &apos;invoke&apos; &apos;(Ljava/lang/Object;[Ljava/lang/Object;)Ljava/lang/Object;&apos; in &apos;sun/reflect/DelegatingMethodAccessorImpl&apos; - invokevirtual @ bci 6 sp = 0x0000000309bc43c8
<uncommon_trap thread='9475' reason='null_check' action='make_not_entrant' compile_id='1194' compiler='C2' stamp='8.777'>
Uncommon trap occurred in org.springframework.core.SerializableTypeWrapper::forTypeProvider (@0x0000000113731bb4) thread=9475 reason=null_check action=make_not_entrant unloaded_class_index=-1
<jvms bci='45' method='org/springframework/core/SerializableTypeWrapper forTypeProvider (Lorg/springframework/core/SerializableTypeWrapper$TypeProvider;)Ljava/lang/reflect/Type;' bytes='191' count='12' backedge_count='3' iicount='19'/>
</uncommon_trap>
DEOPT PACKING thread 0x00007fd90c00b800 Compiled frame (sp=0x0000000309bc4610 unextended sp=0x0000000309bc4610, fp=0x0000000795942178, real_fp=0x0000000309bc4640, pc=0x0000000113731bb4)
     nmethod   8776 1194             org.springframework.core.SerializableTypeWrapper::forTypeProvider (191 bytes)

     Virtual frames (innermost first):
        0 - frame( sp=0x0000000309bc4610, unextended_sp=0x0000000309bc4610, fp=0x0000000795942178, pc=0x0000000113731bb4)
org.springframework.core.SerializableTypeWrapper.forTypeProvider(SerializableTypeWrapper.java:118) - checkcast @ bci 45 
     Created vframeArray 0x00007fd90d081620
DEOPT UNPACKING thread 0x00007fd90c00b800 vframeArray 0x00007fd90d081620 mode 2
     {method} {0x000000011a7da760} &apos;forTypeProvider&apos; &apos;(Lorg/springframework/core/SerializableTypeWrapper$TypeProvider;)Ljava/lang/reflect/Type;&apos; in &apos;org/springframework/core/SerializableTypeWrapper&apos; - checkcast @ bci 45 sp = 0x0000000309bc4598
<uncommon_trap thread='9475' reason='class_check' action='maybe_recompile' compile_id='1210' compiler='C2' stamp='8.782'>
Uncommon trap occurred in org.springframework.core.SerializableTypeWrapper$MethodInvokeTypeProvider::getType (@0x000000011373748c) thread=9475 reason=class_check action=maybe_recompile unloaded_class_index=-1
<jvms bci='32' method='org/springframework/core/SerializableTypeWrapper$MethodInvokeTypeProvider getType ()Ljava/lang/reflect/Type;' bytes='58' count='11' backedge_count='1' iicount='21'/>
</uncommon_trap>
DEOPT PACKING thread 0x00007fd90c00b800 Compiled frame (sp=0x0000000309bc43d0 unextended sp=0x0000000309bc43d0, fp=0x00000007959bb1c8, real_fp=0x0000000309bc4400, pc=0x000000011373748c)
     nmethod   8781 1210             org.springframework.core.SerializableTypeWrapper$MethodInvokeTypeProvider::getType (58 bytes)

     Virtual frames (innermost first):
        0 - frame( sp=0x0000000309bc43d0, unextended_sp=0x0000000309bc43d0, fp=0x00000007959bb1c8, pc=0x000000011373748c)
org.springframework.core.SerializableTypeWrapper$MethodInvokeTypeProvider.getType(SerializableTypeWrapper.java:353) - instanceof @ bci 32 
     Created vframeArray 0x00007fd90d080e20
DEOPT UNPACKING thread 0x00007fd90c00b800 vframeArray 0x00007fd90d080e20 mode 2
     {method} {0x000000011a808838} &apos;getType&apos; &apos;()Ljava/lang/reflect/Type;&apos; in &apos;org/springframework/core/SerializableTypeWrapper$MethodInvokeTypeProvider&apos; - instanceof @ bci 32 sp = 0x0000000309bc43a0
<uncommon_trap thread='9475' reason='unstable_if' action='reinterpret' compile_id='1233' compile_kind='osr' compiler='C2' stamp='8.886'>
Uncommon trap occurred in repro.ResolvableTypeC2Repro::exerciseOsrMemBarLoop (@0x00000001137464bc) thread=9475 reason=unstable_if action=reinterpret unloaded_class_index=-1
<jvms bci='83' method='repro/ResolvableTypeC2Repro exerciseOsrMemBarLoop (II)V' bytes='528' count='1' backedge_count='1029' iicount='1'/>
</uncommon_trap>
DEOPT PACKING thread 0x00007fd90c00b800 Compiled frame (sp=0x0000000309bc47f0 unextended sp=0x0000000309bc47f0, fp=0x0000000000000000, real_fp=0x0000000309bc48b0, pc=0x00000001137464bc)
     nmethod   8885 1233 % !         repro.ResolvableTypeC2Repro::exerciseOsrMemBarLoop @ -2 (528 bytes)

     Virtual frames (innermost first):
        0 - frame( sp=0x0000000309bc47f0, unextended_sp=0x0000000309bc47f0, fp=0x0000000000000000, pc=0x00000001137464bc)
repro.ResolvableTypeC2Repro.exerciseOsrMemBarLoop(ResolvableTypeC2Repro.java:337) - if_icmpge @ bci 83 
     Created vframeArray 0x00007fd90d081620
DEOPT UNPACKING thread 0x00007fd90c00b800 vframeArray 0x00007fd90d081620 mode 2
     {method} {0x000000011a718fd0} &apos;exerciseOsrMemBarLoop&apos; &apos;(II)V&apos; in &apos;repro/ResolvableTypeC2Repro&apos; - if_icmpge @ bci 83 sp = 0x0000000309bc47e8
<dependency_failed type='unique_concrete_method' ctxk='java/lang/ThreadLocal' x='java/lang/ThreadLocal initialValue ()Ljava/lang/Object;' witness='jdk/internal/misc/TerminatingThreadLocal$1' stamp='8.914'/>
C1 Runtime statistics:
 _resolve_invoke_virtual_cnt:     26
 _resolve_invoke_opt_virtual_cnt: 1311
 _resolve_invoke_static_cnt:      896
 _handle_wrong_method_cnt:        44
 _ic_miss_cnt:                    19
 _generic_arraycopy_cnt:          0
 _generic_arraycopystub_cnt:      0
 _byte_arraycopy_cnt:             0
 _short_arraycopy_cnt:            0
 _int_arraycopy_cnt:              0
 _long_arraycopy_cnt:             0
 _primitive_arraycopy_cnt:        0
 _oop_arraycopy_cnt (C):          0
 _oop_arraycopy_cnt (stub):       0
 _arraycopy_slowcase_cnt:         0
 _arraycopy_checkcast_cnt:        0
 _arraycopy_checkcast_attempt_cnt:0
 _new_type_array_slowcase_cnt:    0
 _new_object_array_slowcase_cnt:  0
 _new_instance_slowcase_cnt:      0
 _new_multi_array_slowcase_cnt:   0
 _monitorenter_slowcase_cnt:      0
 _monitorexit_slowcase_cnt:       0
 _patch_code_slowcase_cnt:        0
 _throw_range_check_exception_count:            0:
 _throw_index_exception_count:                  0:
 _throw_div0_exception_count:                   0:
 _throw_null_pointer_exception_count:           0:
 _throw_class_cast_exception_count:             0:
 _throw_incompatible_class_change_error_count:  0:
 _throw_array_store_exception_count:            0:
 _throw_count:                                  0:

<statistics type='deoptimization'>
Deoptimization traps recorded:
   107 (100.0%) total
     null_check/make_not_entrant/checkcast: 4 (3.7%)
    null_check/make_not_entrant/instanceof: 1 (0.9%)
       null_check/make_not_entrant/aastore: 1 (0.9%)
  null_check/make_not_entrant/invokestatic: 1 (0.9%)
   null_assert/make_not_entrant/instanceof: 1 (0.9%)
     null_assert/make_not_entrant/astore_3: 1 (0.9%)
  class_check/maybe_recompile/invokevirtual: 40 (37.4%)
    class_check/maybe_recompile/instanceof: 5 (4.7%)
  class_check/maybe_recompile/invokeinterface: 1 (0.9%)
       array_check/maybe_recompile/aastore: 8 (7.5%)
   bimorphic/maybe_recompile/invokevirtual: 4 (3.7%)
                  unloaded/reinterpret/new: 2 (1.9%)
       uninitialized/reinterpret/getstatic: 17 (15.9%)
                       constraint/none/nop: 4 (3.7%)
           predicate/maybe_recompile/aload: 1 (0.9%)
         predicate/maybe_recompile/aload_0: 2 (1.9%)
    loop_limit_check/maybe_recompile/aload: 2 (1.9%)
  loop_limit_check/maybe_recompile/aload_0: 1 (0.9%)
    loop_limit_check/maybe_recompile/iload: 1 (0.9%)
         unstable_if/reinterpret/if_icmpeq: 1 (0.9%)
         unstable_if/reinterpret/if_icmpge: 2 (1.9%)
              unstable_if/reinterpret/iflt: 1 (0.9%)
               unstable_if/reinterpret/nop: 6 (5.6%)
</statistics>
<statistics type='SharedRuntime'>
    2 new instance requires GC
    3 new array requires GC
   19 inline cache miss in compiled
   44 wrong method
  896 unresolved static call site
   26 unresolved virtual call site
 1311 unresolved opt virtual call site
  203 slow partial subtype
 1019 byte array copies
 6790 short array copies
  823 int array copies
 2961 long array copies
   48 checkcast array copies
  121 find exception handler
  111 rethrow handler
AdapterHandlerTable: empty 154 longest 3 total 185 average 1.330935
AdapterHandlerTable: lookups 9052 buckets 9439 equals 8592 hits 8592 compact 8592
</statistics>
<statistics type='nmethod'>
Statistics for 117 native nmethods:
 N. total size  = 112928
 N. relocation  = 9616
 N. main code   = 66192
Statistics for 1123 bytecoded nmethods:
 total in heap  = 2574184
 relocation     = 130664
 constants      = 3360
 main code      = 937792
 stub code      = 73168
 oops           = 2728
 scopes data    = 301776
 scopes pcs     = 605584
 dependencies   = 9640
 handler table  = 101320
 nul chk table  = 17576
Debug Data Chunks: 68615, shared 9721+20116, non-SP&apos;s elided 323
PcDesc Statistics:  5022 queries, 8.10 comparisons per query
  caches=1123 queries=5022/0, hits=0+1306, tests=17786+22898, adds=3716
</statistics>
<statistics type='opto'>
--- Compiler Statistics ---
Methods seen: 3559  Methods parsed: 3559  Nodes created: 932270
Blocks parsed: 11324  Blocks seen: 12465
14331 original NULL checks - 10546 elided (73%); optimizer leaves 3993,
1615 made implicit (40%)
CCP: 1123  constants found: 9
Total frameslots = 7640, Max frameslots = 68
Inserted 0 spill loads, 0 spill stores, 0 mem-mem moves and 0 copies.
Total load cost=      0, store cost =      0, mem-mem cost =  0.00, copy cost =     0.
Adjusted spill cost =       0.
Conservatively coalesced 12300 copies, 0 pairs, 17955 post alloc.
Used cisc instruction  791,  remained in register 4770
Average allocation trips 1.754170
High Pressure Blocks = 0, Low Pressure Blocks = 0
Nops added 0 bytes to total of 922018 bytes, for 0.00%
Peephole: peephole rules applied: 0
PhaseIdealLoop=3781, sum _unique=2006542
</statistics>
<statistics type='intrinsic'>
Compiler intrinsic usage:
    20 ( 4.9%) _hashCode (worked,virtual,nonvirtual)
    32 ( 7.8%) _getClass (worked)
    22 ( 5.4%) _clone (worked)
    29 ( 7.1%) _min (worked)
    13 ( 3.2%) _max (worked)
     1 ( 0.2%) _numberOfLeadingZeros_i (worked)
     1 ( 0.2%) _currentTimeMillis (worked)
     7 ( 1.7%) _nanoTime (worked)
    40 ( 9.8%) _arraycopy (worked)
     3 ( 0.7%) _isInterrupted (worked)
    12 ( 2.9%) _currentThread (worked)
    14 ( 3.4%) _isAssignableFrom (worked)
     1 ( 0.2%) _isInstance (worked)
     2 ( 0.5%) _getModifiers (worked)
    16 ( 3.9%) _isInterface (worked)
    18 ( 4.4%) _isArray (worked)
    26 ( 6.4%) _isPrimitive (worked)
     8 ( 2.0%) _getSuperclass (worked)
     7 ( 1.7%) _getComponentType (worked)
     3 ( 0.7%) _getClassAccessFlags (worked)
     7 ( 1.7%) _getCallerClass (worked,failed)
     5 ( 1.2%) _newArray (worked)
     3 ( 0.7%) _copyOf (worked)
     5 ( 1.2%) _copyOfRange (worked)
    14 ( 3.4%) _indexOf (worked)
    45 (11.0%) _equals (worked)
     0 ( 0.0%) _checkIndex (disabled)
    18 ( 4.4%) _Reference_get (worked)
     2 ( 0.5%) _updateBytesCRC32 (worked)
     8 ( 2.0%) _getObjectVolatile (worked)
     2 ( 0.5%) _getIntVolatile (worked)
     4 ( 1.0%) _putObjectVolatile (worked)
     5 ( 1.2%) _getLong_raw (worked)
     4 ( 1.0%) _putLong_raw (worked)
     4 ( 1.0%) _compareAndSwapObject (worked)
     2 ( 0.5%) _compareAndSwapLong (worked)
     6 ( 1.5%) _compareAndSwapInt (worked)
   409 (100.0%) total (worked,failed,disabled,virtual,nonvirtual)
</statistics>
<writer thread='21507'/>
<destroy_vm stamp='8.923'/>
<tty_done stamp='8.939'/>
</tty>
<hotspot_log_done stamp='8.939'/>
</hotspot_log>
